"236"	"373"	"353"	"296"	"171"	"294"	"191"	"231"	"30"	"302"	"324"	"264"	"265"	"317"	"321"	"329"	"240"	"341"	"398"	"59"	"393"	"394"	"339"	"395"	"103"	"376"	"367"	"370"	"93"	"100"	"102"	"92"	"309"	"295"	"297"	"245"	"195"	"196"	"62"	"333"	"389"	"318"	"320"	"244"	"197"	"200"	"14"	"190"	"2"	"15"	"17"	"69"	"16"	"271"	"272"	"157"	"158"	"159"	"160"	"219"	"221"	"222"	"176"	"232"	"177"	"81"	"99"	"49"	"9"	"8"	"57"	"48"	"108"	"183"	"169"	"182"	"225"	"343"	"238"	"21"	"23"	"147"	"211"	"212"	"161"	"88"	"37"	"217"	"223"	"239"	"180"	"187"	"173"	"226"	"148"	"214"	"261"	"241"	"227"	"228"	"175"	"338"	"151"	"38"	"237"	"56"	"162"	"153"	"154"	"155"	"334"	"335"	"186"	"18"	"3"	"5"	"6"	"216"	"331"	"357"	"68"	"179"	"106"	"107"	"248"	"289"	"189"	"89"	"4"	"78"	"72"	"20"	"77"	"60"	"27"	"80"	"193"	"79"	"25"	"36"	"86"	"87"	"340"	"397"	"347"	"344"	"400"	"166"	"168"	"224"	"24"	"75"	"19"	"51"	"52"	"104"	"101"	"95"	"96"	"44"	"45"	"46"	"336"	"98"	"47"	"390"	"43"	"13"	"323"	"325"	"326"	"385"	"230"	"283"	"282"	"178"	"55"	"64"	"71"	"192"	"91"	"310"	"67"	"70"	"26"	"249"	"250"	"202"	"203"	"12"	"220"	"290"	"358"	"311"	"359"	"243"	"105"	"53"	"65"	"61"	"319"	"377"	"379"	"368"	"360"	"374"	"375"	"378"	"363"	"362"	"256"	"258"	"143"	"141"	"142"	"209"	"210"	"332"	"306"	"307"	"308"	"354"	"251"	"252"	"260"	"205"	"206"	"207"	"208"	"380"	"314"	"315"	"316"	"369"	"28"	"39"	"304"	"303"	"305"	"348"	"349"	"350"	"29"	"299"	"198"	"246"	"199"	"164"	"90"	"41"	"97"	"149"	"215"	"276"	"163"	"7"	"382"	"383"	"327"	"330"	"386"	"35"	"84"	"85"	"31"	"32"	"33"	"34"	"82"	"83"
"236"	0	0.75286	0.75967	0.79202	0.78791	0.9519	0.9519	0.95817	0.95886	0.97358	0.97358	1.03494	1.03494	1.03399	1.03481	1.03511	1.05175	1.06352	1.06352	1.09604	1.09274	1.09274	1.09318	1.09318	1.08118	1.06978	1.0974	1.0974	1.10255	1.09892	1.09892	1.09892	1.10764	1.10291	1.10291	1.10291	1.10291	1.10291	1.10181	1.10103	1.10103	1.10264	1.10264	0.88095	0.88095	0.88095	0.8816	0.88453	0.88531	0.88648	0.88648	0.88673	0.88719	0.88785	0.88785	0.88785	0.88785	0.88785	0.88785	0.88785	0.88785	0.88785	0.89172	0.89938	0.89996	0.90008	0.90531	0.90531	0.91055	0.90242	0.90167	0.90007	0.90052	0.90614	0.90828	0.90906	0.90937	0.9089	0.90945	0.90941	0.90941	0.94375	0.94375	0.94375	0.94759	0.94575	0.94575	0.9507	0.9507	0.94794	0.9484	0.94864	0.95461	0.95461	0.9511	0.9511	0.9518	0.95377	0.95579	0.95579	0.95579	0.95441	0.95267	0.95267	0.95345	0.95285	0.95085	0.9513	0.9513	0.9513	0.95049	0.95225	0.95279	0.94453	0.94389	0.94389	0.94389	0.94104	0.94539	0.94392	0.94627	0.9492	0.94721	0.94721	0.94981	0.94933	0.94933	0.94924	0.9511	0.95185	0.95089	0.95089	0.95176	0.95391	0.95153	0.95153	0.95208	0.95306	0.95263	0.94919	0.94919	0.94919	0.95113	0.95117	0.95278	0.9514	0.9514	0.9514	0.9514	0.9514	0.95539	0.95539	0.95402	0.96	0.96	0.96	0.95464	0.95452	0.95416	0.95477	0.95283	0.95283	0.95596	0.95707	0.95707	0.95657	0.95564	0.95366	0.95511	0.95528	0.95528	0.95528	0.95658	0.95658	0.95658	0.95658	0.95368	0.95362	0.9544	0.9544	0.95449	0.95504	0.95646	0.95646	0.95614	0.95614	0.95614	0.95614	0.95614	0.95678	0.9821	0.98637	0.98834	0.9893	0.9893	0.99007	1.01843	1.01843	1.01893	1.05418	1.06156	1.06156	1.06156	1.10702	1.04944	1.05	1.05	1.079	1.08245	1.08198	1.09047	1.09047	1.09047	1.09047	1.09047	1.09047	1.09047	0.95377	0.96262	0.96262	0.96262	0.96262	0.961	0.961	0.961	0.961	0.961	0.961	0.961	0.96026	0.9614	0.9614	0.9614	0.9614	0.95965	0.95965	0.96405	0.96405	0.96405	0.96405	0.96405	0.96405	0.96201	0.96257	0.96257	0.96267	0.96267	0.96631	0.96452	0.96452	0.9661	0.96607	0.96607	0.96614	0.96614	0.96394	0.96613	0.96613	0.96613	0.96613	0.96613	0.96743	0.96743	0.96743	0.96743	0.96743	0.96743	0.96743	0.96743	0.96743
"373"	0.75286	0	0.32725	0.83174	0.82763	0.99162	0.99162	0.99789	0.99858	1.0133	1.0133	1.07466	1.07466	1.07371	1.07453	1.07483	1.09147	1.10324	1.10324	1.13576	1.13246	1.13246	1.1329	1.1329	1.1209	1.1095	1.13712	1.13712	1.14227	1.13864	1.13864	1.13864	1.14736	1.14263	1.14263	1.14263	1.14263	1.14263	1.14153	1.14075	1.14075	1.14236	1.14236	0.92067	0.92067	0.92067	0.92132	0.92425	0.92503	0.9262	0.9262	0.92645	0.92691	0.92757	0.92757	0.92757	0.92757	0.92757	0.92757	0.92757	0.92757	0.92757	0.93144	0.9391	0.93968	0.9398	0.94503	0.94503	0.95027	0.94214	0.94139	0.93979	0.94024	0.94586	0.948	0.94878	0.94909	0.94862	0.94917	0.94913	0.94913	0.98347	0.98347	0.98347	0.98731	0.98547	0.98547	0.99042	0.99042	0.98766	0.98812	0.98836	0.99433	0.99433	0.99082	0.99082	0.99152	0.99349	0.99551	0.99551	0.99551	0.99413	0.99239	0.99239	0.99317	0.99257	0.99057	0.99102	0.99102	0.99102	0.99021	0.99197	0.99251	0.98425	0.98361	0.98361	0.98361	0.98076	0.98511	0.98364	0.98599	0.98892	0.98693	0.98693	0.98953	0.98905	0.98905	0.98896	0.99082	0.99157	0.99061	0.99061	0.99148	0.99363	0.99125	0.99125	0.9918	0.99278	0.99235	0.98891	0.98891	0.98891	0.99085	0.99089	0.9925	0.99112	0.99112	0.99112	0.99112	0.99112	0.99511	0.99511	0.99374	0.99972	0.99972	0.99972	0.99436	0.99424	0.99388	0.99449	0.99255	0.99255	0.99568	0.99679	0.99679	0.99629	0.99536	0.99338	0.99483	0.995	0.995	0.995	0.9963	0.9963	0.9963	0.9963	0.9934	0.99334	0.99412	0.99412	0.99421	0.99476	0.99618	0.99618	0.99586	0.99586	0.99586	0.99586	0.99586	0.9965	1.02182	1.02609	1.02806	1.02902	1.02902	1.02979	1.05815	1.05815	1.05865	1.0939	1.10128	1.10128	1.10128	1.14674	1.08916	1.08972	1.08972	1.11872	1.12217	1.1217	1.13019	1.13019	1.13019	1.13019	1.13019	1.13019	1.13019	0.99349	1.00234	1.00234	1.00234	1.00234	1.00072	1.00072	1.00072	1.00072	1.00072	1.00072	1.00072	0.99998	1.00112	1.00112	1.00112	1.00112	0.99937	0.99937	1.00377	1.00377	1.00377	1.00377	1.00377	1.00377	1.00173	1.00229	1.00229	1.00239	1.00239	1.00603	1.00424	1.00424	1.00582	1.00579	1.00579	1.00586	1.00586	1.00366	1.00585	1.00585	1.00585	1.00585	1.00585	1.00715	1.00715	1.00715	1.00715	1.00715	1.00715	1.00715	1.00715	1.00715
"353"	0.75967	0.32725	0	0.83855	0.83444	0.99843	0.99843	1.0047	1.00539	1.02011	1.02011	1.08147	1.08147	1.08052	1.08134	1.08164	1.09828	1.11005	1.11005	1.14257	1.13927	1.13927	1.13971	1.13971	1.12771	1.11631	1.14393	1.14393	1.14908	1.14545	1.14545	1.14545	1.15417	1.14944	1.14944	1.14944	1.14944	1.14944	1.14834	1.14756	1.14756	1.14917	1.14917	0.92748	0.92748	0.92748	0.92813	0.93106	0.93184	0.93301	0.93301	0.93326	0.93372	0.93438	0.93438	0.93438	0.93438	0.93438	0.93438	0.93438	0.93438	0.93438	0.93825	0.94591	0.94649	0.94661	0.95184	0.95184	0.95708	0.94895	0.9482	0.9466	0.94705	0.95267	0.95481	0.95559	0.9559	0.95543	0.95598	0.95594	0.95594	0.99028	0.99028	0.99028	0.99412	0.99228	0.99228	0.99723	0.99723	0.99447	0.99493	0.99517	1.00114	1.00114	0.99763	0.99763	0.99833	1.0003	1.00232	1.00232	1.00232	1.00094	0.9992	0.9992	0.99998	0.99938	0.99738	0.99783	0.99783	0.99783	0.99702	0.99878	0.99932	0.99106	0.99042	0.99042	0.99042	0.98757	0.99192	0.99045	0.9928	0.99573	0.99374	0.99374	0.99634	0.99586	0.99586	0.99577	0.99763	0.99838	0.99742	0.99742	0.99829	1.00044	0.99806	0.99806	0.99861	0.99959	0.99916	0.99572	0.99572	0.99572	0.99766	0.9977	0.99931	0.99793	0.99793	0.99793	0.99793	0.99793	1.00192	1.00192	1.00055	1.00653	1.00653	1.00653	1.00117	1.00105	1.00069	1.0013	0.99936	0.99936	1.00249	1.0036	1.0036	1.0031	1.00217	1.00019	1.00164	1.00181	1.00181	1.00181	1.00311	1.00311	1.00311	1.00311	1.00021	1.00015	1.00093	1.00093	1.00102	1.00157	1.00299	1.00299	1.00267	1.00267	1.00267	1.00267	1.00267	1.00331	1.02863	1.0329	1.03487	1.03583	1.03583	1.0366	1.06496	1.06496	1.06546	1.10071	1.10809	1.10809	1.10809	1.15355	1.09597	1.09653	1.09653	1.12553	1.12898	1.12851	1.137	1.137	1.137	1.137	1.137	1.137	1.137	1.0003	1.00915	1.00915	1.00915	1.00915	1.00753	1.00753	1.00753	1.00753	1.00753	1.00753	1.00753	1.00679	1.00793	1.00793	1.00793	1.00793	1.00618	1.00618	1.01058	1.01058	1.01058	1.01058	1.01058	1.01058	1.00854	1.0091	1.0091	1.0092	1.0092	1.01284	1.01105	1.01105	1.01263	1.0126	1.0126	1.01267	1.01267	1.01047	1.01266	1.01266	1.01266	1.01266	1.01266	1.01396	1.01396	1.01396	1.01396	1.01396	1.01396	1.01396	1.01396	1.01396
"296"	0.79202	0.83174	0.83855	0	0.64843	0.81242	0.81242	0.81869	0.81938	0.8341	0.8341	0.89546	0.89546	0.89451	0.89533	0.89563	0.91227	0.92404	0.92404	0.95656	0.95326	0.95326	0.9537	0.9537	0.9417	0.9303	0.95792	0.95792	0.96307	0.95944	0.95944	0.95944	0.96816	0.96343	0.96343	0.96343	0.96343	0.96343	0.96233	0.96155	0.96155	0.96316	0.96316	0.74147	0.74147	0.74147	0.74212	0.74505	0.74583	0.747	0.747	0.74725	0.74771	0.74837	0.74837	0.74837	0.74837	0.74837	0.74837	0.74837	0.74837	0.74837	0.75224	0.7599	0.76048	0.7606	0.76583	0.76583	0.77107	0.76294	0.76219	0.76059	0.76104	0.76666	0.7688	0.76958	0.76989	0.76942	0.76997	0.76993	0.76993	0.80427	0.80427	0.80427	0.80811	0.80627	0.80627	0.81122	0.81122	0.80846	0.80892	0.80916	0.81513	0.81513	0.81162	0.81162	0.81232	0.81429	0.81631	0.81631	0.81631	0.81493	0.81319	0.81319	0.81397	0.81337	0.81137	0.81182	0.81182	0.81182	0.81101	0.81277	0.81331	0.80505	0.80441	0.80441	0.80441	0.80156	0.80591	0.80444	0.80679	0.80972	0.80773	0.80773	0.81033	0.80985	0.80985	0.80976	0.81162	0.81237	0.81141	0.81141	0.81228	0.81443	0.81205	0.81205	0.8126	0.81358	0.81315	0.80971	0.80971	0.80971	0.81165	0.81169	0.8133	0.81192	0.81192	0.81192	0.81192	0.81192	0.81591	0.81591	0.81454	0.82052	0.82052	0.82052	0.81516	0.81504	0.81468	0.81529	0.81335	0.81335	0.81648	0.81759	0.81759	0.81709	0.81616	0.81418	0.81563	0.8158	0.8158	0.8158	0.8171	0.8171	0.8171	0.8171	0.8142	0.81414	0.81492	0.81492	0.81501	0.81556	0.81698	0.81698	0.81666	0.81666	0.81666	0.81666	0.81666	0.8173	0.84262	0.84689	0.84886	0.84982	0.84982	0.85059	0.87895	0.87895	0.87945	0.9147	0.92208	0.92208	0.92208	0.96754	0.90996	0.91052	0.91052	0.93952	0.94297	0.9425	0.95099	0.95099	0.95099	0.95099	0.95099	0.95099	0.95099	0.81429	0.82314	0.82314	0.82314	0.82314	0.82152	0.82152	0.82152	0.82152	0.82152	0.82152	0.82152	0.82078	0.82192	0.82192	0.82192	0.82192	0.82017	0.82017	0.82457	0.82457	0.82457	0.82457	0.82457	0.82457	0.82253	0.82309	0.82309	0.82319	0.82319	0.82683	0.82504	0.82504	0.82662	0.82659	0.82659	0.82666	0.82666	0.82446	0.82665	0.82665	0.82665	0.82665	0.82665	0.82795	0.82795	0.82795	0.82795	0.82795	0.82795	0.82795	0.82795	0.82795
"171"	0.78791	0.82763	0.83444	0.64843	0	0.61401	0.61401	0.62028	0.62097	0.63569	0.63569	0.69705	0.69705	0.6961	0.69692	0.69722	0.71386	0.72563	0.72563	0.75815	0.75485	0.75485	0.75529	0.75529	0.74329	0.73189	0.75951	0.75951	0.76466	0.76103	0.76103	0.76103	0.76975	0.76502	0.76502	0.76502	0.76502	0.76502	0.76392	0.76314	0.76314	0.76475	0.76475	0.54306	0.54306	0.54306	0.54371	0.54664	0.54742	0.54859	0.54859	0.54884	0.5493	0.54996	0.54996	0.54996	0.54996	0.54996	0.54996	0.54996	0.54996	0.54996	0.55383	0.56149	0.56207	0.56219	0.56742	0.56742	0.57266	0.56453	0.56378	0.56218	0.56263	0.56825	0.57039	0.57117	0.57148	0.57101	0.57156	0.57152	0.57152	0.60586	0.60586	0.60586	0.6097	0.60786	0.60786	0.61281	0.61281	0.61005	0.61051	0.61075	0.61672	0.61672	0.61321	0.61321	0.61391	0.61588	0.6179	0.6179	0.6179	0.61652	0.61478	0.61478	0.61556	0.61496	0.61296	0.61341	0.61341	0.61341	0.6126	0.61436	0.6149	0.60664	0.606	0.606	0.606	0.60315	0.6075	0.60603	0.60838	0.61131	0.60932	0.60932	0.61192	0.61144	0.61144	0.61135	0.61321	0.61396	0.613	0.613	0.61387	0.61602	0.61364	0.61364	0.61419	0.61517	0.61474	0.6113	0.6113	0.6113	0.61324	0.61328	0.61489	0.61351	0.61351	0.61351	0.61351	0.61351	0.6175	0.6175	0.61613	0.62211	0.62211	0.62211	0.61675	0.61663	0.61627	0.61688	0.61494	0.61494	0.61807	0.61918	0.61918	0.61868	0.61775	0.61577	0.61722	0.61739	0.61739	0.61739	0.61869	0.61869	0.61869	0.61869	0.61579	0.61573	0.61651	0.61651	0.6166	0.61715	0.61857	0.61857	0.61825	0.61825	0.61825	0.61825	0.61825	0.61889	0.64421	0.64848	0.65045	0.65141	0.65141	0.65218	0.68054	0.68054	0.68104	0.71629	0.72367	0.72367	0.72367	0.76913	0.71155	0.71211	0.71211	0.74111	0.74456	0.74409	0.75258	0.75258	0.75258	0.75258	0.75258	0.75258	0.75258	0.61588	0.62473	0.62473	0.62473	0.62473	0.62311	0.62311	0.62311	0.62311	0.62311	0.62311	0.62311	0.62237	0.62351	0.62351	0.62351	0.62351	0.62176	0.62176	0.62616	0.62616	0.62616	0.62616	0.62616	0.62616	0.62412	0.62468	0.62468	0.62478	0.62478	0.62842	0.62663	0.62663	0.62821	0.62818	0.62818	0.62825	0.62825	0.62605	0.62824	0.62824	0.62824	0.62824	0.62824	0.62954	0.62954	0.62954	0.62954	0.62954	0.62954	0.62954	0.62954	0.62954
"294"	0.9519	0.99162	0.99843	0.81242	0.61401	0	0	0.00735	0.00804	0.02276	0.02276	0.08412	0.08412	0.08317	0.08399	0.08429	0.10093	0.1127	0.1127	0.14522	0.14192	0.14192	0.14236	0.14236	0.13036	0.11896	0.14658	0.14658	0.15173	0.1481	0.1481	0.1481	0.15682	0.15209	0.15209	0.15209	0.15209	0.15209	0.15099	0.15021	0.15021	0.15182	0.15182	0.45657	0.45657	0.45657	0.45722	0.46015	0.46093	0.4621	0.4621	0.46235	0.46281	0.46347	0.46347	0.46347	0.46347	0.46347	0.46347	0.46347	0.46347	0.46347	0.46734	0.475	0.47558	0.4757	0.48093	0.48093	0.48617	0.47804	0.47729	0.47569	0.47614	0.48176	0.4839	0.48468	0.48499	0.48452	0.48507	0.48503	0.48503	0.51937	0.51937	0.51937	0.52321	0.52137	0.52137	0.52632	0.52632	0.52356	0.52402	0.52426	0.53023	0.53023	0.52672	0.52672	0.52742	0.52939	0.53141	0.53141	0.53141	0.53003	0.52829	0.52829	0.52907	0.52847	0.52647	0.52692	0.52692	0.52692	0.52611	0.52787	0.52841	0.52015	0.51951	0.51951	0.51951	0.51666	0.52101	0.51954	0.52189	0.52482	0.52283	0.52283	0.52543	0.52495	0.52495	0.52486	0.52672	0.52747	0.52651	0.52651	0.52738	0.52953	0.52715	0.52715	0.5277	0.52868	0.52825	0.52481	0.52481	0.52481	0.52675	0.52679	0.5284	0.52702	0.52702	0.52702	0.52702	0.52702	0.53101	0.53101	0.52964	0.53562	0.53562	0.53562	0.53026	0.53014	0.52978	0.53039	0.52845	0.52845	0.53158	0.53269	0.53269	0.53219	0.53126	0.52928	0.53073	0.5309	0.5309	0.5309	0.5322	0.5322	0.5322	0.5322	0.5293	0.52924	0.53002	0.53002	0.53011	0.53066	0.53208	0.53208	0.53176	0.53176	0.53176	0.53176	0.53176	0.5324	0.55772	0.56199	0.56396	0.56492	0.56492	0.56569	0.59405	0.59405	0.59455	0.6298	0.63718	0.63718	0.63718	0.68264	0.62506	0.62562	0.62562	0.65462	0.65807	0.6576	0.66609	0.66609	0.66609	0.66609	0.66609	0.66609	0.66609	0.52939	0.53824	0.53824	0.53824	0.53824	0.53662	0.53662	0.53662	0.53662	0.53662	0.53662	0.53662	0.53588	0.53702	0.53702	0.53702	0.53702	0.53527	0.53527	0.53967	0.53967	0.53967	0.53967	0.53967	0.53967	0.53763	0.53819	0.53819	0.53829	0.53829	0.54193	0.54014	0.54014	0.54172	0.54169	0.54169	0.54176	0.54176	0.53956	0.54175	0.54175	0.54175	0.54175	0.54175	0.54305	0.54305	0.54305	0.54305	0.54305	0.54305	0.54305	0.54305	0.54305
"191"	0.9519	0.99162	0.99843	0.81242	0.61401	0	0	0.00735	0.00804	0.02276	0.02276	0.08412	0.08412	0.08317	0.08399	0.08429	0.10093	0.1127	0.1127	0.14522	0.14192	0.14192	0.14236	0.14236	0.13036	0.11896	0.14658	0.14658	0.15173	0.1481	0.1481	0.1481	0.15682	0.15209	0.15209	0.15209	0.15209	0.15209	0.15099	0.15021	0.15021	0.15182	0.15182	0.45657	0.45657	0.45657	0.45722	0.46015	0.46093	0.4621	0.4621	0.46235	0.46281	0.46347	0.46347	0.46347	0.46347	0.46347	0.46347	0.46347	0.46347	0.46347	0.46734	0.475	0.47558	0.4757	0.48093	0.48093	0.48617	0.47804	0.47729	0.47569	0.47614	0.48176	0.4839	0.48468	0.48499	0.48452	0.48507	0.48503	0.48503	0.51937	0.51937	0.51937	0.52321	0.52137	0.52137	0.52632	0.52632	0.52356	0.52402	0.52426	0.53023	0.53023	0.52672	0.52672	0.52742	0.52939	0.53141	0.53141	0.53141	0.53003	0.52829	0.52829	0.52907	0.52847	0.52647	0.52692	0.52692	0.52692	0.52611	0.52787	0.52841	0.52015	0.51951	0.51951	0.51951	0.51666	0.52101	0.51954	0.52189	0.52482	0.52283	0.52283	0.52543	0.52495	0.52495	0.52486	0.52672	0.52747	0.52651	0.52651	0.52738	0.52953	0.52715	0.52715	0.5277	0.52868	0.52825	0.52481	0.52481	0.52481	0.52675	0.52679	0.5284	0.52702	0.52702	0.52702	0.52702	0.52702	0.53101	0.53101	0.52964	0.53562	0.53562	0.53562	0.53026	0.53014	0.52978	0.53039	0.52845	0.52845	0.53158	0.53269	0.53269	0.53219	0.53126	0.52928	0.53073	0.5309	0.5309	0.5309	0.5322	0.5322	0.5322	0.5322	0.5293	0.52924	0.53002	0.53002	0.53011	0.53066	0.53208	0.53208	0.53176	0.53176	0.53176	0.53176	0.53176	0.5324	0.55772	0.56199	0.56396	0.56492	0.56492	0.56569	0.59405	0.59405	0.59455	0.6298	0.63718	0.63718	0.63718	0.68264	0.62506	0.62562	0.62562	0.65462	0.65807	0.6576	0.66609	0.66609	0.66609	0.66609	0.66609	0.66609	0.66609	0.52939	0.53824	0.53824	0.53824	0.53824	0.53662	0.53662	0.53662	0.53662	0.53662	0.53662	0.53662	0.53588	0.53702	0.53702	0.53702	0.53702	0.53527	0.53527	0.53967	0.53967	0.53967	0.53967	0.53967	0.53967	0.53763	0.53819	0.53819	0.53829	0.53829	0.54193	0.54014	0.54014	0.54172	0.54169	0.54169	0.54176	0.54176	0.53956	0.54175	0.54175	0.54175	0.54175	0.54175	0.54305	0.54305	0.54305	0.54305	0.54305	0.54305	0.54305	0.54305	0.54305
"231"	0.95817	0.99789	1.0047	0.81869	0.62028	0.00735	0.00735	0	0.00267	0.02369	0.02369	0.08505	0.08505	0.0841	0.08492	0.08522	0.10186	0.11363	0.11363	0.14615	0.14285	0.14285	0.14329	0.14329	0.13129	0.11989	0.14751	0.14751	0.15266	0.14903	0.14903	0.14903	0.15775	0.15302	0.15302	0.15302	0.15302	0.15302	0.15192	0.15114	0.15114	0.15275	0.15275	0.46284	0.46284	0.46284	0.46349	0.46642	0.4672	0.46837	0.46837	0.46862	0.46908	0.46974	0.46974	0.46974	0.46974	0.46974	0.46974	0.46974	0.46974	0.46974	0.47361	0.48127	0.48185	0.48197	0.4872	0.4872	0.49244	0.48431	0.48356	0.48196	0.48241	0.48803	0.49017	0.49095	0.49126	0.49079	0.49134	0.4913	0.4913	0.52564	0.52564	0.52564	0.52948	0.52764	0.52764	0.53259	0.53259	0.52983	0.53029	0.53053	0.5365	0.5365	0.53299	0.53299	0.53369	0.53566	0.53768	0.53768	0.53768	0.5363	0.53456	0.53456	0.53534	0.53474	0.53274	0.53319	0.53319	0.53319	0.53238	0.53414	0.53468	0.52642	0.52578	0.52578	0.52578	0.52293	0.52728	0.52581	0.52816	0.53109	0.5291	0.5291	0.5317	0.53122	0.53122	0.53113	0.53299	0.53374	0.53278	0.53278	0.53365	0.5358	0.53342	0.53342	0.53397	0.53495	0.53452	0.53108	0.53108	0.53108	0.53302	0.53306	0.53467	0.53329	0.53329	0.53329	0.53329	0.53329	0.53728	0.53728	0.53591	0.54189	0.54189	0.54189	0.53653	0.53641	0.53605	0.53666	0.53472	0.53472	0.53785	0.53896	0.53896	0.53846	0.53753	0.53555	0.537	0.53717	0.53717	0.53717	0.53847	0.53847	0.53847	0.53847	0.53557	0.53551	0.53629	0.53629	0.53638	0.53693	0.53835	0.53835	0.53803	0.53803	0.53803	0.53803	0.53803	0.53867	0.56399	0.56826	0.57023	0.57119	0.57119	0.57196	0.60032	0.60032	0.60082	0.63607	0.64345	0.64345	0.64345	0.68891	0.63133	0.63189	0.63189	0.66089	0.66434	0.66387	0.67236	0.67236	0.67236	0.67236	0.67236	0.67236	0.67236	0.53566	0.54451	0.54451	0.54451	0.54451	0.54289	0.54289	0.54289	0.54289	0.54289	0.54289	0.54289	0.54215	0.54329	0.54329	0.54329	0.54329	0.54154	0.54154	0.54594	0.54594	0.54594	0.54594	0.54594	0.54594	0.5439	0.54446	0.54446	0.54456	0.54456	0.5482	0.54641	0.54641	0.54799	0.54796	0.54796	0.54803	0.54803	0.54583	0.54802	0.54802	0.54802	0.54802	0.54802	0.54932	0.54932	0.54932	0.54932	0.54932	0.54932	0.54932	0.54932	0.54932
"30"	0.95886	0.99858	1.00539	0.81938	0.62097	0.00804	0.00804	0.00267	0	0.02438	0.02438	0.08574	0.08574	0.08479	0.08561	0.08591	0.10255	0.11432	0.11432	0.14684	0.14354	0.14354	0.14398	0.14398	0.13198	0.12058	0.1482	0.1482	0.15335	0.14972	0.14972	0.14972	0.15844	0.15371	0.15371	0.15371	0.15371	0.15371	0.15261	0.15183	0.15183	0.15344	0.15344	0.46353	0.46353	0.46353	0.46418	0.46711	0.46789	0.46906	0.46906	0.46931	0.46977	0.47043	0.47043	0.47043	0.47043	0.47043	0.47043	0.47043	0.47043	0.47043	0.4743	0.48196	0.48254	0.48266	0.48789	0.48789	0.49313	0.485	0.48425	0.48265	0.4831	0.48872	0.49086	0.49164	0.49195	0.49148	0.49203	0.49199	0.49199	0.52633	0.52633	0.52633	0.53017	0.52833	0.52833	0.53328	0.53328	0.53052	0.53098	0.53122	0.53719	0.53719	0.53368	0.53368	0.53438	0.53635	0.53837	0.53837	0.53837	0.53699	0.53525	0.53525	0.53603	0.53543	0.53343	0.53388	0.53388	0.53388	0.53307	0.53483	0.53537	0.52711	0.52647	0.52647	0.52647	0.52362	0.52797	0.5265	0.52885	0.53178	0.52979	0.52979	0.53239	0.53191	0.53191	0.53182	0.53368	0.53443	0.53347	0.53347	0.53434	0.53649	0.53411	0.53411	0.53466	0.53564	0.53521	0.53177	0.53177	0.53177	0.53371	0.53375	0.53536	0.53398	0.53398	0.53398	0.53398	0.53398	0.53797	0.53797	0.5366	0.54258	0.54258	0.54258	0.53722	0.5371	0.53674	0.53735	0.53541	0.53541	0.53854	0.53965	0.53965	0.53915	0.53822	0.53624	0.53769	0.53786	0.53786	0.53786	0.53916	0.53916	0.53916	0.53916	0.53626	0.5362	0.53698	0.53698	0.53707	0.53762	0.53904	0.53904	0.53872	0.53872	0.53872	0.53872	0.53872	0.53936	0.56468	0.56895	0.57092	0.57188	0.57188	0.57265	0.60101	0.60101	0.60151	0.63676	0.64414	0.64414	0.64414	0.6896	0.63202	0.63258	0.63258	0.66158	0.66503	0.66456	0.67305	0.67305	0.67305	0.67305	0.67305	0.67305	0.67305	0.53635	0.5452	0.5452	0.5452	0.5452	0.54358	0.54358	0.54358	0.54358	0.54358	0.54358	0.54358	0.54284	0.54398	0.54398	0.54398	0.54398	0.54223	0.54223	0.54663	0.54663	0.54663	0.54663	0.54663	0.54663	0.54459	0.54515	0.54515	0.54525	0.54525	0.54889	0.5471	0.5471	0.54868	0.54865	0.54865	0.54872	0.54872	0.54652	0.54871	0.54871	0.54871	0.54871	0.54871	0.55001	0.55001	0.55001	0.55001	0.55001	0.55001	0.55001	0.55001	0.55001
"302"	0.97358	1.0133	1.02011	0.8341	0.63569	0.02276	0.02276	0.02369	0.02438	0	0.0011	0.07866	0.07866	0.07771	0.07853	0.07883	0.09547	0.10724	0.10724	0.13976	0.13646	0.13646	0.1369	0.1369	0.1249	0.1135	0.14112	0.14112	0.14627	0.14264	0.14264	0.14264	0.15136	0.14663	0.14663	0.14663	0.14663	0.14663	0.14553	0.14475	0.14475	0.14636	0.14636	0.47825	0.47825	0.47825	0.4789	0.48183	0.48261	0.48378	0.48378	0.48403	0.48449	0.48515	0.48515	0.48515	0.48515	0.48515	0.48515	0.48515	0.48515	0.48515	0.48902	0.49668	0.49726	0.49738	0.50261	0.50261	0.50785	0.49972	0.49897	0.49737	0.49782	0.50344	0.50558	0.50636	0.50667	0.5062	0.50675	0.50671	0.50671	0.54105	0.54105	0.54105	0.54489	0.54305	0.54305	0.548	0.548	0.54524	0.5457	0.54594	0.55191	0.55191	0.5484	0.5484	0.5491	0.55107	0.55309	0.55309	0.55309	0.55171	0.54997	0.54997	0.55075	0.55015	0.54815	0.5486	0.5486	0.5486	0.54779	0.54955	0.55009	0.54183	0.54119	0.54119	0.54119	0.53834	0.54269	0.54122	0.54357	0.5465	0.54451	0.54451	0.54711	0.54663	0.54663	0.54654	0.5484	0.54915	0.54819	0.54819	0.54906	0.55121	0.54883	0.54883	0.54938	0.55036	0.54993	0.54649	0.54649	0.54649	0.54843	0.54847	0.55008	0.5487	0.5487	0.5487	0.5487	0.5487	0.55269	0.55269	0.55132	0.5573	0.5573	0.5573	0.55194	0.55182	0.55146	0.55207	0.55013	0.55013	0.55326	0.55437	0.55437	0.55387	0.55294	0.55096	0.55241	0.55258	0.55258	0.55258	0.55388	0.55388	0.55388	0.55388	0.55098	0.55092	0.5517	0.5517	0.55179	0.55234	0.55376	0.55376	0.55344	0.55344	0.55344	0.55344	0.55344	0.55408	0.5794	0.58367	0.58564	0.5866	0.5866	0.58737	0.61573	0.61573	0.61623	0.65148	0.65886	0.65886	0.65886	0.70432	0.64674	0.6473	0.6473	0.6763	0.67975	0.67928	0.68777	0.68777	0.68777	0.68777	0.68777	0.68777	0.68777	0.55107	0.55992	0.55992	0.55992	0.55992	0.5583	0.5583	0.5583	0.5583	0.5583	0.5583	0.5583	0.55756	0.5587	0.5587	0.5587	0.5587	0.55695	0.55695	0.56135	0.56135	0.56135	0.56135	0.56135	0.56135	0.55931	0.55987	0.55987	0.55997	0.55997	0.56361	0.56182	0.56182	0.5634	0.56337	0.56337	0.56344	0.56344	0.56124	0.56343	0.56343	0.56343	0.56343	0.56343	0.56473	0.56473	0.56473	0.56473	0.56473	0.56473	0.56473	0.56473	0.56473
"324"	0.97358	1.0133	1.02011	0.8341	0.63569	0.02276	0.02276	0.02369	0.02438	0.0011	0	0.07866	0.07866	0.07771	0.07853	0.07883	0.09547	0.10724	0.10724	0.13976	0.13646	0.13646	0.1369	0.1369	0.1249	0.1135	0.14112	0.14112	0.14627	0.14264	0.14264	0.14264	0.15136	0.14663	0.14663	0.14663	0.14663	0.14663	0.14553	0.14475	0.14475	0.14636	0.14636	0.47825	0.47825	0.47825	0.4789	0.48183	0.48261	0.48378	0.48378	0.48403	0.48449	0.48515	0.48515	0.48515	0.48515	0.48515	0.48515	0.48515	0.48515	0.48515	0.48902	0.49668	0.49726	0.49738	0.50261	0.50261	0.50785	0.49972	0.49897	0.49737	0.49782	0.50344	0.50558	0.50636	0.50667	0.5062	0.50675	0.50671	0.50671	0.54105	0.54105	0.54105	0.54489	0.54305	0.54305	0.548	0.548	0.54524	0.5457	0.54594	0.55191	0.55191	0.5484	0.5484	0.5491	0.55107	0.55309	0.55309	0.55309	0.55171	0.54997	0.54997	0.55075	0.55015	0.54815	0.5486	0.5486	0.5486	0.54779	0.54955	0.55009	0.54183	0.54119	0.54119	0.54119	0.53834	0.54269	0.54122	0.54357	0.5465	0.54451	0.54451	0.54711	0.54663	0.54663	0.54654	0.5484	0.54915	0.54819	0.54819	0.54906	0.55121	0.54883	0.54883	0.54938	0.55036	0.54993	0.54649	0.54649	0.54649	0.54843	0.54847	0.55008	0.5487	0.5487	0.5487	0.5487	0.5487	0.55269	0.55269	0.55132	0.5573	0.5573	0.5573	0.55194	0.55182	0.55146	0.55207	0.55013	0.55013	0.55326	0.55437	0.55437	0.55387	0.55294	0.55096	0.55241	0.55258	0.55258	0.55258	0.55388	0.55388	0.55388	0.55388	0.55098	0.55092	0.5517	0.5517	0.55179	0.55234	0.55376	0.55376	0.55344	0.55344	0.55344	0.55344	0.55344	0.55408	0.5794	0.58367	0.58564	0.5866	0.5866	0.58737	0.61573	0.61573	0.61623	0.65148	0.65886	0.65886	0.65886	0.70432	0.64674	0.6473	0.6473	0.6763	0.67975	0.67928	0.68777	0.68777	0.68777	0.68777	0.68777	0.68777	0.68777	0.55107	0.55992	0.55992	0.55992	0.55992	0.5583	0.5583	0.5583	0.5583	0.5583	0.5583	0.5583	0.55756	0.5587	0.5587	0.5587	0.5587	0.55695	0.55695	0.56135	0.56135	0.56135	0.56135	0.56135	0.56135	0.55931	0.55987	0.55987	0.55997	0.55997	0.56361	0.56182	0.56182	0.5634	0.56337	0.56337	0.56344	0.56344	0.56124	0.56343	0.56343	0.56343	0.56343	0.56343	0.56473	0.56473	0.56473	0.56473	0.56473	0.56473	0.56473	0.56473	0.56473
"264"	1.03494	1.07466	1.08147	0.89546	0.69705	0.08412	0.08412	0.08505	0.08574	0.07866	0.07866	0	0	0.02275	0.02357	0.02387	0.10173	0.1135	0.1135	0.14602	0.14272	0.14272	0.14316	0.14316	0.13116	0.11976	0.14738	0.14738	0.15253	0.1489	0.1489	0.1489	0.15762	0.15289	0.15289	0.15289	0.15289	0.15289	0.15179	0.15101	0.15101	0.15262	0.15262	0.53961	0.53961	0.53961	0.54026	0.54319	0.54397	0.54514	0.54514	0.54539	0.54585	0.54651	0.54651	0.54651	0.54651	0.54651	0.54651	0.54651	0.54651	0.54651	0.55038	0.55804	0.55862	0.55874	0.56397	0.56397	0.56921	0.56108	0.56033	0.55873	0.55918	0.5648	0.56694	0.56772	0.56803	0.56756	0.56811	0.56807	0.56807	0.60241	0.60241	0.60241	0.60625	0.60441	0.60441	0.60936	0.60936	0.6066	0.60706	0.6073	0.61327	0.61327	0.60976	0.60976	0.61046	0.61243	0.61445	0.61445	0.61445	0.61307	0.61133	0.61133	0.61211	0.61151	0.60951	0.60996	0.60996	0.60996	0.60915	0.61091	0.61145	0.60319	0.60255	0.60255	0.60255	0.5997	0.60405	0.60258	0.60493	0.60786	0.60587	0.60587	0.60847	0.60799	0.60799	0.6079	0.60976	0.61051	0.60955	0.60955	0.61042	0.61257	0.61019	0.61019	0.61074	0.61172	0.61129	0.60785	0.60785	0.60785	0.60979	0.60983	0.61144	0.61006	0.61006	0.61006	0.61006	0.61006	0.61405	0.61405	0.61268	0.61866	0.61866	0.61866	0.6133	0.61318	0.61282	0.61343	0.61149	0.61149	0.61462	0.61573	0.61573	0.61523	0.6143	0.61232	0.61377	0.61394	0.61394	0.61394	0.61524	0.61524	0.61524	0.61524	0.61234	0.61228	0.61306	0.61306	0.61315	0.6137	0.61512	0.61512	0.6148	0.6148	0.6148	0.6148	0.6148	0.61544	0.64076	0.64503	0.647	0.64796	0.64796	0.64873	0.67709	0.67709	0.67759	0.71284	0.72022	0.72022	0.72022	0.76568	0.7081	0.70866	0.70866	0.73766	0.74111	0.74064	0.74913	0.74913	0.74913	0.74913	0.74913	0.74913	0.74913	0.61243	0.62128	0.62128	0.62128	0.62128	0.61966	0.61966	0.61966	0.61966	0.61966	0.61966	0.61966	0.61892	0.62006	0.62006	0.62006	0.62006	0.61831	0.61831	0.62271	0.62271	0.62271	0.62271	0.62271	0.62271	0.62067	0.62123	0.62123	0.62133	0.62133	0.62497	0.62318	0.62318	0.62476	0.62473	0.62473	0.6248	0.6248	0.6226	0.62479	0.62479	0.62479	0.62479	0.62479	0.62609	0.62609	0.62609	0.62609	0.62609	0.62609	0.62609	0.62609	0.62609
"265"	1.03494	1.07466	1.08147	0.89546	0.69705	0.08412	0.08412	0.08505	0.08574	0.07866	0.07866	0	0	0.02275	0.02357	0.02387	0.10173	0.1135	0.1135	0.14602	0.14272	0.14272	0.14316	0.14316	0.13116	0.11976	0.14738	0.14738	0.15253	0.1489	0.1489	0.1489	0.15762	0.15289	0.15289	0.15289	0.15289	0.15289	0.15179	0.15101	0.15101	0.15262	0.15262	0.53961	0.53961	0.53961	0.54026	0.54319	0.54397	0.54514	0.54514	0.54539	0.54585	0.54651	0.54651	0.54651	0.54651	0.54651	0.54651	0.54651	0.54651	0.54651	0.55038	0.55804	0.55862	0.55874	0.56397	0.56397	0.56921	0.56108	0.56033	0.55873	0.55918	0.5648	0.56694	0.56772	0.56803	0.56756	0.56811	0.56807	0.56807	0.60241	0.60241	0.60241	0.60625	0.60441	0.60441	0.60936	0.60936	0.6066	0.60706	0.6073	0.61327	0.61327	0.60976	0.60976	0.61046	0.61243	0.61445	0.61445	0.61445	0.61307	0.61133	0.61133	0.61211	0.61151	0.60951	0.60996	0.60996	0.60996	0.60915	0.61091	0.61145	0.60319	0.60255	0.60255	0.60255	0.5997	0.60405	0.60258	0.60493	0.60786	0.60587	0.60587	0.60847	0.60799	0.60799	0.6079	0.60976	0.61051	0.60955	0.60955	0.61042	0.61257	0.61019	0.61019	0.61074	0.61172	0.61129	0.60785	0.60785	0.60785	0.60979	0.60983	0.61144	0.61006	0.61006	0.61006	0.61006	0.61006	0.61405	0.61405	0.61268	0.61866	0.61866	0.61866	0.6133	0.61318	0.61282	0.61343	0.61149	0.61149	0.61462	0.61573	0.61573	0.61523	0.6143	0.61232	0.61377	0.61394	0.61394	0.61394	0.61524	0.61524	0.61524	0.61524	0.61234	0.61228	0.61306	0.61306	0.61315	0.6137	0.61512	0.61512	0.6148	0.6148	0.6148	0.6148	0.6148	0.61544	0.64076	0.64503	0.647	0.64796	0.64796	0.64873	0.67709	0.67709	0.67759	0.71284	0.72022	0.72022	0.72022	0.76568	0.7081	0.70866	0.70866	0.73766	0.74111	0.74064	0.74913	0.74913	0.74913	0.74913	0.74913	0.74913	0.74913	0.61243	0.62128	0.62128	0.62128	0.62128	0.61966	0.61966	0.61966	0.61966	0.61966	0.61966	0.61966	0.61892	0.62006	0.62006	0.62006	0.62006	0.61831	0.61831	0.62271	0.62271	0.62271	0.62271	0.62271	0.62271	0.62067	0.62123	0.62123	0.62133	0.62133	0.62497	0.62318	0.62318	0.62476	0.62473	0.62473	0.6248	0.6248	0.6226	0.62479	0.62479	0.62479	0.62479	0.62479	0.62609	0.62609	0.62609	0.62609	0.62609	0.62609	0.62609	0.62609	0.62609
"317"	1.03399	1.07371	1.08052	0.89451	0.6961	0.08317	0.08317	0.0841	0.08479	0.07771	0.07771	0.02275	0.02275	0	0.0019	0.0022	0.10078	0.11255	0.11255	0.14507	0.14177	0.14177	0.14221	0.14221	0.13021	0.11881	0.14643	0.14643	0.15158	0.14795	0.14795	0.14795	0.15667	0.15194	0.15194	0.15194	0.15194	0.15194	0.15084	0.15006	0.15006	0.15167	0.15167	0.53866	0.53866	0.53866	0.53931	0.54224	0.54302	0.54419	0.54419	0.54444	0.5449	0.54556	0.54556	0.54556	0.54556	0.54556	0.54556	0.54556	0.54556	0.54556	0.54943	0.55709	0.55767	0.55779	0.56302	0.56302	0.56826	0.56013	0.55938	0.55778	0.55823	0.56385	0.56599	0.56677	0.56708	0.56661	0.56716	0.56712	0.56712	0.60146	0.60146	0.60146	0.6053	0.60346	0.60346	0.60841	0.60841	0.60565	0.60611	0.60635	0.61232	0.61232	0.60881	0.60881	0.60951	0.61148	0.6135	0.6135	0.6135	0.61212	0.61038	0.61038	0.61116	0.61056	0.60856	0.60901	0.60901	0.60901	0.6082	0.60996	0.6105	0.60224	0.6016	0.6016	0.6016	0.59875	0.6031	0.60163	0.60398	0.60691	0.60492	0.60492	0.60752	0.60704	0.60704	0.60695	0.60881	0.60956	0.6086	0.6086	0.60947	0.61162	0.60924	0.60924	0.60979	0.61077	0.61034	0.6069	0.6069	0.6069	0.60884	0.60888	0.61049	0.60911	0.60911	0.60911	0.60911	0.60911	0.6131	0.6131	0.61173	0.61771	0.61771	0.61771	0.61235	0.61223	0.61187	0.61248	0.61054	0.61054	0.61367	0.61478	0.61478	0.61428	0.61335	0.61137	0.61282	0.61299	0.61299	0.61299	0.61429	0.61429	0.61429	0.61429	0.61139	0.61133	0.61211	0.61211	0.6122	0.61275	0.61417	0.61417	0.61385	0.61385	0.61385	0.61385	0.61385	0.61449	0.63981	0.64408	0.64605	0.64701	0.64701	0.64778	0.67614	0.67614	0.67664	0.71189	0.71927	0.71927	0.71927	0.76473	0.70715	0.70771	0.70771	0.73671	0.74016	0.73969	0.74818	0.74818	0.74818	0.74818	0.74818	0.74818	0.74818	0.61148	0.62033	0.62033	0.62033	0.62033	0.61871	0.61871	0.61871	0.61871	0.61871	0.61871	0.61871	0.61797	0.61911	0.61911	0.61911	0.61911	0.61736	0.61736	0.62176	0.62176	0.62176	0.62176	0.62176	0.62176	0.61972	0.62028	0.62028	0.62038	0.62038	0.62402	0.62223	0.62223	0.62381	0.62378	0.62378	0.62385	0.62385	0.62165	0.62384	0.62384	0.62384	0.62384	0.62384	0.62514	0.62514	0.62514	0.62514	0.62514	0.62514	0.62514	0.62514	0.62514
"321"	1.03481	1.07453	1.08134	0.89533	0.69692	0.08399	0.08399	0.08492	0.08561	0.07853	0.07853	0.02357	0.02357	0.0019	0	0.00192	0.1016	0.11337	0.11337	0.14589	0.14259	0.14259	0.14303	0.14303	0.13103	0.11963	0.14725	0.14725	0.1524	0.14877	0.14877	0.14877	0.15749	0.15276	0.15276	0.15276	0.15276	0.15276	0.15166	0.15088	0.15088	0.15249	0.15249	0.53948	0.53948	0.53948	0.54013	0.54306	0.54384	0.54501	0.54501	0.54526	0.54572	0.54638	0.54638	0.54638	0.54638	0.54638	0.54638	0.54638	0.54638	0.54638	0.55025	0.55791	0.55849	0.55861	0.56384	0.56384	0.56908	0.56095	0.5602	0.5586	0.55905	0.56467	0.56681	0.56759	0.5679	0.56743	0.56798	0.56794	0.56794	0.60228	0.60228	0.60228	0.60612	0.60428	0.60428	0.60923	0.60923	0.60647	0.60693	0.60717	0.61314	0.61314	0.60963	0.60963	0.61033	0.6123	0.61432	0.61432	0.61432	0.61294	0.6112	0.6112	0.61198	0.61138	0.60938	0.60983	0.60983	0.60983	0.60902	0.61078	0.61132	0.60306	0.60242	0.60242	0.60242	0.59957	0.60392	0.60245	0.6048	0.60773	0.60574	0.60574	0.60834	0.60786	0.60786	0.60777	0.60963	0.61038	0.60942	0.60942	0.61029	0.61244	0.61006	0.61006	0.61061	0.61159	0.61116	0.60772	0.60772	0.60772	0.60966	0.6097	0.61131	0.60993	0.60993	0.60993	0.60993	0.60993	0.61392	0.61392	0.61255	0.61853	0.61853	0.61853	0.61317	0.61305	0.61269	0.6133	0.61136	0.61136	0.61449	0.6156	0.6156	0.6151	0.61417	0.61219	0.61364	0.61381	0.61381	0.61381	0.61511	0.61511	0.61511	0.61511	0.61221	0.61215	0.61293	0.61293	0.61302	0.61357	0.61499	0.61499	0.61467	0.61467	0.61467	0.61467	0.61467	0.61531	0.64063	0.6449	0.64687	0.64783	0.64783	0.6486	0.67696	0.67696	0.67746	0.71271	0.72009	0.72009	0.72009	0.76555	0.70797	0.70853	0.70853	0.73753	0.74098	0.74051	0.749	0.749	0.749	0.749	0.749	0.749	0.749	0.6123	0.62115	0.62115	0.62115	0.62115	0.61953	0.61953	0.61953	0.61953	0.61953	0.61953	0.61953	0.61879	0.61993	0.61993	0.61993	0.61993	0.61818	0.61818	0.62258	0.62258	0.62258	0.62258	0.62258	0.62258	0.62054	0.6211	0.6211	0.6212	0.6212	0.62484	0.62305	0.62305	0.62463	0.6246	0.6246	0.62467	0.62467	0.62247	0.62466	0.62466	0.62466	0.62466	0.62466	0.62596	0.62596	0.62596	0.62596	0.62596	0.62596	0.62596	0.62596	0.62596
"329"	1.03511	1.07483	1.08164	0.89563	0.69722	0.08429	0.08429	0.08522	0.08591	0.07883	0.07883	0.02387	0.02387	0.0022	0.00192	0	0.1019	0.11367	0.11367	0.14619	0.14289	0.14289	0.14333	0.14333	0.13133	0.11993	0.14755	0.14755	0.1527	0.14907	0.14907	0.14907	0.15779	0.15306	0.15306	0.15306	0.15306	0.15306	0.15196	0.15118	0.15118	0.15279	0.15279	0.53978	0.53978	0.53978	0.54043	0.54336	0.54414	0.54531	0.54531	0.54556	0.54602	0.54668	0.54668	0.54668	0.54668	0.54668	0.54668	0.54668	0.54668	0.54668	0.55055	0.55821	0.55879	0.55891	0.56414	0.56414	0.56938	0.56125	0.5605	0.5589	0.55935	0.56497	0.56711	0.56789	0.5682	0.56773	0.56828	0.56824	0.56824	0.60258	0.60258	0.60258	0.60642	0.60458	0.60458	0.60953	0.60953	0.60677	0.60723	0.60747	0.61344	0.61344	0.60993	0.60993	0.61063	0.6126	0.61462	0.61462	0.61462	0.61324	0.6115	0.6115	0.61228	0.61168	0.60968	0.61013	0.61013	0.61013	0.60932	0.61108	0.61162	0.60336	0.60272	0.60272	0.60272	0.59987	0.60422	0.60275	0.6051	0.60803	0.60604	0.60604	0.60864	0.60816	0.60816	0.60807	0.60993	0.61068	0.60972	0.60972	0.61059	0.61274	0.61036	0.61036	0.61091	0.61189	0.61146	0.60802	0.60802	0.60802	0.60996	0.61	0.61161	0.61023	0.61023	0.61023	0.61023	0.61023	0.61422	0.61422	0.61285	0.61883	0.61883	0.61883	0.61347	0.61335	0.61299	0.6136	0.61166	0.61166	0.61479	0.6159	0.6159	0.6154	0.61447	0.61249	0.61394	0.61411	0.61411	0.61411	0.61541	0.61541	0.61541	0.61541	0.61251	0.61245	0.61323	0.61323	0.61332	0.61387	0.61529	0.61529	0.61497	0.61497	0.61497	0.61497	0.61497	0.61561	0.64093	0.6452	0.64717	0.64813	0.64813	0.6489	0.67726	0.67726	0.67776	0.71301	0.72039	0.72039	0.72039	0.76585	0.70827	0.70883	0.70883	0.73783	0.74128	0.74081	0.7493	0.7493	0.7493	0.7493	0.7493	0.7493	0.7493	0.6126	0.62145	0.62145	0.62145	0.62145	0.61983	0.61983	0.61983	0.61983	0.61983	0.61983	0.61983	0.61909	0.62023	0.62023	0.62023	0.62023	0.61848	0.61848	0.62288	0.62288	0.62288	0.62288	0.62288	0.62288	0.62084	0.6214	0.6214	0.6215	0.6215	0.62514	0.62335	0.62335	0.62493	0.6249	0.6249	0.62497	0.62497	0.62277	0.62496	0.62496	0.62496	0.62496	0.62496	0.62626	0.62626	0.62626	0.62626	0.62626	0.62626	0.62626	0.62626	0.62626
"240"	1.05175	1.09147	1.09828	0.91227	0.71386	0.10093	0.10093	0.10186	0.10255	0.09547	0.09547	0.10173	0.10173	0.10078	0.1016	0.1019	0	0.10921	0.10921	0.14173	0.13843	0.13843	0.13887	0.13887	0.12687	0.11547	0.14309	0.14309	0.14824	0.14461	0.14461	0.14461	0.15333	0.1486	0.1486	0.1486	0.1486	0.1486	0.1475	0.14672	0.14672	0.14833	0.14833	0.55642	0.55642	0.55642	0.55707	0.56	0.56078	0.56195	0.56195	0.5622	0.56266	0.56332	0.56332	0.56332	0.56332	0.56332	0.56332	0.56332	0.56332	0.56332	0.56719	0.57485	0.57543	0.57555	0.58078	0.58078	0.58602	0.57789	0.57714	0.57554	0.57599	0.58161	0.58375	0.58453	0.58484	0.58437	0.58492	0.58488	0.58488	0.61922	0.61922	0.61922	0.62306	0.62122	0.62122	0.62617	0.62617	0.62341	0.62387	0.62411	0.63008	0.63008	0.62657	0.62657	0.62727	0.62924	0.63126	0.63126	0.63126	0.62988	0.62814	0.62814	0.62892	0.62832	0.62632	0.62677	0.62677	0.62677	0.62596	0.62772	0.62826	0.62	0.61936	0.61936	0.61936	0.61651	0.62086	0.61939	0.62174	0.62467	0.62268	0.62268	0.62528	0.6248	0.6248	0.62471	0.62657	0.62732	0.62636	0.62636	0.62723	0.62938	0.627	0.627	0.62755	0.62853	0.6281	0.62466	0.62466	0.62466	0.6266	0.62664	0.62825	0.62687	0.62687	0.62687	0.62687	0.62687	0.63086	0.63086	0.62949	0.63547	0.63547	0.63547	0.63011	0.62999	0.62963	0.63024	0.6283	0.6283	0.63143	0.63254	0.63254	0.63204	0.63111	0.62913	0.63058	0.63075	0.63075	0.63075	0.63205	0.63205	0.63205	0.63205	0.62915	0.62909	0.62987	0.62987	0.62996	0.63051	0.63193	0.63193	0.63161	0.63161	0.63161	0.63161	0.63161	0.63225	0.65757	0.66184	0.66381	0.66477	0.66477	0.66554	0.6939	0.6939	0.6944	0.72965	0.73703	0.73703	0.73703	0.78249	0.72491	0.72547	0.72547	0.75447	0.75792	0.75745	0.76594	0.76594	0.76594	0.76594	0.76594	0.76594	0.76594	0.62924	0.63809	0.63809	0.63809	0.63809	0.63647	0.63647	0.63647	0.63647	0.63647	0.63647	0.63647	0.63573	0.63687	0.63687	0.63687	0.63687	0.63512	0.63512	0.63952	0.63952	0.63952	0.63952	0.63952	0.63952	0.63748	0.63804	0.63804	0.63814	0.63814	0.64178	0.63999	0.63999	0.64157	0.64154	0.64154	0.64161	0.64161	0.63941	0.6416	0.6416	0.6416	0.6416	0.6416	0.6429	0.6429	0.6429	0.6429	0.6429	0.6429	0.6429	0.6429	0.6429
"341"	1.06352	1.10324	1.11005	0.92404	0.72563	0.1127	0.1127	0.11363	0.11432	0.10724	0.10724	0.1135	0.1135	0.11255	0.11337	0.11367	0.10921	0	0	0.0513	0.048	0.048	0.04844	0.04844	0.09216	0.08076	0.10838	0.10838	0.11353	0.1099	0.1099	0.1099	0.11862	0.11389	0.11389	0.11389	0.11389	0.11389	0.11279	0.11201	0.11201	0.11362	0.11362	0.56819	0.56819	0.56819	0.56884	0.57177	0.57255	0.57372	0.57372	0.57397	0.57443	0.57509	0.57509	0.57509	0.57509	0.57509	0.57509	0.57509	0.57509	0.57509	0.57896	0.58662	0.5872	0.58732	0.59255	0.59255	0.59779	0.58966	0.58891	0.58731	0.58776	0.59338	0.59552	0.5963	0.59661	0.59614	0.59669	0.59665	0.59665	0.63099	0.63099	0.63099	0.63483	0.63299	0.63299	0.63794	0.63794	0.63518	0.63564	0.63588	0.64185	0.64185	0.63834	0.63834	0.63904	0.64101	0.64303	0.64303	0.64303	0.64165	0.63991	0.63991	0.64069	0.64009	0.63809	0.63854	0.63854	0.63854	0.63773	0.63949	0.64003	0.63177	0.63113	0.63113	0.63113	0.62828	0.63263	0.63116	0.63351	0.63644	0.63445	0.63445	0.63705	0.63657	0.63657	0.63648	0.63834	0.63909	0.63813	0.63813	0.639	0.64115	0.63877	0.63877	0.63932	0.6403	0.63987	0.63643	0.63643	0.63643	0.63837	0.63841	0.64002	0.63864	0.63864	0.63864	0.63864	0.63864	0.64263	0.64263	0.64126	0.64724	0.64724	0.64724	0.64188	0.64176	0.6414	0.64201	0.64007	0.64007	0.6432	0.64431	0.64431	0.64381	0.64288	0.6409	0.64235	0.64252	0.64252	0.64252	0.64382	0.64382	0.64382	0.64382	0.64092	0.64086	0.64164	0.64164	0.64173	0.64228	0.6437	0.6437	0.64338	0.64338	0.64338	0.64338	0.64338	0.64402	0.66934	0.67361	0.67558	0.67654	0.67654	0.67731	0.70567	0.70567	0.70617	0.74142	0.7488	0.7488	0.7488	0.79426	0.73668	0.73724	0.73724	0.76624	0.76969	0.76922	0.77771	0.77771	0.77771	0.77771	0.77771	0.77771	0.77771	0.64101	0.64986	0.64986	0.64986	0.64986	0.64824	0.64824	0.64824	0.64824	0.64824	0.64824	0.64824	0.6475	0.64864	0.64864	0.64864	0.64864	0.64689	0.64689	0.65129	0.65129	0.65129	0.65129	0.65129	0.65129	0.64925	0.64981	0.64981	0.64991	0.64991	0.65355	0.65176	0.65176	0.65334	0.65331	0.65331	0.65338	0.65338	0.65118	0.65337	0.65337	0.65337	0.65337	0.65337	0.65467	0.65467	0.65467	0.65467	0.65467	0.65467	0.65467	0.65467	0.65467
"398"	1.06352	1.10324	1.11005	0.92404	0.72563	0.1127	0.1127	0.11363	0.11432	0.10724	0.10724	0.1135	0.1135	0.11255	0.11337	0.11367	0.10921	0	0	0.0513	0.048	0.048	0.04844	0.04844	0.09216	0.08076	0.10838	0.10838	0.11353	0.1099	0.1099	0.1099	0.11862	0.11389	0.11389	0.11389	0.11389	0.11389	0.11279	0.11201	0.11201	0.11362	0.11362	0.56819	0.56819	0.56819	0.56884	0.57177	0.57255	0.57372	0.57372	0.57397	0.57443	0.57509	0.57509	0.57509	0.57509	0.57509	0.57509	0.57509	0.57509	0.57509	0.57896	0.58662	0.5872	0.58732	0.59255	0.59255	0.59779	0.58966	0.58891	0.58731	0.58776	0.59338	0.59552	0.5963	0.59661	0.59614	0.59669	0.59665	0.59665	0.63099	0.63099	0.63099	0.63483	0.63299	0.63299	0.63794	0.63794	0.63518	0.63564	0.63588	0.64185	0.64185	0.63834	0.63834	0.63904	0.64101	0.64303	0.64303	0.64303	0.64165	0.63991	0.63991	0.64069	0.64009	0.63809	0.63854	0.63854	0.63854	0.63773	0.63949	0.64003	0.63177	0.63113	0.63113	0.63113	0.62828	0.63263	0.63116	0.63351	0.63644	0.63445	0.63445	0.63705	0.63657	0.63657	0.63648	0.63834	0.63909	0.63813	0.63813	0.639	0.64115	0.63877	0.63877	0.63932	0.6403	0.63987	0.63643	0.63643	0.63643	0.63837	0.63841	0.64002	0.63864	0.63864	0.63864	0.63864	0.63864	0.64263	0.64263	0.64126	0.64724	0.64724	0.64724	0.64188	0.64176	0.6414	0.64201	0.64007	0.64007	0.6432	0.64431	0.64431	0.64381	0.64288	0.6409	0.64235	0.64252	0.64252	0.64252	0.64382	0.64382	0.64382	0.64382	0.64092	0.64086	0.64164	0.64164	0.64173	0.64228	0.6437	0.6437	0.64338	0.64338	0.64338	0.64338	0.64338	0.64402	0.66934	0.67361	0.67558	0.67654	0.67654	0.67731	0.70567	0.70567	0.70617	0.74142	0.7488	0.7488	0.7488	0.79426	0.73668	0.73724	0.73724	0.76624	0.76969	0.76922	0.77771	0.77771	0.77771	0.77771	0.77771	0.77771	0.77771	0.64101	0.64986	0.64986	0.64986	0.64986	0.64824	0.64824	0.64824	0.64824	0.64824	0.64824	0.64824	0.6475	0.64864	0.64864	0.64864	0.64864	0.64689	0.64689	0.65129	0.65129	0.65129	0.65129	0.65129	0.65129	0.64925	0.64981	0.64981	0.64991	0.64991	0.65355	0.65176	0.65176	0.65334	0.65331	0.65331	0.65338	0.65338	0.65118	0.65337	0.65337	0.65337	0.65337	0.65337	0.65467	0.65467	0.65467	0.65467	0.65467	0.65467	0.65467	0.65467	0.65467
"59"	1.09604	1.13576	1.14257	0.95656	0.75815	0.14522	0.14522	0.14615	0.14684	0.13976	0.13976	0.14602	0.14602	0.14507	0.14589	0.14619	0.14173	0.0513	0.0513	0	0.01264	0.01264	0.01308	0.01308	0.12468	0.11328	0.1409	0.1409	0.14605	0.14242	0.14242	0.14242	0.15114	0.14641	0.14641	0.14641	0.14641	0.14641	0.14531	0.14453	0.14453	0.14614	0.14614	0.60071	0.60071	0.60071	0.60136	0.60429	0.60507	0.60624	0.60624	0.60649	0.60695	0.60761	0.60761	0.60761	0.60761	0.60761	0.60761	0.60761	0.60761	0.60761	0.61148	0.61914	0.61972	0.61984	0.62507	0.62507	0.63031	0.62218	0.62143	0.61983	0.62028	0.6259	0.62804	0.62882	0.62913	0.62866	0.62921	0.62917	0.62917	0.66351	0.66351	0.66351	0.66735	0.66551	0.66551	0.67046	0.67046	0.6677	0.66816	0.6684	0.67437	0.67437	0.67086	0.67086	0.67156	0.67353	0.67555	0.67555	0.67555	0.67417	0.67243	0.67243	0.67321	0.67261	0.67061	0.67106	0.67106	0.67106	0.67025	0.67201	0.67255	0.66429	0.66365	0.66365	0.66365	0.6608	0.66515	0.66368	0.66603	0.66896	0.66697	0.66697	0.66957	0.66909	0.66909	0.669	0.67086	0.67161	0.67065	0.67065	0.67152	0.67367	0.67129	0.67129	0.67184	0.67282	0.67239	0.66895	0.66895	0.66895	0.67089	0.67093	0.67254	0.67116	0.67116	0.67116	0.67116	0.67116	0.67515	0.67515	0.67378	0.67976	0.67976	0.67976	0.6744	0.67428	0.67392	0.67453	0.67259	0.67259	0.67572	0.67683	0.67683	0.67633	0.6754	0.67342	0.67487	0.67504	0.67504	0.67504	0.67634	0.67634	0.67634	0.67634	0.67344	0.67338	0.67416	0.67416	0.67425	0.6748	0.67622	0.67622	0.6759	0.6759	0.6759	0.6759	0.6759	0.67654	0.70186	0.70613	0.7081	0.70906	0.70906	0.70983	0.73819	0.73819	0.73869	0.77394	0.78132	0.78132	0.78132	0.82678	0.7692	0.76976	0.76976	0.79876	0.80221	0.80174	0.81023	0.81023	0.81023	0.81023	0.81023	0.81023	0.81023	0.67353	0.68238	0.68238	0.68238	0.68238	0.68076	0.68076	0.68076	0.68076	0.68076	0.68076	0.68076	0.68002	0.68116	0.68116	0.68116	0.68116	0.67941	0.67941	0.68381	0.68381	0.68381	0.68381	0.68381	0.68381	0.68177	0.68233	0.68233	0.68243	0.68243	0.68607	0.68428	0.68428	0.68586	0.68583	0.68583	0.6859	0.6859	0.6837	0.68589	0.68589	0.68589	0.68589	0.68589	0.68719	0.68719	0.68719	0.68719	0.68719	0.68719	0.68719	0.68719	0.68719
"393"	1.09274	1.13246	1.13927	0.95326	0.75485	0.14192	0.14192	0.14285	0.14354	0.13646	0.13646	0.14272	0.14272	0.14177	0.14259	0.14289	0.13843	0.048	0.048	0.01264	0	0	0.00148	0.00148	0.12138	0.10998	0.1376	0.1376	0.14275	0.13912	0.13912	0.13912	0.14784	0.14311	0.14311	0.14311	0.14311	0.14311	0.14201	0.14123	0.14123	0.14284	0.14284	0.59741	0.59741	0.59741	0.59806	0.60099	0.60177	0.60294	0.60294	0.60319	0.60365	0.60431	0.60431	0.60431	0.60431	0.60431	0.60431	0.60431	0.60431	0.60431	0.60818	0.61584	0.61642	0.61654	0.62177	0.62177	0.62701	0.61888	0.61813	0.61653	0.61698	0.6226	0.62474	0.62552	0.62583	0.62536	0.62591	0.62587	0.62587	0.66021	0.66021	0.66021	0.66405	0.66221	0.66221	0.66716	0.66716	0.6644	0.66486	0.6651	0.67107	0.67107	0.66756	0.66756	0.66826	0.67023	0.67225	0.67225	0.67225	0.67087	0.66913	0.66913	0.66991	0.66931	0.66731	0.66776	0.66776	0.66776	0.66695	0.66871	0.66925	0.66099	0.66035	0.66035	0.66035	0.6575	0.66185	0.66038	0.66273	0.66566	0.66367	0.66367	0.66627	0.66579	0.66579	0.6657	0.66756	0.66831	0.66735	0.66735	0.66822	0.67037	0.66799	0.66799	0.66854	0.66952	0.66909	0.66565	0.66565	0.66565	0.66759	0.66763	0.66924	0.66786	0.66786	0.66786	0.66786	0.66786	0.67185	0.67185	0.67048	0.67646	0.67646	0.67646	0.6711	0.67098	0.67062	0.67123	0.66929	0.66929	0.67242	0.67353	0.67353	0.67303	0.6721	0.67012	0.67157	0.67174	0.67174	0.67174	0.67304	0.67304	0.67304	0.67304	0.67014	0.67008	0.67086	0.67086	0.67095	0.6715	0.67292	0.67292	0.6726	0.6726	0.6726	0.6726	0.6726	0.67324	0.69856	0.70283	0.7048	0.70576	0.70576	0.70653	0.73489	0.73489	0.73539	0.77064	0.77802	0.77802	0.77802	0.82348	0.7659	0.76646	0.76646	0.79546	0.79891	0.79844	0.80693	0.80693	0.80693	0.80693	0.80693	0.80693	0.80693	0.67023	0.67908	0.67908	0.67908	0.67908	0.67746	0.67746	0.67746	0.67746	0.67746	0.67746	0.67746	0.67672	0.67786	0.67786	0.67786	0.67786	0.67611	0.67611	0.68051	0.68051	0.68051	0.68051	0.68051	0.68051	0.67847	0.67903	0.67903	0.67913	0.67913	0.68277	0.68098	0.68098	0.68256	0.68253	0.68253	0.6826	0.6826	0.6804	0.68259	0.68259	0.68259	0.68259	0.68259	0.68389	0.68389	0.68389	0.68389	0.68389	0.68389	0.68389	0.68389	0.68389
"394"	1.09274	1.13246	1.13927	0.95326	0.75485	0.14192	0.14192	0.14285	0.14354	0.13646	0.13646	0.14272	0.14272	0.14177	0.14259	0.14289	0.13843	0.048	0.048	0.01264	0	0	0.00148	0.00148	0.12138	0.10998	0.1376	0.1376	0.14275	0.13912	0.13912	0.13912	0.14784	0.14311	0.14311	0.14311	0.14311	0.14311	0.14201	0.14123	0.14123	0.14284	0.14284	0.59741	0.59741	0.59741	0.59806	0.60099	0.60177	0.60294	0.60294	0.60319	0.60365	0.60431	0.60431	0.60431	0.60431	0.60431	0.60431	0.60431	0.60431	0.60431	0.60818	0.61584	0.61642	0.61654	0.62177	0.62177	0.62701	0.61888	0.61813	0.61653	0.61698	0.6226	0.62474	0.62552	0.62583	0.62536	0.62591	0.62587	0.62587	0.66021	0.66021	0.66021	0.66405	0.66221	0.66221	0.66716	0.66716	0.6644	0.66486	0.6651	0.67107	0.67107	0.66756	0.66756	0.66826	0.67023	0.67225	0.67225	0.67225	0.67087	0.66913	0.66913	0.66991	0.66931	0.66731	0.66776	0.66776	0.66776	0.66695	0.66871	0.66925	0.66099	0.66035	0.66035	0.66035	0.6575	0.66185	0.66038	0.66273	0.66566	0.66367	0.66367	0.66627	0.66579	0.66579	0.6657	0.66756	0.66831	0.66735	0.66735	0.66822	0.67037	0.66799	0.66799	0.66854	0.66952	0.66909	0.66565	0.66565	0.66565	0.66759	0.66763	0.66924	0.66786	0.66786	0.66786	0.66786	0.66786	0.67185	0.67185	0.67048	0.67646	0.67646	0.67646	0.6711	0.67098	0.67062	0.67123	0.66929	0.66929	0.67242	0.67353	0.67353	0.67303	0.6721	0.67012	0.67157	0.67174	0.67174	0.67174	0.67304	0.67304	0.67304	0.67304	0.67014	0.67008	0.67086	0.67086	0.67095	0.6715	0.67292	0.67292	0.6726	0.6726	0.6726	0.6726	0.6726	0.67324	0.69856	0.70283	0.7048	0.70576	0.70576	0.70653	0.73489	0.73489	0.73539	0.77064	0.77802	0.77802	0.77802	0.82348	0.7659	0.76646	0.76646	0.79546	0.79891	0.79844	0.80693	0.80693	0.80693	0.80693	0.80693	0.80693	0.80693	0.67023	0.67908	0.67908	0.67908	0.67908	0.67746	0.67746	0.67746	0.67746	0.67746	0.67746	0.67746	0.67672	0.67786	0.67786	0.67786	0.67786	0.67611	0.67611	0.68051	0.68051	0.68051	0.68051	0.68051	0.68051	0.67847	0.67903	0.67903	0.67913	0.67913	0.68277	0.68098	0.68098	0.68256	0.68253	0.68253	0.6826	0.6826	0.6804	0.68259	0.68259	0.68259	0.68259	0.68259	0.68389	0.68389	0.68389	0.68389	0.68389	0.68389	0.68389	0.68389	0.68389
"339"	1.09318	1.1329	1.13971	0.9537	0.75529	0.14236	0.14236	0.14329	0.14398	0.1369	0.1369	0.14316	0.14316	0.14221	0.14303	0.14333	0.13887	0.04844	0.04844	0.01308	0.00148	0.00148	0	0	0.12182	0.11042	0.13804	0.13804	0.14319	0.13956	0.13956	0.13956	0.14828	0.14355	0.14355	0.14355	0.14355	0.14355	0.14245	0.14167	0.14167	0.14328	0.14328	0.59785	0.59785	0.59785	0.5985	0.60143	0.60221	0.60338	0.60338	0.60363	0.60409	0.60475	0.60475	0.60475	0.60475	0.60475	0.60475	0.60475	0.60475	0.60475	0.60862	0.61628	0.61686	0.61698	0.62221	0.62221	0.62745	0.61932	0.61857	0.61697	0.61742	0.62304	0.62518	0.62596	0.62627	0.6258	0.62635	0.62631	0.62631	0.66065	0.66065	0.66065	0.66449	0.66265	0.66265	0.6676	0.6676	0.66484	0.6653	0.66554	0.67151	0.67151	0.668	0.668	0.6687	0.67067	0.67269	0.67269	0.67269	0.67131	0.66957	0.66957	0.67035	0.66975	0.66775	0.6682	0.6682	0.6682	0.66739	0.66915	0.66969	0.66143	0.66079	0.66079	0.66079	0.65794	0.66229	0.66082	0.66317	0.6661	0.66411	0.66411	0.66671	0.66623	0.66623	0.66614	0.668	0.66875	0.66779	0.66779	0.66866	0.67081	0.66843	0.66843	0.66898	0.66996	0.66953	0.66609	0.66609	0.66609	0.66803	0.66807	0.66968	0.6683	0.6683	0.6683	0.6683	0.6683	0.67229	0.67229	0.67092	0.6769	0.6769	0.6769	0.67154	0.67142	0.67106	0.67167	0.66973	0.66973	0.67286	0.67397	0.67397	0.67347	0.67254	0.67056	0.67201	0.67218	0.67218	0.67218	0.67348	0.67348	0.67348	0.67348	0.67058	0.67052	0.6713	0.6713	0.67139	0.67194	0.67336	0.67336	0.67304	0.67304	0.67304	0.67304	0.67304	0.67368	0.699	0.70327	0.70524	0.7062	0.7062	0.70697	0.73533	0.73533	0.73583	0.77108	0.77846	0.77846	0.77846	0.82392	0.76634	0.7669	0.7669	0.7959	0.79935	0.79888	0.80737	0.80737	0.80737	0.80737	0.80737	0.80737	0.80737	0.67067	0.67952	0.67952	0.67952	0.67952	0.6779	0.6779	0.6779	0.6779	0.6779	0.6779	0.6779	0.67716	0.6783	0.6783	0.6783	0.6783	0.67655	0.67655	0.68095	0.68095	0.68095	0.68095	0.68095	0.68095	0.67891	0.67947	0.67947	0.67957	0.67957	0.68321	0.68142	0.68142	0.683	0.68297	0.68297	0.68304	0.68304	0.68084	0.68303	0.68303	0.68303	0.68303	0.68303	0.68433	0.68433	0.68433	0.68433	0.68433	0.68433	0.68433	0.68433	0.68433
"395"	1.09318	1.1329	1.13971	0.9537	0.75529	0.14236	0.14236	0.14329	0.14398	0.1369	0.1369	0.14316	0.14316	0.14221	0.14303	0.14333	0.13887	0.04844	0.04844	0.01308	0.00148	0.00148	0	0	0.12182	0.11042	0.13804	0.13804	0.14319	0.13956	0.13956	0.13956	0.14828	0.14355	0.14355	0.14355	0.14355	0.14355	0.14245	0.14167	0.14167	0.14328	0.14328	0.59785	0.59785	0.59785	0.5985	0.60143	0.60221	0.60338	0.60338	0.60363	0.60409	0.60475	0.60475	0.60475	0.60475	0.60475	0.60475	0.60475	0.60475	0.60475	0.60862	0.61628	0.61686	0.61698	0.62221	0.62221	0.62745	0.61932	0.61857	0.61697	0.61742	0.62304	0.62518	0.62596	0.62627	0.6258	0.62635	0.62631	0.62631	0.66065	0.66065	0.66065	0.66449	0.66265	0.66265	0.6676	0.6676	0.66484	0.6653	0.66554	0.67151	0.67151	0.668	0.668	0.6687	0.67067	0.67269	0.67269	0.67269	0.67131	0.66957	0.66957	0.67035	0.66975	0.66775	0.6682	0.6682	0.6682	0.66739	0.66915	0.66969	0.66143	0.66079	0.66079	0.66079	0.65794	0.66229	0.66082	0.66317	0.6661	0.66411	0.66411	0.66671	0.66623	0.66623	0.66614	0.668	0.66875	0.66779	0.66779	0.66866	0.67081	0.66843	0.66843	0.66898	0.66996	0.66953	0.66609	0.66609	0.66609	0.66803	0.66807	0.66968	0.6683	0.6683	0.6683	0.6683	0.6683	0.67229	0.67229	0.67092	0.6769	0.6769	0.6769	0.67154	0.67142	0.67106	0.67167	0.66973	0.66973	0.67286	0.67397	0.67397	0.67347	0.67254	0.67056	0.67201	0.67218	0.67218	0.67218	0.67348	0.67348	0.67348	0.67348	0.67058	0.67052	0.6713	0.6713	0.67139	0.67194	0.67336	0.67336	0.67304	0.67304	0.67304	0.67304	0.67304	0.67368	0.699	0.70327	0.70524	0.7062	0.7062	0.70697	0.73533	0.73533	0.73583	0.77108	0.77846	0.77846	0.77846	0.82392	0.76634	0.7669	0.7669	0.7959	0.79935	0.79888	0.80737	0.80737	0.80737	0.80737	0.80737	0.80737	0.80737	0.67067	0.67952	0.67952	0.67952	0.67952	0.6779	0.6779	0.6779	0.6779	0.6779	0.6779	0.6779	0.67716	0.6783	0.6783	0.6783	0.6783	0.67655	0.67655	0.68095	0.68095	0.68095	0.68095	0.68095	0.68095	0.67891	0.67947	0.67947	0.67957	0.67957	0.68321	0.68142	0.68142	0.683	0.68297	0.68297	0.68304	0.68304	0.68084	0.68303	0.68303	0.68303	0.68303	0.68303	0.68433	0.68433	0.68433	0.68433	0.68433	0.68433	0.68433	0.68433	0.68433
"103"	1.08118	1.1209	1.12771	0.9417	0.74329	0.13036	0.13036	0.13129	0.13198	0.1249	0.1249	0.13116	0.13116	0.13021	0.13103	0.13133	0.12687	0.09216	0.09216	0.12468	0.12138	0.12138	0.12182	0.12182	0	0.05412	0.08174	0.08174	0.08689	0.08326	0.08326	0.08326	0.09198	0.08725	0.08725	0.08725	0.08725	0.08725	0.08615	0.08537	0.08537	0.08698	0.08698	0.58585	0.58585	0.58585	0.5865	0.58943	0.59021	0.59138	0.59138	0.59163	0.59209	0.59275	0.59275	0.59275	0.59275	0.59275	0.59275	0.59275	0.59275	0.59275	0.59662	0.60428	0.60486	0.60498	0.61021	0.61021	0.61545	0.60732	0.60657	0.60497	0.60542	0.61104	0.61318	0.61396	0.61427	0.6138	0.61435	0.61431	0.61431	0.64865	0.64865	0.64865	0.65249	0.65065	0.65065	0.6556	0.6556	0.65284	0.6533	0.65354	0.65951	0.65951	0.656	0.656	0.6567	0.65867	0.66069	0.66069	0.66069	0.65931	0.65757	0.65757	0.65835	0.65775	0.65575	0.6562	0.6562	0.6562	0.65539	0.65715	0.65769	0.64943	0.64879	0.64879	0.64879	0.64594	0.65029	0.64882	0.65117	0.6541	0.65211	0.65211	0.65471	0.65423	0.65423	0.65414	0.656	0.65675	0.65579	0.65579	0.65666	0.65881	0.65643	0.65643	0.65698	0.65796	0.65753	0.65409	0.65409	0.65409	0.65603	0.65607	0.65768	0.6563	0.6563	0.6563	0.6563	0.6563	0.66029	0.66029	0.65892	0.6649	0.6649	0.6649	0.65954	0.65942	0.65906	0.65967	0.65773	0.65773	0.66086	0.66197	0.66197	0.66147	0.66054	0.65856	0.66001	0.66018	0.66018	0.66018	0.66148	0.66148	0.66148	0.66148	0.65858	0.65852	0.6593	0.6593	0.65939	0.65994	0.66136	0.66136	0.66104	0.66104	0.66104	0.66104	0.66104	0.66168	0.687	0.69127	0.69324	0.6942	0.6942	0.69497	0.72333	0.72333	0.72383	0.75908	0.76646	0.76646	0.76646	0.81192	0.75434	0.7549	0.7549	0.7839	0.78735	0.78688	0.79537	0.79537	0.79537	0.79537	0.79537	0.79537	0.79537	0.65867	0.66752	0.66752	0.66752	0.66752	0.6659	0.6659	0.6659	0.6659	0.6659	0.6659	0.6659	0.66516	0.6663	0.6663	0.6663	0.6663	0.66455	0.66455	0.66895	0.66895	0.66895	0.66895	0.66895	0.66895	0.66691	0.66747	0.66747	0.66757	0.66757	0.67121	0.66942	0.66942	0.671	0.67097	0.67097	0.67104	0.67104	0.66884	0.67103	0.67103	0.67103	0.67103	0.67103	0.67233	0.67233	0.67233	0.67233	0.67233	0.67233	0.67233	0.67233	0.67233
"376"	1.06978	1.1095	1.11631	0.9303	0.73189	0.11896	0.11896	0.11989	0.12058	0.1135	0.1135	0.11976	0.11976	0.11881	0.11963	0.11993	0.11547	0.08076	0.08076	0.11328	0.10998	0.10998	0.11042	0.11042	0.05412	0	0.03182	0.03182	0.05187	0.04824	0.04824	0.04824	0.05696	0.05223	0.05223	0.05223	0.05223	0.05223	0.05113	0.05035	0.05035	0.05196	0.05196	0.57445	0.57445	0.57445	0.5751	0.57803	0.57881	0.57998	0.57998	0.58023	0.58069	0.58135	0.58135	0.58135	0.58135	0.58135	0.58135	0.58135	0.58135	0.58135	0.58522	0.59288	0.59346	0.59358	0.59881	0.59881	0.60405	0.59592	0.59517	0.59357	0.59402	0.59964	0.60178	0.60256	0.60287	0.6024	0.60295	0.60291	0.60291	0.63725	0.63725	0.63725	0.64109	0.63925	0.63925	0.6442	0.6442	0.64144	0.6419	0.64214	0.64811	0.64811	0.6446	0.6446	0.6453	0.64727	0.64929	0.64929	0.64929	0.64791	0.64617	0.64617	0.64695	0.64635	0.64435	0.6448	0.6448	0.6448	0.64399	0.64575	0.64629	0.63803	0.63739	0.63739	0.63739	0.63454	0.63889	0.63742	0.63977	0.6427	0.64071	0.64071	0.64331	0.64283	0.64283	0.64274	0.6446	0.64535	0.64439	0.64439	0.64526	0.64741	0.64503	0.64503	0.64558	0.64656	0.64613	0.64269	0.64269	0.64269	0.64463	0.64467	0.64628	0.6449	0.6449	0.6449	0.6449	0.6449	0.64889	0.64889	0.64752	0.6535	0.6535	0.6535	0.64814	0.64802	0.64766	0.64827	0.64633	0.64633	0.64946	0.65057	0.65057	0.65007	0.64914	0.64716	0.64861	0.64878	0.64878	0.64878	0.65008	0.65008	0.65008	0.65008	0.64718	0.64712	0.6479	0.6479	0.64799	0.64854	0.64996	0.64996	0.64964	0.64964	0.64964	0.64964	0.64964	0.65028	0.6756	0.67987	0.68184	0.6828	0.6828	0.68357	0.71193	0.71193	0.71243	0.74768	0.75506	0.75506	0.75506	0.80052	0.74294	0.7435	0.7435	0.7725	0.77595	0.77548	0.78397	0.78397	0.78397	0.78397	0.78397	0.78397	0.78397	0.64727	0.65612	0.65612	0.65612	0.65612	0.6545	0.6545	0.6545	0.6545	0.6545	0.6545	0.6545	0.65376	0.6549	0.6549	0.6549	0.6549	0.65315	0.65315	0.65755	0.65755	0.65755	0.65755	0.65755	0.65755	0.65551	0.65607	0.65607	0.65617	0.65617	0.65981	0.65802	0.65802	0.6596	0.65957	0.65957	0.65964	0.65964	0.65744	0.65963	0.65963	0.65963	0.65963	0.65963	0.66093	0.66093	0.66093	0.66093	0.66093	0.66093	0.66093	0.66093	0.66093
"367"	1.0974	1.13712	1.14393	0.95792	0.75951	0.14658	0.14658	0.14751	0.1482	0.14112	0.14112	0.14738	0.14738	0.14643	0.14725	0.14755	0.14309	0.10838	0.10838	0.1409	0.1376	0.1376	0.13804	0.13804	0.08174	0.03182	0	0	0.07949	0.07586	0.07586	0.07586	0.08458	0.07985	0.07985	0.07985	0.07985	0.07985	0.07875	0.07797	0.07797	0.07958	0.07958	0.60207	0.60207	0.60207	0.60272	0.60565	0.60643	0.6076	0.6076	0.60785	0.60831	0.60897	0.60897	0.60897	0.60897	0.60897	0.60897	0.60897	0.60897	0.60897	0.61284	0.6205	0.62108	0.6212	0.62643	0.62643	0.63167	0.62354	0.62279	0.62119	0.62164	0.62726	0.6294	0.63018	0.63049	0.63002	0.63057	0.63053	0.63053	0.66487	0.66487	0.66487	0.66871	0.66687	0.66687	0.67182	0.67182	0.66906	0.66952	0.66976	0.67573	0.67573	0.67222	0.67222	0.67292	0.67489	0.67691	0.67691	0.67691	0.67553	0.67379	0.67379	0.67457	0.67397	0.67197	0.67242	0.67242	0.67242	0.67161	0.67337	0.67391	0.66565	0.66501	0.66501	0.66501	0.66216	0.66651	0.66504	0.66739	0.67032	0.66833	0.66833	0.67093	0.67045	0.67045	0.67036	0.67222	0.67297	0.67201	0.67201	0.67288	0.67503	0.67265	0.67265	0.6732	0.67418	0.67375	0.67031	0.67031	0.67031	0.67225	0.67229	0.6739	0.67252	0.67252	0.67252	0.67252	0.67252	0.67651	0.67651	0.67514	0.68112	0.68112	0.68112	0.67576	0.67564	0.67528	0.67589	0.67395	0.67395	0.67708	0.67819	0.67819	0.67769	0.67676	0.67478	0.67623	0.6764	0.6764	0.6764	0.6777	0.6777	0.6777	0.6777	0.6748	0.67474	0.67552	0.67552	0.67561	0.67616	0.67758	0.67758	0.67726	0.67726	0.67726	0.67726	0.67726	0.6779	0.70322	0.70749	0.70946	0.71042	0.71042	0.71119	0.73955	0.73955	0.74005	0.7753	0.78268	0.78268	0.78268	0.82814	0.77056	0.77112	0.77112	0.80012	0.80357	0.8031	0.81159	0.81159	0.81159	0.81159	0.81159	0.81159	0.81159	0.67489	0.68374	0.68374	0.68374	0.68374	0.68212	0.68212	0.68212	0.68212	0.68212	0.68212	0.68212	0.68138	0.68252	0.68252	0.68252	0.68252	0.68077	0.68077	0.68517	0.68517	0.68517	0.68517	0.68517	0.68517	0.68313	0.68369	0.68369	0.68379	0.68379	0.68743	0.68564	0.68564	0.68722	0.68719	0.68719	0.68726	0.68726	0.68506	0.68725	0.68725	0.68725	0.68725	0.68725	0.68855	0.68855	0.68855	0.68855	0.68855	0.68855	0.68855	0.68855	0.68855
"370"	1.0974	1.13712	1.14393	0.95792	0.75951	0.14658	0.14658	0.14751	0.1482	0.14112	0.14112	0.14738	0.14738	0.14643	0.14725	0.14755	0.14309	0.10838	0.10838	0.1409	0.1376	0.1376	0.13804	0.13804	0.08174	0.03182	0	0	0.07949	0.07586	0.07586	0.07586	0.08458	0.07985	0.07985	0.07985	0.07985	0.07985	0.07875	0.07797	0.07797	0.07958	0.07958	0.60207	0.60207	0.60207	0.60272	0.60565	0.60643	0.6076	0.6076	0.60785	0.60831	0.60897	0.60897	0.60897	0.60897	0.60897	0.60897	0.60897	0.60897	0.60897	0.61284	0.6205	0.62108	0.6212	0.62643	0.62643	0.63167	0.62354	0.62279	0.62119	0.62164	0.62726	0.6294	0.63018	0.63049	0.63002	0.63057	0.63053	0.63053	0.66487	0.66487	0.66487	0.66871	0.66687	0.66687	0.67182	0.67182	0.66906	0.66952	0.66976	0.67573	0.67573	0.67222	0.67222	0.67292	0.67489	0.67691	0.67691	0.67691	0.67553	0.67379	0.67379	0.67457	0.67397	0.67197	0.67242	0.67242	0.67242	0.67161	0.67337	0.67391	0.66565	0.66501	0.66501	0.66501	0.66216	0.66651	0.66504	0.66739	0.67032	0.66833	0.66833	0.67093	0.67045	0.67045	0.67036	0.67222	0.67297	0.67201	0.67201	0.67288	0.67503	0.67265	0.67265	0.6732	0.67418	0.67375	0.67031	0.67031	0.67031	0.67225	0.67229	0.6739	0.67252	0.67252	0.67252	0.67252	0.67252	0.67651	0.67651	0.67514	0.68112	0.68112	0.68112	0.67576	0.67564	0.67528	0.67589	0.67395	0.67395	0.67708	0.67819	0.67819	0.67769	0.67676	0.67478	0.67623	0.6764	0.6764	0.6764	0.6777	0.6777	0.6777	0.6777	0.6748	0.67474	0.67552	0.67552	0.67561	0.67616	0.67758	0.67758	0.67726	0.67726	0.67726	0.67726	0.67726	0.6779	0.70322	0.70749	0.70946	0.71042	0.71042	0.71119	0.73955	0.73955	0.74005	0.7753	0.78268	0.78268	0.78268	0.82814	0.77056	0.77112	0.77112	0.80012	0.80357	0.8031	0.81159	0.81159	0.81159	0.81159	0.81159	0.81159	0.81159	0.67489	0.68374	0.68374	0.68374	0.68374	0.68212	0.68212	0.68212	0.68212	0.68212	0.68212	0.68212	0.68138	0.68252	0.68252	0.68252	0.68252	0.68077	0.68077	0.68517	0.68517	0.68517	0.68517	0.68517	0.68517	0.68313	0.68369	0.68369	0.68379	0.68379	0.68743	0.68564	0.68564	0.68722	0.68719	0.68719	0.68726	0.68726	0.68506	0.68725	0.68725	0.68725	0.68725	0.68725	0.68855	0.68855	0.68855	0.68855	0.68855	0.68855	0.68855	0.68855	0.68855
"93"	1.10255	1.14227	1.14908	0.96307	0.76466	0.15173	0.15173	0.15266	0.15335	0.14627	0.14627	0.15253	0.15253	0.15158	0.1524	0.1527	0.14824	0.11353	0.11353	0.14605	0.14275	0.14275	0.14319	0.14319	0.08689	0.05187	0.07949	0.07949	0	0.06111	0.06111	0.06111	0.06983	0.0651	0.0651	0.0651	0.0651	0.0651	0.064	0.06322	0.06322	0.06483	0.06483	0.60722	0.60722	0.60722	0.60787	0.6108	0.61158	0.61275	0.61275	0.613	0.61346	0.61412	0.61412	0.61412	0.61412	0.61412	0.61412	0.61412	0.61412	0.61412	0.61799	0.62565	0.62623	0.62635	0.63158	0.63158	0.63682	0.62869	0.62794	0.62634	0.62679	0.63241	0.63455	0.63533	0.63564	0.63517	0.63572	0.63568	0.63568	0.67002	0.67002	0.67002	0.67386	0.67202	0.67202	0.67697	0.67697	0.67421	0.67467	0.67491	0.68088	0.68088	0.67737	0.67737	0.67807	0.68004	0.68206	0.68206	0.68206	0.68068	0.67894	0.67894	0.67972	0.67912	0.67712	0.67757	0.67757	0.67757	0.67676	0.67852	0.67906	0.6708	0.67016	0.67016	0.67016	0.66731	0.67166	0.67019	0.67254	0.67547	0.67348	0.67348	0.67608	0.6756	0.6756	0.67551	0.67737	0.67812	0.67716	0.67716	0.67803	0.68018	0.6778	0.6778	0.67835	0.67933	0.6789	0.67546	0.67546	0.67546	0.6774	0.67744	0.67905	0.67767	0.67767	0.67767	0.67767	0.67767	0.68166	0.68166	0.68029	0.68627	0.68627	0.68627	0.68091	0.68079	0.68043	0.68104	0.6791	0.6791	0.68223	0.68334	0.68334	0.68284	0.68191	0.67993	0.68138	0.68155	0.68155	0.68155	0.68285	0.68285	0.68285	0.68285	0.67995	0.67989	0.68067	0.68067	0.68076	0.68131	0.68273	0.68273	0.68241	0.68241	0.68241	0.68241	0.68241	0.68305	0.70837	0.71264	0.71461	0.71557	0.71557	0.71634	0.7447	0.7447	0.7452	0.78045	0.78783	0.78783	0.78783	0.83329	0.77571	0.77627	0.77627	0.80527	0.80872	0.80825	0.81674	0.81674	0.81674	0.81674	0.81674	0.81674	0.81674	0.68004	0.68889	0.68889	0.68889	0.68889	0.68727	0.68727	0.68727	0.68727	0.68727	0.68727	0.68727	0.68653	0.68767	0.68767	0.68767	0.68767	0.68592	0.68592	0.69032	0.69032	0.69032	0.69032	0.69032	0.69032	0.68828	0.68884	0.68884	0.68894	0.68894	0.69258	0.69079	0.69079	0.69237	0.69234	0.69234	0.69241	0.69241	0.69021	0.6924	0.6924	0.6924	0.6924	0.6924	0.6937	0.6937	0.6937	0.6937	0.6937	0.6937	0.6937	0.6937	0.6937
"100"	1.09892	1.13864	1.14545	0.95944	0.76103	0.1481	0.1481	0.14903	0.14972	0.14264	0.14264	0.1489	0.1489	0.14795	0.14877	0.14907	0.14461	0.1099	0.1099	0.14242	0.13912	0.13912	0.13956	0.13956	0.08326	0.04824	0.07586	0.07586	0.06111	0	0	0	0.03978	0.03505	0.03505	0.03505	0.03505	0.03505	0.03395	0.03317	0.03317	0.03478	0.03478	0.60359	0.60359	0.60359	0.60424	0.60717	0.60795	0.60912	0.60912	0.60937	0.60983	0.61049	0.61049	0.61049	0.61049	0.61049	0.61049	0.61049	0.61049	0.61049	0.61436	0.62202	0.6226	0.62272	0.62795	0.62795	0.63319	0.62506	0.62431	0.62271	0.62316	0.62878	0.63092	0.6317	0.63201	0.63154	0.63209	0.63205	0.63205	0.66639	0.66639	0.66639	0.67023	0.66839	0.66839	0.67334	0.67334	0.67058	0.67104	0.67128	0.67725	0.67725	0.67374	0.67374	0.67444	0.67641	0.67843	0.67843	0.67843	0.67705	0.67531	0.67531	0.67609	0.67549	0.67349	0.67394	0.67394	0.67394	0.67313	0.67489	0.67543	0.66717	0.66653	0.66653	0.66653	0.66368	0.66803	0.66656	0.66891	0.67184	0.66985	0.66985	0.67245	0.67197	0.67197	0.67188	0.67374	0.67449	0.67353	0.67353	0.6744	0.67655	0.67417	0.67417	0.67472	0.6757	0.67527	0.67183	0.67183	0.67183	0.67377	0.67381	0.67542	0.67404	0.67404	0.67404	0.67404	0.67404	0.67803	0.67803	0.67666	0.68264	0.68264	0.68264	0.67728	0.67716	0.6768	0.67741	0.67547	0.67547	0.6786	0.67971	0.67971	0.67921	0.67828	0.6763	0.67775	0.67792	0.67792	0.67792	0.67922	0.67922	0.67922	0.67922	0.67632	0.67626	0.67704	0.67704	0.67713	0.67768	0.6791	0.6791	0.67878	0.67878	0.67878	0.67878	0.67878	0.67942	0.70474	0.70901	0.71098	0.71194	0.71194	0.71271	0.74107	0.74107	0.74157	0.77682	0.7842	0.7842	0.7842	0.82966	0.77208	0.77264	0.77264	0.80164	0.80509	0.80462	0.81311	0.81311	0.81311	0.81311	0.81311	0.81311	0.81311	0.67641	0.68526	0.68526	0.68526	0.68526	0.68364	0.68364	0.68364	0.68364	0.68364	0.68364	0.68364	0.6829	0.68404	0.68404	0.68404	0.68404	0.68229	0.68229	0.68669	0.68669	0.68669	0.68669	0.68669	0.68669	0.68465	0.68521	0.68521	0.68531	0.68531	0.68895	0.68716	0.68716	0.68874	0.68871	0.68871	0.68878	0.68878	0.68658	0.68877	0.68877	0.68877	0.68877	0.68877	0.69007	0.69007	0.69007	0.69007	0.69007	0.69007	0.69007	0.69007	0.69007
"102"	1.09892	1.13864	1.14545	0.95944	0.76103	0.1481	0.1481	0.14903	0.14972	0.14264	0.14264	0.1489	0.1489	0.14795	0.14877	0.14907	0.14461	0.1099	0.1099	0.14242	0.13912	0.13912	0.13956	0.13956	0.08326	0.04824	0.07586	0.07586	0.06111	0	0	0	0.03978	0.03505	0.03505	0.03505	0.03505	0.03505	0.03395	0.03317	0.03317	0.03478	0.03478	0.60359	0.60359	0.60359	0.60424	0.60717	0.60795	0.60912	0.60912	0.60937	0.60983	0.61049	0.61049	0.61049	0.61049	0.61049	0.61049	0.61049	0.61049	0.61049	0.61436	0.62202	0.6226	0.62272	0.62795	0.62795	0.63319	0.62506	0.62431	0.62271	0.62316	0.62878	0.63092	0.6317	0.63201	0.63154	0.63209	0.63205	0.63205	0.66639	0.66639	0.66639	0.67023	0.66839	0.66839	0.67334	0.67334	0.67058	0.67104	0.67128	0.67725	0.67725	0.67374	0.67374	0.67444	0.67641	0.67843	0.67843	0.67843	0.67705	0.67531	0.67531	0.67609	0.67549	0.67349	0.67394	0.67394	0.67394	0.67313	0.67489	0.67543	0.66717	0.66653	0.66653	0.66653	0.66368	0.66803	0.66656	0.66891	0.67184	0.66985	0.66985	0.67245	0.67197	0.67197	0.67188	0.67374	0.67449	0.67353	0.67353	0.6744	0.67655	0.67417	0.67417	0.67472	0.6757	0.67527	0.67183	0.67183	0.67183	0.67377	0.67381	0.67542	0.67404	0.67404	0.67404	0.67404	0.67404	0.67803	0.67803	0.67666	0.68264	0.68264	0.68264	0.67728	0.67716	0.6768	0.67741	0.67547	0.67547	0.6786	0.67971	0.67971	0.67921	0.67828	0.6763	0.67775	0.67792	0.67792	0.67792	0.67922	0.67922	0.67922	0.67922	0.67632	0.67626	0.67704	0.67704	0.67713	0.67768	0.6791	0.6791	0.67878	0.67878	0.67878	0.67878	0.67878	0.67942	0.70474	0.70901	0.71098	0.71194	0.71194	0.71271	0.74107	0.74107	0.74157	0.77682	0.7842	0.7842	0.7842	0.82966	0.77208	0.77264	0.77264	0.80164	0.80509	0.80462	0.81311	0.81311	0.81311	0.81311	0.81311	0.81311	0.81311	0.67641	0.68526	0.68526	0.68526	0.68526	0.68364	0.68364	0.68364	0.68364	0.68364	0.68364	0.68364	0.6829	0.68404	0.68404	0.68404	0.68404	0.68229	0.68229	0.68669	0.68669	0.68669	0.68669	0.68669	0.68669	0.68465	0.68521	0.68521	0.68531	0.68531	0.68895	0.68716	0.68716	0.68874	0.68871	0.68871	0.68878	0.68878	0.68658	0.68877	0.68877	0.68877	0.68877	0.68877	0.69007	0.69007	0.69007	0.69007	0.69007	0.69007	0.69007	0.69007	0.69007
"92"	1.09892	1.13864	1.14545	0.95944	0.76103	0.1481	0.1481	0.14903	0.14972	0.14264	0.14264	0.1489	0.1489	0.14795	0.14877	0.14907	0.14461	0.1099	0.1099	0.14242	0.13912	0.13912	0.13956	0.13956	0.08326	0.04824	0.07586	0.07586	0.06111	0	0	0	0.03978	0.03505	0.03505	0.03505	0.03505	0.03505	0.03395	0.03317	0.03317	0.03478	0.03478	0.60359	0.60359	0.60359	0.60424	0.60717	0.60795	0.60912	0.60912	0.60937	0.60983	0.61049	0.61049	0.61049	0.61049	0.61049	0.61049	0.61049	0.61049	0.61049	0.61436	0.62202	0.6226	0.62272	0.62795	0.62795	0.63319	0.62506	0.62431	0.62271	0.62316	0.62878	0.63092	0.6317	0.63201	0.63154	0.63209	0.63205	0.63205	0.66639	0.66639	0.66639	0.67023	0.66839	0.66839	0.67334	0.67334	0.67058	0.67104	0.67128	0.67725	0.67725	0.67374	0.67374	0.67444	0.67641	0.67843	0.67843	0.67843	0.67705	0.67531	0.67531	0.67609	0.67549	0.67349	0.67394	0.67394	0.67394	0.67313	0.67489	0.67543	0.66717	0.66653	0.66653	0.66653	0.66368	0.66803	0.66656	0.66891	0.67184	0.66985	0.66985	0.67245	0.67197	0.67197	0.67188	0.67374	0.67449	0.67353	0.67353	0.6744	0.67655	0.67417	0.67417	0.67472	0.6757	0.67527	0.67183	0.67183	0.67183	0.67377	0.67381	0.67542	0.67404	0.67404	0.67404	0.67404	0.67404	0.67803	0.67803	0.67666	0.68264	0.68264	0.68264	0.67728	0.67716	0.6768	0.67741	0.67547	0.67547	0.6786	0.67971	0.67971	0.67921	0.67828	0.6763	0.67775	0.67792	0.67792	0.67792	0.67922	0.67922	0.67922	0.67922	0.67632	0.67626	0.67704	0.67704	0.67713	0.67768	0.6791	0.6791	0.67878	0.67878	0.67878	0.67878	0.67878	0.67942	0.70474	0.70901	0.71098	0.71194	0.71194	0.71271	0.74107	0.74107	0.74157	0.77682	0.7842	0.7842	0.7842	0.82966	0.77208	0.77264	0.77264	0.80164	0.80509	0.80462	0.81311	0.81311	0.81311	0.81311	0.81311	0.81311	0.81311	0.67641	0.68526	0.68526	0.68526	0.68526	0.68364	0.68364	0.68364	0.68364	0.68364	0.68364	0.68364	0.6829	0.68404	0.68404	0.68404	0.68404	0.68229	0.68229	0.68669	0.68669	0.68669	0.68669	0.68669	0.68669	0.68465	0.68521	0.68521	0.68531	0.68531	0.68895	0.68716	0.68716	0.68874	0.68871	0.68871	0.68878	0.68878	0.68658	0.68877	0.68877	0.68877	0.68877	0.68877	0.69007	0.69007	0.69007	0.69007	0.69007	0.69007	0.69007	0.69007	0.69007
"309"	1.10764	1.14736	1.15417	0.96816	0.76975	0.15682	0.15682	0.15775	0.15844	0.15136	0.15136	0.15762	0.15762	0.15667	0.15749	0.15779	0.15333	0.11862	0.11862	0.15114	0.14784	0.14784	0.14828	0.14828	0.09198	0.05696	0.08458	0.08458	0.06983	0.03978	0.03978	0.03978	0	0.03599	0.03599	0.03599	0.03599	0.03599	0.03489	0.03411	0.03411	0.03572	0.03572	0.61231	0.61231	0.61231	0.61296	0.61589	0.61667	0.61784	0.61784	0.61809	0.61855	0.61921	0.61921	0.61921	0.61921	0.61921	0.61921	0.61921	0.61921	0.61921	0.62308	0.63074	0.63132	0.63144	0.63667	0.63667	0.64191	0.63378	0.63303	0.63143	0.63188	0.6375	0.63964	0.64042	0.64073	0.64026	0.64081	0.64077	0.64077	0.67511	0.67511	0.67511	0.67895	0.67711	0.67711	0.68206	0.68206	0.6793	0.67976	0.68	0.68597	0.68597	0.68246	0.68246	0.68316	0.68513	0.68715	0.68715	0.68715	0.68577	0.68403	0.68403	0.68481	0.68421	0.68221	0.68266	0.68266	0.68266	0.68185	0.68361	0.68415	0.67589	0.67525	0.67525	0.67525	0.6724	0.67675	0.67528	0.67763	0.68056	0.67857	0.67857	0.68117	0.68069	0.68069	0.6806	0.68246	0.68321	0.68225	0.68225	0.68312	0.68527	0.68289	0.68289	0.68344	0.68442	0.68399	0.68055	0.68055	0.68055	0.68249	0.68253	0.68414	0.68276	0.68276	0.68276	0.68276	0.68276	0.68675	0.68675	0.68538	0.69136	0.69136	0.69136	0.686	0.68588	0.68552	0.68613	0.68419	0.68419	0.68732	0.68843	0.68843	0.68793	0.687	0.68502	0.68647	0.68664	0.68664	0.68664	0.68794	0.68794	0.68794	0.68794	0.68504	0.68498	0.68576	0.68576	0.68585	0.6864	0.68782	0.68782	0.6875	0.6875	0.6875	0.6875	0.6875	0.68814	0.71346	0.71773	0.7197	0.72066	0.72066	0.72143	0.74979	0.74979	0.75029	0.78554	0.79292	0.79292	0.79292	0.83838	0.7808	0.78136	0.78136	0.81036	0.81381	0.81334	0.82183	0.82183	0.82183	0.82183	0.82183	0.82183	0.82183	0.68513	0.69398	0.69398	0.69398	0.69398	0.69236	0.69236	0.69236	0.69236	0.69236	0.69236	0.69236	0.69162	0.69276	0.69276	0.69276	0.69276	0.69101	0.69101	0.69541	0.69541	0.69541	0.69541	0.69541	0.69541	0.69337	0.69393	0.69393	0.69403	0.69403	0.69767	0.69588	0.69588	0.69746	0.69743	0.69743	0.6975	0.6975	0.6953	0.69749	0.69749	0.69749	0.69749	0.69749	0.69879	0.69879	0.69879	0.69879	0.69879	0.69879	0.69879	0.69879	0.69879
"295"	1.10291	1.14263	1.14944	0.96343	0.76502	0.15209	0.15209	0.15302	0.15371	0.14663	0.14663	0.15289	0.15289	0.15194	0.15276	0.15306	0.1486	0.11389	0.11389	0.14641	0.14311	0.14311	0.14355	0.14355	0.08725	0.05223	0.07985	0.07985	0.0651	0.03505	0.03505	0.03505	0.03599	0	0	0	0	0	0.01692	0.01614	0.01614	0.01775	0.01775	0.60758	0.60758	0.60758	0.60823	0.61116	0.61194	0.61311	0.61311	0.61336	0.61382	0.61448	0.61448	0.61448	0.61448	0.61448	0.61448	0.61448	0.61448	0.61448	0.61835	0.62601	0.62659	0.62671	0.63194	0.63194	0.63718	0.62905	0.6283	0.6267	0.62715	0.63277	0.63491	0.63569	0.636	0.63553	0.63608	0.63604	0.63604	0.67038	0.67038	0.67038	0.67422	0.67238	0.67238	0.67733	0.67733	0.67457	0.67503	0.67527	0.68124	0.68124	0.67773	0.67773	0.67843	0.6804	0.68242	0.68242	0.68242	0.68104	0.6793	0.6793	0.68008	0.67948	0.67748	0.67793	0.67793	0.67793	0.67712	0.67888	0.67942	0.67116	0.67052	0.67052	0.67052	0.66767	0.67202	0.67055	0.6729	0.67583	0.67384	0.67384	0.67644	0.67596	0.67596	0.67587	0.67773	0.67848	0.67752	0.67752	0.67839	0.68054	0.67816	0.67816	0.67871	0.67969	0.67926	0.67582	0.67582	0.67582	0.67776	0.6778	0.67941	0.67803	0.67803	0.67803	0.67803	0.67803	0.68202	0.68202	0.68065	0.68663	0.68663	0.68663	0.68127	0.68115	0.68079	0.6814	0.67946	0.67946	0.68259	0.6837	0.6837	0.6832	0.68227	0.68029	0.68174	0.68191	0.68191	0.68191	0.68321	0.68321	0.68321	0.68321	0.68031	0.68025	0.68103	0.68103	0.68112	0.68167	0.68309	0.68309	0.68277	0.68277	0.68277	0.68277	0.68277	0.68341	0.70873	0.713	0.71497	0.71593	0.71593	0.7167	0.74506	0.74506	0.74556	0.78081	0.78819	0.78819	0.78819	0.83365	0.77607	0.77663	0.77663	0.80563	0.80908	0.80861	0.8171	0.8171	0.8171	0.8171	0.8171	0.8171	0.8171	0.6804	0.68925	0.68925	0.68925	0.68925	0.68763	0.68763	0.68763	0.68763	0.68763	0.68763	0.68763	0.68689	0.68803	0.68803	0.68803	0.68803	0.68628	0.68628	0.69068	0.69068	0.69068	0.69068	0.69068	0.69068	0.68864	0.6892	0.6892	0.6893	0.6893	0.69294	0.69115	0.69115	0.69273	0.6927	0.6927	0.69277	0.69277	0.69057	0.69276	0.69276	0.69276	0.69276	0.69276	0.69406	0.69406	0.69406	0.69406	0.69406	0.69406	0.69406	0.69406	0.69406
"297"	1.10291	1.14263	1.14944	0.96343	0.76502	0.15209	0.15209	0.15302	0.15371	0.14663	0.14663	0.15289	0.15289	0.15194	0.15276	0.15306	0.1486	0.11389	0.11389	0.14641	0.14311	0.14311	0.14355	0.14355	0.08725	0.05223	0.07985	0.07985	0.0651	0.03505	0.03505	0.03505	0.03599	0	0	0	0	0	0.01692	0.01614	0.01614	0.01775	0.01775	0.60758	0.60758	0.60758	0.60823	0.61116	0.61194	0.61311	0.61311	0.61336	0.61382	0.61448	0.61448	0.61448	0.61448	0.61448	0.61448	0.61448	0.61448	0.61448	0.61835	0.62601	0.62659	0.62671	0.63194	0.63194	0.63718	0.62905	0.6283	0.6267	0.62715	0.63277	0.63491	0.63569	0.636	0.63553	0.63608	0.63604	0.63604	0.67038	0.67038	0.67038	0.67422	0.67238	0.67238	0.67733	0.67733	0.67457	0.67503	0.67527	0.68124	0.68124	0.67773	0.67773	0.67843	0.6804	0.68242	0.68242	0.68242	0.68104	0.6793	0.6793	0.68008	0.67948	0.67748	0.67793	0.67793	0.67793	0.67712	0.67888	0.67942	0.67116	0.67052	0.67052	0.67052	0.66767	0.67202	0.67055	0.6729	0.67583	0.67384	0.67384	0.67644	0.67596	0.67596	0.67587	0.67773	0.67848	0.67752	0.67752	0.67839	0.68054	0.67816	0.67816	0.67871	0.67969	0.67926	0.67582	0.67582	0.67582	0.67776	0.6778	0.67941	0.67803	0.67803	0.67803	0.67803	0.67803	0.68202	0.68202	0.68065	0.68663	0.68663	0.68663	0.68127	0.68115	0.68079	0.6814	0.67946	0.67946	0.68259	0.6837	0.6837	0.6832	0.68227	0.68029	0.68174	0.68191	0.68191	0.68191	0.68321	0.68321	0.68321	0.68321	0.68031	0.68025	0.68103	0.68103	0.68112	0.68167	0.68309	0.68309	0.68277	0.68277	0.68277	0.68277	0.68277	0.68341	0.70873	0.713	0.71497	0.71593	0.71593	0.7167	0.74506	0.74506	0.74556	0.78081	0.78819	0.78819	0.78819	0.83365	0.77607	0.77663	0.77663	0.80563	0.80908	0.80861	0.8171	0.8171	0.8171	0.8171	0.8171	0.8171	0.8171	0.6804	0.68925	0.68925	0.68925	0.68925	0.68763	0.68763	0.68763	0.68763	0.68763	0.68763	0.68763	0.68689	0.68803	0.68803	0.68803	0.68803	0.68628	0.68628	0.69068	0.69068	0.69068	0.69068	0.69068	0.69068	0.68864	0.6892	0.6892	0.6893	0.6893	0.69294	0.69115	0.69115	0.69273	0.6927	0.6927	0.69277	0.69277	0.69057	0.69276	0.69276	0.69276	0.69276	0.69276	0.69406	0.69406	0.69406	0.69406	0.69406	0.69406	0.69406	0.69406	0.69406
"245"	1.10291	1.14263	1.14944	0.96343	0.76502	0.15209	0.15209	0.15302	0.15371	0.14663	0.14663	0.15289	0.15289	0.15194	0.15276	0.15306	0.1486	0.11389	0.11389	0.14641	0.14311	0.14311	0.14355	0.14355	0.08725	0.05223	0.07985	0.07985	0.0651	0.03505	0.03505	0.03505	0.03599	0	0	0	0	0	0.01692	0.01614	0.01614	0.01775	0.01775	0.60758	0.60758	0.60758	0.60823	0.61116	0.61194	0.61311	0.61311	0.61336	0.61382	0.61448	0.61448	0.61448	0.61448	0.61448	0.61448	0.61448	0.61448	0.61448	0.61835	0.62601	0.62659	0.62671	0.63194	0.63194	0.63718	0.62905	0.6283	0.6267	0.62715	0.63277	0.63491	0.63569	0.636	0.63553	0.63608	0.63604	0.63604	0.67038	0.67038	0.67038	0.67422	0.67238	0.67238	0.67733	0.67733	0.67457	0.67503	0.67527	0.68124	0.68124	0.67773	0.67773	0.67843	0.6804	0.68242	0.68242	0.68242	0.68104	0.6793	0.6793	0.68008	0.67948	0.67748	0.67793	0.67793	0.67793	0.67712	0.67888	0.67942	0.67116	0.67052	0.67052	0.67052	0.66767	0.67202	0.67055	0.6729	0.67583	0.67384	0.67384	0.67644	0.67596	0.67596	0.67587	0.67773	0.67848	0.67752	0.67752	0.67839	0.68054	0.67816	0.67816	0.67871	0.67969	0.67926	0.67582	0.67582	0.67582	0.67776	0.6778	0.67941	0.67803	0.67803	0.67803	0.67803	0.67803	0.68202	0.68202	0.68065	0.68663	0.68663	0.68663	0.68127	0.68115	0.68079	0.6814	0.67946	0.67946	0.68259	0.6837	0.6837	0.6832	0.68227	0.68029	0.68174	0.68191	0.68191	0.68191	0.68321	0.68321	0.68321	0.68321	0.68031	0.68025	0.68103	0.68103	0.68112	0.68167	0.68309	0.68309	0.68277	0.68277	0.68277	0.68277	0.68277	0.68341	0.70873	0.713	0.71497	0.71593	0.71593	0.7167	0.74506	0.74506	0.74556	0.78081	0.78819	0.78819	0.78819	0.83365	0.77607	0.77663	0.77663	0.80563	0.80908	0.80861	0.8171	0.8171	0.8171	0.8171	0.8171	0.8171	0.8171	0.6804	0.68925	0.68925	0.68925	0.68925	0.68763	0.68763	0.68763	0.68763	0.68763	0.68763	0.68763	0.68689	0.68803	0.68803	0.68803	0.68803	0.68628	0.68628	0.69068	0.69068	0.69068	0.69068	0.69068	0.69068	0.68864	0.6892	0.6892	0.6893	0.6893	0.69294	0.69115	0.69115	0.69273	0.6927	0.6927	0.69277	0.69277	0.69057	0.69276	0.69276	0.69276	0.69276	0.69276	0.69406	0.69406	0.69406	0.69406	0.69406	0.69406	0.69406	0.69406	0.69406
"195"	1.10291	1.14263	1.14944	0.96343	0.76502	0.15209	0.15209	0.15302	0.15371	0.14663	0.14663	0.15289	0.15289	0.15194	0.15276	0.15306	0.1486	0.11389	0.11389	0.14641	0.14311	0.14311	0.14355	0.14355	0.08725	0.05223	0.07985	0.07985	0.0651	0.03505	0.03505	0.03505	0.03599	0	0	0	0	0	0.01692	0.01614	0.01614	0.01775	0.01775	0.60758	0.60758	0.60758	0.60823	0.61116	0.61194	0.61311	0.61311	0.61336	0.61382	0.61448	0.61448	0.61448	0.61448	0.61448	0.61448	0.61448	0.61448	0.61448	0.61835	0.62601	0.62659	0.62671	0.63194	0.63194	0.63718	0.62905	0.6283	0.6267	0.62715	0.63277	0.63491	0.63569	0.636	0.63553	0.63608	0.63604	0.63604	0.67038	0.67038	0.67038	0.67422	0.67238	0.67238	0.67733	0.67733	0.67457	0.67503	0.67527	0.68124	0.68124	0.67773	0.67773	0.67843	0.6804	0.68242	0.68242	0.68242	0.68104	0.6793	0.6793	0.68008	0.67948	0.67748	0.67793	0.67793	0.67793	0.67712	0.67888	0.67942	0.67116	0.67052	0.67052	0.67052	0.66767	0.67202	0.67055	0.6729	0.67583	0.67384	0.67384	0.67644	0.67596	0.67596	0.67587	0.67773	0.67848	0.67752	0.67752	0.67839	0.68054	0.67816	0.67816	0.67871	0.67969	0.67926	0.67582	0.67582	0.67582	0.67776	0.6778	0.67941	0.67803	0.67803	0.67803	0.67803	0.67803	0.68202	0.68202	0.68065	0.68663	0.68663	0.68663	0.68127	0.68115	0.68079	0.6814	0.67946	0.67946	0.68259	0.6837	0.6837	0.6832	0.68227	0.68029	0.68174	0.68191	0.68191	0.68191	0.68321	0.68321	0.68321	0.68321	0.68031	0.68025	0.68103	0.68103	0.68112	0.68167	0.68309	0.68309	0.68277	0.68277	0.68277	0.68277	0.68277	0.68341	0.70873	0.713	0.71497	0.71593	0.71593	0.7167	0.74506	0.74506	0.74556	0.78081	0.78819	0.78819	0.78819	0.83365	0.77607	0.77663	0.77663	0.80563	0.80908	0.80861	0.8171	0.8171	0.8171	0.8171	0.8171	0.8171	0.8171	0.6804	0.68925	0.68925	0.68925	0.68925	0.68763	0.68763	0.68763	0.68763	0.68763	0.68763	0.68763	0.68689	0.68803	0.68803	0.68803	0.68803	0.68628	0.68628	0.69068	0.69068	0.69068	0.69068	0.69068	0.69068	0.68864	0.6892	0.6892	0.6893	0.6893	0.69294	0.69115	0.69115	0.69273	0.6927	0.6927	0.69277	0.69277	0.69057	0.69276	0.69276	0.69276	0.69276	0.69276	0.69406	0.69406	0.69406	0.69406	0.69406	0.69406	0.69406	0.69406	0.69406
"196"	1.10291	1.14263	1.14944	0.96343	0.76502	0.15209	0.15209	0.15302	0.15371	0.14663	0.14663	0.15289	0.15289	0.15194	0.15276	0.15306	0.1486	0.11389	0.11389	0.14641	0.14311	0.14311	0.14355	0.14355	0.08725	0.05223	0.07985	0.07985	0.0651	0.03505	0.03505	0.03505	0.03599	0	0	0	0	0	0.01692	0.01614	0.01614	0.01775	0.01775	0.60758	0.60758	0.60758	0.60823	0.61116	0.61194	0.61311	0.61311	0.61336	0.61382	0.61448	0.61448	0.61448	0.61448	0.61448	0.61448	0.61448	0.61448	0.61448	0.61835	0.62601	0.62659	0.62671	0.63194	0.63194	0.63718	0.62905	0.6283	0.6267	0.62715	0.63277	0.63491	0.63569	0.636	0.63553	0.63608	0.63604	0.63604	0.67038	0.67038	0.67038	0.67422	0.67238	0.67238	0.67733	0.67733	0.67457	0.67503	0.67527	0.68124	0.68124	0.67773	0.67773	0.67843	0.6804	0.68242	0.68242	0.68242	0.68104	0.6793	0.6793	0.68008	0.67948	0.67748	0.67793	0.67793	0.67793	0.67712	0.67888	0.67942	0.67116	0.67052	0.67052	0.67052	0.66767	0.67202	0.67055	0.6729	0.67583	0.67384	0.67384	0.67644	0.67596	0.67596	0.67587	0.67773	0.67848	0.67752	0.67752	0.67839	0.68054	0.67816	0.67816	0.67871	0.67969	0.67926	0.67582	0.67582	0.67582	0.67776	0.6778	0.67941	0.67803	0.67803	0.67803	0.67803	0.67803	0.68202	0.68202	0.68065	0.68663	0.68663	0.68663	0.68127	0.68115	0.68079	0.6814	0.67946	0.67946	0.68259	0.6837	0.6837	0.6832	0.68227	0.68029	0.68174	0.68191	0.68191	0.68191	0.68321	0.68321	0.68321	0.68321	0.68031	0.68025	0.68103	0.68103	0.68112	0.68167	0.68309	0.68309	0.68277	0.68277	0.68277	0.68277	0.68277	0.68341	0.70873	0.713	0.71497	0.71593	0.71593	0.7167	0.74506	0.74506	0.74556	0.78081	0.78819	0.78819	0.78819	0.83365	0.77607	0.77663	0.77663	0.80563	0.80908	0.80861	0.8171	0.8171	0.8171	0.8171	0.8171	0.8171	0.8171	0.6804	0.68925	0.68925	0.68925	0.68925	0.68763	0.68763	0.68763	0.68763	0.68763	0.68763	0.68763	0.68689	0.68803	0.68803	0.68803	0.68803	0.68628	0.68628	0.69068	0.69068	0.69068	0.69068	0.69068	0.69068	0.68864	0.6892	0.6892	0.6893	0.6893	0.69294	0.69115	0.69115	0.69273	0.6927	0.6927	0.69277	0.69277	0.69057	0.69276	0.69276	0.69276	0.69276	0.69276	0.69406	0.69406	0.69406	0.69406	0.69406	0.69406	0.69406	0.69406	0.69406
"62"	1.10181	1.14153	1.14834	0.96233	0.76392	0.15099	0.15099	0.15192	0.15261	0.14553	0.14553	0.15179	0.15179	0.15084	0.15166	0.15196	0.1475	0.11279	0.11279	0.14531	0.14201	0.14201	0.14245	0.14245	0.08615	0.05113	0.07875	0.07875	0.064	0.03395	0.03395	0.03395	0.03489	0.01692	0.01692	0.01692	0.01692	0.01692	0	0.01118	0.01118	0.01279	0.01279	0.60648	0.60648	0.60648	0.60713	0.61006	0.61084	0.61201	0.61201	0.61226	0.61272	0.61338	0.61338	0.61338	0.61338	0.61338	0.61338	0.61338	0.61338	0.61338	0.61725	0.62491	0.62549	0.62561	0.63084	0.63084	0.63608	0.62795	0.6272	0.6256	0.62605	0.63167	0.63381	0.63459	0.6349	0.63443	0.63498	0.63494	0.63494	0.66928	0.66928	0.66928	0.67312	0.67128	0.67128	0.67623	0.67623	0.67347	0.67393	0.67417	0.68014	0.68014	0.67663	0.67663	0.67733	0.6793	0.68132	0.68132	0.68132	0.67994	0.6782	0.6782	0.67898	0.67838	0.67638	0.67683	0.67683	0.67683	0.67602	0.67778	0.67832	0.67006	0.66942	0.66942	0.66942	0.66657	0.67092	0.66945	0.6718	0.67473	0.67274	0.67274	0.67534	0.67486	0.67486	0.67477	0.67663	0.67738	0.67642	0.67642	0.67729	0.67944	0.67706	0.67706	0.67761	0.67859	0.67816	0.67472	0.67472	0.67472	0.67666	0.6767	0.67831	0.67693	0.67693	0.67693	0.67693	0.67693	0.68092	0.68092	0.67955	0.68553	0.68553	0.68553	0.68017	0.68005	0.67969	0.6803	0.67836	0.67836	0.68149	0.6826	0.6826	0.6821	0.68117	0.67919	0.68064	0.68081	0.68081	0.68081	0.68211	0.68211	0.68211	0.68211	0.67921	0.67915	0.67993	0.67993	0.68002	0.68057	0.68199	0.68199	0.68167	0.68167	0.68167	0.68167	0.68167	0.68231	0.70763	0.7119	0.71387	0.71483	0.71483	0.7156	0.74396	0.74396	0.74446	0.77971	0.78709	0.78709	0.78709	0.83255	0.77497	0.77553	0.77553	0.80453	0.80798	0.80751	0.816	0.816	0.816	0.816	0.816	0.816	0.816	0.6793	0.68815	0.68815	0.68815	0.68815	0.68653	0.68653	0.68653	0.68653	0.68653	0.68653	0.68653	0.68579	0.68693	0.68693	0.68693	0.68693	0.68518	0.68518	0.68958	0.68958	0.68958	0.68958	0.68958	0.68958	0.68754	0.6881	0.6881	0.6882	0.6882	0.69184	0.69005	0.69005	0.69163	0.6916	0.6916	0.69167	0.69167	0.68947	0.69166	0.69166	0.69166	0.69166	0.69166	0.69296	0.69296	0.69296	0.69296	0.69296	0.69296	0.69296	0.69296	0.69296
"333"	1.10103	1.14075	1.14756	0.96155	0.76314	0.15021	0.15021	0.15114	0.15183	0.14475	0.14475	0.15101	0.15101	0.15006	0.15088	0.15118	0.14672	0.11201	0.11201	0.14453	0.14123	0.14123	0.14167	0.14167	0.08537	0.05035	0.07797	0.07797	0.06322	0.03317	0.03317	0.03317	0.03411	0.01614	0.01614	0.01614	0.01614	0.01614	0.01118	0	0	0.00367	0.00367	0.6057	0.6057	0.6057	0.60635	0.60928	0.61006	0.61123	0.61123	0.61148	0.61194	0.6126	0.6126	0.6126	0.6126	0.6126	0.6126	0.6126	0.6126	0.6126	0.61647	0.62413	0.62471	0.62483	0.63006	0.63006	0.6353	0.62717	0.62642	0.62482	0.62527	0.63089	0.63303	0.63381	0.63412	0.63365	0.6342	0.63416	0.63416	0.6685	0.6685	0.6685	0.67234	0.6705	0.6705	0.67545	0.67545	0.67269	0.67315	0.67339	0.67936	0.67936	0.67585	0.67585	0.67655	0.67852	0.68054	0.68054	0.68054	0.67916	0.67742	0.67742	0.6782	0.6776	0.6756	0.67605	0.67605	0.67605	0.67524	0.677	0.67754	0.66928	0.66864	0.66864	0.66864	0.66579	0.67014	0.66867	0.67102	0.67395	0.67196	0.67196	0.67456	0.67408	0.67408	0.67399	0.67585	0.6766	0.67564	0.67564	0.67651	0.67866	0.67628	0.67628	0.67683	0.67781	0.67738	0.67394	0.67394	0.67394	0.67588	0.67592	0.67753	0.67615	0.67615	0.67615	0.67615	0.67615	0.68014	0.68014	0.67877	0.68475	0.68475	0.68475	0.67939	0.67927	0.67891	0.67952	0.67758	0.67758	0.68071	0.68182	0.68182	0.68132	0.68039	0.67841	0.67986	0.68003	0.68003	0.68003	0.68133	0.68133	0.68133	0.68133	0.67843	0.67837	0.67915	0.67915	0.67924	0.67979	0.68121	0.68121	0.68089	0.68089	0.68089	0.68089	0.68089	0.68153	0.70685	0.71112	0.71309	0.71405	0.71405	0.71482	0.74318	0.74318	0.74368	0.77893	0.78631	0.78631	0.78631	0.83177	0.77419	0.77475	0.77475	0.80375	0.8072	0.80673	0.81522	0.81522	0.81522	0.81522	0.81522	0.81522	0.81522	0.67852	0.68737	0.68737	0.68737	0.68737	0.68575	0.68575	0.68575	0.68575	0.68575	0.68575	0.68575	0.68501	0.68615	0.68615	0.68615	0.68615	0.6844	0.6844	0.6888	0.6888	0.6888	0.6888	0.6888	0.6888	0.68676	0.68732	0.68732	0.68742	0.68742	0.69106	0.68927	0.68927	0.69085	0.69082	0.69082	0.69089	0.69089	0.68869	0.69088	0.69088	0.69088	0.69088	0.69088	0.69218	0.69218	0.69218	0.69218	0.69218	0.69218	0.69218	0.69218	0.69218
"389"	1.10103	1.14075	1.14756	0.96155	0.76314	0.15021	0.15021	0.15114	0.15183	0.14475	0.14475	0.15101	0.15101	0.15006	0.15088	0.15118	0.14672	0.11201	0.11201	0.14453	0.14123	0.14123	0.14167	0.14167	0.08537	0.05035	0.07797	0.07797	0.06322	0.03317	0.03317	0.03317	0.03411	0.01614	0.01614	0.01614	0.01614	0.01614	0.01118	0	0	0.00367	0.00367	0.6057	0.6057	0.6057	0.60635	0.60928	0.61006	0.61123	0.61123	0.61148	0.61194	0.6126	0.6126	0.6126	0.6126	0.6126	0.6126	0.6126	0.6126	0.6126	0.61647	0.62413	0.62471	0.62483	0.63006	0.63006	0.6353	0.62717	0.62642	0.62482	0.62527	0.63089	0.63303	0.63381	0.63412	0.63365	0.6342	0.63416	0.63416	0.6685	0.6685	0.6685	0.67234	0.6705	0.6705	0.67545	0.67545	0.67269	0.67315	0.67339	0.67936	0.67936	0.67585	0.67585	0.67655	0.67852	0.68054	0.68054	0.68054	0.67916	0.67742	0.67742	0.6782	0.6776	0.6756	0.67605	0.67605	0.67605	0.67524	0.677	0.67754	0.66928	0.66864	0.66864	0.66864	0.66579	0.67014	0.66867	0.67102	0.67395	0.67196	0.67196	0.67456	0.67408	0.67408	0.67399	0.67585	0.6766	0.67564	0.67564	0.67651	0.67866	0.67628	0.67628	0.67683	0.67781	0.67738	0.67394	0.67394	0.67394	0.67588	0.67592	0.67753	0.67615	0.67615	0.67615	0.67615	0.67615	0.68014	0.68014	0.67877	0.68475	0.68475	0.68475	0.67939	0.67927	0.67891	0.67952	0.67758	0.67758	0.68071	0.68182	0.68182	0.68132	0.68039	0.67841	0.67986	0.68003	0.68003	0.68003	0.68133	0.68133	0.68133	0.68133	0.67843	0.67837	0.67915	0.67915	0.67924	0.67979	0.68121	0.68121	0.68089	0.68089	0.68089	0.68089	0.68089	0.68153	0.70685	0.71112	0.71309	0.71405	0.71405	0.71482	0.74318	0.74318	0.74368	0.77893	0.78631	0.78631	0.78631	0.83177	0.77419	0.77475	0.77475	0.80375	0.8072	0.80673	0.81522	0.81522	0.81522	0.81522	0.81522	0.81522	0.81522	0.67852	0.68737	0.68737	0.68737	0.68737	0.68575	0.68575	0.68575	0.68575	0.68575	0.68575	0.68575	0.68501	0.68615	0.68615	0.68615	0.68615	0.6844	0.6844	0.6888	0.6888	0.6888	0.6888	0.6888	0.6888	0.68676	0.68732	0.68732	0.68742	0.68742	0.69106	0.68927	0.68927	0.69085	0.69082	0.69082	0.69089	0.69089	0.68869	0.69088	0.69088	0.69088	0.69088	0.69088	0.69218	0.69218	0.69218	0.69218	0.69218	0.69218	0.69218	0.69218	0.69218
"318"	1.10264	1.14236	1.14917	0.96316	0.76475	0.15182	0.15182	0.15275	0.15344	0.14636	0.14636	0.15262	0.15262	0.15167	0.15249	0.15279	0.14833	0.11362	0.11362	0.14614	0.14284	0.14284	0.14328	0.14328	0.08698	0.05196	0.07958	0.07958	0.06483	0.03478	0.03478	0.03478	0.03572	0.01775	0.01775	0.01775	0.01775	0.01775	0.01279	0.00367	0.00367	0	0	0.60731	0.60731	0.60731	0.60796	0.61089	0.61167	0.61284	0.61284	0.61309	0.61355	0.61421	0.61421	0.61421	0.61421	0.61421	0.61421	0.61421	0.61421	0.61421	0.61808	0.62574	0.62632	0.62644	0.63167	0.63167	0.63691	0.62878	0.62803	0.62643	0.62688	0.6325	0.63464	0.63542	0.63573	0.63526	0.63581	0.63577	0.63577	0.67011	0.67011	0.67011	0.67395	0.67211	0.67211	0.67706	0.67706	0.6743	0.67476	0.675	0.68097	0.68097	0.67746	0.67746	0.67816	0.68013	0.68215	0.68215	0.68215	0.68077	0.67903	0.67903	0.67981	0.67921	0.67721	0.67766	0.67766	0.67766	0.67685	0.67861	0.67915	0.67089	0.67025	0.67025	0.67025	0.6674	0.67175	0.67028	0.67263	0.67556	0.67357	0.67357	0.67617	0.67569	0.67569	0.6756	0.67746	0.67821	0.67725	0.67725	0.67812	0.68027	0.67789	0.67789	0.67844	0.67942	0.67899	0.67555	0.67555	0.67555	0.67749	0.67753	0.67914	0.67776	0.67776	0.67776	0.67776	0.67776	0.68175	0.68175	0.68038	0.68636	0.68636	0.68636	0.681	0.68088	0.68052	0.68113	0.67919	0.67919	0.68232	0.68343	0.68343	0.68293	0.682	0.68002	0.68147	0.68164	0.68164	0.68164	0.68294	0.68294	0.68294	0.68294	0.68004	0.67998	0.68076	0.68076	0.68085	0.6814	0.68282	0.68282	0.6825	0.6825	0.6825	0.6825	0.6825	0.68314	0.70846	0.71273	0.7147	0.71566	0.71566	0.71643	0.74479	0.74479	0.74529	0.78054	0.78792	0.78792	0.78792	0.83338	0.7758	0.77636	0.77636	0.80536	0.80881	0.80834	0.81683	0.81683	0.81683	0.81683	0.81683	0.81683	0.81683	0.68013	0.68898	0.68898	0.68898	0.68898	0.68736	0.68736	0.68736	0.68736	0.68736	0.68736	0.68736	0.68662	0.68776	0.68776	0.68776	0.68776	0.68601	0.68601	0.69041	0.69041	0.69041	0.69041	0.69041	0.69041	0.68837	0.68893	0.68893	0.68903	0.68903	0.69267	0.69088	0.69088	0.69246	0.69243	0.69243	0.6925	0.6925	0.6903	0.69249	0.69249	0.69249	0.69249	0.69249	0.69379	0.69379	0.69379	0.69379	0.69379	0.69379	0.69379	0.69379	0.69379
"320"	1.10264	1.14236	1.14917	0.96316	0.76475	0.15182	0.15182	0.15275	0.15344	0.14636	0.14636	0.15262	0.15262	0.15167	0.15249	0.15279	0.14833	0.11362	0.11362	0.14614	0.14284	0.14284	0.14328	0.14328	0.08698	0.05196	0.07958	0.07958	0.06483	0.03478	0.03478	0.03478	0.03572	0.01775	0.01775	0.01775	0.01775	0.01775	0.01279	0.00367	0.00367	0	0	0.60731	0.60731	0.60731	0.60796	0.61089	0.61167	0.61284	0.61284	0.61309	0.61355	0.61421	0.61421	0.61421	0.61421	0.61421	0.61421	0.61421	0.61421	0.61421	0.61808	0.62574	0.62632	0.62644	0.63167	0.63167	0.63691	0.62878	0.62803	0.62643	0.62688	0.6325	0.63464	0.63542	0.63573	0.63526	0.63581	0.63577	0.63577	0.67011	0.67011	0.67011	0.67395	0.67211	0.67211	0.67706	0.67706	0.6743	0.67476	0.675	0.68097	0.68097	0.67746	0.67746	0.67816	0.68013	0.68215	0.68215	0.68215	0.68077	0.67903	0.67903	0.67981	0.67921	0.67721	0.67766	0.67766	0.67766	0.67685	0.67861	0.67915	0.67089	0.67025	0.67025	0.67025	0.6674	0.67175	0.67028	0.67263	0.67556	0.67357	0.67357	0.67617	0.67569	0.67569	0.6756	0.67746	0.67821	0.67725	0.67725	0.67812	0.68027	0.67789	0.67789	0.67844	0.67942	0.67899	0.67555	0.67555	0.67555	0.67749	0.67753	0.67914	0.67776	0.67776	0.67776	0.67776	0.67776	0.68175	0.68175	0.68038	0.68636	0.68636	0.68636	0.681	0.68088	0.68052	0.68113	0.67919	0.67919	0.68232	0.68343	0.68343	0.68293	0.682	0.68002	0.68147	0.68164	0.68164	0.68164	0.68294	0.68294	0.68294	0.68294	0.68004	0.67998	0.68076	0.68076	0.68085	0.6814	0.68282	0.68282	0.6825	0.6825	0.6825	0.6825	0.6825	0.68314	0.70846	0.71273	0.7147	0.71566	0.71566	0.71643	0.74479	0.74479	0.74529	0.78054	0.78792	0.78792	0.78792	0.83338	0.7758	0.77636	0.77636	0.80536	0.80881	0.80834	0.81683	0.81683	0.81683	0.81683	0.81683	0.81683	0.81683	0.68013	0.68898	0.68898	0.68898	0.68898	0.68736	0.68736	0.68736	0.68736	0.68736	0.68736	0.68736	0.68662	0.68776	0.68776	0.68776	0.68776	0.68601	0.68601	0.69041	0.69041	0.69041	0.69041	0.69041	0.69041	0.68837	0.68893	0.68893	0.68903	0.68903	0.69267	0.69088	0.69088	0.69246	0.69243	0.69243	0.6925	0.6925	0.6903	0.69249	0.69249	0.69249	0.69249	0.69249	0.69379	0.69379	0.69379	0.69379	0.69379	0.69379	0.69379	0.69379	0.69379
"244"	0.88095	0.92067	0.92748	0.74147	0.54306	0.45657	0.45657	0.46284	0.46353	0.47825	0.47825	0.53961	0.53961	0.53866	0.53948	0.53978	0.55642	0.56819	0.56819	0.60071	0.59741	0.59741	0.59785	0.59785	0.58585	0.57445	0.60207	0.60207	0.60722	0.60359	0.60359	0.60359	0.61231	0.60758	0.60758	0.60758	0.60758	0.60758	0.60648	0.6057	0.6057	0.60731	0.60731	0	0	0	0.00175	0.00468	0.00546	0.00663	0.00663	0.00688	0.00734	0.008	0.008	0.008	0.008	0.008	0.008	0.008	0.008	0.008	0.01187	0.01953	0.02011	0.02023	0.02546	0.02546	0.0307	0.02257	0.02182	0.02022	0.02067	0.02629	0.02843	0.02921	0.02952	0.02905	0.0296	0.02956	0.02956	0.0639	0.0639	0.0639	0.06774	0.0659	0.0659	0.07085	0.07085	0.06809	0.06855	0.06879	0.07476	0.07476	0.07125	0.07125	0.07195	0.07392	0.07594	0.07594	0.07594	0.07456	0.07282	0.07282	0.0736	0.073	0.071	0.07145	0.07145	0.07145	0.07064	0.0724	0.07294	0.06468	0.06404	0.06404	0.06404	0.06119	0.06554	0.06407	0.06642	0.06935	0.06736	0.06736	0.06996	0.06948	0.06948	0.06939	0.07125	0.072	0.07104	0.07104	0.07191	0.07406	0.07168	0.07168	0.07223	0.07321	0.07278	0.06934	0.06934	0.06934	0.07128	0.07132	0.07293	0.07155	0.07155	0.07155	0.07155	0.07155	0.07554	0.07554	0.07417	0.08015	0.08015	0.08015	0.07479	0.07467	0.07431	0.07492	0.07298	0.07298	0.07611	0.07722	0.07722	0.07672	0.07579	0.07381	0.07526	0.07543	0.07543	0.07543	0.07673	0.07673	0.07673	0.07673	0.07383	0.07377	0.07455	0.07455	0.07464	0.07519	0.07661	0.07661	0.07629	0.07629	0.07629	0.07629	0.07629	0.07693	0.10225	0.10652	0.10849	0.10945	0.10945	0.11022	0.13858	0.13858	0.13908	0.17433	0.18171	0.18171	0.18171	0.22717	0.16959	0.17015	0.17015	0.19915	0.2026	0.20213	0.21062	0.21062	0.21062	0.21062	0.21062	0.21062	0.21062	0.07392	0.08277	0.08277	0.08277	0.08277	0.08115	0.08115	0.08115	0.08115	0.08115	0.08115	0.08115	0.08041	0.08155	0.08155	0.08155	0.08155	0.0798	0.0798	0.0842	0.0842	0.0842	0.0842	0.0842	0.0842	0.08216	0.08272	0.08272	0.08282	0.08282	0.08646	0.08467	0.08467	0.08625	0.08622	0.08622	0.08629	0.08629	0.08409	0.08628	0.08628	0.08628	0.08628	0.08628	0.08758	0.08758	0.08758	0.08758	0.08758	0.08758	0.08758	0.08758	0.08758
"197"	0.88095	0.92067	0.92748	0.74147	0.54306	0.45657	0.45657	0.46284	0.46353	0.47825	0.47825	0.53961	0.53961	0.53866	0.53948	0.53978	0.55642	0.56819	0.56819	0.60071	0.59741	0.59741	0.59785	0.59785	0.58585	0.57445	0.60207	0.60207	0.60722	0.60359	0.60359	0.60359	0.61231	0.60758	0.60758	0.60758	0.60758	0.60758	0.60648	0.6057	0.6057	0.60731	0.60731	0	0	0	0.00175	0.00468	0.00546	0.00663	0.00663	0.00688	0.00734	0.008	0.008	0.008	0.008	0.008	0.008	0.008	0.008	0.008	0.01187	0.01953	0.02011	0.02023	0.02546	0.02546	0.0307	0.02257	0.02182	0.02022	0.02067	0.02629	0.02843	0.02921	0.02952	0.02905	0.0296	0.02956	0.02956	0.0639	0.0639	0.0639	0.06774	0.0659	0.0659	0.07085	0.07085	0.06809	0.06855	0.06879	0.07476	0.07476	0.07125	0.07125	0.07195	0.07392	0.07594	0.07594	0.07594	0.07456	0.07282	0.07282	0.0736	0.073	0.071	0.07145	0.07145	0.07145	0.07064	0.0724	0.07294	0.06468	0.06404	0.06404	0.06404	0.06119	0.06554	0.06407	0.06642	0.06935	0.06736	0.06736	0.06996	0.06948	0.06948	0.06939	0.07125	0.072	0.07104	0.07104	0.07191	0.07406	0.07168	0.07168	0.07223	0.07321	0.07278	0.06934	0.06934	0.06934	0.07128	0.07132	0.07293	0.07155	0.07155	0.07155	0.07155	0.07155	0.07554	0.07554	0.07417	0.08015	0.08015	0.08015	0.07479	0.07467	0.07431	0.07492	0.07298	0.07298	0.07611	0.07722	0.07722	0.07672	0.07579	0.07381	0.07526	0.07543	0.07543	0.07543	0.07673	0.07673	0.07673	0.07673	0.07383	0.07377	0.07455	0.07455	0.07464	0.07519	0.07661	0.07661	0.07629	0.07629	0.07629	0.07629	0.07629	0.07693	0.10225	0.10652	0.10849	0.10945	0.10945	0.11022	0.13858	0.13858	0.13908	0.17433	0.18171	0.18171	0.18171	0.22717	0.16959	0.17015	0.17015	0.19915	0.2026	0.20213	0.21062	0.21062	0.21062	0.21062	0.21062	0.21062	0.21062	0.07392	0.08277	0.08277	0.08277	0.08277	0.08115	0.08115	0.08115	0.08115	0.08115	0.08115	0.08115	0.08041	0.08155	0.08155	0.08155	0.08155	0.0798	0.0798	0.0842	0.0842	0.0842	0.0842	0.0842	0.0842	0.08216	0.08272	0.08272	0.08282	0.08282	0.08646	0.08467	0.08467	0.08625	0.08622	0.08622	0.08629	0.08629	0.08409	0.08628	0.08628	0.08628	0.08628	0.08628	0.08758	0.08758	0.08758	0.08758	0.08758	0.08758	0.08758	0.08758	0.08758
"200"	0.88095	0.92067	0.92748	0.74147	0.54306	0.45657	0.45657	0.46284	0.46353	0.47825	0.47825	0.53961	0.53961	0.53866	0.53948	0.53978	0.55642	0.56819	0.56819	0.60071	0.59741	0.59741	0.59785	0.59785	0.58585	0.57445	0.60207	0.60207	0.60722	0.60359	0.60359	0.60359	0.61231	0.60758	0.60758	0.60758	0.60758	0.60758	0.60648	0.6057	0.6057	0.60731	0.60731	0	0	0	0.00175	0.00468	0.00546	0.00663	0.00663	0.00688	0.00734	0.008	0.008	0.008	0.008	0.008	0.008	0.008	0.008	0.008	0.01187	0.01953	0.02011	0.02023	0.02546	0.02546	0.0307	0.02257	0.02182	0.02022	0.02067	0.02629	0.02843	0.02921	0.02952	0.02905	0.0296	0.02956	0.02956	0.0639	0.0639	0.0639	0.06774	0.0659	0.0659	0.07085	0.07085	0.06809	0.06855	0.06879	0.07476	0.07476	0.07125	0.07125	0.07195	0.07392	0.07594	0.07594	0.07594	0.07456	0.07282	0.07282	0.0736	0.073	0.071	0.07145	0.07145	0.07145	0.07064	0.0724	0.07294	0.06468	0.06404	0.06404	0.06404	0.06119	0.06554	0.06407	0.06642	0.06935	0.06736	0.06736	0.06996	0.06948	0.06948	0.06939	0.07125	0.072	0.07104	0.07104	0.07191	0.07406	0.07168	0.07168	0.07223	0.07321	0.07278	0.06934	0.06934	0.06934	0.07128	0.07132	0.07293	0.07155	0.07155	0.07155	0.07155	0.07155	0.07554	0.07554	0.07417	0.08015	0.08015	0.08015	0.07479	0.07467	0.07431	0.07492	0.07298	0.07298	0.07611	0.07722	0.07722	0.07672	0.07579	0.07381	0.07526	0.07543	0.07543	0.07543	0.07673	0.07673	0.07673	0.07673	0.07383	0.07377	0.07455	0.07455	0.07464	0.07519	0.07661	0.07661	0.07629	0.07629	0.07629	0.07629	0.07629	0.07693	0.10225	0.10652	0.10849	0.10945	0.10945	0.11022	0.13858	0.13858	0.13908	0.17433	0.18171	0.18171	0.18171	0.22717	0.16959	0.17015	0.17015	0.19915	0.2026	0.20213	0.21062	0.21062	0.21062	0.21062	0.21062	0.21062	0.21062	0.07392	0.08277	0.08277	0.08277	0.08277	0.08115	0.08115	0.08115	0.08115	0.08115	0.08115	0.08115	0.08041	0.08155	0.08155	0.08155	0.08155	0.0798	0.0798	0.0842	0.0842	0.0842	0.0842	0.0842	0.0842	0.08216	0.08272	0.08272	0.08282	0.08282	0.08646	0.08467	0.08467	0.08625	0.08622	0.08622	0.08629	0.08629	0.08409	0.08628	0.08628	0.08628	0.08628	0.08628	0.08758	0.08758	0.08758	0.08758	0.08758	0.08758	0.08758	0.08758	0.08758
"14"	0.8816	0.92132	0.92813	0.74212	0.54371	0.45722	0.45722	0.46349	0.46418	0.4789	0.4789	0.54026	0.54026	0.53931	0.54013	0.54043	0.55707	0.56884	0.56884	0.60136	0.59806	0.59806	0.5985	0.5985	0.5865	0.5751	0.60272	0.60272	0.60787	0.60424	0.60424	0.60424	0.61296	0.60823	0.60823	0.60823	0.60823	0.60823	0.60713	0.60635	0.60635	0.60796	0.60796	0.00175	0.00175	0.00175	0	0.00427	0.00505	0.00622	0.00622	0.00647	0.00693	0.00759	0.00759	0.00759	0.00759	0.00759	0.00759	0.00759	0.00759	0.00759	0.01146	0.01912	0.0197	0.01982	0.02505	0.02505	0.03029	0.02216	0.02141	0.01981	0.02026	0.02588	0.02802	0.0288	0.02911	0.02864	0.02919	0.02915	0.02915	0.06349	0.06349	0.06349	0.06733	0.06549	0.06549	0.07044	0.07044	0.06768	0.06814	0.06838	0.07435	0.07435	0.07084	0.07084	0.07154	0.07351	0.07553	0.07553	0.07553	0.07415	0.07241	0.07241	0.07319	0.07259	0.07059	0.07104	0.07104	0.07104	0.07023	0.07199	0.07253	0.06427	0.06363	0.06363	0.06363	0.06078	0.06513	0.06366	0.06601	0.06894	0.06695	0.06695	0.06955	0.06907	0.06907	0.06898	0.07084	0.07159	0.07063	0.07063	0.0715	0.07365	0.07127	0.07127	0.07182	0.0728	0.07237	0.06893	0.06893	0.06893	0.07087	0.07091	0.07252	0.07114	0.07114	0.07114	0.07114	0.07114	0.07513	0.07513	0.07376	0.07974	0.07974	0.07974	0.07438	0.07426	0.0739	0.07451	0.07257	0.07257	0.0757	0.07681	0.07681	0.07631	0.07538	0.0734	0.07485	0.07502	0.07502	0.07502	0.07632	0.07632	0.07632	0.07632	0.07342	0.07336	0.07414	0.07414	0.07423	0.07478	0.0762	0.0762	0.07588	0.07588	0.07588	0.07588	0.07588	0.07652	0.10184	0.10611	0.10808	0.10904	0.10904	0.10981	0.13817	0.13817	0.13867	0.17392	0.1813	0.1813	0.1813	0.22676	0.16918	0.16974	0.16974	0.19874	0.20219	0.20172	0.21021	0.21021	0.21021	0.21021	0.21021	0.21021	0.21021	0.07351	0.08236	0.08236	0.08236	0.08236	0.08074	0.08074	0.08074	0.08074	0.08074	0.08074	0.08074	0.08	0.08114	0.08114	0.08114	0.08114	0.07939	0.07939	0.08379	0.08379	0.08379	0.08379	0.08379	0.08379	0.08175	0.08231	0.08231	0.08241	0.08241	0.08605	0.08426	0.08426	0.08584	0.08581	0.08581	0.08588	0.08588	0.08368	0.08587	0.08587	0.08587	0.08587	0.08587	0.08717	0.08717	0.08717	0.08717	0.08717	0.08717	0.08717	0.08717	0.08717
"190"	0.88453	0.92425	0.93106	0.74505	0.54664	0.46015	0.46015	0.46642	0.46711	0.48183	0.48183	0.54319	0.54319	0.54224	0.54306	0.54336	0.56	0.57177	0.57177	0.60429	0.60099	0.60099	0.60143	0.60143	0.58943	0.57803	0.60565	0.60565	0.6108	0.60717	0.60717	0.60717	0.61589	0.61116	0.61116	0.61116	0.61116	0.61116	0.61006	0.60928	0.60928	0.61089	0.61089	0.00468	0.00468	0.00468	0.00427	0	0.00406	0.00523	0.00523	0.00548	0.00594	0.0066	0.0066	0.0066	0.0066	0.0066	0.0066	0.0066	0.0066	0.0066	0.01047	0.01813	0.01871	0.01883	0.02406	0.02406	0.0293	0.02117	0.02042	0.01882	0.01927	0.02489	0.02703	0.02781	0.02812	0.02765	0.0282	0.02816	0.02816	0.0625	0.0625	0.0625	0.06634	0.0645	0.0645	0.06945	0.06945	0.06669	0.06715	0.06739	0.07336	0.07336	0.06985	0.06985	0.07055	0.07252	0.07454	0.07454	0.07454	0.07316	0.07142	0.07142	0.0722	0.0716	0.0696	0.07005	0.07005	0.07005	0.06924	0.071	0.07154	0.06328	0.06264	0.06264	0.06264	0.05979	0.06414	0.06267	0.06502	0.06795	0.06596	0.06596	0.06856	0.06808	0.06808	0.06799	0.06985	0.0706	0.06964	0.06964	0.07051	0.07266	0.07028	0.07028	0.07083	0.07181	0.07138	0.06794	0.06794	0.06794	0.06988	0.06992	0.07153	0.07015	0.07015	0.07015	0.07015	0.07015	0.07414	0.07414	0.07277	0.07875	0.07875	0.07875	0.07339	0.07327	0.07291	0.07352	0.07158	0.07158	0.07471	0.07582	0.07582	0.07532	0.07439	0.07241	0.07386	0.07403	0.07403	0.07403	0.07533	0.07533	0.07533	0.07533	0.07243	0.07237	0.07315	0.07315	0.07324	0.07379	0.07521	0.07521	0.07489	0.07489	0.07489	0.07489	0.07489	0.07553	0.10085	0.10512	0.10709	0.10805	0.10805	0.10882	0.13718	0.13718	0.13768	0.17293	0.18031	0.18031	0.18031	0.22577	0.16819	0.16875	0.16875	0.19775	0.2012	0.20073	0.20922	0.20922	0.20922	0.20922	0.20922	0.20922	0.20922	0.07252	0.08137	0.08137	0.08137	0.08137	0.07975	0.07975	0.07975	0.07975	0.07975	0.07975	0.07975	0.07901	0.08015	0.08015	0.08015	0.08015	0.0784	0.0784	0.0828	0.0828	0.0828	0.0828	0.0828	0.0828	0.08076	0.08132	0.08132	0.08142	0.08142	0.08506	0.08327	0.08327	0.08485	0.08482	0.08482	0.08489	0.08489	0.08269	0.08488	0.08488	0.08488	0.08488	0.08488	0.08618	0.08618	0.08618	0.08618	0.08618	0.08618	0.08618	0.08618	0.08618
"2"	0.88531	0.92503	0.93184	0.74583	0.54742	0.46093	0.46093	0.4672	0.46789	0.48261	0.48261	0.54397	0.54397	0.54302	0.54384	0.54414	0.56078	0.57255	0.57255	0.60507	0.60177	0.60177	0.60221	0.60221	0.59021	0.57881	0.60643	0.60643	0.61158	0.60795	0.60795	0.60795	0.61667	0.61194	0.61194	0.61194	0.61194	0.61194	0.61084	0.61006	0.61006	0.61167	0.61167	0.00546	0.00546	0.00546	0.00505	0.00406	0	0.00381	0.00381	0.00406	0.00452	0.00518	0.00518	0.00518	0.00518	0.00518	0.00518	0.00518	0.00518	0.00518	0.00905	0.01671	0.01729	0.01741	0.02264	0.02264	0.02788	0.01975	0.019	0.0174	0.01785	0.02347	0.02561	0.02639	0.0267	0.02623	0.02678	0.02674	0.02674	0.06108	0.06108	0.06108	0.06492	0.06308	0.06308	0.06803	0.06803	0.06527	0.06573	0.06597	0.07194	0.07194	0.06843	0.06843	0.06913	0.0711	0.07312	0.07312	0.07312	0.07174	0.07	0.07	0.07078	0.07018	0.06818	0.06863	0.06863	0.06863	0.06782	0.06958	0.07012	0.06186	0.06122	0.06122	0.06122	0.05837	0.06272	0.06125	0.0636	0.06653	0.06454	0.06454	0.06714	0.06666	0.06666	0.06657	0.06843	0.06918	0.06822	0.06822	0.06909	0.07124	0.06886	0.06886	0.06941	0.07039	0.06996	0.06652	0.06652	0.06652	0.06846	0.0685	0.07011	0.06873	0.06873	0.06873	0.06873	0.06873	0.07272	0.07272	0.07135	0.07733	0.07733	0.07733	0.07197	0.07185	0.07149	0.0721	0.07016	0.07016	0.07329	0.0744	0.0744	0.0739	0.07297	0.07099	0.07244	0.07261	0.07261	0.07261	0.07391	0.07391	0.07391	0.07391	0.07101	0.07095	0.07173	0.07173	0.07182	0.07237	0.07379	0.07379	0.07347	0.07347	0.07347	0.07347	0.07347	0.07411	0.09943	0.1037	0.10567	0.10663	0.10663	0.1074	0.13576	0.13576	0.13626	0.17151	0.17889	0.17889	0.17889	0.22435	0.16677	0.16733	0.16733	0.19633	0.19978	0.19931	0.2078	0.2078	0.2078	0.2078	0.2078	0.2078	0.2078	0.0711	0.07995	0.07995	0.07995	0.07995	0.07833	0.07833	0.07833	0.07833	0.07833	0.07833	0.07833	0.07759	0.07873	0.07873	0.07873	0.07873	0.07698	0.07698	0.08138	0.08138	0.08138	0.08138	0.08138	0.08138	0.07934	0.0799	0.0799	0.08	0.08	0.08364	0.08185	0.08185	0.08343	0.0834	0.0834	0.08347	0.08347	0.08127	0.08346	0.08346	0.08346	0.08346	0.08346	0.08476	0.08476	0.08476	0.08476	0.08476	0.08476	0.08476	0.08476	0.08476
"15"	0.88648	0.9262	0.93301	0.747	0.54859	0.4621	0.4621	0.46837	0.46906	0.48378	0.48378	0.54514	0.54514	0.54419	0.54501	0.54531	0.56195	0.57372	0.57372	0.60624	0.60294	0.60294	0.60338	0.60338	0.59138	0.57998	0.6076	0.6076	0.61275	0.60912	0.60912	0.60912	0.61784	0.61311	0.61311	0.61311	0.61311	0.61311	0.61201	0.61123	0.61123	0.61284	0.61284	0.00663	0.00663	0.00663	0.00622	0.00523	0.00381	0	0	0.00195	0.00241	0.00461	0.00461	0.00461	0.00461	0.00461	0.00461	0.00461	0.00461	0.00461	0.00848	0.01614	0.01672	0.01684	0.02207	0.02207	0.02731	0.01918	0.01843	0.01683	0.01728	0.0229	0.02504	0.02582	0.02613	0.02566	0.02621	0.02617	0.02617	0.06051	0.06051	0.06051	0.06435	0.06251	0.06251	0.06746	0.06746	0.0647	0.06516	0.0654	0.07137	0.07137	0.06786	0.06786	0.06856	0.07053	0.07255	0.07255	0.07255	0.07117	0.06943	0.06943	0.07021	0.06961	0.06761	0.06806	0.06806	0.06806	0.06725	0.06901	0.06955	0.06129	0.06065	0.06065	0.06065	0.0578	0.06215	0.06068	0.06303	0.06596	0.06397	0.06397	0.06657	0.06609	0.06609	0.066	0.06786	0.06861	0.06765	0.06765	0.06852	0.07067	0.06829	0.06829	0.06884	0.06982	0.06939	0.06595	0.06595	0.06595	0.06789	0.06793	0.06954	0.06816	0.06816	0.06816	0.06816	0.06816	0.07215	0.07215	0.07078	0.07676	0.07676	0.07676	0.0714	0.07128	0.07092	0.07153	0.06959	0.06959	0.07272	0.07383	0.07383	0.07333	0.0724	0.07042	0.07187	0.07204	0.07204	0.07204	0.07334	0.07334	0.07334	0.07334	0.07044	0.07038	0.07116	0.07116	0.07125	0.0718	0.07322	0.07322	0.0729	0.0729	0.0729	0.0729	0.0729	0.07354	0.09886	0.10313	0.1051	0.10606	0.10606	0.10683	0.13519	0.13519	0.13569	0.17094	0.17832	0.17832	0.17832	0.22378	0.1662	0.16676	0.16676	0.19576	0.19921	0.19874	0.20723	0.20723	0.20723	0.20723	0.20723	0.20723	0.20723	0.07053	0.07938	0.07938	0.07938	0.07938	0.07776	0.07776	0.07776	0.07776	0.07776	0.07776	0.07776	0.07702	0.07816	0.07816	0.07816	0.07816	0.07641	0.07641	0.08081	0.08081	0.08081	0.08081	0.08081	0.08081	0.07877	0.07933	0.07933	0.07943	0.07943	0.08307	0.08128	0.08128	0.08286	0.08283	0.08283	0.0829	0.0829	0.0807	0.08289	0.08289	0.08289	0.08289	0.08289	0.08419	0.08419	0.08419	0.08419	0.08419	0.08419	0.08419	0.08419	0.08419
"17"	0.88648	0.9262	0.93301	0.747	0.54859	0.4621	0.4621	0.46837	0.46906	0.48378	0.48378	0.54514	0.54514	0.54419	0.54501	0.54531	0.56195	0.57372	0.57372	0.60624	0.60294	0.60294	0.60338	0.60338	0.59138	0.57998	0.6076	0.6076	0.61275	0.60912	0.60912	0.60912	0.61784	0.61311	0.61311	0.61311	0.61311	0.61311	0.61201	0.61123	0.61123	0.61284	0.61284	0.00663	0.00663	0.00663	0.00622	0.00523	0.00381	0	0	0.00195	0.00241	0.00461	0.00461	0.00461	0.00461	0.00461	0.00461	0.00461	0.00461	0.00461	0.00848	0.01614	0.01672	0.01684	0.02207	0.02207	0.02731	0.01918	0.01843	0.01683	0.01728	0.0229	0.02504	0.02582	0.02613	0.02566	0.02621	0.02617	0.02617	0.06051	0.06051	0.06051	0.06435	0.06251	0.06251	0.06746	0.06746	0.0647	0.06516	0.0654	0.07137	0.07137	0.06786	0.06786	0.06856	0.07053	0.07255	0.07255	0.07255	0.07117	0.06943	0.06943	0.07021	0.06961	0.06761	0.06806	0.06806	0.06806	0.06725	0.06901	0.06955	0.06129	0.06065	0.06065	0.06065	0.0578	0.06215	0.06068	0.06303	0.06596	0.06397	0.06397	0.06657	0.06609	0.06609	0.066	0.06786	0.06861	0.06765	0.06765	0.06852	0.07067	0.06829	0.06829	0.06884	0.06982	0.06939	0.06595	0.06595	0.06595	0.06789	0.06793	0.06954	0.06816	0.06816	0.06816	0.06816	0.06816	0.07215	0.07215	0.07078	0.07676	0.07676	0.07676	0.0714	0.07128	0.07092	0.07153	0.06959	0.06959	0.07272	0.07383	0.07383	0.07333	0.0724	0.07042	0.07187	0.07204	0.07204	0.07204	0.07334	0.07334	0.07334	0.07334	0.07044	0.07038	0.07116	0.07116	0.07125	0.0718	0.07322	0.07322	0.0729	0.0729	0.0729	0.0729	0.0729	0.07354	0.09886	0.10313	0.1051	0.10606	0.10606	0.10683	0.13519	0.13519	0.13569	0.17094	0.17832	0.17832	0.17832	0.22378	0.1662	0.16676	0.16676	0.19576	0.19921	0.19874	0.20723	0.20723	0.20723	0.20723	0.20723	0.20723	0.20723	0.07053	0.07938	0.07938	0.07938	0.07938	0.07776	0.07776	0.07776	0.07776	0.07776	0.07776	0.07776	0.07702	0.07816	0.07816	0.07816	0.07816	0.07641	0.07641	0.08081	0.08081	0.08081	0.08081	0.08081	0.08081	0.07877	0.07933	0.07933	0.07943	0.07943	0.08307	0.08128	0.08128	0.08286	0.08283	0.08283	0.0829	0.0829	0.0807	0.08289	0.08289	0.08289	0.08289	0.08289	0.08419	0.08419	0.08419	0.08419	0.08419	0.08419	0.08419	0.08419	0.08419
"69"	0.88673	0.92645	0.93326	0.74725	0.54884	0.46235	0.46235	0.46862	0.46931	0.48403	0.48403	0.54539	0.54539	0.54444	0.54526	0.54556	0.5622	0.57397	0.57397	0.60649	0.60319	0.60319	0.60363	0.60363	0.59163	0.58023	0.60785	0.60785	0.613	0.60937	0.60937	0.60937	0.61809	0.61336	0.61336	0.61336	0.61336	0.61336	0.61226	0.61148	0.61148	0.61309	0.61309	0.00688	0.00688	0.00688	0.00647	0.00548	0.00406	0.00195	0.00195	0	0.00156	0.00486	0.00486	0.00486	0.00486	0.00486	0.00486	0.00486	0.00486	0.00486	0.00873	0.01639	0.01697	0.01709	0.02232	0.02232	0.02756	0.01943	0.01868	0.01708	0.01753	0.02315	0.02529	0.02607	0.02638	0.02591	0.02646	0.02642	0.02642	0.06076	0.06076	0.06076	0.0646	0.06276	0.06276	0.06771	0.06771	0.06495	0.06541	0.06565	0.07162	0.07162	0.06811	0.06811	0.06881	0.07078	0.0728	0.0728	0.0728	0.07142	0.06968	0.06968	0.07046	0.06986	0.06786	0.06831	0.06831	0.06831	0.0675	0.06926	0.0698	0.06154	0.0609	0.0609	0.0609	0.05805	0.0624	0.06093	0.06328	0.06621	0.06422	0.06422	0.06682	0.06634	0.06634	0.06625	0.06811	0.06886	0.0679	0.0679	0.06877	0.07092	0.06854	0.06854	0.06909	0.07007	0.06964	0.0662	0.0662	0.0662	0.06814	0.06818	0.06979	0.06841	0.06841	0.06841	0.06841	0.06841	0.0724	0.0724	0.07103	0.07701	0.07701	0.07701	0.07165	0.07153	0.07117	0.07178	0.06984	0.06984	0.07297	0.07408	0.07408	0.07358	0.07265	0.07067	0.07212	0.07229	0.07229	0.07229	0.07359	0.07359	0.07359	0.07359	0.07069	0.07063	0.07141	0.07141	0.0715	0.07205	0.07347	0.07347	0.07315	0.07315	0.07315	0.07315	0.07315	0.07379	0.09911	0.10338	0.10535	0.10631	0.10631	0.10708	0.13544	0.13544	0.13594	0.17119	0.17857	0.17857	0.17857	0.22403	0.16645	0.16701	0.16701	0.19601	0.19946	0.19899	0.20748	0.20748	0.20748	0.20748	0.20748	0.20748	0.20748	0.07078	0.07963	0.07963	0.07963	0.07963	0.07801	0.07801	0.07801	0.07801	0.07801	0.07801	0.07801	0.07727	0.07841	0.07841	0.07841	0.07841	0.07666	0.07666	0.08106	0.08106	0.08106	0.08106	0.08106	0.08106	0.07902	0.07958	0.07958	0.07968	0.07968	0.08332	0.08153	0.08153	0.08311	0.08308	0.08308	0.08315	0.08315	0.08095	0.08314	0.08314	0.08314	0.08314	0.08314	0.08444	0.08444	0.08444	0.08444	0.08444	0.08444	0.08444	0.08444	0.08444
"16"	0.88719	0.92691	0.93372	0.74771	0.5493	0.46281	0.46281	0.46908	0.46977	0.48449	0.48449	0.54585	0.54585	0.5449	0.54572	0.54602	0.56266	0.57443	0.57443	0.60695	0.60365	0.60365	0.60409	0.60409	0.59209	0.58069	0.60831	0.60831	0.61346	0.60983	0.60983	0.60983	0.61855	0.61382	0.61382	0.61382	0.61382	0.61382	0.61272	0.61194	0.61194	0.61355	0.61355	0.00734	0.00734	0.00734	0.00693	0.00594	0.00452	0.00241	0.00241	0.00156	0	0.00532	0.00532	0.00532	0.00532	0.00532	0.00532	0.00532	0.00532	0.00532	0.00919	0.01685	0.01743	0.01755	0.02278	0.02278	0.02802	0.01989	0.01914	0.01754	0.01799	0.02361	0.02575	0.02653	0.02684	0.02637	0.02692	0.02688	0.02688	0.06122	0.06122	0.06122	0.06506	0.06322	0.06322	0.06817	0.06817	0.06541	0.06587	0.06611	0.07208	0.07208	0.06857	0.06857	0.06927	0.07124	0.07326	0.07326	0.07326	0.07188	0.07014	0.07014	0.07092	0.07032	0.06832	0.06877	0.06877	0.06877	0.06796	0.06972	0.07026	0.062	0.06136	0.06136	0.06136	0.05851	0.06286	0.06139	0.06374	0.06667	0.06468	0.06468	0.06728	0.0668	0.0668	0.06671	0.06857	0.06932	0.06836	0.06836	0.06923	0.07138	0.069	0.069	0.06955	0.07053	0.0701	0.06666	0.06666	0.06666	0.0686	0.06864	0.07025	0.06887	0.06887	0.06887	0.06887	0.06887	0.07286	0.07286	0.07149	0.07747	0.07747	0.07747	0.07211	0.07199	0.07163	0.07224	0.0703	0.0703	0.07343	0.07454	0.07454	0.07404	0.07311	0.07113	0.07258	0.07275	0.07275	0.07275	0.07405	0.07405	0.07405	0.07405	0.07115	0.07109	0.07187	0.07187	0.07196	0.07251	0.07393	0.07393	0.07361	0.07361	0.07361	0.07361	0.07361	0.07425	0.09957	0.10384	0.10581	0.10677	0.10677	0.10754	0.1359	0.1359	0.1364	0.17165	0.17903	0.17903	0.17903	0.22449	0.16691	0.16747	0.16747	0.19647	0.19992	0.19945	0.20794	0.20794	0.20794	0.20794	0.20794	0.20794	0.20794	0.07124	0.08009	0.08009	0.08009	0.08009	0.07847	0.07847	0.07847	0.07847	0.07847	0.07847	0.07847	0.07773	0.07887	0.07887	0.07887	0.07887	0.07712	0.07712	0.08152	0.08152	0.08152	0.08152	0.08152	0.08152	0.07948	0.08004	0.08004	0.08014	0.08014	0.08378	0.08199	0.08199	0.08357	0.08354	0.08354	0.08361	0.08361	0.08141	0.0836	0.0836	0.0836	0.0836	0.0836	0.0849	0.0849	0.0849	0.0849	0.0849	0.0849	0.0849	0.0849	0.0849
"271"	0.88785	0.92757	0.93438	0.74837	0.54996	0.46347	0.46347	0.46974	0.47043	0.48515	0.48515	0.54651	0.54651	0.54556	0.54638	0.54668	0.56332	0.57509	0.57509	0.60761	0.60431	0.60431	0.60475	0.60475	0.59275	0.58135	0.60897	0.60897	0.61412	0.61049	0.61049	0.61049	0.61921	0.61448	0.61448	0.61448	0.61448	0.61448	0.61338	0.6126	0.6126	0.61421	0.61421	0.008	0.008	0.008	0.00759	0.0066	0.00518	0.00461	0.00461	0.00486	0.00532	0	0	0	0	0	0	0	0	0	0.00841	0.01607	0.01665	0.01677	0.022	0.022	0.02724	0.01911	0.01836	0.01676	0.01721	0.02283	0.02497	0.02575	0.02606	0.02559	0.02614	0.0261	0.0261	0.06044	0.06044	0.06044	0.06428	0.06244	0.06244	0.06739	0.06739	0.06463	0.06509	0.06533	0.0713	0.0713	0.06779	0.06779	0.06849	0.07046	0.07248	0.07248	0.07248	0.0711	0.06936	0.06936	0.07014	0.06954	0.06754	0.06799	0.06799	0.06799	0.06718	0.06894	0.06948	0.06122	0.06058	0.06058	0.06058	0.05773	0.06208	0.06061	0.06296	0.06589	0.0639	0.0639	0.0665	0.06602	0.06602	0.06593	0.06779	0.06854	0.06758	0.06758	0.06845	0.0706	0.06822	0.06822	0.06877	0.06975	0.06932	0.06588	0.06588	0.06588	0.06782	0.06786	0.06947	0.06809	0.06809	0.06809	0.06809	0.06809	0.07208	0.07208	0.07071	0.07669	0.07669	0.07669	0.07133	0.07121	0.07085	0.07146	0.06952	0.06952	0.07265	0.07376	0.07376	0.07326	0.07233	0.07035	0.0718	0.07197	0.07197	0.07197	0.07327	0.07327	0.07327	0.07327	0.07037	0.07031	0.07109	0.07109	0.07118	0.07173	0.07315	0.07315	0.07283	0.07283	0.07283	0.07283	0.07283	0.07347	0.09879	0.10306	0.10503	0.10599	0.10599	0.10676	0.13512	0.13512	0.13562	0.17087	0.17825	0.17825	0.17825	0.22371	0.16613	0.16669	0.16669	0.19569	0.19914	0.19867	0.20716	0.20716	0.20716	0.20716	0.20716	0.20716	0.20716	0.07046	0.07931	0.07931	0.07931	0.07931	0.07769	0.07769	0.07769	0.07769	0.07769	0.07769	0.07769	0.07695	0.07809	0.07809	0.07809	0.07809	0.07634	0.07634	0.08074	0.08074	0.08074	0.08074	0.08074	0.08074	0.0787	0.07926	0.07926	0.07936	0.07936	0.083	0.08121	0.08121	0.08279	0.08276	0.08276	0.08283	0.08283	0.08063	0.08282	0.08282	0.08282	0.08282	0.08282	0.08412	0.08412	0.08412	0.08412	0.08412	0.08412	0.08412	0.08412	0.08412
"272"	0.88785	0.92757	0.93438	0.74837	0.54996	0.46347	0.46347	0.46974	0.47043	0.48515	0.48515	0.54651	0.54651	0.54556	0.54638	0.54668	0.56332	0.57509	0.57509	0.60761	0.60431	0.60431	0.60475	0.60475	0.59275	0.58135	0.60897	0.60897	0.61412	0.61049	0.61049	0.61049	0.61921	0.61448	0.61448	0.61448	0.61448	0.61448	0.61338	0.6126	0.6126	0.61421	0.61421	0.008	0.008	0.008	0.00759	0.0066	0.00518	0.00461	0.00461	0.00486	0.00532	0	0	0	0	0	0	0	0	0	0.00841	0.01607	0.01665	0.01677	0.022	0.022	0.02724	0.01911	0.01836	0.01676	0.01721	0.02283	0.02497	0.02575	0.02606	0.02559	0.02614	0.0261	0.0261	0.06044	0.06044	0.06044	0.06428	0.06244	0.06244	0.06739	0.06739	0.06463	0.06509	0.06533	0.0713	0.0713	0.06779	0.06779	0.06849	0.07046	0.07248	0.07248	0.07248	0.0711	0.06936	0.06936	0.07014	0.06954	0.06754	0.06799	0.06799	0.06799	0.06718	0.06894	0.06948	0.06122	0.06058	0.06058	0.06058	0.05773	0.06208	0.06061	0.06296	0.06589	0.0639	0.0639	0.0665	0.06602	0.06602	0.06593	0.06779	0.06854	0.06758	0.06758	0.06845	0.0706	0.06822	0.06822	0.06877	0.06975	0.06932	0.06588	0.06588	0.06588	0.06782	0.06786	0.06947	0.06809	0.06809	0.06809	0.06809	0.06809	0.07208	0.07208	0.07071	0.07669	0.07669	0.07669	0.07133	0.07121	0.07085	0.07146	0.06952	0.06952	0.07265	0.07376	0.07376	0.07326	0.07233	0.07035	0.0718	0.07197	0.07197	0.07197	0.07327	0.07327	0.07327	0.07327	0.07037	0.07031	0.07109	0.07109	0.07118	0.07173	0.07315	0.07315	0.07283	0.07283	0.07283	0.07283	0.07283	0.07347	0.09879	0.10306	0.10503	0.10599	0.10599	0.10676	0.13512	0.13512	0.13562	0.17087	0.17825	0.17825	0.17825	0.22371	0.16613	0.16669	0.16669	0.19569	0.19914	0.19867	0.20716	0.20716	0.20716	0.20716	0.20716	0.20716	0.20716	0.07046	0.07931	0.07931	0.07931	0.07931	0.07769	0.07769	0.07769	0.07769	0.07769	0.07769	0.07769	0.07695	0.07809	0.07809	0.07809	0.07809	0.07634	0.07634	0.08074	0.08074	0.08074	0.08074	0.08074	0.08074	0.0787	0.07926	0.07926	0.07936	0.07936	0.083	0.08121	0.08121	0.08279	0.08276	0.08276	0.08283	0.08283	0.08063	0.08282	0.08282	0.08282	0.08282	0.08282	0.08412	0.08412	0.08412	0.08412	0.08412	0.08412	0.08412	0.08412	0.08412
"157"	0.88785	0.92757	0.93438	0.74837	0.54996	0.46347	0.46347	0.46974	0.47043	0.48515	0.48515	0.54651	0.54651	0.54556	0.54638	0.54668	0.56332	0.57509	0.57509	0.60761	0.60431	0.60431	0.60475	0.60475	0.59275	0.58135	0.60897	0.60897	0.61412	0.61049	0.61049	0.61049	0.61921	0.61448	0.61448	0.61448	0.61448	0.61448	0.61338	0.6126	0.6126	0.61421	0.61421	0.008	0.008	0.008	0.00759	0.0066	0.00518	0.00461	0.00461	0.00486	0.00532	0	0	0	0	0	0	0	0	0	0.00841	0.01607	0.01665	0.01677	0.022	0.022	0.02724	0.01911	0.01836	0.01676	0.01721	0.02283	0.02497	0.02575	0.02606	0.02559	0.02614	0.0261	0.0261	0.06044	0.06044	0.06044	0.06428	0.06244	0.06244	0.06739	0.06739	0.06463	0.06509	0.06533	0.0713	0.0713	0.06779	0.06779	0.06849	0.07046	0.07248	0.07248	0.07248	0.0711	0.06936	0.06936	0.07014	0.06954	0.06754	0.06799	0.06799	0.06799	0.06718	0.06894	0.06948	0.06122	0.06058	0.06058	0.06058	0.05773	0.06208	0.06061	0.06296	0.06589	0.0639	0.0639	0.0665	0.06602	0.06602	0.06593	0.06779	0.06854	0.06758	0.06758	0.06845	0.0706	0.06822	0.06822	0.06877	0.06975	0.06932	0.06588	0.06588	0.06588	0.06782	0.06786	0.06947	0.06809	0.06809	0.06809	0.06809	0.06809	0.07208	0.07208	0.07071	0.07669	0.07669	0.07669	0.07133	0.07121	0.07085	0.07146	0.06952	0.06952	0.07265	0.07376	0.07376	0.07326	0.07233	0.07035	0.0718	0.07197	0.07197	0.07197	0.07327	0.07327	0.07327	0.07327	0.07037	0.07031	0.07109	0.07109	0.07118	0.07173	0.07315	0.07315	0.07283	0.07283	0.07283	0.07283	0.07283	0.07347	0.09879	0.10306	0.10503	0.10599	0.10599	0.10676	0.13512	0.13512	0.13562	0.17087	0.17825	0.17825	0.17825	0.22371	0.16613	0.16669	0.16669	0.19569	0.19914	0.19867	0.20716	0.20716	0.20716	0.20716	0.20716	0.20716	0.20716	0.07046	0.07931	0.07931	0.07931	0.07931	0.07769	0.07769	0.07769	0.07769	0.07769	0.07769	0.07769	0.07695	0.07809	0.07809	0.07809	0.07809	0.07634	0.07634	0.08074	0.08074	0.08074	0.08074	0.08074	0.08074	0.0787	0.07926	0.07926	0.07936	0.07936	0.083	0.08121	0.08121	0.08279	0.08276	0.08276	0.08283	0.08283	0.08063	0.08282	0.08282	0.08282	0.08282	0.08282	0.08412	0.08412	0.08412	0.08412	0.08412	0.08412	0.08412	0.08412	0.08412
"158"	0.88785	0.92757	0.93438	0.74837	0.54996	0.46347	0.46347	0.46974	0.47043	0.48515	0.48515	0.54651	0.54651	0.54556	0.54638	0.54668	0.56332	0.57509	0.57509	0.60761	0.60431	0.60431	0.60475	0.60475	0.59275	0.58135	0.60897	0.60897	0.61412	0.61049	0.61049	0.61049	0.61921	0.61448	0.61448	0.61448	0.61448	0.61448	0.61338	0.6126	0.6126	0.61421	0.61421	0.008	0.008	0.008	0.00759	0.0066	0.00518	0.00461	0.00461	0.00486	0.00532	0	0	0	0	0	0	0	0	0	0.00841	0.01607	0.01665	0.01677	0.022	0.022	0.02724	0.01911	0.01836	0.01676	0.01721	0.02283	0.02497	0.02575	0.02606	0.02559	0.02614	0.0261	0.0261	0.06044	0.06044	0.06044	0.06428	0.06244	0.06244	0.06739	0.06739	0.06463	0.06509	0.06533	0.0713	0.0713	0.06779	0.06779	0.06849	0.07046	0.07248	0.07248	0.07248	0.0711	0.06936	0.06936	0.07014	0.06954	0.06754	0.06799	0.06799	0.06799	0.06718	0.06894	0.06948	0.06122	0.06058	0.06058	0.06058	0.05773	0.06208	0.06061	0.06296	0.06589	0.0639	0.0639	0.0665	0.06602	0.06602	0.06593	0.06779	0.06854	0.06758	0.06758	0.06845	0.0706	0.06822	0.06822	0.06877	0.06975	0.06932	0.06588	0.06588	0.06588	0.06782	0.06786	0.06947	0.06809	0.06809	0.06809	0.06809	0.06809	0.07208	0.07208	0.07071	0.07669	0.07669	0.07669	0.07133	0.07121	0.07085	0.07146	0.06952	0.06952	0.07265	0.07376	0.07376	0.07326	0.07233	0.07035	0.0718	0.07197	0.07197	0.07197	0.07327	0.07327	0.07327	0.07327	0.07037	0.07031	0.07109	0.07109	0.07118	0.07173	0.07315	0.07315	0.07283	0.07283	0.07283	0.07283	0.07283	0.07347	0.09879	0.10306	0.10503	0.10599	0.10599	0.10676	0.13512	0.13512	0.13562	0.17087	0.17825	0.17825	0.17825	0.22371	0.16613	0.16669	0.16669	0.19569	0.19914	0.19867	0.20716	0.20716	0.20716	0.20716	0.20716	0.20716	0.20716	0.07046	0.07931	0.07931	0.07931	0.07931	0.07769	0.07769	0.07769	0.07769	0.07769	0.07769	0.07769	0.07695	0.07809	0.07809	0.07809	0.07809	0.07634	0.07634	0.08074	0.08074	0.08074	0.08074	0.08074	0.08074	0.0787	0.07926	0.07926	0.07936	0.07936	0.083	0.08121	0.08121	0.08279	0.08276	0.08276	0.08283	0.08283	0.08063	0.08282	0.08282	0.08282	0.08282	0.08282	0.08412	0.08412	0.08412	0.08412	0.08412	0.08412	0.08412	0.08412	0.08412
"159"	0.88785	0.92757	0.93438	0.74837	0.54996	0.46347	0.46347	0.46974	0.47043	0.48515	0.48515	0.54651	0.54651	0.54556	0.54638	0.54668	0.56332	0.57509	0.57509	0.60761	0.60431	0.60431	0.60475	0.60475	0.59275	0.58135	0.60897	0.60897	0.61412	0.61049	0.61049	0.61049	0.61921	0.61448	0.61448	0.61448	0.61448	0.61448	0.61338	0.6126	0.6126	0.61421	0.61421	0.008	0.008	0.008	0.00759	0.0066	0.00518	0.00461	0.00461	0.00486	0.00532	0	0	0	0	0	0	0	0	0	0.00841	0.01607	0.01665	0.01677	0.022	0.022	0.02724	0.01911	0.01836	0.01676	0.01721	0.02283	0.02497	0.02575	0.02606	0.02559	0.02614	0.0261	0.0261	0.06044	0.06044	0.06044	0.06428	0.06244	0.06244	0.06739	0.06739	0.06463	0.06509	0.06533	0.0713	0.0713	0.06779	0.06779	0.06849	0.07046	0.07248	0.07248	0.07248	0.0711	0.06936	0.06936	0.07014	0.06954	0.06754	0.06799	0.06799	0.06799	0.06718	0.06894	0.06948	0.06122	0.06058	0.06058	0.06058	0.05773	0.06208	0.06061	0.06296	0.06589	0.0639	0.0639	0.0665	0.06602	0.06602	0.06593	0.06779	0.06854	0.06758	0.06758	0.06845	0.0706	0.06822	0.06822	0.06877	0.06975	0.06932	0.06588	0.06588	0.06588	0.06782	0.06786	0.06947	0.06809	0.06809	0.06809	0.06809	0.06809	0.07208	0.07208	0.07071	0.07669	0.07669	0.07669	0.07133	0.07121	0.07085	0.07146	0.06952	0.06952	0.07265	0.07376	0.07376	0.07326	0.07233	0.07035	0.0718	0.07197	0.07197	0.07197	0.07327	0.07327	0.07327	0.07327	0.07037	0.07031	0.07109	0.07109	0.07118	0.07173	0.07315	0.07315	0.07283	0.07283	0.07283	0.07283	0.07283	0.07347	0.09879	0.10306	0.10503	0.10599	0.10599	0.10676	0.13512	0.13512	0.13562	0.17087	0.17825	0.17825	0.17825	0.22371	0.16613	0.16669	0.16669	0.19569	0.19914	0.19867	0.20716	0.20716	0.20716	0.20716	0.20716	0.20716	0.20716	0.07046	0.07931	0.07931	0.07931	0.07931	0.07769	0.07769	0.07769	0.07769	0.07769	0.07769	0.07769	0.07695	0.07809	0.07809	0.07809	0.07809	0.07634	0.07634	0.08074	0.08074	0.08074	0.08074	0.08074	0.08074	0.0787	0.07926	0.07926	0.07936	0.07936	0.083	0.08121	0.08121	0.08279	0.08276	0.08276	0.08283	0.08283	0.08063	0.08282	0.08282	0.08282	0.08282	0.08282	0.08412	0.08412	0.08412	0.08412	0.08412	0.08412	0.08412	0.08412	0.08412
"160"	0.88785	0.92757	0.93438	0.74837	0.54996	0.46347	0.46347	0.46974	0.47043	0.48515	0.48515	0.54651	0.54651	0.54556	0.54638	0.54668	0.56332	0.57509	0.57509	0.60761	0.60431	0.60431	0.60475	0.60475	0.59275	0.58135	0.60897	0.60897	0.61412	0.61049	0.61049	0.61049	0.61921	0.61448	0.61448	0.61448	0.61448	0.61448	0.61338	0.6126	0.6126	0.61421	0.61421	0.008	0.008	0.008	0.00759	0.0066	0.00518	0.00461	0.00461	0.00486	0.00532	0	0	0	0	0	0	0	0	0	0.00841	0.01607	0.01665	0.01677	0.022	0.022	0.02724	0.01911	0.01836	0.01676	0.01721	0.02283	0.02497	0.02575	0.02606	0.02559	0.02614	0.0261	0.0261	0.06044	0.06044	0.06044	0.06428	0.06244	0.06244	0.06739	0.06739	0.06463	0.06509	0.06533	0.0713	0.0713	0.06779	0.06779	0.06849	0.07046	0.07248	0.07248	0.07248	0.0711	0.06936	0.06936	0.07014	0.06954	0.06754	0.06799	0.06799	0.06799	0.06718	0.06894	0.06948	0.06122	0.06058	0.06058	0.06058	0.05773	0.06208	0.06061	0.06296	0.06589	0.0639	0.0639	0.0665	0.06602	0.06602	0.06593	0.06779	0.06854	0.06758	0.06758	0.06845	0.0706	0.06822	0.06822	0.06877	0.06975	0.06932	0.06588	0.06588	0.06588	0.06782	0.06786	0.06947	0.06809	0.06809	0.06809	0.06809	0.06809	0.07208	0.07208	0.07071	0.07669	0.07669	0.07669	0.07133	0.07121	0.07085	0.07146	0.06952	0.06952	0.07265	0.07376	0.07376	0.07326	0.07233	0.07035	0.0718	0.07197	0.07197	0.07197	0.07327	0.07327	0.07327	0.07327	0.07037	0.07031	0.07109	0.07109	0.07118	0.07173	0.07315	0.07315	0.07283	0.07283	0.07283	0.07283	0.07283	0.07347	0.09879	0.10306	0.10503	0.10599	0.10599	0.10676	0.13512	0.13512	0.13562	0.17087	0.17825	0.17825	0.17825	0.22371	0.16613	0.16669	0.16669	0.19569	0.19914	0.19867	0.20716	0.20716	0.20716	0.20716	0.20716	0.20716	0.20716	0.07046	0.07931	0.07931	0.07931	0.07931	0.07769	0.07769	0.07769	0.07769	0.07769	0.07769	0.07769	0.07695	0.07809	0.07809	0.07809	0.07809	0.07634	0.07634	0.08074	0.08074	0.08074	0.08074	0.08074	0.08074	0.0787	0.07926	0.07926	0.07936	0.07936	0.083	0.08121	0.08121	0.08279	0.08276	0.08276	0.08283	0.08283	0.08063	0.08282	0.08282	0.08282	0.08282	0.08282	0.08412	0.08412	0.08412	0.08412	0.08412	0.08412	0.08412	0.08412	0.08412
"219"	0.88785	0.92757	0.93438	0.74837	0.54996	0.46347	0.46347	0.46974	0.47043	0.48515	0.48515	0.54651	0.54651	0.54556	0.54638	0.54668	0.56332	0.57509	0.57509	0.60761	0.60431	0.60431	0.60475	0.60475	0.59275	0.58135	0.60897	0.60897	0.61412	0.61049	0.61049	0.61049	0.61921	0.61448	0.61448	0.61448	0.61448	0.61448	0.61338	0.6126	0.6126	0.61421	0.61421	0.008	0.008	0.008	0.00759	0.0066	0.00518	0.00461	0.00461	0.00486	0.00532	0	0	0	0	0	0	0	0	0	0.00841	0.01607	0.01665	0.01677	0.022	0.022	0.02724	0.01911	0.01836	0.01676	0.01721	0.02283	0.02497	0.02575	0.02606	0.02559	0.02614	0.0261	0.0261	0.06044	0.06044	0.06044	0.06428	0.06244	0.06244	0.06739	0.06739	0.06463	0.06509	0.06533	0.0713	0.0713	0.06779	0.06779	0.06849	0.07046	0.07248	0.07248	0.07248	0.0711	0.06936	0.06936	0.07014	0.06954	0.06754	0.06799	0.06799	0.06799	0.06718	0.06894	0.06948	0.06122	0.06058	0.06058	0.06058	0.05773	0.06208	0.06061	0.06296	0.06589	0.0639	0.0639	0.0665	0.06602	0.06602	0.06593	0.06779	0.06854	0.06758	0.06758	0.06845	0.0706	0.06822	0.06822	0.06877	0.06975	0.06932	0.06588	0.06588	0.06588	0.06782	0.06786	0.06947	0.06809	0.06809	0.06809	0.06809	0.06809	0.07208	0.07208	0.07071	0.07669	0.07669	0.07669	0.07133	0.07121	0.07085	0.07146	0.06952	0.06952	0.07265	0.07376	0.07376	0.07326	0.07233	0.07035	0.0718	0.07197	0.07197	0.07197	0.07327	0.07327	0.07327	0.07327	0.07037	0.07031	0.07109	0.07109	0.07118	0.07173	0.07315	0.07315	0.07283	0.07283	0.07283	0.07283	0.07283	0.07347	0.09879	0.10306	0.10503	0.10599	0.10599	0.10676	0.13512	0.13512	0.13562	0.17087	0.17825	0.17825	0.17825	0.22371	0.16613	0.16669	0.16669	0.19569	0.19914	0.19867	0.20716	0.20716	0.20716	0.20716	0.20716	0.20716	0.20716	0.07046	0.07931	0.07931	0.07931	0.07931	0.07769	0.07769	0.07769	0.07769	0.07769	0.07769	0.07769	0.07695	0.07809	0.07809	0.07809	0.07809	0.07634	0.07634	0.08074	0.08074	0.08074	0.08074	0.08074	0.08074	0.0787	0.07926	0.07926	0.07936	0.07936	0.083	0.08121	0.08121	0.08279	0.08276	0.08276	0.08283	0.08283	0.08063	0.08282	0.08282	0.08282	0.08282	0.08282	0.08412	0.08412	0.08412	0.08412	0.08412	0.08412	0.08412	0.08412	0.08412
"221"	0.88785	0.92757	0.93438	0.74837	0.54996	0.46347	0.46347	0.46974	0.47043	0.48515	0.48515	0.54651	0.54651	0.54556	0.54638	0.54668	0.56332	0.57509	0.57509	0.60761	0.60431	0.60431	0.60475	0.60475	0.59275	0.58135	0.60897	0.60897	0.61412	0.61049	0.61049	0.61049	0.61921	0.61448	0.61448	0.61448	0.61448	0.61448	0.61338	0.6126	0.6126	0.61421	0.61421	0.008	0.008	0.008	0.00759	0.0066	0.00518	0.00461	0.00461	0.00486	0.00532	0	0	0	0	0	0	0	0	0	0.00841	0.01607	0.01665	0.01677	0.022	0.022	0.02724	0.01911	0.01836	0.01676	0.01721	0.02283	0.02497	0.02575	0.02606	0.02559	0.02614	0.0261	0.0261	0.06044	0.06044	0.06044	0.06428	0.06244	0.06244	0.06739	0.06739	0.06463	0.06509	0.06533	0.0713	0.0713	0.06779	0.06779	0.06849	0.07046	0.07248	0.07248	0.07248	0.0711	0.06936	0.06936	0.07014	0.06954	0.06754	0.06799	0.06799	0.06799	0.06718	0.06894	0.06948	0.06122	0.06058	0.06058	0.06058	0.05773	0.06208	0.06061	0.06296	0.06589	0.0639	0.0639	0.0665	0.06602	0.06602	0.06593	0.06779	0.06854	0.06758	0.06758	0.06845	0.0706	0.06822	0.06822	0.06877	0.06975	0.06932	0.06588	0.06588	0.06588	0.06782	0.06786	0.06947	0.06809	0.06809	0.06809	0.06809	0.06809	0.07208	0.07208	0.07071	0.07669	0.07669	0.07669	0.07133	0.07121	0.07085	0.07146	0.06952	0.06952	0.07265	0.07376	0.07376	0.07326	0.07233	0.07035	0.0718	0.07197	0.07197	0.07197	0.07327	0.07327	0.07327	0.07327	0.07037	0.07031	0.07109	0.07109	0.07118	0.07173	0.07315	0.07315	0.07283	0.07283	0.07283	0.07283	0.07283	0.07347	0.09879	0.10306	0.10503	0.10599	0.10599	0.10676	0.13512	0.13512	0.13562	0.17087	0.17825	0.17825	0.17825	0.22371	0.16613	0.16669	0.16669	0.19569	0.19914	0.19867	0.20716	0.20716	0.20716	0.20716	0.20716	0.20716	0.20716	0.07046	0.07931	0.07931	0.07931	0.07931	0.07769	0.07769	0.07769	0.07769	0.07769	0.07769	0.07769	0.07695	0.07809	0.07809	0.07809	0.07809	0.07634	0.07634	0.08074	0.08074	0.08074	0.08074	0.08074	0.08074	0.0787	0.07926	0.07926	0.07936	0.07936	0.083	0.08121	0.08121	0.08279	0.08276	0.08276	0.08283	0.08283	0.08063	0.08282	0.08282	0.08282	0.08282	0.08282	0.08412	0.08412	0.08412	0.08412	0.08412	0.08412	0.08412	0.08412	0.08412
"222"	0.88785	0.92757	0.93438	0.74837	0.54996	0.46347	0.46347	0.46974	0.47043	0.48515	0.48515	0.54651	0.54651	0.54556	0.54638	0.54668	0.56332	0.57509	0.57509	0.60761	0.60431	0.60431	0.60475	0.60475	0.59275	0.58135	0.60897	0.60897	0.61412	0.61049	0.61049	0.61049	0.61921	0.61448	0.61448	0.61448	0.61448	0.61448	0.61338	0.6126	0.6126	0.61421	0.61421	0.008	0.008	0.008	0.00759	0.0066	0.00518	0.00461	0.00461	0.00486	0.00532	0	0	0	0	0	0	0	0	0	0.00841	0.01607	0.01665	0.01677	0.022	0.022	0.02724	0.01911	0.01836	0.01676	0.01721	0.02283	0.02497	0.02575	0.02606	0.02559	0.02614	0.0261	0.0261	0.06044	0.06044	0.06044	0.06428	0.06244	0.06244	0.06739	0.06739	0.06463	0.06509	0.06533	0.0713	0.0713	0.06779	0.06779	0.06849	0.07046	0.07248	0.07248	0.07248	0.0711	0.06936	0.06936	0.07014	0.06954	0.06754	0.06799	0.06799	0.06799	0.06718	0.06894	0.06948	0.06122	0.06058	0.06058	0.06058	0.05773	0.06208	0.06061	0.06296	0.06589	0.0639	0.0639	0.0665	0.06602	0.06602	0.06593	0.06779	0.06854	0.06758	0.06758	0.06845	0.0706	0.06822	0.06822	0.06877	0.06975	0.06932	0.06588	0.06588	0.06588	0.06782	0.06786	0.06947	0.06809	0.06809	0.06809	0.06809	0.06809	0.07208	0.07208	0.07071	0.07669	0.07669	0.07669	0.07133	0.07121	0.07085	0.07146	0.06952	0.06952	0.07265	0.07376	0.07376	0.07326	0.07233	0.07035	0.0718	0.07197	0.07197	0.07197	0.07327	0.07327	0.07327	0.07327	0.07037	0.07031	0.07109	0.07109	0.07118	0.07173	0.07315	0.07315	0.07283	0.07283	0.07283	0.07283	0.07283	0.07347	0.09879	0.10306	0.10503	0.10599	0.10599	0.10676	0.13512	0.13512	0.13562	0.17087	0.17825	0.17825	0.17825	0.22371	0.16613	0.16669	0.16669	0.19569	0.19914	0.19867	0.20716	0.20716	0.20716	0.20716	0.20716	0.20716	0.20716	0.07046	0.07931	0.07931	0.07931	0.07931	0.07769	0.07769	0.07769	0.07769	0.07769	0.07769	0.07769	0.07695	0.07809	0.07809	0.07809	0.07809	0.07634	0.07634	0.08074	0.08074	0.08074	0.08074	0.08074	0.08074	0.0787	0.07926	0.07926	0.07936	0.07936	0.083	0.08121	0.08121	0.08279	0.08276	0.08276	0.08283	0.08283	0.08063	0.08282	0.08282	0.08282	0.08282	0.08282	0.08412	0.08412	0.08412	0.08412	0.08412	0.08412	0.08412	0.08412	0.08412
"176"	0.89172	0.93144	0.93825	0.75224	0.55383	0.46734	0.46734	0.47361	0.4743	0.48902	0.48902	0.55038	0.55038	0.54943	0.55025	0.55055	0.56719	0.57896	0.57896	0.61148	0.60818	0.60818	0.60862	0.60862	0.59662	0.58522	0.61284	0.61284	0.61799	0.61436	0.61436	0.61436	0.62308	0.61835	0.61835	0.61835	0.61835	0.61835	0.61725	0.61647	0.61647	0.61808	0.61808	0.01187	0.01187	0.01187	0.01146	0.01047	0.00905	0.00848	0.00848	0.00873	0.00919	0.00841	0.00841	0.00841	0.00841	0.00841	0.00841	0.00841	0.00841	0.00841	0	0.01544	0.01602	0.01614	0.02137	0.02137	0.02661	0.01848	0.01773	0.01613	0.01658	0.0222	0.02434	0.02512	0.02543	0.02496	0.02551	0.02547	0.02547	0.05981	0.05981	0.05981	0.06365	0.06181	0.06181	0.06676	0.06676	0.064	0.06446	0.0647	0.07067	0.07067	0.06716	0.06716	0.06786	0.06983	0.07185	0.07185	0.07185	0.07047	0.06873	0.06873	0.06951	0.06891	0.06691	0.06736	0.06736	0.06736	0.06655	0.06831	0.06885	0.06059	0.05995	0.05995	0.05995	0.0571	0.06145	0.05998	0.06233	0.06526	0.06327	0.06327	0.06587	0.06539	0.06539	0.0653	0.06716	0.06791	0.06695	0.06695	0.06782	0.06997	0.06759	0.06759	0.06814	0.06912	0.06869	0.06525	0.06525	0.06525	0.06719	0.06723	0.06884	0.06746	0.06746	0.06746	0.06746	0.06746	0.07145	0.07145	0.07008	0.07606	0.07606	0.07606	0.0707	0.07058	0.07022	0.07083	0.06889	0.06889	0.07202	0.07313	0.07313	0.07263	0.0717	0.06972	0.07117	0.07134	0.07134	0.07134	0.07264	0.07264	0.07264	0.07264	0.06974	0.06968	0.07046	0.07046	0.07055	0.0711	0.07252	0.07252	0.0722	0.0722	0.0722	0.0722	0.0722	0.07284	0.09816	0.10243	0.1044	0.10536	0.10536	0.10613	0.13449	0.13449	0.13499	0.17024	0.17762	0.17762	0.17762	0.22308	0.1655	0.16606	0.16606	0.19506	0.19851	0.19804	0.20653	0.20653	0.20653	0.20653	0.20653	0.20653	0.20653	0.06983	0.07868	0.07868	0.07868	0.07868	0.07706	0.07706	0.07706	0.07706	0.07706	0.07706	0.07706	0.07632	0.07746	0.07746	0.07746	0.07746	0.07571	0.07571	0.08011	0.08011	0.08011	0.08011	0.08011	0.08011	0.07807	0.07863	0.07863	0.07873	0.07873	0.08237	0.08058	0.08058	0.08216	0.08213	0.08213	0.0822	0.0822	0.08	0.08219	0.08219	0.08219	0.08219	0.08219	0.08349	0.08349	0.08349	0.08349	0.08349	0.08349	0.08349	0.08349	0.08349
"232"	0.89938	0.9391	0.94591	0.7599	0.56149	0.475	0.475	0.48127	0.48196	0.49668	0.49668	0.55804	0.55804	0.55709	0.55791	0.55821	0.57485	0.58662	0.58662	0.61914	0.61584	0.61584	0.61628	0.61628	0.60428	0.59288	0.6205	0.6205	0.62565	0.62202	0.62202	0.62202	0.63074	0.62601	0.62601	0.62601	0.62601	0.62601	0.62491	0.62413	0.62413	0.62574	0.62574	0.01953	0.01953	0.01953	0.01912	0.01813	0.01671	0.01614	0.01614	0.01639	0.01685	0.01607	0.01607	0.01607	0.01607	0.01607	0.01607	0.01607	0.01607	0.01607	0.01544	0	0.00168	0.0194	0.02463	0.02463	0.02987	0.02174	0.02099	0.01939	0.01984	0.02546	0.0276	0.02838	0.02869	0.02822	0.02877	0.02873	0.02873	0.06307	0.06307	0.06307	0.06691	0.06507	0.06507	0.07002	0.07002	0.06726	0.06772	0.06796	0.07393	0.07393	0.07042	0.07042	0.07112	0.07309	0.07511	0.07511	0.07511	0.07373	0.07199	0.07199	0.07277	0.07217	0.07017	0.07062	0.07062	0.07062	0.06981	0.07157	0.07211	0.06385	0.06321	0.06321	0.06321	0.06036	0.06471	0.06324	0.06559	0.06852	0.06653	0.06653	0.06913	0.06865	0.06865	0.06856	0.07042	0.07117	0.07021	0.07021	0.07108	0.07323	0.07085	0.07085	0.0714	0.07238	0.07195	0.06851	0.06851	0.06851	0.07045	0.07049	0.0721	0.07072	0.07072	0.07072	0.07072	0.07072	0.07471	0.07471	0.07334	0.07932	0.07932	0.07932	0.07396	0.07384	0.07348	0.07409	0.07215	0.07215	0.07528	0.07639	0.07639	0.07589	0.07496	0.07298	0.07443	0.0746	0.0746	0.0746	0.0759	0.0759	0.0759	0.0759	0.073	0.07294	0.07372	0.07372	0.07381	0.07436	0.07578	0.07578	0.07546	0.07546	0.07546	0.07546	0.07546	0.0761	0.10142	0.10569	0.10766	0.10862	0.10862	0.10939	0.13775	0.13775	0.13825	0.1735	0.18088	0.18088	0.18088	0.22634	0.16876	0.16932	0.16932	0.19832	0.20177	0.2013	0.20979	0.20979	0.20979	0.20979	0.20979	0.20979	0.20979	0.07309	0.08194	0.08194	0.08194	0.08194	0.08032	0.08032	0.08032	0.08032	0.08032	0.08032	0.08032	0.07958	0.08072	0.08072	0.08072	0.08072	0.07897	0.07897	0.08337	0.08337	0.08337	0.08337	0.08337	0.08337	0.08133	0.08189	0.08189	0.08199	0.08199	0.08563	0.08384	0.08384	0.08542	0.08539	0.08539	0.08546	0.08546	0.08326	0.08545	0.08545	0.08545	0.08545	0.08545	0.08675	0.08675	0.08675	0.08675	0.08675	0.08675	0.08675	0.08675	0.08675
"177"	0.89996	0.93968	0.94649	0.76048	0.56207	0.47558	0.47558	0.48185	0.48254	0.49726	0.49726	0.55862	0.55862	0.55767	0.55849	0.55879	0.57543	0.5872	0.5872	0.61972	0.61642	0.61642	0.61686	0.61686	0.60486	0.59346	0.62108	0.62108	0.62623	0.6226	0.6226	0.6226	0.63132	0.62659	0.62659	0.62659	0.62659	0.62659	0.62549	0.62471	0.62471	0.62632	0.62632	0.02011	0.02011	0.02011	0.0197	0.01871	0.01729	0.01672	0.01672	0.01697	0.01743	0.01665	0.01665	0.01665	0.01665	0.01665	0.01665	0.01665	0.01665	0.01665	0.01602	0.00168	0	0.01998	0.02521	0.02521	0.03045	0.02232	0.02157	0.01997	0.02042	0.02604	0.02818	0.02896	0.02927	0.0288	0.02935	0.02931	0.02931	0.06365	0.06365	0.06365	0.06749	0.06565	0.06565	0.0706	0.0706	0.06784	0.0683	0.06854	0.07451	0.07451	0.071	0.071	0.0717	0.07367	0.07569	0.07569	0.07569	0.07431	0.07257	0.07257	0.07335	0.07275	0.07075	0.0712	0.0712	0.0712	0.07039	0.07215	0.07269	0.06443	0.06379	0.06379	0.06379	0.06094	0.06529	0.06382	0.06617	0.0691	0.06711	0.06711	0.06971	0.06923	0.06923	0.06914	0.071	0.07175	0.07079	0.07079	0.07166	0.07381	0.07143	0.07143	0.07198	0.07296	0.07253	0.06909	0.06909	0.06909	0.07103	0.07107	0.07268	0.0713	0.0713	0.0713	0.0713	0.0713	0.07529	0.07529	0.07392	0.0799	0.0799	0.0799	0.07454	0.07442	0.07406	0.07467	0.07273	0.07273	0.07586	0.07697	0.07697	0.07647	0.07554	0.07356	0.07501	0.07518	0.07518	0.07518	0.07648	0.07648	0.07648	0.07648	0.07358	0.07352	0.0743	0.0743	0.07439	0.07494	0.07636	0.07636	0.07604	0.07604	0.07604	0.07604	0.07604	0.07668	0.102	0.10627	0.10824	0.1092	0.1092	0.10997	0.13833	0.13833	0.13883	0.17408	0.18146	0.18146	0.18146	0.22692	0.16934	0.1699	0.1699	0.1989	0.20235	0.20188	0.21037	0.21037	0.21037	0.21037	0.21037	0.21037	0.21037	0.07367	0.08252	0.08252	0.08252	0.08252	0.0809	0.0809	0.0809	0.0809	0.0809	0.0809	0.0809	0.08016	0.0813	0.0813	0.0813	0.0813	0.07955	0.07955	0.08395	0.08395	0.08395	0.08395	0.08395	0.08395	0.08191	0.08247	0.08247	0.08257	0.08257	0.08621	0.08442	0.08442	0.086	0.08597	0.08597	0.08604	0.08604	0.08384	0.08603	0.08603	0.08603	0.08603	0.08603	0.08733	0.08733	0.08733	0.08733	0.08733	0.08733	0.08733	0.08733	0.08733
"81"	0.90008	0.9398	0.94661	0.7606	0.56219	0.4757	0.4757	0.48197	0.48266	0.49738	0.49738	0.55874	0.55874	0.55779	0.55861	0.55891	0.57555	0.58732	0.58732	0.61984	0.61654	0.61654	0.61698	0.61698	0.60498	0.59358	0.6212	0.6212	0.62635	0.62272	0.62272	0.62272	0.63144	0.62671	0.62671	0.62671	0.62671	0.62671	0.62561	0.62483	0.62483	0.62644	0.62644	0.02023	0.02023	0.02023	0.01982	0.01883	0.01741	0.01684	0.01684	0.01709	0.01755	0.01677	0.01677	0.01677	0.01677	0.01677	0.01677	0.01677	0.01677	0.01677	0.01614	0.0194	0.01998	0	0.00631	0.00631	0.02479	0.01666	0.01591	0.01431	0.01476	0.02038	0.02252	0.0233	0.02361	0.02314	0.02369	0.02365	0.02365	0.05799	0.05799	0.05799	0.06183	0.05999	0.05999	0.06494	0.06494	0.06218	0.06264	0.06288	0.06885	0.06885	0.06534	0.06534	0.06604	0.06801	0.07003	0.07003	0.07003	0.06865	0.06691	0.06691	0.06769	0.06709	0.06509	0.06554	0.06554	0.06554	0.06473	0.06649	0.06703	0.05877	0.05813	0.05813	0.05813	0.05528	0.05963	0.05816	0.06051	0.06344	0.06145	0.06145	0.06405	0.06357	0.06357	0.06348	0.06534	0.06609	0.06513	0.06513	0.066	0.06815	0.06577	0.06577	0.06632	0.0673	0.06687	0.06343	0.06343	0.06343	0.06537	0.06541	0.06702	0.06564	0.06564	0.06564	0.06564	0.06564	0.06963	0.06963	0.06826	0.07424	0.07424	0.07424	0.06888	0.06876	0.0684	0.06901	0.06707	0.06707	0.0702	0.07131	0.07131	0.07081	0.06988	0.0679	0.06935	0.06952	0.06952	0.06952	0.07082	0.07082	0.07082	0.07082	0.06792	0.06786	0.06864	0.06864	0.06873	0.06928	0.0707	0.0707	0.07038	0.07038	0.07038	0.07038	0.07038	0.07102	0.09634	0.10061	0.10258	0.10354	0.10354	0.10431	0.13267	0.13267	0.13317	0.16842	0.1758	0.1758	0.1758	0.22126	0.16368	0.16424	0.16424	0.19324	0.19669	0.19622	0.20471	0.20471	0.20471	0.20471	0.20471	0.20471	0.20471	0.06801	0.07686	0.07686	0.07686	0.07686	0.07524	0.07524	0.07524	0.07524	0.07524	0.07524	0.07524	0.0745	0.07564	0.07564	0.07564	0.07564	0.07389	0.07389	0.07829	0.07829	0.07829	0.07829	0.07829	0.07829	0.07625	0.07681	0.07681	0.07691	0.07691	0.08055	0.07876	0.07876	0.08034	0.08031	0.08031	0.08038	0.08038	0.07818	0.08037	0.08037	0.08037	0.08037	0.08037	0.08167	0.08167	0.08167	0.08167	0.08167	0.08167	0.08167	0.08167	0.08167
"99"	0.90531	0.94503	0.95184	0.76583	0.56742	0.48093	0.48093	0.4872	0.48789	0.50261	0.50261	0.56397	0.56397	0.56302	0.56384	0.56414	0.58078	0.59255	0.59255	0.62507	0.62177	0.62177	0.62221	0.62221	0.61021	0.59881	0.62643	0.62643	0.63158	0.62795	0.62795	0.62795	0.63667	0.63194	0.63194	0.63194	0.63194	0.63194	0.63084	0.63006	0.63006	0.63167	0.63167	0.02546	0.02546	0.02546	0.02505	0.02406	0.02264	0.02207	0.02207	0.02232	0.02278	0.022	0.022	0.022	0.022	0.022	0.022	0.022	0.022	0.022	0.02137	0.02463	0.02521	0.00631	0	0	0.03002	0.02189	0.02114	0.01954	0.01999	0.02561	0.02775	0.02853	0.02884	0.02837	0.02892	0.02888	0.02888	0.06322	0.06322	0.06322	0.06706	0.06522	0.06522	0.07017	0.07017	0.06741	0.06787	0.06811	0.07408	0.07408	0.07057	0.07057	0.07127	0.07324	0.07526	0.07526	0.07526	0.07388	0.07214	0.07214	0.07292	0.07232	0.07032	0.07077	0.07077	0.07077	0.06996	0.07172	0.07226	0.064	0.06336	0.06336	0.06336	0.06051	0.06486	0.06339	0.06574	0.06867	0.06668	0.06668	0.06928	0.0688	0.0688	0.06871	0.07057	0.07132	0.07036	0.07036	0.07123	0.07338	0.071	0.071	0.07155	0.07253	0.0721	0.06866	0.06866	0.06866	0.0706	0.07064	0.07225	0.07087	0.07087	0.07087	0.07087	0.07087	0.07486	0.07486	0.07349	0.07947	0.07947	0.07947	0.07411	0.07399	0.07363	0.07424	0.0723	0.0723	0.07543	0.07654	0.07654	0.07604	0.07511	0.07313	0.07458	0.07475	0.07475	0.07475	0.07605	0.07605	0.07605	0.07605	0.07315	0.07309	0.07387	0.07387	0.07396	0.07451	0.07593	0.07593	0.07561	0.07561	0.07561	0.07561	0.07561	0.07625	0.10157	0.10584	0.10781	0.10877	0.10877	0.10954	0.1379	0.1379	0.1384	0.17365	0.18103	0.18103	0.18103	0.22649	0.16891	0.16947	0.16947	0.19847	0.20192	0.20145	0.20994	0.20994	0.20994	0.20994	0.20994	0.20994	0.20994	0.07324	0.08209	0.08209	0.08209	0.08209	0.08047	0.08047	0.08047	0.08047	0.08047	0.08047	0.08047	0.07973	0.08087	0.08087	0.08087	0.08087	0.07912	0.07912	0.08352	0.08352	0.08352	0.08352	0.08352	0.08352	0.08148	0.08204	0.08204	0.08214	0.08214	0.08578	0.08399	0.08399	0.08557	0.08554	0.08554	0.08561	0.08561	0.08341	0.0856	0.0856	0.0856	0.0856	0.0856	0.0869	0.0869	0.0869	0.0869	0.0869	0.0869	0.0869	0.0869	0.0869
"49"	0.90531	0.94503	0.95184	0.76583	0.56742	0.48093	0.48093	0.4872	0.48789	0.50261	0.50261	0.56397	0.56397	0.56302	0.56384	0.56414	0.58078	0.59255	0.59255	0.62507	0.62177	0.62177	0.62221	0.62221	0.61021	0.59881	0.62643	0.62643	0.63158	0.62795	0.62795	0.62795	0.63667	0.63194	0.63194	0.63194	0.63194	0.63194	0.63084	0.63006	0.63006	0.63167	0.63167	0.02546	0.02546	0.02546	0.02505	0.02406	0.02264	0.02207	0.02207	0.02232	0.02278	0.022	0.022	0.022	0.022	0.022	0.022	0.022	0.022	0.022	0.02137	0.02463	0.02521	0.00631	0	0	0.03002	0.02189	0.02114	0.01954	0.01999	0.02561	0.02775	0.02853	0.02884	0.02837	0.02892	0.02888	0.02888	0.06322	0.06322	0.06322	0.06706	0.06522	0.06522	0.07017	0.07017	0.06741	0.06787	0.06811	0.07408	0.07408	0.07057	0.07057	0.07127	0.07324	0.07526	0.07526	0.07526	0.07388	0.07214	0.07214	0.07292	0.07232	0.07032	0.07077	0.07077	0.07077	0.06996	0.07172	0.07226	0.064	0.06336	0.06336	0.06336	0.06051	0.06486	0.06339	0.06574	0.06867	0.06668	0.06668	0.06928	0.0688	0.0688	0.06871	0.07057	0.07132	0.07036	0.07036	0.07123	0.07338	0.071	0.071	0.07155	0.07253	0.0721	0.06866	0.06866	0.06866	0.0706	0.07064	0.07225	0.07087	0.07087	0.07087	0.07087	0.07087	0.07486	0.07486	0.07349	0.07947	0.07947	0.07947	0.07411	0.07399	0.07363	0.07424	0.0723	0.0723	0.07543	0.07654	0.07654	0.07604	0.07511	0.07313	0.07458	0.07475	0.07475	0.07475	0.07605	0.07605	0.07605	0.07605	0.07315	0.07309	0.07387	0.07387	0.07396	0.07451	0.07593	0.07593	0.07561	0.07561	0.07561	0.07561	0.07561	0.07625	0.10157	0.10584	0.10781	0.10877	0.10877	0.10954	0.1379	0.1379	0.1384	0.17365	0.18103	0.18103	0.18103	0.22649	0.16891	0.16947	0.16947	0.19847	0.20192	0.20145	0.20994	0.20994	0.20994	0.20994	0.20994	0.20994	0.20994	0.07324	0.08209	0.08209	0.08209	0.08209	0.08047	0.08047	0.08047	0.08047	0.08047	0.08047	0.08047	0.07973	0.08087	0.08087	0.08087	0.08087	0.07912	0.07912	0.08352	0.08352	0.08352	0.08352	0.08352	0.08352	0.08148	0.08204	0.08204	0.08214	0.08214	0.08578	0.08399	0.08399	0.08557	0.08554	0.08554	0.08561	0.08561	0.08341	0.0856	0.0856	0.0856	0.0856	0.0856	0.0869	0.0869	0.0869	0.0869	0.0869	0.0869	0.0869	0.0869	0.0869
"9"	0.91055	0.95027	0.95708	0.77107	0.57266	0.48617	0.48617	0.49244	0.49313	0.50785	0.50785	0.56921	0.56921	0.56826	0.56908	0.56938	0.58602	0.59779	0.59779	0.63031	0.62701	0.62701	0.62745	0.62745	0.61545	0.60405	0.63167	0.63167	0.63682	0.63319	0.63319	0.63319	0.64191	0.63718	0.63718	0.63718	0.63718	0.63718	0.63608	0.6353	0.6353	0.63691	0.63691	0.0307	0.0307	0.0307	0.03029	0.0293	0.02788	0.02731	0.02731	0.02756	0.02802	0.02724	0.02724	0.02724	0.02724	0.02724	0.02724	0.02724	0.02724	0.02724	0.02661	0.02987	0.03045	0.02479	0.03002	0.03002	0	0.00923	0.022	0.0204	0.02325	0.02887	0.03101	0.03179	0.0321	0.03163	0.03218	0.03214	0.03214	0.06648	0.06648	0.06648	0.07032	0.06848	0.06848	0.07343	0.07343	0.07067	0.07113	0.07137	0.07734	0.07734	0.07383	0.07383	0.07453	0.0765	0.07852	0.07852	0.07852	0.07714	0.0754	0.0754	0.07618	0.07558	0.07358	0.07403	0.07403	0.07403	0.07322	0.07498	0.07552	0.06726	0.06662	0.06662	0.06662	0.06377	0.06812	0.06665	0.069	0.07193	0.06994	0.06994	0.07254	0.07206	0.07206	0.07197	0.07383	0.07458	0.07362	0.07362	0.07449	0.07664	0.07426	0.07426	0.07481	0.07579	0.07536	0.07192	0.07192	0.07192	0.07386	0.0739	0.07551	0.07413	0.07413	0.07413	0.07413	0.07413	0.07812	0.07812	0.07675	0.08273	0.08273	0.08273	0.07737	0.07725	0.07689	0.0775	0.07556	0.07556	0.07869	0.0798	0.0798	0.0793	0.07837	0.07639	0.07784	0.07801	0.07801	0.07801	0.07931	0.07931	0.07931	0.07931	0.07641	0.07635	0.07713	0.07713	0.07722	0.07777	0.07919	0.07919	0.07887	0.07887	0.07887	0.07887	0.07887	0.07951	0.10483	0.1091	0.11107	0.11203	0.11203	0.1128	0.14116	0.14116	0.14166	0.17691	0.18429	0.18429	0.18429	0.22975	0.17217	0.17273	0.17273	0.20173	0.20518	0.20471	0.2132	0.2132	0.2132	0.2132	0.2132	0.2132	0.2132	0.0765	0.08535	0.08535	0.08535	0.08535	0.08373	0.08373	0.08373	0.08373	0.08373	0.08373	0.08373	0.08299	0.08413	0.08413	0.08413	0.08413	0.08238	0.08238	0.08678	0.08678	0.08678	0.08678	0.08678	0.08678	0.08474	0.0853	0.0853	0.0854	0.0854	0.08904	0.08725	0.08725	0.08883	0.0888	0.0888	0.08887	0.08887	0.08667	0.08886	0.08886	0.08886	0.08886	0.08886	0.09016	0.09016	0.09016	0.09016	0.09016	0.09016	0.09016	0.09016	0.09016
"8"	0.90242	0.94214	0.94895	0.76294	0.56453	0.47804	0.47804	0.48431	0.485	0.49972	0.49972	0.56108	0.56108	0.56013	0.56095	0.56125	0.57789	0.58966	0.58966	0.62218	0.61888	0.61888	0.61932	0.61932	0.60732	0.59592	0.62354	0.62354	0.62869	0.62506	0.62506	0.62506	0.63378	0.62905	0.62905	0.62905	0.62905	0.62905	0.62795	0.62717	0.62717	0.62878	0.62878	0.02257	0.02257	0.02257	0.02216	0.02117	0.01975	0.01918	0.01918	0.01943	0.01989	0.01911	0.01911	0.01911	0.01911	0.01911	0.01911	0.01911	0.01911	0.01911	0.01848	0.02174	0.02232	0.01666	0.02189	0.02189	0.00923	0	0.01387	0.01227	0.01512	0.02074	0.02288	0.02366	0.02397	0.0235	0.02405	0.02401	0.02401	0.05835	0.05835	0.05835	0.06219	0.06035	0.06035	0.0653	0.0653	0.06254	0.063	0.06324	0.06921	0.06921	0.0657	0.0657	0.0664	0.06837	0.07039	0.07039	0.07039	0.06901	0.06727	0.06727	0.06805	0.06745	0.06545	0.0659	0.0659	0.0659	0.06509	0.06685	0.06739	0.05913	0.05849	0.05849	0.05849	0.05564	0.05999	0.05852	0.06087	0.0638	0.06181	0.06181	0.06441	0.06393	0.06393	0.06384	0.0657	0.06645	0.06549	0.06549	0.06636	0.06851	0.06613	0.06613	0.06668	0.06766	0.06723	0.06379	0.06379	0.06379	0.06573	0.06577	0.06738	0.066	0.066	0.066	0.066	0.066	0.06999	0.06999	0.06862	0.0746	0.0746	0.0746	0.06924	0.06912	0.06876	0.06937	0.06743	0.06743	0.07056	0.07167	0.07167	0.07117	0.07024	0.06826	0.06971	0.06988	0.06988	0.06988	0.07118	0.07118	0.07118	0.07118	0.06828	0.06822	0.069	0.069	0.06909	0.06964	0.07106	0.07106	0.07074	0.07074	0.07074	0.07074	0.07074	0.07138	0.0967	0.10097	0.10294	0.1039	0.1039	0.10467	0.13303	0.13303	0.13353	0.16878	0.17616	0.17616	0.17616	0.22162	0.16404	0.1646	0.1646	0.1936	0.19705	0.19658	0.20507	0.20507	0.20507	0.20507	0.20507	0.20507	0.20507	0.06837	0.07722	0.07722	0.07722	0.07722	0.0756	0.0756	0.0756	0.0756	0.0756	0.0756	0.0756	0.07486	0.076	0.076	0.076	0.076	0.07425	0.07425	0.07865	0.07865	0.07865	0.07865	0.07865	0.07865	0.07661	0.07717	0.07717	0.07727	0.07727	0.08091	0.07912	0.07912	0.0807	0.08067	0.08067	0.08074	0.08074	0.07854	0.08073	0.08073	0.08073	0.08073	0.08073	0.08203	0.08203	0.08203	0.08203	0.08203	0.08203	0.08203	0.08203	0.08203
"57"	0.90167	0.94139	0.9482	0.76219	0.56378	0.47729	0.47729	0.48356	0.48425	0.49897	0.49897	0.56033	0.56033	0.55938	0.5602	0.5605	0.57714	0.58891	0.58891	0.62143	0.61813	0.61813	0.61857	0.61857	0.60657	0.59517	0.62279	0.62279	0.62794	0.62431	0.62431	0.62431	0.63303	0.6283	0.6283	0.6283	0.6283	0.6283	0.6272	0.62642	0.62642	0.62803	0.62803	0.02182	0.02182	0.02182	0.02141	0.02042	0.019	0.01843	0.01843	0.01868	0.01914	0.01836	0.01836	0.01836	0.01836	0.01836	0.01836	0.01836	0.01836	0.01836	0.01773	0.02099	0.02157	0.01591	0.02114	0.02114	0.022	0.01387	0	0.00838	0.01437	0.01999	0.02213	0.02291	0.02322	0.02275	0.0233	0.02326	0.02326	0.0576	0.0576	0.0576	0.06144	0.0596	0.0596	0.06455	0.06455	0.06179	0.06225	0.06249	0.06846	0.06846	0.06495	0.06495	0.06565	0.06762	0.06964	0.06964	0.06964	0.06826	0.06652	0.06652	0.0673	0.0667	0.0647	0.06515	0.06515	0.06515	0.06434	0.0661	0.06664	0.05838	0.05774	0.05774	0.05774	0.05489	0.05924	0.05777	0.06012	0.06305	0.06106	0.06106	0.06366	0.06318	0.06318	0.06309	0.06495	0.0657	0.06474	0.06474	0.06561	0.06776	0.06538	0.06538	0.06593	0.06691	0.06648	0.06304	0.06304	0.06304	0.06498	0.06502	0.06663	0.06525	0.06525	0.06525	0.06525	0.06525	0.06924	0.06924	0.06787	0.07385	0.07385	0.07385	0.06849	0.06837	0.06801	0.06862	0.06668	0.06668	0.06981	0.07092	0.07092	0.07042	0.06949	0.06751	0.06896	0.06913	0.06913	0.06913	0.07043	0.07043	0.07043	0.07043	0.06753	0.06747	0.06825	0.06825	0.06834	0.06889	0.07031	0.07031	0.06999	0.06999	0.06999	0.06999	0.06999	0.07063	0.09595	0.10022	0.10219	0.10315	0.10315	0.10392	0.13228	0.13228	0.13278	0.16803	0.17541	0.17541	0.17541	0.22087	0.16329	0.16385	0.16385	0.19285	0.1963	0.19583	0.20432	0.20432	0.20432	0.20432	0.20432	0.20432	0.20432	0.06762	0.07647	0.07647	0.07647	0.07647	0.07485	0.07485	0.07485	0.07485	0.07485	0.07485	0.07485	0.07411	0.07525	0.07525	0.07525	0.07525	0.0735	0.0735	0.0779	0.0779	0.0779	0.0779	0.0779	0.0779	0.07586	0.07642	0.07642	0.07652	0.07652	0.08016	0.07837	0.07837	0.07995	0.07992	0.07992	0.07999	0.07999	0.07779	0.07998	0.07998	0.07998	0.07998	0.07998	0.08128	0.08128	0.08128	0.08128	0.08128	0.08128	0.08128	0.08128	0.08128
"48"	0.90007	0.93979	0.9466	0.76059	0.56218	0.47569	0.47569	0.48196	0.48265	0.49737	0.49737	0.55873	0.55873	0.55778	0.5586	0.5589	0.57554	0.58731	0.58731	0.61983	0.61653	0.61653	0.61697	0.61697	0.60497	0.59357	0.62119	0.62119	0.62634	0.62271	0.62271	0.62271	0.63143	0.6267	0.6267	0.6267	0.6267	0.6267	0.6256	0.62482	0.62482	0.62643	0.62643	0.02022	0.02022	0.02022	0.01981	0.01882	0.0174	0.01683	0.01683	0.01708	0.01754	0.01676	0.01676	0.01676	0.01676	0.01676	0.01676	0.01676	0.01676	0.01676	0.01613	0.01939	0.01997	0.01431	0.01954	0.01954	0.0204	0.01227	0.00838	0	0.01277	0.01839	0.02053	0.02131	0.02162	0.02115	0.0217	0.02166	0.02166	0.056	0.056	0.056	0.05984	0.058	0.058	0.06295	0.06295	0.06019	0.06065	0.06089	0.06686	0.06686	0.06335	0.06335	0.06405	0.06602	0.06804	0.06804	0.06804	0.06666	0.06492	0.06492	0.0657	0.0651	0.0631	0.06355	0.06355	0.06355	0.06274	0.0645	0.06504	0.05678	0.05614	0.05614	0.05614	0.05329	0.05764	0.05617	0.05852	0.06145	0.05946	0.05946	0.06206	0.06158	0.06158	0.06149	0.06335	0.0641	0.06314	0.06314	0.06401	0.06616	0.06378	0.06378	0.06433	0.06531	0.06488	0.06144	0.06144	0.06144	0.06338	0.06342	0.06503	0.06365	0.06365	0.06365	0.06365	0.06365	0.06764	0.06764	0.06627	0.07225	0.07225	0.07225	0.06689	0.06677	0.06641	0.06702	0.06508	0.06508	0.06821	0.06932	0.06932	0.06882	0.06789	0.06591	0.06736	0.06753	0.06753	0.06753	0.06883	0.06883	0.06883	0.06883	0.06593	0.06587	0.06665	0.06665	0.06674	0.06729	0.06871	0.06871	0.06839	0.06839	0.06839	0.06839	0.06839	0.06903	0.09435	0.09862	0.10059	0.10155	0.10155	0.10232	0.13068	0.13068	0.13118	0.16643	0.17381	0.17381	0.17381	0.21927	0.16169	0.16225	0.16225	0.19125	0.1947	0.19423	0.20272	0.20272	0.20272	0.20272	0.20272	0.20272	0.20272	0.06602	0.07487	0.07487	0.07487	0.07487	0.07325	0.07325	0.07325	0.07325	0.07325	0.07325	0.07325	0.07251	0.07365	0.07365	0.07365	0.07365	0.0719	0.0719	0.0763	0.0763	0.0763	0.0763	0.0763	0.0763	0.07426	0.07482	0.07482	0.07492	0.07492	0.07856	0.07677	0.07677	0.07835	0.07832	0.07832	0.07839	0.07839	0.07619	0.07838	0.07838	0.07838	0.07838	0.07838	0.07968	0.07968	0.07968	0.07968	0.07968	0.07968	0.07968	0.07968	0.07968
"108"	0.90052	0.94024	0.94705	0.76104	0.56263	0.47614	0.47614	0.48241	0.4831	0.49782	0.49782	0.55918	0.55918	0.55823	0.55905	0.55935	0.57599	0.58776	0.58776	0.62028	0.61698	0.61698	0.61742	0.61742	0.60542	0.59402	0.62164	0.62164	0.62679	0.62316	0.62316	0.62316	0.63188	0.62715	0.62715	0.62715	0.62715	0.62715	0.62605	0.62527	0.62527	0.62688	0.62688	0.02067	0.02067	0.02067	0.02026	0.01927	0.01785	0.01728	0.01728	0.01753	0.01799	0.01721	0.01721	0.01721	0.01721	0.01721	0.01721	0.01721	0.01721	0.01721	0.01658	0.01984	0.02042	0.01476	0.01999	0.01999	0.02325	0.01512	0.01437	0.01277	0	0.01558	0.01772	0.0185	0.01881	0.01834	0.01889	0.01885	0.01885	0.05319	0.05319	0.05319	0.05703	0.05519	0.05519	0.06014	0.06014	0.05738	0.05784	0.05808	0.06405	0.06405	0.06054	0.06054	0.06124	0.06321	0.06523	0.06523	0.06523	0.06385	0.06211	0.06211	0.06289	0.06229	0.06029	0.06074	0.06074	0.06074	0.05993	0.06169	0.06223	0.05397	0.05333	0.05333	0.05333	0.05048	0.05483	0.05336	0.05571	0.05864	0.05665	0.05665	0.05925	0.05877	0.05877	0.05868	0.06054	0.06129	0.06033	0.06033	0.0612	0.06335	0.06097	0.06097	0.06152	0.0625	0.06207	0.05863	0.05863	0.05863	0.06057	0.06061	0.06222	0.06084	0.06084	0.06084	0.06084	0.06084	0.06483	0.06483	0.06346	0.06944	0.06944	0.06944	0.06408	0.06396	0.0636	0.06421	0.06227	0.06227	0.0654	0.06651	0.06651	0.06601	0.06508	0.0631	0.06455	0.06472	0.06472	0.06472	0.06602	0.06602	0.06602	0.06602	0.06312	0.06306	0.06384	0.06384	0.06393	0.06448	0.0659	0.0659	0.06558	0.06558	0.06558	0.06558	0.06558	0.06622	0.09154	0.09581	0.09778	0.09874	0.09874	0.09951	0.12787	0.12787	0.12837	0.16362	0.171	0.171	0.171	0.21646	0.15888	0.15944	0.15944	0.18844	0.19189	0.19142	0.19991	0.19991	0.19991	0.19991	0.19991	0.19991	0.19991	0.06321	0.07206	0.07206	0.07206	0.07206	0.07044	0.07044	0.07044	0.07044	0.07044	0.07044	0.07044	0.0697	0.07084	0.07084	0.07084	0.07084	0.06909	0.06909	0.07349	0.07349	0.07349	0.07349	0.07349	0.07349	0.07145	0.07201	0.07201	0.07211	0.07211	0.07575	0.07396	0.07396	0.07554	0.07551	0.07551	0.07558	0.07558	0.07338	0.07557	0.07557	0.07557	0.07557	0.07557	0.07687	0.07687	0.07687	0.07687	0.07687	0.07687	0.07687	0.07687	0.07687
"183"	0.90614	0.94586	0.95267	0.76666	0.56825	0.48176	0.48176	0.48803	0.48872	0.50344	0.50344	0.5648	0.5648	0.56385	0.56467	0.56497	0.58161	0.59338	0.59338	0.6259	0.6226	0.6226	0.62304	0.62304	0.61104	0.59964	0.62726	0.62726	0.63241	0.62878	0.62878	0.62878	0.6375	0.63277	0.63277	0.63277	0.63277	0.63277	0.63167	0.63089	0.63089	0.6325	0.6325	0.02629	0.02629	0.02629	0.02588	0.02489	0.02347	0.0229	0.0229	0.02315	0.02361	0.02283	0.02283	0.02283	0.02283	0.02283	0.02283	0.02283	0.02283	0.02283	0.0222	0.02546	0.02604	0.02038	0.02561	0.02561	0.02887	0.02074	0.01999	0.01839	0.01558	0	0.0175	0.01828	0.01859	0.01812	0.01867	0.01863	0.01863	0.05297	0.05297	0.05297	0.05681	0.05497	0.05497	0.05992	0.05992	0.05716	0.05762	0.05786	0.06383	0.06383	0.06032	0.06032	0.06102	0.06299	0.06501	0.06501	0.06501	0.06363	0.06189	0.06189	0.06267	0.06207	0.06007	0.06052	0.06052	0.06052	0.05971	0.06147	0.06201	0.05375	0.05311	0.05311	0.05311	0.05026	0.05461	0.05314	0.05549	0.05842	0.05643	0.05643	0.05903	0.05855	0.05855	0.05846	0.06032	0.06107	0.06011	0.06011	0.06098	0.06313	0.06075	0.06075	0.0613	0.06228	0.06185	0.05841	0.05841	0.05841	0.06035	0.06039	0.062	0.06062	0.06062	0.06062	0.06062	0.06062	0.06461	0.06461	0.06324	0.06922	0.06922	0.06922	0.06386	0.06374	0.06338	0.06399	0.06205	0.06205	0.06518	0.06629	0.06629	0.06579	0.06486	0.06288	0.06433	0.0645	0.0645	0.0645	0.0658	0.0658	0.0658	0.0658	0.0629	0.06284	0.06362	0.06362	0.06371	0.06426	0.06568	0.06568	0.06536	0.06536	0.06536	0.06536	0.06536	0.066	0.09132	0.09559	0.09756	0.09852	0.09852	0.09929	0.12765	0.12765	0.12815	0.1634	0.17078	0.17078	0.17078	0.21624	0.15866	0.15922	0.15922	0.18822	0.19167	0.1912	0.19969	0.19969	0.19969	0.19969	0.19969	0.19969	0.19969	0.06299	0.07184	0.07184	0.07184	0.07184	0.07022	0.07022	0.07022	0.07022	0.07022	0.07022	0.07022	0.06948	0.07062	0.07062	0.07062	0.07062	0.06887	0.06887	0.07327	0.07327	0.07327	0.07327	0.07327	0.07327	0.07123	0.07179	0.07179	0.07189	0.07189	0.07553	0.07374	0.07374	0.07532	0.07529	0.07529	0.07536	0.07536	0.07316	0.07535	0.07535	0.07535	0.07535	0.07535	0.07665	0.07665	0.07665	0.07665	0.07665	0.07665	0.07665	0.07665	0.07665
"169"	0.90828	0.948	0.95481	0.7688	0.57039	0.4839	0.4839	0.49017	0.49086	0.50558	0.50558	0.56694	0.56694	0.56599	0.56681	0.56711	0.58375	0.59552	0.59552	0.62804	0.62474	0.62474	0.62518	0.62518	0.61318	0.60178	0.6294	0.6294	0.63455	0.63092	0.63092	0.63092	0.63964	0.63491	0.63491	0.63491	0.63491	0.63491	0.63381	0.63303	0.63303	0.63464	0.63464	0.02843	0.02843	0.02843	0.02802	0.02703	0.02561	0.02504	0.02504	0.02529	0.02575	0.02497	0.02497	0.02497	0.02497	0.02497	0.02497	0.02497	0.02497	0.02497	0.02434	0.0276	0.02818	0.02252	0.02775	0.02775	0.03101	0.02288	0.02213	0.02053	0.01772	0.0175	0	0.0032	0.00351	0.00304	0.00359	0.00355	0.00355	0.04511	0.04511	0.04511	0.04895	0.04711	0.04711	0.05206	0.05206	0.0493	0.04976	0.05	0.05597	0.05597	0.05246	0.05246	0.05316	0.05513	0.05715	0.05715	0.05715	0.05577	0.05403	0.05403	0.05481	0.05421	0.05221	0.05266	0.05266	0.05266	0.05185	0.05361	0.05415	0.04589	0.04525	0.04525	0.04525	0.0424	0.04675	0.04528	0.04763	0.05056	0.04857	0.04857	0.05117	0.05069	0.05069	0.0506	0.05246	0.05321	0.05225	0.05225	0.05312	0.05527	0.05289	0.05289	0.05344	0.05442	0.05399	0.05055	0.05055	0.05055	0.05249	0.05253	0.05414	0.05276	0.05276	0.05276	0.05276	0.05276	0.05675	0.05675	0.05538	0.06136	0.06136	0.06136	0.056	0.05588	0.05552	0.05613	0.05419	0.05419	0.05732	0.05843	0.05843	0.05793	0.057	0.05502	0.05647	0.05664	0.05664	0.05664	0.05794	0.05794	0.05794	0.05794	0.05504	0.05498	0.05576	0.05576	0.05585	0.0564	0.05782	0.05782	0.0575	0.0575	0.0575	0.0575	0.0575	0.05814	0.08346	0.08773	0.0897	0.09066	0.09066	0.09143	0.11979	0.11979	0.12029	0.15554	0.16292	0.16292	0.16292	0.20838	0.1508	0.15136	0.15136	0.18036	0.18381	0.18334	0.19183	0.19183	0.19183	0.19183	0.19183	0.19183	0.19183	0.05513	0.06398	0.06398	0.06398	0.06398	0.06236	0.06236	0.06236	0.06236	0.06236	0.06236	0.06236	0.06162	0.06276	0.06276	0.06276	0.06276	0.06101	0.06101	0.06541	0.06541	0.06541	0.06541	0.06541	0.06541	0.06337	0.06393	0.06393	0.06403	0.06403	0.06767	0.06588	0.06588	0.06746	0.06743	0.06743	0.0675	0.0675	0.0653	0.06749	0.06749	0.06749	0.06749	0.06749	0.06879	0.06879	0.06879	0.06879	0.06879	0.06879	0.06879	0.06879	0.06879
"182"	0.90906	0.94878	0.95559	0.76958	0.57117	0.48468	0.48468	0.49095	0.49164	0.50636	0.50636	0.56772	0.56772	0.56677	0.56759	0.56789	0.58453	0.5963	0.5963	0.62882	0.62552	0.62552	0.62596	0.62596	0.61396	0.60256	0.63018	0.63018	0.63533	0.6317	0.6317	0.6317	0.64042	0.63569	0.63569	0.63569	0.63569	0.63569	0.63459	0.63381	0.63381	0.63542	0.63542	0.02921	0.02921	0.02921	0.0288	0.02781	0.02639	0.02582	0.02582	0.02607	0.02653	0.02575	0.02575	0.02575	0.02575	0.02575	0.02575	0.02575	0.02575	0.02575	0.02512	0.02838	0.02896	0.0233	0.02853	0.02853	0.03179	0.02366	0.02291	0.02131	0.0185	0.01828	0.0032	0	0.00165	0.00242	0.00297	0.00293	0.00293	0.04589	0.04589	0.04589	0.04973	0.04789	0.04789	0.05284	0.05284	0.05008	0.05054	0.05078	0.05675	0.05675	0.05324	0.05324	0.05394	0.05591	0.05793	0.05793	0.05793	0.05655	0.05481	0.05481	0.05559	0.05499	0.05299	0.05344	0.05344	0.05344	0.05263	0.05439	0.05493	0.04667	0.04603	0.04603	0.04603	0.04318	0.04753	0.04606	0.04841	0.05134	0.04935	0.04935	0.05195	0.05147	0.05147	0.05138	0.05324	0.05399	0.05303	0.05303	0.0539	0.05605	0.05367	0.05367	0.05422	0.0552	0.05477	0.05133	0.05133	0.05133	0.05327	0.05331	0.05492	0.05354	0.05354	0.05354	0.05354	0.05354	0.05753	0.05753	0.05616	0.06214	0.06214	0.06214	0.05678	0.05666	0.0563	0.05691	0.05497	0.05497	0.0581	0.05921	0.05921	0.05871	0.05778	0.0558	0.05725	0.05742	0.05742	0.05742	0.05872	0.05872	0.05872	0.05872	0.05582	0.05576	0.05654	0.05654	0.05663	0.05718	0.0586	0.0586	0.05828	0.05828	0.05828	0.05828	0.05828	0.05892	0.08424	0.08851	0.09048	0.09144	0.09144	0.09221	0.12057	0.12057	0.12107	0.15632	0.1637	0.1637	0.1637	0.20916	0.15158	0.15214	0.15214	0.18114	0.18459	0.18412	0.19261	0.19261	0.19261	0.19261	0.19261	0.19261	0.19261	0.05591	0.06476	0.06476	0.06476	0.06476	0.06314	0.06314	0.06314	0.06314	0.06314	0.06314	0.06314	0.0624	0.06354	0.06354	0.06354	0.06354	0.06179	0.06179	0.06619	0.06619	0.06619	0.06619	0.06619	0.06619	0.06415	0.06471	0.06471	0.06481	0.06481	0.06845	0.06666	0.06666	0.06824	0.06821	0.06821	0.06828	0.06828	0.06608	0.06827	0.06827	0.06827	0.06827	0.06827	0.06957	0.06957	0.06957	0.06957	0.06957	0.06957	0.06957	0.06957	0.06957
"225"	0.90937	0.94909	0.9559	0.76989	0.57148	0.48499	0.48499	0.49126	0.49195	0.50667	0.50667	0.56803	0.56803	0.56708	0.5679	0.5682	0.58484	0.59661	0.59661	0.62913	0.62583	0.62583	0.62627	0.62627	0.61427	0.60287	0.63049	0.63049	0.63564	0.63201	0.63201	0.63201	0.64073	0.636	0.636	0.636	0.636	0.636	0.6349	0.63412	0.63412	0.63573	0.63573	0.02952	0.02952	0.02952	0.02911	0.02812	0.0267	0.02613	0.02613	0.02638	0.02684	0.02606	0.02606	0.02606	0.02606	0.02606	0.02606	0.02606	0.02606	0.02606	0.02543	0.02869	0.02927	0.02361	0.02884	0.02884	0.0321	0.02397	0.02322	0.02162	0.01881	0.01859	0.00351	0.00165	0	0.00273	0.00328	0.00324	0.00324	0.0462	0.0462	0.0462	0.05004	0.0482	0.0482	0.05315	0.05315	0.05039	0.05085	0.05109	0.05706	0.05706	0.05355	0.05355	0.05425	0.05622	0.05824	0.05824	0.05824	0.05686	0.05512	0.05512	0.0559	0.0553	0.0533	0.05375	0.05375	0.05375	0.05294	0.0547	0.05524	0.04698	0.04634	0.04634	0.04634	0.04349	0.04784	0.04637	0.04872	0.05165	0.04966	0.04966	0.05226	0.05178	0.05178	0.05169	0.05355	0.0543	0.05334	0.05334	0.05421	0.05636	0.05398	0.05398	0.05453	0.05551	0.05508	0.05164	0.05164	0.05164	0.05358	0.05362	0.05523	0.05385	0.05385	0.05385	0.05385	0.05385	0.05784	0.05784	0.05647	0.06245	0.06245	0.06245	0.05709	0.05697	0.05661	0.05722	0.05528	0.05528	0.05841	0.05952	0.05952	0.05902	0.05809	0.05611	0.05756	0.05773	0.05773	0.05773	0.05903	0.05903	0.05903	0.05903	0.05613	0.05607	0.05685	0.05685	0.05694	0.05749	0.05891	0.05891	0.05859	0.05859	0.05859	0.05859	0.05859	0.05923	0.08455	0.08882	0.09079	0.09175	0.09175	0.09252	0.12088	0.12088	0.12138	0.15663	0.16401	0.16401	0.16401	0.20947	0.15189	0.15245	0.15245	0.18145	0.1849	0.18443	0.19292	0.19292	0.19292	0.19292	0.19292	0.19292	0.19292	0.05622	0.06507	0.06507	0.06507	0.06507	0.06345	0.06345	0.06345	0.06345	0.06345	0.06345	0.06345	0.06271	0.06385	0.06385	0.06385	0.06385	0.0621	0.0621	0.0665	0.0665	0.0665	0.0665	0.0665	0.0665	0.06446	0.06502	0.06502	0.06512	0.06512	0.06876	0.06697	0.06697	0.06855	0.06852	0.06852	0.06859	0.06859	0.06639	0.06858	0.06858	0.06858	0.06858	0.06858	0.06988	0.06988	0.06988	0.06988	0.06988	0.06988	0.06988	0.06988	0.06988
"343"	0.9089	0.94862	0.95543	0.76942	0.57101	0.48452	0.48452	0.49079	0.49148	0.5062	0.5062	0.56756	0.56756	0.56661	0.56743	0.56773	0.58437	0.59614	0.59614	0.62866	0.62536	0.62536	0.6258	0.6258	0.6138	0.6024	0.63002	0.63002	0.63517	0.63154	0.63154	0.63154	0.64026	0.63553	0.63553	0.63553	0.63553	0.63553	0.63443	0.63365	0.63365	0.63526	0.63526	0.02905	0.02905	0.02905	0.02864	0.02765	0.02623	0.02566	0.02566	0.02591	0.02637	0.02559	0.02559	0.02559	0.02559	0.02559	0.02559	0.02559	0.02559	0.02559	0.02496	0.02822	0.0288	0.02314	0.02837	0.02837	0.03163	0.0235	0.02275	0.02115	0.01834	0.01812	0.00304	0.00242	0.00273	0	0.00165	0.00161	0.00161	0.04573	0.04573	0.04573	0.04957	0.04773	0.04773	0.05268	0.05268	0.04992	0.05038	0.05062	0.05659	0.05659	0.05308	0.05308	0.05378	0.05575	0.05777	0.05777	0.05777	0.05639	0.05465	0.05465	0.05543	0.05483	0.05283	0.05328	0.05328	0.05328	0.05247	0.05423	0.05477	0.04651	0.04587	0.04587	0.04587	0.04302	0.04737	0.0459	0.04825	0.05118	0.04919	0.04919	0.05179	0.05131	0.05131	0.05122	0.05308	0.05383	0.05287	0.05287	0.05374	0.05589	0.05351	0.05351	0.05406	0.05504	0.05461	0.05117	0.05117	0.05117	0.05311	0.05315	0.05476	0.05338	0.05338	0.05338	0.05338	0.05338	0.05737	0.05737	0.056	0.06198	0.06198	0.06198	0.05662	0.0565	0.05614	0.05675	0.05481	0.05481	0.05794	0.05905	0.05905	0.05855	0.05762	0.05564	0.05709	0.05726	0.05726	0.05726	0.05856	0.05856	0.05856	0.05856	0.05566	0.0556	0.05638	0.05638	0.05647	0.05702	0.05844	0.05844	0.05812	0.05812	0.05812	0.05812	0.05812	0.05876	0.08408	0.08835	0.09032	0.09128	0.09128	0.09205	0.12041	0.12041	0.12091	0.15616	0.16354	0.16354	0.16354	0.209	0.15142	0.15198	0.15198	0.18098	0.18443	0.18396	0.19245	0.19245	0.19245	0.19245	0.19245	0.19245	0.19245	0.05575	0.0646	0.0646	0.0646	0.0646	0.06298	0.06298	0.06298	0.06298	0.06298	0.06298	0.06298	0.06224	0.06338	0.06338	0.06338	0.06338	0.06163	0.06163	0.06603	0.06603	0.06603	0.06603	0.06603	0.06603	0.06399	0.06455	0.06455	0.06465	0.06465	0.06829	0.0665	0.0665	0.06808	0.06805	0.06805	0.06812	0.06812	0.06592	0.06811	0.06811	0.06811	0.06811	0.06811	0.06941	0.06941	0.06941	0.06941	0.06941	0.06941	0.06941	0.06941	0.06941
"238"	0.90945	0.94917	0.95598	0.76997	0.57156	0.48507	0.48507	0.49134	0.49203	0.50675	0.50675	0.56811	0.56811	0.56716	0.56798	0.56828	0.58492	0.59669	0.59669	0.62921	0.62591	0.62591	0.62635	0.62635	0.61435	0.60295	0.63057	0.63057	0.63572	0.63209	0.63209	0.63209	0.64081	0.63608	0.63608	0.63608	0.63608	0.63608	0.63498	0.6342	0.6342	0.63581	0.63581	0.0296	0.0296	0.0296	0.02919	0.0282	0.02678	0.02621	0.02621	0.02646	0.02692	0.02614	0.02614	0.02614	0.02614	0.02614	0.02614	0.02614	0.02614	0.02614	0.02551	0.02877	0.02935	0.02369	0.02892	0.02892	0.03218	0.02405	0.0233	0.0217	0.01889	0.01867	0.00359	0.00297	0.00328	0.00165	0	0.00106	0.00106	0.04628	0.04628	0.04628	0.05012	0.04828	0.04828	0.05323	0.05323	0.05047	0.05093	0.05117	0.05714	0.05714	0.05363	0.05363	0.05433	0.0563	0.05832	0.05832	0.05832	0.05694	0.0552	0.0552	0.05598	0.05538	0.05338	0.05383	0.05383	0.05383	0.05302	0.05478	0.05532	0.04706	0.04642	0.04642	0.04642	0.04357	0.04792	0.04645	0.0488	0.05173	0.04974	0.04974	0.05234	0.05186	0.05186	0.05177	0.05363	0.05438	0.05342	0.05342	0.05429	0.05644	0.05406	0.05406	0.05461	0.05559	0.05516	0.05172	0.05172	0.05172	0.05366	0.0537	0.05531	0.05393	0.05393	0.05393	0.05393	0.05393	0.05792	0.05792	0.05655	0.06253	0.06253	0.06253	0.05717	0.05705	0.05669	0.0573	0.05536	0.05536	0.05849	0.0596	0.0596	0.0591	0.05817	0.05619	0.05764	0.05781	0.05781	0.05781	0.05911	0.05911	0.05911	0.05911	0.05621	0.05615	0.05693	0.05693	0.05702	0.05757	0.05899	0.05899	0.05867	0.05867	0.05867	0.05867	0.05867	0.05931	0.08463	0.0889	0.09087	0.09183	0.09183	0.0926	0.12096	0.12096	0.12146	0.15671	0.16409	0.16409	0.16409	0.20955	0.15197	0.15253	0.15253	0.18153	0.18498	0.18451	0.193	0.193	0.193	0.193	0.193	0.193	0.193	0.0563	0.06515	0.06515	0.06515	0.06515	0.06353	0.06353	0.06353	0.06353	0.06353	0.06353	0.06353	0.06279	0.06393	0.06393	0.06393	0.06393	0.06218	0.06218	0.06658	0.06658	0.06658	0.06658	0.06658	0.06658	0.06454	0.0651	0.0651	0.0652	0.0652	0.06884	0.06705	0.06705	0.06863	0.0686	0.0686	0.06867	0.06867	0.06647	0.06866	0.06866	0.06866	0.06866	0.06866	0.06996	0.06996	0.06996	0.06996	0.06996	0.06996	0.06996	0.06996	0.06996
"21"	0.90941	0.94913	0.95594	0.76993	0.57152	0.48503	0.48503	0.4913	0.49199	0.50671	0.50671	0.56807	0.56807	0.56712	0.56794	0.56824	0.58488	0.59665	0.59665	0.62917	0.62587	0.62587	0.62631	0.62631	0.61431	0.60291	0.63053	0.63053	0.63568	0.63205	0.63205	0.63205	0.64077	0.63604	0.63604	0.63604	0.63604	0.63604	0.63494	0.63416	0.63416	0.63577	0.63577	0.02956	0.02956	0.02956	0.02915	0.02816	0.02674	0.02617	0.02617	0.02642	0.02688	0.0261	0.0261	0.0261	0.0261	0.0261	0.0261	0.0261	0.0261	0.0261	0.02547	0.02873	0.02931	0.02365	0.02888	0.02888	0.03214	0.02401	0.02326	0.02166	0.01885	0.01863	0.00355	0.00293	0.00324	0.00161	0.00106	0	0	0.04624	0.04624	0.04624	0.05008	0.04824	0.04824	0.05319	0.05319	0.05043	0.05089	0.05113	0.0571	0.0571	0.05359	0.05359	0.05429	0.05626	0.05828	0.05828	0.05828	0.0569	0.05516	0.05516	0.05594	0.05534	0.05334	0.05379	0.05379	0.05379	0.05298	0.05474	0.05528	0.04702	0.04638	0.04638	0.04638	0.04353	0.04788	0.04641	0.04876	0.05169	0.0497	0.0497	0.0523	0.05182	0.05182	0.05173	0.05359	0.05434	0.05338	0.05338	0.05425	0.0564	0.05402	0.05402	0.05457	0.05555	0.05512	0.05168	0.05168	0.05168	0.05362	0.05366	0.05527	0.05389	0.05389	0.05389	0.05389	0.05389	0.05788	0.05788	0.05651	0.06249	0.06249	0.06249	0.05713	0.05701	0.05665	0.05726	0.05532	0.05532	0.05845	0.05956	0.05956	0.05906	0.05813	0.05615	0.0576	0.05777	0.05777	0.05777	0.05907	0.05907	0.05907	0.05907	0.05617	0.05611	0.05689	0.05689	0.05698	0.05753	0.05895	0.05895	0.05863	0.05863	0.05863	0.05863	0.05863	0.05927	0.08459	0.08886	0.09083	0.09179	0.09179	0.09256	0.12092	0.12092	0.12142	0.15667	0.16405	0.16405	0.16405	0.20951	0.15193	0.15249	0.15249	0.18149	0.18494	0.18447	0.19296	0.19296	0.19296	0.19296	0.19296	0.19296	0.19296	0.05626	0.06511	0.06511	0.06511	0.06511	0.06349	0.06349	0.06349	0.06349	0.06349	0.06349	0.06349	0.06275	0.06389	0.06389	0.06389	0.06389	0.06214	0.06214	0.06654	0.06654	0.06654	0.06654	0.06654	0.06654	0.0645	0.06506	0.06506	0.06516	0.06516	0.0688	0.06701	0.06701	0.06859	0.06856	0.06856	0.06863	0.06863	0.06643	0.06862	0.06862	0.06862	0.06862	0.06862	0.06992	0.06992	0.06992	0.06992	0.06992	0.06992	0.06992	0.06992	0.06992
"23"	0.90941	0.94913	0.95594	0.76993	0.57152	0.48503	0.48503	0.4913	0.49199	0.50671	0.50671	0.56807	0.56807	0.56712	0.56794	0.56824	0.58488	0.59665	0.59665	0.62917	0.62587	0.62587	0.62631	0.62631	0.61431	0.60291	0.63053	0.63053	0.63568	0.63205	0.63205	0.63205	0.64077	0.63604	0.63604	0.63604	0.63604	0.63604	0.63494	0.63416	0.63416	0.63577	0.63577	0.02956	0.02956	0.02956	0.02915	0.02816	0.02674	0.02617	0.02617	0.02642	0.02688	0.0261	0.0261	0.0261	0.0261	0.0261	0.0261	0.0261	0.0261	0.0261	0.02547	0.02873	0.02931	0.02365	0.02888	0.02888	0.03214	0.02401	0.02326	0.02166	0.01885	0.01863	0.00355	0.00293	0.00324	0.00161	0.00106	0	0	0.04624	0.04624	0.04624	0.05008	0.04824	0.04824	0.05319	0.05319	0.05043	0.05089	0.05113	0.0571	0.0571	0.05359	0.05359	0.05429	0.05626	0.05828	0.05828	0.05828	0.0569	0.05516	0.05516	0.05594	0.05534	0.05334	0.05379	0.05379	0.05379	0.05298	0.05474	0.05528	0.04702	0.04638	0.04638	0.04638	0.04353	0.04788	0.04641	0.04876	0.05169	0.0497	0.0497	0.0523	0.05182	0.05182	0.05173	0.05359	0.05434	0.05338	0.05338	0.05425	0.0564	0.05402	0.05402	0.05457	0.05555	0.05512	0.05168	0.05168	0.05168	0.05362	0.05366	0.05527	0.05389	0.05389	0.05389	0.05389	0.05389	0.05788	0.05788	0.05651	0.06249	0.06249	0.06249	0.05713	0.05701	0.05665	0.05726	0.05532	0.05532	0.05845	0.05956	0.05956	0.05906	0.05813	0.05615	0.0576	0.05777	0.05777	0.05777	0.05907	0.05907	0.05907	0.05907	0.05617	0.05611	0.05689	0.05689	0.05698	0.05753	0.05895	0.05895	0.05863	0.05863	0.05863	0.05863	0.05863	0.05927	0.08459	0.08886	0.09083	0.09179	0.09179	0.09256	0.12092	0.12092	0.12142	0.15667	0.16405	0.16405	0.16405	0.20951	0.15193	0.15249	0.15249	0.18149	0.18494	0.18447	0.19296	0.19296	0.19296	0.19296	0.19296	0.19296	0.19296	0.05626	0.06511	0.06511	0.06511	0.06511	0.06349	0.06349	0.06349	0.06349	0.06349	0.06349	0.06349	0.06275	0.06389	0.06389	0.06389	0.06389	0.06214	0.06214	0.06654	0.06654	0.06654	0.06654	0.06654	0.06654	0.0645	0.06506	0.06506	0.06516	0.06516	0.0688	0.06701	0.06701	0.06859	0.06856	0.06856	0.06863	0.06863	0.06643	0.06862	0.06862	0.06862	0.06862	0.06862	0.06992	0.06992	0.06992	0.06992	0.06992	0.06992	0.06992	0.06992	0.06992
"147"	0.94375	0.98347	0.99028	0.80427	0.60586	0.51937	0.51937	0.52564	0.52633	0.54105	0.54105	0.60241	0.60241	0.60146	0.60228	0.60258	0.61922	0.63099	0.63099	0.66351	0.66021	0.66021	0.66065	0.66065	0.64865	0.63725	0.66487	0.66487	0.67002	0.66639	0.66639	0.66639	0.67511	0.67038	0.67038	0.67038	0.67038	0.67038	0.66928	0.6685	0.6685	0.67011	0.67011	0.0639	0.0639	0.0639	0.06349	0.0625	0.06108	0.06051	0.06051	0.06076	0.06122	0.06044	0.06044	0.06044	0.06044	0.06044	0.06044	0.06044	0.06044	0.06044	0.05981	0.06307	0.06365	0.05799	0.06322	0.06322	0.06648	0.05835	0.0576	0.056	0.05319	0.05297	0.04511	0.04589	0.0462	0.04573	0.04628	0.04624	0.04624	0	0	0	0.03012	0.02828	0.02828	0.03323	0.03323	0.03047	0.03093	0.03117	0.03714	0.03714	0.03363	0.03363	0.03433	0.0363	0.03832	0.03832	0.03832	0.03694	0.0352	0.0352	0.03598	0.03538	0.03338	0.03383	0.03383	0.03383	0.03302	0.03478	0.03532	0.03306	0.03242	0.03242	0.03242	0.02957	0.03392	0.03245	0.0348	0.03773	0.03574	0.03574	0.03834	0.03786	0.03786	0.03777	0.03963	0.04038	0.03942	0.03942	0.04029	0.04244	0.04006	0.04006	0.04061	0.04159	0.04116	0.03772	0.03772	0.03772	0.03966	0.0397	0.04131	0.03993	0.03993	0.03993	0.03993	0.03993	0.04392	0.04392	0.04255	0.04853	0.04853	0.04853	0.04317	0.04305	0.04269	0.0433	0.04136	0.04136	0.04449	0.0456	0.0456	0.0451	0.04417	0.04219	0.04364	0.04381	0.04381	0.04381	0.04511	0.04511	0.04511	0.04511	0.04221	0.04215	0.04293	0.04293	0.04302	0.04357	0.04499	0.04499	0.04467	0.04467	0.04467	0.04467	0.04467	0.04531	0.07063	0.0749	0.07687	0.07783	0.07783	0.0786	0.10696	0.10696	0.10746	0.14271	0.15009	0.15009	0.15009	0.19555	0.13797	0.13853	0.13853	0.16753	0.17098	0.17051	0.179	0.179	0.179	0.179	0.179	0.179	0.179	0.0423	0.05115	0.05115	0.05115	0.05115	0.04953	0.04953	0.04953	0.04953	0.04953	0.04953	0.04953	0.04879	0.04993	0.04993	0.04993	0.04993	0.04818	0.04818	0.05258	0.05258	0.05258	0.05258	0.05258	0.05258	0.05054	0.0511	0.0511	0.0512	0.0512	0.05484	0.05305	0.05305	0.05463	0.0546	0.0546	0.05467	0.05467	0.05247	0.05466	0.05466	0.05466	0.05466	0.05466	0.05596	0.05596	0.05596	0.05596	0.05596	0.05596	0.05596	0.05596	0.05596
"211"	0.94375	0.98347	0.99028	0.80427	0.60586	0.51937	0.51937	0.52564	0.52633	0.54105	0.54105	0.60241	0.60241	0.60146	0.60228	0.60258	0.61922	0.63099	0.63099	0.66351	0.66021	0.66021	0.66065	0.66065	0.64865	0.63725	0.66487	0.66487	0.67002	0.66639	0.66639	0.66639	0.67511	0.67038	0.67038	0.67038	0.67038	0.67038	0.66928	0.6685	0.6685	0.67011	0.67011	0.0639	0.0639	0.0639	0.06349	0.0625	0.06108	0.06051	0.06051	0.06076	0.06122	0.06044	0.06044	0.06044	0.06044	0.06044	0.06044	0.06044	0.06044	0.06044	0.05981	0.06307	0.06365	0.05799	0.06322	0.06322	0.06648	0.05835	0.0576	0.056	0.05319	0.05297	0.04511	0.04589	0.0462	0.04573	0.04628	0.04624	0.04624	0	0	0	0.03012	0.02828	0.02828	0.03323	0.03323	0.03047	0.03093	0.03117	0.03714	0.03714	0.03363	0.03363	0.03433	0.0363	0.03832	0.03832	0.03832	0.03694	0.0352	0.0352	0.03598	0.03538	0.03338	0.03383	0.03383	0.03383	0.03302	0.03478	0.03532	0.03306	0.03242	0.03242	0.03242	0.02957	0.03392	0.03245	0.0348	0.03773	0.03574	0.03574	0.03834	0.03786	0.03786	0.03777	0.03963	0.04038	0.03942	0.03942	0.04029	0.04244	0.04006	0.04006	0.04061	0.04159	0.04116	0.03772	0.03772	0.03772	0.03966	0.0397	0.04131	0.03993	0.03993	0.03993	0.03993	0.03993	0.04392	0.04392	0.04255	0.04853	0.04853	0.04853	0.04317	0.04305	0.04269	0.0433	0.04136	0.04136	0.04449	0.0456	0.0456	0.0451	0.04417	0.04219	0.04364	0.04381	0.04381	0.04381	0.04511	0.04511	0.04511	0.04511	0.04221	0.04215	0.04293	0.04293	0.04302	0.04357	0.04499	0.04499	0.04467	0.04467	0.04467	0.04467	0.04467	0.04531	0.07063	0.0749	0.07687	0.07783	0.07783	0.0786	0.10696	0.10696	0.10746	0.14271	0.15009	0.15009	0.15009	0.19555	0.13797	0.13853	0.13853	0.16753	0.17098	0.17051	0.179	0.179	0.179	0.179	0.179	0.179	0.179	0.0423	0.05115	0.05115	0.05115	0.05115	0.04953	0.04953	0.04953	0.04953	0.04953	0.04953	0.04953	0.04879	0.04993	0.04993	0.04993	0.04993	0.04818	0.04818	0.05258	0.05258	0.05258	0.05258	0.05258	0.05258	0.05054	0.0511	0.0511	0.0512	0.0512	0.05484	0.05305	0.05305	0.05463	0.0546	0.0546	0.05467	0.05467	0.05247	0.05466	0.05466	0.05466	0.05466	0.05466	0.05596	0.05596	0.05596	0.05596	0.05596	0.05596	0.05596	0.05596	0.05596
"212"	0.94375	0.98347	0.99028	0.80427	0.60586	0.51937	0.51937	0.52564	0.52633	0.54105	0.54105	0.60241	0.60241	0.60146	0.60228	0.60258	0.61922	0.63099	0.63099	0.66351	0.66021	0.66021	0.66065	0.66065	0.64865	0.63725	0.66487	0.66487	0.67002	0.66639	0.66639	0.66639	0.67511	0.67038	0.67038	0.67038	0.67038	0.67038	0.66928	0.6685	0.6685	0.67011	0.67011	0.0639	0.0639	0.0639	0.06349	0.0625	0.06108	0.06051	0.06051	0.06076	0.06122	0.06044	0.06044	0.06044	0.06044	0.06044	0.06044	0.06044	0.06044	0.06044	0.05981	0.06307	0.06365	0.05799	0.06322	0.06322	0.06648	0.05835	0.0576	0.056	0.05319	0.05297	0.04511	0.04589	0.0462	0.04573	0.04628	0.04624	0.04624	0	0	0	0.03012	0.02828	0.02828	0.03323	0.03323	0.03047	0.03093	0.03117	0.03714	0.03714	0.03363	0.03363	0.03433	0.0363	0.03832	0.03832	0.03832	0.03694	0.0352	0.0352	0.03598	0.03538	0.03338	0.03383	0.03383	0.03383	0.03302	0.03478	0.03532	0.03306	0.03242	0.03242	0.03242	0.02957	0.03392	0.03245	0.0348	0.03773	0.03574	0.03574	0.03834	0.03786	0.03786	0.03777	0.03963	0.04038	0.03942	0.03942	0.04029	0.04244	0.04006	0.04006	0.04061	0.04159	0.04116	0.03772	0.03772	0.03772	0.03966	0.0397	0.04131	0.03993	0.03993	0.03993	0.03993	0.03993	0.04392	0.04392	0.04255	0.04853	0.04853	0.04853	0.04317	0.04305	0.04269	0.0433	0.04136	0.04136	0.04449	0.0456	0.0456	0.0451	0.04417	0.04219	0.04364	0.04381	0.04381	0.04381	0.04511	0.04511	0.04511	0.04511	0.04221	0.04215	0.04293	0.04293	0.04302	0.04357	0.04499	0.04499	0.04467	0.04467	0.04467	0.04467	0.04467	0.04531	0.07063	0.0749	0.07687	0.07783	0.07783	0.0786	0.10696	0.10696	0.10746	0.14271	0.15009	0.15009	0.15009	0.19555	0.13797	0.13853	0.13853	0.16753	0.17098	0.17051	0.179	0.179	0.179	0.179	0.179	0.179	0.179	0.0423	0.05115	0.05115	0.05115	0.05115	0.04953	0.04953	0.04953	0.04953	0.04953	0.04953	0.04953	0.04879	0.04993	0.04993	0.04993	0.04993	0.04818	0.04818	0.05258	0.05258	0.05258	0.05258	0.05258	0.05258	0.05054	0.0511	0.0511	0.0512	0.0512	0.05484	0.05305	0.05305	0.05463	0.0546	0.0546	0.05467	0.05467	0.05247	0.05466	0.05466	0.05466	0.05466	0.05466	0.05596	0.05596	0.05596	0.05596	0.05596	0.05596	0.05596	0.05596	0.05596
"161"	0.94759	0.98731	0.99412	0.80811	0.6097	0.52321	0.52321	0.52948	0.53017	0.54489	0.54489	0.60625	0.60625	0.6053	0.60612	0.60642	0.62306	0.63483	0.63483	0.66735	0.66405	0.66405	0.66449	0.66449	0.65249	0.64109	0.66871	0.66871	0.67386	0.67023	0.67023	0.67023	0.67895	0.67422	0.67422	0.67422	0.67422	0.67422	0.67312	0.67234	0.67234	0.67395	0.67395	0.06774	0.06774	0.06774	0.06733	0.06634	0.06492	0.06435	0.06435	0.0646	0.06506	0.06428	0.06428	0.06428	0.06428	0.06428	0.06428	0.06428	0.06428	0.06428	0.06365	0.06691	0.06749	0.06183	0.06706	0.06706	0.07032	0.06219	0.06144	0.05984	0.05703	0.05681	0.04895	0.04973	0.05004	0.04957	0.05012	0.05008	0.05008	0.03012	0.03012	0.03012	0	0.02406	0.02406	0.02901	0.02901	0.02625	0.02671	0.02695	0.03292	0.03292	0.02941	0.02941	0.03011	0.03208	0.0341	0.0341	0.0341	0.03272	0.03098	0.03098	0.03176	0.03116	0.02916	0.02961	0.02961	0.02961	0.0288	0.03056	0.0311	0.0369	0.03626	0.03626	0.03626	0.03341	0.03776	0.03629	0.03864	0.04157	0.03958	0.03958	0.04218	0.0417	0.0417	0.04161	0.04347	0.04422	0.04326	0.04326	0.04413	0.04628	0.0439	0.0439	0.04445	0.04543	0.045	0.04156	0.04156	0.04156	0.0435	0.04354	0.04515	0.04377	0.04377	0.04377	0.04377	0.04377	0.04776	0.04776	0.04639	0.05237	0.05237	0.05237	0.04701	0.04689	0.04653	0.04714	0.0452	0.0452	0.04833	0.04944	0.04944	0.04894	0.04801	0.04603	0.04748	0.04765	0.04765	0.04765	0.04895	0.04895	0.04895	0.04895	0.04605	0.04599	0.04677	0.04677	0.04686	0.04741	0.04883	0.04883	0.04851	0.04851	0.04851	0.04851	0.04851	0.04915	0.07447	0.07874	0.08071	0.08167	0.08167	0.08244	0.1108	0.1108	0.1113	0.14655	0.15393	0.15393	0.15393	0.19939	0.14181	0.14237	0.14237	0.17137	0.17482	0.17435	0.18284	0.18284	0.18284	0.18284	0.18284	0.18284	0.18284	0.04614	0.05499	0.05499	0.05499	0.05499	0.05337	0.05337	0.05337	0.05337	0.05337	0.05337	0.05337	0.05263	0.05377	0.05377	0.05377	0.05377	0.05202	0.05202	0.05642	0.05642	0.05642	0.05642	0.05642	0.05642	0.05438	0.05494	0.05494	0.05504	0.05504	0.05868	0.05689	0.05689	0.05847	0.05844	0.05844	0.05851	0.05851	0.05631	0.0585	0.0585	0.0585	0.0585	0.0585	0.0598	0.0598	0.0598	0.0598	0.0598	0.0598	0.0598	0.0598	0.0598
"88"	0.94575	0.98547	0.99228	0.80627	0.60786	0.52137	0.52137	0.52764	0.52833	0.54305	0.54305	0.60441	0.60441	0.60346	0.60428	0.60458	0.62122	0.63299	0.63299	0.66551	0.66221	0.66221	0.66265	0.66265	0.65065	0.63925	0.66687	0.66687	0.67202	0.66839	0.66839	0.66839	0.67711	0.67238	0.67238	0.67238	0.67238	0.67238	0.67128	0.6705	0.6705	0.67211	0.67211	0.0659	0.0659	0.0659	0.06549	0.0645	0.06308	0.06251	0.06251	0.06276	0.06322	0.06244	0.06244	0.06244	0.06244	0.06244	0.06244	0.06244	0.06244	0.06244	0.06181	0.06507	0.06565	0.05999	0.06522	0.06522	0.06848	0.06035	0.0596	0.058	0.05519	0.05497	0.04711	0.04789	0.0482	0.04773	0.04828	0.04824	0.04824	0.02828	0.02828	0.02828	0.02406	0	0	0.02037	0.02037	0.01761	0.01807	0.01831	0.02428	0.02428	0.02077	0.02077	0.02147	0.02344	0.02546	0.02546	0.02546	0.02408	0.02234	0.02234	0.02312	0.02252	0.02052	0.02097	0.02097	0.02097	0.02016	0.02192	0.02246	0.03506	0.03442	0.03442	0.03442	0.03157	0.03592	0.03445	0.0368	0.03973	0.03774	0.03774	0.04034	0.03986	0.03986	0.03977	0.04163	0.04238	0.04142	0.04142	0.04229	0.04444	0.04206	0.04206	0.04261	0.04359	0.04316	0.03972	0.03972	0.03972	0.04166	0.0417	0.04331	0.04193	0.04193	0.04193	0.04193	0.04193	0.04592	0.04592	0.04455	0.05053	0.05053	0.05053	0.04517	0.04505	0.04469	0.0453	0.04336	0.04336	0.04649	0.0476	0.0476	0.0471	0.04617	0.04419	0.04564	0.04581	0.04581	0.04581	0.04711	0.04711	0.04711	0.04711	0.04421	0.04415	0.04493	0.04493	0.04502	0.04557	0.04699	0.04699	0.04667	0.04667	0.04667	0.04667	0.04667	0.04731	0.07263	0.0769	0.07887	0.07983	0.07983	0.0806	0.10896	0.10896	0.10946	0.14471	0.15209	0.15209	0.15209	0.19755	0.13997	0.14053	0.14053	0.16953	0.17298	0.17251	0.181	0.181	0.181	0.181	0.181	0.181	0.181	0.0443	0.05315	0.05315	0.05315	0.05315	0.05153	0.05153	0.05153	0.05153	0.05153	0.05153	0.05153	0.05079	0.05193	0.05193	0.05193	0.05193	0.05018	0.05018	0.05458	0.05458	0.05458	0.05458	0.05458	0.05458	0.05254	0.0531	0.0531	0.0532	0.0532	0.05684	0.05505	0.05505	0.05663	0.0566	0.0566	0.05667	0.05667	0.05447	0.05666	0.05666	0.05666	0.05666	0.05666	0.05796	0.05796	0.05796	0.05796	0.05796	0.05796	0.05796	0.05796	0.05796
"37"	0.94575	0.98547	0.99228	0.80627	0.60786	0.52137	0.52137	0.52764	0.52833	0.54305	0.54305	0.60441	0.60441	0.60346	0.60428	0.60458	0.62122	0.63299	0.63299	0.66551	0.66221	0.66221	0.66265	0.66265	0.65065	0.63925	0.66687	0.66687	0.67202	0.66839	0.66839	0.66839	0.67711	0.67238	0.67238	0.67238	0.67238	0.67238	0.67128	0.6705	0.6705	0.67211	0.67211	0.0659	0.0659	0.0659	0.06549	0.0645	0.06308	0.06251	0.06251	0.06276	0.06322	0.06244	0.06244	0.06244	0.06244	0.06244	0.06244	0.06244	0.06244	0.06244	0.06181	0.06507	0.06565	0.05999	0.06522	0.06522	0.06848	0.06035	0.0596	0.058	0.05519	0.05497	0.04711	0.04789	0.0482	0.04773	0.04828	0.04824	0.04824	0.02828	0.02828	0.02828	0.02406	0	0	0.02037	0.02037	0.01761	0.01807	0.01831	0.02428	0.02428	0.02077	0.02077	0.02147	0.02344	0.02546	0.02546	0.02546	0.02408	0.02234	0.02234	0.02312	0.02252	0.02052	0.02097	0.02097	0.02097	0.02016	0.02192	0.02246	0.03506	0.03442	0.03442	0.03442	0.03157	0.03592	0.03445	0.0368	0.03973	0.03774	0.03774	0.04034	0.03986	0.03986	0.03977	0.04163	0.04238	0.04142	0.04142	0.04229	0.04444	0.04206	0.04206	0.04261	0.04359	0.04316	0.03972	0.03972	0.03972	0.04166	0.0417	0.04331	0.04193	0.04193	0.04193	0.04193	0.04193	0.04592	0.04592	0.04455	0.05053	0.05053	0.05053	0.04517	0.04505	0.04469	0.0453	0.04336	0.04336	0.04649	0.0476	0.0476	0.0471	0.04617	0.04419	0.04564	0.04581	0.04581	0.04581	0.04711	0.04711	0.04711	0.04711	0.04421	0.04415	0.04493	0.04493	0.04502	0.04557	0.04699	0.04699	0.04667	0.04667	0.04667	0.04667	0.04667	0.04731	0.07263	0.0769	0.07887	0.07983	0.07983	0.0806	0.10896	0.10896	0.10946	0.14471	0.15209	0.15209	0.15209	0.19755	0.13997	0.14053	0.14053	0.16953	0.17298	0.17251	0.181	0.181	0.181	0.181	0.181	0.181	0.181	0.0443	0.05315	0.05315	0.05315	0.05315	0.05153	0.05153	0.05153	0.05153	0.05153	0.05153	0.05153	0.05079	0.05193	0.05193	0.05193	0.05193	0.05018	0.05018	0.05458	0.05458	0.05458	0.05458	0.05458	0.05458	0.05254	0.0531	0.0531	0.0532	0.0532	0.05684	0.05505	0.05505	0.05663	0.0566	0.0566	0.05667	0.05667	0.05447	0.05666	0.05666	0.05666	0.05666	0.05666	0.05796	0.05796	0.05796	0.05796	0.05796	0.05796	0.05796	0.05796	0.05796
"217"	0.9507	0.99042	0.99723	0.81122	0.61281	0.52632	0.52632	0.53259	0.53328	0.548	0.548	0.60936	0.60936	0.60841	0.60923	0.60953	0.62617	0.63794	0.63794	0.67046	0.66716	0.66716	0.6676	0.6676	0.6556	0.6442	0.67182	0.67182	0.67697	0.67334	0.67334	0.67334	0.68206	0.67733	0.67733	0.67733	0.67733	0.67733	0.67623	0.67545	0.67545	0.67706	0.67706	0.07085	0.07085	0.07085	0.07044	0.06945	0.06803	0.06746	0.06746	0.06771	0.06817	0.06739	0.06739	0.06739	0.06739	0.06739	0.06739	0.06739	0.06739	0.06739	0.06676	0.07002	0.0706	0.06494	0.07017	0.07017	0.07343	0.0653	0.06455	0.06295	0.06014	0.05992	0.05206	0.05284	0.05315	0.05268	0.05323	0.05319	0.05319	0.03323	0.03323	0.03323	0.02901	0.02037	0.02037	0	0	0.0114	0.01186	0.01512	0.02109	0.02109	0.01758	0.01758	0.01828	0.02025	0.02227	0.02227	0.02227	0.02333	0.02159	0.02159	0.02237	0.02177	0.01977	0.02022	0.02022	0.02022	0.01941	0.02117	0.02171	0.04001	0.03937	0.03937	0.03937	0.03652	0.04087	0.0394	0.04175	0.04468	0.04269	0.04269	0.04529	0.04481	0.04481	0.04472	0.04658	0.04733	0.04637	0.04637	0.04724	0.04939	0.04701	0.04701	0.04756	0.04854	0.04811	0.04467	0.04467	0.04467	0.04661	0.04665	0.04826	0.04688	0.04688	0.04688	0.04688	0.04688	0.05087	0.05087	0.0495	0.05548	0.05548	0.05548	0.05012	0.05	0.04964	0.05025	0.04831	0.04831	0.05144	0.05255	0.05255	0.05205	0.05112	0.04914	0.05059	0.05076	0.05076	0.05076	0.05206	0.05206	0.05206	0.05206	0.04916	0.0491	0.04988	0.04988	0.04997	0.05052	0.05194	0.05194	0.05162	0.05162	0.05162	0.05162	0.05162	0.05226	0.07758	0.08185	0.08382	0.08478	0.08478	0.08555	0.11391	0.11391	0.11441	0.14966	0.15704	0.15704	0.15704	0.2025	0.14492	0.14548	0.14548	0.17448	0.17793	0.17746	0.18595	0.18595	0.18595	0.18595	0.18595	0.18595	0.18595	0.04925	0.0581	0.0581	0.0581	0.0581	0.05648	0.05648	0.05648	0.05648	0.05648	0.05648	0.05648	0.05574	0.05688	0.05688	0.05688	0.05688	0.05513	0.05513	0.05953	0.05953	0.05953	0.05953	0.05953	0.05953	0.05749	0.05805	0.05805	0.05815	0.05815	0.06179	0.06	0.06	0.06158	0.06155	0.06155	0.06162	0.06162	0.05942	0.06161	0.06161	0.06161	0.06161	0.06161	0.06291	0.06291	0.06291	0.06291	0.06291	0.06291	0.06291	0.06291	0.06291
"223"	0.9507	0.99042	0.99723	0.81122	0.61281	0.52632	0.52632	0.53259	0.53328	0.548	0.548	0.60936	0.60936	0.60841	0.60923	0.60953	0.62617	0.63794	0.63794	0.67046	0.66716	0.66716	0.6676	0.6676	0.6556	0.6442	0.67182	0.67182	0.67697	0.67334	0.67334	0.67334	0.68206	0.67733	0.67733	0.67733	0.67733	0.67733	0.67623	0.67545	0.67545	0.67706	0.67706	0.07085	0.07085	0.07085	0.07044	0.06945	0.06803	0.06746	0.06746	0.06771	0.06817	0.06739	0.06739	0.06739	0.06739	0.06739	0.06739	0.06739	0.06739	0.06739	0.06676	0.07002	0.0706	0.06494	0.07017	0.07017	0.07343	0.0653	0.06455	0.06295	0.06014	0.05992	0.05206	0.05284	0.05315	0.05268	0.05323	0.05319	0.05319	0.03323	0.03323	0.03323	0.02901	0.02037	0.02037	0	0	0.0114	0.01186	0.01512	0.02109	0.02109	0.01758	0.01758	0.01828	0.02025	0.02227	0.02227	0.02227	0.02333	0.02159	0.02159	0.02237	0.02177	0.01977	0.02022	0.02022	0.02022	0.01941	0.02117	0.02171	0.04001	0.03937	0.03937	0.03937	0.03652	0.04087	0.0394	0.04175	0.04468	0.04269	0.04269	0.04529	0.04481	0.04481	0.04472	0.04658	0.04733	0.04637	0.04637	0.04724	0.04939	0.04701	0.04701	0.04756	0.04854	0.04811	0.04467	0.04467	0.04467	0.04661	0.04665	0.04826	0.04688	0.04688	0.04688	0.04688	0.04688	0.05087	0.05087	0.0495	0.05548	0.05548	0.05548	0.05012	0.05	0.04964	0.05025	0.04831	0.04831	0.05144	0.05255	0.05255	0.05205	0.05112	0.04914	0.05059	0.05076	0.05076	0.05076	0.05206	0.05206	0.05206	0.05206	0.04916	0.0491	0.04988	0.04988	0.04997	0.05052	0.05194	0.05194	0.05162	0.05162	0.05162	0.05162	0.05162	0.05226	0.07758	0.08185	0.08382	0.08478	0.08478	0.08555	0.11391	0.11391	0.11441	0.14966	0.15704	0.15704	0.15704	0.2025	0.14492	0.14548	0.14548	0.17448	0.17793	0.17746	0.18595	0.18595	0.18595	0.18595	0.18595	0.18595	0.18595	0.04925	0.0581	0.0581	0.0581	0.0581	0.05648	0.05648	0.05648	0.05648	0.05648	0.05648	0.05648	0.05574	0.05688	0.05688	0.05688	0.05688	0.05513	0.05513	0.05953	0.05953	0.05953	0.05953	0.05953	0.05953	0.05749	0.05805	0.05805	0.05815	0.05815	0.06179	0.06	0.06	0.06158	0.06155	0.06155	0.06162	0.06162	0.05942	0.06161	0.06161	0.06161	0.06161	0.06161	0.06291	0.06291	0.06291	0.06291	0.06291	0.06291	0.06291	0.06291	0.06291
"239"	0.94794	0.98766	0.99447	0.80846	0.61005	0.52356	0.52356	0.52983	0.53052	0.54524	0.54524	0.6066	0.6066	0.60565	0.60647	0.60677	0.62341	0.63518	0.63518	0.6677	0.6644	0.6644	0.66484	0.66484	0.65284	0.64144	0.66906	0.66906	0.67421	0.67058	0.67058	0.67058	0.6793	0.67457	0.67457	0.67457	0.67457	0.67457	0.67347	0.67269	0.67269	0.6743	0.6743	0.06809	0.06809	0.06809	0.06768	0.06669	0.06527	0.0647	0.0647	0.06495	0.06541	0.06463	0.06463	0.06463	0.06463	0.06463	0.06463	0.06463	0.06463	0.06463	0.064	0.06726	0.06784	0.06218	0.06741	0.06741	0.07067	0.06254	0.06179	0.06019	0.05738	0.05716	0.0493	0.05008	0.05039	0.04992	0.05047	0.05043	0.05043	0.03047	0.03047	0.03047	0.02625	0.01761	0.01761	0.0114	0.0114	0	0.00268	0.01236	0.01833	0.01833	0.01482	0.01482	0.01552	0.01749	0.01951	0.01951	0.01951	0.02057	0.01883	0.01883	0.01961	0.01901	0.01701	0.01746	0.01746	0.01746	0.01665	0.01841	0.01895	0.03725	0.03661	0.03661	0.03661	0.03376	0.03811	0.03664	0.03899	0.04192	0.03993	0.03993	0.04253	0.04205	0.04205	0.04196	0.04382	0.04457	0.04361	0.04361	0.04448	0.04663	0.04425	0.04425	0.0448	0.04578	0.04535	0.04191	0.04191	0.04191	0.04385	0.04389	0.0455	0.04412	0.04412	0.04412	0.04412	0.04412	0.04811	0.04811	0.04674	0.05272	0.05272	0.05272	0.04736	0.04724	0.04688	0.04749	0.04555	0.04555	0.04868	0.04979	0.04979	0.04929	0.04836	0.04638	0.04783	0.048	0.048	0.048	0.0493	0.0493	0.0493	0.0493	0.0464	0.04634	0.04712	0.04712	0.04721	0.04776	0.04918	0.04918	0.04886	0.04886	0.04886	0.04886	0.04886	0.0495	0.07482	0.07909	0.08106	0.08202	0.08202	0.08279	0.11115	0.11115	0.11165	0.1469	0.15428	0.15428	0.15428	0.19974	0.14216	0.14272	0.14272	0.17172	0.17517	0.1747	0.18319	0.18319	0.18319	0.18319	0.18319	0.18319	0.18319	0.04649	0.05534	0.05534	0.05534	0.05534	0.05372	0.05372	0.05372	0.05372	0.05372	0.05372	0.05372	0.05298	0.05412	0.05412	0.05412	0.05412	0.05237	0.05237	0.05677	0.05677	0.05677	0.05677	0.05677	0.05677	0.05473	0.05529	0.05529	0.05539	0.05539	0.05903	0.05724	0.05724	0.05882	0.05879	0.05879	0.05886	0.05886	0.05666	0.05885	0.05885	0.05885	0.05885	0.05885	0.06015	0.06015	0.06015	0.06015	0.06015	0.06015	0.06015	0.06015	0.06015
"180"	0.9484	0.98812	0.99493	0.80892	0.61051	0.52402	0.52402	0.53029	0.53098	0.5457	0.5457	0.60706	0.60706	0.60611	0.60693	0.60723	0.62387	0.63564	0.63564	0.66816	0.66486	0.66486	0.6653	0.6653	0.6533	0.6419	0.66952	0.66952	0.67467	0.67104	0.67104	0.67104	0.67976	0.67503	0.67503	0.67503	0.67503	0.67503	0.67393	0.67315	0.67315	0.67476	0.67476	0.06855	0.06855	0.06855	0.06814	0.06715	0.06573	0.06516	0.06516	0.06541	0.06587	0.06509	0.06509	0.06509	0.06509	0.06509	0.06509	0.06509	0.06509	0.06509	0.06446	0.06772	0.0683	0.06264	0.06787	0.06787	0.07113	0.063	0.06225	0.06065	0.05784	0.05762	0.04976	0.05054	0.05085	0.05038	0.05093	0.05089	0.05089	0.03093	0.03093	0.03093	0.02671	0.01807	0.01807	0.01186	0.01186	0.00268	0	0.01282	0.01879	0.01879	0.01528	0.01528	0.01598	0.01795	0.01997	0.01997	0.01997	0.02103	0.01929	0.01929	0.02007	0.01947	0.01747	0.01792	0.01792	0.01792	0.01711	0.01887	0.01941	0.03771	0.03707	0.03707	0.03707	0.03422	0.03857	0.0371	0.03945	0.04238	0.04039	0.04039	0.04299	0.04251	0.04251	0.04242	0.04428	0.04503	0.04407	0.04407	0.04494	0.04709	0.04471	0.04471	0.04526	0.04624	0.04581	0.04237	0.04237	0.04237	0.04431	0.04435	0.04596	0.04458	0.04458	0.04458	0.04458	0.04458	0.04857	0.04857	0.0472	0.05318	0.05318	0.05318	0.04782	0.0477	0.04734	0.04795	0.04601	0.04601	0.04914	0.05025	0.05025	0.04975	0.04882	0.04684	0.04829	0.04846	0.04846	0.04846	0.04976	0.04976	0.04976	0.04976	0.04686	0.0468	0.04758	0.04758	0.04767	0.04822	0.04964	0.04964	0.04932	0.04932	0.04932	0.04932	0.04932	0.04996	0.07528	0.07955	0.08152	0.08248	0.08248	0.08325	0.11161	0.11161	0.11211	0.14736	0.15474	0.15474	0.15474	0.2002	0.14262	0.14318	0.14318	0.17218	0.17563	0.17516	0.18365	0.18365	0.18365	0.18365	0.18365	0.18365	0.18365	0.04695	0.0558	0.0558	0.0558	0.0558	0.05418	0.05418	0.05418	0.05418	0.05418	0.05418	0.05418	0.05344	0.05458	0.05458	0.05458	0.05458	0.05283	0.05283	0.05723	0.05723	0.05723	0.05723	0.05723	0.05723	0.05519	0.05575	0.05575	0.05585	0.05585	0.05949	0.0577	0.0577	0.05928	0.05925	0.05925	0.05932	0.05932	0.05712	0.05931	0.05931	0.05931	0.05931	0.05931	0.06061	0.06061	0.06061	0.06061	0.06061	0.06061	0.06061	0.06061	0.06061
"187"	0.94864	0.98836	0.99517	0.80916	0.61075	0.52426	0.52426	0.53053	0.53122	0.54594	0.54594	0.6073	0.6073	0.60635	0.60717	0.60747	0.62411	0.63588	0.63588	0.6684	0.6651	0.6651	0.66554	0.66554	0.65354	0.64214	0.66976	0.66976	0.67491	0.67128	0.67128	0.67128	0.68	0.67527	0.67527	0.67527	0.67527	0.67527	0.67417	0.67339	0.67339	0.675	0.675	0.06879	0.06879	0.06879	0.06838	0.06739	0.06597	0.0654	0.0654	0.06565	0.06611	0.06533	0.06533	0.06533	0.06533	0.06533	0.06533	0.06533	0.06533	0.06533	0.0647	0.06796	0.06854	0.06288	0.06811	0.06811	0.07137	0.06324	0.06249	0.06089	0.05808	0.05786	0.05	0.05078	0.05109	0.05062	0.05117	0.05113	0.05113	0.03117	0.03117	0.03117	0.02695	0.01831	0.01831	0.01512	0.01512	0.01236	0.01282	0	0.01715	0.01715	0.01364	0.01364	0.01434	0.01631	0.01833	0.01833	0.01833	0.02127	0.01953	0.01953	0.02031	0.01971	0.01771	0.01816	0.01816	0.01816	0.01735	0.01911	0.01965	0.03795	0.03731	0.03731	0.03731	0.03446	0.03881	0.03734	0.03969	0.04262	0.04063	0.04063	0.04323	0.04275	0.04275	0.04266	0.04452	0.04527	0.04431	0.04431	0.04518	0.04733	0.04495	0.04495	0.0455	0.04648	0.04605	0.04261	0.04261	0.04261	0.04455	0.04459	0.0462	0.04482	0.04482	0.04482	0.04482	0.04482	0.04881	0.04881	0.04744	0.05342	0.05342	0.05342	0.04806	0.04794	0.04758	0.04819	0.04625	0.04625	0.04938	0.05049	0.05049	0.04999	0.04906	0.04708	0.04853	0.0487	0.0487	0.0487	0.05	0.05	0.05	0.05	0.0471	0.04704	0.04782	0.04782	0.04791	0.04846	0.04988	0.04988	0.04956	0.04956	0.04956	0.04956	0.04956	0.0502	0.07552	0.07979	0.08176	0.08272	0.08272	0.08349	0.11185	0.11185	0.11235	0.1476	0.15498	0.15498	0.15498	0.20044	0.14286	0.14342	0.14342	0.17242	0.17587	0.1754	0.18389	0.18389	0.18389	0.18389	0.18389	0.18389	0.18389	0.04719	0.05604	0.05604	0.05604	0.05604	0.05442	0.05442	0.05442	0.05442	0.05442	0.05442	0.05442	0.05368	0.05482	0.05482	0.05482	0.05482	0.05307	0.05307	0.05747	0.05747	0.05747	0.05747	0.05747	0.05747	0.05543	0.05599	0.05599	0.05609	0.05609	0.05973	0.05794	0.05794	0.05952	0.05949	0.05949	0.05956	0.05956	0.05736	0.05955	0.05955	0.05955	0.05955	0.05955	0.06085	0.06085	0.06085	0.06085	0.06085	0.06085	0.06085	0.06085	0.06085
"173"	0.95461	0.99433	1.00114	0.81513	0.61672	0.53023	0.53023	0.5365	0.53719	0.55191	0.55191	0.61327	0.61327	0.61232	0.61314	0.61344	0.63008	0.64185	0.64185	0.67437	0.67107	0.67107	0.67151	0.67151	0.65951	0.64811	0.67573	0.67573	0.68088	0.67725	0.67725	0.67725	0.68597	0.68124	0.68124	0.68124	0.68124	0.68124	0.68014	0.67936	0.67936	0.68097	0.68097	0.07476	0.07476	0.07476	0.07435	0.07336	0.07194	0.07137	0.07137	0.07162	0.07208	0.0713	0.0713	0.0713	0.0713	0.0713	0.0713	0.0713	0.0713	0.0713	0.07067	0.07393	0.07451	0.06885	0.07408	0.07408	0.07734	0.06921	0.06846	0.06686	0.06405	0.06383	0.05597	0.05675	0.05706	0.05659	0.05714	0.0571	0.0571	0.03714	0.03714	0.03714	0.03292	0.02428	0.02428	0.02109	0.02109	0.01833	0.01879	0.01715	0	0	0.01175	0.01175	0.01245	0.01442	0.01644	0.01644	0.01644	0.02724	0.0255	0.0255	0.02628	0.02568	0.02368	0.02413	0.02413	0.02413	0.02332	0.02508	0.02562	0.04392	0.04328	0.04328	0.04328	0.04043	0.04478	0.04331	0.04566	0.04859	0.0466	0.0466	0.0492	0.04872	0.04872	0.04863	0.05049	0.05124	0.05028	0.05028	0.05115	0.0533	0.05092	0.05092	0.05147	0.05245	0.05202	0.04858	0.04858	0.04858	0.05052	0.05056	0.05217	0.05079	0.05079	0.05079	0.05079	0.05079	0.05478	0.05478	0.05341	0.05939	0.05939	0.05939	0.05403	0.05391	0.05355	0.05416	0.05222	0.05222	0.05535	0.05646	0.05646	0.05596	0.05503	0.05305	0.0545	0.05467	0.05467	0.05467	0.05597	0.05597	0.05597	0.05597	0.05307	0.05301	0.05379	0.05379	0.05388	0.05443	0.05585	0.05585	0.05553	0.05553	0.05553	0.05553	0.05553	0.05617	0.08149	0.08576	0.08773	0.08869	0.08869	0.08946	0.11782	0.11782	0.11832	0.15357	0.16095	0.16095	0.16095	0.20641	0.14883	0.14939	0.14939	0.17839	0.18184	0.18137	0.18986	0.18986	0.18986	0.18986	0.18986	0.18986	0.18986	0.05316	0.06201	0.06201	0.06201	0.06201	0.06039	0.06039	0.06039	0.06039	0.06039	0.06039	0.06039	0.05965	0.06079	0.06079	0.06079	0.06079	0.05904	0.05904	0.06344	0.06344	0.06344	0.06344	0.06344	0.06344	0.0614	0.06196	0.06196	0.06206	0.06206	0.0657	0.06391	0.06391	0.06549	0.06546	0.06546	0.06553	0.06553	0.06333	0.06552	0.06552	0.06552	0.06552	0.06552	0.06682	0.06682	0.06682	0.06682	0.06682	0.06682	0.06682	0.06682	0.06682
"226"	0.95461	0.99433	1.00114	0.81513	0.61672	0.53023	0.53023	0.5365	0.53719	0.55191	0.55191	0.61327	0.61327	0.61232	0.61314	0.61344	0.63008	0.64185	0.64185	0.67437	0.67107	0.67107	0.67151	0.67151	0.65951	0.64811	0.67573	0.67573	0.68088	0.67725	0.67725	0.67725	0.68597	0.68124	0.68124	0.68124	0.68124	0.68124	0.68014	0.67936	0.67936	0.68097	0.68097	0.07476	0.07476	0.07476	0.07435	0.07336	0.07194	0.07137	0.07137	0.07162	0.07208	0.0713	0.0713	0.0713	0.0713	0.0713	0.0713	0.0713	0.0713	0.0713	0.07067	0.07393	0.07451	0.06885	0.07408	0.07408	0.07734	0.06921	0.06846	0.06686	0.06405	0.06383	0.05597	0.05675	0.05706	0.05659	0.05714	0.0571	0.0571	0.03714	0.03714	0.03714	0.03292	0.02428	0.02428	0.02109	0.02109	0.01833	0.01879	0.01715	0	0	0.01175	0.01175	0.01245	0.01442	0.01644	0.01644	0.01644	0.02724	0.0255	0.0255	0.02628	0.02568	0.02368	0.02413	0.02413	0.02413	0.02332	0.02508	0.02562	0.04392	0.04328	0.04328	0.04328	0.04043	0.04478	0.04331	0.04566	0.04859	0.0466	0.0466	0.0492	0.04872	0.04872	0.04863	0.05049	0.05124	0.05028	0.05028	0.05115	0.0533	0.05092	0.05092	0.05147	0.05245	0.05202	0.04858	0.04858	0.04858	0.05052	0.05056	0.05217	0.05079	0.05079	0.05079	0.05079	0.05079	0.05478	0.05478	0.05341	0.05939	0.05939	0.05939	0.05403	0.05391	0.05355	0.05416	0.05222	0.05222	0.05535	0.05646	0.05646	0.05596	0.05503	0.05305	0.0545	0.05467	0.05467	0.05467	0.05597	0.05597	0.05597	0.05597	0.05307	0.05301	0.05379	0.05379	0.05388	0.05443	0.05585	0.05585	0.05553	0.05553	0.05553	0.05553	0.05553	0.05617	0.08149	0.08576	0.08773	0.08869	0.08869	0.08946	0.11782	0.11782	0.11832	0.15357	0.16095	0.16095	0.16095	0.20641	0.14883	0.14939	0.14939	0.17839	0.18184	0.18137	0.18986	0.18986	0.18986	0.18986	0.18986	0.18986	0.18986	0.05316	0.06201	0.06201	0.06201	0.06201	0.06039	0.06039	0.06039	0.06039	0.06039	0.06039	0.06039	0.05965	0.06079	0.06079	0.06079	0.06079	0.05904	0.05904	0.06344	0.06344	0.06344	0.06344	0.06344	0.06344	0.0614	0.06196	0.06196	0.06206	0.06206	0.0657	0.06391	0.06391	0.06549	0.06546	0.06546	0.06553	0.06553	0.06333	0.06552	0.06552	0.06552	0.06552	0.06552	0.06682	0.06682	0.06682	0.06682	0.06682	0.06682	0.06682	0.06682	0.06682
"148"	0.9511	0.99082	0.99763	0.81162	0.61321	0.52672	0.52672	0.53299	0.53368	0.5484	0.5484	0.60976	0.60976	0.60881	0.60963	0.60993	0.62657	0.63834	0.63834	0.67086	0.66756	0.66756	0.668	0.668	0.656	0.6446	0.67222	0.67222	0.67737	0.67374	0.67374	0.67374	0.68246	0.67773	0.67773	0.67773	0.67773	0.67773	0.67663	0.67585	0.67585	0.67746	0.67746	0.07125	0.07125	0.07125	0.07084	0.06985	0.06843	0.06786	0.06786	0.06811	0.06857	0.06779	0.06779	0.06779	0.06779	0.06779	0.06779	0.06779	0.06779	0.06779	0.06716	0.07042	0.071	0.06534	0.07057	0.07057	0.07383	0.0657	0.06495	0.06335	0.06054	0.06032	0.05246	0.05324	0.05355	0.05308	0.05363	0.05359	0.05359	0.03363	0.03363	0.03363	0.02941	0.02077	0.02077	0.01758	0.01758	0.01482	0.01528	0.01364	0.01175	0.01175	0	0	0.00386	0.00583	0.00785	0.00785	0.00785	0.02373	0.02199	0.02199	0.02277	0.02217	0.02017	0.02062	0.02062	0.02062	0.01981	0.02157	0.02211	0.04041	0.03977	0.03977	0.03977	0.03692	0.04127	0.0398	0.04215	0.04508	0.04309	0.04309	0.04569	0.04521	0.04521	0.04512	0.04698	0.04773	0.04677	0.04677	0.04764	0.04979	0.04741	0.04741	0.04796	0.04894	0.04851	0.04507	0.04507	0.04507	0.04701	0.04705	0.04866	0.04728	0.04728	0.04728	0.04728	0.04728	0.05127	0.05127	0.0499	0.05588	0.05588	0.05588	0.05052	0.0504	0.05004	0.05065	0.04871	0.04871	0.05184	0.05295	0.05295	0.05245	0.05152	0.04954	0.05099	0.05116	0.05116	0.05116	0.05246	0.05246	0.05246	0.05246	0.04956	0.0495	0.05028	0.05028	0.05037	0.05092	0.05234	0.05234	0.05202	0.05202	0.05202	0.05202	0.05202	0.05266	0.07798	0.08225	0.08422	0.08518	0.08518	0.08595	0.11431	0.11431	0.11481	0.15006	0.15744	0.15744	0.15744	0.2029	0.14532	0.14588	0.14588	0.17488	0.17833	0.17786	0.18635	0.18635	0.18635	0.18635	0.18635	0.18635	0.18635	0.04965	0.0585	0.0585	0.0585	0.0585	0.05688	0.05688	0.05688	0.05688	0.05688	0.05688	0.05688	0.05614	0.05728	0.05728	0.05728	0.05728	0.05553	0.05553	0.05993	0.05993	0.05993	0.05993	0.05993	0.05993	0.05789	0.05845	0.05845	0.05855	0.05855	0.06219	0.0604	0.0604	0.06198	0.06195	0.06195	0.06202	0.06202	0.05982	0.06201	0.06201	0.06201	0.06201	0.06201	0.06331	0.06331	0.06331	0.06331	0.06331	0.06331	0.06331	0.06331	0.06331
"214"	0.9511	0.99082	0.99763	0.81162	0.61321	0.52672	0.52672	0.53299	0.53368	0.5484	0.5484	0.60976	0.60976	0.60881	0.60963	0.60993	0.62657	0.63834	0.63834	0.67086	0.66756	0.66756	0.668	0.668	0.656	0.6446	0.67222	0.67222	0.67737	0.67374	0.67374	0.67374	0.68246	0.67773	0.67773	0.67773	0.67773	0.67773	0.67663	0.67585	0.67585	0.67746	0.67746	0.07125	0.07125	0.07125	0.07084	0.06985	0.06843	0.06786	0.06786	0.06811	0.06857	0.06779	0.06779	0.06779	0.06779	0.06779	0.06779	0.06779	0.06779	0.06779	0.06716	0.07042	0.071	0.06534	0.07057	0.07057	0.07383	0.0657	0.06495	0.06335	0.06054	0.06032	0.05246	0.05324	0.05355	0.05308	0.05363	0.05359	0.05359	0.03363	0.03363	0.03363	0.02941	0.02077	0.02077	0.01758	0.01758	0.01482	0.01528	0.01364	0.01175	0.01175	0	0	0.00386	0.00583	0.00785	0.00785	0.00785	0.02373	0.02199	0.02199	0.02277	0.02217	0.02017	0.02062	0.02062	0.02062	0.01981	0.02157	0.02211	0.04041	0.03977	0.03977	0.03977	0.03692	0.04127	0.0398	0.04215	0.04508	0.04309	0.04309	0.04569	0.04521	0.04521	0.04512	0.04698	0.04773	0.04677	0.04677	0.04764	0.04979	0.04741	0.04741	0.04796	0.04894	0.04851	0.04507	0.04507	0.04507	0.04701	0.04705	0.04866	0.04728	0.04728	0.04728	0.04728	0.04728	0.05127	0.05127	0.0499	0.05588	0.05588	0.05588	0.05052	0.0504	0.05004	0.05065	0.04871	0.04871	0.05184	0.05295	0.05295	0.05245	0.05152	0.04954	0.05099	0.05116	0.05116	0.05116	0.05246	0.05246	0.05246	0.05246	0.04956	0.0495	0.05028	0.05028	0.05037	0.05092	0.05234	0.05234	0.05202	0.05202	0.05202	0.05202	0.05202	0.05266	0.07798	0.08225	0.08422	0.08518	0.08518	0.08595	0.11431	0.11431	0.11481	0.15006	0.15744	0.15744	0.15744	0.2029	0.14532	0.14588	0.14588	0.17488	0.17833	0.17786	0.18635	0.18635	0.18635	0.18635	0.18635	0.18635	0.18635	0.04965	0.0585	0.0585	0.0585	0.0585	0.05688	0.05688	0.05688	0.05688	0.05688	0.05688	0.05688	0.05614	0.05728	0.05728	0.05728	0.05728	0.05553	0.05553	0.05993	0.05993	0.05993	0.05993	0.05993	0.05993	0.05789	0.05845	0.05845	0.05855	0.05855	0.06219	0.0604	0.0604	0.06198	0.06195	0.06195	0.06202	0.06202	0.05982	0.06201	0.06201	0.06201	0.06201	0.06201	0.06331	0.06331	0.06331	0.06331	0.06331	0.06331	0.06331	0.06331	0.06331
"261"	0.9518	0.99152	0.99833	0.81232	0.61391	0.52742	0.52742	0.53369	0.53438	0.5491	0.5491	0.61046	0.61046	0.60951	0.61033	0.61063	0.62727	0.63904	0.63904	0.67156	0.66826	0.66826	0.6687	0.6687	0.6567	0.6453	0.67292	0.67292	0.67807	0.67444	0.67444	0.67444	0.68316	0.67843	0.67843	0.67843	0.67843	0.67843	0.67733	0.67655	0.67655	0.67816	0.67816	0.07195	0.07195	0.07195	0.07154	0.07055	0.06913	0.06856	0.06856	0.06881	0.06927	0.06849	0.06849	0.06849	0.06849	0.06849	0.06849	0.06849	0.06849	0.06849	0.06786	0.07112	0.0717	0.06604	0.07127	0.07127	0.07453	0.0664	0.06565	0.06405	0.06124	0.06102	0.05316	0.05394	0.05425	0.05378	0.05433	0.05429	0.05429	0.03433	0.03433	0.03433	0.03011	0.02147	0.02147	0.01828	0.01828	0.01552	0.01598	0.01434	0.01245	0.01245	0.00386	0.00386	0	0.00343	0.00545	0.00545	0.00545	0.02443	0.02269	0.02269	0.02347	0.02287	0.02087	0.02132	0.02132	0.02132	0.02051	0.02227	0.02281	0.04111	0.04047	0.04047	0.04047	0.03762	0.04197	0.0405	0.04285	0.04578	0.04379	0.04379	0.04639	0.04591	0.04591	0.04582	0.04768	0.04843	0.04747	0.04747	0.04834	0.05049	0.04811	0.04811	0.04866	0.04964	0.04921	0.04577	0.04577	0.04577	0.04771	0.04775	0.04936	0.04798	0.04798	0.04798	0.04798	0.04798	0.05197	0.05197	0.0506	0.05658	0.05658	0.05658	0.05122	0.0511	0.05074	0.05135	0.04941	0.04941	0.05254	0.05365	0.05365	0.05315	0.05222	0.05024	0.05169	0.05186	0.05186	0.05186	0.05316	0.05316	0.05316	0.05316	0.05026	0.0502	0.05098	0.05098	0.05107	0.05162	0.05304	0.05304	0.05272	0.05272	0.05272	0.05272	0.05272	0.05336	0.07868	0.08295	0.08492	0.08588	0.08588	0.08665	0.11501	0.11501	0.11551	0.15076	0.15814	0.15814	0.15814	0.2036	0.14602	0.14658	0.14658	0.17558	0.17903	0.17856	0.18705	0.18705	0.18705	0.18705	0.18705	0.18705	0.18705	0.05035	0.0592	0.0592	0.0592	0.0592	0.05758	0.05758	0.05758	0.05758	0.05758	0.05758	0.05758	0.05684	0.05798	0.05798	0.05798	0.05798	0.05623	0.05623	0.06063	0.06063	0.06063	0.06063	0.06063	0.06063	0.05859	0.05915	0.05915	0.05925	0.05925	0.06289	0.0611	0.0611	0.06268	0.06265	0.06265	0.06272	0.06272	0.06052	0.06271	0.06271	0.06271	0.06271	0.06271	0.06401	0.06401	0.06401	0.06401	0.06401	0.06401	0.06401	0.06401	0.06401
"241"	0.95377	0.99349	1.0003	0.81429	0.61588	0.52939	0.52939	0.53566	0.53635	0.55107	0.55107	0.61243	0.61243	0.61148	0.6123	0.6126	0.62924	0.64101	0.64101	0.67353	0.67023	0.67023	0.67067	0.67067	0.65867	0.64727	0.67489	0.67489	0.68004	0.67641	0.67641	0.67641	0.68513	0.6804	0.6804	0.6804	0.6804	0.6804	0.6793	0.67852	0.67852	0.68013	0.68013	0.07392	0.07392	0.07392	0.07351	0.07252	0.0711	0.07053	0.07053	0.07078	0.07124	0.07046	0.07046	0.07046	0.07046	0.07046	0.07046	0.07046	0.07046	0.07046	0.06983	0.07309	0.07367	0.06801	0.07324	0.07324	0.0765	0.06837	0.06762	0.06602	0.06321	0.06299	0.05513	0.05591	0.05622	0.05575	0.0563	0.05626	0.05626	0.0363	0.0363	0.0363	0.03208	0.02344	0.02344	0.02025	0.02025	0.01749	0.01795	0.01631	0.01442	0.01442	0.00583	0.00583	0.00343	0	0.00312	0.00312	0.00312	0.0264	0.02466	0.02466	0.02544	0.02484	0.02284	0.02329	0.02329	0.02329	0.02248	0.02424	0.02478	0.04308	0.04244	0.04244	0.04244	0.03959	0.04394	0.04247	0.04482	0.04775	0.04576	0.04576	0.04836	0.04788	0.04788	0.04779	0.04965	0.0504	0.04944	0.04944	0.05031	0.05246	0.05008	0.05008	0.05063	0.05161	0.05118	0.04774	0.04774	0.04774	0.04968	0.04972	0.05133	0.04995	0.04995	0.04995	0.04995	0.04995	0.05394	0.05394	0.05257	0.05855	0.05855	0.05855	0.05319	0.05307	0.05271	0.05332	0.05138	0.05138	0.05451	0.05562	0.05562	0.05512	0.05419	0.05221	0.05366	0.05383	0.05383	0.05383	0.05513	0.05513	0.05513	0.05513	0.05223	0.05217	0.05295	0.05295	0.05304	0.05359	0.05501	0.05501	0.05469	0.05469	0.05469	0.05469	0.05469	0.05533	0.08065	0.08492	0.08689	0.08785	0.08785	0.08862	0.11698	0.11698	0.11748	0.15273	0.16011	0.16011	0.16011	0.20557	0.14799	0.14855	0.14855	0.17755	0.181	0.18053	0.18902	0.18902	0.18902	0.18902	0.18902	0.18902	0.18902	0.05232	0.06117	0.06117	0.06117	0.06117	0.05955	0.05955	0.05955	0.05955	0.05955	0.05955	0.05955	0.05881	0.05995	0.05995	0.05995	0.05995	0.0582	0.0582	0.0626	0.0626	0.0626	0.0626	0.0626	0.0626	0.06056	0.06112	0.06112	0.06122	0.06122	0.06486	0.06307	0.06307	0.06465	0.06462	0.06462	0.06469	0.06469	0.06249	0.06468	0.06468	0.06468	0.06468	0.06468	0.06598	0.06598	0.06598	0.06598	0.06598	0.06598	0.06598	0.06598	0.06598
"227"	0.95579	0.99551	1.00232	0.81631	0.6179	0.53141	0.53141	0.53768	0.53837	0.55309	0.55309	0.61445	0.61445	0.6135	0.61432	0.61462	0.63126	0.64303	0.64303	0.67555	0.67225	0.67225	0.67269	0.67269	0.66069	0.64929	0.67691	0.67691	0.68206	0.67843	0.67843	0.67843	0.68715	0.68242	0.68242	0.68242	0.68242	0.68242	0.68132	0.68054	0.68054	0.68215	0.68215	0.07594	0.07594	0.07594	0.07553	0.07454	0.07312	0.07255	0.07255	0.0728	0.07326	0.07248	0.07248	0.07248	0.07248	0.07248	0.07248	0.07248	0.07248	0.07248	0.07185	0.07511	0.07569	0.07003	0.07526	0.07526	0.07852	0.07039	0.06964	0.06804	0.06523	0.06501	0.05715	0.05793	0.05824	0.05777	0.05832	0.05828	0.05828	0.03832	0.03832	0.03832	0.0341	0.02546	0.02546	0.02227	0.02227	0.01951	0.01997	0.01833	0.01644	0.01644	0.00785	0.00785	0.00545	0.00312	0	0	0	0.02842	0.02668	0.02668	0.02746	0.02686	0.02486	0.02531	0.02531	0.02531	0.0245	0.02626	0.0268	0.0451	0.04446	0.04446	0.04446	0.04161	0.04596	0.04449	0.04684	0.04977	0.04778	0.04778	0.05038	0.0499	0.0499	0.04981	0.05167	0.05242	0.05146	0.05146	0.05233	0.05448	0.0521	0.0521	0.05265	0.05363	0.0532	0.04976	0.04976	0.04976	0.0517	0.05174	0.05335	0.05197	0.05197	0.05197	0.05197	0.05197	0.05596	0.05596	0.05459	0.06057	0.06057	0.06057	0.05521	0.05509	0.05473	0.05534	0.0534	0.0534	0.05653	0.05764	0.05764	0.05714	0.05621	0.05423	0.05568	0.05585	0.05585	0.05585	0.05715	0.05715	0.05715	0.05715	0.05425	0.05419	0.05497	0.05497	0.05506	0.05561	0.05703	0.05703	0.05671	0.05671	0.05671	0.05671	0.05671	0.05735	0.08267	0.08694	0.08891	0.08987	0.08987	0.09064	0.119	0.119	0.1195	0.15475	0.16213	0.16213	0.16213	0.20759	0.15001	0.15057	0.15057	0.17957	0.18302	0.18255	0.19104	0.19104	0.19104	0.19104	0.19104	0.19104	0.19104	0.05434	0.06319	0.06319	0.06319	0.06319	0.06157	0.06157	0.06157	0.06157	0.06157	0.06157	0.06157	0.06083	0.06197	0.06197	0.06197	0.06197	0.06022	0.06022	0.06462	0.06462	0.06462	0.06462	0.06462	0.06462	0.06258	0.06314	0.06314	0.06324	0.06324	0.06688	0.06509	0.06509	0.06667	0.06664	0.06664	0.06671	0.06671	0.06451	0.0667	0.0667	0.0667	0.0667	0.0667	0.068	0.068	0.068	0.068	0.068	0.068	0.068	0.068	0.068
"228"	0.95579	0.99551	1.00232	0.81631	0.6179	0.53141	0.53141	0.53768	0.53837	0.55309	0.55309	0.61445	0.61445	0.6135	0.61432	0.61462	0.63126	0.64303	0.64303	0.67555	0.67225	0.67225	0.67269	0.67269	0.66069	0.64929	0.67691	0.67691	0.68206	0.67843	0.67843	0.67843	0.68715	0.68242	0.68242	0.68242	0.68242	0.68242	0.68132	0.68054	0.68054	0.68215	0.68215	0.07594	0.07594	0.07594	0.07553	0.07454	0.07312	0.07255	0.07255	0.0728	0.07326	0.07248	0.07248	0.07248	0.07248	0.07248	0.07248	0.07248	0.07248	0.07248	0.07185	0.07511	0.07569	0.07003	0.07526	0.07526	0.07852	0.07039	0.06964	0.06804	0.06523	0.06501	0.05715	0.05793	0.05824	0.05777	0.05832	0.05828	0.05828	0.03832	0.03832	0.03832	0.0341	0.02546	0.02546	0.02227	0.02227	0.01951	0.01997	0.01833	0.01644	0.01644	0.00785	0.00785	0.00545	0.00312	0	0	0	0.02842	0.02668	0.02668	0.02746	0.02686	0.02486	0.02531	0.02531	0.02531	0.0245	0.02626	0.0268	0.0451	0.04446	0.04446	0.04446	0.04161	0.04596	0.04449	0.04684	0.04977	0.04778	0.04778	0.05038	0.0499	0.0499	0.04981	0.05167	0.05242	0.05146	0.05146	0.05233	0.05448	0.0521	0.0521	0.05265	0.05363	0.0532	0.04976	0.04976	0.04976	0.0517	0.05174	0.05335	0.05197	0.05197	0.05197	0.05197	0.05197	0.05596	0.05596	0.05459	0.06057	0.06057	0.06057	0.05521	0.05509	0.05473	0.05534	0.0534	0.0534	0.05653	0.05764	0.05764	0.05714	0.05621	0.05423	0.05568	0.05585	0.05585	0.05585	0.05715	0.05715	0.05715	0.05715	0.05425	0.05419	0.05497	0.05497	0.05506	0.05561	0.05703	0.05703	0.05671	0.05671	0.05671	0.05671	0.05671	0.05735	0.08267	0.08694	0.08891	0.08987	0.08987	0.09064	0.119	0.119	0.1195	0.15475	0.16213	0.16213	0.16213	0.20759	0.15001	0.15057	0.15057	0.17957	0.18302	0.18255	0.19104	0.19104	0.19104	0.19104	0.19104	0.19104	0.19104	0.05434	0.06319	0.06319	0.06319	0.06319	0.06157	0.06157	0.06157	0.06157	0.06157	0.06157	0.06157	0.06083	0.06197	0.06197	0.06197	0.06197	0.06022	0.06022	0.06462	0.06462	0.06462	0.06462	0.06462	0.06462	0.06258	0.06314	0.06314	0.06324	0.06324	0.06688	0.06509	0.06509	0.06667	0.06664	0.06664	0.06671	0.06671	0.06451	0.0667	0.0667	0.0667	0.0667	0.0667	0.068	0.068	0.068	0.068	0.068	0.068	0.068	0.068	0.068
"175"	0.95579	0.99551	1.00232	0.81631	0.6179	0.53141	0.53141	0.53768	0.53837	0.55309	0.55309	0.61445	0.61445	0.6135	0.61432	0.61462	0.63126	0.64303	0.64303	0.67555	0.67225	0.67225	0.67269	0.67269	0.66069	0.64929	0.67691	0.67691	0.68206	0.67843	0.67843	0.67843	0.68715	0.68242	0.68242	0.68242	0.68242	0.68242	0.68132	0.68054	0.68054	0.68215	0.68215	0.07594	0.07594	0.07594	0.07553	0.07454	0.07312	0.07255	0.07255	0.0728	0.07326	0.07248	0.07248	0.07248	0.07248	0.07248	0.07248	0.07248	0.07248	0.07248	0.07185	0.07511	0.07569	0.07003	0.07526	0.07526	0.07852	0.07039	0.06964	0.06804	0.06523	0.06501	0.05715	0.05793	0.05824	0.05777	0.05832	0.05828	0.05828	0.03832	0.03832	0.03832	0.0341	0.02546	0.02546	0.02227	0.02227	0.01951	0.01997	0.01833	0.01644	0.01644	0.00785	0.00785	0.00545	0.00312	0	0	0	0.02842	0.02668	0.02668	0.02746	0.02686	0.02486	0.02531	0.02531	0.02531	0.0245	0.02626	0.0268	0.0451	0.04446	0.04446	0.04446	0.04161	0.04596	0.04449	0.04684	0.04977	0.04778	0.04778	0.05038	0.0499	0.0499	0.04981	0.05167	0.05242	0.05146	0.05146	0.05233	0.05448	0.0521	0.0521	0.05265	0.05363	0.0532	0.04976	0.04976	0.04976	0.0517	0.05174	0.05335	0.05197	0.05197	0.05197	0.05197	0.05197	0.05596	0.05596	0.05459	0.06057	0.06057	0.06057	0.05521	0.05509	0.05473	0.05534	0.0534	0.0534	0.05653	0.05764	0.05764	0.05714	0.05621	0.05423	0.05568	0.05585	0.05585	0.05585	0.05715	0.05715	0.05715	0.05715	0.05425	0.05419	0.05497	0.05497	0.05506	0.05561	0.05703	0.05703	0.05671	0.05671	0.05671	0.05671	0.05671	0.05735	0.08267	0.08694	0.08891	0.08987	0.08987	0.09064	0.119	0.119	0.1195	0.15475	0.16213	0.16213	0.16213	0.20759	0.15001	0.15057	0.15057	0.17957	0.18302	0.18255	0.19104	0.19104	0.19104	0.19104	0.19104	0.19104	0.19104	0.05434	0.06319	0.06319	0.06319	0.06319	0.06157	0.06157	0.06157	0.06157	0.06157	0.06157	0.06157	0.06083	0.06197	0.06197	0.06197	0.06197	0.06022	0.06022	0.06462	0.06462	0.06462	0.06462	0.06462	0.06462	0.06258	0.06314	0.06314	0.06324	0.06324	0.06688	0.06509	0.06509	0.06667	0.06664	0.06664	0.06671	0.06671	0.06451	0.0667	0.0667	0.0667	0.0667	0.0667	0.068	0.068	0.068	0.068	0.068	0.068	0.068	0.068	0.068
"338"	0.95441	0.99413	1.00094	0.81493	0.61652	0.53003	0.53003	0.5363	0.53699	0.55171	0.55171	0.61307	0.61307	0.61212	0.61294	0.61324	0.62988	0.64165	0.64165	0.67417	0.67087	0.67087	0.67131	0.67131	0.65931	0.64791	0.67553	0.67553	0.68068	0.67705	0.67705	0.67705	0.68577	0.68104	0.68104	0.68104	0.68104	0.68104	0.67994	0.67916	0.67916	0.68077	0.68077	0.07456	0.07456	0.07456	0.07415	0.07316	0.07174	0.07117	0.07117	0.07142	0.07188	0.0711	0.0711	0.0711	0.0711	0.0711	0.0711	0.0711	0.0711	0.0711	0.07047	0.07373	0.07431	0.06865	0.07388	0.07388	0.07714	0.06901	0.06826	0.06666	0.06385	0.06363	0.05577	0.05655	0.05686	0.05639	0.05694	0.0569	0.0569	0.03694	0.03694	0.03694	0.03272	0.02408	0.02408	0.02333	0.02333	0.02057	0.02103	0.02127	0.02724	0.02724	0.02373	0.02373	0.02443	0.0264	0.02842	0.02842	0.02842	0	0.01272	0.01272	0.01806	0.01746	0.01826	0.01871	0.01871	0.01871	0.0179	0.01966	0.0202	0.04372	0.04308	0.04308	0.04308	0.04023	0.04458	0.04311	0.04546	0.04839	0.0464	0.0464	0.049	0.04852	0.04852	0.04843	0.05029	0.05104	0.05008	0.05008	0.05095	0.0531	0.05072	0.05072	0.05127	0.05225	0.05182	0.04838	0.04838	0.04838	0.05032	0.05036	0.05197	0.05059	0.05059	0.05059	0.05059	0.05059	0.05458	0.05458	0.05321	0.05919	0.05919	0.05919	0.05383	0.05371	0.05335	0.05396	0.05202	0.05202	0.05515	0.05626	0.05626	0.05576	0.05483	0.05285	0.0543	0.05447	0.05447	0.05447	0.05577	0.05577	0.05577	0.05577	0.05287	0.05281	0.05359	0.05359	0.05368	0.05423	0.05565	0.05565	0.05533	0.05533	0.05533	0.05533	0.05533	0.05597	0.08129	0.08556	0.08753	0.08849	0.08849	0.08926	0.11762	0.11762	0.11812	0.15337	0.16075	0.16075	0.16075	0.20621	0.14863	0.14919	0.14919	0.17819	0.18164	0.18117	0.18966	0.18966	0.18966	0.18966	0.18966	0.18966	0.18966	0.05296	0.06181	0.06181	0.06181	0.06181	0.06019	0.06019	0.06019	0.06019	0.06019	0.06019	0.06019	0.05945	0.06059	0.06059	0.06059	0.06059	0.05884	0.05884	0.06324	0.06324	0.06324	0.06324	0.06324	0.06324	0.0612	0.06176	0.06176	0.06186	0.06186	0.0655	0.06371	0.06371	0.06529	0.06526	0.06526	0.06533	0.06533	0.06313	0.06532	0.06532	0.06532	0.06532	0.06532	0.06662	0.06662	0.06662	0.06662	0.06662	0.06662	0.06662	0.06662	0.06662
"151"	0.95267	0.99239	0.9992	0.81319	0.61478	0.52829	0.52829	0.53456	0.53525	0.54997	0.54997	0.61133	0.61133	0.61038	0.6112	0.6115	0.62814	0.63991	0.63991	0.67243	0.66913	0.66913	0.66957	0.66957	0.65757	0.64617	0.67379	0.67379	0.67894	0.67531	0.67531	0.67531	0.68403	0.6793	0.6793	0.6793	0.6793	0.6793	0.6782	0.67742	0.67742	0.67903	0.67903	0.07282	0.07282	0.07282	0.07241	0.07142	0.07	0.06943	0.06943	0.06968	0.07014	0.06936	0.06936	0.06936	0.06936	0.06936	0.06936	0.06936	0.06936	0.06936	0.06873	0.07199	0.07257	0.06691	0.07214	0.07214	0.0754	0.06727	0.06652	0.06492	0.06211	0.06189	0.05403	0.05481	0.05512	0.05465	0.0552	0.05516	0.05516	0.0352	0.0352	0.0352	0.03098	0.02234	0.02234	0.02159	0.02159	0.01883	0.01929	0.01953	0.0255	0.0255	0.02199	0.02199	0.02269	0.02466	0.02668	0.02668	0.02668	0.01272	0	0.0011	0.01632	0.01572	0.01652	0.01697	0.01697	0.01697	0.01616	0.01792	0.01846	0.04198	0.04134	0.04134	0.04134	0.03849	0.04284	0.04137	0.04372	0.04665	0.04466	0.04466	0.04726	0.04678	0.04678	0.04669	0.04855	0.0493	0.04834	0.04834	0.04921	0.05136	0.04898	0.04898	0.04953	0.05051	0.05008	0.04664	0.04664	0.04664	0.04858	0.04862	0.05023	0.04885	0.04885	0.04885	0.04885	0.04885	0.05284	0.05284	0.05147	0.05745	0.05745	0.05745	0.05209	0.05197	0.05161	0.05222	0.05028	0.05028	0.05341	0.05452	0.05452	0.05402	0.05309	0.05111	0.05256	0.05273	0.05273	0.05273	0.05403	0.05403	0.05403	0.05403	0.05113	0.05107	0.05185	0.05185	0.05194	0.05249	0.05391	0.05391	0.05359	0.05359	0.05359	0.05359	0.05359	0.05423	0.07955	0.08382	0.08579	0.08675	0.08675	0.08752	0.11588	0.11588	0.11638	0.15163	0.15901	0.15901	0.15901	0.20447	0.14689	0.14745	0.14745	0.17645	0.1799	0.17943	0.18792	0.18792	0.18792	0.18792	0.18792	0.18792	0.18792	0.05122	0.06007	0.06007	0.06007	0.06007	0.05845	0.05845	0.05845	0.05845	0.05845	0.05845	0.05845	0.05771	0.05885	0.05885	0.05885	0.05885	0.0571	0.0571	0.0615	0.0615	0.0615	0.0615	0.0615	0.0615	0.05946	0.06002	0.06002	0.06012	0.06012	0.06376	0.06197	0.06197	0.06355	0.06352	0.06352	0.06359	0.06359	0.06139	0.06358	0.06358	0.06358	0.06358	0.06358	0.06488	0.06488	0.06488	0.06488	0.06488	0.06488	0.06488	0.06488	0.06488
"38"	0.95267	0.99239	0.9992	0.81319	0.61478	0.52829	0.52829	0.53456	0.53525	0.54997	0.54997	0.61133	0.61133	0.61038	0.6112	0.6115	0.62814	0.63991	0.63991	0.67243	0.66913	0.66913	0.66957	0.66957	0.65757	0.64617	0.67379	0.67379	0.67894	0.67531	0.67531	0.67531	0.68403	0.6793	0.6793	0.6793	0.6793	0.6793	0.6782	0.67742	0.67742	0.67903	0.67903	0.07282	0.07282	0.07282	0.07241	0.07142	0.07	0.06943	0.06943	0.06968	0.07014	0.06936	0.06936	0.06936	0.06936	0.06936	0.06936	0.06936	0.06936	0.06936	0.06873	0.07199	0.07257	0.06691	0.07214	0.07214	0.0754	0.06727	0.06652	0.06492	0.06211	0.06189	0.05403	0.05481	0.05512	0.05465	0.0552	0.05516	0.05516	0.0352	0.0352	0.0352	0.03098	0.02234	0.02234	0.02159	0.02159	0.01883	0.01929	0.01953	0.0255	0.0255	0.02199	0.02199	0.02269	0.02466	0.02668	0.02668	0.02668	0.01272	0.0011	0	0.01632	0.01572	0.01652	0.01697	0.01697	0.01697	0.01616	0.01792	0.01846	0.04198	0.04134	0.04134	0.04134	0.03849	0.04284	0.04137	0.04372	0.04665	0.04466	0.04466	0.04726	0.04678	0.04678	0.04669	0.04855	0.0493	0.04834	0.04834	0.04921	0.05136	0.04898	0.04898	0.04953	0.05051	0.05008	0.04664	0.04664	0.04664	0.04858	0.04862	0.05023	0.04885	0.04885	0.04885	0.04885	0.04885	0.05284	0.05284	0.05147	0.05745	0.05745	0.05745	0.05209	0.05197	0.05161	0.05222	0.05028	0.05028	0.05341	0.05452	0.05452	0.05402	0.05309	0.05111	0.05256	0.05273	0.05273	0.05273	0.05403	0.05403	0.05403	0.05403	0.05113	0.05107	0.05185	0.05185	0.05194	0.05249	0.05391	0.05391	0.05359	0.05359	0.05359	0.05359	0.05359	0.05423	0.07955	0.08382	0.08579	0.08675	0.08675	0.08752	0.11588	0.11588	0.11638	0.15163	0.15901	0.15901	0.15901	0.20447	0.14689	0.14745	0.14745	0.17645	0.1799	0.17943	0.18792	0.18792	0.18792	0.18792	0.18792	0.18792	0.18792	0.05122	0.06007	0.06007	0.06007	0.06007	0.05845	0.05845	0.05845	0.05845	0.05845	0.05845	0.05845	0.05771	0.05885	0.05885	0.05885	0.05885	0.0571	0.0571	0.0615	0.0615	0.0615	0.0615	0.0615	0.0615	0.05946	0.06002	0.06002	0.06012	0.06012	0.06376	0.06197	0.06197	0.06355	0.06352	0.06352	0.06359	0.06359	0.06139	0.06358	0.06358	0.06358	0.06358	0.06358	0.06488	0.06488	0.06488	0.06488	0.06488	0.06488	0.06488	0.06488	0.06488
"237"	0.95345	0.99317	0.99998	0.81397	0.61556	0.52907	0.52907	0.53534	0.53603	0.55075	0.55075	0.61211	0.61211	0.61116	0.61198	0.61228	0.62892	0.64069	0.64069	0.67321	0.66991	0.66991	0.67035	0.67035	0.65835	0.64695	0.67457	0.67457	0.67972	0.67609	0.67609	0.67609	0.68481	0.68008	0.68008	0.68008	0.68008	0.68008	0.67898	0.6782	0.6782	0.67981	0.67981	0.0736	0.0736	0.0736	0.07319	0.0722	0.07078	0.07021	0.07021	0.07046	0.07092	0.07014	0.07014	0.07014	0.07014	0.07014	0.07014	0.07014	0.07014	0.07014	0.06951	0.07277	0.07335	0.06769	0.07292	0.07292	0.07618	0.06805	0.0673	0.0657	0.06289	0.06267	0.05481	0.05559	0.0559	0.05543	0.05598	0.05594	0.05594	0.03598	0.03598	0.03598	0.03176	0.02312	0.02312	0.02237	0.02237	0.01961	0.02007	0.02031	0.02628	0.02628	0.02277	0.02277	0.02347	0.02544	0.02746	0.02746	0.02746	0.01806	0.01632	0.01632	0	0.01002	0.0173	0.01775	0.01775	0.01775	0.01694	0.0187	0.01924	0.04276	0.04212	0.04212	0.04212	0.03927	0.04362	0.04215	0.0445	0.04743	0.04544	0.04544	0.04804	0.04756	0.04756	0.04747	0.04933	0.05008	0.04912	0.04912	0.04999	0.05214	0.04976	0.04976	0.05031	0.05129	0.05086	0.04742	0.04742	0.04742	0.04936	0.0494	0.05101	0.04963	0.04963	0.04963	0.04963	0.04963	0.05362	0.05362	0.05225	0.05823	0.05823	0.05823	0.05287	0.05275	0.05239	0.053	0.05106	0.05106	0.05419	0.0553	0.0553	0.0548	0.05387	0.05189	0.05334	0.05351	0.05351	0.05351	0.05481	0.05481	0.05481	0.05481	0.05191	0.05185	0.05263	0.05263	0.05272	0.05327	0.05469	0.05469	0.05437	0.05437	0.05437	0.05437	0.05437	0.05501	0.08033	0.0846	0.08657	0.08753	0.08753	0.0883	0.11666	0.11666	0.11716	0.15241	0.15979	0.15979	0.15979	0.20525	0.14767	0.14823	0.14823	0.17723	0.18068	0.18021	0.1887	0.1887	0.1887	0.1887	0.1887	0.1887	0.1887	0.052	0.06085	0.06085	0.06085	0.06085	0.05923	0.05923	0.05923	0.05923	0.05923	0.05923	0.05923	0.05849	0.05963	0.05963	0.05963	0.05963	0.05788	0.05788	0.06228	0.06228	0.06228	0.06228	0.06228	0.06228	0.06024	0.0608	0.0608	0.0609	0.0609	0.06454	0.06275	0.06275	0.06433	0.0643	0.0643	0.06437	0.06437	0.06217	0.06436	0.06436	0.06436	0.06436	0.06436	0.06566	0.06566	0.06566	0.06566	0.06566	0.06566	0.06566	0.06566	0.06566
"56"	0.95285	0.99257	0.99938	0.81337	0.61496	0.52847	0.52847	0.53474	0.53543	0.55015	0.55015	0.61151	0.61151	0.61056	0.61138	0.61168	0.62832	0.64009	0.64009	0.67261	0.66931	0.66931	0.66975	0.66975	0.65775	0.64635	0.67397	0.67397	0.67912	0.67549	0.67549	0.67549	0.68421	0.67948	0.67948	0.67948	0.67948	0.67948	0.67838	0.6776	0.6776	0.67921	0.67921	0.073	0.073	0.073	0.07259	0.0716	0.07018	0.06961	0.06961	0.06986	0.07032	0.06954	0.06954	0.06954	0.06954	0.06954	0.06954	0.06954	0.06954	0.06954	0.06891	0.07217	0.07275	0.06709	0.07232	0.07232	0.07558	0.06745	0.0667	0.0651	0.06229	0.06207	0.05421	0.05499	0.0553	0.05483	0.05538	0.05534	0.05534	0.03538	0.03538	0.03538	0.03116	0.02252	0.02252	0.02177	0.02177	0.01901	0.01947	0.01971	0.02568	0.02568	0.02217	0.02217	0.02287	0.02484	0.02686	0.02686	0.02686	0.01746	0.01572	0.01572	0.01002	0	0.0167	0.01715	0.01715	0.01715	0.01634	0.0181	0.01864	0.04216	0.04152	0.04152	0.04152	0.03867	0.04302	0.04155	0.0439	0.04683	0.04484	0.04484	0.04744	0.04696	0.04696	0.04687	0.04873	0.04948	0.04852	0.04852	0.04939	0.05154	0.04916	0.04916	0.04971	0.05069	0.05026	0.04682	0.04682	0.04682	0.04876	0.0488	0.05041	0.04903	0.04903	0.04903	0.04903	0.04903	0.05302	0.05302	0.05165	0.05763	0.05763	0.05763	0.05227	0.05215	0.05179	0.0524	0.05046	0.05046	0.05359	0.0547	0.0547	0.0542	0.05327	0.05129	0.05274	0.05291	0.05291	0.05291	0.05421	0.05421	0.05421	0.05421	0.05131	0.05125	0.05203	0.05203	0.05212	0.05267	0.05409	0.05409	0.05377	0.05377	0.05377	0.05377	0.05377	0.05441	0.07973	0.084	0.08597	0.08693	0.08693	0.0877	0.11606	0.11606	0.11656	0.15181	0.15919	0.15919	0.15919	0.20465	0.14707	0.14763	0.14763	0.17663	0.18008	0.17961	0.1881	0.1881	0.1881	0.1881	0.1881	0.1881	0.1881	0.0514	0.06025	0.06025	0.06025	0.06025	0.05863	0.05863	0.05863	0.05863	0.05863	0.05863	0.05863	0.05789	0.05903	0.05903	0.05903	0.05903	0.05728	0.05728	0.06168	0.06168	0.06168	0.06168	0.06168	0.06168	0.05964	0.0602	0.0602	0.0603	0.0603	0.06394	0.06215	0.06215	0.06373	0.0637	0.0637	0.06377	0.06377	0.06157	0.06376	0.06376	0.06376	0.06376	0.06376	0.06506	0.06506	0.06506	0.06506	0.06506	0.06506	0.06506	0.06506	0.06506
"162"	0.95085	0.99057	0.99738	0.81137	0.61296	0.52647	0.52647	0.53274	0.53343	0.54815	0.54815	0.60951	0.60951	0.60856	0.60938	0.60968	0.62632	0.63809	0.63809	0.67061	0.66731	0.66731	0.66775	0.66775	0.65575	0.64435	0.67197	0.67197	0.67712	0.67349	0.67349	0.67349	0.68221	0.67748	0.67748	0.67748	0.67748	0.67748	0.67638	0.6756	0.6756	0.67721	0.67721	0.071	0.071	0.071	0.07059	0.0696	0.06818	0.06761	0.06761	0.06786	0.06832	0.06754	0.06754	0.06754	0.06754	0.06754	0.06754	0.06754	0.06754	0.06754	0.06691	0.07017	0.07075	0.06509	0.07032	0.07032	0.07358	0.06545	0.0647	0.0631	0.06029	0.06007	0.05221	0.05299	0.0533	0.05283	0.05338	0.05334	0.05334	0.03338	0.03338	0.03338	0.02916	0.02052	0.02052	0.01977	0.01977	0.01701	0.01747	0.01771	0.02368	0.02368	0.02017	0.02017	0.02087	0.02284	0.02486	0.02486	0.02486	0.01826	0.01652	0.01652	0.0173	0.0167	0	0.00831	0.00831	0.00831	0.0075	0.00926	0.0098	0.04016	0.03952	0.03952	0.03952	0.03667	0.04102	0.03955	0.0419	0.04483	0.04284	0.04284	0.04544	0.04496	0.04496	0.04487	0.04673	0.04748	0.04652	0.04652	0.04739	0.04954	0.04716	0.04716	0.04771	0.04869	0.04826	0.04482	0.04482	0.04482	0.04676	0.0468	0.04841	0.04703	0.04703	0.04703	0.04703	0.04703	0.05102	0.05102	0.04965	0.05563	0.05563	0.05563	0.05027	0.05015	0.04979	0.0504	0.04846	0.04846	0.05159	0.0527	0.0527	0.0522	0.05127	0.04929	0.05074	0.05091	0.05091	0.05091	0.05221	0.05221	0.05221	0.05221	0.04931	0.04925	0.05003	0.05003	0.05012	0.05067	0.05209	0.05209	0.05177	0.05177	0.05177	0.05177	0.05177	0.05241	0.07773	0.082	0.08397	0.08493	0.08493	0.0857	0.11406	0.11406	0.11456	0.14981	0.15719	0.15719	0.15719	0.20265	0.14507	0.14563	0.14563	0.17463	0.17808	0.17761	0.1861	0.1861	0.1861	0.1861	0.1861	0.1861	0.1861	0.0494	0.05825	0.05825	0.05825	0.05825	0.05663	0.05663	0.05663	0.05663	0.05663	0.05663	0.05663	0.05589	0.05703	0.05703	0.05703	0.05703	0.05528	0.05528	0.05968	0.05968	0.05968	0.05968	0.05968	0.05968	0.05764	0.0582	0.0582	0.0583	0.0583	0.06194	0.06015	0.06015	0.06173	0.0617	0.0617	0.06177	0.06177	0.05957	0.06176	0.06176	0.06176	0.06176	0.06176	0.06306	0.06306	0.06306	0.06306	0.06306	0.06306	0.06306	0.06306	0.06306
"153"	0.9513	0.99102	0.99783	0.81182	0.61341	0.52692	0.52692	0.53319	0.53388	0.5486	0.5486	0.60996	0.60996	0.60901	0.60983	0.61013	0.62677	0.63854	0.63854	0.67106	0.66776	0.66776	0.6682	0.6682	0.6562	0.6448	0.67242	0.67242	0.67757	0.67394	0.67394	0.67394	0.68266	0.67793	0.67793	0.67793	0.67793	0.67793	0.67683	0.67605	0.67605	0.67766	0.67766	0.07145	0.07145	0.07145	0.07104	0.07005	0.06863	0.06806	0.06806	0.06831	0.06877	0.06799	0.06799	0.06799	0.06799	0.06799	0.06799	0.06799	0.06799	0.06799	0.06736	0.07062	0.0712	0.06554	0.07077	0.07077	0.07403	0.0659	0.06515	0.06355	0.06074	0.06052	0.05266	0.05344	0.05375	0.05328	0.05383	0.05379	0.05379	0.03383	0.03383	0.03383	0.02961	0.02097	0.02097	0.02022	0.02022	0.01746	0.01792	0.01816	0.02413	0.02413	0.02062	0.02062	0.02132	0.02329	0.02531	0.02531	0.02531	0.01871	0.01697	0.01697	0.01775	0.01715	0.00831	0	0	0	0.00599	0.00775	0.00829	0.04061	0.03997	0.03997	0.03997	0.03712	0.04147	0.04	0.04235	0.04528	0.04329	0.04329	0.04589	0.04541	0.04541	0.04532	0.04718	0.04793	0.04697	0.04697	0.04784	0.04999	0.04761	0.04761	0.04816	0.04914	0.04871	0.04527	0.04527	0.04527	0.04721	0.04725	0.04886	0.04748	0.04748	0.04748	0.04748	0.04748	0.05147	0.05147	0.0501	0.05608	0.05608	0.05608	0.05072	0.0506	0.05024	0.05085	0.04891	0.04891	0.05204	0.05315	0.05315	0.05265	0.05172	0.04974	0.05119	0.05136	0.05136	0.05136	0.05266	0.05266	0.05266	0.05266	0.04976	0.0497	0.05048	0.05048	0.05057	0.05112	0.05254	0.05254	0.05222	0.05222	0.05222	0.05222	0.05222	0.05286	0.07818	0.08245	0.08442	0.08538	0.08538	0.08615	0.11451	0.11451	0.11501	0.15026	0.15764	0.15764	0.15764	0.2031	0.14552	0.14608	0.14608	0.17508	0.17853	0.17806	0.18655	0.18655	0.18655	0.18655	0.18655	0.18655	0.18655	0.04985	0.0587	0.0587	0.0587	0.0587	0.05708	0.05708	0.05708	0.05708	0.05708	0.05708	0.05708	0.05634	0.05748	0.05748	0.05748	0.05748	0.05573	0.05573	0.06013	0.06013	0.06013	0.06013	0.06013	0.06013	0.05809	0.05865	0.05865	0.05875	0.05875	0.06239	0.0606	0.0606	0.06218	0.06215	0.06215	0.06222	0.06222	0.06002	0.06221	0.06221	0.06221	0.06221	0.06221	0.06351	0.06351	0.06351	0.06351	0.06351	0.06351	0.06351	0.06351	0.06351
"154"	0.9513	0.99102	0.99783	0.81182	0.61341	0.52692	0.52692	0.53319	0.53388	0.5486	0.5486	0.60996	0.60996	0.60901	0.60983	0.61013	0.62677	0.63854	0.63854	0.67106	0.66776	0.66776	0.6682	0.6682	0.6562	0.6448	0.67242	0.67242	0.67757	0.67394	0.67394	0.67394	0.68266	0.67793	0.67793	0.67793	0.67793	0.67793	0.67683	0.67605	0.67605	0.67766	0.67766	0.07145	0.07145	0.07145	0.07104	0.07005	0.06863	0.06806	0.06806	0.06831	0.06877	0.06799	0.06799	0.06799	0.06799	0.06799	0.06799	0.06799	0.06799	0.06799	0.06736	0.07062	0.0712	0.06554	0.07077	0.07077	0.07403	0.0659	0.06515	0.06355	0.06074	0.06052	0.05266	0.05344	0.05375	0.05328	0.05383	0.05379	0.05379	0.03383	0.03383	0.03383	0.02961	0.02097	0.02097	0.02022	0.02022	0.01746	0.01792	0.01816	0.02413	0.02413	0.02062	0.02062	0.02132	0.02329	0.02531	0.02531	0.02531	0.01871	0.01697	0.01697	0.01775	0.01715	0.00831	0	0	0	0.00599	0.00775	0.00829	0.04061	0.03997	0.03997	0.03997	0.03712	0.04147	0.04	0.04235	0.04528	0.04329	0.04329	0.04589	0.04541	0.04541	0.04532	0.04718	0.04793	0.04697	0.04697	0.04784	0.04999	0.04761	0.04761	0.04816	0.04914	0.04871	0.04527	0.04527	0.04527	0.04721	0.04725	0.04886	0.04748	0.04748	0.04748	0.04748	0.04748	0.05147	0.05147	0.0501	0.05608	0.05608	0.05608	0.05072	0.0506	0.05024	0.05085	0.04891	0.04891	0.05204	0.05315	0.05315	0.05265	0.05172	0.04974	0.05119	0.05136	0.05136	0.05136	0.05266	0.05266	0.05266	0.05266	0.04976	0.0497	0.05048	0.05048	0.05057	0.05112	0.05254	0.05254	0.05222	0.05222	0.05222	0.05222	0.05222	0.05286	0.07818	0.08245	0.08442	0.08538	0.08538	0.08615	0.11451	0.11451	0.11501	0.15026	0.15764	0.15764	0.15764	0.2031	0.14552	0.14608	0.14608	0.17508	0.17853	0.17806	0.18655	0.18655	0.18655	0.18655	0.18655	0.18655	0.18655	0.04985	0.0587	0.0587	0.0587	0.0587	0.05708	0.05708	0.05708	0.05708	0.05708	0.05708	0.05708	0.05634	0.05748	0.05748	0.05748	0.05748	0.05573	0.05573	0.06013	0.06013	0.06013	0.06013	0.06013	0.06013	0.05809	0.05865	0.05865	0.05875	0.05875	0.06239	0.0606	0.0606	0.06218	0.06215	0.06215	0.06222	0.06222	0.06002	0.06221	0.06221	0.06221	0.06221	0.06221	0.06351	0.06351	0.06351	0.06351	0.06351	0.06351	0.06351	0.06351	0.06351
"155"	0.9513	0.99102	0.99783	0.81182	0.61341	0.52692	0.52692	0.53319	0.53388	0.5486	0.5486	0.60996	0.60996	0.60901	0.60983	0.61013	0.62677	0.63854	0.63854	0.67106	0.66776	0.66776	0.6682	0.6682	0.6562	0.6448	0.67242	0.67242	0.67757	0.67394	0.67394	0.67394	0.68266	0.67793	0.67793	0.67793	0.67793	0.67793	0.67683	0.67605	0.67605	0.67766	0.67766	0.07145	0.07145	0.07145	0.07104	0.07005	0.06863	0.06806	0.06806	0.06831	0.06877	0.06799	0.06799	0.06799	0.06799	0.06799	0.06799	0.06799	0.06799	0.06799	0.06736	0.07062	0.0712	0.06554	0.07077	0.07077	0.07403	0.0659	0.06515	0.06355	0.06074	0.06052	0.05266	0.05344	0.05375	0.05328	0.05383	0.05379	0.05379	0.03383	0.03383	0.03383	0.02961	0.02097	0.02097	0.02022	0.02022	0.01746	0.01792	0.01816	0.02413	0.02413	0.02062	0.02062	0.02132	0.02329	0.02531	0.02531	0.02531	0.01871	0.01697	0.01697	0.01775	0.01715	0.00831	0	0	0	0.00599	0.00775	0.00829	0.04061	0.03997	0.03997	0.03997	0.03712	0.04147	0.04	0.04235	0.04528	0.04329	0.04329	0.04589	0.04541	0.04541	0.04532	0.04718	0.04793	0.04697	0.04697	0.04784	0.04999	0.04761	0.04761	0.04816	0.04914	0.04871	0.04527	0.04527	0.04527	0.04721	0.04725	0.04886	0.04748	0.04748	0.04748	0.04748	0.04748	0.05147	0.05147	0.0501	0.05608	0.05608	0.05608	0.05072	0.0506	0.05024	0.05085	0.04891	0.04891	0.05204	0.05315	0.05315	0.05265	0.05172	0.04974	0.05119	0.05136	0.05136	0.05136	0.05266	0.05266	0.05266	0.05266	0.04976	0.0497	0.05048	0.05048	0.05057	0.05112	0.05254	0.05254	0.05222	0.05222	0.05222	0.05222	0.05222	0.05286	0.07818	0.08245	0.08442	0.08538	0.08538	0.08615	0.11451	0.11451	0.11501	0.15026	0.15764	0.15764	0.15764	0.2031	0.14552	0.14608	0.14608	0.17508	0.17853	0.17806	0.18655	0.18655	0.18655	0.18655	0.18655	0.18655	0.18655	0.04985	0.0587	0.0587	0.0587	0.0587	0.05708	0.05708	0.05708	0.05708	0.05708	0.05708	0.05708	0.05634	0.05748	0.05748	0.05748	0.05748	0.05573	0.05573	0.06013	0.06013	0.06013	0.06013	0.06013	0.06013	0.05809	0.05865	0.05865	0.05875	0.05875	0.06239	0.0606	0.0606	0.06218	0.06215	0.06215	0.06222	0.06222	0.06002	0.06221	0.06221	0.06221	0.06221	0.06221	0.06351	0.06351	0.06351	0.06351	0.06351	0.06351	0.06351	0.06351	0.06351
"334"	0.95049	0.99021	0.99702	0.81101	0.6126	0.52611	0.52611	0.53238	0.53307	0.54779	0.54779	0.60915	0.60915	0.6082	0.60902	0.60932	0.62596	0.63773	0.63773	0.67025	0.66695	0.66695	0.66739	0.66739	0.65539	0.64399	0.67161	0.67161	0.67676	0.67313	0.67313	0.67313	0.68185	0.67712	0.67712	0.67712	0.67712	0.67712	0.67602	0.67524	0.67524	0.67685	0.67685	0.07064	0.07064	0.07064	0.07023	0.06924	0.06782	0.06725	0.06725	0.0675	0.06796	0.06718	0.06718	0.06718	0.06718	0.06718	0.06718	0.06718	0.06718	0.06718	0.06655	0.06981	0.07039	0.06473	0.06996	0.06996	0.07322	0.06509	0.06434	0.06274	0.05993	0.05971	0.05185	0.05263	0.05294	0.05247	0.05302	0.05298	0.05298	0.03302	0.03302	0.03302	0.0288	0.02016	0.02016	0.01941	0.01941	0.01665	0.01711	0.01735	0.02332	0.02332	0.01981	0.01981	0.02051	0.02248	0.0245	0.0245	0.0245	0.0179	0.01616	0.01616	0.01694	0.01634	0.0075	0.00599	0.00599	0.00599	0	0.00488	0.00542	0.0398	0.03916	0.03916	0.03916	0.03631	0.04066	0.03919	0.04154	0.04447	0.04248	0.04248	0.04508	0.0446	0.0446	0.04451	0.04637	0.04712	0.04616	0.04616	0.04703	0.04918	0.0468	0.0468	0.04735	0.04833	0.0479	0.04446	0.04446	0.04446	0.0464	0.04644	0.04805	0.04667	0.04667	0.04667	0.04667	0.04667	0.05066	0.05066	0.04929	0.05527	0.05527	0.05527	0.04991	0.04979	0.04943	0.05004	0.0481	0.0481	0.05123	0.05234	0.05234	0.05184	0.05091	0.04893	0.05038	0.05055	0.05055	0.05055	0.05185	0.05185	0.05185	0.05185	0.04895	0.04889	0.04967	0.04967	0.04976	0.05031	0.05173	0.05173	0.05141	0.05141	0.05141	0.05141	0.05141	0.05205	0.07737	0.08164	0.08361	0.08457	0.08457	0.08534	0.1137	0.1137	0.1142	0.14945	0.15683	0.15683	0.15683	0.20229	0.14471	0.14527	0.14527	0.17427	0.17772	0.17725	0.18574	0.18574	0.18574	0.18574	0.18574	0.18574	0.18574	0.04904	0.05789	0.05789	0.05789	0.05789	0.05627	0.05627	0.05627	0.05627	0.05627	0.05627	0.05627	0.05553	0.05667	0.05667	0.05667	0.05667	0.05492	0.05492	0.05932	0.05932	0.05932	0.05932	0.05932	0.05932	0.05728	0.05784	0.05784	0.05794	0.05794	0.06158	0.05979	0.05979	0.06137	0.06134	0.06134	0.06141	0.06141	0.05921	0.0614	0.0614	0.0614	0.0614	0.0614	0.0627	0.0627	0.0627	0.0627	0.0627	0.0627	0.0627	0.0627	0.0627
"335"	0.95225	0.99197	0.99878	0.81277	0.61436	0.52787	0.52787	0.53414	0.53483	0.54955	0.54955	0.61091	0.61091	0.60996	0.61078	0.61108	0.62772	0.63949	0.63949	0.67201	0.66871	0.66871	0.66915	0.66915	0.65715	0.64575	0.67337	0.67337	0.67852	0.67489	0.67489	0.67489	0.68361	0.67888	0.67888	0.67888	0.67888	0.67888	0.67778	0.677	0.677	0.67861	0.67861	0.0724	0.0724	0.0724	0.07199	0.071	0.06958	0.06901	0.06901	0.06926	0.06972	0.06894	0.06894	0.06894	0.06894	0.06894	0.06894	0.06894	0.06894	0.06894	0.06831	0.07157	0.07215	0.06649	0.07172	0.07172	0.07498	0.06685	0.0661	0.0645	0.06169	0.06147	0.05361	0.05439	0.0547	0.05423	0.05478	0.05474	0.05474	0.03478	0.03478	0.03478	0.03056	0.02192	0.02192	0.02117	0.02117	0.01841	0.01887	0.01911	0.02508	0.02508	0.02157	0.02157	0.02227	0.02424	0.02626	0.02626	0.02626	0.01966	0.01792	0.01792	0.0187	0.0181	0.00926	0.00775	0.00775	0.00775	0.00488	0	0.00164	0.04156	0.04092	0.04092	0.04092	0.03807	0.04242	0.04095	0.0433	0.04623	0.04424	0.04424	0.04684	0.04636	0.04636	0.04627	0.04813	0.04888	0.04792	0.04792	0.04879	0.05094	0.04856	0.04856	0.04911	0.05009	0.04966	0.04622	0.04622	0.04622	0.04816	0.0482	0.04981	0.04843	0.04843	0.04843	0.04843	0.04843	0.05242	0.05242	0.05105	0.05703	0.05703	0.05703	0.05167	0.05155	0.05119	0.0518	0.04986	0.04986	0.05299	0.0541	0.0541	0.0536	0.05267	0.05069	0.05214	0.05231	0.05231	0.05231	0.05361	0.05361	0.05361	0.05361	0.05071	0.05065	0.05143	0.05143	0.05152	0.05207	0.05349	0.05349	0.05317	0.05317	0.05317	0.05317	0.05317	0.05381	0.07913	0.0834	0.08537	0.08633	0.08633	0.0871	0.11546	0.11546	0.11596	0.15121	0.15859	0.15859	0.15859	0.20405	0.14647	0.14703	0.14703	0.17603	0.17948	0.17901	0.1875	0.1875	0.1875	0.1875	0.1875	0.1875	0.1875	0.0508	0.05965	0.05965	0.05965	0.05965	0.05803	0.05803	0.05803	0.05803	0.05803	0.05803	0.05803	0.05729	0.05843	0.05843	0.05843	0.05843	0.05668	0.05668	0.06108	0.06108	0.06108	0.06108	0.06108	0.06108	0.05904	0.0596	0.0596	0.0597	0.0597	0.06334	0.06155	0.06155	0.06313	0.0631	0.0631	0.06317	0.06317	0.06097	0.06316	0.06316	0.06316	0.06316	0.06316	0.06446	0.06446	0.06446	0.06446	0.06446	0.06446	0.06446	0.06446	0.06446
"186"	0.95279	0.99251	0.99932	0.81331	0.6149	0.52841	0.52841	0.53468	0.53537	0.55009	0.55009	0.61145	0.61145	0.6105	0.61132	0.61162	0.62826	0.64003	0.64003	0.67255	0.66925	0.66925	0.66969	0.66969	0.65769	0.64629	0.67391	0.67391	0.67906	0.67543	0.67543	0.67543	0.68415	0.67942	0.67942	0.67942	0.67942	0.67942	0.67832	0.67754	0.67754	0.67915	0.67915	0.07294	0.07294	0.07294	0.07253	0.07154	0.07012	0.06955	0.06955	0.0698	0.07026	0.06948	0.06948	0.06948	0.06948	0.06948	0.06948	0.06948	0.06948	0.06948	0.06885	0.07211	0.07269	0.06703	0.07226	0.07226	0.07552	0.06739	0.06664	0.06504	0.06223	0.06201	0.05415	0.05493	0.05524	0.05477	0.05532	0.05528	0.05528	0.03532	0.03532	0.03532	0.0311	0.02246	0.02246	0.02171	0.02171	0.01895	0.01941	0.01965	0.02562	0.02562	0.02211	0.02211	0.02281	0.02478	0.0268	0.0268	0.0268	0.0202	0.01846	0.01846	0.01924	0.01864	0.0098	0.00829	0.00829	0.00829	0.00542	0.00164	0	0.0421	0.04146	0.04146	0.04146	0.03861	0.04296	0.04149	0.04384	0.04677	0.04478	0.04478	0.04738	0.0469	0.0469	0.04681	0.04867	0.04942	0.04846	0.04846	0.04933	0.05148	0.0491	0.0491	0.04965	0.05063	0.0502	0.04676	0.04676	0.04676	0.0487	0.04874	0.05035	0.04897	0.04897	0.04897	0.04897	0.04897	0.05296	0.05296	0.05159	0.05757	0.05757	0.05757	0.05221	0.05209	0.05173	0.05234	0.0504	0.0504	0.05353	0.05464	0.05464	0.05414	0.05321	0.05123	0.05268	0.05285	0.05285	0.05285	0.05415	0.05415	0.05415	0.05415	0.05125	0.05119	0.05197	0.05197	0.05206	0.05261	0.05403	0.05403	0.05371	0.05371	0.05371	0.05371	0.05371	0.05435	0.07967	0.08394	0.08591	0.08687	0.08687	0.08764	0.116	0.116	0.1165	0.15175	0.15913	0.15913	0.15913	0.20459	0.14701	0.14757	0.14757	0.17657	0.18002	0.17955	0.18804	0.18804	0.18804	0.18804	0.18804	0.18804	0.18804	0.05134	0.06019	0.06019	0.06019	0.06019	0.05857	0.05857	0.05857	0.05857	0.05857	0.05857	0.05857	0.05783	0.05897	0.05897	0.05897	0.05897	0.05722	0.05722	0.06162	0.06162	0.06162	0.06162	0.06162	0.06162	0.05958	0.06014	0.06014	0.06024	0.06024	0.06388	0.06209	0.06209	0.06367	0.06364	0.06364	0.06371	0.06371	0.06151	0.0637	0.0637	0.0637	0.0637	0.0637	0.065	0.065	0.065	0.065	0.065	0.065	0.065	0.065	0.065
"18"	0.94453	0.98425	0.99106	0.80505	0.60664	0.52015	0.52015	0.52642	0.52711	0.54183	0.54183	0.60319	0.60319	0.60224	0.60306	0.60336	0.62	0.63177	0.63177	0.66429	0.66099	0.66099	0.66143	0.66143	0.64943	0.63803	0.66565	0.66565	0.6708	0.66717	0.66717	0.66717	0.67589	0.67116	0.67116	0.67116	0.67116	0.67116	0.67006	0.66928	0.66928	0.67089	0.67089	0.06468	0.06468	0.06468	0.06427	0.06328	0.06186	0.06129	0.06129	0.06154	0.062	0.06122	0.06122	0.06122	0.06122	0.06122	0.06122	0.06122	0.06122	0.06122	0.06059	0.06385	0.06443	0.05877	0.064	0.064	0.06726	0.05913	0.05838	0.05678	0.05397	0.05375	0.04589	0.04667	0.04698	0.04651	0.04706	0.04702	0.04702	0.03306	0.03306	0.03306	0.0369	0.03506	0.03506	0.04001	0.04001	0.03725	0.03771	0.03795	0.04392	0.04392	0.04041	0.04041	0.04111	0.04308	0.0451	0.0451	0.0451	0.04372	0.04198	0.04198	0.04276	0.04216	0.04016	0.04061	0.04061	0.04061	0.0398	0.04156	0.0421	0	0.01396	0.01396	0.01396	0.01719	0.02154	0.02007	0.02242	0.02535	0.0329	0.0329	0.0355	0.03502	0.03502	0.03493	0.03679	0.03754	0.03658	0.03658	0.03745	0.0396	0.03722	0.03722	0.03777	0.03875	0.03832	0.03488	0.03488	0.03488	0.03682	0.03686	0.03847	0.03709	0.03709	0.03709	0.03709	0.03709	0.04108	0.04108	0.03971	0.04569	0.04569	0.04569	0.04033	0.04021	0.03985	0.04046	0.03852	0.03852	0.04165	0.04276	0.04276	0.04226	0.04133	0.03935	0.0408	0.04097	0.04097	0.04097	0.04227	0.04227	0.04227	0.04227	0.03937	0.03931	0.04009	0.04009	0.04018	0.04073	0.04215	0.04215	0.04183	0.04183	0.04183	0.04183	0.04183	0.04247	0.06779	0.07206	0.07403	0.07499	0.07499	0.07576	0.10412	0.10412	0.10462	0.13987	0.14725	0.14725	0.14725	0.19271	0.13513	0.13569	0.13569	0.16469	0.16814	0.16767	0.17616	0.17616	0.17616	0.17616	0.17616	0.17616	0.17616	0.03946	0.04831	0.04831	0.04831	0.04831	0.04669	0.04669	0.04669	0.04669	0.04669	0.04669	0.04669	0.04595	0.04709	0.04709	0.04709	0.04709	0.04534	0.04534	0.04974	0.04974	0.04974	0.04974	0.04974	0.04974	0.0477	0.04826	0.04826	0.04836	0.04836	0.052	0.05021	0.05021	0.05179	0.05176	0.05176	0.05183	0.05183	0.04963	0.05182	0.05182	0.05182	0.05182	0.05182	0.05312	0.05312	0.05312	0.05312	0.05312	0.05312	0.05312	0.05312	0.05312
"3"	0.94389	0.98361	0.99042	0.80441	0.606	0.51951	0.51951	0.52578	0.52647	0.54119	0.54119	0.60255	0.60255	0.6016	0.60242	0.60272	0.61936	0.63113	0.63113	0.66365	0.66035	0.66035	0.66079	0.66079	0.64879	0.63739	0.66501	0.66501	0.67016	0.66653	0.66653	0.66653	0.67525	0.67052	0.67052	0.67052	0.67052	0.67052	0.66942	0.66864	0.66864	0.67025	0.67025	0.06404	0.06404	0.06404	0.06363	0.06264	0.06122	0.06065	0.06065	0.0609	0.06136	0.06058	0.06058	0.06058	0.06058	0.06058	0.06058	0.06058	0.06058	0.06058	0.05995	0.06321	0.06379	0.05813	0.06336	0.06336	0.06662	0.05849	0.05774	0.05614	0.05333	0.05311	0.04525	0.04603	0.04634	0.04587	0.04642	0.04638	0.04638	0.03242	0.03242	0.03242	0.03626	0.03442	0.03442	0.03937	0.03937	0.03661	0.03707	0.03731	0.04328	0.04328	0.03977	0.03977	0.04047	0.04244	0.04446	0.04446	0.04446	0.04308	0.04134	0.04134	0.04212	0.04152	0.03952	0.03997	0.03997	0.03997	0.03916	0.04092	0.04146	0.01396	0	0	0	0.01655	0.0209	0.01943	0.02178	0.02471	0.03226	0.03226	0.03486	0.03438	0.03438	0.03429	0.03615	0.0369	0.03594	0.03594	0.03681	0.03896	0.03658	0.03658	0.03713	0.03811	0.03768	0.03424	0.03424	0.03424	0.03618	0.03622	0.03783	0.03645	0.03645	0.03645	0.03645	0.03645	0.04044	0.04044	0.03907	0.04505	0.04505	0.04505	0.03969	0.03957	0.03921	0.03982	0.03788	0.03788	0.04101	0.04212	0.04212	0.04162	0.04069	0.03871	0.04016	0.04033	0.04033	0.04033	0.04163	0.04163	0.04163	0.04163	0.03873	0.03867	0.03945	0.03945	0.03954	0.04009	0.04151	0.04151	0.04119	0.04119	0.04119	0.04119	0.04119	0.04183	0.06715	0.07142	0.07339	0.07435	0.07435	0.07512	0.10348	0.10348	0.10398	0.13923	0.14661	0.14661	0.14661	0.19207	0.13449	0.13505	0.13505	0.16405	0.1675	0.16703	0.17552	0.17552	0.17552	0.17552	0.17552	0.17552	0.17552	0.03882	0.04767	0.04767	0.04767	0.04767	0.04605	0.04605	0.04605	0.04605	0.04605	0.04605	0.04605	0.04531	0.04645	0.04645	0.04645	0.04645	0.0447	0.0447	0.0491	0.0491	0.0491	0.0491	0.0491	0.0491	0.04706	0.04762	0.04762	0.04772	0.04772	0.05136	0.04957	0.04957	0.05115	0.05112	0.05112	0.05119	0.05119	0.04899	0.05118	0.05118	0.05118	0.05118	0.05118	0.05248	0.05248	0.05248	0.05248	0.05248	0.05248	0.05248	0.05248	0.05248
"5"	0.94389	0.98361	0.99042	0.80441	0.606	0.51951	0.51951	0.52578	0.52647	0.54119	0.54119	0.60255	0.60255	0.6016	0.60242	0.60272	0.61936	0.63113	0.63113	0.66365	0.66035	0.66035	0.66079	0.66079	0.64879	0.63739	0.66501	0.66501	0.67016	0.66653	0.66653	0.66653	0.67525	0.67052	0.67052	0.67052	0.67052	0.67052	0.66942	0.66864	0.66864	0.67025	0.67025	0.06404	0.06404	0.06404	0.06363	0.06264	0.06122	0.06065	0.06065	0.0609	0.06136	0.06058	0.06058	0.06058	0.06058	0.06058	0.06058	0.06058	0.06058	0.06058	0.05995	0.06321	0.06379	0.05813	0.06336	0.06336	0.06662	0.05849	0.05774	0.05614	0.05333	0.05311	0.04525	0.04603	0.04634	0.04587	0.04642	0.04638	0.04638	0.03242	0.03242	0.03242	0.03626	0.03442	0.03442	0.03937	0.03937	0.03661	0.03707	0.03731	0.04328	0.04328	0.03977	0.03977	0.04047	0.04244	0.04446	0.04446	0.04446	0.04308	0.04134	0.04134	0.04212	0.04152	0.03952	0.03997	0.03997	0.03997	0.03916	0.04092	0.04146	0.01396	0	0	0	0.01655	0.0209	0.01943	0.02178	0.02471	0.03226	0.03226	0.03486	0.03438	0.03438	0.03429	0.03615	0.0369	0.03594	0.03594	0.03681	0.03896	0.03658	0.03658	0.03713	0.03811	0.03768	0.03424	0.03424	0.03424	0.03618	0.03622	0.03783	0.03645	0.03645	0.03645	0.03645	0.03645	0.04044	0.04044	0.03907	0.04505	0.04505	0.04505	0.03969	0.03957	0.03921	0.03982	0.03788	0.03788	0.04101	0.04212	0.04212	0.04162	0.04069	0.03871	0.04016	0.04033	0.04033	0.04033	0.04163	0.04163	0.04163	0.04163	0.03873	0.03867	0.03945	0.03945	0.03954	0.04009	0.04151	0.04151	0.04119	0.04119	0.04119	0.04119	0.04119	0.04183	0.06715	0.07142	0.07339	0.07435	0.07435	0.07512	0.10348	0.10348	0.10398	0.13923	0.14661	0.14661	0.14661	0.19207	0.13449	0.13505	0.13505	0.16405	0.1675	0.16703	0.17552	0.17552	0.17552	0.17552	0.17552	0.17552	0.17552	0.03882	0.04767	0.04767	0.04767	0.04767	0.04605	0.04605	0.04605	0.04605	0.04605	0.04605	0.04605	0.04531	0.04645	0.04645	0.04645	0.04645	0.0447	0.0447	0.0491	0.0491	0.0491	0.0491	0.0491	0.0491	0.04706	0.04762	0.04762	0.04772	0.04772	0.05136	0.04957	0.04957	0.05115	0.05112	0.05112	0.05119	0.05119	0.04899	0.05118	0.05118	0.05118	0.05118	0.05118	0.05248	0.05248	0.05248	0.05248	0.05248	0.05248	0.05248	0.05248	0.05248
"6"	0.94389	0.98361	0.99042	0.80441	0.606	0.51951	0.51951	0.52578	0.52647	0.54119	0.54119	0.60255	0.60255	0.6016	0.60242	0.60272	0.61936	0.63113	0.63113	0.66365	0.66035	0.66035	0.66079	0.66079	0.64879	0.63739	0.66501	0.66501	0.67016	0.66653	0.66653	0.66653	0.67525	0.67052	0.67052	0.67052	0.67052	0.67052	0.66942	0.66864	0.66864	0.67025	0.67025	0.06404	0.06404	0.06404	0.06363	0.06264	0.06122	0.06065	0.06065	0.0609	0.06136	0.06058	0.06058	0.06058	0.06058	0.06058	0.06058	0.06058	0.06058	0.06058	0.05995	0.06321	0.06379	0.05813	0.06336	0.06336	0.06662	0.05849	0.05774	0.05614	0.05333	0.05311	0.04525	0.04603	0.04634	0.04587	0.04642	0.04638	0.04638	0.03242	0.03242	0.03242	0.03626	0.03442	0.03442	0.03937	0.03937	0.03661	0.03707	0.03731	0.04328	0.04328	0.03977	0.03977	0.04047	0.04244	0.04446	0.04446	0.04446	0.04308	0.04134	0.04134	0.04212	0.04152	0.03952	0.03997	0.03997	0.03997	0.03916	0.04092	0.04146	0.01396	0	0	0	0.01655	0.0209	0.01943	0.02178	0.02471	0.03226	0.03226	0.03486	0.03438	0.03438	0.03429	0.03615	0.0369	0.03594	0.03594	0.03681	0.03896	0.03658	0.03658	0.03713	0.03811	0.03768	0.03424	0.03424	0.03424	0.03618	0.03622	0.03783	0.03645	0.03645	0.03645	0.03645	0.03645	0.04044	0.04044	0.03907	0.04505	0.04505	0.04505	0.03969	0.03957	0.03921	0.03982	0.03788	0.03788	0.04101	0.04212	0.04212	0.04162	0.04069	0.03871	0.04016	0.04033	0.04033	0.04033	0.04163	0.04163	0.04163	0.04163	0.03873	0.03867	0.03945	0.03945	0.03954	0.04009	0.04151	0.04151	0.04119	0.04119	0.04119	0.04119	0.04119	0.04183	0.06715	0.07142	0.07339	0.07435	0.07435	0.07512	0.10348	0.10348	0.10398	0.13923	0.14661	0.14661	0.14661	0.19207	0.13449	0.13505	0.13505	0.16405	0.1675	0.16703	0.17552	0.17552	0.17552	0.17552	0.17552	0.17552	0.17552	0.03882	0.04767	0.04767	0.04767	0.04767	0.04605	0.04605	0.04605	0.04605	0.04605	0.04605	0.04605	0.04531	0.04645	0.04645	0.04645	0.04645	0.0447	0.0447	0.0491	0.0491	0.0491	0.0491	0.0491	0.0491	0.04706	0.04762	0.04762	0.04772	0.04772	0.05136	0.04957	0.04957	0.05115	0.05112	0.05112	0.05119	0.05119	0.04899	0.05118	0.05118	0.05118	0.05118	0.05118	0.05248	0.05248	0.05248	0.05248	0.05248	0.05248	0.05248	0.05248	0.05248
"216"	0.94104	0.98076	0.98757	0.80156	0.60315	0.51666	0.51666	0.52293	0.52362	0.53834	0.53834	0.5997	0.5997	0.59875	0.59957	0.59987	0.61651	0.62828	0.62828	0.6608	0.6575	0.6575	0.65794	0.65794	0.64594	0.63454	0.66216	0.66216	0.66731	0.66368	0.66368	0.66368	0.6724	0.66767	0.66767	0.66767	0.66767	0.66767	0.66657	0.66579	0.66579	0.6674	0.6674	0.06119	0.06119	0.06119	0.06078	0.05979	0.05837	0.0578	0.0578	0.05805	0.05851	0.05773	0.05773	0.05773	0.05773	0.05773	0.05773	0.05773	0.05773	0.05773	0.0571	0.06036	0.06094	0.05528	0.06051	0.06051	0.06377	0.05564	0.05489	0.05329	0.05048	0.05026	0.0424	0.04318	0.04349	0.04302	0.04357	0.04353	0.04353	0.02957	0.02957	0.02957	0.03341	0.03157	0.03157	0.03652	0.03652	0.03376	0.03422	0.03446	0.04043	0.04043	0.03692	0.03692	0.03762	0.03959	0.04161	0.04161	0.04161	0.04023	0.03849	0.03849	0.03927	0.03867	0.03667	0.03712	0.03712	0.03712	0.03631	0.03807	0.03861	0.01719	0.01655	0.01655	0.01655	0	0.01475	0.01328	0.01563	0.01856	0.02941	0.02941	0.03201	0.03153	0.03153	0.03144	0.0333	0.03405	0.03309	0.03309	0.03396	0.03611	0.03373	0.03373	0.03428	0.03526	0.03483	0.03139	0.03139	0.03139	0.03333	0.03337	0.03498	0.0336	0.0336	0.0336	0.0336	0.0336	0.03759	0.03759	0.03622	0.0422	0.0422	0.0422	0.03684	0.03672	0.03636	0.03697	0.03503	0.03503	0.03816	0.03927	0.03927	0.03877	0.03784	0.03586	0.03731	0.03748	0.03748	0.03748	0.03878	0.03878	0.03878	0.03878	0.03588	0.03582	0.0366	0.0366	0.03669	0.03724	0.03866	0.03866	0.03834	0.03834	0.03834	0.03834	0.03834	0.03898	0.0643	0.06857	0.07054	0.0715	0.0715	0.07227	0.10063	0.10063	0.10113	0.13638	0.14376	0.14376	0.14376	0.18922	0.13164	0.1322	0.1322	0.1612	0.16465	0.16418	0.17267	0.17267	0.17267	0.17267	0.17267	0.17267	0.17267	0.03597	0.04482	0.04482	0.04482	0.04482	0.0432	0.0432	0.0432	0.0432	0.0432	0.0432	0.0432	0.04246	0.0436	0.0436	0.0436	0.0436	0.04185	0.04185	0.04625	0.04625	0.04625	0.04625	0.04625	0.04625	0.04421	0.04477	0.04477	0.04487	0.04487	0.04851	0.04672	0.04672	0.0483	0.04827	0.04827	0.04834	0.04834	0.04614	0.04833	0.04833	0.04833	0.04833	0.04833	0.04963	0.04963	0.04963	0.04963	0.04963	0.04963	0.04963	0.04963	0.04963
"331"	0.94539	0.98511	0.99192	0.80591	0.6075	0.52101	0.52101	0.52728	0.52797	0.54269	0.54269	0.60405	0.60405	0.6031	0.60392	0.60422	0.62086	0.63263	0.63263	0.66515	0.66185	0.66185	0.66229	0.66229	0.65029	0.63889	0.66651	0.66651	0.67166	0.66803	0.66803	0.66803	0.67675	0.67202	0.67202	0.67202	0.67202	0.67202	0.67092	0.67014	0.67014	0.67175	0.67175	0.06554	0.06554	0.06554	0.06513	0.06414	0.06272	0.06215	0.06215	0.0624	0.06286	0.06208	0.06208	0.06208	0.06208	0.06208	0.06208	0.06208	0.06208	0.06208	0.06145	0.06471	0.06529	0.05963	0.06486	0.06486	0.06812	0.05999	0.05924	0.05764	0.05483	0.05461	0.04675	0.04753	0.04784	0.04737	0.04792	0.04788	0.04788	0.03392	0.03392	0.03392	0.03776	0.03592	0.03592	0.04087	0.04087	0.03811	0.03857	0.03881	0.04478	0.04478	0.04127	0.04127	0.04197	0.04394	0.04596	0.04596	0.04596	0.04458	0.04284	0.04284	0.04362	0.04302	0.04102	0.04147	0.04147	0.04147	0.04066	0.04242	0.04296	0.02154	0.0209	0.0209	0.0209	0.01475	0	0.01395	0.0163	0.01923	0.03376	0.03376	0.03636	0.03588	0.03588	0.03579	0.03765	0.0384	0.03744	0.03744	0.03831	0.04046	0.03808	0.03808	0.03863	0.03961	0.03918	0.03574	0.03574	0.03574	0.03768	0.03772	0.03933	0.03795	0.03795	0.03795	0.03795	0.03795	0.04194	0.04194	0.04057	0.04655	0.04655	0.04655	0.04119	0.04107	0.04071	0.04132	0.03938	0.03938	0.04251	0.04362	0.04362	0.04312	0.04219	0.04021	0.04166	0.04183	0.04183	0.04183	0.04313	0.04313	0.04313	0.04313	0.04023	0.04017	0.04095	0.04095	0.04104	0.04159	0.04301	0.04301	0.04269	0.04269	0.04269	0.04269	0.04269	0.04333	0.06865	0.07292	0.07489	0.07585	0.07585	0.07662	0.10498	0.10498	0.10548	0.14073	0.14811	0.14811	0.14811	0.19357	0.13599	0.13655	0.13655	0.16555	0.169	0.16853	0.17702	0.17702	0.17702	0.17702	0.17702	0.17702	0.17702	0.04032	0.04917	0.04917	0.04917	0.04917	0.04755	0.04755	0.04755	0.04755	0.04755	0.04755	0.04755	0.04681	0.04795	0.04795	0.04795	0.04795	0.0462	0.0462	0.0506	0.0506	0.0506	0.0506	0.0506	0.0506	0.04856	0.04912	0.04912	0.04922	0.04922	0.05286	0.05107	0.05107	0.05265	0.05262	0.05262	0.05269	0.05269	0.05049	0.05268	0.05268	0.05268	0.05268	0.05268	0.05398	0.05398	0.05398	0.05398	0.05398	0.05398	0.05398	0.05398	0.05398
"357"	0.94392	0.98364	0.99045	0.80444	0.60603	0.51954	0.51954	0.52581	0.5265	0.54122	0.54122	0.60258	0.60258	0.60163	0.60245	0.60275	0.61939	0.63116	0.63116	0.66368	0.66038	0.66038	0.66082	0.66082	0.64882	0.63742	0.66504	0.66504	0.67019	0.66656	0.66656	0.66656	0.67528	0.67055	0.67055	0.67055	0.67055	0.67055	0.66945	0.66867	0.66867	0.67028	0.67028	0.06407	0.06407	0.06407	0.06366	0.06267	0.06125	0.06068	0.06068	0.06093	0.06139	0.06061	0.06061	0.06061	0.06061	0.06061	0.06061	0.06061	0.06061	0.06061	0.05998	0.06324	0.06382	0.05816	0.06339	0.06339	0.06665	0.05852	0.05777	0.05617	0.05336	0.05314	0.04528	0.04606	0.04637	0.0459	0.04645	0.04641	0.04641	0.03245	0.03245	0.03245	0.03629	0.03445	0.03445	0.0394	0.0394	0.03664	0.0371	0.03734	0.04331	0.04331	0.0398	0.0398	0.0405	0.04247	0.04449	0.04449	0.04449	0.04311	0.04137	0.04137	0.04215	0.04155	0.03955	0.04	0.04	0.04	0.03919	0.04095	0.04149	0.02007	0.01943	0.01943	0.01943	0.01328	0.01395	0	0.01179	0.01472	0.03229	0.03229	0.03489	0.03441	0.03441	0.03432	0.03618	0.03693	0.03597	0.03597	0.03684	0.03899	0.03661	0.03661	0.03716	0.03814	0.03771	0.03427	0.03427	0.03427	0.03621	0.03625	0.03786	0.03648	0.03648	0.03648	0.03648	0.03648	0.04047	0.04047	0.0391	0.04508	0.04508	0.04508	0.03972	0.0396	0.03924	0.03985	0.03791	0.03791	0.04104	0.04215	0.04215	0.04165	0.04072	0.03874	0.04019	0.04036	0.04036	0.04036	0.04166	0.04166	0.04166	0.04166	0.03876	0.0387	0.03948	0.03948	0.03957	0.04012	0.04154	0.04154	0.04122	0.04122	0.04122	0.04122	0.04122	0.04186	0.06718	0.07145	0.07342	0.07438	0.07438	0.07515	0.10351	0.10351	0.10401	0.13926	0.14664	0.14664	0.14664	0.1921	0.13452	0.13508	0.13508	0.16408	0.16753	0.16706	0.17555	0.17555	0.17555	0.17555	0.17555	0.17555	0.17555	0.03885	0.0477	0.0477	0.0477	0.0477	0.04608	0.04608	0.04608	0.04608	0.04608	0.04608	0.04608	0.04534	0.04648	0.04648	0.04648	0.04648	0.04473	0.04473	0.04913	0.04913	0.04913	0.04913	0.04913	0.04913	0.04709	0.04765	0.04765	0.04775	0.04775	0.05139	0.0496	0.0496	0.05118	0.05115	0.05115	0.05122	0.05122	0.04902	0.05121	0.05121	0.05121	0.05121	0.05121	0.05251	0.05251	0.05251	0.05251	0.05251	0.05251	0.05251	0.05251	0.05251
"68"	0.94627	0.98599	0.9928	0.80679	0.60838	0.52189	0.52189	0.52816	0.52885	0.54357	0.54357	0.60493	0.60493	0.60398	0.6048	0.6051	0.62174	0.63351	0.63351	0.66603	0.66273	0.66273	0.66317	0.66317	0.65117	0.63977	0.66739	0.66739	0.67254	0.66891	0.66891	0.66891	0.67763	0.6729	0.6729	0.6729	0.6729	0.6729	0.6718	0.67102	0.67102	0.67263	0.67263	0.06642	0.06642	0.06642	0.06601	0.06502	0.0636	0.06303	0.06303	0.06328	0.06374	0.06296	0.06296	0.06296	0.06296	0.06296	0.06296	0.06296	0.06296	0.06296	0.06233	0.06559	0.06617	0.06051	0.06574	0.06574	0.069	0.06087	0.06012	0.05852	0.05571	0.05549	0.04763	0.04841	0.04872	0.04825	0.0488	0.04876	0.04876	0.0348	0.0348	0.0348	0.03864	0.0368	0.0368	0.04175	0.04175	0.03899	0.03945	0.03969	0.04566	0.04566	0.04215	0.04215	0.04285	0.04482	0.04684	0.04684	0.04684	0.04546	0.04372	0.04372	0.0445	0.0439	0.0419	0.04235	0.04235	0.04235	0.04154	0.0433	0.04384	0.02242	0.02178	0.02178	0.02178	0.01563	0.0163	0.01179	0	0.00743	0.03464	0.03464	0.03724	0.03676	0.03676	0.03667	0.03853	0.03928	0.03832	0.03832	0.03919	0.04134	0.03896	0.03896	0.03951	0.04049	0.04006	0.03662	0.03662	0.03662	0.03856	0.0386	0.04021	0.03883	0.03883	0.03883	0.03883	0.03883	0.04282	0.04282	0.04145	0.04743	0.04743	0.04743	0.04207	0.04195	0.04159	0.0422	0.04026	0.04026	0.04339	0.0445	0.0445	0.044	0.04307	0.04109	0.04254	0.04271	0.04271	0.04271	0.04401	0.04401	0.04401	0.04401	0.04111	0.04105	0.04183	0.04183	0.04192	0.04247	0.04389	0.04389	0.04357	0.04357	0.04357	0.04357	0.04357	0.04421	0.06953	0.0738	0.07577	0.07673	0.07673	0.0775	0.10586	0.10586	0.10636	0.14161	0.14899	0.14899	0.14899	0.19445	0.13687	0.13743	0.13743	0.16643	0.16988	0.16941	0.1779	0.1779	0.1779	0.1779	0.1779	0.1779	0.1779	0.0412	0.05005	0.05005	0.05005	0.05005	0.04843	0.04843	0.04843	0.04843	0.04843	0.04843	0.04843	0.04769	0.04883	0.04883	0.04883	0.04883	0.04708	0.04708	0.05148	0.05148	0.05148	0.05148	0.05148	0.05148	0.04944	0.05	0.05	0.0501	0.0501	0.05374	0.05195	0.05195	0.05353	0.0535	0.0535	0.05357	0.05357	0.05137	0.05356	0.05356	0.05356	0.05356	0.05356	0.05486	0.05486	0.05486	0.05486	0.05486	0.05486	0.05486	0.05486	0.05486
"179"	0.9492	0.98892	0.99573	0.80972	0.61131	0.52482	0.52482	0.53109	0.53178	0.5465	0.5465	0.60786	0.60786	0.60691	0.60773	0.60803	0.62467	0.63644	0.63644	0.66896	0.66566	0.66566	0.6661	0.6661	0.6541	0.6427	0.67032	0.67032	0.67547	0.67184	0.67184	0.67184	0.68056	0.67583	0.67583	0.67583	0.67583	0.67583	0.67473	0.67395	0.67395	0.67556	0.67556	0.06935	0.06935	0.06935	0.06894	0.06795	0.06653	0.06596	0.06596	0.06621	0.06667	0.06589	0.06589	0.06589	0.06589	0.06589	0.06589	0.06589	0.06589	0.06589	0.06526	0.06852	0.0691	0.06344	0.06867	0.06867	0.07193	0.0638	0.06305	0.06145	0.05864	0.05842	0.05056	0.05134	0.05165	0.05118	0.05173	0.05169	0.05169	0.03773	0.03773	0.03773	0.04157	0.03973	0.03973	0.04468	0.04468	0.04192	0.04238	0.04262	0.04859	0.04859	0.04508	0.04508	0.04578	0.04775	0.04977	0.04977	0.04977	0.04839	0.04665	0.04665	0.04743	0.04683	0.04483	0.04528	0.04528	0.04528	0.04447	0.04623	0.04677	0.02535	0.02471	0.02471	0.02471	0.01856	0.01923	0.01472	0.00743	0	0.03757	0.03757	0.04017	0.03969	0.03969	0.0396	0.04146	0.04221	0.04125	0.04125	0.04212	0.04427	0.04189	0.04189	0.04244	0.04342	0.04299	0.03955	0.03955	0.03955	0.04149	0.04153	0.04314	0.04176	0.04176	0.04176	0.04176	0.04176	0.04575	0.04575	0.04438	0.05036	0.05036	0.05036	0.045	0.04488	0.04452	0.04513	0.04319	0.04319	0.04632	0.04743	0.04743	0.04693	0.046	0.04402	0.04547	0.04564	0.04564	0.04564	0.04694	0.04694	0.04694	0.04694	0.04404	0.04398	0.04476	0.04476	0.04485	0.0454	0.04682	0.04682	0.0465	0.0465	0.0465	0.0465	0.0465	0.04714	0.07246	0.07673	0.0787	0.07966	0.07966	0.08043	0.10879	0.10879	0.10929	0.14454	0.15192	0.15192	0.15192	0.19738	0.1398	0.14036	0.14036	0.16936	0.17281	0.17234	0.18083	0.18083	0.18083	0.18083	0.18083	0.18083	0.18083	0.04413	0.05298	0.05298	0.05298	0.05298	0.05136	0.05136	0.05136	0.05136	0.05136	0.05136	0.05136	0.05062	0.05176	0.05176	0.05176	0.05176	0.05001	0.05001	0.05441	0.05441	0.05441	0.05441	0.05441	0.05441	0.05237	0.05293	0.05293	0.05303	0.05303	0.05667	0.05488	0.05488	0.05646	0.05643	0.05643	0.0565	0.0565	0.0543	0.05649	0.05649	0.05649	0.05649	0.05649	0.05779	0.05779	0.05779	0.05779	0.05779	0.05779	0.05779	0.05779	0.05779
"106"	0.94721	0.98693	0.99374	0.80773	0.60932	0.52283	0.52283	0.5291	0.52979	0.54451	0.54451	0.60587	0.60587	0.60492	0.60574	0.60604	0.62268	0.63445	0.63445	0.66697	0.66367	0.66367	0.66411	0.66411	0.65211	0.64071	0.66833	0.66833	0.67348	0.66985	0.66985	0.66985	0.67857	0.67384	0.67384	0.67384	0.67384	0.67384	0.67274	0.67196	0.67196	0.67357	0.67357	0.06736	0.06736	0.06736	0.06695	0.06596	0.06454	0.06397	0.06397	0.06422	0.06468	0.0639	0.0639	0.0639	0.0639	0.0639	0.0639	0.0639	0.0639	0.0639	0.06327	0.06653	0.06711	0.06145	0.06668	0.06668	0.06994	0.06181	0.06106	0.05946	0.05665	0.05643	0.04857	0.04935	0.04966	0.04919	0.04974	0.0497	0.0497	0.03574	0.03574	0.03574	0.03958	0.03774	0.03774	0.04269	0.04269	0.03993	0.04039	0.04063	0.0466	0.0466	0.04309	0.04309	0.04379	0.04576	0.04778	0.04778	0.04778	0.0464	0.04466	0.04466	0.04544	0.04484	0.04284	0.04329	0.04329	0.04329	0.04248	0.04424	0.04478	0.0329	0.03226	0.03226	0.03226	0.02941	0.03376	0.03229	0.03464	0.03757	0	0	0.03108	0.0306	0.0306	0.03051	0.03237	0.03312	0.03216	0.03216	0.03303	0.03518	0.0328	0.0328	0.03335	0.03433	0.0339	0.03046	0.03046	0.03046	0.0324	0.03244	0.03405	0.03267	0.03267	0.03267	0.03267	0.03267	0.03666	0.03666	0.03529	0.04127	0.04127	0.04127	0.03591	0.03579	0.03543	0.03604	0.0341	0.0341	0.03723	0.03834	0.03834	0.03784	0.03691	0.03493	0.03638	0.03655	0.03655	0.03655	0.03785	0.03785	0.03785	0.03785	0.03495	0.03489	0.03567	0.03567	0.03576	0.03631	0.03773	0.03773	0.03741	0.03741	0.03741	0.03741	0.03741	0.04145	0.06677	0.07104	0.07301	0.07397	0.07397	0.07474	0.1031	0.1031	0.1036	0.13885	0.14623	0.14623	0.14623	0.19169	0.13411	0.13467	0.13467	0.16367	0.16712	0.16665	0.17514	0.17514	0.17514	0.17514	0.17514	0.17514	0.17514	0.03844	0.04729	0.04729	0.04729	0.04729	0.04567	0.04567	0.04567	0.04567	0.04567	0.04567	0.04567	0.04493	0.04607	0.04607	0.04607	0.04607	0.04432	0.04432	0.04872	0.04872	0.04872	0.04872	0.04872	0.04872	0.04668	0.04724	0.04724	0.04734	0.04734	0.05098	0.04919	0.04919	0.05077	0.05074	0.05074	0.05081	0.05081	0.04861	0.0508	0.0508	0.0508	0.0508	0.0508	0.0521	0.0521	0.0521	0.0521	0.0521	0.0521	0.0521	0.0521	0.0521
"107"	0.94721	0.98693	0.99374	0.80773	0.60932	0.52283	0.52283	0.5291	0.52979	0.54451	0.54451	0.60587	0.60587	0.60492	0.60574	0.60604	0.62268	0.63445	0.63445	0.66697	0.66367	0.66367	0.66411	0.66411	0.65211	0.64071	0.66833	0.66833	0.67348	0.66985	0.66985	0.66985	0.67857	0.67384	0.67384	0.67384	0.67384	0.67384	0.67274	0.67196	0.67196	0.67357	0.67357	0.06736	0.06736	0.06736	0.06695	0.06596	0.06454	0.06397	0.06397	0.06422	0.06468	0.0639	0.0639	0.0639	0.0639	0.0639	0.0639	0.0639	0.0639	0.0639	0.06327	0.06653	0.06711	0.06145	0.06668	0.06668	0.06994	0.06181	0.06106	0.05946	0.05665	0.05643	0.04857	0.04935	0.04966	0.04919	0.04974	0.0497	0.0497	0.03574	0.03574	0.03574	0.03958	0.03774	0.03774	0.04269	0.04269	0.03993	0.04039	0.04063	0.0466	0.0466	0.04309	0.04309	0.04379	0.04576	0.04778	0.04778	0.04778	0.0464	0.04466	0.04466	0.04544	0.04484	0.04284	0.04329	0.04329	0.04329	0.04248	0.04424	0.04478	0.0329	0.03226	0.03226	0.03226	0.02941	0.03376	0.03229	0.03464	0.03757	0	0	0.03108	0.0306	0.0306	0.03051	0.03237	0.03312	0.03216	0.03216	0.03303	0.03518	0.0328	0.0328	0.03335	0.03433	0.0339	0.03046	0.03046	0.03046	0.0324	0.03244	0.03405	0.03267	0.03267	0.03267	0.03267	0.03267	0.03666	0.03666	0.03529	0.04127	0.04127	0.04127	0.03591	0.03579	0.03543	0.03604	0.0341	0.0341	0.03723	0.03834	0.03834	0.03784	0.03691	0.03493	0.03638	0.03655	0.03655	0.03655	0.03785	0.03785	0.03785	0.03785	0.03495	0.03489	0.03567	0.03567	0.03576	0.03631	0.03773	0.03773	0.03741	0.03741	0.03741	0.03741	0.03741	0.04145	0.06677	0.07104	0.07301	0.07397	0.07397	0.07474	0.1031	0.1031	0.1036	0.13885	0.14623	0.14623	0.14623	0.19169	0.13411	0.13467	0.13467	0.16367	0.16712	0.16665	0.17514	0.17514	0.17514	0.17514	0.17514	0.17514	0.17514	0.03844	0.04729	0.04729	0.04729	0.04729	0.04567	0.04567	0.04567	0.04567	0.04567	0.04567	0.04567	0.04493	0.04607	0.04607	0.04607	0.04607	0.04432	0.04432	0.04872	0.04872	0.04872	0.04872	0.04872	0.04872	0.04668	0.04724	0.04724	0.04734	0.04734	0.05098	0.04919	0.04919	0.05077	0.05074	0.05074	0.05081	0.05081	0.04861	0.0508	0.0508	0.0508	0.0508	0.0508	0.0521	0.0521	0.0521	0.0521	0.0521	0.0521	0.0521	0.0521	0.0521
"248"	0.94981	0.98953	0.99634	0.81033	0.61192	0.52543	0.52543	0.5317	0.53239	0.54711	0.54711	0.60847	0.60847	0.60752	0.60834	0.60864	0.62528	0.63705	0.63705	0.66957	0.66627	0.66627	0.66671	0.66671	0.65471	0.64331	0.67093	0.67093	0.67608	0.67245	0.67245	0.67245	0.68117	0.67644	0.67644	0.67644	0.67644	0.67644	0.67534	0.67456	0.67456	0.67617	0.67617	0.06996	0.06996	0.06996	0.06955	0.06856	0.06714	0.06657	0.06657	0.06682	0.06728	0.0665	0.0665	0.0665	0.0665	0.0665	0.0665	0.0665	0.0665	0.0665	0.06587	0.06913	0.06971	0.06405	0.06928	0.06928	0.07254	0.06441	0.06366	0.06206	0.05925	0.05903	0.05117	0.05195	0.05226	0.05179	0.05234	0.0523	0.0523	0.03834	0.03834	0.03834	0.04218	0.04034	0.04034	0.04529	0.04529	0.04253	0.04299	0.04323	0.0492	0.0492	0.04569	0.04569	0.04639	0.04836	0.05038	0.05038	0.05038	0.049	0.04726	0.04726	0.04804	0.04744	0.04544	0.04589	0.04589	0.04589	0.04508	0.04684	0.04738	0.0355	0.03486	0.03486	0.03486	0.03201	0.03636	0.03489	0.03724	0.04017	0.03108	0.03108	0	0.00172	0.00172	0.00273	0.00459	0.00534	0.00438	0.00438	0.00525	0.0074	0.00502	0.00502	0.00557	0.00655	0.00612	0.02334	0.02334	0.02334	0.02528	0.02532	0.02693	0.02555	0.02555	0.02555	0.02555	0.02555	0.02954	0.02954	0.02817	0.03415	0.03415	0.03415	0.02879	0.02867	0.02831	0.02892	0.02698	0.02698	0.03011	0.03122	0.03122	0.03072	0.02979	0.02781	0.02926	0.02943	0.02943	0.02943	0.03073	0.03073	0.03073	0.03073	0.02783	0.02777	0.02855	0.02855	0.02864	0.02919	0.03061	0.03061	0.03029	0.03029	0.03029	0.03029	0.03029	0.04405	0.06937	0.07364	0.07561	0.07657	0.07657	0.07734	0.1057	0.1057	0.1062	0.14145	0.14883	0.14883	0.14883	0.19429	0.13671	0.13727	0.13727	0.16627	0.16972	0.16925	0.17774	0.17774	0.17774	0.17774	0.17774	0.17774	0.17774	0.04104	0.04989	0.04989	0.04989	0.04989	0.04827	0.04827	0.04827	0.04827	0.04827	0.04827	0.04827	0.04753	0.04867	0.04867	0.04867	0.04867	0.04692	0.04692	0.05132	0.05132	0.05132	0.05132	0.05132	0.05132	0.04928	0.04984	0.04984	0.04994	0.04994	0.05358	0.05179	0.05179	0.05337	0.05334	0.05334	0.05341	0.05341	0.05121	0.0534	0.0534	0.0534	0.0534	0.0534	0.0547	0.0547	0.0547	0.0547	0.0547	0.0547	0.0547	0.0547	0.0547
"289"	0.94933	0.98905	0.99586	0.80985	0.61144	0.52495	0.52495	0.53122	0.53191	0.54663	0.54663	0.60799	0.60799	0.60704	0.60786	0.60816	0.6248	0.63657	0.63657	0.66909	0.66579	0.66579	0.66623	0.66623	0.65423	0.64283	0.67045	0.67045	0.6756	0.67197	0.67197	0.67197	0.68069	0.67596	0.67596	0.67596	0.67596	0.67596	0.67486	0.67408	0.67408	0.67569	0.67569	0.06948	0.06948	0.06948	0.06907	0.06808	0.06666	0.06609	0.06609	0.06634	0.0668	0.06602	0.06602	0.06602	0.06602	0.06602	0.06602	0.06602	0.06602	0.06602	0.06539	0.06865	0.06923	0.06357	0.0688	0.0688	0.07206	0.06393	0.06318	0.06158	0.05877	0.05855	0.05069	0.05147	0.05178	0.05131	0.05186	0.05182	0.05182	0.03786	0.03786	0.03786	0.0417	0.03986	0.03986	0.04481	0.04481	0.04205	0.04251	0.04275	0.04872	0.04872	0.04521	0.04521	0.04591	0.04788	0.0499	0.0499	0.0499	0.04852	0.04678	0.04678	0.04756	0.04696	0.04496	0.04541	0.04541	0.04541	0.0446	0.04636	0.0469	0.03502	0.03438	0.03438	0.03438	0.03153	0.03588	0.03441	0.03676	0.03969	0.0306	0.0306	0.00172	0	0	0.00225	0.00411	0.00486	0.0039	0.0039	0.00477	0.00692	0.00454	0.00454	0.00509	0.00607	0.00564	0.02286	0.02286	0.02286	0.0248	0.02484	0.02645	0.02507	0.02507	0.02507	0.02507	0.02507	0.02906	0.02906	0.02769	0.03367	0.03367	0.03367	0.02831	0.02819	0.02783	0.02844	0.0265	0.0265	0.02963	0.03074	0.03074	0.03024	0.02931	0.02733	0.02878	0.02895	0.02895	0.02895	0.03025	0.03025	0.03025	0.03025	0.02735	0.02729	0.02807	0.02807	0.02816	0.02871	0.03013	0.03013	0.02981	0.02981	0.02981	0.02981	0.02981	0.04357	0.06889	0.07316	0.07513	0.07609	0.07609	0.07686	0.10522	0.10522	0.10572	0.14097	0.14835	0.14835	0.14835	0.19381	0.13623	0.13679	0.13679	0.16579	0.16924	0.16877	0.17726	0.17726	0.17726	0.17726	0.17726	0.17726	0.17726	0.04056	0.04941	0.04941	0.04941	0.04941	0.04779	0.04779	0.04779	0.04779	0.04779	0.04779	0.04779	0.04705	0.04819	0.04819	0.04819	0.04819	0.04644	0.04644	0.05084	0.05084	0.05084	0.05084	0.05084	0.05084	0.0488	0.04936	0.04936	0.04946	0.04946	0.0531	0.05131	0.05131	0.05289	0.05286	0.05286	0.05293	0.05293	0.05073	0.05292	0.05292	0.05292	0.05292	0.05292	0.05422	0.05422	0.05422	0.05422	0.05422	0.05422	0.05422	0.05422	0.05422
"189"	0.94933	0.98905	0.99586	0.80985	0.61144	0.52495	0.52495	0.53122	0.53191	0.54663	0.54663	0.60799	0.60799	0.60704	0.60786	0.60816	0.6248	0.63657	0.63657	0.66909	0.66579	0.66579	0.66623	0.66623	0.65423	0.64283	0.67045	0.67045	0.6756	0.67197	0.67197	0.67197	0.68069	0.67596	0.67596	0.67596	0.67596	0.67596	0.67486	0.67408	0.67408	0.67569	0.67569	0.06948	0.06948	0.06948	0.06907	0.06808	0.06666	0.06609	0.06609	0.06634	0.0668	0.06602	0.06602	0.06602	0.06602	0.06602	0.06602	0.06602	0.06602	0.06602	0.06539	0.06865	0.06923	0.06357	0.0688	0.0688	0.07206	0.06393	0.06318	0.06158	0.05877	0.05855	0.05069	0.05147	0.05178	0.05131	0.05186	0.05182	0.05182	0.03786	0.03786	0.03786	0.0417	0.03986	0.03986	0.04481	0.04481	0.04205	0.04251	0.04275	0.04872	0.04872	0.04521	0.04521	0.04591	0.04788	0.0499	0.0499	0.0499	0.04852	0.04678	0.04678	0.04756	0.04696	0.04496	0.04541	0.04541	0.04541	0.0446	0.04636	0.0469	0.03502	0.03438	0.03438	0.03438	0.03153	0.03588	0.03441	0.03676	0.03969	0.0306	0.0306	0.00172	0	0	0.00225	0.00411	0.00486	0.0039	0.0039	0.00477	0.00692	0.00454	0.00454	0.00509	0.00607	0.00564	0.02286	0.02286	0.02286	0.0248	0.02484	0.02645	0.02507	0.02507	0.02507	0.02507	0.02507	0.02906	0.02906	0.02769	0.03367	0.03367	0.03367	0.02831	0.02819	0.02783	0.02844	0.0265	0.0265	0.02963	0.03074	0.03074	0.03024	0.02931	0.02733	0.02878	0.02895	0.02895	0.02895	0.03025	0.03025	0.03025	0.03025	0.02735	0.02729	0.02807	0.02807	0.02816	0.02871	0.03013	0.03013	0.02981	0.02981	0.02981	0.02981	0.02981	0.04357	0.06889	0.07316	0.07513	0.07609	0.07609	0.07686	0.10522	0.10522	0.10572	0.14097	0.14835	0.14835	0.14835	0.19381	0.13623	0.13679	0.13679	0.16579	0.16924	0.16877	0.17726	0.17726	0.17726	0.17726	0.17726	0.17726	0.17726	0.04056	0.04941	0.04941	0.04941	0.04941	0.04779	0.04779	0.04779	0.04779	0.04779	0.04779	0.04779	0.04705	0.04819	0.04819	0.04819	0.04819	0.04644	0.04644	0.05084	0.05084	0.05084	0.05084	0.05084	0.05084	0.0488	0.04936	0.04936	0.04946	0.04946	0.0531	0.05131	0.05131	0.05289	0.05286	0.05286	0.05293	0.05293	0.05073	0.05292	0.05292	0.05292	0.05292	0.05292	0.05422	0.05422	0.05422	0.05422	0.05422	0.05422	0.05422	0.05422	0.05422
"89"	0.94924	0.98896	0.99577	0.80976	0.61135	0.52486	0.52486	0.53113	0.53182	0.54654	0.54654	0.6079	0.6079	0.60695	0.60777	0.60807	0.62471	0.63648	0.63648	0.669	0.6657	0.6657	0.66614	0.66614	0.65414	0.64274	0.67036	0.67036	0.67551	0.67188	0.67188	0.67188	0.6806	0.67587	0.67587	0.67587	0.67587	0.67587	0.67477	0.67399	0.67399	0.6756	0.6756	0.06939	0.06939	0.06939	0.06898	0.06799	0.06657	0.066	0.066	0.06625	0.06671	0.06593	0.06593	0.06593	0.06593	0.06593	0.06593	0.06593	0.06593	0.06593	0.0653	0.06856	0.06914	0.06348	0.06871	0.06871	0.07197	0.06384	0.06309	0.06149	0.05868	0.05846	0.0506	0.05138	0.05169	0.05122	0.05177	0.05173	0.05173	0.03777	0.03777	0.03777	0.04161	0.03977	0.03977	0.04472	0.04472	0.04196	0.04242	0.04266	0.04863	0.04863	0.04512	0.04512	0.04582	0.04779	0.04981	0.04981	0.04981	0.04843	0.04669	0.04669	0.04747	0.04687	0.04487	0.04532	0.04532	0.04532	0.04451	0.04627	0.04681	0.03493	0.03429	0.03429	0.03429	0.03144	0.03579	0.03432	0.03667	0.0396	0.03051	0.03051	0.00273	0.00225	0.00225	0	0.00296	0.00371	0.00275	0.00275	0.00362	0.00577	0.00339	0.00339	0.00394	0.00492	0.00449	0.02277	0.02277	0.02277	0.02471	0.02475	0.02636	0.02498	0.02498	0.02498	0.02498	0.02498	0.02897	0.02897	0.0276	0.03358	0.03358	0.03358	0.02822	0.0281	0.02774	0.02835	0.02641	0.02641	0.02954	0.03065	0.03065	0.03015	0.02922	0.02724	0.02869	0.02886	0.02886	0.02886	0.03016	0.03016	0.03016	0.03016	0.02726	0.0272	0.02798	0.02798	0.02807	0.02862	0.03004	0.03004	0.02972	0.02972	0.02972	0.02972	0.02972	0.04348	0.0688	0.07307	0.07504	0.076	0.076	0.07677	0.10513	0.10513	0.10563	0.14088	0.14826	0.14826	0.14826	0.19372	0.13614	0.1367	0.1367	0.1657	0.16915	0.16868	0.17717	0.17717	0.17717	0.17717	0.17717	0.17717	0.17717	0.04047	0.04932	0.04932	0.04932	0.04932	0.0477	0.0477	0.0477	0.0477	0.0477	0.0477	0.0477	0.04696	0.0481	0.0481	0.0481	0.0481	0.04635	0.04635	0.05075	0.05075	0.05075	0.05075	0.05075	0.05075	0.04871	0.04927	0.04927	0.04937	0.04937	0.05301	0.05122	0.05122	0.0528	0.05277	0.05277	0.05284	0.05284	0.05064	0.05283	0.05283	0.05283	0.05283	0.05283	0.05413	0.05413	0.05413	0.05413	0.05413	0.05413	0.05413	0.05413	0.05413
"4"	0.9511	0.99082	0.99763	0.81162	0.61321	0.52672	0.52672	0.53299	0.53368	0.5484	0.5484	0.60976	0.60976	0.60881	0.60963	0.60993	0.62657	0.63834	0.63834	0.67086	0.66756	0.66756	0.668	0.668	0.656	0.6446	0.67222	0.67222	0.67737	0.67374	0.67374	0.67374	0.68246	0.67773	0.67773	0.67773	0.67773	0.67773	0.67663	0.67585	0.67585	0.67746	0.67746	0.07125	0.07125	0.07125	0.07084	0.06985	0.06843	0.06786	0.06786	0.06811	0.06857	0.06779	0.06779	0.06779	0.06779	0.06779	0.06779	0.06779	0.06779	0.06779	0.06716	0.07042	0.071	0.06534	0.07057	0.07057	0.07383	0.0657	0.06495	0.06335	0.06054	0.06032	0.05246	0.05324	0.05355	0.05308	0.05363	0.05359	0.05359	0.03963	0.03963	0.03963	0.04347	0.04163	0.04163	0.04658	0.04658	0.04382	0.04428	0.04452	0.05049	0.05049	0.04698	0.04698	0.04768	0.04965	0.05167	0.05167	0.05167	0.05029	0.04855	0.04855	0.04933	0.04873	0.04673	0.04718	0.04718	0.04718	0.04637	0.04813	0.04867	0.03679	0.03615	0.03615	0.03615	0.0333	0.03765	0.03618	0.03853	0.04146	0.03237	0.03237	0.00459	0.00411	0.00411	0.00296	0	0.00185	0.00333	0.00333	0.0042	0.00635	0.00397	0.00397	0.00452	0.0055	0.00507	0.02463	0.02463	0.02463	0.02657	0.02661	0.02822	0.02684	0.02684	0.02684	0.02684	0.02684	0.03083	0.03083	0.02946	0.03544	0.03544	0.03544	0.03008	0.02996	0.0296	0.03021	0.02827	0.02827	0.0314	0.03251	0.03251	0.03201	0.03108	0.0291	0.03055	0.03072	0.03072	0.03072	0.03202	0.03202	0.03202	0.03202	0.02912	0.02906	0.02984	0.02984	0.02993	0.03048	0.0319	0.0319	0.03158	0.03158	0.03158	0.03158	0.03158	0.04534	0.07066	0.07493	0.0769	0.07786	0.07786	0.07863	0.10699	0.10699	0.10749	0.14274	0.15012	0.15012	0.15012	0.19558	0.138	0.13856	0.13856	0.16756	0.17101	0.17054	0.17903	0.17903	0.17903	0.17903	0.17903	0.17903	0.17903	0.04233	0.05118	0.05118	0.05118	0.05118	0.04956	0.04956	0.04956	0.04956	0.04956	0.04956	0.04956	0.04882	0.04996	0.04996	0.04996	0.04996	0.04821	0.04821	0.05261	0.05261	0.05261	0.05261	0.05261	0.05261	0.05057	0.05113	0.05113	0.05123	0.05123	0.05487	0.05308	0.05308	0.05466	0.05463	0.05463	0.0547	0.0547	0.0525	0.05469	0.05469	0.05469	0.05469	0.05469	0.05599	0.05599	0.05599	0.05599	0.05599	0.05599	0.05599	0.05599	0.05599
"78"	0.95185	0.99157	0.99838	0.81237	0.61396	0.52747	0.52747	0.53374	0.53443	0.54915	0.54915	0.61051	0.61051	0.60956	0.61038	0.61068	0.62732	0.63909	0.63909	0.67161	0.66831	0.66831	0.66875	0.66875	0.65675	0.64535	0.67297	0.67297	0.67812	0.67449	0.67449	0.67449	0.68321	0.67848	0.67848	0.67848	0.67848	0.67848	0.67738	0.6766	0.6766	0.67821	0.67821	0.072	0.072	0.072	0.07159	0.0706	0.06918	0.06861	0.06861	0.06886	0.06932	0.06854	0.06854	0.06854	0.06854	0.06854	0.06854	0.06854	0.06854	0.06854	0.06791	0.07117	0.07175	0.06609	0.07132	0.07132	0.07458	0.06645	0.0657	0.0641	0.06129	0.06107	0.05321	0.05399	0.0543	0.05383	0.05438	0.05434	0.05434	0.04038	0.04038	0.04038	0.04422	0.04238	0.04238	0.04733	0.04733	0.04457	0.04503	0.04527	0.05124	0.05124	0.04773	0.04773	0.04843	0.0504	0.05242	0.05242	0.05242	0.05104	0.0493	0.0493	0.05008	0.04948	0.04748	0.04793	0.04793	0.04793	0.04712	0.04888	0.04942	0.03754	0.0369	0.0369	0.0369	0.03405	0.0384	0.03693	0.03928	0.04221	0.03312	0.03312	0.00534	0.00486	0.00486	0.00371	0.00185	0	0.00408	0.00408	0.00495	0.0071	0.00472	0.00472	0.00527	0.00625	0.00582	0.02538	0.02538	0.02538	0.02732	0.02736	0.02897	0.02759	0.02759	0.02759	0.02759	0.02759	0.03158	0.03158	0.03021	0.03619	0.03619	0.03619	0.03083	0.03071	0.03035	0.03096	0.02902	0.02902	0.03215	0.03326	0.03326	0.03276	0.03183	0.02985	0.0313	0.03147	0.03147	0.03147	0.03277	0.03277	0.03277	0.03277	0.02987	0.02981	0.03059	0.03059	0.03068	0.03123	0.03265	0.03265	0.03233	0.03233	0.03233	0.03233	0.03233	0.04609	0.07141	0.07568	0.07765	0.07861	0.07861	0.07938	0.10774	0.10774	0.10824	0.14349	0.15087	0.15087	0.15087	0.19633	0.13875	0.13931	0.13931	0.16831	0.17176	0.17129	0.17978	0.17978	0.17978	0.17978	0.17978	0.17978	0.17978	0.04308	0.05193	0.05193	0.05193	0.05193	0.05031	0.05031	0.05031	0.05031	0.05031	0.05031	0.05031	0.04957	0.05071	0.05071	0.05071	0.05071	0.04896	0.04896	0.05336	0.05336	0.05336	0.05336	0.05336	0.05336	0.05132	0.05188	0.05188	0.05198	0.05198	0.05562	0.05383	0.05383	0.05541	0.05538	0.05538	0.05545	0.05545	0.05325	0.05544	0.05544	0.05544	0.05544	0.05544	0.05674	0.05674	0.05674	0.05674	0.05674	0.05674	0.05674	0.05674	0.05674
"72"	0.95089	0.99061	0.99742	0.81141	0.613	0.52651	0.52651	0.53278	0.53347	0.54819	0.54819	0.60955	0.60955	0.6086	0.60942	0.60972	0.62636	0.63813	0.63813	0.67065	0.66735	0.66735	0.66779	0.66779	0.65579	0.64439	0.67201	0.67201	0.67716	0.67353	0.67353	0.67353	0.68225	0.67752	0.67752	0.67752	0.67752	0.67752	0.67642	0.67564	0.67564	0.67725	0.67725	0.07104	0.07104	0.07104	0.07063	0.06964	0.06822	0.06765	0.06765	0.0679	0.06836	0.06758	0.06758	0.06758	0.06758	0.06758	0.06758	0.06758	0.06758	0.06758	0.06695	0.07021	0.07079	0.06513	0.07036	0.07036	0.07362	0.06549	0.06474	0.06314	0.06033	0.06011	0.05225	0.05303	0.05334	0.05287	0.05342	0.05338	0.05338	0.03942	0.03942	0.03942	0.04326	0.04142	0.04142	0.04637	0.04637	0.04361	0.04407	0.04431	0.05028	0.05028	0.04677	0.04677	0.04747	0.04944	0.05146	0.05146	0.05146	0.05008	0.04834	0.04834	0.04912	0.04852	0.04652	0.04697	0.04697	0.04697	0.04616	0.04792	0.04846	0.03658	0.03594	0.03594	0.03594	0.03309	0.03744	0.03597	0.03832	0.04125	0.03216	0.03216	0.00438	0.0039	0.0039	0.00275	0.00333	0.00408	0	0	0.00289	0.00504	0.00266	0.00266	0.00321	0.00419	0.00376	0.02442	0.02442	0.02442	0.02636	0.0264	0.02801	0.02663	0.02663	0.02663	0.02663	0.02663	0.03062	0.03062	0.02925	0.03523	0.03523	0.03523	0.02987	0.02975	0.02939	0.03	0.02806	0.02806	0.03119	0.0323	0.0323	0.0318	0.03087	0.02889	0.03034	0.03051	0.03051	0.03051	0.03181	0.03181	0.03181	0.03181	0.02891	0.02885	0.02963	0.02963	0.02972	0.03027	0.03169	0.03169	0.03137	0.03137	0.03137	0.03137	0.03137	0.04513	0.07045	0.07472	0.07669	0.07765	0.07765	0.07842	0.10678	0.10678	0.10728	0.14253	0.14991	0.14991	0.14991	0.19537	0.13779	0.13835	0.13835	0.16735	0.1708	0.17033	0.17882	0.17882	0.17882	0.17882	0.17882	0.17882	0.17882	0.04212	0.05097	0.05097	0.05097	0.05097	0.04935	0.04935	0.04935	0.04935	0.04935	0.04935	0.04935	0.04861	0.04975	0.04975	0.04975	0.04975	0.048	0.048	0.0524	0.0524	0.0524	0.0524	0.0524	0.0524	0.05036	0.05092	0.05092	0.05102	0.05102	0.05466	0.05287	0.05287	0.05445	0.05442	0.05442	0.05449	0.05449	0.05229	0.05448	0.05448	0.05448	0.05448	0.05448	0.05578	0.05578	0.05578	0.05578	0.05578	0.05578	0.05578	0.05578	0.05578
"20"	0.95089	0.99061	0.99742	0.81141	0.613	0.52651	0.52651	0.53278	0.53347	0.54819	0.54819	0.60955	0.60955	0.6086	0.60942	0.60972	0.62636	0.63813	0.63813	0.67065	0.66735	0.66735	0.66779	0.66779	0.65579	0.64439	0.67201	0.67201	0.67716	0.67353	0.67353	0.67353	0.68225	0.67752	0.67752	0.67752	0.67752	0.67752	0.67642	0.67564	0.67564	0.67725	0.67725	0.07104	0.07104	0.07104	0.07063	0.06964	0.06822	0.06765	0.06765	0.0679	0.06836	0.06758	0.06758	0.06758	0.06758	0.06758	0.06758	0.06758	0.06758	0.06758	0.06695	0.07021	0.07079	0.06513	0.07036	0.07036	0.07362	0.06549	0.06474	0.06314	0.06033	0.06011	0.05225	0.05303	0.05334	0.05287	0.05342	0.05338	0.05338	0.03942	0.03942	0.03942	0.04326	0.04142	0.04142	0.04637	0.04637	0.04361	0.04407	0.04431	0.05028	0.05028	0.04677	0.04677	0.04747	0.04944	0.05146	0.05146	0.05146	0.05008	0.04834	0.04834	0.04912	0.04852	0.04652	0.04697	0.04697	0.04697	0.04616	0.04792	0.04846	0.03658	0.03594	0.03594	0.03594	0.03309	0.03744	0.03597	0.03832	0.04125	0.03216	0.03216	0.00438	0.0039	0.0039	0.00275	0.00333	0.00408	0	0	0.00289	0.00504	0.00266	0.00266	0.00321	0.00419	0.00376	0.02442	0.02442	0.02442	0.02636	0.0264	0.02801	0.02663	0.02663	0.02663	0.02663	0.02663	0.03062	0.03062	0.02925	0.03523	0.03523	0.03523	0.02987	0.02975	0.02939	0.03	0.02806	0.02806	0.03119	0.0323	0.0323	0.0318	0.03087	0.02889	0.03034	0.03051	0.03051	0.03051	0.03181	0.03181	0.03181	0.03181	0.02891	0.02885	0.02963	0.02963	0.02972	0.03027	0.03169	0.03169	0.03137	0.03137	0.03137	0.03137	0.03137	0.04513	0.07045	0.07472	0.07669	0.07765	0.07765	0.07842	0.10678	0.10678	0.10728	0.14253	0.14991	0.14991	0.14991	0.19537	0.13779	0.13835	0.13835	0.16735	0.1708	0.17033	0.17882	0.17882	0.17882	0.17882	0.17882	0.17882	0.17882	0.04212	0.05097	0.05097	0.05097	0.05097	0.04935	0.04935	0.04935	0.04935	0.04935	0.04935	0.04935	0.04861	0.04975	0.04975	0.04975	0.04975	0.048	0.048	0.0524	0.0524	0.0524	0.0524	0.0524	0.0524	0.05036	0.05092	0.05092	0.05102	0.05102	0.05466	0.05287	0.05287	0.05445	0.05442	0.05442	0.05449	0.05449	0.05229	0.05448	0.05448	0.05448	0.05448	0.05448	0.05578	0.05578	0.05578	0.05578	0.05578	0.05578	0.05578	0.05578	0.05578
"77"	0.95176	0.99148	0.99829	0.81228	0.61387	0.52738	0.52738	0.53365	0.53434	0.54906	0.54906	0.61042	0.61042	0.60947	0.61029	0.61059	0.62723	0.639	0.639	0.67152	0.66822	0.66822	0.66866	0.66866	0.65666	0.64526	0.67288	0.67288	0.67803	0.6744	0.6744	0.6744	0.68312	0.67839	0.67839	0.67839	0.67839	0.67839	0.67729	0.67651	0.67651	0.67812	0.67812	0.07191	0.07191	0.07191	0.0715	0.07051	0.06909	0.06852	0.06852	0.06877	0.06923	0.06845	0.06845	0.06845	0.06845	0.06845	0.06845	0.06845	0.06845	0.06845	0.06782	0.07108	0.07166	0.066	0.07123	0.07123	0.07449	0.06636	0.06561	0.06401	0.0612	0.06098	0.05312	0.0539	0.05421	0.05374	0.05429	0.05425	0.05425	0.04029	0.04029	0.04029	0.04413	0.04229	0.04229	0.04724	0.04724	0.04448	0.04494	0.04518	0.05115	0.05115	0.04764	0.04764	0.04834	0.05031	0.05233	0.05233	0.05233	0.05095	0.04921	0.04921	0.04999	0.04939	0.04739	0.04784	0.04784	0.04784	0.04703	0.04879	0.04933	0.03745	0.03681	0.03681	0.03681	0.03396	0.03831	0.03684	0.03919	0.04212	0.03303	0.03303	0.00525	0.00477	0.00477	0.00362	0.0042	0.00495	0.00289	0.00289	0	0.00371	0.00243	0.00243	0.00298	0.00396	0.00353	0.02529	0.02529	0.02529	0.02723	0.02727	0.02888	0.0275	0.0275	0.0275	0.0275	0.0275	0.03149	0.03149	0.03012	0.0361	0.0361	0.0361	0.03074	0.03062	0.03026	0.03087	0.02893	0.02893	0.03206	0.03317	0.03317	0.03267	0.03174	0.02976	0.03121	0.03138	0.03138	0.03138	0.03268	0.03268	0.03268	0.03268	0.02978	0.02972	0.0305	0.0305	0.03059	0.03114	0.03256	0.03256	0.03224	0.03224	0.03224	0.03224	0.03224	0.046	0.07132	0.07559	0.07756	0.07852	0.07852	0.07929	0.10765	0.10765	0.10815	0.1434	0.15078	0.15078	0.15078	0.19624	0.13866	0.13922	0.13922	0.16822	0.17167	0.1712	0.17969	0.17969	0.17969	0.17969	0.17969	0.17969	0.17969	0.04299	0.05184	0.05184	0.05184	0.05184	0.05022	0.05022	0.05022	0.05022	0.05022	0.05022	0.05022	0.04948	0.05062	0.05062	0.05062	0.05062	0.04887	0.04887	0.05327	0.05327	0.05327	0.05327	0.05327	0.05327	0.05123	0.05179	0.05179	0.05189	0.05189	0.05553	0.05374	0.05374	0.05532	0.05529	0.05529	0.05536	0.05536	0.05316	0.05535	0.05535	0.05535	0.05535	0.05535	0.05665	0.05665	0.05665	0.05665	0.05665	0.05665	0.05665	0.05665	0.05665
"60"	0.95391	0.99363	1.00044	0.81443	0.61602	0.52953	0.52953	0.5358	0.53649	0.55121	0.55121	0.61257	0.61257	0.61162	0.61244	0.61274	0.62938	0.64115	0.64115	0.67367	0.67037	0.67037	0.67081	0.67081	0.65881	0.64741	0.67503	0.67503	0.68018	0.67655	0.67655	0.67655	0.68527	0.68054	0.68054	0.68054	0.68054	0.68054	0.67944	0.67866	0.67866	0.68027	0.68027	0.07406	0.07406	0.07406	0.07365	0.07266	0.07124	0.07067	0.07067	0.07092	0.07138	0.0706	0.0706	0.0706	0.0706	0.0706	0.0706	0.0706	0.0706	0.0706	0.06997	0.07323	0.07381	0.06815	0.07338	0.07338	0.07664	0.06851	0.06776	0.06616	0.06335	0.06313	0.05527	0.05605	0.05636	0.05589	0.05644	0.0564	0.0564	0.04244	0.04244	0.04244	0.04628	0.04444	0.04444	0.04939	0.04939	0.04663	0.04709	0.04733	0.0533	0.0533	0.04979	0.04979	0.05049	0.05246	0.05448	0.05448	0.05448	0.0531	0.05136	0.05136	0.05214	0.05154	0.04954	0.04999	0.04999	0.04999	0.04918	0.05094	0.05148	0.0396	0.03896	0.03896	0.03896	0.03611	0.04046	0.03899	0.04134	0.04427	0.03518	0.03518	0.0074	0.00692	0.00692	0.00577	0.00635	0.0071	0.00504	0.00504	0.00371	0	0.00458	0.00458	0.00513	0.00611	0.00568	0.02744	0.02744	0.02744	0.02938	0.02942	0.03103	0.02965	0.02965	0.02965	0.02965	0.02965	0.03364	0.03364	0.03227	0.03825	0.03825	0.03825	0.03289	0.03277	0.03241	0.03302	0.03108	0.03108	0.03421	0.03532	0.03532	0.03482	0.03389	0.03191	0.03336	0.03353	0.03353	0.03353	0.03483	0.03483	0.03483	0.03483	0.03193	0.03187	0.03265	0.03265	0.03274	0.03329	0.03471	0.03471	0.03439	0.03439	0.03439	0.03439	0.03439	0.04815	0.07347	0.07774	0.07971	0.08067	0.08067	0.08144	0.1098	0.1098	0.1103	0.14555	0.15293	0.15293	0.15293	0.19839	0.14081	0.14137	0.14137	0.17037	0.17382	0.17335	0.18184	0.18184	0.18184	0.18184	0.18184	0.18184	0.18184	0.04514	0.05399	0.05399	0.05399	0.05399	0.05237	0.05237	0.05237	0.05237	0.05237	0.05237	0.05237	0.05163	0.05277	0.05277	0.05277	0.05277	0.05102	0.05102	0.05542	0.05542	0.05542	0.05542	0.05542	0.05542	0.05338	0.05394	0.05394	0.05404	0.05404	0.05768	0.05589	0.05589	0.05747	0.05744	0.05744	0.05751	0.05751	0.05531	0.0575	0.0575	0.0575	0.0575	0.0575	0.0588	0.0588	0.0588	0.0588	0.0588	0.0588	0.0588	0.0588	0.0588
"27"	0.95153	0.99125	0.99806	0.81205	0.61364	0.52715	0.52715	0.53342	0.53411	0.54883	0.54883	0.61019	0.61019	0.60924	0.61006	0.61036	0.627	0.63877	0.63877	0.67129	0.66799	0.66799	0.66843	0.66843	0.65643	0.64503	0.67265	0.67265	0.6778	0.67417	0.67417	0.67417	0.68289	0.67816	0.67816	0.67816	0.67816	0.67816	0.67706	0.67628	0.67628	0.67789	0.67789	0.07168	0.07168	0.07168	0.07127	0.07028	0.06886	0.06829	0.06829	0.06854	0.069	0.06822	0.06822	0.06822	0.06822	0.06822	0.06822	0.06822	0.06822	0.06822	0.06759	0.07085	0.07143	0.06577	0.071	0.071	0.07426	0.06613	0.06538	0.06378	0.06097	0.06075	0.05289	0.05367	0.05398	0.05351	0.05406	0.05402	0.05402	0.04006	0.04006	0.04006	0.0439	0.04206	0.04206	0.04701	0.04701	0.04425	0.04471	0.04495	0.05092	0.05092	0.04741	0.04741	0.04811	0.05008	0.0521	0.0521	0.0521	0.05072	0.04898	0.04898	0.04976	0.04916	0.04716	0.04761	0.04761	0.04761	0.0468	0.04856	0.0491	0.03722	0.03658	0.03658	0.03658	0.03373	0.03808	0.03661	0.03896	0.04189	0.0328	0.0328	0.00502	0.00454	0.00454	0.00339	0.00397	0.00472	0.00266	0.00266	0.00243	0.00458	0	0	0.00165	0.00263	0.0022	0.02506	0.02506	0.02506	0.027	0.02704	0.02865	0.02727	0.02727	0.02727	0.02727	0.02727	0.03126	0.03126	0.02989	0.03587	0.03587	0.03587	0.03051	0.03039	0.03003	0.03064	0.0287	0.0287	0.03183	0.03294	0.03294	0.03244	0.03151	0.02953	0.03098	0.03115	0.03115	0.03115	0.03245	0.03245	0.03245	0.03245	0.02955	0.02949	0.03027	0.03027	0.03036	0.03091	0.03233	0.03233	0.03201	0.03201	0.03201	0.03201	0.03201	0.04577	0.07109	0.07536	0.07733	0.07829	0.07829	0.07906	0.10742	0.10742	0.10792	0.14317	0.15055	0.15055	0.15055	0.19601	0.13843	0.13899	0.13899	0.16799	0.17144	0.17097	0.17946	0.17946	0.17946	0.17946	0.17946	0.17946	0.17946	0.04276	0.05161	0.05161	0.05161	0.05161	0.04999	0.04999	0.04999	0.04999	0.04999	0.04999	0.04999	0.04925	0.05039	0.05039	0.05039	0.05039	0.04864	0.04864	0.05304	0.05304	0.05304	0.05304	0.05304	0.05304	0.051	0.05156	0.05156	0.05166	0.05166	0.0553	0.05351	0.05351	0.05509	0.05506	0.05506	0.05513	0.05513	0.05293	0.05512	0.05512	0.05512	0.05512	0.05512	0.05642	0.05642	0.05642	0.05642	0.05642	0.05642	0.05642	0.05642	0.05642
"80"	0.95153	0.99125	0.99806	0.81205	0.61364	0.52715	0.52715	0.53342	0.53411	0.54883	0.54883	0.61019	0.61019	0.60924	0.61006	0.61036	0.627	0.63877	0.63877	0.67129	0.66799	0.66799	0.66843	0.66843	0.65643	0.64503	0.67265	0.67265	0.6778	0.67417	0.67417	0.67417	0.68289	0.67816	0.67816	0.67816	0.67816	0.67816	0.67706	0.67628	0.67628	0.67789	0.67789	0.07168	0.07168	0.07168	0.07127	0.07028	0.06886	0.06829	0.06829	0.06854	0.069	0.06822	0.06822	0.06822	0.06822	0.06822	0.06822	0.06822	0.06822	0.06822	0.06759	0.07085	0.07143	0.06577	0.071	0.071	0.07426	0.06613	0.06538	0.06378	0.06097	0.06075	0.05289	0.05367	0.05398	0.05351	0.05406	0.05402	0.05402	0.04006	0.04006	0.04006	0.0439	0.04206	0.04206	0.04701	0.04701	0.04425	0.04471	0.04495	0.05092	0.05092	0.04741	0.04741	0.04811	0.05008	0.0521	0.0521	0.0521	0.05072	0.04898	0.04898	0.04976	0.04916	0.04716	0.04761	0.04761	0.04761	0.0468	0.04856	0.0491	0.03722	0.03658	0.03658	0.03658	0.03373	0.03808	0.03661	0.03896	0.04189	0.0328	0.0328	0.00502	0.00454	0.00454	0.00339	0.00397	0.00472	0.00266	0.00266	0.00243	0.00458	0	0	0.00165	0.00263	0.0022	0.02506	0.02506	0.02506	0.027	0.02704	0.02865	0.02727	0.02727	0.02727	0.02727	0.02727	0.03126	0.03126	0.02989	0.03587	0.03587	0.03587	0.03051	0.03039	0.03003	0.03064	0.0287	0.0287	0.03183	0.03294	0.03294	0.03244	0.03151	0.02953	0.03098	0.03115	0.03115	0.03115	0.03245	0.03245	0.03245	0.03245	0.02955	0.02949	0.03027	0.03027	0.03036	0.03091	0.03233	0.03233	0.03201	0.03201	0.03201	0.03201	0.03201	0.04577	0.07109	0.07536	0.07733	0.07829	0.07829	0.07906	0.10742	0.10742	0.10792	0.14317	0.15055	0.15055	0.15055	0.19601	0.13843	0.13899	0.13899	0.16799	0.17144	0.17097	0.17946	0.17946	0.17946	0.17946	0.17946	0.17946	0.17946	0.04276	0.05161	0.05161	0.05161	0.05161	0.04999	0.04999	0.04999	0.04999	0.04999	0.04999	0.04999	0.04925	0.05039	0.05039	0.05039	0.05039	0.04864	0.04864	0.05304	0.05304	0.05304	0.05304	0.05304	0.05304	0.051	0.05156	0.05156	0.05166	0.05166	0.0553	0.05351	0.05351	0.05509	0.05506	0.05506	0.05513	0.05513	0.05293	0.05512	0.05512	0.05512	0.05512	0.05512	0.05642	0.05642	0.05642	0.05642	0.05642	0.05642	0.05642	0.05642	0.05642
"193"	0.95208	0.9918	0.99861	0.8126	0.61419	0.5277	0.5277	0.53397	0.53466	0.54938	0.54938	0.61074	0.61074	0.60979	0.61061	0.61091	0.62755	0.63932	0.63932	0.67184	0.66854	0.66854	0.66898	0.66898	0.65698	0.64558	0.6732	0.6732	0.67835	0.67472	0.67472	0.67472	0.68344	0.67871	0.67871	0.67871	0.67871	0.67871	0.67761	0.67683	0.67683	0.67844	0.67844	0.07223	0.07223	0.07223	0.07182	0.07083	0.06941	0.06884	0.06884	0.06909	0.06955	0.06877	0.06877	0.06877	0.06877	0.06877	0.06877	0.06877	0.06877	0.06877	0.06814	0.0714	0.07198	0.06632	0.07155	0.07155	0.07481	0.06668	0.06593	0.06433	0.06152	0.0613	0.05344	0.05422	0.05453	0.05406	0.05461	0.05457	0.05457	0.04061	0.04061	0.04061	0.04445	0.04261	0.04261	0.04756	0.04756	0.0448	0.04526	0.0455	0.05147	0.05147	0.04796	0.04796	0.04866	0.05063	0.05265	0.05265	0.05265	0.05127	0.04953	0.04953	0.05031	0.04971	0.04771	0.04816	0.04816	0.04816	0.04735	0.04911	0.04965	0.03777	0.03713	0.03713	0.03713	0.03428	0.03863	0.03716	0.03951	0.04244	0.03335	0.03335	0.00557	0.00509	0.00509	0.00394	0.00452	0.00527	0.00321	0.00321	0.00298	0.00513	0.00165	0.00165	0	0.00208	0.00165	0.02561	0.02561	0.02561	0.02755	0.02759	0.0292	0.02782	0.02782	0.02782	0.02782	0.02782	0.03181	0.03181	0.03044	0.03642	0.03642	0.03642	0.03106	0.03094	0.03058	0.03119	0.02925	0.02925	0.03238	0.03349	0.03349	0.03299	0.03206	0.03008	0.03153	0.0317	0.0317	0.0317	0.033	0.033	0.033	0.033	0.0301	0.03004	0.03082	0.03082	0.03091	0.03146	0.03288	0.03288	0.03256	0.03256	0.03256	0.03256	0.03256	0.04632	0.07164	0.07591	0.07788	0.07884	0.07884	0.07961	0.10797	0.10797	0.10847	0.14372	0.1511	0.1511	0.1511	0.19656	0.13898	0.13954	0.13954	0.16854	0.17199	0.17152	0.18001	0.18001	0.18001	0.18001	0.18001	0.18001	0.18001	0.04331	0.05216	0.05216	0.05216	0.05216	0.05054	0.05054	0.05054	0.05054	0.05054	0.05054	0.05054	0.0498	0.05094	0.05094	0.05094	0.05094	0.04919	0.04919	0.05359	0.05359	0.05359	0.05359	0.05359	0.05359	0.05155	0.05211	0.05211	0.05221	0.05221	0.05585	0.05406	0.05406	0.05564	0.05561	0.05561	0.05568	0.05568	0.05348	0.05567	0.05567	0.05567	0.05567	0.05567	0.05697	0.05697	0.05697	0.05697	0.05697	0.05697	0.05697	0.05697	0.05697
"79"	0.95306	0.99278	0.99959	0.81358	0.61517	0.52868	0.52868	0.53495	0.53564	0.55036	0.55036	0.61172	0.61172	0.61077	0.61159	0.61189	0.62853	0.6403	0.6403	0.67282	0.66952	0.66952	0.66996	0.66996	0.65796	0.64656	0.67418	0.67418	0.67933	0.6757	0.6757	0.6757	0.68442	0.67969	0.67969	0.67969	0.67969	0.67969	0.67859	0.67781	0.67781	0.67942	0.67942	0.07321	0.07321	0.07321	0.0728	0.07181	0.07039	0.06982	0.06982	0.07007	0.07053	0.06975	0.06975	0.06975	0.06975	0.06975	0.06975	0.06975	0.06975	0.06975	0.06912	0.07238	0.07296	0.0673	0.07253	0.07253	0.07579	0.06766	0.06691	0.06531	0.0625	0.06228	0.05442	0.0552	0.05551	0.05504	0.05559	0.05555	0.05555	0.04159	0.04159	0.04159	0.04543	0.04359	0.04359	0.04854	0.04854	0.04578	0.04624	0.04648	0.05245	0.05245	0.04894	0.04894	0.04964	0.05161	0.05363	0.05363	0.05363	0.05225	0.05051	0.05051	0.05129	0.05069	0.04869	0.04914	0.04914	0.04914	0.04833	0.05009	0.05063	0.03875	0.03811	0.03811	0.03811	0.03526	0.03961	0.03814	0.04049	0.04342	0.03433	0.03433	0.00655	0.00607	0.00607	0.00492	0.0055	0.00625	0.00419	0.00419	0.00396	0.00611	0.00263	0.00263	0.00208	0	0.00153	0.02659	0.02659	0.02659	0.02853	0.02857	0.03018	0.0288	0.0288	0.0288	0.0288	0.0288	0.03279	0.03279	0.03142	0.0374	0.0374	0.0374	0.03204	0.03192	0.03156	0.03217	0.03023	0.03023	0.03336	0.03447	0.03447	0.03397	0.03304	0.03106	0.03251	0.03268	0.03268	0.03268	0.03398	0.03398	0.03398	0.03398	0.03108	0.03102	0.0318	0.0318	0.03189	0.03244	0.03386	0.03386	0.03354	0.03354	0.03354	0.03354	0.03354	0.0473	0.07262	0.07689	0.07886	0.07982	0.07982	0.08059	0.10895	0.10895	0.10945	0.1447	0.15208	0.15208	0.15208	0.19754	0.13996	0.14052	0.14052	0.16952	0.17297	0.1725	0.18099	0.18099	0.18099	0.18099	0.18099	0.18099	0.18099	0.04429	0.05314	0.05314	0.05314	0.05314	0.05152	0.05152	0.05152	0.05152	0.05152	0.05152	0.05152	0.05078	0.05192	0.05192	0.05192	0.05192	0.05017	0.05017	0.05457	0.05457	0.05457	0.05457	0.05457	0.05457	0.05253	0.05309	0.05309	0.05319	0.05319	0.05683	0.05504	0.05504	0.05662	0.05659	0.05659	0.05666	0.05666	0.05446	0.05665	0.05665	0.05665	0.05665	0.05665	0.05795	0.05795	0.05795	0.05795	0.05795	0.05795	0.05795	0.05795	0.05795
"25"	0.95263	0.99235	0.99916	0.81315	0.61474	0.52825	0.52825	0.53452	0.53521	0.54993	0.54993	0.61129	0.61129	0.61034	0.61116	0.61146	0.6281	0.63987	0.63987	0.67239	0.66909	0.66909	0.66953	0.66953	0.65753	0.64613	0.67375	0.67375	0.6789	0.67527	0.67527	0.67527	0.68399	0.67926	0.67926	0.67926	0.67926	0.67926	0.67816	0.67738	0.67738	0.67899	0.67899	0.07278	0.07278	0.07278	0.07237	0.07138	0.06996	0.06939	0.06939	0.06964	0.0701	0.06932	0.06932	0.06932	0.06932	0.06932	0.06932	0.06932	0.06932	0.06932	0.06869	0.07195	0.07253	0.06687	0.0721	0.0721	0.07536	0.06723	0.06648	0.06488	0.06207	0.06185	0.05399	0.05477	0.05508	0.05461	0.05516	0.05512	0.05512	0.04116	0.04116	0.04116	0.045	0.04316	0.04316	0.04811	0.04811	0.04535	0.04581	0.04605	0.05202	0.05202	0.04851	0.04851	0.04921	0.05118	0.0532	0.0532	0.0532	0.05182	0.05008	0.05008	0.05086	0.05026	0.04826	0.04871	0.04871	0.04871	0.0479	0.04966	0.0502	0.03832	0.03768	0.03768	0.03768	0.03483	0.03918	0.03771	0.04006	0.04299	0.0339	0.0339	0.00612	0.00564	0.00564	0.00449	0.00507	0.00582	0.00376	0.00376	0.00353	0.00568	0.0022	0.0022	0.00165	0.00153	0	0.02616	0.02616	0.02616	0.0281	0.02814	0.02975	0.02837	0.02837	0.02837	0.02837	0.02837	0.03236	0.03236	0.03099	0.03697	0.03697	0.03697	0.03161	0.03149	0.03113	0.03174	0.0298	0.0298	0.03293	0.03404	0.03404	0.03354	0.03261	0.03063	0.03208	0.03225	0.03225	0.03225	0.03355	0.03355	0.03355	0.03355	0.03065	0.03059	0.03137	0.03137	0.03146	0.03201	0.03343	0.03343	0.03311	0.03311	0.03311	0.03311	0.03311	0.04687	0.07219	0.07646	0.07843	0.07939	0.07939	0.08016	0.10852	0.10852	0.10902	0.14427	0.15165	0.15165	0.15165	0.19711	0.13953	0.14009	0.14009	0.16909	0.17254	0.17207	0.18056	0.18056	0.18056	0.18056	0.18056	0.18056	0.18056	0.04386	0.05271	0.05271	0.05271	0.05271	0.05109	0.05109	0.05109	0.05109	0.05109	0.05109	0.05109	0.05035	0.05149	0.05149	0.05149	0.05149	0.04974	0.04974	0.05414	0.05414	0.05414	0.05414	0.05414	0.05414	0.0521	0.05266	0.05266	0.05276	0.05276	0.0564	0.05461	0.05461	0.05619	0.05616	0.05616	0.05623	0.05623	0.05403	0.05622	0.05622	0.05622	0.05622	0.05622	0.05752	0.05752	0.05752	0.05752	0.05752	0.05752	0.05752	0.05752	0.05752
"36"	0.94919	0.98891	0.99572	0.80971	0.6113	0.52481	0.52481	0.53108	0.53177	0.54649	0.54649	0.60785	0.60785	0.6069	0.60772	0.60802	0.62466	0.63643	0.63643	0.66895	0.66565	0.66565	0.66609	0.66609	0.65409	0.64269	0.67031	0.67031	0.67546	0.67183	0.67183	0.67183	0.68055	0.67582	0.67582	0.67582	0.67582	0.67582	0.67472	0.67394	0.67394	0.67555	0.67555	0.06934	0.06934	0.06934	0.06893	0.06794	0.06652	0.06595	0.06595	0.0662	0.06666	0.06588	0.06588	0.06588	0.06588	0.06588	0.06588	0.06588	0.06588	0.06588	0.06525	0.06851	0.06909	0.06343	0.06866	0.06866	0.07192	0.06379	0.06304	0.06144	0.05863	0.05841	0.05055	0.05133	0.05164	0.05117	0.05172	0.05168	0.05168	0.03772	0.03772	0.03772	0.04156	0.03972	0.03972	0.04467	0.04467	0.04191	0.04237	0.04261	0.04858	0.04858	0.04507	0.04507	0.04577	0.04774	0.04976	0.04976	0.04976	0.04838	0.04664	0.04664	0.04742	0.04682	0.04482	0.04527	0.04527	0.04527	0.04446	0.04622	0.04676	0.03488	0.03424	0.03424	0.03424	0.03139	0.03574	0.03427	0.03662	0.03955	0.03046	0.03046	0.02334	0.02286	0.02286	0.02277	0.02463	0.02538	0.02442	0.02442	0.02529	0.02744	0.02506	0.02506	0.02561	0.02659	0.02616	0	0	0	0.0041	0.00414	0.00575	0.00437	0.00437	0.00437	0.00437	0.00437	0.0203	0.0203	0.01893	0.02491	0.02491	0.02491	0.01955	0.01943	0.01907	0.01968	0.01774	0.01774	0.02087	0.02198	0.02198	0.02148	0.02055	0.01857	0.02002	0.02019	0.02019	0.02019	0.02149	0.02149	0.02149	0.02149	0.01859	0.01853	0.01931	0.01931	0.0194	0.01995	0.02137	0.02137	0.02105	0.02105	0.02105	0.02105	0.02105	0.04343	0.06875	0.07302	0.07499	0.07595	0.07595	0.07672	0.10508	0.10508	0.10558	0.14083	0.14821	0.14821	0.14821	0.19367	0.13609	0.13665	0.13665	0.16565	0.1691	0.16863	0.17712	0.17712	0.17712	0.17712	0.17712	0.17712	0.17712	0.04042	0.04927	0.04927	0.04927	0.04927	0.04765	0.04765	0.04765	0.04765	0.04765	0.04765	0.04765	0.04691	0.04805	0.04805	0.04805	0.04805	0.0463	0.0463	0.0507	0.0507	0.0507	0.0507	0.0507	0.0507	0.04866	0.04922	0.04922	0.04932	0.04932	0.05296	0.05117	0.05117	0.05275	0.05272	0.05272	0.05279	0.05279	0.05059	0.05278	0.05278	0.05278	0.05278	0.05278	0.05408	0.05408	0.05408	0.05408	0.05408	0.05408	0.05408	0.05408	0.05408
"86"	0.94919	0.98891	0.99572	0.80971	0.6113	0.52481	0.52481	0.53108	0.53177	0.54649	0.54649	0.60785	0.60785	0.6069	0.60772	0.60802	0.62466	0.63643	0.63643	0.66895	0.66565	0.66565	0.66609	0.66609	0.65409	0.64269	0.67031	0.67031	0.67546	0.67183	0.67183	0.67183	0.68055	0.67582	0.67582	0.67582	0.67582	0.67582	0.67472	0.67394	0.67394	0.67555	0.67555	0.06934	0.06934	0.06934	0.06893	0.06794	0.06652	0.06595	0.06595	0.0662	0.06666	0.06588	0.06588	0.06588	0.06588	0.06588	0.06588	0.06588	0.06588	0.06588	0.06525	0.06851	0.06909	0.06343	0.06866	0.06866	0.07192	0.06379	0.06304	0.06144	0.05863	0.05841	0.05055	0.05133	0.05164	0.05117	0.05172	0.05168	0.05168	0.03772	0.03772	0.03772	0.04156	0.03972	0.03972	0.04467	0.04467	0.04191	0.04237	0.04261	0.04858	0.04858	0.04507	0.04507	0.04577	0.04774	0.04976	0.04976	0.04976	0.04838	0.04664	0.04664	0.04742	0.04682	0.04482	0.04527	0.04527	0.04527	0.04446	0.04622	0.04676	0.03488	0.03424	0.03424	0.03424	0.03139	0.03574	0.03427	0.03662	0.03955	0.03046	0.03046	0.02334	0.02286	0.02286	0.02277	0.02463	0.02538	0.02442	0.02442	0.02529	0.02744	0.02506	0.02506	0.02561	0.02659	0.02616	0	0	0	0.0041	0.00414	0.00575	0.00437	0.00437	0.00437	0.00437	0.00437	0.0203	0.0203	0.01893	0.02491	0.02491	0.02491	0.01955	0.01943	0.01907	0.01968	0.01774	0.01774	0.02087	0.02198	0.02198	0.02148	0.02055	0.01857	0.02002	0.02019	0.02019	0.02019	0.02149	0.02149	0.02149	0.02149	0.01859	0.01853	0.01931	0.01931	0.0194	0.01995	0.02137	0.02137	0.02105	0.02105	0.02105	0.02105	0.02105	0.04343	0.06875	0.07302	0.07499	0.07595	0.07595	0.07672	0.10508	0.10508	0.10558	0.14083	0.14821	0.14821	0.14821	0.19367	0.13609	0.13665	0.13665	0.16565	0.1691	0.16863	0.17712	0.17712	0.17712	0.17712	0.17712	0.17712	0.17712	0.04042	0.04927	0.04927	0.04927	0.04927	0.04765	0.04765	0.04765	0.04765	0.04765	0.04765	0.04765	0.04691	0.04805	0.04805	0.04805	0.04805	0.0463	0.0463	0.0507	0.0507	0.0507	0.0507	0.0507	0.0507	0.04866	0.04922	0.04922	0.04932	0.04932	0.05296	0.05117	0.05117	0.05275	0.05272	0.05272	0.05279	0.05279	0.05059	0.05278	0.05278	0.05278	0.05278	0.05278	0.05408	0.05408	0.05408	0.05408	0.05408	0.05408	0.05408	0.05408	0.05408
"87"	0.94919	0.98891	0.99572	0.80971	0.6113	0.52481	0.52481	0.53108	0.53177	0.54649	0.54649	0.60785	0.60785	0.6069	0.60772	0.60802	0.62466	0.63643	0.63643	0.66895	0.66565	0.66565	0.66609	0.66609	0.65409	0.64269	0.67031	0.67031	0.67546	0.67183	0.67183	0.67183	0.68055	0.67582	0.67582	0.67582	0.67582	0.67582	0.67472	0.67394	0.67394	0.67555	0.67555	0.06934	0.06934	0.06934	0.06893	0.06794	0.06652	0.06595	0.06595	0.0662	0.06666	0.06588	0.06588	0.06588	0.06588	0.06588	0.06588	0.06588	0.06588	0.06588	0.06525	0.06851	0.06909	0.06343	0.06866	0.06866	0.07192	0.06379	0.06304	0.06144	0.05863	0.05841	0.05055	0.05133	0.05164	0.05117	0.05172	0.05168	0.05168	0.03772	0.03772	0.03772	0.04156	0.03972	0.03972	0.04467	0.04467	0.04191	0.04237	0.04261	0.04858	0.04858	0.04507	0.04507	0.04577	0.04774	0.04976	0.04976	0.04976	0.04838	0.04664	0.04664	0.04742	0.04682	0.04482	0.04527	0.04527	0.04527	0.04446	0.04622	0.04676	0.03488	0.03424	0.03424	0.03424	0.03139	0.03574	0.03427	0.03662	0.03955	0.03046	0.03046	0.02334	0.02286	0.02286	0.02277	0.02463	0.02538	0.02442	0.02442	0.02529	0.02744	0.02506	0.02506	0.02561	0.02659	0.02616	0	0	0	0.0041	0.00414	0.00575	0.00437	0.00437	0.00437	0.00437	0.00437	0.0203	0.0203	0.01893	0.02491	0.02491	0.02491	0.01955	0.01943	0.01907	0.01968	0.01774	0.01774	0.02087	0.02198	0.02198	0.02148	0.02055	0.01857	0.02002	0.02019	0.02019	0.02019	0.02149	0.02149	0.02149	0.02149	0.01859	0.01853	0.01931	0.01931	0.0194	0.01995	0.02137	0.02137	0.02105	0.02105	0.02105	0.02105	0.02105	0.04343	0.06875	0.07302	0.07499	0.07595	0.07595	0.07672	0.10508	0.10508	0.10558	0.14083	0.14821	0.14821	0.14821	0.19367	0.13609	0.13665	0.13665	0.16565	0.1691	0.16863	0.17712	0.17712	0.17712	0.17712	0.17712	0.17712	0.17712	0.04042	0.04927	0.04927	0.04927	0.04927	0.04765	0.04765	0.04765	0.04765	0.04765	0.04765	0.04765	0.04691	0.04805	0.04805	0.04805	0.04805	0.0463	0.0463	0.0507	0.0507	0.0507	0.0507	0.0507	0.0507	0.04866	0.04922	0.04922	0.04932	0.04932	0.05296	0.05117	0.05117	0.05275	0.05272	0.05272	0.05279	0.05279	0.05059	0.05278	0.05278	0.05278	0.05278	0.05278	0.05408	0.05408	0.05408	0.05408	0.05408	0.05408	0.05408	0.05408	0.05408
"340"	0.95113	0.99085	0.99766	0.81165	0.61324	0.52675	0.52675	0.53302	0.53371	0.54843	0.54843	0.60979	0.60979	0.60884	0.60966	0.60996	0.6266	0.63837	0.63837	0.67089	0.66759	0.66759	0.66803	0.66803	0.65603	0.64463	0.67225	0.67225	0.6774	0.67377	0.67377	0.67377	0.68249	0.67776	0.67776	0.67776	0.67776	0.67776	0.67666	0.67588	0.67588	0.67749	0.67749	0.07128	0.07128	0.07128	0.07087	0.06988	0.06846	0.06789	0.06789	0.06814	0.0686	0.06782	0.06782	0.06782	0.06782	0.06782	0.06782	0.06782	0.06782	0.06782	0.06719	0.07045	0.07103	0.06537	0.0706	0.0706	0.07386	0.06573	0.06498	0.06338	0.06057	0.06035	0.05249	0.05327	0.05358	0.05311	0.05366	0.05362	0.05362	0.03966	0.03966	0.03966	0.0435	0.04166	0.04166	0.04661	0.04661	0.04385	0.04431	0.04455	0.05052	0.05052	0.04701	0.04701	0.04771	0.04968	0.0517	0.0517	0.0517	0.05032	0.04858	0.04858	0.04936	0.04876	0.04676	0.04721	0.04721	0.04721	0.0464	0.04816	0.0487	0.03682	0.03618	0.03618	0.03618	0.03333	0.03768	0.03621	0.03856	0.04149	0.0324	0.0324	0.02528	0.0248	0.0248	0.02471	0.02657	0.02732	0.02636	0.02636	0.02723	0.02938	0.027	0.027	0.02755	0.02853	0.0281	0.0041	0.0041	0.0041	0	0.00326	0.00487	0.00349	0.00349	0.00349	0.00349	0.00349	0.02224	0.02224	0.02087	0.02685	0.02685	0.02685	0.02149	0.02137	0.02101	0.02162	0.01968	0.01968	0.02281	0.02392	0.02392	0.02342	0.02249	0.02051	0.02196	0.02213	0.02213	0.02213	0.02343	0.02343	0.02343	0.02343	0.02053	0.02047	0.02125	0.02125	0.02134	0.02189	0.02331	0.02331	0.02299	0.02299	0.02299	0.02299	0.02299	0.04537	0.07069	0.07496	0.07693	0.07789	0.07789	0.07866	0.10702	0.10702	0.10752	0.14277	0.15015	0.15015	0.15015	0.19561	0.13803	0.13859	0.13859	0.16759	0.17104	0.17057	0.17906	0.17906	0.17906	0.17906	0.17906	0.17906	0.17906	0.04236	0.05121	0.05121	0.05121	0.05121	0.04959	0.04959	0.04959	0.04959	0.04959	0.04959	0.04959	0.04885	0.04999	0.04999	0.04999	0.04999	0.04824	0.04824	0.05264	0.05264	0.05264	0.05264	0.05264	0.05264	0.0506	0.05116	0.05116	0.05126	0.05126	0.0549	0.05311	0.05311	0.05469	0.05466	0.05466	0.05473	0.05473	0.05253	0.05472	0.05472	0.05472	0.05472	0.05472	0.05602	0.05602	0.05602	0.05602	0.05602	0.05602	0.05602	0.05602	0.05602
"397"	0.95117	0.99089	0.9977	0.81169	0.61328	0.52679	0.52679	0.53306	0.53375	0.54847	0.54847	0.60983	0.60983	0.60888	0.6097	0.61	0.62664	0.63841	0.63841	0.67093	0.66763	0.66763	0.66807	0.66807	0.65607	0.64467	0.67229	0.67229	0.67744	0.67381	0.67381	0.67381	0.68253	0.6778	0.6778	0.6778	0.6778	0.6778	0.6767	0.67592	0.67592	0.67753	0.67753	0.07132	0.07132	0.07132	0.07091	0.06992	0.0685	0.06793	0.06793	0.06818	0.06864	0.06786	0.06786	0.06786	0.06786	0.06786	0.06786	0.06786	0.06786	0.06786	0.06723	0.07049	0.07107	0.06541	0.07064	0.07064	0.0739	0.06577	0.06502	0.06342	0.06061	0.06039	0.05253	0.05331	0.05362	0.05315	0.0537	0.05366	0.05366	0.0397	0.0397	0.0397	0.04354	0.0417	0.0417	0.04665	0.04665	0.04389	0.04435	0.04459	0.05056	0.05056	0.04705	0.04705	0.04775	0.04972	0.05174	0.05174	0.05174	0.05036	0.04862	0.04862	0.0494	0.0488	0.0468	0.04725	0.04725	0.04725	0.04644	0.0482	0.04874	0.03686	0.03622	0.03622	0.03622	0.03337	0.03772	0.03625	0.0386	0.04153	0.03244	0.03244	0.02532	0.02484	0.02484	0.02475	0.02661	0.02736	0.0264	0.0264	0.02727	0.02942	0.02704	0.02704	0.02759	0.02857	0.02814	0.00414	0.00414	0.00414	0.00326	0	0.00271	0.00243	0.00243	0.00243	0.00243	0.00243	0.02228	0.02228	0.02091	0.02689	0.02689	0.02689	0.02153	0.02141	0.02105	0.02166	0.01972	0.01972	0.02285	0.02396	0.02396	0.02346	0.02253	0.02055	0.022	0.02217	0.02217	0.02217	0.02347	0.02347	0.02347	0.02347	0.02057	0.02051	0.02129	0.02129	0.02138	0.02193	0.02335	0.02335	0.02303	0.02303	0.02303	0.02303	0.02303	0.04541	0.07073	0.075	0.07697	0.07793	0.07793	0.0787	0.10706	0.10706	0.10756	0.14281	0.15019	0.15019	0.15019	0.19565	0.13807	0.13863	0.13863	0.16763	0.17108	0.17061	0.1791	0.1791	0.1791	0.1791	0.1791	0.1791	0.1791	0.0424	0.05125	0.05125	0.05125	0.05125	0.04963	0.04963	0.04963	0.04963	0.04963	0.04963	0.04963	0.04889	0.05003	0.05003	0.05003	0.05003	0.04828	0.04828	0.05268	0.05268	0.05268	0.05268	0.05268	0.05268	0.05064	0.0512	0.0512	0.0513	0.0513	0.05494	0.05315	0.05315	0.05473	0.0547	0.0547	0.05477	0.05477	0.05257	0.05476	0.05476	0.05476	0.05476	0.05476	0.05606	0.05606	0.05606	0.05606	0.05606	0.05606	0.05606	0.05606	0.05606
"347"	0.95278	0.9925	0.99931	0.8133	0.61489	0.5284	0.5284	0.53467	0.53536	0.55008	0.55008	0.61144	0.61144	0.61049	0.61131	0.61161	0.62825	0.64002	0.64002	0.67254	0.66924	0.66924	0.66968	0.66968	0.65768	0.64628	0.6739	0.6739	0.67905	0.67542	0.67542	0.67542	0.68414	0.67941	0.67941	0.67941	0.67941	0.67941	0.67831	0.67753	0.67753	0.67914	0.67914	0.07293	0.07293	0.07293	0.07252	0.07153	0.07011	0.06954	0.06954	0.06979	0.07025	0.06947	0.06947	0.06947	0.06947	0.06947	0.06947	0.06947	0.06947	0.06947	0.06884	0.0721	0.07268	0.06702	0.07225	0.07225	0.07551	0.06738	0.06663	0.06503	0.06222	0.062	0.05414	0.05492	0.05523	0.05476	0.05531	0.05527	0.05527	0.04131	0.04131	0.04131	0.04515	0.04331	0.04331	0.04826	0.04826	0.0455	0.04596	0.0462	0.05217	0.05217	0.04866	0.04866	0.04936	0.05133	0.05335	0.05335	0.05335	0.05197	0.05023	0.05023	0.05101	0.05041	0.04841	0.04886	0.04886	0.04886	0.04805	0.04981	0.05035	0.03847	0.03783	0.03783	0.03783	0.03498	0.03933	0.03786	0.04021	0.04314	0.03405	0.03405	0.02693	0.02645	0.02645	0.02636	0.02822	0.02897	0.02801	0.02801	0.02888	0.03103	0.02865	0.02865	0.0292	0.03018	0.02975	0.00575	0.00575	0.00575	0.00487	0.00271	0	0.00404	0.00404	0.00404	0.00404	0.00404	0.02389	0.02389	0.02252	0.0285	0.0285	0.0285	0.02314	0.02302	0.02266	0.02327	0.02133	0.02133	0.02446	0.02557	0.02557	0.02507	0.02414	0.02216	0.02361	0.02378	0.02378	0.02378	0.02508	0.02508	0.02508	0.02508	0.02218	0.02212	0.0229	0.0229	0.02299	0.02354	0.02496	0.02496	0.02464	0.02464	0.02464	0.02464	0.02464	0.04702	0.07234	0.07661	0.07858	0.07954	0.07954	0.08031	0.10867	0.10867	0.10917	0.14442	0.1518	0.1518	0.1518	0.19726	0.13968	0.14024	0.14024	0.16924	0.17269	0.17222	0.18071	0.18071	0.18071	0.18071	0.18071	0.18071	0.18071	0.04401	0.05286	0.05286	0.05286	0.05286	0.05124	0.05124	0.05124	0.05124	0.05124	0.05124	0.05124	0.0505	0.05164	0.05164	0.05164	0.05164	0.04989	0.04989	0.05429	0.05429	0.05429	0.05429	0.05429	0.05429	0.05225	0.05281	0.05281	0.05291	0.05291	0.05655	0.05476	0.05476	0.05634	0.05631	0.05631	0.05638	0.05638	0.05418	0.05637	0.05637	0.05637	0.05637	0.05637	0.05767	0.05767	0.05767	0.05767	0.05767	0.05767	0.05767	0.05767	0.05767
"344"	0.9514	0.99112	0.99793	0.81192	0.61351	0.52702	0.52702	0.53329	0.53398	0.5487	0.5487	0.61006	0.61006	0.60911	0.60993	0.61023	0.62687	0.63864	0.63864	0.67116	0.66786	0.66786	0.6683	0.6683	0.6563	0.6449	0.67252	0.67252	0.67767	0.67404	0.67404	0.67404	0.68276	0.67803	0.67803	0.67803	0.67803	0.67803	0.67693	0.67615	0.67615	0.67776	0.67776	0.07155	0.07155	0.07155	0.07114	0.07015	0.06873	0.06816	0.06816	0.06841	0.06887	0.06809	0.06809	0.06809	0.06809	0.06809	0.06809	0.06809	0.06809	0.06809	0.06746	0.07072	0.0713	0.06564	0.07087	0.07087	0.07413	0.066	0.06525	0.06365	0.06084	0.06062	0.05276	0.05354	0.05385	0.05338	0.05393	0.05389	0.05389	0.03993	0.03993	0.03993	0.04377	0.04193	0.04193	0.04688	0.04688	0.04412	0.04458	0.04482	0.05079	0.05079	0.04728	0.04728	0.04798	0.04995	0.05197	0.05197	0.05197	0.05059	0.04885	0.04885	0.04963	0.04903	0.04703	0.04748	0.04748	0.04748	0.04667	0.04843	0.04897	0.03709	0.03645	0.03645	0.03645	0.0336	0.03795	0.03648	0.03883	0.04176	0.03267	0.03267	0.02555	0.02507	0.02507	0.02498	0.02684	0.02759	0.02663	0.02663	0.0275	0.02965	0.02727	0.02727	0.02782	0.0288	0.02837	0.00437	0.00437	0.00437	0.00349	0.00243	0.00404	0	0	0.0011	0.0011	0.0011	0.02251	0.02251	0.02114	0.02712	0.02712	0.02712	0.02176	0.02164	0.02128	0.02189	0.01995	0.01995	0.02308	0.02419	0.02419	0.02369	0.02276	0.02078	0.02223	0.0224	0.0224	0.0224	0.0237	0.0237	0.0237	0.0237	0.0208	0.02074	0.02152	0.02152	0.02161	0.02216	0.02358	0.02358	0.02326	0.02326	0.02326	0.02326	0.02326	0.04564	0.07096	0.07523	0.0772	0.07816	0.07816	0.07893	0.10729	0.10729	0.10779	0.14304	0.15042	0.15042	0.15042	0.19588	0.1383	0.13886	0.13886	0.16786	0.17131	0.17084	0.17933	0.17933	0.17933	0.17933	0.17933	0.17933	0.17933	0.04263	0.05148	0.05148	0.05148	0.05148	0.04986	0.04986	0.04986	0.04986	0.04986	0.04986	0.04986	0.04912	0.05026	0.05026	0.05026	0.05026	0.04851	0.04851	0.05291	0.05291	0.05291	0.05291	0.05291	0.05291	0.05087	0.05143	0.05143	0.05153	0.05153	0.05517	0.05338	0.05338	0.05496	0.05493	0.05493	0.055	0.055	0.0528	0.05499	0.05499	0.05499	0.05499	0.05499	0.05629	0.05629	0.05629	0.05629	0.05629	0.05629	0.05629	0.05629	0.05629
"400"	0.9514	0.99112	0.99793	0.81192	0.61351	0.52702	0.52702	0.53329	0.53398	0.5487	0.5487	0.61006	0.61006	0.60911	0.60993	0.61023	0.62687	0.63864	0.63864	0.67116	0.66786	0.66786	0.6683	0.6683	0.6563	0.6449	0.67252	0.67252	0.67767	0.67404	0.67404	0.67404	0.68276	0.67803	0.67803	0.67803	0.67803	0.67803	0.67693	0.67615	0.67615	0.67776	0.67776	0.07155	0.07155	0.07155	0.07114	0.07015	0.06873	0.06816	0.06816	0.06841	0.06887	0.06809	0.06809	0.06809	0.06809	0.06809	0.06809	0.06809	0.06809	0.06809	0.06746	0.07072	0.0713	0.06564	0.07087	0.07087	0.07413	0.066	0.06525	0.06365	0.06084	0.06062	0.05276	0.05354	0.05385	0.05338	0.05393	0.05389	0.05389	0.03993	0.03993	0.03993	0.04377	0.04193	0.04193	0.04688	0.04688	0.04412	0.04458	0.04482	0.05079	0.05079	0.04728	0.04728	0.04798	0.04995	0.05197	0.05197	0.05197	0.05059	0.04885	0.04885	0.04963	0.04903	0.04703	0.04748	0.04748	0.04748	0.04667	0.04843	0.04897	0.03709	0.03645	0.03645	0.03645	0.0336	0.03795	0.03648	0.03883	0.04176	0.03267	0.03267	0.02555	0.02507	0.02507	0.02498	0.02684	0.02759	0.02663	0.02663	0.0275	0.02965	0.02727	0.02727	0.02782	0.0288	0.02837	0.00437	0.00437	0.00437	0.00349	0.00243	0.00404	0	0	0.0011	0.0011	0.0011	0.02251	0.02251	0.02114	0.02712	0.02712	0.02712	0.02176	0.02164	0.02128	0.02189	0.01995	0.01995	0.02308	0.02419	0.02419	0.02369	0.02276	0.02078	0.02223	0.0224	0.0224	0.0224	0.0237	0.0237	0.0237	0.0237	0.0208	0.02074	0.02152	0.02152	0.02161	0.02216	0.02358	0.02358	0.02326	0.02326	0.02326	0.02326	0.02326	0.04564	0.07096	0.07523	0.0772	0.07816	0.07816	0.07893	0.10729	0.10729	0.10779	0.14304	0.15042	0.15042	0.15042	0.19588	0.1383	0.13886	0.13886	0.16786	0.17131	0.17084	0.17933	0.17933	0.17933	0.17933	0.17933	0.17933	0.17933	0.04263	0.05148	0.05148	0.05148	0.05148	0.04986	0.04986	0.04986	0.04986	0.04986	0.04986	0.04986	0.04912	0.05026	0.05026	0.05026	0.05026	0.04851	0.04851	0.05291	0.05291	0.05291	0.05291	0.05291	0.05291	0.05087	0.05143	0.05143	0.05153	0.05153	0.05517	0.05338	0.05338	0.05496	0.05493	0.05493	0.055	0.055	0.0528	0.05499	0.05499	0.05499	0.05499	0.05499	0.05629	0.05629	0.05629	0.05629	0.05629	0.05629	0.05629	0.05629	0.05629
"166"	0.9514	0.99112	0.99793	0.81192	0.61351	0.52702	0.52702	0.53329	0.53398	0.5487	0.5487	0.61006	0.61006	0.60911	0.60993	0.61023	0.62687	0.63864	0.63864	0.67116	0.66786	0.66786	0.6683	0.6683	0.6563	0.6449	0.67252	0.67252	0.67767	0.67404	0.67404	0.67404	0.68276	0.67803	0.67803	0.67803	0.67803	0.67803	0.67693	0.67615	0.67615	0.67776	0.67776	0.07155	0.07155	0.07155	0.07114	0.07015	0.06873	0.06816	0.06816	0.06841	0.06887	0.06809	0.06809	0.06809	0.06809	0.06809	0.06809	0.06809	0.06809	0.06809	0.06746	0.07072	0.0713	0.06564	0.07087	0.07087	0.07413	0.066	0.06525	0.06365	0.06084	0.06062	0.05276	0.05354	0.05385	0.05338	0.05393	0.05389	0.05389	0.03993	0.03993	0.03993	0.04377	0.04193	0.04193	0.04688	0.04688	0.04412	0.04458	0.04482	0.05079	0.05079	0.04728	0.04728	0.04798	0.04995	0.05197	0.05197	0.05197	0.05059	0.04885	0.04885	0.04963	0.04903	0.04703	0.04748	0.04748	0.04748	0.04667	0.04843	0.04897	0.03709	0.03645	0.03645	0.03645	0.0336	0.03795	0.03648	0.03883	0.04176	0.03267	0.03267	0.02555	0.02507	0.02507	0.02498	0.02684	0.02759	0.02663	0.02663	0.0275	0.02965	0.02727	0.02727	0.02782	0.0288	0.02837	0.00437	0.00437	0.00437	0.00349	0.00243	0.00404	0.0011	0.0011	0	0	0	0.02251	0.02251	0.02114	0.02712	0.02712	0.02712	0.02176	0.02164	0.02128	0.02189	0.01995	0.01995	0.02308	0.02419	0.02419	0.02369	0.02276	0.02078	0.02223	0.0224	0.0224	0.0224	0.0237	0.0237	0.0237	0.0237	0.0208	0.02074	0.02152	0.02152	0.02161	0.02216	0.02358	0.02358	0.02326	0.02326	0.02326	0.02326	0.02326	0.04564	0.07096	0.07523	0.0772	0.07816	0.07816	0.07893	0.10729	0.10729	0.10779	0.14304	0.15042	0.15042	0.15042	0.19588	0.1383	0.13886	0.13886	0.16786	0.17131	0.17084	0.17933	0.17933	0.17933	0.17933	0.17933	0.17933	0.17933	0.04263	0.05148	0.05148	0.05148	0.05148	0.04986	0.04986	0.04986	0.04986	0.04986	0.04986	0.04986	0.04912	0.05026	0.05026	0.05026	0.05026	0.04851	0.04851	0.05291	0.05291	0.05291	0.05291	0.05291	0.05291	0.05087	0.05143	0.05143	0.05153	0.05153	0.05517	0.05338	0.05338	0.05496	0.05493	0.05493	0.055	0.055	0.0528	0.05499	0.05499	0.05499	0.05499	0.05499	0.05629	0.05629	0.05629	0.05629	0.05629	0.05629	0.05629	0.05629	0.05629
"168"	0.9514	0.99112	0.99793	0.81192	0.61351	0.52702	0.52702	0.53329	0.53398	0.5487	0.5487	0.61006	0.61006	0.60911	0.60993	0.61023	0.62687	0.63864	0.63864	0.67116	0.66786	0.66786	0.6683	0.6683	0.6563	0.6449	0.67252	0.67252	0.67767	0.67404	0.67404	0.67404	0.68276	0.67803	0.67803	0.67803	0.67803	0.67803	0.67693	0.67615	0.67615	0.67776	0.67776	0.07155	0.07155	0.07155	0.07114	0.07015	0.06873	0.06816	0.06816	0.06841	0.06887	0.06809	0.06809	0.06809	0.06809	0.06809	0.06809	0.06809	0.06809	0.06809	0.06746	0.07072	0.0713	0.06564	0.07087	0.07087	0.07413	0.066	0.06525	0.06365	0.06084	0.06062	0.05276	0.05354	0.05385	0.05338	0.05393	0.05389	0.05389	0.03993	0.03993	0.03993	0.04377	0.04193	0.04193	0.04688	0.04688	0.04412	0.04458	0.04482	0.05079	0.05079	0.04728	0.04728	0.04798	0.04995	0.05197	0.05197	0.05197	0.05059	0.04885	0.04885	0.04963	0.04903	0.04703	0.04748	0.04748	0.04748	0.04667	0.04843	0.04897	0.03709	0.03645	0.03645	0.03645	0.0336	0.03795	0.03648	0.03883	0.04176	0.03267	0.03267	0.02555	0.02507	0.02507	0.02498	0.02684	0.02759	0.02663	0.02663	0.0275	0.02965	0.02727	0.02727	0.02782	0.0288	0.02837	0.00437	0.00437	0.00437	0.00349	0.00243	0.00404	0.0011	0.0011	0	0	0	0.02251	0.02251	0.02114	0.02712	0.02712	0.02712	0.02176	0.02164	0.02128	0.02189	0.01995	0.01995	0.02308	0.02419	0.02419	0.02369	0.02276	0.02078	0.02223	0.0224	0.0224	0.0224	0.0237	0.0237	0.0237	0.0237	0.0208	0.02074	0.02152	0.02152	0.02161	0.02216	0.02358	0.02358	0.02326	0.02326	0.02326	0.02326	0.02326	0.04564	0.07096	0.07523	0.0772	0.07816	0.07816	0.07893	0.10729	0.10729	0.10779	0.14304	0.15042	0.15042	0.15042	0.19588	0.1383	0.13886	0.13886	0.16786	0.17131	0.17084	0.17933	0.17933	0.17933	0.17933	0.17933	0.17933	0.17933	0.04263	0.05148	0.05148	0.05148	0.05148	0.04986	0.04986	0.04986	0.04986	0.04986	0.04986	0.04986	0.04912	0.05026	0.05026	0.05026	0.05026	0.04851	0.04851	0.05291	0.05291	0.05291	0.05291	0.05291	0.05291	0.05087	0.05143	0.05143	0.05153	0.05153	0.05517	0.05338	0.05338	0.05496	0.05493	0.05493	0.055	0.055	0.0528	0.05499	0.05499	0.05499	0.05499	0.05499	0.05629	0.05629	0.05629	0.05629	0.05629	0.05629	0.05629	0.05629	0.05629
"224"	0.9514	0.99112	0.99793	0.81192	0.61351	0.52702	0.52702	0.53329	0.53398	0.5487	0.5487	0.61006	0.61006	0.60911	0.60993	0.61023	0.62687	0.63864	0.63864	0.67116	0.66786	0.66786	0.6683	0.6683	0.6563	0.6449	0.67252	0.67252	0.67767	0.67404	0.67404	0.67404	0.68276	0.67803	0.67803	0.67803	0.67803	0.67803	0.67693	0.67615	0.67615	0.67776	0.67776	0.07155	0.07155	0.07155	0.07114	0.07015	0.06873	0.06816	0.06816	0.06841	0.06887	0.06809	0.06809	0.06809	0.06809	0.06809	0.06809	0.06809	0.06809	0.06809	0.06746	0.07072	0.0713	0.06564	0.07087	0.07087	0.07413	0.066	0.06525	0.06365	0.06084	0.06062	0.05276	0.05354	0.05385	0.05338	0.05393	0.05389	0.05389	0.03993	0.03993	0.03993	0.04377	0.04193	0.04193	0.04688	0.04688	0.04412	0.04458	0.04482	0.05079	0.05079	0.04728	0.04728	0.04798	0.04995	0.05197	0.05197	0.05197	0.05059	0.04885	0.04885	0.04963	0.04903	0.04703	0.04748	0.04748	0.04748	0.04667	0.04843	0.04897	0.03709	0.03645	0.03645	0.03645	0.0336	0.03795	0.03648	0.03883	0.04176	0.03267	0.03267	0.02555	0.02507	0.02507	0.02498	0.02684	0.02759	0.02663	0.02663	0.0275	0.02965	0.02727	0.02727	0.02782	0.0288	0.02837	0.00437	0.00437	0.00437	0.00349	0.00243	0.00404	0.0011	0.0011	0	0	0	0.02251	0.02251	0.02114	0.02712	0.02712	0.02712	0.02176	0.02164	0.02128	0.02189	0.01995	0.01995	0.02308	0.02419	0.02419	0.02369	0.02276	0.02078	0.02223	0.0224	0.0224	0.0224	0.0237	0.0237	0.0237	0.0237	0.0208	0.02074	0.02152	0.02152	0.02161	0.02216	0.02358	0.02358	0.02326	0.02326	0.02326	0.02326	0.02326	0.04564	0.07096	0.07523	0.0772	0.07816	0.07816	0.07893	0.10729	0.10729	0.10779	0.14304	0.15042	0.15042	0.15042	0.19588	0.1383	0.13886	0.13886	0.16786	0.17131	0.17084	0.17933	0.17933	0.17933	0.17933	0.17933	0.17933	0.17933	0.04263	0.05148	0.05148	0.05148	0.05148	0.04986	0.04986	0.04986	0.04986	0.04986	0.04986	0.04986	0.04912	0.05026	0.05026	0.05026	0.05026	0.04851	0.04851	0.05291	0.05291	0.05291	0.05291	0.05291	0.05291	0.05087	0.05143	0.05143	0.05153	0.05153	0.05517	0.05338	0.05338	0.05496	0.05493	0.05493	0.055	0.055	0.0528	0.05499	0.05499	0.05499	0.05499	0.05499	0.05629	0.05629	0.05629	0.05629	0.05629	0.05629	0.05629	0.05629	0.05629
"24"	0.95539	0.99511	1.00192	0.81591	0.6175	0.53101	0.53101	0.53728	0.53797	0.55269	0.55269	0.61405	0.61405	0.6131	0.61392	0.61422	0.63086	0.64263	0.64263	0.67515	0.67185	0.67185	0.67229	0.67229	0.66029	0.64889	0.67651	0.67651	0.68166	0.67803	0.67803	0.67803	0.68675	0.68202	0.68202	0.68202	0.68202	0.68202	0.68092	0.68014	0.68014	0.68175	0.68175	0.07554	0.07554	0.07554	0.07513	0.07414	0.07272	0.07215	0.07215	0.0724	0.07286	0.07208	0.07208	0.07208	0.07208	0.07208	0.07208	0.07208	0.07208	0.07208	0.07145	0.07471	0.07529	0.06963	0.07486	0.07486	0.07812	0.06999	0.06924	0.06764	0.06483	0.06461	0.05675	0.05753	0.05784	0.05737	0.05792	0.05788	0.05788	0.04392	0.04392	0.04392	0.04776	0.04592	0.04592	0.05087	0.05087	0.04811	0.04857	0.04881	0.05478	0.05478	0.05127	0.05127	0.05197	0.05394	0.05596	0.05596	0.05596	0.05458	0.05284	0.05284	0.05362	0.05302	0.05102	0.05147	0.05147	0.05147	0.05066	0.05242	0.05296	0.04108	0.04044	0.04044	0.04044	0.03759	0.04194	0.04047	0.04282	0.04575	0.03666	0.03666	0.02954	0.02906	0.02906	0.02897	0.03083	0.03158	0.03062	0.03062	0.03149	0.03364	0.03126	0.03126	0.03181	0.03279	0.03236	0.0203	0.0203	0.0203	0.02224	0.02228	0.02389	0.02251	0.02251	0.02251	0.02251	0.02251	0	0	0.01173	0.01771	0.01771	0.01771	0.01235	0.01223	0.01187	0.01248	0.01054	0.01054	0.01367	0.01478	0.01478	0.01428	0.01335	0.01625	0.0177	0.01787	0.01787	0.01787	0.01917	0.01917	0.01917	0.01917	0.01627	0.01621	0.01699	0.01699	0.01708	0.01763	0.01905	0.01905	0.01873	0.01873	0.01873	0.01873	0.01873	0.04963	0.07495	0.07922	0.08119	0.08215	0.08215	0.08292	0.11128	0.11128	0.11178	0.14703	0.15441	0.15441	0.15441	0.19987	0.14229	0.14285	0.14285	0.17185	0.1753	0.17483	0.18332	0.18332	0.18332	0.18332	0.18332	0.18332	0.18332	0.04662	0.05547	0.05547	0.05547	0.05547	0.05385	0.05385	0.05385	0.05385	0.05385	0.05385	0.05385	0.05311	0.05425	0.05425	0.05425	0.05425	0.0525	0.0525	0.0569	0.0569	0.0569	0.0569	0.0569	0.0569	0.05486	0.05542	0.05542	0.05552	0.05552	0.05916	0.05737	0.05737	0.05895	0.05892	0.05892	0.05899	0.05899	0.05679	0.05898	0.05898	0.05898	0.05898	0.05898	0.06028	0.06028	0.06028	0.06028	0.06028	0.06028	0.06028	0.06028	0.06028
"75"	0.95539	0.99511	1.00192	0.81591	0.6175	0.53101	0.53101	0.53728	0.53797	0.55269	0.55269	0.61405	0.61405	0.6131	0.61392	0.61422	0.63086	0.64263	0.64263	0.67515	0.67185	0.67185	0.67229	0.67229	0.66029	0.64889	0.67651	0.67651	0.68166	0.67803	0.67803	0.67803	0.68675	0.68202	0.68202	0.68202	0.68202	0.68202	0.68092	0.68014	0.68014	0.68175	0.68175	0.07554	0.07554	0.07554	0.07513	0.07414	0.07272	0.07215	0.07215	0.0724	0.07286	0.07208	0.07208	0.07208	0.07208	0.07208	0.07208	0.07208	0.07208	0.07208	0.07145	0.07471	0.07529	0.06963	0.07486	0.07486	0.07812	0.06999	0.06924	0.06764	0.06483	0.06461	0.05675	0.05753	0.05784	0.05737	0.05792	0.05788	0.05788	0.04392	0.04392	0.04392	0.04776	0.04592	0.04592	0.05087	0.05087	0.04811	0.04857	0.04881	0.05478	0.05478	0.05127	0.05127	0.05197	0.05394	0.05596	0.05596	0.05596	0.05458	0.05284	0.05284	0.05362	0.05302	0.05102	0.05147	0.05147	0.05147	0.05066	0.05242	0.05296	0.04108	0.04044	0.04044	0.04044	0.03759	0.04194	0.04047	0.04282	0.04575	0.03666	0.03666	0.02954	0.02906	0.02906	0.02897	0.03083	0.03158	0.03062	0.03062	0.03149	0.03364	0.03126	0.03126	0.03181	0.03279	0.03236	0.0203	0.0203	0.0203	0.02224	0.02228	0.02389	0.02251	0.02251	0.02251	0.02251	0.02251	0	0	0.01173	0.01771	0.01771	0.01771	0.01235	0.01223	0.01187	0.01248	0.01054	0.01054	0.01367	0.01478	0.01478	0.01428	0.01335	0.01625	0.0177	0.01787	0.01787	0.01787	0.01917	0.01917	0.01917	0.01917	0.01627	0.01621	0.01699	0.01699	0.01708	0.01763	0.01905	0.01905	0.01873	0.01873	0.01873	0.01873	0.01873	0.04963	0.07495	0.07922	0.08119	0.08215	0.08215	0.08292	0.11128	0.11128	0.11178	0.14703	0.15441	0.15441	0.15441	0.19987	0.14229	0.14285	0.14285	0.17185	0.1753	0.17483	0.18332	0.18332	0.18332	0.18332	0.18332	0.18332	0.18332	0.04662	0.05547	0.05547	0.05547	0.05547	0.05385	0.05385	0.05385	0.05385	0.05385	0.05385	0.05385	0.05311	0.05425	0.05425	0.05425	0.05425	0.0525	0.0525	0.0569	0.0569	0.0569	0.0569	0.0569	0.0569	0.05486	0.05542	0.05542	0.05552	0.05552	0.05916	0.05737	0.05737	0.05895	0.05892	0.05892	0.05899	0.05899	0.05679	0.05898	0.05898	0.05898	0.05898	0.05898	0.06028	0.06028	0.06028	0.06028	0.06028	0.06028	0.06028	0.06028	0.06028
"19"	0.95402	0.99374	1.00055	0.81454	0.61613	0.52964	0.52964	0.53591	0.5366	0.55132	0.55132	0.61268	0.61268	0.61173	0.61255	0.61285	0.62949	0.64126	0.64126	0.67378	0.67048	0.67048	0.67092	0.67092	0.65892	0.64752	0.67514	0.67514	0.68029	0.67666	0.67666	0.67666	0.68538	0.68065	0.68065	0.68065	0.68065	0.68065	0.67955	0.67877	0.67877	0.68038	0.68038	0.07417	0.07417	0.07417	0.07376	0.07277	0.07135	0.07078	0.07078	0.07103	0.07149	0.07071	0.07071	0.07071	0.07071	0.07071	0.07071	0.07071	0.07071	0.07071	0.07008	0.07334	0.07392	0.06826	0.07349	0.07349	0.07675	0.06862	0.06787	0.06627	0.06346	0.06324	0.05538	0.05616	0.05647	0.056	0.05655	0.05651	0.05651	0.04255	0.04255	0.04255	0.04639	0.04455	0.04455	0.0495	0.0495	0.04674	0.0472	0.04744	0.05341	0.05341	0.0499	0.0499	0.0506	0.05257	0.05459	0.05459	0.05459	0.05321	0.05147	0.05147	0.05225	0.05165	0.04965	0.0501	0.0501	0.0501	0.04929	0.05105	0.05159	0.03971	0.03907	0.03907	0.03907	0.03622	0.04057	0.0391	0.04145	0.04438	0.03529	0.03529	0.02817	0.02769	0.02769	0.0276	0.02946	0.03021	0.02925	0.02925	0.03012	0.03227	0.02989	0.02989	0.03044	0.03142	0.03099	0.01893	0.01893	0.01893	0.02087	0.02091	0.02252	0.02114	0.02114	0.02114	0.02114	0.02114	0.01173	0.01173	0	0.00876	0.00876	0.00876	0.00816	0.00804	0.00768	0.00829	0.00635	0.00635	0.00948	0.01059	0.01059	0.01009	0.00916	0.01488	0.01633	0.0165	0.0165	0.0165	0.0178	0.0178	0.0178	0.0178	0.0149	0.01484	0.01562	0.01562	0.01571	0.01626	0.01768	0.01768	0.01736	0.01736	0.01736	0.01736	0.01736	0.04826	0.07358	0.07785	0.07982	0.08078	0.08078	0.08155	0.10991	0.10991	0.11041	0.14566	0.15304	0.15304	0.15304	0.1985	0.14092	0.14148	0.14148	0.17048	0.17393	0.17346	0.18195	0.18195	0.18195	0.18195	0.18195	0.18195	0.18195	0.04525	0.0541	0.0541	0.0541	0.0541	0.05248	0.05248	0.05248	0.05248	0.05248	0.05248	0.05248	0.05174	0.05288	0.05288	0.05288	0.05288	0.05113	0.05113	0.05553	0.05553	0.05553	0.05553	0.05553	0.05553	0.05349	0.05405	0.05405	0.05415	0.05415	0.05779	0.056	0.056	0.05758	0.05755	0.05755	0.05762	0.05762	0.05542	0.05761	0.05761	0.05761	0.05761	0.05761	0.05891	0.05891	0.05891	0.05891	0.05891	0.05891	0.05891	0.05891	0.05891
"51"	0.96	0.99972	1.00653	0.82052	0.62211	0.53562	0.53562	0.54189	0.54258	0.5573	0.5573	0.61866	0.61866	0.61771	0.61853	0.61883	0.63547	0.64724	0.64724	0.67976	0.67646	0.67646	0.6769	0.6769	0.6649	0.6535	0.68112	0.68112	0.68627	0.68264	0.68264	0.68264	0.69136	0.68663	0.68663	0.68663	0.68663	0.68663	0.68553	0.68475	0.68475	0.68636	0.68636	0.08015	0.08015	0.08015	0.07974	0.07875	0.07733	0.07676	0.07676	0.07701	0.07747	0.07669	0.07669	0.07669	0.07669	0.07669	0.07669	0.07669	0.07669	0.07669	0.07606	0.07932	0.0799	0.07424	0.07947	0.07947	0.08273	0.0746	0.07385	0.07225	0.06944	0.06922	0.06136	0.06214	0.06245	0.06198	0.06253	0.06249	0.06249	0.04853	0.04853	0.04853	0.05237	0.05053	0.05053	0.05548	0.05548	0.05272	0.05318	0.05342	0.05939	0.05939	0.05588	0.05588	0.05658	0.05855	0.06057	0.06057	0.06057	0.05919	0.05745	0.05745	0.05823	0.05763	0.05563	0.05608	0.05608	0.05608	0.05527	0.05703	0.05757	0.04569	0.04505	0.04505	0.04505	0.0422	0.04655	0.04508	0.04743	0.05036	0.04127	0.04127	0.03415	0.03367	0.03367	0.03358	0.03544	0.03619	0.03523	0.03523	0.0361	0.03825	0.03587	0.03587	0.03642	0.0374	0.03697	0.02491	0.02491	0.02491	0.02685	0.02689	0.0285	0.02712	0.02712	0.02712	0.02712	0.02712	0.01771	0.01771	0.00876	0	0.0011	0.0011	0.01414	0.01402	0.01366	0.01427	0.01233	0.01233	0.01546	0.01657	0.01657	0.01607	0.01514	0.02086	0.02231	0.02248	0.02248	0.02248	0.02378	0.02378	0.02378	0.02378	0.02088	0.02082	0.0216	0.0216	0.02169	0.02224	0.02366	0.02366	0.02334	0.02334	0.02334	0.02334	0.02334	0.05424	0.07956	0.08383	0.0858	0.08676	0.08676	0.08753	0.11589	0.11589	0.11639	0.15164	0.15902	0.15902	0.15902	0.20448	0.1469	0.14746	0.14746	0.17646	0.17991	0.17944	0.18793	0.18793	0.18793	0.18793	0.18793	0.18793	0.18793	0.05123	0.06008	0.06008	0.06008	0.06008	0.05846	0.05846	0.05846	0.05846	0.05846	0.05846	0.05846	0.05772	0.05886	0.05886	0.05886	0.05886	0.05711	0.05711	0.06151	0.06151	0.06151	0.06151	0.06151	0.06151	0.05947	0.06003	0.06003	0.06013	0.06013	0.06377	0.06198	0.06198	0.06356	0.06353	0.06353	0.0636	0.0636	0.0614	0.06359	0.06359	0.06359	0.06359	0.06359	0.06489	0.06489	0.06489	0.06489	0.06489	0.06489	0.06489	0.06489	0.06489
"52"	0.96	0.99972	1.00653	0.82052	0.62211	0.53562	0.53562	0.54189	0.54258	0.5573	0.5573	0.61866	0.61866	0.61771	0.61853	0.61883	0.63547	0.64724	0.64724	0.67976	0.67646	0.67646	0.6769	0.6769	0.6649	0.6535	0.68112	0.68112	0.68627	0.68264	0.68264	0.68264	0.69136	0.68663	0.68663	0.68663	0.68663	0.68663	0.68553	0.68475	0.68475	0.68636	0.68636	0.08015	0.08015	0.08015	0.07974	0.07875	0.07733	0.07676	0.07676	0.07701	0.07747	0.07669	0.07669	0.07669	0.07669	0.07669	0.07669	0.07669	0.07669	0.07669	0.07606	0.07932	0.0799	0.07424	0.07947	0.07947	0.08273	0.0746	0.07385	0.07225	0.06944	0.06922	0.06136	0.06214	0.06245	0.06198	0.06253	0.06249	0.06249	0.04853	0.04853	0.04853	0.05237	0.05053	0.05053	0.05548	0.05548	0.05272	0.05318	0.05342	0.05939	0.05939	0.05588	0.05588	0.05658	0.05855	0.06057	0.06057	0.06057	0.05919	0.05745	0.05745	0.05823	0.05763	0.05563	0.05608	0.05608	0.05608	0.05527	0.05703	0.05757	0.04569	0.04505	0.04505	0.04505	0.0422	0.04655	0.04508	0.04743	0.05036	0.04127	0.04127	0.03415	0.03367	0.03367	0.03358	0.03544	0.03619	0.03523	0.03523	0.0361	0.03825	0.03587	0.03587	0.03642	0.0374	0.03697	0.02491	0.02491	0.02491	0.02685	0.02689	0.0285	0.02712	0.02712	0.02712	0.02712	0.02712	0.01771	0.01771	0.00876	0.0011	0	0	0.01414	0.01402	0.01366	0.01427	0.01233	0.01233	0.01546	0.01657	0.01657	0.01607	0.01514	0.02086	0.02231	0.02248	0.02248	0.02248	0.02378	0.02378	0.02378	0.02378	0.02088	0.02082	0.0216	0.0216	0.02169	0.02224	0.02366	0.02366	0.02334	0.02334	0.02334	0.02334	0.02334	0.05424	0.07956	0.08383	0.0858	0.08676	0.08676	0.08753	0.11589	0.11589	0.11639	0.15164	0.15902	0.15902	0.15902	0.20448	0.1469	0.14746	0.14746	0.17646	0.17991	0.17944	0.18793	0.18793	0.18793	0.18793	0.18793	0.18793	0.18793	0.05123	0.06008	0.06008	0.06008	0.06008	0.05846	0.05846	0.05846	0.05846	0.05846	0.05846	0.05846	0.05772	0.05886	0.05886	0.05886	0.05886	0.05711	0.05711	0.06151	0.06151	0.06151	0.06151	0.06151	0.06151	0.05947	0.06003	0.06003	0.06013	0.06013	0.06377	0.06198	0.06198	0.06356	0.06353	0.06353	0.0636	0.0636	0.0614	0.06359	0.06359	0.06359	0.06359	0.06359	0.06489	0.06489	0.06489	0.06489	0.06489	0.06489	0.06489	0.06489	0.06489
"104"	0.96	0.99972	1.00653	0.82052	0.62211	0.53562	0.53562	0.54189	0.54258	0.5573	0.5573	0.61866	0.61866	0.61771	0.61853	0.61883	0.63547	0.64724	0.64724	0.67976	0.67646	0.67646	0.6769	0.6769	0.6649	0.6535	0.68112	0.68112	0.68627	0.68264	0.68264	0.68264	0.69136	0.68663	0.68663	0.68663	0.68663	0.68663	0.68553	0.68475	0.68475	0.68636	0.68636	0.08015	0.08015	0.08015	0.07974	0.07875	0.07733	0.07676	0.07676	0.07701	0.07747	0.07669	0.07669	0.07669	0.07669	0.07669	0.07669	0.07669	0.07669	0.07669	0.07606	0.07932	0.0799	0.07424	0.07947	0.07947	0.08273	0.0746	0.07385	0.07225	0.06944	0.06922	0.06136	0.06214	0.06245	0.06198	0.06253	0.06249	0.06249	0.04853	0.04853	0.04853	0.05237	0.05053	0.05053	0.05548	0.05548	0.05272	0.05318	0.05342	0.05939	0.05939	0.05588	0.05588	0.05658	0.05855	0.06057	0.06057	0.06057	0.05919	0.05745	0.05745	0.05823	0.05763	0.05563	0.05608	0.05608	0.05608	0.05527	0.05703	0.05757	0.04569	0.04505	0.04505	0.04505	0.0422	0.04655	0.04508	0.04743	0.05036	0.04127	0.04127	0.03415	0.03367	0.03367	0.03358	0.03544	0.03619	0.03523	0.03523	0.0361	0.03825	0.03587	0.03587	0.03642	0.0374	0.03697	0.02491	0.02491	0.02491	0.02685	0.02689	0.0285	0.02712	0.02712	0.02712	0.02712	0.02712	0.01771	0.01771	0.00876	0.0011	0	0	0.01414	0.01402	0.01366	0.01427	0.01233	0.01233	0.01546	0.01657	0.01657	0.01607	0.01514	0.02086	0.02231	0.02248	0.02248	0.02248	0.02378	0.02378	0.02378	0.02378	0.02088	0.02082	0.0216	0.0216	0.02169	0.02224	0.02366	0.02366	0.02334	0.02334	0.02334	0.02334	0.02334	0.05424	0.07956	0.08383	0.0858	0.08676	0.08676	0.08753	0.11589	0.11589	0.11639	0.15164	0.15902	0.15902	0.15902	0.20448	0.1469	0.14746	0.14746	0.17646	0.17991	0.17944	0.18793	0.18793	0.18793	0.18793	0.18793	0.18793	0.18793	0.05123	0.06008	0.06008	0.06008	0.06008	0.05846	0.05846	0.05846	0.05846	0.05846	0.05846	0.05846	0.05772	0.05886	0.05886	0.05886	0.05886	0.05711	0.05711	0.06151	0.06151	0.06151	0.06151	0.06151	0.06151	0.05947	0.06003	0.06003	0.06013	0.06013	0.06377	0.06198	0.06198	0.06356	0.06353	0.06353	0.0636	0.0636	0.0614	0.06359	0.06359	0.06359	0.06359	0.06359	0.06489	0.06489	0.06489	0.06489	0.06489	0.06489	0.06489	0.06489	0.06489
"101"	0.95464	0.99436	1.00117	0.81516	0.61675	0.53026	0.53026	0.53653	0.53722	0.55194	0.55194	0.6133	0.6133	0.61235	0.61317	0.61347	0.63011	0.64188	0.64188	0.6744	0.6711	0.6711	0.67154	0.67154	0.65954	0.64814	0.67576	0.67576	0.68091	0.67728	0.67728	0.67728	0.686	0.68127	0.68127	0.68127	0.68127	0.68127	0.68017	0.67939	0.67939	0.681	0.681	0.07479	0.07479	0.07479	0.07438	0.07339	0.07197	0.0714	0.0714	0.07165	0.07211	0.07133	0.07133	0.07133	0.07133	0.07133	0.07133	0.07133	0.07133	0.07133	0.0707	0.07396	0.07454	0.06888	0.07411	0.07411	0.07737	0.06924	0.06849	0.06689	0.06408	0.06386	0.056	0.05678	0.05709	0.05662	0.05717	0.05713	0.05713	0.04317	0.04317	0.04317	0.04701	0.04517	0.04517	0.05012	0.05012	0.04736	0.04782	0.04806	0.05403	0.05403	0.05052	0.05052	0.05122	0.05319	0.05521	0.05521	0.05521	0.05383	0.05209	0.05209	0.05287	0.05227	0.05027	0.05072	0.05072	0.05072	0.04991	0.05167	0.05221	0.04033	0.03969	0.03969	0.03969	0.03684	0.04119	0.03972	0.04207	0.045	0.03591	0.03591	0.02879	0.02831	0.02831	0.02822	0.03008	0.03083	0.02987	0.02987	0.03074	0.03289	0.03051	0.03051	0.03106	0.03204	0.03161	0.01955	0.01955	0.01955	0.02149	0.02153	0.02314	0.02176	0.02176	0.02176	0.02176	0.02176	0.01235	0.01235	0.00816	0.01414	0.01414	0.01414	0	0.0021	0.0037	0.00431	0.00487	0.00487	0.008	0.00911	0.00911	0.00861	0.00768	0.0155	0.01695	0.01712	0.01712	0.01712	0.01842	0.01842	0.01842	0.01842	0.01552	0.01546	0.01624	0.01624	0.01633	0.01688	0.0183	0.0183	0.01798	0.01798	0.01798	0.01798	0.01798	0.04888	0.0742	0.07847	0.08044	0.0814	0.0814	0.08217	0.11053	0.11053	0.11103	0.14628	0.15366	0.15366	0.15366	0.19912	0.14154	0.1421	0.1421	0.1711	0.17455	0.17408	0.18257	0.18257	0.18257	0.18257	0.18257	0.18257	0.18257	0.04587	0.05472	0.05472	0.05472	0.05472	0.0531	0.0531	0.0531	0.0531	0.0531	0.0531	0.0531	0.05236	0.0535	0.0535	0.0535	0.0535	0.05175	0.05175	0.05615	0.05615	0.05615	0.05615	0.05615	0.05615	0.05411	0.05467	0.05467	0.05477	0.05477	0.05841	0.05662	0.05662	0.0582	0.05817	0.05817	0.05824	0.05824	0.05604	0.05823	0.05823	0.05823	0.05823	0.05823	0.05953	0.05953	0.05953	0.05953	0.05953	0.05953	0.05953	0.05953	0.05953
"95"	0.95452	0.99424	1.00105	0.81504	0.61663	0.53014	0.53014	0.53641	0.5371	0.55182	0.55182	0.61318	0.61318	0.61223	0.61305	0.61335	0.62999	0.64176	0.64176	0.67428	0.67098	0.67098	0.67142	0.67142	0.65942	0.64802	0.67564	0.67564	0.68079	0.67716	0.67716	0.67716	0.68588	0.68115	0.68115	0.68115	0.68115	0.68115	0.68005	0.67927	0.67927	0.68088	0.68088	0.07467	0.07467	0.07467	0.07426	0.07327	0.07185	0.07128	0.07128	0.07153	0.07199	0.07121	0.07121	0.07121	0.07121	0.07121	0.07121	0.07121	0.07121	0.07121	0.07058	0.07384	0.07442	0.06876	0.07399	0.07399	0.07725	0.06912	0.06837	0.06677	0.06396	0.06374	0.05588	0.05666	0.05697	0.0565	0.05705	0.05701	0.05701	0.04305	0.04305	0.04305	0.04689	0.04505	0.04505	0.05	0.05	0.04724	0.0477	0.04794	0.05391	0.05391	0.0504	0.0504	0.0511	0.05307	0.05509	0.05509	0.05509	0.05371	0.05197	0.05197	0.05275	0.05215	0.05015	0.0506	0.0506	0.0506	0.04979	0.05155	0.05209	0.04021	0.03957	0.03957	0.03957	0.03672	0.04107	0.0396	0.04195	0.04488	0.03579	0.03579	0.02867	0.02819	0.02819	0.0281	0.02996	0.03071	0.02975	0.02975	0.03062	0.03277	0.03039	0.03039	0.03094	0.03192	0.03149	0.01943	0.01943	0.01943	0.02137	0.02141	0.02302	0.02164	0.02164	0.02164	0.02164	0.02164	0.01223	0.01223	0.00804	0.01402	0.01402	0.01402	0.0021	0	0.00358	0.00419	0.00475	0.00475	0.00788	0.00899	0.00899	0.00849	0.00756	0.01538	0.01683	0.017	0.017	0.017	0.0183	0.0183	0.0183	0.0183	0.0154	0.01534	0.01612	0.01612	0.01621	0.01676	0.01818	0.01818	0.01786	0.01786	0.01786	0.01786	0.01786	0.04876	0.07408	0.07835	0.08032	0.08128	0.08128	0.08205	0.11041	0.11041	0.11091	0.14616	0.15354	0.15354	0.15354	0.199	0.14142	0.14198	0.14198	0.17098	0.17443	0.17396	0.18245	0.18245	0.18245	0.18245	0.18245	0.18245	0.18245	0.04575	0.0546	0.0546	0.0546	0.0546	0.05298	0.05298	0.05298	0.05298	0.05298	0.05298	0.05298	0.05224	0.05338	0.05338	0.05338	0.05338	0.05163	0.05163	0.05603	0.05603	0.05603	0.05603	0.05603	0.05603	0.05399	0.05455	0.05455	0.05465	0.05465	0.05829	0.0565	0.0565	0.05808	0.05805	0.05805	0.05812	0.05812	0.05592	0.05811	0.05811	0.05811	0.05811	0.05811	0.05941	0.05941	0.05941	0.05941	0.05941	0.05941	0.05941	0.05941	0.05941
"96"	0.95416	0.99388	1.00069	0.81468	0.61627	0.52978	0.52978	0.53605	0.53674	0.55146	0.55146	0.61282	0.61282	0.61187	0.61269	0.61299	0.62963	0.6414	0.6414	0.67392	0.67062	0.67062	0.67106	0.67106	0.65906	0.64766	0.67528	0.67528	0.68043	0.6768	0.6768	0.6768	0.68552	0.68079	0.68079	0.68079	0.68079	0.68079	0.67969	0.67891	0.67891	0.68052	0.68052	0.07431	0.07431	0.07431	0.0739	0.07291	0.07149	0.07092	0.07092	0.07117	0.07163	0.07085	0.07085	0.07085	0.07085	0.07085	0.07085	0.07085	0.07085	0.07085	0.07022	0.07348	0.07406	0.0684	0.07363	0.07363	0.07689	0.06876	0.06801	0.06641	0.0636	0.06338	0.05552	0.0563	0.05661	0.05614	0.05669	0.05665	0.05665	0.04269	0.04269	0.04269	0.04653	0.04469	0.04469	0.04964	0.04964	0.04688	0.04734	0.04758	0.05355	0.05355	0.05004	0.05004	0.05074	0.05271	0.05473	0.05473	0.05473	0.05335	0.05161	0.05161	0.05239	0.05179	0.04979	0.05024	0.05024	0.05024	0.04943	0.05119	0.05173	0.03985	0.03921	0.03921	0.03921	0.03636	0.04071	0.03924	0.04159	0.04452	0.03543	0.03543	0.02831	0.02783	0.02783	0.02774	0.0296	0.03035	0.02939	0.02939	0.03026	0.03241	0.03003	0.03003	0.03058	0.03156	0.03113	0.01907	0.01907	0.01907	0.02101	0.02105	0.02266	0.02128	0.02128	0.02128	0.02128	0.02128	0.01187	0.01187	0.00768	0.01366	0.01366	0.01366	0.0037	0.00358	0	0.00193	0.00439	0.00439	0.00752	0.00863	0.00863	0.00813	0.0072	0.01502	0.01647	0.01664	0.01664	0.01664	0.01794	0.01794	0.01794	0.01794	0.01504	0.01498	0.01576	0.01576	0.01585	0.0164	0.01782	0.01782	0.0175	0.0175	0.0175	0.0175	0.0175	0.0484	0.07372	0.07799	0.07996	0.08092	0.08092	0.08169	0.11005	0.11005	0.11055	0.1458	0.15318	0.15318	0.15318	0.19864	0.14106	0.14162	0.14162	0.17062	0.17407	0.1736	0.18209	0.18209	0.18209	0.18209	0.18209	0.18209	0.18209	0.04539	0.05424	0.05424	0.05424	0.05424	0.05262	0.05262	0.05262	0.05262	0.05262	0.05262	0.05262	0.05188	0.05302	0.05302	0.05302	0.05302	0.05127	0.05127	0.05567	0.05567	0.05567	0.05567	0.05567	0.05567	0.05363	0.05419	0.05419	0.05429	0.05429	0.05793	0.05614	0.05614	0.05772	0.05769	0.05769	0.05776	0.05776	0.05556	0.05775	0.05775	0.05775	0.05775	0.05775	0.05905	0.05905	0.05905	0.05905	0.05905	0.05905	0.05905	0.05905	0.05905
"44"	0.95477	0.99449	1.0013	0.81529	0.61688	0.53039	0.53039	0.53666	0.53735	0.55207	0.55207	0.61343	0.61343	0.61248	0.6133	0.6136	0.63024	0.64201	0.64201	0.67453	0.67123	0.67123	0.67167	0.67167	0.65967	0.64827	0.67589	0.67589	0.68104	0.67741	0.67741	0.67741	0.68613	0.6814	0.6814	0.6814	0.6814	0.6814	0.6803	0.67952	0.67952	0.68113	0.68113	0.07492	0.07492	0.07492	0.07451	0.07352	0.0721	0.07153	0.07153	0.07178	0.07224	0.07146	0.07146	0.07146	0.07146	0.07146	0.07146	0.07146	0.07146	0.07146	0.07083	0.07409	0.07467	0.06901	0.07424	0.07424	0.0775	0.06937	0.06862	0.06702	0.06421	0.06399	0.05613	0.05691	0.05722	0.05675	0.0573	0.05726	0.05726	0.0433	0.0433	0.0433	0.04714	0.0453	0.0453	0.05025	0.05025	0.04749	0.04795	0.04819	0.05416	0.05416	0.05065	0.05065	0.05135	0.05332	0.05534	0.05534	0.05534	0.05396	0.05222	0.05222	0.053	0.0524	0.0504	0.05085	0.05085	0.05085	0.05004	0.0518	0.05234	0.04046	0.03982	0.03982	0.03982	0.03697	0.04132	0.03985	0.0422	0.04513	0.03604	0.03604	0.02892	0.02844	0.02844	0.02835	0.03021	0.03096	0.03	0.03	0.03087	0.03302	0.03064	0.03064	0.03119	0.03217	0.03174	0.01968	0.01968	0.01968	0.02162	0.02166	0.02327	0.02189	0.02189	0.02189	0.02189	0.02189	0.01248	0.01248	0.00829	0.01427	0.01427	0.01427	0.00431	0.00419	0.00193	0	0.005	0.005	0.00813	0.00924	0.00924	0.00874	0.00781	0.01563	0.01708	0.01725	0.01725	0.01725	0.01855	0.01855	0.01855	0.01855	0.01565	0.01559	0.01637	0.01637	0.01646	0.01701	0.01843	0.01843	0.01811	0.01811	0.01811	0.01811	0.01811	0.04901	0.07433	0.0786	0.08057	0.08153	0.08153	0.0823	0.11066	0.11066	0.11116	0.14641	0.15379	0.15379	0.15379	0.19925	0.14167	0.14223	0.14223	0.17123	0.17468	0.17421	0.1827	0.1827	0.1827	0.1827	0.1827	0.1827	0.1827	0.046	0.05485	0.05485	0.05485	0.05485	0.05323	0.05323	0.05323	0.05323	0.05323	0.05323	0.05323	0.05249	0.05363	0.05363	0.05363	0.05363	0.05188	0.05188	0.05628	0.05628	0.05628	0.05628	0.05628	0.05628	0.05424	0.0548	0.0548	0.0549	0.0549	0.05854	0.05675	0.05675	0.05833	0.0583	0.0583	0.05837	0.05837	0.05617	0.05836	0.05836	0.05836	0.05836	0.05836	0.05966	0.05966	0.05966	0.05966	0.05966	0.05966	0.05966	0.05966	0.05966
"45"	0.95283	0.99255	0.99936	0.81335	0.61494	0.52845	0.52845	0.53472	0.53541	0.55013	0.55013	0.61149	0.61149	0.61054	0.61136	0.61166	0.6283	0.64007	0.64007	0.67259	0.66929	0.66929	0.66973	0.66973	0.65773	0.64633	0.67395	0.67395	0.6791	0.67547	0.67547	0.67547	0.68419	0.67946	0.67946	0.67946	0.67946	0.67946	0.67836	0.67758	0.67758	0.67919	0.67919	0.07298	0.07298	0.07298	0.07257	0.07158	0.07016	0.06959	0.06959	0.06984	0.0703	0.06952	0.06952	0.06952	0.06952	0.06952	0.06952	0.06952	0.06952	0.06952	0.06889	0.07215	0.07273	0.06707	0.0723	0.0723	0.07556	0.06743	0.06668	0.06508	0.06227	0.06205	0.05419	0.05497	0.05528	0.05481	0.05536	0.05532	0.05532	0.04136	0.04136	0.04136	0.0452	0.04336	0.04336	0.04831	0.04831	0.04555	0.04601	0.04625	0.05222	0.05222	0.04871	0.04871	0.04941	0.05138	0.0534	0.0534	0.0534	0.05202	0.05028	0.05028	0.05106	0.05046	0.04846	0.04891	0.04891	0.04891	0.0481	0.04986	0.0504	0.03852	0.03788	0.03788	0.03788	0.03503	0.03938	0.03791	0.04026	0.04319	0.0341	0.0341	0.02698	0.0265	0.0265	0.02641	0.02827	0.02902	0.02806	0.02806	0.02893	0.03108	0.0287	0.0287	0.02925	0.03023	0.0298	0.01774	0.01774	0.01774	0.01968	0.01972	0.02133	0.01995	0.01995	0.01995	0.01995	0.01995	0.01054	0.01054	0.00635	0.01233	0.01233	0.01233	0.00487	0.00475	0.00439	0.005	0	0	0.00515	0.00626	0.00626	0.00576	0.00483	0.01369	0.01514	0.01531	0.01531	0.01531	0.01661	0.01661	0.01661	0.01661	0.01371	0.01365	0.01443	0.01443	0.01452	0.01507	0.01649	0.01649	0.01617	0.01617	0.01617	0.01617	0.01617	0.04707	0.07239	0.07666	0.07863	0.07959	0.07959	0.08036	0.10872	0.10872	0.10922	0.14447	0.15185	0.15185	0.15185	0.19731	0.13973	0.14029	0.14029	0.16929	0.17274	0.17227	0.18076	0.18076	0.18076	0.18076	0.18076	0.18076	0.18076	0.04406	0.05291	0.05291	0.05291	0.05291	0.05129	0.05129	0.05129	0.05129	0.05129	0.05129	0.05129	0.05055	0.05169	0.05169	0.05169	0.05169	0.04994	0.04994	0.05434	0.05434	0.05434	0.05434	0.05434	0.05434	0.0523	0.05286	0.05286	0.05296	0.05296	0.0566	0.05481	0.05481	0.05639	0.05636	0.05636	0.05643	0.05643	0.05423	0.05642	0.05642	0.05642	0.05642	0.05642	0.05772	0.05772	0.05772	0.05772	0.05772	0.05772	0.05772	0.05772	0.05772
"46"	0.95283	0.99255	0.99936	0.81335	0.61494	0.52845	0.52845	0.53472	0.53541	0.55013	0.55013	0.61149	0.61149	0.61054	0.61136	0.61166	0.6283	0.64007	0.64007	0.67259	0.66929	0.66929	0.66973	0.66973	0.65773	0.64633	0.67395	0.67395	0.6791	0.67547	0.67547	0.67547	0.68419	0.67946	0.67946	0.67946	0.67946	0.67946	0.67836	0.67758	0.67758	0.67919	0.67919	0.07298	0.07298	0.07298	0.07257	0.07158	0.07016	0.06959	0.06959	0.06984	0.0703	0.06952	0.06952	0.06952	0.06952	0.06952	0.06952	0.06952	0.06952	0.06952	0.06889	0.07215	0.07273	0.06707	0.0723	0.0723	0.07556	0.06743	0.06668	0.06508	0.06227	0.06205	0.05419	0.05497	0.05528	0.05481	0.05536	0.05532	0.05532	0.04136	0.04136	0.04136	0.0452	0.04336	0.04336	0.04831	0.04831	0.04555	0.04601	0.04625	0.05222	0.05222	0.04871	0.04871	0.04941	0.05138	0.0534	0.0534	0.0534	0.05202	0.05028	0.05028	0.05106	0.05046	0.04846	0.04891	0.04891	0.04891	0.0481	0.04986	0.0504	0.03852	0.03788	0.03788	0.03788	0.03503	0.03938	0.03791	0.04026	0.04319	0.0341	0.0341	0.02698	0.0265	0.0265	0.02641	0.02827	0.02902	0.02806	0.02806	0.02893	0.03108	0.0287	0.0287	0.02925	0.03023	0.0298	0.01774	0.01774	0.01774	0.01968	0.01972	0.02133	0.01995	0.01995	0.01995	0.01995	0.01995	0.01054	0.01054	0.00635	0.01233	0.01233	0.01233	0.00487	0.00475	0.00439	0.005	0	0	0.00515	0.00626	0.00626	0.00576	0.00483	0.01369	0.01514	0.01531	0.01531	0.01531	0.01661	0.01661	0.01661	0.01661	0.01371	0.01365	0.01443	0.01443	0.01452	0.01507	0.01649	0.01649	0.01617	0.01617	0.01617	0.01617	0.01617	0.04707	0.07239	0.07666	0.07863	0.07959	0.07959	0.08036	0.10872	0.10872	0.10922	0.14447	0.15185	0.15185	0.15185	0.19731	0.13973	0.14029	0.14029	0.16929	0.17274	0.17227	0.18076	0.18076	0.18076	0.18076	0.18076	0.18076	0.18076	0.04406	0.05291	0.05291	0.05291	0.05291	0.05129	0.05129	0.05129	0.05129	0.05129	0.05129	0.05129	0.05055	0.05169	0.05169	0.05169	0.05169	0.04994	0.04994	0.05434	0.05434	0.05434	0.05434	0.05434	0.05434	0.0523	0.05286	0.05286	0.05296	0.05296	0.0566	0.05481	0.05481	0.05639	0.05636	0.05636	0.05643	0.05643	0.05423	0.05642	0.05642	0.05642	0.05642	0.05642	0.05772	0.05772	0.05772	0.05772	0.05772	0.05772	0.05772	0.05772	0.05772
"336"	0.95596	0.99568	1.00249	0.81648	0.61807	0.53158	0.53158	0.53785	0.53854	0.55326	0.55326	0.61462	0.61462	0.61367	0.61449	0.61479	0.63143	0.6432	0.6432	0.67572	0.67242	0.67242	0.67286	0.67286	0.66086	0.64946	0.67708	0.67708	0.68223	0.6786	0.6786	0.6786	0.68732	0.68259	0.68259	0.68259	0.68259	0.68259	0.68149	0.68071	0.68071	0.68232	0.68232	0.07611	0.07611	0.07611	0.0757	0.07471	0.07329	0.07272	0.07272	0.07297	0.07343	0.07265	0.07265	0.07265	0.07265	0.07265	0.07265	0.07265	0.07265	0.07265	0.07202	0.07528	0.07586	0.0702	0.07543	0.07543	0.07869	0.07056	0.06981	0.06821	0.0654	0.06518	0.05732	0.0581	0.05841	0.05794	0.05849	0.05845	0.05845	0.04449	0.04449	0.04449	0.04833	0.04649	0.04649	0.05144	0.05144	0.04868	0.04914	0.04938	0.05535	0.05535	0.05184	0.05184	0.05254	0.05451	0.05653	0.05653	0.05653	0.05515	0.05341	0.05341	0.05419	0.05359	0.05159	0.05204	0.05204	0.05204	0.05123	0.05299	0.05353	0.04165	0.04101	0.04101	0.04101	0.03816	0.04251	0.04104	0.04339	0.04632	0.03723	0.03723	0.03011	0.02963	0.02963	0.02954	0.0314	0.03215	0.03119	0.03119	0.03206	0.03421	0.03183	0.03183	0.03238	0.03336	0.03293	0.02087	0.02087	0.02087	0.02281	0.02285	0.02446	0.02308	0.02308	0.02308	0.02308	0.02308	0.01367	0.01367	0.00948	0.01546	0.01546	0.01546	0.008	0.00788	0.00752	0.00813	0.00515	0.00515	0	0.00773	0.00773	0.00723	0.0063	0.01682	0.01827	0.01844	0.01844	0.01844	0.01974	0.01974	0.01974	0.01974	0.01684	0.01678	0.01756	0.01756	0.01765	0.0182	0.01962	0.01962	0.0193	0.0193	0.0193	0.0193	0.0193	0.0502	0.07552	0.07979	0.08176	0.08272	0.08272	0.08349	0.11185	0.11185	0.11235	0.1476	0.15498	0.15498	0.15498	0.20044	0.14286	0.14342	0.14342	0.17242	0.17587	0.1754	0.18389	0.18389	0.18389	0.18389	0.18389	0.18389	0.18389	0.04719	0.05604	0.05604	0.05604	0.05604	0.05442	0.05442	0.05442	0.05442	0.05442	0.05442	0.05442	0.05368	0.05482	0.05482	0.05482	0.05482	0.05307	0.05307	0.05747	0.05747	0.05747	0.05747	0.05747	0.05747	0.05543	0.05599	0.05599	0.05609	0.05609	0.05973	0.05794	0.05794	0.05952	0.05949	0.05949	0.05956	0.05956	0.05736	0.05955	0.05955	0.05955	0.05955	0.05955	0.06085	0.06085	0.06085	0.06085	0.06085	0.06085	0.06085	0.06085	0.06085
"98"	0.95707	0.99679	1.0036	0.81759	0.61918	0.53269	0.53269	0.53896	0.53965	0.55437	0.55437	0.61573	0.61573	0.61478	0.6156	0.6159	0.63254	0.64431	0.64431	0.67683	0.67353	0.67353	0.67397	0.67397	0.66197	0.65057	0.67819	0.67819	0.68334	0.67971	0.67971	0.67971	0.68843	0.6837	0.6837	0.6837	0.6837	0.6837	0.6826	0.68182	0.68182	0.68343	0.68343	0.07722	0.07722	0.07722	0.07681	0.07582	0.0744	0.07383	0.07383	0.07408	0.07454	0.07376	0.07376	0.07376	0.07376	0.07376	0.07376	0.07376	0.07376	0.07376	0.07313	0.07639	0.07697	0.07131	0.07654	0.07654	0.0798	0.07167	0.07092	0.06932	0.06651	0.06629	0.05843	0.05921	0.05952	0.05905	0.0596	0.05956	0.05956	0.0456	0.0456	0.0456	0.04944	0.0476	0.0476	0.05255	0.05255	0.04979	0.05025	0.05049	0.05646	0.05646	0.05295	0.05295	0.05365	0.05562	0.05764	0.05764	0.05764	0.05626	0.05452	0.05452	0.0553	0.0547	0.0527	0.05315	0.05315	0.05315	0.05234	0.0541	0.05464	0.04276	0.04212	0.04212	0.04212	0.03927	0.04362	0.04215	0.0445	0.04743	0.03834	0.03834	0.03122	0.03074	0.03074	0.03065	0.03251	0.03326	0.0323	0.0323	0.03317	0.03532	0.03294	0.03294	0.03349	0.03447	0.03404	0.02198	0.02198	0.02198	0.02392	0.02396	0.02557	0.02419	0.02419	0.02419	0.02419	0.02419	0.01478	0.01478	0.01059	0.01657	0.01657	0.01657	0.00911	0.00899	0.00863	0.00924	0.00626	0.00626	0.00773	0	0	0.00496	0.00403	0.01793	0.01938	0.01955	0.01955	0.01955	0.02085	0.02085	0.02085	0.02085	0.01795	0.01789	0.01867	0.01867	0.01876	0.01931	0.02073	0.02073	0.02041	0.02041	0.02041	0.02041	0.02041	0.05131	0.07663	0.0809	0.08287	0.08383	0.08383	0.0846	0.11296	0.11296	0.11346	0.14871	0.15609	0.15609	0.15609	0.20155	0.14397	0.14453	0.14453	0.17353	0.17698	0.17651	0.185	0.185	0.185	0.185	0.185	0.185	0.185	0.0483	0.05715	0.05715	0.05715	0.05715	0.05553	0.05553	0.05553	0.05553	0.05553	0.05553	0.05553	0.05479	0.05593	0.05593	0.05593	0.05593	0.05418	0.05418	0.05858	0.05858	0.05858	0.05858	0.05858	0.05858	0.05654	0.0571	0.0571	0.0572	0.0572	0.06084	0.05905	0.05905	0.06063	0.0606	0.0606	0.06067	0.06067	0.05847	0.06066	0.06066	0.06066	0.06066	0.06066	0.06196	0.06196	0.06196	0.06196	0.06196	0.06196	0.06196	0.06196	0.06196
"47"	0.95707	0.99679	1.0036	0.81759	0.61918	0.53269	0.53269	0.53896	0.53965	0.55437	0.55437	0.61573	0.61573	0.61478	0.6156	0.6159	0.63254	0.64431	0.64431	0.67683	0.67353	0.67353	0.67397	0.67397	0.66197	0.65057	0.67819	0.67819	0.68334	0.67971	0.67971	0.67971	0.68843	0.6837	0.6837	0.6837	0.6837	0.6837	0.6826	0.68182	0.68182	0.68343	0.68343	0.07722	0.07722	0.07722	0.07681	0.07582	0.0744	0.07383	0.07383	0.07408	0.07454	0.07376	0.07376	0.07376	0.07376	0.07376	0.07376	0.07376	0.07376	0.07376	0.07313	0.07639	0.07697	0.07131	0.07654	0.07654	0.0798	0.07167	0.07092	0.06932	0.06651	0.06629	0.05843	0.05921	0.05952	0.05905	0.0596	0.05956	0.05956	0.0456	0.0456	0.0456	0.04944	0.0476	0.0476	0.05255	0.05255	0.04979	0.05025	0.05049	0.05646	0.05646	0.05295	0.05295	0.05365	0.05562	0.05764	0.05764	0.05764	0.05626	0.05452	0.05452	0.0553	0.0547	0.0527	0.05315	0.05315	0.05315	0.05234	0.0541	0.05464	0.04276	0.04212	0.04212	0.04212	0.03927	0.04362	0.04215	0.0445	0.04743	0.03834	0.03834	0.03122	0.03074	0.03074	0.03065	0.03251	0.03326	0.0323	0.0323	0.03317	0.03532	0.03294	0.03294	0.03349	0.03447	0.03404	0.02198	0.02198	0.02198	0.02392	0.02396	0.02557	0.02419	0.02419	0.02419	0.02419	0.02419	0.01478	0.01478	0.01059	0.01657	0.01657	0.01657	0.00911	0.00899	0.00863	0.00924	0.00626	0.00626	0.00773	0	0	0.00496	0.00403	0.01793	0.01938	0.01955	0.01955	0.01955	0.02085	0.02085	0.02085	0.02085	0.01795	0.01789	0.01867	0.01867	0.01876	0.01931	0.02073	0.02073	0.02041	0.02041	0.02041	0.02041	0.02041	0.05131	0.07663	0.0809	0.08287	0.08383	0.08383	0.0846	0.11296	0.11296	0.11346	0.14871	0.15609	0.15609	0.15609	0.20155	0.14397	0.14453	0.14453	0.17353	0.17698	0.17651	0.185	0.185	0.185	0.185	0.185	0.185	0.185	0.0483	0.05715	0.05715	0.05715	0.05715	0.05553	0.05553	0.05553	0.05553	0.05553	0.05553	0.05553	0.05479	0.05593	0.05593	0.05593	0.05593	0.05418	0.05418	0.05858	0.05858	0.05858	0.05858	0.05858	0.05858	0.05654	0.0571	0.0571	0.0572	0.0572	0.06084	0.05905	0.05905	0.06063	0.0606	0.0606	0.06067	0.06067	0.05847	0.06066	0.06066	0.06066	0.06066	0.06066	0.06196	0.06196	0.06196	0.06196	0.06196	0.06196	0.06196	0.06196	0.06196
"390"	0.95657	0.99629	1.0031	0.81709	0.61868	0.53219	0.53219	0.53846	0.53915	0.55387	0.55387	0.61523	0.61523	0.61428	0.6151	0.6154	0.63204	0.64381	0.64381	0.67633	0.67303	0.67303	0.67347	0.67347	0.66147	0.65007	0.67769	0.67769	0.68284	0.67921	0.67921	0.67921	0.68793	0.6832	0.6832	0.6832	0.6832	0.6832	0.6821	0.68132	0.68132	0.68293	0.68293	0.07672	0.07672	0.07672	0.07631	0.07532	0.0739	0.07333	0.07333	0.07358	0.07404	0.07326	0.07326	0.07326	0.07326	0.07326	0.07326	0.07326	0.07326	0.07326	0.07263	0.07589	0.07647	0.07081	0.07604	0.07604	0.0793	0.07117	0.07042	0.06882	0.06601	0.06579	0.05793	0.05871	0.05902	0.05855	0.0591	0.05906	0.05906	0.0451	0.0451	0.0451	0.04894	0.0471	0.0471	0.05205	0.05205	0.04929	0.04975	0.04999	0.05596	0.05596	0.05245	0.05245	0.05315	0.05512	0.05714	0.05714	0.05714	0.05576	0.05402	0.05402	0.0548	0.0542	0.0522	0.05265	0.05265	0.05265	0.05184	0.0536	0.05414	0.04226	0.04162	0.04162	0.04162	0.03877	0.04312	0.04165	0.044	0.04693	0.03784	0.03784	0.03072	0.03024	0.03024	0.03015	0.03201	0.03276	0.0318	0.0318	0.03267	0.03482	0.03244	0.03244	0.03299	0.03397	0.03354	0.02148	0.02148	0.02148	0.02342	0.02346	0.02507	0.02369	0.02369	0.02369	0.02369	0.02369	0.01428	0.01428	0.01009	0.01607	0.01607	0.01607	0.00861	0.00849	0.00813	0.00874	0.00576	0.00576	0.00723	0.00496	0.00496	0	0.00243	0.01743	0.01888	0.01905	0.01905	0.01905	0.02035	0.02035	0.02035	0.02035	0.01745	0.01739	0.01817	0.01817	0.01826	0.01881	0.02023	0.02023	0.01991	0.01991	0.01991	0.01991	0.01991	0.05081	0.07613	0.0804	0.08237	0.08333	0.08333	0.0841	0.11246	0.11246	0.11296	0.14821	0.15559	0.15559	0.15559	0.20105	0.14347	0.14403	0.14403	0.17303	0.17648	0.17601	0.1845	0.1845	0.1845	0.1845	0.1845	0.1845	0.1845	0.0478	0.05665	0.05665	0.05665	0.05665	0.05503	0.05503	0.05503	0.05503	0.05503	0.05503	0.05503	0.05429	0.05543	0.05543	0.05543	0.05543	0.05368	0.05368	0.05808	0.05808	0.05808	0.05808	0.05808	0.05808	0.05604	0.0566	0.0566	0.0567	0.0567	0.06034	0.05855	0.05855	0.06013	0.0601	0.0601	0.06017	0.06017	0.05797	0.06016	0.06016	0.06016	0.06016	0.06016	0.06146	0.06146	0.06146	0.06146	0.06146	0.06146	0.06146	0.06146	0.06146
"43"	0.95564	0.99536	1.00217	0.81616	0.61775	0.53126	0.53126	0.53753	0.53822	0.55294	0.55294	0.6143	0.6143	0.61335	0.61417	0.61447	0.63111	0.64288	0.64288	0.6754	0.6721	0.6721	0.67254	0.67254	0.66054	0.64914	0.67676	0.67676	0.68191	0.67828	0.67828	0.67828	0.687	0.68227	0.68227	0.68227	0.68227	0.68227	0.68117	0.68039	0.68039	0.682	0.682	0.07579	0.07579	0.07579	0.07538	0.07439	0.07297	0.0724	0.0724	0.07265	0.07311	0.07233	0.07233	0.07233	0.07233	0.07233	0.07233	0.07233	0.07233	0.07233	0.0717	0.07496	0.07554	0.06988	0.07511	0.07511	0.07837	0.07024	0.06949	0.06789	0.06508	0.06486	0.057	0.05778	0.05809	0.05762	0.05817	0.05813	0.05813	0.04417	0.04417	0.04417	0.04801	0.04617	0.04617	0.05112	0.05112	0.04836	0.04882	0.04906	0.05503	0.05503	0.05152	0.05152	0.05222	0.05419	0.05621	0.05621	0.05621	0.05483	0.05309	0.05309	0.05387	0.05327	0.05127	0.05172	0.05172	0.05172	0.05091	0.05267	0.05321	0.04133	0.04069	0.04069	0.04069	0.03784	0.04219	0.04072	0.04307	0.046	0.03691	0.03691	0.02979	0.02931	0.02931	0.02922	0.03108	0.03183	0.03087	0.03087	0.03174	0.03389	0.03151	0.03151	0.03206	0.03304	0.03261	0.02055	0.02055	0.02055	0.02249	0.02253	0.02414	0.02276	0.02276	0.02276	0.02276	0.02276	0.01335	0.01335	0.00916	0.01514	0.01514	0.01514	0.00768	0.00756	0.0072	0.00781	0.00483	0.00483	0.0063	0.00403	0.00403	0.00243	0	0.0165	0.01795	0.01812	0.01812	0.01812	0.01942	0.01942	0.01942	0.01942	0.01652	0.01646	0.01724	0.01724	0.01733	0.01788	0.0193	0.0193	0.01898	0.01898	0.01898	0.01898	0.01898	0.04988	0.0752	0.07947	0.08144	0.0824	0.0824	0.08317	0.11153	0.11153	0.11203	0.14728	0.15466	0.15466	0.15466	0.20012	0.14254	0.1431	0.1431	0.1721	0.17555	0.17508	0.18357	0.18357	0.18357	0.18357	0.18357	0.18357	0.18357	0.04687	0.05572	0.05572	0.05572	0.05572	0.0541	0.0541	0.0541	0.0541	0.0541	0.0541	0.0541	0.05336	0.0545	0.0545	0.0545	0.0545	0.05275	0.05275	0.05715	0.05715	0.05715	0.05715	0.05715	0.05715	0.05511	0.05567	0.05567	0.05577	0.05577	0.05941	0.05762	0.05762	0.0592	0.05917	0.05917	0.05924	0.05924	0.05704	0.05923	0.05923	0.05923	0.05923	0.05923	0.06053	0.06053	0.06053	0.06053	0.06053	0.06053	0.06053	0.06053	0.06053
"13"	0.95366	0.99338	1.00019	0.81418	0.61577	0.52928	0.52928	0.53555	0.53624	0.55096	0.55096	0.61232	0.61232	0.61137	0.61219	0.61249	0.62913	0.6409	0.6409	0.67342	0.67012	0.67012	0.67056	0.67056	0.65856	0.64716	0.67478	0.67478	0.67993	0.6763	0.6763	0.6763	0.68502	0.68029	0.68029	0.68029	0.68029	0.68029	0.67919	0.67841	0.67841	0.68002	0.68002	0.07381	0.07381	0.07381	0.0734	0.07241	0.07099	0.07042	0.07042	0.07067	0.07113	0.07035	0.07035	0.07035	0.07035	0.07035	0.07035	0.07035	0.07035	0.07035	0.06972	0.07298	0.07356	0.0679	0.07313	0.07313	0.07639	0.06826	0.06751	0.06591	0.0631	0.06288	0.05502	0.0558	0.05611	0.05564	0.05619	0.05615	0.05615	0.04219	0.04219	0.04219	0.04603	0.04419	0.04419	0.04914	0.04914	0.04638	0.04684	0.04708	0.05305	0.05305	0.04954	0.04954	0.05024	0.05221	0.05423	0.05423	0.05423	0.05285	0.05111	0.05111	0.05189	0.05129	0.04929	0.04974	0.04974	0.04974	0.04893	0.05069	0.05123	0.03935	0.03871	0.03871	0.03871	0.03586	0.04021	0.03874	0.04109	0.04402	0.03493	0.03493	0.02781	0.02733	0.02733	0.02724	0.0291	0.02985	0.02889	0.02889	0.02976	0.03191	0.02953	0.02953	0.03008	0.03106	0.03063	0.01857	0.01857	0.01857	0.02051	0.02055	0.02216	0.02078	0.02078	0.02078	0.02078	0.02078	0.01625	0.01625	0.01488	0.02086	0.02086	0.02086	0.0155	0.01538	0.01502	0.01563	0.01369	0.01369	0.01682	0.01793	0.01793	0.01743	0.0165	0	0.00399	0.00416	0.00416	0.00416	0.00546	0.00546	0.00546	0.00546	0.0079	0.00784	0.00862	0.00862	0.00871	0.00926	0.01068	0.01068	0.01036	0.01036	0.01036	0.01036	0.01036	0.0479	0.07322	0.07749	0.07946	0.08042	0.08042	0.08119	0.10955	0.10955	0.11005	0.1453	0.15268	0.15268	0.15268	0.19814	0.14056	0.14112	0.14112	0.17012	0.17357	0.1731	0.18159	0.18159	0.18159	0.18159	0.18159	0.18159	0.18159	0.04489	0.05374	0.05374	0.05374	0.05374	0.05212	0.05212	0.05212	0.05212	0.05212	0.05212	0.05212	0.05138	0.05252	0.05252	0.05252	0.05252	0.05077	0.05077	0.05517	0.05517	0.05517	0.05517	0.05517	0.05517	0.05313	0.05369	0.05369	0.05379	0.05379	0.05743	0.05564	0.05564	0.05722	0.05719	0.05719	0.05726	0.05726	0.05506	0.05725	0.05725	0.05725	0.05725	0.05725	0.05855	0.05855	0.05855	0.05855	0.05855	0.05855	0.05855	0.05855	0.05855
"323"	0.95511	0.99483	1.00164	0.81563	0.61722	0.53073	0.53073	0.537	0.53769	0.55241	0.55241	0.61377	0.61377	0.61282	0.61364	0.61394	0.63058	0.64235	0.64235	0.67487	0.67157	0.67157	0.67201	0.67201	0.66001	0.64861	0.67623	0.67623	0.68138	0.67775	0.67775	0.67775	0.68647	0.68174	0.68174	0.68174	0.68174	0.68174	0.68064	0.67986	0.67986	0.68147	0.68147	0.07526	0.07526	0.07526	0.07485	0.07386	0.07244	0.07187	0.07187	0.07212	0.07258	0.0718	0.0718	0.0718	0.0718	0.0718	0.0718	0.0718	0.0718	0.0718	0.07117	0.07443	0.07501	0.06935	0.07458	0.07458	0.07784	0.06971	0.06896	0.06736	0.06455	0.06433	0.05647	0.05725	0.05756	0.05709	0.05764	0.0576	0.0576	0.04364	0.04364	0.04364	0.04748	0.04564	0.04564	0.05059	0.05059	0.04783	0.04829	0.04853	0.0545	0.0545	0.05099	0.05099	0.05169	0.05366	0.05568	0.05568	0.05568	0.0543	0.05256	0.05256	0.05334	0.05274	0.05074	0.05119	0.05119	0.05119	0.05038	0.05214	0.05268	0.0408	0.04016	0.04016	0.04016	0.03731	0.04166	0.04019	0.04254	0.04547	0.03638	0.03638	0.02926	0.02878	0.02878	0.02869	0.03055	0.0313	0.03034	0.03034	0.03121	0.03336	0.03098	0.03098	0.03153	0.03251	0.03208	0.02002	0.02002	0.02002	0.02196	0.022	0.02361	0.02223	0.02223	0.02223	0.02223	0.02223	0.0177	0.0177	0.01633	0.02231	0.02231	0.02231	0.01695	0.01683	0.01647	0.01708	0.01514	0.01514	0.01827	0.01938	0.01938	0.01888	0.01795	0.00399	0	0.00213	0.00213	0.00213	0.00343	0.00343	0.00343	0.00343	0.00935	0.00929	0.01007	0.01007	0.01016	0.01071	0.01213	0.01213	0.01181	0.01181	0.01181	0.01181	0.01181	0.04935	0.07467	0.07894	0.08091	0.08187	0.08187	0.08264	0.111	0.111	0.1115	0.14675	0.15413	0.15413	0.15413	0.19959	0.14201	0.14257	0.14257	0.17157	0.17502	0.17455	0.18304	0.18304	0.18304	0.18304	0.18304	0.18304	0.18304	0.04634	0.05519	0.05519	0.05519	0.05519	0.05357	0.05357	0.05357	0.05357	0.05357	0.05357	0.05357	0.05283	0.05397	0.05397	0.05397	0.05397	0.05222	0.05222	0.05662	0.05662	0.05662	0.05662	0.05662	0.05662	0.05458	0.05514	0.05514	0.05524	0.05524	0.05888	0.05709	0.05709	0.05867	0.05864	0.05864	0.05871	0.05871	0.05651	0.0587	0.0587	0.0587	0.0587	0.0587	0.06	0.06	0.06	0.06	0.06	0.06	0.06	0.06	0.06
"325"	0.95528	0.995	1.00181	0.8158	0.61739	0.5309	0.5309	0.53717	0.53786	0.55258	0.55258	0.61394	0.61394	0.61299	0.61381	0.61411	0.63075	0.64252	0.64252	0.67504	0.67174	0.67174	0.67218	0.67218	0.66018	0.64878	0.6764	0.6764	0.68155	0.67792	0.67792	0.67792	0.68664	0.68191	0.68191	0.68191	0.68191	0.68191	0.68081	0.68003	0.68003	0.68164	0.68164	0.07543	0.07543	0.07543	0.07502	0.07403	0.07261	0.07204	0.07204	0.07229	0.07275	0.07197	0.07197	0.07197	0.07197	0.07197	0.07197	0.07197	0.07197	0.07197	0.07134	0.0746	0.07518	0.06952	0.07475	0.07475	0.07801	0.06988	0.06913	0.06753	0.06472	0.0645	0.05664	0.05742	0.05773	0.05726	0.05781	0.05777	0.05777	0.04381	0.04381	0.04381	0.04765	0.04581	0.04581	0.05076	0.05076	0.048	0.04846	0.0487	0.05467	0.05467	0.05116	0.05116	0.05186	0.05383	0.05585	0.05585	0.05585	0.05447	0.05273	0.05273	0.05351	0.05291	0.05091	0.05136	0.05136	0.05136	0.05055	0.05231	0.05285	0.04097	0.04033	0.04033	0.04033	0.03748	0.04183	0.04036	0.04271	0.04564	0.03655	0.03655	0.02943	0.02895	0.02895	0.02886	0.03072	0.03147	0.03051	0.03051	0.03138	0.03353	0.03115	0.03115	0.0317	0.03268	0.03225	0.02019	0.02019	0.02019	0.02213	0.02217	0.02378	0.0224	0.0224	0.0224	0.0224	0.0224	0.01787	0.01787	0.0165	0.02248	0.02248	0.02248	0.01712	0.017	0.01664	0.01725	0.01531	0.01531	0.01844	0.01955	0.01955	0.01905	0.01812	0.00416	0.00213	0	0	0	0.0025	0.0025	0.0025	0.0025	0.00952	0.00946	0.01024	0.01024	0.01033	0.01088	0.0123	0.0123	0.01198	0.01198	0.01198	0.01198	0.01198	0.04952	0.07484	0.07911	0.08108	0.08204	0.08204	0.08281	0.11117	0.11117	0.11167	0.14692	0.1543	0.1543	0.1543	0.19976	0.14218	0.14274	0.14274	0.17174	0.17519	0.17472	0.18321	0.18321	0.18321	0.18321	0.18321	0.18321	0.18321	0.04651	0.05536	0.05536	0.05536	0.05536	0.05374	0.05374	0.05374	0.05374	0.05374	0.05374	0.05374	0.053	0.05414	0.05414	0.05414	0.05414	0.05239	0.05239	0.05679	0.05679	0.05679	0.05679	0.05679	0.05679	0.05475	0.05531	0.05531	0.05541	0.05541	0.05905	0.05726	0.05726	0.05884	0.05881	0.05881	0.05888	0.05888	0.05668	0.05887	0.05887	0.05887	0.05887	0.05887	0.06017	0.06017	0.06017	0.06017	0.06017	0.06017	0.06017	0.06017	0.06017
"326"	0.95528	0.995	1.00181	0.8158	0.61739	0.5309	0.5309	0.53717	0.53786	0.55258	0.55258	0.61394	0.61394	0.61299	0.61381	0.61411	0.63075	0.64252	0.64252	0.67504	0.67174	0.67174	0.67218	0.67218	0.66018	0.64878	0.6764	0.6764	0.68155	0.67792	0.67792	0.67792	0.68664	0.68191	0.68191	0.68191	0.68191	0.68191	0.68081	0.68003	0.68003	0.68164	0.68164	0.07543	0.07543	0.07543	0.07502	0.07403	0.07261	0.07204	0.07204	0.07229	0.07275	0.07197	0.07197	0.07197	0.07197	0.07197	0.07197	0.07197	0.07197	0.07197	0.07134	0.0746	0.07518	0.06952	0.07475	0.07475	0.07801	0.06988	0.06913	0.06753	0.06472	0.0645	0.05664	0.05742	0.05773	0.05726	0.05781	0.05777	0.05777	0.04381	0.04381	0.04381	0.04765	0.04581	0.04581	0.05076	0.05076	0.048	0.04846	0.0487	0.05467	0.05467	0.05116	0.05116	0.05186	0.05383	0.05585	0.05585	0.05585	0.05447	0.05273	0.05273	0.05351	0.05291	0.05091	0.05136	0.05136	0.05136	0.05055	0.05231	0.05285	0.04097	0.04033	0.04033	0.04033	0.03748	0.04183	0.04036	0.04271	0.04564	0.03655	0.03655	0.02943	0.02895	0.02895	0.02886	0.03072	0.03147	0.03051	0.03051	0.03138	0.03353	0.03115	0.03115	0.0317	0.03268	0.03225	0.02019	0.02019	0.02019	0.02213	0.02217	0.02378	0.0224	0.0224	0.0224	0.0224	0.0224	0.01787	0.01787	0.0165	0.02248	0.02248	0.02248	0.01712	0.017	0.01664	0.01725	0.01531	0.01531	0.01844	0.01955	0.01955	0.01905	0.01812	0.00416	0.00213	0	0	0	0.0025	0.0025	0.0025	0.0025	0.00952	0.00946	0.01024	0.01024	0.01033	0.01088	0.0123	0.0123	0.01198	0.01198	0.01198	0.01198	0.01198	0.04952	0.07484	0.07911	0.08108	0.08204	0.08204	0.08281	0.11117	0.11117	0.11167	0.14692	0.1543	0.1543	0.1543	0.19976	0.14218	0.14274	0.14274	0.17174	0.17519	0.17472	0.18321	0.18321	0.18321	0.18321	0.18321	0.18321	0.18321	0.04651	0.05536	0.05536	0.05536	0.05536	0.05374	0.05374	0.05374	0.05374	0.05374	0.05374	0.05374	0.053	0.05414	0.05414	0.05414	0.05414	0.05239	0.05239	0.05679	0.05679	0.05679	0.05679	0.05679	0.05679	0.05475	0.05531	0.05531	0.05541	0.05541	0.05905	0.05726	0.05726	0.05884	0.05881	0.05881	0.05888	0.05888	0.05668	0.05887	0.05887	0.05887	0.05887	0.05887	0.06017	0.06017	0.06017	0.06017	0.06017	0.06017	0.06017	0.06017	0.06017
"385"	0.95528	0.995	1.00181	0.8158	0.61739	0.5309	0.5309	0.53717	0.53786	0.55258	0.55258	0.61394	0.61394	0.61299	0.61381	0.61411	0.63075	0.64252	0.64252	0.67504	0.67174	0.67174	0.67218	0.67218	0.66018	0.64878	0.6764	0.6764	0.68155	0.67792	0.67792	0.67792	0.68664	0.68191	0.68191	0.68191	0.68191	0.68191	0.68081	0.68003	0.68003	0.68164	0.68164	0.07543	0.07543	0.07543	0.07502	0.07403	0.07261	0.07204	0.07204	0.07229	0.07275	0.07197	0.07197	0.07197	0.07197	0.07197	0.07197	0.07197	0.07197	0.07197	0.07134	0.0746	0.07518	0.06952	0.07475	0.07475	0.07801	0.06988	0.06913	0.06753	0.06472	0.0645	0.05664	0.05742	0.05773	0.05726	0.05781	0.05777	0.05777	0.04381	0.04381	0.04381	0.04765	0.04581	0.04581	0.05076	0.05076	0.048	0.04846	0.0487	0.05467	0.05467	0.05116	0.05116	0.05186	0.05383	0.05585	0.05585	0.05585	0.05447	0.05273	0.05273	0.05351	0.05291	0.05091	0.05136	0.05136	0.05136	0.05055	0.05231	0.05285	0.04097	0.04033	0.04033	0.04033	0.03748	0.04183	0.04036	0.04271	0.04564	0.03655	0.03655	0.02943	0.02895	0.02895	0.02886	0.03072	0.03147	0.03051	0.03051	0.03138	0.03353	0.03115	0.03115	0.0317	0.03268	0.03225	0.02019	0.02019	0.02019	0.02213	0.02217	0.02378	0.0224	0.0224	0.0224	0.0224	0.0224	0.01787	0.01787	0.0165	0.02248	0.02248	0.02248	0.01712	0.017	0.01664	0.01725	0.01531	0.01531	0.01844	0.01955	0.01955	0.01905	0.01812	0.00416	0.00213	0	0	0	0.0025	0.0025	0.0025	0.0025	0.00952	0.00946	0.01024	0.01024	0.01033	0.01088	0.0123	0.0123	0.01198	0.01198	0.01198	0.01198	0.01198	0.04952	0.07484	0.07911	0.08108	0.08204	0.08204	0.08281	0.11117	0.11117	0.11167	0.14692	0.1543	0.1543	0.1543	0.19976	0.14218	0.14274	0.14274	0.17174	0.17519	0.17472	0.18321	0.18321	0.18321	0.18321	0.18321	0.18321	0.18321	0.04651	0.05536	0.05536	0.05536	0.05536	0.05374	0.05374	0.05374	0.05374	0.05374	0.05374	0.05374	0.053	0.05414	0.05414	0.05414	0.05414	0.05239	0.05239	0.05679	0.05679	0.05679	0.05679	0.05679	0.05679	0.05475	0.05531	0.05531	0.05541	0.05541	0.05905	0.05726	0.05726	0.05884	0.05881	0.05881	0.05888	0.05888	0.05668	0.05887	0.05887	0.05887	0.05887	0.05887	0.06017	0.06017	0.06017	0.06017	0.06017	0.06017	0.06017	0.06017	0.06017
"230"	0.95658	0.9963	1.00311	0.8171	0.61869	0.5322	0.5322	0.53847	0.53916	0.55388	0.55388	0.61524	0.61524	0.61429	0.61511	0.61541	0.63205	0.64382	0.64382	0.67634	0.67304	0.67304	0.67348	0.67348	0.66148	0.65008	0.6777	0.6777	0.68285	0.67922	0.67922	0.67922	0.68794	0.68321	0.68321	0.68321	0.68321	0.68321	0.68211	0.68133	0.68133	0.68294	0.68294	0.07673	0.07673	0.07673	0.07632	0.07533	0.07391	0.07334	0.07334	0.07359	0.07405	0.07327	0.07327	0.07327	0.07327	0.07327	0.07327	0.07327	0.07327	0.07327	0.07264	0.0759	0.07648	0.07082	0.07605	0.07605	0.07931	0.07118	0.07043	0.06883	0.06602	0.0658	0.05794	0.05872	0.05903	0.05856	0.05911	0.05907	0.05907	0.04511	0.04511	0.04511	0.04895	0.04711	0.04711	0.05206	0.05206	0.0493	0.04976	0.05	0.05597	0.05597	0.05246	0.05246	0.05316	0.05513	0.05715	0.05715	0.05715	0.05577	0.05403	0.05403	0.05481	0.05421	0.05221	0.05266	0.05266	0.05266	0.05185	0.05361	0.05415	0.04227	0.04163	0.04163	0.04163	0.03878	0.04313	0.04166	0.04401	0.04694	0.03785	0.03785	0.03073	0.03025	0.03025	0.03016	0.03202	0.03277	0.03181	0.03181	0.03268	0.03483	0.03245	0.03245	0.033	0.03398	0.03355	0.02149	0.02149	0.02149	0.02343	0.02347	0.02508	0.0237	0.0237	0.0237	0.0237	0.0237	0.01917	0.01917	0.0178	0.02378	0.02378	0.02378	0.01842	0.0183	0.01794	0.01855	0.01661	0.01661	0.01974	0.02085	0.02085	0.02035	0.01942	0.00546	0.00343	0.0025	0.0025	0.0025	0	0	0.0011	0.0011	0.01082	0.01076	0.01154	0.01154	0.01163	0.01218	0.0136	0.0136	0.01328	0.01328	0.01328	0.01328	0.01328	0.05082	0.07614	0.08041	0.08238	0.08334	0.08334	0.08411	0.11247	0.11247	0.11297	0.14822	0.1556	0.1556	0.1556	0.20106	0.14348	0.14404	0.14404	0.17304	0.17649	0.17602	0.18451	0.18451	0.18451	0.18451	0.18451	0.18451	0.18451	0.04781	0.05666	0.05666	0.05666	0.05666	0.05504	0.05504	0.05504	0.05504	0.05504	0.05504	0.05504	0.0543	0.05544	0.05544	0.05544	0.05544	0.05369	0.05369	0.05809	0.05809	0.05809	0.05809	0.05809	0.05809	0.05605	0.05661	0.05661	0.05671	0.05671	0.06035	0.05856	0.05856	0.06014	0.06011	0.06011	0.06018	0.06018	0.05798	0.06017	0.06017	0.06017	0.06017	0.06017	0.06147	0.06147	0.06147	0.06147	0.06147	0.06147	0.06147	0.06147	0.06147
"283"	0.95658	0.9963	1.00311	0.8171	0.61869	0.5322	0.5322	0.53847	0.53916	0.55388	0.55388	0.61524	0.61524	0.61429	0.61511	0.61541	0.63205	0.64382	0.64382	0.67634	0.67304	0.67304	0.67348	0.67348	0.66148	0.65008	0.6777	0.6777	0.68285	0.67922	0.67922	0.67922	0.68794	0.68321	0.68321	0.68321	0.68321	0.68321	0.68211	0.68133	0.68133	0.68294	0.68294	0.07673	0.07673	0.07673	0.07632	0.07533	0.07391	0.07334	0.07334	0.07359	0.07405	0.07327	0.07327	0.07327	0.07327	0.07327	0.07327	0.07327	0.07327	0.07327	0.07264	0.0759	0.07648	0.07082	0.07605	0.07605	0.07931	0.07118	0.07043	0.06883	0.06602	0.0658	0.05794	0.05872	0.05903	0.05856	0.05911	0.05907	0.05907	0.04511	0.04511	0.04511	0.04895	0.04711	0.04711	0.05206	0.05206	0.0493	0.04976	0.05	0.05597	0.05597	0.05246	0.05246	0.05316	0.05513	0.05715	0.05715	0.05715	0.05577	0.05403	0.05403	0.05481	0.05421	0.05221	0.05266	0.05266	0.05266	0.05185	0.05361	0.05415	0.04227	0.04163	0.04163	0.04163	0.03878	0.04313	0.04166	0.04401	0.04694	0.03785	0.03785	0.03073	0.03025	0.03025	0.03016	0.03202	0.03277	0.03181	0.03181	0.03268	0.03483	0.03245	0.03245	0.033	0.03398	0.03355	0.02149	0.02149	0.02149	0.02343	0.02347	0.02508	0.0237	0.0237	0.0237	0.0237	0.0237	0.01917	0.01917	0.0178	0.02378	0.02378	0.02378	0.01842	0.0183	0.01794	0.01855	0.01661	0.01661	0.01974	0.02085	0.02085	0.02035	0.01942	0.00546	0.00343	0.0025	0.0025	0.0025	0	0	0.0011	0.0011	0.01082	0.01076	0.01154	0.01154	0.01163	0.01218	0.0136	0.0136	0.01328	0.01328	0.01328	0.01328	0.01328	0.05082	0.07614	0.08041	0.08238	0.08334	0.08334	0.08411	0.11247	0.11247	0.11297	0.14822	0.1556	0.1556	0.1556	0.20106	0.14348	0.14404	0.14404	0.17304	0.17649	0.17602	0.18451	0.18451	0.18451	0.18451	0.18451	0.18451	0.18451	0.04781	0.05666	0.05666	0.05666	0.05666	0.05504	0.05504	0.05504	0.05504	0.05504	0.05504	0.05504	0.0543	0.05544	0.05544	0.05544	0.05544	0.05369	0.05369	0.05809	0.05809	0.05809	0.05809	0.05809	0.05809	0.05605	0.05661	0.05661	0.05671	0.05671	0.06035	0.05856	0.05856	0.06014	0.06011	0.06011	0.06018	0.06018	0.05798	0.06017	0.06017	0.06017	0.06017	0.06017	0.06147	0.06147	0.06147	0.06147	0.06147	0.06147	0.06147	0.06147	0.06147
"282"	0.95658	0.9963	1.00311	0.8171	0.61869	0.5322	0.5322	0.53847	0.53916	0.55388	0.55388	0.61524	0.61524	0.61429	0.61511	0.61541	0.63205	0.64382	0.64382	0.67634	0.67304	0.67304	0.67348	0.67348	0.66148	0.65008	0.6777	0.6777	0.68285	0.67922	0.67922	0.67922	0.68794	0.68321	0.68321	0.68321	0.68321	0.68321	0.68211	0.68133	0.68133	0.68294	0.68294	0.07673	0.07673	0.07673	0.07632	0.07533	0.07391	0.07334	0.07334	0.07359	0.07405	0.07327	0.07327	0.07327	0.07327	0.07327	0.07327	0.07327	0.07327	0.07327	0.07264	0.0759	0.07648	0.07082	0.07605	0.07605	0.07931	0.07118	0.07043	0.06883	0.06602	0.0658	0.05794	0.05872	0.05903	0.05856	0.05911	0.05907	0.05907	0.04511	0.04511	0.04511	0.04895	0.04711	0.04711	0.05206	0.05206	0.0493	0.04976	0.05	0.05597	0.05597	0.05246	0.05246	0.05316	0.05513	0.05715	0.05715	0.05715	0.05577	0.05403	0.05403	0.05481	0.05421	0.05221	0.05266	0.05266	0.05266	0.05185	0.05361	0.05415	0.04227	0.04163	0.04163	0.04163	0.03878	0.04313	0.04166	0.04401	0.04694	0.03785	0.03785	0.03073	0.03025	0.03025	0.03016	0.03202	0.03277	0.03181	0.03181	0.03268	0.03483	0.03245	0.03245	0.033	0.03398	0.03355	0.02149	0.02149	0.02149	0.02343	0.02347	0.02508	0.0237	0.0237	0.0237	0.0237	0.0237	0.01917	0.01917	0.0178	0.02378	0.02378	0.02378	0.01842	0.0183	0.01794	0.01855	0.01661	0.01661	0.01974	0.02085	0.02085	0.02035	0.01942	0.00546	0.00343	0.0025	0.0025	0.0025	0.0011	0.0011	0	0	0.01082	0.01076	0.01154	0.01154	0.01163	0.01218	0.0136	0.0136	0.01328	0.01328	0.01328	0.01328	0.01328	0.05082	0.07614	0.08041	0.08238	0.08334	0.08334	0.08411	0.11247	0.11247	0.11297	0.14822	0.1556	0.1556	0.1556	0.20106	0.14348	0.14404	0.14404	0.17304	0.17649	0.17602	0.18451	0.18451	0.18451	0.18451	0.18451	0.18451	0.18451	0.04781	0.05666	0.05666	0.05666	0.05666	0.05504	0.05504	0.05504	0.05504	0.05504	0.05504	0.05504	0.0543	0.05544	0.05544	0.05544	0.05544	0.05369	0.05369	0.05809	0.05809	0.05809	0.05809	0.05809	0.05809	0.05605	0.05661	0.05661	0.05671	0.05671	0.06035	0.05856	0.05856	0.06014	0.06011	0.06011	0.06018	0.06018	0.05798	0.06017	0.06017	0.06017	0.06017	0.06017	0.06147	0.06147	0.06147	0.06147	0.06147	0.06147	0.06147	0.06147	0.06147
"178"	0.95658	0.9963	1.00311	0.8171	0.61869	0.5322	0.5322	0.53847	0.53916	0.55388	0.55388	0.61524	0.61524	0.61429	0.61511	0.61541	0.63205	0.64382	0.64382	0.67634	0.67304	0.67304	0.67348	0.67348	0.66148	0.65008	0.6777	0.6777	0.68285	0.67922	0.67922	0.67922	0.68794	0.68321	0.68321	0.68321	0.68321	0.68321	0.68211	0.68133	0.68133	0.68294	0.68294	0.07673	0.07673	0.07673	0.07632	0.07533	0.07391	0.07334	0.07334	0.07359	0.07405	0.07327	0.07327	0.07327	0.07327	0.07327	0.07327	0.07327	0.07327	0.07327	0.07264	0.0759	0.07648	0.07082	0.07605	0.07605	0.07931	0.07118	0.07043	0.06883	0.06602	0.0658	0.05794	0.05872	0.05903	0.05856	0.05911	0.05907	0.05907	0.04511	0.04511	0.04511	0.04895	0.04711	0.04711	0.05206	0.05206	0.0493	0.04976	0.05	0.05597	0.05597	0.05246	0.05246	0.05316	0.05513	0.05715	0.05715	0.05715	0.05577	0.05403	0.05403	0.05481	0.05421	0.05221	0.05266	0.05266	0.05266	0.05185	0.05361	0.05415	0.04227	0.04163	0.04163	0.04163	0.03878	0.04313	0.04166	0.04401	0.04694	0.03785	0.03785	0.03073	0.03025	0.03025	0.03016	0.03202	0.03277	0.03181	0.03181	0.03268	0.03483	0.03245	0.03245	0.033	0.03398	0.03355	0.02149	0.02149	0.02149	0.02343	0.02347	0.02508	0.0237	0.0237	0.0237	0.0237	0.0237	0.01917	0.01917	0.0178	0.02378	0.02378	0.02378	0.01842	0.0183	0.01794	0.01855	0.01661	0.01661	0.01974	0.02085	0.02085	0.02035	0.01942	0.00546	0.00343	0.0025	0.0025	0.0025	0.0011	0.0011	0	0	0.01082	0.01076	0.01154	0.01154	0.01163	0.01218	0.0136	0.0136	0.01328	0.01328	0.01328	0.01328	0.01328	0.05082	0.07614	0.08041	0.08238	0.08334	0.08334	0.08411	0.11247	0.11247	0.11297	0.14822	0.1556	0.1556	0.1556	0.20106	0.14348	0.14404	0.14404	0.17304	0.17649	0.17602	0.18451	0.18451	0.18451	0.18451	0.18451	0.18451	0.18451	0.04781	0.05666	0.05666	0.05666	0.05666	0.05504	0.05504	0.05504	0.05504	0.05504	0.05504	0.05504	0.0543	0.05544	0.05544	0.05544	0.05544	0.05369	0.05369	0.05809	0.05809	0.05809	0.05809	0.05809	0.05809	0.05605	0.05661	0.05661	0.05671	0.05671	0.06035	0.05856	0.05856	0.06014	0.06011	0.06011	0.06018	0.06018	0.05798	0.06017	0.06017	0.06017	0.06017	0.06017	0.06147	0.06147	0.06147	0.06147	0.06147	0.06147	0.06147	0.06147	0.06147
"55"	0.95368	0.9934	1.00021	0.8142	0.61579	0.5293	0.5293	0.53557	0.53626	0.55098	0.55098	0.61234	0.61234	0.61139	0.61221	0.61251	0.62915	0.64092	0.64092	0.67344	0.67014	0.67014	0.67058	0.67058	0.65858	0.64718	0.6748	0.6748	0.67995	0.67632	0.67632	0.67632	0.68504	0.68031	0.68031	0.68031	0.68031	0.68031	0.67921	0.67843	0.67843	0.68004	0.68004	0.07383	0.07383	0.07383	0.07342	0.07243	0.07101	0.07044	0.07044	0.07069	0.07115	0.07037	0.07037	0.07037	0.07037	0.07037	0.07037	0.07037	0.07037	0.07037	0.06974	0.073	0.07358	0.06792	0.07315	0.07315	0.07641	0.06828	0.06753	0.06593	0.06312	0.0629	0.05504	0.05582	0.05613	0.05566	0.05621	0.05617	0.05617	0.04221	0.04221	0.04221	0.04605	0.04421	0.04421	0.04916	0.04916	0.0464	0.04686	0.0471	0.05307	0.05307	0.04956	0.04956	0.05026	0.05223	0.05425	0.05425	0.05425	0.05287	0.05113	0.05113	0.05191	0.05131	0.04931	0.04976	0.04976	0.04976	0.04895	0.05071	0.05125	0.03937	0.03873	0.03873	0.03873	0.03588	0.04023	0.03876	0.04111	0.04404	0.03495	0.03495	0.02783	0.02735	0.02735	0.02726	0.02912	0.02987	0.02891	0.02891	0.02978	0.03193	0.02955	0.02955	0.0301	0.03108	0.03065	0.01859	0.01859	0.01859	0.02053	0.02057	0.02218	0.0208	0.0208	0.0208	0.0208	0.0208	0.01627	0.01627	0.0149	0.02088	0.02088	0.02088	0.01552	0.0154	0.01504	0.01565	0.01371	0.01371	0.01684	0.01795	0.01795	0.01745	0.01652	0.0079	0.00935	0.00952	0.00952	0.00952	0.01082	0.01082	0.01082	0.01082	0	0.00204	0.0042	0.0042	0.00429	0.00484	0.00626	0.00626	0.00594	0.00594	0.00594	0.00594	0.00594	0.04792	0.07324	0.07751	0.07948	0.08044	0.08044	0.08121	0.10957	0.10957	0.11007	0.14532	0.1527	0.1527	0.1527	0.19816	0.14058	0.14114	0.14114	0.17014	0.17359	0.17312	0.18161	0.18161	0.18161	0.18161	0.18161	0.18161	0.18161	0.04491	0.05376	0.05376	0.05376	0.05376	0.05214	0.05214	0.05214	0.05214	0.05214	0.05214	0.05214	0.0514	0.05254	0.05254	0.05254	0.05254	0.05079	0.05079	0.05519	0.05519	0.05519	0.05519	0.05519	0.05519	0.05315	0.05371	0.05371	0.05381	0.05381	0.05745	0.05566	0.05566	0.05724	0.05721	0.05721	0.05728	0.05728	0.05508	0.05727	0.05727	0.05727	0.05727	0.05727	0.05857	0.05857	0.05857	0.05857	0.05857	0.05857	0.05857	0.05857	0.05857
"64"	0.95362	0.99334	1.00015	0.81414	0.61573	0.52924	0.52924	0.53551	0.5362	0.55092	0.55092	0.61228	0.61228	0.61133	0.61215	0.61245	0.62909	0.64086	0.64086	0.67338	0.67008	0.67008	0.67052	0.67052	0.65852	0.64712	0.67474	0.67474	0.67989	0.67626	0.67626	0.67626	0.68498	0.68025	0.68025	0.68025	0.68025	0.68025	0.67915	0.67837	0.67837	0.67998	0.67998	0.07377	0.07377	0.07377	0.07336	0.07237	0.07095	0.07038	0.07038	0.07063	0.07109	0.07031	0.07031	0.07031	0.07031	0.07031	0.07031	0.07031	0.07031	0.07031	0.06968	0.07294	0.07352	0.06786	0.07309	0.07309	0.07635	0.06822	0.06747	0.06587	0.06306	0.06284	0.05498	0.05576	0.05607	0.0556	0.05615	0.05611	0.05611	0.04215	0.04215	0.04215	0.04599	0.04415	0.04415	0.0491	0.0491	0.04634	0.0468	0.04704	0.05301	0.05301	0.0495	0.0495	0.0502	0.05217	0.05419	0.05419	0.05419	0.05281	0.05107	0.05107	0.05185	0.05125	0.04925	0.0497	0.0497	0.0497	0.04889	0.05065	0.05119	0.03931	0.03867	0.03867	0.03867	0.03582	0.04017	0.0387	0.04105	0.04398	0.03489	0.03489	0.02777	0.02729	0.02729	0.0272	0.02906	0.02981	0.02885	0.02885	0.02972	0.03187	0.02949	0.02949	0.03004	0.03102	0.03059	0.01853	0.01853	0.01853	0.02047	0.02051	0.02212	0.02074	0.02074	0.02074	0.02074	0.02074	0.01621	0.01621	0.01484	0.02082	0.02082	0.02082	0.01546	0.01534	0.01498	0.01559	0.01365	0.01365	0.01678	0.01789	0.01789	0.01739	0.01646	0.00784	0.00929	0.00946	0.00946	0.00946	0.01076	0.01076	0.01076	0.01076	0.00204	0	0.00414	0.00414	0.00423	0.00478	0.0062	0.0062	0.00588	0.00588	0.00588	0.00588	0.00588	0.04786	0.07318	0.07745	0.07942	0.08038	0.08038	0.08115	0.10951	0.10951	0.11001	0.14526	0.15264	0.15264	0.15264	0.1981	0.14052	0.14108	0.14108	0.17008	0.17353	0.17306	0.18155	0.18155	0.18155	0.18155	0.18155	0.18155	0.18155	0.04485	0.0537	0.0537	0.0537	0.0537	0.05208	0.05208	0.05208	0.05208	0.05208	0.05208	0.05208	0.05134	0.05248	0.05248	0.05248	0.05248	0.05073	0.05073	0.05513	0.05513	0.05513	0.05513	0.05513	0.05513	0.05309	0.05365	0.05365	0.05375	0.05375	0.05739	0.0556	0.0556	0.05718	0.05715	0.05715	0.05722	0.05722	0.05502	0.05721	0.05721	0.05721	0.05721	0.05721	0.05851	0.05851	0.05851	0.05851	0.05851	0.05851	0.05851	0.05851	0.05851
"71"	0.9544	0.99412	1.00093	0.81492	0.61651	0.53002	0.53002	0.53629	0.53698	0.5517	0.5517	0.61306	0.61306	0.61211	0.61293	0.61323	0.62987	0.64164	0.64164	0.67416	0.67086	0.67086	0.6713	0.6713	0.6593	0.6479	0.67552	0.67552	0.68067	0.67704	0.67704	0.67704	0.68576	0.68103	0.68103	0.68103	0.68103	0.68103	0.67993	0.67915	0.67915	0.68076	0.68076	0.07455	0.07455	0.07455	0.07414	0.07315	0.07173	0.07116	0.07116	0.07141	0.07187	0.07109	0.07109	0.07109	0.07109	0.07109	0.07109	0.07109	0.07109	0.07109	0.07046	0.07372	0.0743	0.06864	0.07387	0.07387	0.07713	0.069	0.06825	0.06665	0.06384	0.06362	0.05576	0.05654	0.05685	0.05638	0.05693	0.05689	0.05689	0.04293	0.04293	0.04293	0.04677	0.04493	0.04493	0.04988	0.04988	0.04712	0.04758	0.04782	0.05379	0.05379	0.05028	0.05028	0.05098	0.05295	0.05497	0.05497	0.05497	0.05359	0.05185	0.05185	0.05263	0.05203	0.05003	0.05048	0.05048	0.05048	0.04967	0.05143	0.05197	0.04009	0.03945	0.03945	0.03945	0.0366	0.04095	0.03948	0.04183	0.04476	0.03567	0.03567	0.02855	0.02807	0.02807	0.02798	0.02984	0.03059	0.02963	0.02963	0.0305	0.03265	0.03027	0.03027	0.03082	0.0318	0.03137	0.01931	0.01931	0.01931	0.02125	0.02129	0.0229	0.02152	0.02152	0.02152	0.02152	0.02152	0.01699	0.01699	0.01562	0.0216	0.0216	0.0216	0.01624	0.01612	0.01576	0.01637	0.01443	0.01443	0.01756	0.01867	0.01867	0.01817	0.01724	0.00862	0.01007	0.01024	0.01024	0.01024	0.01154	0.01154	0.01154	0.01154	0.0042	0.00414	0	0.0011	0.00281	0.00336	0.00478	0.00478	0.00446	0.00446	0.00446	0.00446	0.00446	0.04864	0.07396	0.07823	0.0802	0.08116	0.08116	0.08193	0.11029	0.11029	0.11079	0.14604	0.15342	0.15342	0.15342	0.19888	0.1413	0.14186	0.14186	0.17086	0.17431	0.17384	0.18233	0.18233	0.18233	0.18233	0.18233	0.18233	0.18233	0.04563	0.05448	0.05448	0.05448	0.05448	0.05286	0.05286	0.05286	0.05286	0.05286	0.05286	0.05286	0.05212	0.05326	0.05326	0.05326	0.05326	0.05151	0.05151	0.05591	0.05591	0.05591	0.05591	0.05591	0.05591	0.05387	0.05443	0.05443	0.05453	0.05453	0.05817	0.05638	0.05638	0.05796	0.05793	0.05793	0.058	0.058	0.0558	0.05799	0.05799	0.05799	0.05799	0.05799	0.05929	0.05929	0.05929	0.05929	0.05929	0.05929	0.05929	0.05929	0.05929
"192"	0.9544	0.99412	1.00093	0.81492	0.61651	0.53002	0.53002	0.53629	0.53698	0.5517	0.5517	0.61306	0.61306	0.61211	0.61293	0.61323	0.62987	0.64164	0.64164	0.67416	0.67086	0.67086	0.6713	0.6713	0.6593	0.6479	0.67552	0.67552	0.68067	0.67704	0.67704	0.67704	0.68576	0.68103	0.68103	0.68103	0.68103	0.68103	0.67993	0.67915	0.67915	0.68076	0.68076	0.07455	0.07455	0.07455	0.07414	0.07315	0.07173	0.07116	0.07116	0.07141	0.07187	0.07109	0.07109	0.07109	0.07109	0.07109	0.07109	0.07109	0.07109	0.07109	0.07046	0.07372	0.0743	0.06864	0.07387	0.07387	0.07713	0.069	0.06825	0.06665	0.06384	0.06362	0.05576	0.05654	0.05685	0.05638	0.05693	0.05689	0.05689	0.04293	0.04293	0.04293	0.04677	0.04493	0.04493	0.04988	0.04988	0.04712	0.04758	0.04782	0.05379	0.05379	0.05028	0.05028	0.05098	0.05295	0.05497	0.05497	0.05497	0.05359	0.05185	0.05185	0.05263	0.05203	0.05003	0.05048	0.05048	0.05048	0.04967	0.05143	0.05197	0.04009	0.03945	0.03945	0.03945	0.0366	0.04095	0.03948	0.04183	0.04476	0.03567	0.03567	0.02855	0.02807	0.02807	0.02798	0.02984	0.03059	0.02963	0.02963	0.0305	0.03265	0.03027	0.03027	0.03082	0.0318	0.03137	0.01931	0.01931	0.01931	0.02125	0.02129	0.0229	0.02152	0.02152	0.02152	0.02152	0.02152	0.01699	0.01699	0.01562	0.0216	0.0216	0.0216	0.01624	0.01612	0.01576	0.01637	0.01443	0.01443	0.01756	0.01867	0.01867	0.01817	0.01724	0.00862	0.01007	0.01024	0.01024	0.01024	0.01154	0.01154	0.01154	0.01154	0.0042	0.00414	0.0011	0	0.00281	0.00336	0.00478	0.00478	0.00446	0.00446	0.00446	0.00446	0.00446	0.04864	0.07396	0.07823	0.0802	0.08116	0.08116	0.08193	0.11029	0.11029	0.11079	0.14604	0.15342	0.15342	0.15342	0.19888	0.1413	0.14186	0.14186	0.17086	0.17431	0.17384	0.18233	0.18233	0.18233	0.18233	0.18233	0.18233	0.18233	0.04563	0.05448	0.05448	0.05448	0.05448	0.05286	0.05286	0.05286	0.05286	0.05286	0.05286	0.05286	0.05212	0.05326	0.05326	0.05326	0.05326	0.05151	0.05151	0.05591	0.05591	0.05591	0.05591	0.05591	0.05591	0.05387	0.05443	0.05443	0.05453	0.05453	0.05817	0.05638	0.05638	0.05796	0.05793	0.05793	0.058	0.058	0.0558	0.05799	0.05799	0.05799	0.05799	0.05799	0.05929	0.05929	0.05929	0.05929	0.05929	0.05929	0.05929	0.05929	0.05929
"91"	0.95449	0.99421	1.00102	0.81501	0.6166	0.53011	0.53011	0.53638	0.53707	0.55179	0.55179	0.61315	0.61315	0.6122	0.61302	0.61332	0.62996	0.64173	0.64173	0.67425	0.67095	0.67095	0.67139	0.67139	0.65939	0.64799	0.67561	0.67561	0.68076	0.67713	0.67713	0.67713	0.68585	0.68112	0.68112	0.68112	0.68112	0.68112	0.68002	0.67924	0.67924	0.68085	0.68085	0.07464	0.07464	0.07464	0.07423	0.07324	0.07182	0.07125	0.07125	0.0715	0.07196	0.07118	0.07118	0.07118	0.07118	0.07118	0.07118	0.07118	0.07118	0.07118	0.07055	0.07381	0.07439	0.06873	0.07396	0.07396	0.07722	0.06909	0.06834	0.06674	0.06393	0.06371	0.05585	0.05663	0.05694	0.05647	0.05702	0.05698	0.05698	0.04302	0.04302	0.04302	0.04686	0.04502	0.04502	0.04997	0.04997	0.04721	0.04767	0.04791	0.05388	0.05388	0.05037	0.05037	0.05107	0.05304	0.05506	0.05506	0.05506	0.05368	0.05194	0.05194	0.05272	0.05212	0.05012	0.05057	0.05057	0.05057	0.04976	0.05152	0.05206	0.04018	0.03954	0.03954	0.03954	0.03669	0.04104	0.03957	0.04192	0.04485	0.03576	0.03576	0.02864	0.02816	0.02816	0.02807	0.02993	0.03068	0.02972	0.02972	0.03059	0.03274	0.03036	0.03036	0.03091	0.03189	0.03146	0.0194	0.0194	0.0194	0.02134	0.02138	0.02299	0.02161	0.02161	0.02161	0.02161	0.02161	0.01708	0.01708	0.01571	0.02169	0.02169	0.02169	0.01633	0.01621	0.01585	0.01646	0.01452	0.01452	0.01765	0.01876	0.01876	0.01826	0.01733	0.00871	0.01016	0.01033	0.01033	0.01033	0.01163	0.01163	0.01163	0.01163	0.00429	0.00423	0.00281	0.00281	0	0.00165	0.00307	0.00307	0.00275	0.00275	0.00275	0.00275	0.00275	0.04873	0.07405	0.07832	0.08029	0.08125	0.08125	0.08202	0.11038	0.11038	0.11088	0.14613	0.15351	0.15351	0.15351	0.19897	0.14139	0.14195	0.14195	0.17095	0.1744	0.17393	0.18242	0.18242	0.18242	0.18242	0.18242	0.18242	0.18242	0.04572	0.05457	0.05457	0.05457	0.05457	0.05295	0.05295	0.05295	0.05295	0.05295	0.05295	0.05295	0.05221	0.05335	0.05335	0.05335	0.05335	0.0516	0.0516	0.056	0.056	0.056	0.056	0.056	0.056	0.05396	0.05452	0.05452	0.05462	0.05462	0.05826	0.05647	0.05647	0.05805	0.05802	0.05802	0.05809	0.05809	0.05589	0.05808	0.05808	0.05808	0.05808	0.05808	0.05938	0.05938	0.05938	0.05938	0.05938	0.05938	0.05938	0.05938	0.05938
"310"	0.95504	0.99476	1.00157	0.81556	0.61715	0.53066	0.53066	0.53693	0.53762	0.55234	0.55234	0.6137	0.6137	0.61275	0.61357	0.61387	0.63051	0.64228	0.64228	0.6748	0.6715	0.6715	0.67194	0.67194	0.65994	0.64854	0.67616	0.67616	0.68131	0.67768	0.67768	0.67768	0.6864	0.68167	0.68167	0.68167	0.68167	0.68167	0.68057	0.67979	0.67979	0.6814	0.6814	0.07519	0.07519	0.07519	0.07478	0.07379	0.07237	0.0718	0.0718	0.07205	0.07251	0.07173	0.07173	0.07173	0.07173	0.07173	0.07173	0.07173	0.07173	0.07173	0.0711	0.07436	0.07494	0.06928	0.07451	0.07451	0.07777	0.06964	0.06889	0.06729	0.06448	0.06426	0.0564	0.05718	0.05749	0.05702	0.05757	0.05753	0.05753	0.04357	0.04357	0.04357	0.04741	0.04557	0.04557	0.05052	0.05052	0.04776	0.04822	0.04846	0.05443	0.05443	0.05092	0.05092	0.05162	0.05359	0.05561	0.05561	0.05561	0.05423	0.05249	0.05249	0.05327	0.05267	0.05067	0.05112	0.05112	0.05112	0.05031	0.05207	0.05261	0.04073	0.04009	0.04009	0.04009	0.03724	0.04159	0.04012	0.04247	0.0454	0.03631	0.03631	0.02919	0.02871	0.02871	0.02862	0.03048	0.03123	0.03027	0.03027	0.03114	0.03329	0.03091	0.03091	0.03146	0.03244	0.03201	0.01995	0.01995	0.01995	0.02189	0.02193	0.02354	0.02216	0.02216	0.02216	0.02216	0.02216	0.01763	0.01763	0.01626	0.02224	0.02224	0.02224	0.01688	0.01676	0.0164	0.01701	0.01507	0.01507	0.0182	0.01931	0.01931	0.01881	0.01788	0.00926	0.01071	0.01088	0.01088	0.01088	0.01218	0.01218	0.01218	0.01218	0.00484	0.00478	0.00336	0.00336	0.00165	0	0.00252	0.00252	0.0022	0.0022	0.0022	0.0022	0.0022	0.04928	0.0746	0.07887	0.08084	0.0818	0.0818	0.08257	0.11093	0.11093	0.11143	0.14668	0.15406	0.15406	0.15406	0.19952	0.14194	0.1425	0.1425	0.1715	0.17495	0.17448	0.18297	0.18297	0.18297	0.18297	0.18297	0.18297	0.18297	0.04627	0.05512	0.05512	0.05512	0.05512	0.0535	0.0535	0.0535	0.0535	0.0535	0.0535	0.0535	0.05276	0.0539	0.0539	0.0539	0.0539	0.05215	0.05215	0.05655	0.05655	0.05655	0.05655	0.05655	0.05655	0.05451	0.05507	0.05507	0.05517	0.05517	0.05881	0.05702	0.05702	0.0586	0.05857	0.05857	0.05864	0.05864	0.05644	0.05863	0.05863	0.05863	0.05863	0.05863	0.05993	0.05993	0.05993	0.05993	0.05993	0.05993	0.05993	0.05993	0.05993
"67"	0.95646	0.99618	1.00299	0.81698	0.61857	0.53208	0.53208	0.53835	0.53904	0.55376	0.55376	0.61512	0.61512	0.61417	0.61499	0.61529	0.63193	0.6437	0.6437	0.67622	0.67292	0.67292	0.67336	0.67336	0.66136	0.64996	0.67758	0.67758	0.68273	0.6791	0.6791	0.6791	0.68782	0.68309	0.68309	0.68309	0.68309	0.68309	0.68199	0.68121	0.68121	0.68282	0.68282	0.07661	0.07661	0.07661	0.0762	0.07521	0.07379	0.07322	0.07322	0.07347	0.07393	0.07315	0.07315	0.07315	0.07315	0.07315	0.07315	0.07315	0.07315	0.07315	0.07252	0.07578	0.07636	0.0707	0.07593	0.07593	0.07919	0.07106	0.07031	0.06871	0.0659	0.06568	0.05782	0.0586	0.05891	0.05844	0.05899	0.05895	0.05895	0.04499	0.04499	0.04499	0.04883	0.04699	0.04699	0.05194	0.05194	0.04918	0.04964	0.04988	0.05585	0.05585	0.05234	0.05234	0.05304	0.05501	0.05703	0.05703	0.05703	0.05565	0.05391	0.05391	0.05469	0.05409	0.05209	0.05254	0.05254	0.05254	0.05173	0.05349	0.05403	0.04215	0.04151	0.04151	0.04151	0.03866	0.04301	0.04154	0.04389	0.04682	0.03773	0.03773	0.03061	0.03013	0.03013	0.03004	0.0319	0.03265	0.03169	0.03169	0.03256	0.03471	0.03233	0.03233	0.03288	0.03386	0.03343	0.02137	0.02137	0.02137	0.02331	0.02335	0.02496	0.02358	0.02358	0.02358	0.02358	0.02358	0.01905	0.01905	0.01768	0.02366	0.02366	0.02366	0.0183	0.01818	0.01782	0.01843	0.01649	0.01649	0.01962	0.02073	0.02073	0.02023	0.0193	0.01068	0.01213	0.0123	0.0123	0.0123	0.0136	0.0136	0.0136	0.0136	0.00626	0.0062	0.00478	0.00478	0.00307	0.00252	0	0.0011	0.00252	0.00252	0.00252	0.00252	0.00252	0.0507	0.07602	0.08029	0.08226	0.08322	0.08322	0.08399	0.11235	0.11235	0.11285	0.1481	0.15548	0.15548	0.15548	0.20094	0.14336	0.14392	0.14392	0.17292	0.17637	0.1759	0.18439	0.18439	0.18439	0.18439	0.18439	0.18439	0.18439	0.04769	0.05654	0.05654	0.05654	0.05654	0.05492	0.05492	0.05492	0.05492	0.05492	0.05492	0.05492	0.05418	0.05532	0.05532	0.05532	0.05532	0.05357	0.05357	0.05797	0.05797	0.05797	0.05797	0.05797	0.05797	0.05593	0.05649	0.05649	0.05659	0.05659	0.06023	0.05844	0.05844	0.06002	0.05999	0.05999	0.06006	0.06006	0.05786	0.06005	0.06005	0.06005	0.06005	0.06005	0.06135	0.06135	0.06135	0.06135	0.06135	0.06135	0.06135	0.06135	0.06135
"70"	0.95646	0.99618	1.00299	0.81698	0.61857	0.53208	0.53208	0.53835	0.53904	0.55376	0.55376	0.61512	0.61512	0.61417	0.61499	0.61529	0.63193	0.6437	0.6437	0.67622	0.67292	0.67292	0.67336	0.67336	0.66136	0.64996	0.67758	0.67758	0.68273	0.6791	0.6791	0.6791	0.68782	0.68309	0.68309	0.68309	0.68309	0.68309	0.68199	0.68121	0.68121	0.68282	0.68282	0.07661	0.07661	0.07661	0.0762	0.07521	0.07379	0.07322	0.07322	0.07347	0.07393	0.07315	0.07315	0.07315	0.07315	0.07315	0.07315	0.07315	0.07315	0.07315	0.07252	0.07578	0.07636	0.0707	0.07593	0.07593	0.07919	0.07106	0.07031	0.06871	0.0659	0.06568	0.05782	0.0586	0.05891	0.05844	0.05899	0.05895	0.05895	0.04499	0.04499	0.04499	0.04883	0.04699	0.04699	0.05194	0.05194	0.04918	0.04964	0.04988	0.05585	0.05585	0.05234	0.05234	0.05304	0.05501	0.05703	0.05703	0.05703	0.05565	0.05391	0.05391	0.05469	0.05409	0.05209	0.05254	0.05254	0.05254	0.05173	0.05349	0.05403	0.04215	0.04151	0.04151	0.04151	0.03866	0.04301	0.04154	0.04389	0.04682	0.03773	0.03773	0.03061	0.03013	0.03013	0.03004	0.0319	0.03265	0.03169	0.03169	0.03256	0.03471	0.03233	0.03233	0.03288	0.03386	0.03343	0.02137	0.02137	0.02137	0.02331	0.02335	0.02496	0.02358	0.02358	0.02358	0.02358	0.02358	0.01905	0.01905	0.01768	0.02366	0.02366	0.02366	0.0183	0.01818	0.01782	0.01843	0.01649	0.01649	0.01962	0.02073	0.02073	0.02023	0.0193	0.01068	0.01213	0.0123	0.0123	0.0123	0.0136	0.0136	0.0136	0.0136	0.00626	0.0062	0.00478	0.00478	0.00307	0.00252	0.0011	0	0.00252	0.00252	0.00252	0.00252	0.00252	0.0507	0.07602	0.08029	0.08226	0.08322	0.08322	0.08399	0.11235	0.11235	0.11285	0.1481	0.15548	0.15548	0.15548	0.20094	0.14336	0.14392	0.14392	0.17292	0.17637	0.1759	0.18439	0.18439	0.18439	0.18439	0.18439	0.18439	0.18439	0.04769	0.05654	0.05654	0.05654	0.05654	0.05492	0.05492	0.05492	0.05492	0.05492	0.05492	0.05492	0.05418	0.05532	0.05532	0.05532	0.05532	0.05357	0.05357	0.05797	0.05797	0.05797	0.05797	0.05797	0.05797	0.05593	0.05649	0.05649	0.05659	0.05659	0.06023	0.05844	0.05844	0.06002	0.05999	0.05999	0.06006	0.06006	0.05786	0.06005	0.06005	0.06005	0.06005	0.06005	0.06135	0.06135	0.06135	0.06135	0.06135	0.06135	0.06135	0.06135	0.06135
"26"	0.95614	0.99586	1.00267	0.81666	0.61825	0.53176	0.53176	0.53803	0.53872	0.55344	0.55344	0.6148	0.6148	0.61385	0.61467	0.61497	0.63161	0.64338	0.64338	0.6759	0.6726	0.6726	0.67304	0.67304	0.66104	0.64964	0.67726	0.67726	0.68241	0.67878	0.67878	0.67878	0.6875	0.68277	0.68277	0.68277	0.68277	0.68277	0.68167	0.68089	0.68089	0.6825	0.6825	0.07629	0.07629	0.07629	0.07588	0.07489	0.07347	0.0729	0.0729	0.07315	0.07361	0.07283	0.07283	0.07283	0.07283	0.07283	0.07283	0.07283	0.07283	0.07283	0.0722	0.07546	0.07604	0.07038	0.07561	0.07561	0.07887	0.07074	0.06999	0.06839	0.06558	0.06536	0.0575	0.05828	0.05859	0.05812	0.05867	0.05863	0.05863	0.04467	0.04467	0.04467	0.04851	0.04667	0.04667	0.05162	0.05162	0.04886	0.04932	0.04956	0.05553	0.05553	0.05202	0.05202	0.05272	0.05469	0.05671	0.05671	0.05671	0.05533	0.05359	0.05359	0.05437	0.05377	0.05177	0.05222	0.05222	0.05222	0.05141	0.05317	0.05371	0.04183	0.04119	0.04119	0.04119	0.03834	0.04269	0.04122	0.04357	0.0465	0.03741	0.03741	0.03029	0.02981	0.02981	0.02972	0.03158	0.03233	0.03137	0.03137	0.03224	0.03439	0.03201	0.03201	0.03256	0.03354	0.03311	0.02105	0.02105	0.02105	0.02299	0.02303	0.02464	0.02326	0.02326	0.02326	0.02326	0.02326	0.01873	0.01873	0.01736	0.02334	0.02334	0.02334	0.01798	0.01786	0.0175	0.01811	0.01617	0.01617	0.0193	0.02041	0.02041	0.01991	0.01898	0.01036	0.01181	0.01198	0.01198	0.01198	0.01328	0.01328	0.01328	0.01328	0.00594	0.00588	0.00446	0.00446	0.00275	0.0022	0.00252	0.00252	0	0.0011	0.0011	0.0011	0.0011	0.05038	0.0757	0.07997	0.08194	0.0829	0.0829	0.08367	0.11203	0.11203	0.11253	0.14778	0.15516	0.15516	0.15516	0.20062	0.14304	0.1436	0.1436	0.1726	0.17605	0.17558	0.18407	0.18407	0.18407	0.18407	0.18407	0.18407	0.18407	0.04737	0.05622	0.05622	0.05622	0.05622	0.0546	0.0546	0.0546	0.0546	0.0546	0.0546	0.0546	0.05386	0.055	0.055	0.055	0.055	0.05325	0.05325	0.05765	0.05765	0.05765	0.05765	0.05765	0.05765	0.05561	0.05617	0.05617	0.05627	0.05627	0.05991	0.05812	0.05812	0.0597	0.05967	0.05967	0.05974	0.05974	0.05754	0.05973	0.05973	0.05973	0.05973	0.05973	0.06103	0.06103	0.06103	0.06103	0.06103	0.06103	0.06103	0.06103	0.06103
"249"	0.95614	0.99586	1.00267	0.81666	0.61825	0.53176	0.53176	0.53803	0.53872	0.55344	0.55344	0.6148	0.6148	0.61385	0.61467	0.61497	0.63161	0.64338	0.64338	0.6759	0.6726	0.6726	0.67304	0.67304	0.66104	0.64964	0.67726	0.67726	0.68241	0.67878	0.67878	0.67878	0.6875	0.68277	0.68277	0.68277	0.68277	0.68277	0.68167	0.68089	0.68089	0.6825	0.6825	0.07629	0.07629	0.07629	0.07588	0.07489	0.07347	0.0729	0.0729	0.07315	0.07361	0.07283	0.07283	0.07283	0.07283	0.07283	0.07283	0.07283	0.07283	0.07283	0.0722	0.07546	0.07604	0.07038	0.07561	0.07561	0.07887	0.07074	0.06999	0.06839	0.06558	0.06536	0.0575	0.05828	0.05859	0.05812	0.05867	0.05863	0.05863	0.04467	0.04467	0.04467	0.04851	0.04667	0.04667	0.05162	0.05162	0.04886	0.04932	0.04956	0.05553	0.05553	0.05202	0.05202	0.05272	0.05469	0.05671	0.05671	0.05671	0.05533	0.05359	0.05359	0.05437	0.05377	0.05177	0.05222	0.05222	0.05222	0.05141	0.05317	0.05371	0.04183	0.04119	0.04119	0.04119	0.03834	0.04269	0.04122	0.04357	0.0465	0.03741	0.03741	0.03029	0.02981	0.02981	0.02972	0.03158	0.03233	0.03137	0.03137	0.03224	0.03439	0.03201	0.03201	0.03256	0.03354	0.03311	0.02105	0.02105	0.02105	0.02299	0.02303	0.02464	0.02326	0.02326	0.02326	0.02326	0.02326	0.01873	0.01873	0.01736	0.02334	0.02334	0.02334	0.01798	0.01786	0.0175	0.01811	0.01617	0.01617	0.0193	0.02041	0.02041	0.01991	0.01898	0.01036	0.01181	0.01198	0.01198	0.01198	0.01328	0.01328	0.01328	0.01328	0.00594	0.00588	0.00446	0.00446	0.00275	0.0022	0.00252	0.00252	0.0011	0	0	0	0	0.05038	0.0757	0.07997	0.08194	0.0829	0.0829	0.08367	0.11203	0.11203	0.11253	0.14778	0.15516	0.15516	0.15516	0.20062	0.14304	0.1436	0.1436	0.1726	0.17605	0.17558	0.18407	0.18407	0.18407	0.18407	0.18407	0.18407	0.18407	0.04737	0.05622	0.05622	0.05622	0.05622	0.0546	0.0546	0.0546	0.0546	0.0546	0.0546	0.0546	0.05386	0.055	0.055	0.055	0.055	0.05325	0.05325	0.05765	0.05765	0.05765	0.05765	0.05765	0.05765	0.05561	0.05617	0.05617	0.05627	0.05627	0.05991	0.05812	0.05812	0.0597	0.05967	0.05967	0.05974	0.05974	0.05754	0.05973	0.05973	0.05973	0.05973	0.05973	0.06103	0.06103	0.06103	0.06103	0.06103	0.06103	0.06103	0.06103	0.06103
"250"	0.95614	0.99586	1.00267	0.81666	0.61825	0.53176	0.53176	0.53803	0.53872	0.55344	0.55344	0.6148	0.6148	0.61385	0.61467	0.61497	0.63161	0.64338	0.64338	0.6759	0.6726	0.6726	0.67304	0.67304	0.66104	0.64964	0.67726	0.67726	0.68241	0.67878	0.67878	0.67878	0.6875	0.68277	0.68277	0.68277	0.68277	0.68277	0.68167	0.68089	0.68089	0.6825	0.6825	0.07629	0.07629	0.07629	0.07588	0.07489	0.07347	0.0729	0.0729	0.07315	0.07361	0.07283	0.07283	0.07283	0.07283	0.07283	0.07283	0.07283	0.07283	0.07283	0.0722	0.07546	0.07604	0.07038	0.07561	0.07561	0.07887	0.07074	0.06999	0.06839	0.06558	0.06536	0.0575	0.05828	0.05859	0.05812	0.05867	0.05863	0.05863	0.04467	0.04467	0.04467	0.04851	0.04667	0.04667	0.05162	0.05162	0.04886	0.04932	0.04956	0.05553	0.05553	0.05202	0.05202	0.05272	0.05469	0.05671	0.05671	0.05671	0.05533	0.05359	0.05359	0.05437	0.05377	0.05177	0.05222	0.05222	0.05222	0.05141	0.05317	0.05371	0.04183	0.04119	0.04119	0.04119	0.03834	0.04269	0.04122	0.04357	0.0465	0.03741	0.03741	0.03029	0.02981	0.02981	0.02972	0.03158	0.03233	0.03137	0.03137	0.03224	0.03439	0.03201	0.03201	0.03256	0.03354	0.03311	0.02105	0.02105	0.02105	0.02299	0.02303	0.02464	0.02326	0.02326	0.02326	0.02326	0.02326	0.01873	0.01873	0.01736	0.02334	0.02334	0.02334	0.01798	0.01786	0.0175	0.01811	0.01617	0.01617	0.0193	0.02041	0.02041	0.01991	0.01898	0.01036	0.01181	0.01198	0.01198	0.01198	0.01328	0.01328	0.01328	0.01328	0.00594	0.00588	0.00446	0.00446	0.00275	0.0022	0.00252	0.00252	0.0011	0	0	0	0	0.05038	0.0757	0.07997	0.08194	0.0829	0.0829	0.08367	0.11203	0.11203	0.11253	0.14778	0.15516	0.15516	0.15516	0.20062	0.14304	0.1436	0.1436	0.1726	0.17605	0.17558	0.18407	0.18407	0.18407	0.18407	0.18407	0.18407	0.18407	0.04737	0.05622	0.05622	0.05622	0.05622	0.0546	0.0546	0.0546	0.0546	0.0546	0.0546	0.0546	0.05386	0.055	0.055	0.055	0.055	0.05325	0.05325	0.05765	0.05765	0.05765	0.05765	0.05765	0.05765	0.05561	0.05617	0.05617	0.05627	0.05627	0.05991	0.05812	0.05812	0.0597	0.05967	0.05967	0.05974	0.05974	0.05754	0.05973	0.05973	0.05973	0.05973	0.05973	0.06103	0.06103	0.06103	0.06103	0.06103	0.06103	0.06103	0.06103	0.06103
"202"	0.95614	0.99586	1.00267	0.81666	0.61825	0.53176	0.53176	0.53803	0.53872	0.55344	0.55344	0.6148	0.6148	0.61385	0.61467	0.61497	0.63161	0.64338	0.64338	0.6759	0.6726	0.6726	0.67304	0.67304	0.66104	0.64964	0.67726	0.67726	0.68241	0.67878	0.67878	0.67878	0.6875	0.68277	0.68277	0.68277	0.68277	0.68277	0.68167	0.68089	0.68089	0.6825	0.6825	0.07629	0.07629	0.07629	0.07588	0.07489	0.07347	0.0729	0.0729	0.07315	0.07361	0.07283	0.07283	0.07283	0.07283	0.07283	0.07283	0.07283	0.07283	0.07283	0.0722	0.07546	0.07604	0.07038	0.07561	0.07561	0.07887	0.07074	0.06999	0.06839	0.06558	0.06536	0.0575	0.05828	0.05859	0.05812	0.05867	0.05863	0.05863	0.04467	0.04467	0.04467	0.04851	0.04667	0.04667	0.05162	0.05162	0.04886	0.04932	0.04956	0.05553	0.05553	0.05202	0.05202	0.05272	0.05469	0.05671	0.05671	0.05671	0.05533	0.05359	0.05359	0.05437	0.05377	0.05177	0.05222	0.05222	0.05222	0.05141	0.05317	0.05371	0.04183	0.04119	0.04119	0.04119	0.03834	0.04269	0.04122	0.04357	0.0465	0.03741	0.03741	0.03029	0.02981	0.02981	0.02972	0.03158	0.03233	0.03137	0.03137	0.03224	0.03439	0.03201	0.03201	0.03256	0.03354	0.03311	0.02105	0.02105	0.02105	0.02299	0.02303	0.02464	0.02326	0.02326	0.02326	0.02326	0.02326	0.01873	0.01873	0.01736	0.02334	0.02334	0.02334	0.01798	0.01786	0.0175	0.01811	0.01617	0.01617	0.0193	0.02041	0.02041	0.01991	0.01898	0.01036	0.01181	0.01198	0.01198	0.01198	0.01328	0.01328	0.01328	0.01328	0.00594	0.00588	0.00446	0.00446	0.00275	0.0022	0.00252	0.00252	0.0011	0	0	0	0	0.05038	0.0757	0.07997	0.08194	0.0829	0.0829	0.08367	0.11203	0.11203	0.11253	0.14778	0.15516	0.15516	0.15516	0.20062	0.14304	0.1436	0.1436	0.1726	0.17605	0.17558	0.18407	0.18407	0.18407	0.18407	0.18407	0.18407	0.18407	0.04737	0.05622	0.05622	0.05622	0.05622	0.0546	0.0546	0.0546	0.0546	0.0546	0.0546	0.0546	0.05386	0.055	0.055	0.055	0.055	0.05325	0.05325	0.05765	0.05765	0.05765	0.05765	0.05765	0.05765	0.05561	0.05617	0.05617	0.05627	0.05627	0.05991	0.05812	0.05812	0.0597	0.05967	0.05967	0.05974	0.05974	0.05754	0.05973	0.05973	0.05973	0.05973	0.05973	0.06103	0.06103	0.06103	0.06103	0.06103	0.06103	0.06103	0.06103	0.06103
"203"	0.95614	0.99586	1.00267	0.81666	0.61825	0.53176	0.53176	0.53803	0.53872	0.55344	0.55344	0.6148	0.6148	0.61385	0.61467	0.61497	0.63161	0.64338	0.64338	0.6759	0.6726	0.6726	0.67304	0.67304	0.66104	0.64964	0.67726	0.67726	0.68241	0.67878	0.67878	0.67878	0.6875	0.68277	0.68277	0.68277	0.68277	0.68277	0.68167	0.68089	0.68089	0.6825	0.6825	0.07629	0.07629	0.07629	0.07588	0.07489	0.07347	0.0729	0.0729	0.07315	0.07361	0.07283	0.07283	0.07283	0.07283	0.07283	0.07283	0.07283	0.07283	0.07283	0.0722	0.07546	0.07604	0.07038	0.07561	0.07561	0.07887	0.07074	0.06999	0.06839	0.06558	0.06536	0.0575	0.05828	0.05859	0.05812	0.05867	0.05863	0.05863	0.04467	0.04467	0.04467	0.04851	0.04667	0.04667	0.05162	0.05162	0.04886	0.04932	0.04956	0.05553	0.05553	0.05202	0.05202	0.05272	0.05469	0.05671	0.05671	0.05671	0.05533	0.05359	0.05359	0.05437	0.05377	0.05177	0.05222	0.05222	0.05222	0.05141	0.05317	0.05371	0.04183	0.04119	0.04119	0.04119	0.03834	0.04269	0.04122	0.04357	0.0465	0.03741	0.03741	0.03029	0.02981	0.02981	0.02972	0.03158	0.03233	0.03137	0.03137	0.03224	0.03439	0.03201	0.03201	0.03256	0.03354	0.03311	0.02105	0.02105	0.02105	0.02299	0.02303	0.02464	0.02326	0.02326	0.02326	0.02326	0.02326	0.01873	0.01873	0.01736	0.02334	0.02334	0.02334	0.01798	0.01786	0.0175	0.01811	0.01617	0.01617	0.0193	0.02041	0.02041	0.01991	0.01898	0.01036	0.01181	0.01198	0.01198	0.01198	0.01328	0.01328	0.01328	0.01328	0.00594	0.00588	0.00446	0.00446	0.00275	0.0022	0.00252	0.00252	0.0011	0	0	0	0	0.05038	0.0757	0.07997	0.08194	0.0829	0.0829	0.08367	0.11203	0.11203	0.11253	0.14778	0.15516	0.15516	0.15516	0.20062	0.14304	0.1436	0.1436	0.1726	0.17605	0.17558	0.18407	0.18407	0.18407	0.18407	0.18407	0.18407	0.18407	0.04737	0.05622	0.05622	0.05622	0.05622	0.0546	0.0546	0.0546	0.0546	0.0546	0.0546	0.0546	0.05386	0.055	0.055	0.055	0.055	0.05325	0.05325	0.05765	0.05765	0.05765	0.05765	0.05765	0.05765	0.05561	0.05617	0.05617	0.05627	0.05627	0.05991	0.05812	0.05812	0.0597	0.05967	0.05967	0.05974	0.05974	0.05754	0.05973	0.05973	0.05973	0.05973	0.05973	0.06103	0.06103	0.06103	0.06103	0.06103	0.06103	0.06103	0.06103	0.06103
"12"	0.95678	0.9965	1.00331	0.8173	0.61889	0.5324	0.5324	0.53867	0.53936	0.55408	0.55408	0.61544	0.61544	0.61449	0.61531	0.61561	0.63225	0.64402	0.64402	0.67654	0.67324	0.67324	0.67368	0.67368	0.66168	0.65028	0.6779	0.6779	0.68305	0.67942	0.67942	0.67942	0.68814	0.68341	0.68341	0.68341	0.68341	0.68341	0.68231	0.68153	0.68153	0.68314	0.68314	0.07693	0.07693	0.07693	0.07652	0.07553	0.07411	0.07354	0.07354	0.07379	0.07425	0.07347	0.07347	0.07347	0.07347	0.07347	0.07347	0.07347	0.07347	0.07347	0.07284	0.0761	0.07668	0.07102	0.07625	0.07625	0.07951	0.07138	0.07063	0.06903	0.06622	0.066	0.05814	0.05892	0.05923	0.05876	0.05931	0.05927	0.05927	0.04531	0.04531	0.04531	0.04915	0.04731	0.04731	0.05226	0.05226	0.0495	0.04996	0.0502	0.05617	0.05617	0.05266	0.05266	0.05336	0.05533	0.05735	0.05735	0.05735	0.05597	0.05423	0.05423	0.05501	0.05441	0.05241	0.05286	0.05286	0.05286	0.05205	0.05381	0.05435	0.04247	0.04183	0.04183	0.04183	0.03898	0.04333	0.04186	0.04421	0.04714	0.04145	0.04145	0.04405	0.04357	0.04357	0.04348	0.04534	0.04609	0.04513	0.04513	0.046	0.04815	0.04577	0.04577	0.04632	0.0473	0.04687	0.04343	0.04343	0.04343	0.04537	0.04541	0.04702	0.04564	0.04564	0.04564	0.04564	0.04564	0.04963	0.04963	0.04826	0.05424	0.05424	0.05424	0.04888	0.04876	0.0484	0.04901	0.04707	0.04707	0.0502	0.05131	0.05131	0.05081	0.04988	0.0479	0.04935	0.04952	0.04952	0.04952	0.05082	0.05082	0.05082	0.05082	0.04792	0.04786	0.04864	0.04864	0.04873	0.04928	0.0507	0.0507	0.05038	0.05038	0.05038	0.05038	0.05038	0	0.05746	0.06173	0.0637	0.06466	0.06466	0.06543	0.09379	0.09379	0.09429	0.12954	0.13692	0.13692	0.13692	0.18238	0.1248	0.12536	0.12536	0.15436	0.15781	0.15734	0.16583	0.16583	0.16583	0.16583	0.16583	0.16583	0.16583	0.04019	0.04904	0.04904	0.04904	0.04904	0.04742	0.04742	0.04742	0.04742	0.04742	0.04742	0.04742	0.04668	0.04782	0.04782	0.04782	0.04782	0.04607	0.04607	0.05047	0.05047	0.05047	0.05047	0.05047	0.05047	0.04843	0.04899	0.04899	0.04909	0.04909	0.05273	0.05094	0.05094	0.05252	0.05249	0.05249	0.05256	0.05256	0.05036	0.05255	0.05255	0.05255	0.05255	0.05255	0.05385	0.05385	0.05385	0.05385	0.05385	0.05385	0.05385	0.05385	0.05385
"220"	0.9821	1.02182	1.02863	0.84262	0.64421	0.55772	0.55772	0.56399	0.56468	0.5794	0.5794	0.64076	0.64076	0.63981	0.64063	0.64093	0.65757	0.66934	0.66934	0.70186	0.69856	0.69856	0.699	0.699	0.687	0.6756	0.70322	0.70322	0.70837	0.70474	0.70474	0.70474	0.71346	0.70873	0.70873	0.70873	0.70873	0.70873	0.70763	0.70685	0.70685	0.70846	0.70846	0.10225	0.10225	0.10225	0.10184	0.10085	0.09943	0.09886	0.09886	0.09911	0.09957	0.09879	0.09879	0.09879	0.09879	0.09879	0.09879	0.09879	0.09879	0.09879	0.09816	0.10142	0.102	0.09634	0.10157	0.10157	0.10483	0.0967	0.09595	0.09435	0.09154	0.09132	0.08346	0.08424	0.08455	0.08408	0.08463	0.08459	0.08459	0.07063	0.07063	0.07063	0.07447	0.07263	0.07263	0.07758	0.07758	0.07482	0.07528	0.07552	0.08149	0.08149	0.07798	0.07798	0.07868	0.08065	0.08267	0.08267	0.08267	0.08129	0.07955	0.07955	0.08033	0.07973	0.07773	0.07818	0.07818	0.07818	0.07737	0.07913	0.07967	0.06779	0.06715	0.06715	0.06715	0.0643	0.06865	0.06718	0.06953	0.07246	0.06677	0.06677	0.06937	0.06889	0.06889	0.0688	0.07066	0.07141	0.07045	0.07045	0.07132	0.07347	0.07109	0.07109	0.07164	0.07262	0.07219	0.06875	0.06875	0.06875	0.07069	0.07073	0.07234	0.07096	0.07096	0.07096	0.07096	0.07096	0.07495	0.07495	0.07358	0.07956	0.07956	0.07956	0.0742	0.07408	0.07372	0.07433	0.07239	0.07239	0.07552	0.07663	0.07663	0.07613	0.0752	0.07322	0.07467	0.07484	0.07484	0.07484	0.07614	0.07614	0.07614	0.07614	0.07324	0.07318	0.07396	0.07396	0.07405	0.0746	0.07602	0.07602	0.0757	0.0757	0.0757	0.0757	0.0757	0.05746	0	0.01987	0.02184	0.0228	0.0228	0.02357	0.09681	0.09681	0.09731	0.13256	0.13994	0.13994	0.13994	0.1854	0.12782	0.12838	0.12838	0.15738	0.16083	0.16036	0.16885	0.16885	0.16885	0.16885	0.16885	0.16885	0.16885	0.06551	0.07436	0.07436	0.07436	0.07436	0.07274	0.07274	0.07274	0.07274	0.07274	0.07274	0.07274	0.072	0.07314	0.07314	0.07314	0.07314	0.07139	0.07139	0.07579	0.07579	0.07579	0.07579	0.07579	0.07579	0.07375	0.07431	0.07431	0.07441	0.07441	0.07805	0.07626	0.07626	0.07784	0.07781	0.07781	0.07788	0.07788	0.07568	0.07787	0.07787	0.07787	0.07787	0.07787	0.07917	0.07917	0.07917	0.07917	0.07917	0.07917	0.07917	0.07917	0.07917
"290"	0.98637	1.02609	1.0329	0.84689	0.64848	0.56199	0.56199	0.56826	0.56895	0.58367	0.58367	0.64503	0.64503	0.64408	0.6449	0.6452	0.66184	0.67361	0.67361	0.70613	0.70283	0.70283	0.70327	0.70327	0.69127	0.67987	0.70749	0.70749	0.71264	0.70901	0.70901	0.70901	0.71773	0.713	0.713	0.713	0.713	0.713	0.7119	0.71112	0.71112	0.71273	0.71273	0.10652	0.10652	0.10652	0.10611	0.10512	0.1037	0.10313	0.10313	0.10338	0.10384	0.10306	0.10306	0.10306	0.10306	0.10306	0.10306	0.10306	0.10306	0.10306	0.10243	0.10569	0.10627	0.10061	0.10584	0.10584	0.1091	0.10097	0.10022	0.09862	0.09581	0.09559	0.08773	0.08851	0.08882	0.08835	0.0889	0.08886	0.08886	0.0749	0.0749	0.0749	0.07874	0.0769	0.0769	0.08185	0.08185	0.07909	0.07955	0.07979	0.08576	0.08576	0.08225	0.08225	0.08295	0.08492	0.08694	0.08694	0.08694	0.08556	0.08382	0.08382	0.0846	0.084	0.082	0.08245	0.08245	0.08245	0.08164	0.0834	0.08394	0.07206	0.07142	0.07142	0.07142	0.06857	0.07292	0.07145	0.0738	0.07673	0.07104	0.07104	0.07364	0.07316	0.07316	0.07307	0.07493	0.07568	0.07472	0.07472	0.07559	0.07774	0.07536	0.07536	0.07591	0.07689	0.07646	0.07302	0.07302	0.07302	0.07496	0.075	0.07661	0.07523	0.07523	0.07523	0.07523	0.07523	0.07922	0.07922	0.07785	0.08383	0.08383	0.08383	0.07847	0.07835	0.07799	0.0786	0.07666	0.07666	0.07979	0.0809	0.0809	0.0804	0.07947	0.07749	0.07894	0.07911	0.07911	0.07911	0.08041	0.08041	0.08041	0.08041	0.07751	0.07745	0.07823	0.07823	0.07832	0.07887	0.08029	0.08029	0.07997	0.07997	0.07997	0.07997	0.07997	0.06173	0.01987	0	0.01413	0.01509	0.01509	0.01586	0.10108	0.10108	0.10158	0.13683	0.14421	0.14421	0.14421	0.18967	0.13209	0.13265	0.13265	0.16165	0.1651	0.16463	0.17312	0.17312	0.17312	0.17312	0.17312	0.17312	0.17312	0.06978	0.07863	0.07863	0.07863	0.07863	0.07701	0.07701	0.07701	0.07701	0.07701	0.07701	0.07701	0.07627	0.07741	0.07741	0.07741	0.07741	0.07566	0.07566	0.08006	0.08006	0.08006	0.08006	0.08006	0.08006	0.07802	0.07858	0.07858	0.07868	0.07868	0.08232	0.08053	0.08053	0.08211	0.08208	0.08208	0.08215	0.08215	0.07995	0.08214	0.08214	0.08214	0.08214	0.08214	0.08344	0.08344	0.08344	0.08344	0.08344	0.08344	0.08344	0.08344	0.08344
"358"	0.98834	1.02806	1.03487	0.84886	0.65045	0.56396	0.56396	0.57023	0.57092	0.58564	0.58564	0.647	0.647	0.64605	0.64687	0.64717	0.66381	0.67558	0.67558	0.7081	0.7048	0.7048	0.70524	0.70524	0.69324	0.68184	0.70946	0.70946	0.71461	0.71098	0.71098	0.71098	0.7197	0.71497	0.71497	0.71497	0.71497	0.71497	0.71387	0.71309	0.71309	0.7147	0.7147	0.10849	0.10849	0.10849	0.10808	0.10709	0.10567	0.1051	0.1051	0.10535	0.10581	0.10503	0.10503	0.10503	0.10503	0.10503	0.10503	0.10503	0.10503	0.10503	0.1044	0.10766	0.10824	0.10258	0.10781	0.10781	0.11107	0.10294	0.10219	0.10059	0.09778	0.09756	0.0897	0.09048	0.09079	0.09032	0.09087	0.09083	0.09083	0.07687	0.07687	0.07687	0.08071	0.07887	0.07887	0.08382	0.08382	0.08106	0.08152	0.08176	0.08773	0.08773	0.08422	0.08422	0.08492	0.08689	0.08891	0.08891	0.08891	0.08753	0.08579	0.08579	0.08657	0.08597	0.08397	0.08442	0.08442	0.08442	0.08361	0.08537	0.08591	0.07403	0.07339	0.07339	0.07339	0.07054	0.07489	0.07342	0.07577	0.0787	0.07301	0.07301	0.07561	0.07513	0.07513	0.07504	0.0769	0.07765	0.07669	0.07669	0.07756	0.07971	0.07733	0.07733	0.07788	0.07886	0.07843	0.07499	0.07499	0.07499	0.07693	0.07697	0.07858	0.0772	0.0772	0.0772	0.0772	0.0772	0.08119	0.08119	0.07982	0.0858	0.0858	0.0858	0.08044	0.08032	0.07996	0.08057	0.07863	0.07863	0.08176	0.08287	0.08287	0.08237	0.08144	0.07946	0.08091	0.08108	0.08108	0.08108	0.08238	0.08238	0.08238	0.08238	0.07948	0.07942	0.0802	0.0802	0.08029	0.08084	0.08226	0.08226	0.08194	0.08194	0.08194	0.08194	0.08194	0.0637	0.02184	0.01413	0	0.00534	0.00534	0.00611	0.10305	0.10305	0.10355	0.1388	0.14618	0.14618	0.14618	0.19164	0.13406	0.13462	0.13462	0.16362	0.16707	0.1666	0.17509	0.17509	0.17509	0.17509	0.17509	0.17509	0.17509	0.07175	0.0806	0.0806	0.0806	0.0806	0.07898	0.07898	0.07898	0.07898	0.07898	0.07898	0.07898	0.07824	0.07938	0.07938	0.07938	0.07938	0.07763	0.07763	0.08203	0.08203	0.08203	0.08203	0.08203	0.08203	0.07999	0.08055	0.08055	0.08065	0.08065	0.08429	0.0825	0.0825	0.08408	0.08405	0.08405	0.08412	0.08412	0.08192	0.08411	0.08411	0.08411	0.08411	0.08411	0.08541	0.08541	0.08541	0.08541	0.08541	0.08541	0.08541	0.08541	0.08541
"311"	0.9893	1.02902	1.03583	0.84982	0.65141	0.56492	0.56492	0.57119	0.57188	0.5866	0.5866	0.64796	0.64796	0.64701	0.64783	0.64813	0.66477	0.67654	0.67654	0.70906	0.70576	0.70576	0.7062	0.7062	0.6942	0.6828	0.71042	0.71042	0.71557	0.71194	0.71194	0.71194	0.72066	0.71593	0.71593	0.71593	0.71593	0.71593	0.71483	0.71405	0.71405	0.71566	0.71566	0.10945	0.10945	0.10945	0.10904	0.10805	0.10663	0.10606	0.10606	0.10631	0.10677	0.10599	0.10599	0.10599	0.10599	0.10599	0.10599	0.10599	0.10599	0.10599	0.10536	0.10862	0.1092	0.10354	0.10877	0.10877	0.11203	0.1039	0.10315	0.10155	0.09874	0.09852	0.09066	0.09144	0.09175	0.09128	0.09183	0.09179	0.09179	0.07783	0.07783	0.07783	0.08167	0.07983	0.07983	0.08478	0.08478	0.08202	0.08248	0.08272	0.08869	0.08869	0.08518	0.08518	0.08588	0.08785	0.08987	0.08987	0.08987	0.08849	0.08675	0.08675	0.08753	0.08693	0.08493	0.08538	0.08538	0.08538	0.08457	0.08633	0.08687	0.07499	0.07435	0.07435	0.07435	0.0715	0.07585	0.07438	0.07673	0.07966	0.07397	0.07397	0.07657	0.07609	0.07609	0.076	0.07786	0.07861	0.07765	0.07765	0.07852	0.08067	0.07829	0.07829	0.07884	0.07982	0.07939	0.07595	0.07595	0.07595	0.07789	0.07793	0.07954	0.07816	0.07816	0.07816	0.07816	0.07816	0.08215	0.08215	0.08078	0.08676	0.08676	0.08676	0.0814	0.08128	0.08092	0.08153	0.07959	0.07959	0.08272	0.08383	0.08383	0.08333	0.0824	0.08042	0.08187	0.08204	0.08204	0.08204	0.08334	0.08334	0.08334	0.08334	0.08044	0.08038	0.08116	0.08116	0.08125	0.0818	0.08322	0.08322	0.0829	0.0829	0.0829	0.0829	0.0829	0.06466	0.0228	0.01509	0.00534	0	0	0.00179	0.10401	0.10401	0.10451	0.13976	0.14714	0.14714	0.14714	0.1926	0.13502	0.13558	0.13558	0.16458	0.16803	0.16756	0.17605	0.17605	0.17605	0.17605	0.17605	0.17605	0.17605	0.07271	0.08156	0.08156	0.08156	0.08156	0.07994	0.07994	0.07994	0.07994	0.07994	0.07994	0.07994	0.0792	0.08034	0.08034	0.08034	0.08034	0.07859	0.07859	0.08299	0.08299	0.08299	0.08299	0.08299	0.08299	0.08095	0.08151	0.08151	0.08161	0.08161	0.08525	0.08346	0.08346	0.08504	0.08501	0.08501	0.08508	0.08508	0.08288	0.08507	0.08507	0.08507	0.08507	0.08507	0.08637	0.08637	0.08637	0.08637	0.08637	0.08637	0.08637	0.08637	0.08637
"359"	0.9893	1.02902	1.03583	0.84982	0.65141	0.56492	0.56492	0.57119	0.57188	0.5866	0.5866	0.64796	0.64796	0.64701	0.64783	0.64813	0.66477	0.67654	0.67654	0.70906	0.70576	0.70576	0.7062	0.7062	0.6942	0.6828	0.71042	0.71042	0.71557	0.71194	0.71194	0.71194	0.72066	0.71593	0.71593	0.71593	0.71593	0.71593	0.71483	0.71405	0.71405	0.71566	0.71566	0.10945	0.10945	0.10945	0.10904	0.10805	0.10663	0.10606	0.10606	0.10631	0.10677	0.10599	0.10599	0.10599	0.10599	0.10599	0.10599	0.10599	0.10599	0.10599	0.10536	0.10862	0.1092	0.10354	0.10877	0.10877	0.11203	0.1039	0.10315	0.10155	0.09874	0.09852	0.09066	0.09144	0.09175	0.09128	0.09183	0.09179	0.09179	0.07783	0.07783	0.07783	0.08167	0.07983	0.07983	0.08478	0.08478	0.08202	0.08248	0.08272	0.08869	0.08869	0.08518	0.08518	0.08588	0.08785	0.08987	0.08987	0.08987	0.08849	0.08675	0.08675	0.08753	0.08693	0.08493	0.08538	0.08538	0.08538	0.08457	0.08633	0.08687	0.07499	0.07435	0.07435	0.07435	0.0715	0.07585	0.07438	0.07673	0.07966	0.07397	0.07397	0.07657	0.07609	0.07609	0.076	0.07786	0.07861	0.07765	0.07765	0.07852	0.08067	0.07829	0.07829	0.07884	0.07982	0.07939	0.07595	0.07595	0.07595	0.07789	0.07793	0.07954	0.07816	0.07816	0.07816	0.07816	0.07816	0.08215	0.08215	0.08078	0.08676	0.08676	0.08676	0.0814	0.08128	0.08092	0.08153	0.07959	0.07959	0.08272	0.08383	0.08383	0.08333	0.0824	0.08042	0.08187	0.08204	0.08204	0.08204	0.08334	0.08334	0.08334	0.08334	0.08044	0.08038	0.08116	0.08116	0.08125	0.0818	0.08322	0.08322	0.0829	0.0829	0.0829	0.0829	0.0829	0.06466	0.0228	0.01509	0.00534	0	0	0.00179	0.10401	0.10401	0.10451	0.13976	0.14714	0.14714	0.14714	0.1926	0.13502	0.13558	0.13558	0.16458	0.16803	0.16756	0.17605	0.17605	0.17605	0.17605	0.17605	0.17605	0.17605	0.07271	0.08156	0.08156	0.08156	0.08156	0.07994	0.07994	0.07994	0.07994	0.07994	0.07994	0.07994	0.0792	0.08034	0.08034	0.08034	0.08034	0.07859	0.07859	0.08299	0.08299	0.08299	0.08299	0.08299	0.08299	0.08095	0.08151	0.08151	0.08161	0.08161	0.08525	0.08346	0.08346	0.08504	0.08501	0.08501	0.08508	0.08508	0.08288	0.08507	0.08507	0.08507	0.08507	0.08507	0.08637	0.08637	0.08637	0.08637	0.08637	0.08637	0.08637	0.08637	0.08637
"243"	0.99007	1.02979	1.0366	0.85059	0.65218	0.56569	0.56569	0.57196	0.57265	0.58737	0.58737	0.64873	0.64873	0.64778	0.6486	0.6489	0.66554	0.67731	0.67731	0.70983	0.70653	0.70653	0.70697	0.70697	0.69497	0.68357	0.71119	0.71119	0.71634	0.71271	0.71271	0.71271	0.72143	0.7167	0.7167	0.7167	0.7167	0.7167	0.7156	0.71482	0.71482	0.71643	0.71643	0.11022	0.11022	0.11022	0.10981	0.10882	0.1074	0.10683	0.10683	0.10708	0.10754	0.10676	0.10676	0.10676	0.10676	0.10676	0.10676	0.10676	0.10676	0.10676	0.10613	0.10939	0.10997	0.10431	0.10954	0.10954	0.1128	0.10467	0.10392	0.10232	0.09951	0.09929	0.09143	0.09221	0.09252	0.09205	0.0926	0.09256	0.09256	0.0786	0.0786	0.0786	0.08244	0.0806	0.0806	0.08555	0.08555	0.08279	0.08325	0.08349	0.08946	0.08946	0.08595	0.08595	0.08665	0.08862	0.09064	0.09064	0.09064	0.08926	0.08752	0.08752	0.0883	0.0877	0.0857	0.08615	0.08615	0.08615	0.08534	0.0871	0.08764	0.07576	0.07512	0.07512	0.07512	0.07227	0.07662	0.07515	0.0775	0.08043	0.07474	0.07474	0.07734	0.07686	0.07686	0.07677	0.07863	0.07938	0.07842	0.07842	0.07929	0.08144	0.07906	0.07906	0.07961	0.08059	0.08016	0.07672	0.07672	0.07672	0.07866	0.0787	0.08031	0.07893	0.07893	0.07893	0.07893	0.07893	0.08292	0.08292	0.08155	0.08753	0.08753	0.08753	0.08217	0.08205	0.08169	0.0823	0.08036	0.08036	0.08349	0.0846	0.0846	0.0841	0.08317	0.08119	0.08264	0.08281	0.08281	0.08281	0.08411	0.08411	0.08411	0.08411	0.08121	0.08115	0.08193	0.08193	0.08202	0.08257	0.08399	0.08399	0.08367	0.08367	0.08367	0.08367	0.08367	0.06543	0.02357	0.01586	0.00611	0.00179	0.00179	0	0.10478	0.10478	0.10528	0.14053	0.14791	0.14791	0.14791	0.19337	0.13579	0.13635	0.13635	0.16535	0.1688	0.16833	0.17682	0.17682	0.17682	0.17682	0.17682	0.17682	0.17682	0.07348	0.08233	0.08233	0.08233	0.08233	0.08071	0.08071	0.08071	0.08071	0.08071	0.08071	0.08071	0.07997	0.08111	0.08111	0.08111	0.08111	0.07936	0.07936	0.08376	0.08376	0.08376	0.08376	0.08376	0.08376	0.08172	0.08228	0.08228	0.08238	0.08238	0.08602	0.08423	0.08423	0.08581	0.08578	0.08578	0.08585	0.08585	0.08365	0.08584	0.08584	0.08584	0.08584	0.08584	0.08714	0.08714	0.08714	0.08714	0.08714	0.08714	0.08714	0.08714	0.08714
"105"	1.01843	1.05815	1.06496	0.87895	0.68054	0.59405	0.59405	0.60032	0.60101	0.61573	0.61573	0.67709	0.67709	0.67614	0.67696	0.67726	0.6939	0.70567	0.70567	0.73819	0.73489	0.73489	0.73533	0.73533	0.72333	0.71193	0.73955	0.73955	0.7447	0.74107	0.74107	0.74107	0.74979	0.74506	0.74506	0.74506	0.74506	0.74506	0.74396	0.74318	0.74318	0.74479	0.74479	0.13858	0.13858	0.13858	0.13817	0.13718	0.13576	0.13519	0.13519	0.13544	0.1359	0.13512	0.13512	0.13512	0.13512	0.13512	0.13512	0.13512	0.13512	0.13512	0.13449	0.13775	0.13833	0.13267	0.1379	0.1379	0.14116	0.13303	0.13228	0.13068	0.12787	0.12765	0.11979	0.12057	0.12088	0.12041	0.12096	0.12092	0.12092	0.10696	0.10696	0.10696	0.1108	0.10896	0.10896	0.11391	0.11391	0.11115	0.11161	0.11185	0.11782	0.11782	0.11431	0.11431	0.11501	0.11698	0.119	0.119	0.119	0.11762	0.11588	0.11588	0.11666	0.11606	0.11406	0.11451	0.11451	0.11451	0.1137	0.11546	0.116	0.10412	0.10348	0.10348	0.10348	0.10063	0.10498	0.10351	0.10586	0.10879	0.1031	0.1031	0.1057	0.10522	0.10522	0.10513	0.10699	0.10774	0.10678	0.10678	0.10765	0.1098	0.10742	0.10742	0.10797	0.10895	0.10852	0.10508	0.10508	0.10508	0.10702	0.10706	0.10867	0.10729	0.10729	0.10729	0.10729	0.10729	0.11128	0.11128	0.10991	0.11589	0.11589	0.11589	0.11053	0.11041	0.11005	0.11066	0.10872	0.10872	0.11185	0.11296	0.11296	0.11246	0.11153	0.10955	0.111	0.11117	0.11117	0.11117	0.11247	0.11247	0.11247	0.11247	0.10957	0.10951	0.11029	0.11029	0.11038	0.11093	0.11235	0.11235	0.11203	0.11203	0.11203	0.11203	0.11203	0.09379	0.09681	0.10108	0.10305	0.10401	0.10401	0.10478	0	0	0.0035	0.14371	0.15109	0.15109	0.15109	0.19655	0.13897	0.13953	0.13953	0.16853	0.17198	0.17151	0.18	0.18	0.18	0.18	0.18	0.18	0.18	0.10184	0.11069	0.11069	0.11069	0.11069	0.10907	0.10907	0.10907	0.10907	0.10907	0.10907	0.10907	0.10833	0.10947	0.10947	0.10947	0.10947	0.10772	0.10772	0.11212	0.11212	0.11212	0.11212	0.11212	0.11212	0.11008	0.11064	0.11064	0.11074	0.11074	0.11438	0.11259	0.11259	0.11417	0.11414	0.11414	0.11421	0.11421	0.11201	0.1142	0.1142	0.1142	0.1142	0.1142	0.1155	0.1155	0.1155	0.1155	0.1155	0.1155	0.1155	0.1155	0.1155
"53"	1.01843	1.05815	1.06496	0.87895	0.68054	0.59405	0.59405	0.60032	0.60101	0.61573	0.61573	0.67709	0.67709	0.67614	0.67696	0.67726	0.6939	0.70567	0.70567	0.73819	0.73489	0.73489	0.73533	0.73533	0.72333	0.71193	0.73955	0.73955	0.7447	0.74107	0.74107	0.74107	0.74979	0.74506	0.74506	0.74506	0.74506	0.74506	0.74396	0.74318	0.74318	0.74479	0.74479	0.13858	0.13858	0.13858	0.13817	0.13718	0.13576	0.13519	0.13519	0.13544	0.1359	0.13512	0.13512	0.13512	0.13512	0.13512	0.13512	0.13512	0.13512	0.13512	0.13449	0.13775	0.13833	0.13267	0.1379	0.1379	0.14116	0.13303	0.13228	0.13068	0.12787	0.12765	0.11979	0.12057	0.12088	0.12041	0.12096	0.12092	0.12092	0.10696	0.10696	0.10696	0.1108	0.10896	0.10896	0.11391	0.11391	0.11115	0.11161	0.11185	0.11782	0.11782	0.11431	0.11431	0.11501	0.11698	0.119	0.119	0.119	0.11762	0.11588	0.11588	0.11666	0.11606	0.11406	0.11451	0.11451	0.11451	0.1137	0.11546	0.116	0.10412	0.10348	0.10348	0.10348	0.10063	0.10498	0.10351	0.10586	0.10879	0.1031	0.1031	0.1057	0.10522	0.10522	0.10513	0.10699	0.10774	0.10678	0.10678	0.10765	0.1098	0.10742	0.10742	0.10797	0.10895	0.10852	0.10508	0.10508	0.10508	0.10702	0.10706	0.10867	0.10729	0.10729	0.10729	0.10729	0.10729	0.11128	0.11128	0.10991	0.11589	0.11589	0.11589	0.11053	0.11041	0.11005	0.11066	0.10872	0.10872	0.11185	0.11296	0.11296	0.11246	0.11153	0.10955	0.111	0.11117	0.11117	0.11117	0.11247	0.11247	0.11247	0.11247	0.10957	0.10951	0.11029	0.11029	0.11038	0.11093	0.11235	0.11235	0.11203	0.11203	0.11203	0.11203	0.11203	0.09379	0.09681	0.10108	0.10305	0.10401	0.10401	0.10478	0	0	0.0035	0.14371	0.15109	0.15109	0.15109	0.19655	0.13897	0.13953	0.13953	0.16853	0.17198	0.17151	0.18	0.18	0.18	0.18	0.18	0.18	0.18	0.10184	0.11069	0.11069	0.11069	0.11069	0.10907	0.10907	0.10907	0.10907	0.10907	0.10907	0.10907	0.10833	0.10947	0.10947	0.10947	0.10947	0.10772	0.10772	0.11212	0.11212	0.11212	0.11212	0.11212	0.11212	0.11008	0.11064	0.11064	0.11074	0.11074	0.11438	0.11259	0.11259	0.11417	0.11414	0.11414	0.11421	0.11421	0.11201	0.1142	0.1142	0.1142	0.1142	0.1142	0.1155	0.1155	0.1155	0.1155	0.1155	0.1155	0.1155	0.1155	0.1155
"65"	1.01893	1.05865	1.06546	0.87945	0.68104	0.59455	0.59455	0.60082	0.60151	0.61623	0.61623	0.67759	0.67759	0.67664	0.67746	0.67776	0.6944	0.70617	0.70617	0.73869	0.73539	0.73539	0.73583	0.73583	0.72383	0.71243	0.74005	0.74005	0.7452	0.74157	0.74157	0.74157	0.75029	0.74556	0.74556	0.74556	0.74556	0.74556	0.74446	0.74368	0.74368	0.74529	0.74529	0.13908	0.13908	0.13908	0.13867	0.13768	0.13626	0.13569	0.13569	0.13594	0.1364	0.13562	0.13562	0.13562	0.13562	0.13562	0.13562	0.13562	0.13562	0.13562	0.13499	0.13825	0.13883	0.13317	0.1384	0.1384	0.14166	0.13353	0.13278	0.13118	0.12837	0.12815	0.12029	0.12107	0.12138	0.12091	0.12146	0.12142	0.12142	0.10746	0.10746	0.10746	0.1113	0.10946	0.10946	0.11441	0.11441	0.11165	0.11211	0.11235	0.11832	0.11832	0.11481	0.11481	0.11551	0.11748	0.1195	0.1195	0.1195	0.11812	0.11638	0.11638	0.11716	0.11656	0.11456	0.11501	0.11501	0.11501	0.1142	0.11596	0.1165	0.10462	0.10398	0.10398	0.10398	0.10113	0.10548	0.10401	0.10636	0.10929	0.1036	0.1036	0.1062	0.10572	0.10572	0.10563	0.10749	0.10824	0.10728	0.10728	0.10815	0.1103	0.10792	0.10792	0.10847	0.10945	0.10902	0.10558	0.10558	0.10558	0.10752	0.10756	0.10917	0.10779	0.10779	0.10779	0.10779	0.10779	0.11178	0.11178	0.11041	0.11639	0.11639	0.11639	0.11103	0.11091	0.11055	0.11116	0.10922	0.10922	0.11235	0.11346	0.11346	0.11296	0.11203	0.11005	0.1115	0.11167	0.11167	0.11167	0.11297	0.11297	0.11297	0.11297	0.11007	0.11001	0.11079	0.11079	0.11088	0.11143	0.11285	0.11285	0.11253	0.11253	0.11253	0.11253	0.11253	0.09429	0.09731	0.10158	0.10355	0.10451	0.10451	0.10528	0.0035	0.0035	0	0.14421	0.15159	0.15159	0.15159	0.19705	0.13947	0.14003	0.14003	0.16903	0.17248	0.17201	0.1805	0.1805	0.1805	0.1805	0.1805	0.1805	0.1805	0.10234	0.11119	0.11119	0.11119	0.11119	0.10957	0.10957	0.10957	0.10957	0.10957	0.10957	0.10957	0.10883	0.10997	0.10997	0.10997	0.10997	0.10822	0.10822	0.11262	0.11262	0.11262	0.11262	0.11262	0.11262	0.11058	0.11114	0.11114	0.11124	0.11124	0.11488	0.11309	0.11309	0.11467	0.11464	0.11464	0.11471	0.11471	0.11251	0.1147	0.1147	0.1147	0.1147	0.1147	0.116	0.116	0.116	0.116	0.116	0.116	0.116	0.116	0.116
"61"	1.05418	1.0939	1.10071	0.9147	0.71629	0.6298	0.6298	0.63607	0.63676	0.65148	0.65148	0.71284	0.71284	0.71189	0.71271	0.71301	0.72965	0.74142	0.74142	0.77394	0.77064	0.77064	0.77108	0.77108	0.75908	0.74768	0.7753	0.7753	0.78045	0.77682	0.77682	0.77682	0.78554	0.78081	0.78081	0.78081	0.78081	0.78081	0.77971	0.77893	0.77893	0.78054	0.78054	0.17433	0.17433	0.17433	0.17392	0.17293	0.17151	0.17094	0.17094	0.17119	0.17165	0.17087	0.17087	0.17087	0.17087	0.17087	0.17087	0.17087	0.17087	0.17087	0.17024	0.1735	0.17408	0.16842	0.17365	0.17365	0.17691	0.16878	0.16803	0.16643	0.16362	0.1634	0.15554	0.15632	0.15663	0.15616	0.15671	0.15667	0.15667	0.14271	0.14271	0.14271	0.14655	0.14471	0.14471	0.14966	0.14966	0.1469	0.14736	0.1476	0.15357	0.15357	0.15006	0.15006	0.15076	0.15273	0.15475	0.15475	0.15475	0.15337	0.15163	0.15163	0.15241	0.15181	0.14981	0.15026	0.15026	0.15026	0.14945	0.15121	0.15175	0.13987	0.13923	0.13923	0.13923	0.13638	0.14073	0.13926	0.14161	0.14454	0.13885	0.13885	0.14145	0.14097	0.14097	0.14088	0.14274	0.14349	0.14253	0.14253	0.1434	0.14555	0.14317	0.14317	0.14372	0.1447	0.14427	0.14083	0.14083	0.14083	0.14277	0.14281	0.14442	0.14304	0.14304	0.14304	0.14304	0.14304	0.14703	0.14703	0.14566	0.15164	0.15164	0.15164	0.14628	0.14616	0.1458	0.14641	0.14447	0.14447	0.1476	0.14871	0.14871	0.14821	0.14728	0.1453	0.14675	0.14692	0.14692	0.14692	0.14822	0.14822	0.14822	0.14822	0.14532	0.14526	0.14604	0.14604	0.14613	0.14668	0.1481	0.1481	0.14778	0.14778	0.14778	0.14778	0.14778	0.12954	0.13256	0.13683	0.1388	0.13976	0.13976	0.14053	0.14371	0.14371	0.14421	0	0.03582	0.03582	0.03582	0.16512	0.10754	0.1081	0.1081	0.1371	0.14055	0.14008	0.14857	0.14857	0.14857	0.14857	0.14857	0.14857	0.14857	0.13759	0.14644	0.14644	0.14644	0.14644	0.14482	0.14482	0.14482	0.14482	0.14482	0.14482	0.14482	0.14408	0.14522	0.14522	0.14522	0.14522	0.14347	0.14347	0.14787	0.14787	0.14787	0.14787	0.14787	0.14787	0.14583	0.14639	0.14639	0.14649	0.14649	0.15013	0.14834	0.14834	0.14992	0.14989	0.14989	0.14996	0.14996	0.14776	0.14995	0.14995	0.14995	0.14995	0.14995	0.15125	0.15125	0.15125	0.15125	0.15125	0.15125	0.15125	0.15125	0.15125
"319"	1.06156	1.10128	1.10809	0.92208	0.72367	0.63718	0.63718	0.64345	0.64414	0.65886	0.65886	0.72022	0.72022	0.71927	0.72009	0.72039	0.73703	0.7488	0.7488	0.78132	0.77802	0.77802	0.77846	0.77846	0.76646	0.75506	0.78268	0.78268	0.78783	0.7842	0.7842	0.7842	0.79292	0.78819	0.78819	0.78819	0.78819	0.78819	0.78709	0.78631	0.78631	0.78792	0.78792	0.18171	0.18171	0.18171	0.1813	0.18031	0.17889	0.17832	0.17832	0.17857	0.17903	0.17825	0.17825	0.17825	0.17825	0.17825	0.17825	0.17825	0.17825	0.17825	0.17762	0.18088	0.18146	0.1758	0.18103	0.18103	0.18429	0.17616	0.17541	0.17381	0.171	0.17078	0.16292	0.1637	0.16401	0.16354	0.16409	0.16405	0.16405	0.15009	0.15009	0.15009	0.15393	0.15209	0.15209	0.15704	0.15704	0.15428	0.15474	0.15498	0.16095	0.16095	0.15744	0.15744	0.15814	0.16011	0.16213	0.16213	0.16213	0.16075	0.15901	0.15901	0.15979	0.15919	0.15719	0.15764	0.15764	0.15764	0.15683	0.15859	0.15913	0.14725	0.14661	0.14661	0.14661	0.14376	0.14811	0.14664	0.14899	0.15192	0.14623	0.14623	0.14883	0.14835	0.14835	0.14826	0.15012	0.15087	0.14991	0.14991	0.15078	0.15293	0.15055	0.15055	0.1511	0.15208	0.15165	0.14821	0.14821	0.14821	0.15015	0.15019	0.1518	0.15042	0.15042	0.15042	0.15042	0.15042	0.15441	0.15441	0.15304	0.15902	0.15902	0.15902	0.15366	0.15354	0.15318	0.15379	0.15185	0.15185	0.15498	0.15609	0.15609	0.15559	0.15466	0.15268	0.15413	0.1543	0.1543	0.1543	0.1556	0.1556	0.1556	0.1556	0.1527	0.15264	0.15342	0.15342	0.15351	0.15406	0.15548	0.15548	0.15516	0.15516	0.15516	0.15516	0.15516	0.13692	0.13994	0.14421	0.14618	0.14714	0.14714	0.14791	0.15109	0.15109	0.15159	0.03582	0	0	0	0.1725	0.11492	0.11548	0.11548	0.14448	0.14793	0.14746	0.15595	0.15595	0.15595	0.15595	0.15595	0.15595	0.15595	0.14497	0.15382	0.15382	0.15382	0.15382	0.1522	0.1522	0.1522	0.1522	0.1522	0.1522	0.1522	0.15146	0.1526	0.1526	0.1526	0.1526	0.15085	0.15085	0.15525	0.15525	0.15525	0.15525	0.15525	0.15525	0.15321	0.15377	0.15377	0.15387	0.15387	0.15751	0.15572	0.15572	0.1573	0.15727	0.15727	0.15734	0.15734	0.15514	0.15733	0.15733	0.15733	0.15733	0.15733	0.15863	0.15863	0.15863	0.15863	0.15863	0.15863	0.15863	0.15863	0.15863
"377"	1.06156	1.10128	1.10809	0.92208	0.72367	0.63718	0.63718	0.64345	0.64414	0.65886	0.65886	0.72022	0.72022	0.71927	0.72009	0.72039	0.73703	0.7488	0.7488	0.78132	0.77802	0.77802	0.77846	0.77846	0.76646	0.75506	0.78268	0.78268	0.78783	0.7842	0.7842	0.7842	0.79292	0.78819	0.78819	0.78819	0.78819	0.78819	0.78709	0.78631	0.78631	0.78792	0.78792	0.18171	0.18171	0.18171	0.1813	0.18031	0.17889	0.17832	0.17832	0.17857	0.17903	0.17825	0.17825	0.17825	0.17825	0.17825	0.17825	0.17825	0.17825	0.17825	0.17762	0.18088	0.18146	0.1758	0.18103	0.18103	0.18429	0.17616	0.17541	0.17381	0.171	0.17078	0.16292	0.1637	0.16401	0.16354	0.16409	0.16405	0.16405	0.15009	0.15009	0.15009	0.15393	0.15209	0.15209	0.15704	0.15704	0.15428	0.15474	0.15498	0.16095	0.16095	0.15744	0.15744	0.15814	0.16011	0.16213	0.16213	0.16213	0.16075	0.15901	0.15901	0.15979	0.15919	0.15719	0.15764	0.15764	0.15764	0.15683	0.15859	0.15913	0.14725	0.14661	0.14661	0.14661	0.14376	0.14811	0.14664	0.14899	0.15192	0.14623	0.14623	0.14883	0.14835	0.14835	0.14826	0.15012	0.15087	0.14991	0.14991	0.15078	0.15293	0.15055	0.15055	0.1511	0.15208	0.15165	0.14821	0.14821	0.14821	0.15015	0.15019	0.1518	0.15042	0.15042	0.15042	0.15042	0.15042	0.15441	0.15441	0.15304	0.15902	0.15902	0.15902	0.15366	0.15354	0.15318	0.15379	0.15185	0.15185	0.15498	0.15609	0.15609	0.15559	0.15466	0.15268	0.15413	0.1543	0.1543	0.1543	0.1556	0.1556	0.1556	0.1556	0.1527	0.15264	0.15342	0.15342	0.15351	0.15406	0.15548	0.15548	0.15516	0.15516	0.15516	0.15516	0.15516	0.13692	0.13994	0.14421	0.14618	0.14714	0.14714	0.14791	0.15109	0.15109	0.15159	0.03582	0	0	0	0.1725	0.11492	0.11548	0.11548	0.14448	0.14793	0.14746	0.15595	0.15595	0.15595	0.15595	0.15595	0.15595	0.15595	0.14497	0.15382	0.15382	0.15382	0.15382	0.1522	0.1522	0.1522	0.1522	0.1522	0.1522	0.1522	0.15146	0.1526	0.1526	0.1526	0.1526	0.15085	0.15085	0.15525	0.15525	0.15525	0.15525	0.15525	0.15525	0.15321	0.15377	0.15377	0.15387	0.15387	0.15751	0.15572	0.15572	0.1573	0.15727	0.15727	0.15734	0.15734	0.15514	0.15733	0.15733	0.15733	0.15733	0.15733	0.15863	0.15863	0.15863	0.15863	0.15863	0.15863	0.15863	0.15863	0.15863
"379"	1.06156	1.10128	1.10809	0.92208	0.72367	0.63718	0.63718	0.64345	0.64414	0.65886	0.65886	0.72022	0.72022	0.71927	0.72009	0.72039	0.73703	0.7488	0.7488	0.78132	0.77802	0.77802	0.77846	0.77846	0.76646	0.75506	0.78268	0.78268	0.78783	0.7842	0.7842	0.7842	0.79292	0.78819	0.78819	0.78819	0.78819	0.78819	0.78709	0.78631	0.78631	0.78792	0.78792	0.18171	0.18171	0.18171	0.1813	0.18031	0.17889	0.17832	0.17832	0.17857	0.17903	0.17825	0.17825	0.17825	0.17825	0.17825	0.17825	0.17825	0.17825	0.17825	0.17762	0.18088	0.18146	0.1758	0.18103	0.18103	0.18429	0.17616	0.17541	0.17381	0.171	0.17078	0.16292	0.1637	0.16401	0.16354	0.16409	0.16405	0.16405	0.15009	0.15009	0.15009	0.15393	0.15209	0.15209	0.15704	0.15704	0.15428	0.15474	0.15498	0.16095	0.16095	0.15744	0.15744	0.15814	0.16011	0.16213	0.16213	0.16213	0.16075	0.15901	0.15901	0.15979	0.15919	0.15719	0.15764	0.15764	0.15764	0.15683	0.15859	0.15913	0.14725	0.14661	0.14661	0.14661	0.14376	0.14811	0.14664	0.14899	0.15192	0.14623	0.14623	0.14883	0.14835	0.14835	0.14826	0.15012	0.15087	0.14991	0.14991	0.15078	0.15293	0.15055	0.15055	0.1511	0.15208	0.15165	0.14821	0.14821	0.14821	0.15015	0.15019	0.1518	0.15042	0.15042	0.15042	0.15042	0.15042	0.15441	0.15441	0.15304	0.15902	0.15902	0.15902	0.15366	0.15354	0.15318	0.15379	0.15185	0.15185	0.15498	0.15609	0.15609	0.15559	0.15466	0.15268	0.15413	0.1543	0.1543	0.1543	0.1556	0.1556	0.1556	0.1556	0.1527	0.15264	0.15342	0.15342	0.15351	0.15406	0.15548	0.15548	0.15516	0.15516	0.15516	0.15516	0.15516	0.13692	0.13994	0.14421	0.14618	0.14714	0.14714	0.14791	0.15109	0.15109	0.15159	0.03582	0	0	0	0.1725	0.11492	0.11548	0.11548	0.14448	0.14793	0.14746	0.15595	0.15595	0.15595	0.15595	0.15595	0.15595	0.15595	0.14497	0.15382	0.15382	0.15382	0.15382	0.1522	0.1522	0.1522	0.1522	0.1522	0.1522	0.1522	0.15146	0.1526	0.1526	0.1526	0.1526	0.15085	0.15085	0.15525	0.15525	0.15525	0.15525	0.15525	0.15525	0.15321	0.15377	0.15377	0.15387	0.15387	0.15751	0.15572	0.15572	0.1573	0.15727	0.15727	0.15734	0.15734	0.15514	0.15733	0.15733	0.15733	0.15733	0.15733	0.15863	0.15863	0.15863	0.15863	0.15863	0.15863	0.15863	0.15863	0.15863
"368"	1.10702	1.14674	1.15355	0.96754	0.76913	0.68264	0.68264	0.68891	0.6896	0.70432	0.70432	0.76568	0.76568	0.76473	0.76555	0.76585	0.78249	0.79426	0.79426	0.82678	0.82348	0.82348	0.82392	0.82392	0.81192	0.80052	0.82814	0.82814	0.83329	0.82966	0.82966	0.82966	0.83838	0.83365	0.83365	0.83365	0.83365	0.83365	0.83255	0.83177	0.83177	0.83338	0.83338	0.22717	0.22717	0.22717	0.22676	0.22577	0.22435	0.22378	0.22378	0.22403	0.22449	0.22371	0.22371	0.22371	0.22371	0.22371	0.22371	0.22371	0.22371	0.22371	0.22308	0.22634	0.22692	0.22126	0.22649	0.22649	0.22975	0.22162	0.22087	0.21927	0.21646	0.21624	0.20838	0.20916	0.20947	0.209	0.20955	0.20951	0.20951	0.19555	0.19555	0.19555	0.19939	0.19755	0.19755	0.2025	0.2025	0.19974	0.2002	0.20044	0.20641	0.20641	0.2029	0.2029	0.2036	0.20557	0.20759	0.20759	0.20759	0.20621	0.20447	0.20447	0.20525	0.20465	0.20265	0.2031	0.2031	0.2031	0.20229	0.20405	0.20459	0.19271	0.19207	0.19207	0.19207	0.18922	0.19357	0.1921	0.19445	0.19738	0.19169	0.19169	0.19429	0.19381	0.19381	0.19372	0.19558	0.19633	0.19537	0.19537	0.19624	0.19839	0.19601	0.19601	0.19656	0.19754	0.19711	0.19367	0.19367	0.19367	0.19561	0.19565	0.19726	0.19588	0.19588	0.19588	0.19588	0.19588	0.19987	0.19987	0.1985	0.20448	0.20448	0.20448	0.19912	0.199	0.19864	0.19925	0.19731	0.19731	0.20044	0.20155	0.20155	0.20105	0.20012	0.19814	0.19959	0.19976	0.19976	0.19976	0.20106	0.20106	0.20106	0.20106	0.19816	0.1981	0.19888	0.19888	0.19897	0.19952	0.20094	0.20094	0.20062	0.20062	0.20062	0.20062	0.20062	0.18238	0.1854	0.18967	0.19164	0.1926	0.1926	0.19337	0.19655	0.19655	0.19705	0.16512	0.1725	0.1725	0.1725	0	0.12564	0.1262	0.1262	0.1552	0.15865	0.15818	0.16667	0.16667	0.16667	0.16667	0.16667	0.16667	0.16667	0.19043	0.19928	0.19928	0.19928	0.19928	0.19766	0.19766	0.19766	0.19766	0.19766	0.19766	0.19766	0.19692	0.19806	0.19806	0.19806	0.19806	0.19631	0.19631	0.20071	0.20071	0.20071	0.20071	0.20071	0.20071	0.19867	0.19923	0.19923	0.19933	0.19933	0.20297	0.20118	0.20118	0.20276	0.20273	0.20273	0.2028	0.2028	0.2006	0.20279	0.20279	0.20279	0.20279	0.20279	0.20409	0.20409	0.20409	0.20409	0.20409	0.20409	0.20409	0.20409	0.20409
"360"	1.04944	1.08916	1.09597	0.90996	0.71155	0.62506	0.62506	0.63133	0.63202	0.64674	0.64674	0.7081	0.7081	0.70715	0.70797	0.70827	0.72491	0.73668	0.73668	0.7692	0.7659	0.7659	0.76634	0.76634	0.75434	0.74294	0.77056	0.77056	0.77571	0.77208	0.77208	0.77208	0.7808	0.77607	0.77607	0.77607	0.77607	0.77607	0.77497	0.77419	0.77419	0.7758	0.7758	0.16959	0.16959	0.16959	0.16918	0.16819	0.16677	0.1662	0.1662	0.16645	0.16691	0.16613	0.16613	0.16613	0.16613	0.16613	0.16613	0.16613	0.16613	0.16613	0.1655	0.16876	0.16934	0.16368	0.16891	0.16891	0.17217	0.16404	0.16329	0.16169	0.15888	0.15866	0.1508	0.15158	0.15189	0.15142	0.15197	0.15193	0.15193	0.13797	0.13797	0.13797	0.14181	0.13997	0.13997	0.14492	0.14492	0.14216	0.14262	0.14286	0.14883	0.14883	0.14532	0.14532	0.14602	0.14799	0.15001	0.15001	0.15001	0.14863	0.14689	0.14689	0.14767	0.14707	0.14507	0.14552	0.14552	0.14552	0.14471	0.14647	0.14701	0.13513	0.13449	0.13449	0.13449	0.13164	0.13599	0.13452	0.13687	0.1398	0.13411	0.13411	0.13671	0.13623	0.13623	0.13614	0.138	0.13875	0.13779	0.13779	0.13866	0.14081	0.13843	0.13843	0.13898	0.13996	0.13953	0.13609	0.13609	0.13609	0.13803	0.13807	0.13968	0.1383	0.1383	0.1383	0.1383	0.1383	0.14229	0.14229	0.14092	0.1469	0.1469	0.1469	0.14154	0.14142	0.14106	0.14167	0.13973	0.13973	0.14286	0.14397	0.14397	0.14347	0.14254	0.14056	0.14201	0.14218	0.14218	0.14218	0.14348	0.14348	0.14348	0.14348	0.14058	0.14052	0.1413	0.1413	0.14139	0.14194	0.14336	0.14336	0.14304	0.14304	0.14304	0.14304	0.14304	0.1248	0.12782	0.13209	0.13406	0.13502	0.13502	0.13579	0.13897	0.13897	0.13947	0.10754	0.11492	0.11492	0.11492	0.12564	0	0.0021	0.0021	0.05648	0.05993	0.05946	0.06795	0.06795	0.06795	0.06795	0.06795	0.06795	0.06795	0.13285	0.1417	0.1417	0.1417	0.1417	0.14008	0.14008	0.14008	0.14008	0.14008	0.14008	0.14008	0.13934	0.14048	0.14048	0.14048	0.14048	0.13873	0.13873	0.14313	0.14313	0.14313	0.14313	0.14313	0.14313	0.14109	0.14165	0.14165	0.14175	0.14175	0.14539	0.1436	0.1436	0.14518	0.14515	0.14515	0.14522	0.14522	0.14302	0.14521	0.14521	0.14521	0.14521	0.14521	0.14651	0.14651	0.14651	0.14651	0.14651	0.14651	0.14651	0.14651	0.14651
"374"	1.05	1.08972	1.09653	0.91052	0.71211	0.62562	0.62562	0.63189	0.63258	0.6473	0.6473	0.70866	0.70866	0.70771	0.70853	0.70883	0.72547	0.73724	0.73724	0.76976	0.76646	0.76646	0.7669	0.7669	0.7549	0.7435	0.77112	0.77112	0.77627	0.77264	0.77264	0.77264	0.78136	0.77663	0.77663	0.77663	0.77663	0.77663	0.77553	0.77475	0.77475	0.77636	0.77636	0.17015	0.17015	0.17015	0.16974	0.16875	0.16733	0.16676	0.16676	0.16701	0.16747	0.16669	0.16669	0.16669	0.16669	0.16669	0.16669	0.16669	0.16669	0.16669	0.16606	0.16932	0.1699	0.16424	0.16947	0.16947	0.17273	0.1646	0.16385	0.16225	0.15944	0.15922	0.15136	0.15214	0.15245	0.15198	0.15253	0.15249	0.15249	0.13853	0.13853	0.13853	0.14237	0.14053	0.14053	0.14548	0.14548	0.14272	0.14318	0.14342	0.14939	0.14939	0.14588	0.14588	0.14658	0.14855	0.15057	0.15057	0.15057	0.14919	0.14745	0.14745	0.14823	0.14763	0.14563	0.14608	0.14608	0.14608	0.14527	0.14703	0.14757	0.13569	0.13505	0.13505	0.13505	0.1322	0.13655	0.13508	0.13743	0.14036	0.13467	0.13467	0.13727	0.13679	0.13679	0.1367	0.13856	0.13931	0.13835	0.13835	0.13922	0.14137	0.13899	0.13899	0.13954	0.14052	0.14009	0.13665	0.13665	0.13665	0.13859	0.13863	0.14024	0.13886	0.13886	0.13886	0.13886	0.13886	0.14285	0.14285	0.14148	0.14746	0.14746	0.14746	0.1421	0.14198	0.14162	0.14223	0.14029	0.14029	0.14342	0.14453	0.14453	0.14403	0.1431	0.14112	0.14257	0.14274	0.14274	0.14274	0.14404	0.14404	0.14404	0.14404	0.14114	0.14108	0.14186	0.14186	0.14195	0.1425	0.14392	0.14392	0.1436	0.1436	0.1436	0.1436	0.1436	0.12536	0.12838	0.13265	0.13462	0.13558	0.13558	0.13635	0.13953	0.13953	0.14003	0.1081	0.11548	0.11548	0.11548	0.1262	0.0021	0	0	0.05704	0.06049	0.06002	0.06851	0.06851	0.06851	0.06851	0.06851	0.06851	0.06851	0.13341	0.14226	0.14226	0.14226	0.14226	0.14064	0.14064	0.14064	0.14064	0.14064	0.14064	0.14064	0.1399	0.14104	0.14104	0.14104	0.14104	0.13929	0.13929	0.14369	0.14369	0.14369	0.14369	0.14369	0.14369	0.14165	0.14221	0.14221	0.14231	0.14231	0.14595	0.14416	0.14416	0.14574	0.14571	0.14571	0.14578	0.14578	0.14358	0.14577	0.14577	0.14577	0.14577	0.14577	0.14707	0.14707	0.14707	0.14707	0.14707	0.14707	0.14707	0.14707	0.14707
"375"	1.05	1.08972	1.09653	0.91052	0.71211	0.62562	0.62562	0.63189	0.63258	0.6473	0.6473	0.70866	0.70866	0.70771	0.70853	0.70883	0.72547	0.73724	0.73724	0.76976	0.76646	0.76646	0.7669	0.7669	0.7549	0.7435	0.77112	0.77112	0.77627	0.77264	0.77264	0.77264	0.78136	0.77663	0.77663	0.77663	0.77663	0.77663	0.77553	0.77475	0.77475	0.77636	0.77636	0.17015	0.17015	0.17015	0.16974	0.16875	0.16733	0.16676	0.16676	0.16701	0.16747	0.16669	0.16669	0.16669	0.16669	0.16669	0.16669	0.16669	0.16669	0.16669	0.16606	0.16932	0.1699	0.16424	0.16947	0.16947	0.17273	0.1646	0.16385	0.16225	0.15944	0.15922	0.15136	0.15214	0.15245	0.15198	0.15253	0.15249	0.15249	0.13853	0.13853	0.13853	0.14237	0.14053	0.14053	0.14548	0.14548	0.14272	0.14318	0.14342	0.14939	0.14939	0.14588	0.14588	0.14658	0.14855	0.15057	0.15057	0.15057	0.14919	0.14745	0.14745	0.14823	0.14763	0.14563	0.14608	0.14608	0.14608	0.14527	0.14703	0.14757	0.13569	0.13505	0.13505	0.13505	0.1322	0.13655	0.13508	0.13743	0.14036	0.13467	0.13467	0.13727	0.13679	0.13679	0.1367	0.13856	0.13931	0.13835	0.13835	0.13922	0.14137	0.13899	0.13899	0.13954	0.14052	0.14009	0.13665	0.13665	0.13665	0.13859	0.13863	0.14024	0.13886	0.13886	0.13886	0.13886	0.13886	0.14285	0.14285	0.14148	0.14746	0.14746	0.14746	0.1421	0.14198	0.14162	0.14223	0.14029	0.14029	0.14342	0.14453	0.14453	0.14403	0.1431	0.14112	0.14257	0.14274	0.14274	0.14274	0.14404	0.14404	0.14404	0.14404	0.14114	0.14108	0.14186	0.14186	0.14195	0.1425	0.14392	0.14392	0.1436	0.1436	0.1436	0.1436	0.1436	0.12536	0.12838	0.13265	0.13462	0.13558	0.13558	0.13635	0.13953	0.13953	0.14003	0.1081	0.11548	0.11548	0.11548	0.1262	0.0021	0	0	0.05704	0.06049	0.06002	0.06851	0.06851	0.06851	0.06851	0.06851	0.06851	0.06851	0.13341	0.14226	0.14226	0.14226	0.14226	0.14064	0.14064	0.14064	0.14064	0.14064	0.14064	0.14064	0.1399	0.14104	0.14104	0.14104	0.14104	0.13929	0.13929	0.14369	0.14369	0.14369	0.14369	0.14369	0.14369	0.14165	0.14221	0.14221	0.14231	0.14231	0.14595	0.14416	0.14416	0.14574	0.14571	0.14571	0.14578	0.14578	0.14358	0.14577	0.14577	0.14577	0.14577	0.14577	0.14707	0.14707	0.14707	0.14707	0.14707	0.14707	0.14707	0.14707	0.14707
"378"	1.079	1.11872	1.12553	0.93952	0.74111	0.65462	0.65462	0.66089	0.66158	0.6763	0.6763	0.73766	0.73766	0.73671	0.73753	0.73783	0.75447	0.76624	0.76624	0.79876	0.79546	0.79546	0.7959	0.7959	0.7839	0.7725	0.80012	0.80012	0.80527	0.80164	0.80164	0.80164	0.81036	0.80563	0.80563	0.80563	0.80563	0.80563	0.80453	0.80375	0.80375	0.80536	0.80536	0.19915	0.19915	0.19915	0.19874	0.19775	0.19633	0.19576	0.19576	0.19601	0.19647	0.19569	0.19569	0.19569	0.19569	0.19569	0.19569	0.19569	0.19569	0.19569	0.19506	0.19832	0.1989	0.19324	0.19847	0.19847	0.20173	0.1936	0.19285	0.19125	0.18844	0.18822	0.18036	0.18114	0.18145	0.18098	0.18153	0.18149	0.18149	0.16753	0.16753	0.16753	0.17137	0.16953	0.16953	0.17448	0.17448	0.17172	0.17218	0.17242	0.17839	0.17839	0.17488	0.17488	0.17558	0.17755	0.17957	0.17957	0.17957	0.17819	0.17645	0.17645	0.17723	0.17663	0.17463	0.17508	0.17508	0.17508	0.17427	0.17603	0.17657	0.16469	0.16405	0.16405	0.16405	0.1612	0.16555	0.16408	0.16643	0.16936	0.16367	0.16367	0.16627	0.16579	0.16579	0.1657	0.16756	0.16831	0.16735	0.16735	0.16822	0.17037	0.16799	0.16799	0.16854	0.16952	0.16909	0.16565	0.16565	0.16565	0.16759	0.16763	0.16924	0.16786	0.16786	0.16786	0.16786	0.16786	0.17185	0.17185	0.17048	0.17646	0.17646	0.17646	0.1711	0.17098	0.17062	0.17123	0.16929	0.16929	0.17242	0.17353	0.17353	0.17303	0.1721	0.17012	0.17157	0.17174	0.17174	0.17174	0.17304	0.17304	0.17304	0.17304	0.17014	0.17008	0.17086	0.17086	0.17095	0.1715	0.17292	0.17292	0.1726	0.1726	0.1726	0.1726	0.1726	0.15436	0.15738	0.16165	0.16362	0.16458	0.16458	0.16535	0.16853	0.16853	0.16903	0.1371	0.14448	0.14448	0.14448	0.1552	0.05648	0.05704	0.05704	0	0.00747	0.007	0.05777	0.05777	0.05777	0.05777	0.05777	0.05777	0.05777	0.16241	0.17126	0.17126	0.17126	0.17126	0.16964	0.16964	0.16964	0.16964	0.16964	0.16964	0.16964	0.1689	0.17004	0.17004	0.17004	0.17004	0.16829	0.16829	0.17269	0.17269	0.17269	0.17269	0.17269	0.17269	0.17065	0.17121	0.17121	0.17131	0.17131	0.17495	0.17316	0.17316	0.17474	0.17471	0.17471	0.17478	0.17478	0.17258	0.17477	0.17477	0.17477	0.17477	0.17477	0.17607	0.17607	0.17607	0.17607	0.17607	0.17607	0.17607	0.17607	0.17607
"363"	1.08245	1.12217	1.12898	0.94297	0.74456	0.65807	0.65807	0.66434	0.66503	0.67975	0.67975	0.74111	0.74111	0.74016	0.74098	0.74128	0.75792	0.76969	0.76969	0.80221	0.79891	0.79891	0.79935	0.79935	0.78735	0.77595	0.80357	0.80357	0.80872	0.80509	0.80509	0.80509	0.81381	0.80908	0.80908	0.80908	0.80908	0.80908	0.80798	0.8072	0.8072	0.80881	0.80881	0.2026	0.2026	0.2026	0.20219	0.2012	0.19978	0.19921	0.19921	0.19946	0.19992	0.19914	0.19914	0.19914	0.19914	0.19914	0.19914	0.19914	0.19914	0.19914	0.19851	0.20177	0.20235	0.19669	0.20192	0.20192	0.20518	0.19705	0.1963	0.1947	0.19189	0.19167	0.18381	0.18459	0.1849	0.18443	0.18498	0.18494	0.18494	0.17098	0.17098	0.17098	0.17482	0.17298	0.17298	0.17793	0.17793	0.17517	0.17563	0.17587	0.18184	0.18184	0.17833	0.17833	0.17903	0.181	0.18302	0.18302	0.18302	0.18164	0.1799	0.1799	0.18068	0.18008	0.17808	0.17853	0.17853	0.17853	0.17772	0.17948	0.18002	0.16814	0.1675	0.1675	0.1675	0.16465	0.169	0.16753	0.16988	0.17281	0.16712	0.16712	0.16972	0.16924	0.16924	0.16915	0.17101	0.17176	0.1708	0.1708	0.17167	0.17382	0.17144	0.17144	0.17199	0.17297	0.17254	0.1691	0.1691	0.1691	0.17104	0.17108	0.17269	0.17131	0.17131	0.17131	0.17131	0.17131	0.1753	0.1753	0.17393	0.17991	0.17991	0.17991	0.17455	0.17443	0.17407	0.17468	0.17274	0.17274	0.17587	0.17698	0.17698	0.17648	0.17555	0.17357	0.17502	0.17519	0.17519	0.17519	0.17649	0.17649	0.17649	0.17649	0.17359	0.17353	0.17431	0.17431	0.1744	0.17495	0.17637	0.17637	0.17605	0.17605	0.17605	0.17605	0.17605	0.15781	0.16083	0.1651	0.16707	0.16803	0.16803	0.1688	0.17198	0.17198	0.17248	0.14055	0.14793	0.14793	0.14793	0.15865	0.05993	0.06049	0.06049	0.00747	0	0.00789	0.06122	0.06122	0.06122	0.06122	0.06122	0.06122	0.06122	0.16586	0.17471	0.17471	0.17471	0.17471	0.17309	0.17309	0.17309	0.17309	0.17309	0.17309	0.17309	0.17235	0.17349	0.17349	0.17349	0.17349	0.17174	0.17174	0.17614	0.17614	0.17614	0.17614	0.17614	0.17614	0.1741	0.17466	0.17466	0.17476	0.17476	0.1784	0.17661	0.17661	0.17819	0.17816	0.17816	0.17823	0.17823	0.17603	0.17822	0.17822	0.17822	0.17822	0.17822	0.17952	0.17952	0.17952	0.17952	0.17952	0.17952	0.17952	0.17952	0.17952
"362"	1.08198	1.1217	1.12851	0.9425	0.74409	0.6576	0.6576	0.66387	0.66456	0.67928	0.67928	0.74064	0.74064	0.73969	0.74051	0.74081	0.75745	0.76922	0.76922	0.80174	0.79844	0.79844	0.79888	0.79888	0.78688	0.77548	0.8031	0.8031	0.80825	0.80462	0.80462	0.80462	0.81334	0.80861	0.80861	0.80861	0.80861	0.80861	0.80751	0.80673	0.80673	0.80834	0.80834	0.20213	0.20213	0.20213	0.20172	0.20073	0.19931	0.19874	0.19874	0.19899	0.19945	0.19867	0.19867	0.19867	0.19867	0.19867	0.19867	0.19867	0.19867	0.19867	0.19804	0.2013	0.20188	0.19622	0.20145	0.20145	0.20471	0.19658	0.19583	0.19423	0.19142	0.1912	0.18334	0.18412	0.18443	0.18396	0.18451	0.18447	0.18447	0.17051	0.17051	0.17051	0.17435	0.17251	0.17251	0.17746	0.17746	0.1747	0.17516	0.1754	0.18137	0.18137	0.17786	0.17786	0.17856	0.18053	0.18255	0.18255	0.18255	0.18117	0.17943	0.17943	0.18021	0.17961	0.17761	0.17806	0.17806	0.17806	0.17725	0.17901	0.17955	0.16767	0.16703	0.16703	0.16703	0.16418	0.16853	0.16706	0.16941	0.17234	0.16665	0.16665	0.16925	0.16877	0.16877	0.16868	0.17054	0.17129	0.17033	0.17033	0.1712	0.17335	0.17097	0.17097	0.17152	0.1725	0.17207	0.16863	0.16863	0.16863	0.17057	0.17061	0.17222	0.17084	0.17084	0.17084	0.17084	0.17084	0.17483	0.17483	0.17346	0.17944	0.17944	0.17944	0.17408	0.17396	0.1736	0.17421	0.17227	0.17227	0.1754	0.17651	0.17651	0.17601	0.17508	0.1731	0.17455	0.17472	0.17472	0.17472	0.17602	0.17602	0.17602	0.17602	0.17312	0.17306	0.17384	0.17384	0.17393	0.17448	0.1759	0.1759	0.17558	0.17558	0.17558	0.17558	0.17558	0.15734	0.16036	0.16463	0.1666	0.16756	0.16756	0.16833	0.17151	0.17151	0.17201	0.14008	0.14746	0.14746	0.14746	0.15818	0.05946	0.06002	0.06002	0.007	0.00789	0	0.06075	0.06075	0.06075	0.06075	0.06075	0.06075	0.06075	0.16539	0.17424	0.17424	0.17424	0.17424	0.17262	0.17262	0.17262	0.17262	0.17262	0.17262	0.17262	0.17188	0.17302	0.17302	0.17302	0.17302	0.17127	0.17127	0.17567	0.17567	0.17567	0.17567	0.17567	0.17567	0.17363	0.17419	0.17419	0.17429	0.17429	0.17793	0.17614	0.17614	0.17772	0.17769	0.17769	0.17776	0.17776	0.17556	0.17775	0.17775	0.17775	0.17775	0.17775	0.17905	0.17905	0.17905	0.17905	0.17905	0.17905	0.17905	0.17905	0.17905
"256"	1.09047	1.13019	1.137	0.95099	0.75258	0.66609	0.66609	0.67236	0.67305	0.68777	0.68777	0.74913	0.74913	0.74818	0.749	0.7493	0.76594	0.77771	0.77771	0.81023	0.80693	0.80693	0.80737	0.80737	0.79537	0.78397	0.81159	0.81159	0.81674	0.81311	0.81311	0.81311	0.82183	0.8171	0.8171	0.8171	0.8171	0.8171	0.816	0.81522	0.81522	0.81683	0.81683	0.21062	0.21062	0.21062	0.21021	0.20922	0.2078	0.20723	0.20723	0.20748	0.20794	0.20716	0.20716	0.20716	0.20716	0.20716	0.20716	0.20716	0.20716	0.20716	0.20653	0.20979	0.21037	0.20471	0.20994	0.20994	0.2132	0.20507	0.20432	0.20272	0.19991	0.19969	0.19183	0.19261	0.19292	0.19245	0.193	0.19296	0.19296	0.179	0.179	0.179	0.18284	0.181	0.181	0.18595	0.18595	0.18319	0.18365	0.18389	0.18986	0.18986	0.18635	0.18635	0.18705	0.18902	0.19104	0.19104	0.19104	0.18966	0.18792	0.18792	0.1887	0.1881	0.1861	0.18655	0.18655	0.18655	0.18574	0.1875	0.18804	0.17616	0.17552	0.17552	0.17552	0.17267	0.17702	0.17555	0.1779	0.18083	0.17514	0.17514	0.17774	0.17726	0.17726	0.17717	0.17903	0.17978	0.17882	0.17882	0.17969	0.18184	0.17946	0.17946	0.18001	0.18099	0.18056	0.17712	0.17712	0.17712	0.17906	0.1791	0.18071	0.17933	0.17933	0.17933	0.17933	0.17933	0.18332	0.18332	0.18195	0.18793	0.18793	0.18793	0.18257	0.18245	0.18209	0.1827	0.18076	0.18076	0.18389	0.185	0.185	0.1845	0.18357	0.18159	0.18304	0.18321	0.18321	0.18321	0.18451	0.18451	0.18451	0.18451	0.18161	0.18155	0.18233	0.18233	0.18242	0.18297	0.18439	0.18439	0.18407	0.18407	0.18407	0.18407	0.18407	0.16583	0.16885	0.17312	0.17509	0.17605	0.17605	0.17682	0.18	0.18	0.1805	0.14857	0.15595	0.15595	0.15595	0.16667	0.06795	0.06851	0.06851	0.05777	0.06122	0.06075	0	0	0	0	0	0	0	0.17388	0.18273	0.18273	0.18273	0.18273	0.18111	0.18111	0.18111	0.18111	0.18111	0.18111	0.18111	0.18037	0.18151	0.18151	0.18151	0.18151	0.17976	0.17976	0.18416	0.18416	0.18416	0.18416	0.18416	0.18416	0.18212	0.18268	0.18268	0.18278	0.18278	0.18642	0.18463	0.18463	0.18621	0.18618	0.18618	0.18625	0.18625	0.18405	0.18624	0.18624	0.18624	0.18624	0.18624	0.18754	0.18754	0.18754	0.18754	0.18754	0.18754	0.18754	0.18754	0.18754
"258"	1.09047	1.13019	1.137	0.95099	0.75258	0.66609	0.66609	0.67236	0.67305	0.68777	0.68777	0.74913	0.74913	0.74818	0.749	0.7493	0.76594	0.77771	0.77771	0.81023	0.80693	0.80693	0.80737	0.80737	0.79537	0.78397	0.81159	0.81159	0.81674	0.81311	0.81311	0.81311	0.82183	0.8171	0.8171	0.8171	0.8171	0.8171	0.816	0.81522	0.81522	0.81683	0.81683	0.21062	0.21062	0.21062	0.21021	0.20922	0.2078	0.20723	0.20723	0.20748	0.20794	0.20716	0.20716	0.20716	0.20716	0.20716	0.20716	0.20716	0.20716	0.20716	0.20653	0.20979	0.21037	0.20471	0.20994	0.20994	0.2132	0.20507	0.20432	0.20272	0.19991	0.19969	0.19183	0.19261	0.19292	0.19245	0.193	0.19296	0.19296	0.179	0.179	0.179	0.18284	0.181	0.181	0.18595	0.18595	0.18319	0.18365	0.18389	0.18986	0.18986	0.18635	0.18635	0.18705	0.18902	0.19104	0.19104	0.19104	0.18966	0.18792	0.18792	0.1887	0.1881	0.1861	0.18655	0.18655	0.18655	0.18574	0.1875	0.18804	0.17616	0.17552	0.17552	0.17552	0.17267	0.17702	0.17555	0.1779	0.18083	0.17514	0.17514	0.17774	0.17726	0.17726	0.17717	0.17903	0.17978	0.17882	0.17882	0.17969	0.18184	0.17946	0.17946	0.18001	0.18099	0.18056	0.17712	0.17712	0.17712	0.17906	0.1791	0.18071	0.17933	0.17933	0.17933	0.17933	0.17933	0.18332	0.18332	0.18195	0.18793	0.18793	0.18793	0.18257	0.18245	0.18209	0.1827	0.18076	0.18076	0.18389	0.185	0.185	0.1845	0.18357	0.18159	0.18304	0.18321	0.18321	0.18321	0.18451	0.18451	0.18451	0.18451	0.18161	0.18155	0.18233	0.18233	0.18242	0.18297	0.18439	0.18439	0.18407	0.18407	0.18407	0.18407	0.18407	0.16583	0.16885	0.17312	0.17509	0.17605	0.17605	0.17682	0.18	0.18	0.1805	0.14857	0.15595	0.15595	0.15595	0.16667	0.06795	0.06851	0.06851	0.05777	0.06122	0.06075	0	0	0	0	0	0	0	0.17388	0.18273	0.18273	0.18273	0.18273	0.18111	0.18111	0.18111	0.18111	0.18111	0.18111	0.18111	0.18037	0.18151	0.18151	0.18151	0.18151	0.17976	0.17976	0.18416	0.18416	0.18416	0.18416	0.18416	0.18416	0.18212	0.18268	0.18268	0.18278	0.18278	0.18642	0.18463	0.18463	0.18621	0.18618	0.18618	0.18625	0.18625	0.18405	0.18624	0.18624	0.18624	0.18624	0.18624	0.18754	0.18754	0.18754	0.18754	0.18754	0.18754	0.18754	0.18754	0.18754
"143"	1.09047	1.13019	1.137	0.95099	0.75258	0.66609	0.66609	0.67236	0.67305	0.68777	0.68777	0.74913	0.74913	0.74818	0.749	0.7493	0.76594	0.77771	0.77771	0.81023	0.80693	0.80693	0.80737	0.80737	0.79537	0.78397	0.81159	0.81159	0.81674	0.81311	0.81311	0.81311	0.82183	0.8171	0.8171	0.8171	0.8171	0.8171	0.816	0.81522	0.81522	0.81683	0.81683	0.21062	0.21062	0.21062	0.21021	0.20922	0.2078	0.20723	0.20723	0.20748	0.20794	0.20716	0.20716	0.20716	0.20716	0.20716	0.20716	0.20716	0.20716	0.20716	0.20653	0.20979	0.21037	0.20471	0.20994	0.20994	0.2132	0.20507	0.20432	0.20272	0.19991	0.19969	0.19183	0.19261	0.19292	0.19245	0.193	0.19296	0.19296	0.179	0.179	0.179	0.18284	0.181	0.181	0.18595	0.18595	0.18319	0.18365	0.18389	0.18986	0.18986	0.18635	0.18635	0.18705	0.18902	0.19104	0.19104	0.19104	0.18966	0.18792	0.18792	0.1887	0.1881	0.1861	0.18655	0.18655	0.18655	0.18574	0.1875	0.18804	0.17616	0.17552	0.17552	0.17552	0.17267	0.17702	0.17555	0.1779	0.18083	0.17514	0.17514	0.17774	0.17726	0.17726	0.17717	0.17903	0.17978	0.17882	0.17882	0.17969	0.18184	0.17946	0.17946	0.18001	0.18099	0.18056	0.17712	0.17712	0.17712	0.17906	0.1791	0.18071	0.17933	0.17933	0.17933	0.17933	0.17933	0.18332	0.18332	0.18195	0.18793	0.18793	0.18793	0.18257	0.18245	0.18209	0.1827	0.18076	0.18076	0.18389	0.185	0.185	0.1845	0.18357	0.18159	0.18304	0.18321	0.18321	0.18321	0.18451	0.18451	0.18451	0.18451	0.18161	0.18155	0.18233	0.18233	0.18242	0.18297	0.18439	0.18439	0.18407	0.18407	0.18407	0.18407	0.18407	0.16583	0.16885	0.17312	0.17509	0.17605	0.17605	0.17682	0.18	0.18	0.1805	0.14857	0.15595	0.15595	0.15595	0.16667	0.06795	0.06851	0.06851	0.05777	0.06122	0.06075	0	0	0	0	0	0	0	0.17388	0.18273	0.18273	0.18273	0.18273	0.18111	0.18111	0.18111	0.18111	0.18111	0.18111	0.18111	0.18037	0.18151	0.18151	0.18151	0.18151	0.17976	0.17976	0.18416	0.18416	0.18416	0.18416	0.18416	0.18416	0.18212	0.18268	0.18268	0.18278	0.18278	0.18642	0.18463	0.18463	0.18621	0.18618	0.18618	0.18625	0.18625	0.18405	0.18624	0.18624	0.18624	0.18624	0.18624	0.18754	0.18754	0.18754	0.18754	0.18754	0.18754	0.18754	0.18754	0.18754
"141"	1.09047	1.13019	1.137	0.95099	0.75258	0.66609	0.66609	0.67236	0.67305	0.68777	0.68777	0.74913	0.74913	0.74818	0.749	0.7493	0.76594	0.77771	0.77771	0.81023	0.80693	0.80693	0.80737	0.80737	0.79537	0.78397	0.81159	0.81159	0.81674	0.81311	0.81311	0.81311	0.82183	0.8171	0.8171	0.8171	0.8171	0.8171	0.816	0.81522	0.81522	0.81683	0.81683	0.21062	0.21062	0.21062	0.21021	0.20922	0.2078	0.20723	0.20723	0.20748	0.20794	0.20716	0.20716	0.20716	0.20716	0.20716	0.20716	0.20716	0.20716	0.20716	0.20653	0.20979	0.21037	0.20471	0.20994	0.20994	0.2132	0.20507	0.20432	0.20272	0.19991	0.19969	0.19183	0.19261	0.19292	0.19245	0.193	0.19296	0.19296	0.179	0.179	0.179	0.18284	0.181	0.181	0.18595	0.18595	0.18319	0.18365	0.18389	0.18986	0.18986	0.18635	0.18635	0.18705	0.18902	0.19104	0.19104	0.19104	0.18966	0.18792	0.18792	0.1887	0.1881	0.1861	0.18655	0.18655	0.18655	0.18574	0.1875	0.18804	0.17616	0.17552	0.17552	0.17552	0.17267	0.17702	0.17555	0.1779	0.18083	0.17514	0.17514	0.17774	0.17726	0.17726	0.17717	0.17903	0.17978	0.17882	0.17882	0.17969	0.18184	0.17946	0.17946	0.18001	0.18099	0.18056	0.17712	0.17712	0.17712	0.17906	0.1791	0.18071	0.17933	0.17933	0.17933	0.17933	0.17933	0.18332	0.18332	0.18195	0.18793	0.18793	0.18793	0.18257	0.18245	0.18209	0.1827	0.18076	0.18076	0.18389	0.185	0.185	0.1845	0.18357	0.18159	0.18304	0.18321	0.18321	0.18321	0.18451	0.18451	0.18451	0.18451	0.18161	0.18155	0.18233	0.18233	0.18242	0.18297	0.18439	0.18439	0.18407	0.18407	0.18407	0.18407	0.18407	0.16583	0.16885	0.17312	0.17509	0.17605	0.17605	0.17682	0.18	0.18	0.1805	0.14857	0.15595	0.15595	0.15595	0.16667	0.06795	0.06851	0.06851	0.05777	0.06122	0.06075	0	0	0	0	0	0	0	0.17388	0.18273	0.18273	0.18273	0.18273	0.18111	0.18111	0.18111	0.18111	0.18111	0.18111	0.18111	0.18037	0.18151	0.18151	0.18151	0.18151	0.17976	0.17976	0.18416	0.18416	0.18416	0.18416	0.18416	0.18416	0.18212	0.18268	0.18268	0.18278	0.18278	0.18642	0.18463	0.18463	0.18621	0.18618	0.18618	0.18625	0.18625	0.18405	0.18624	0.18624	0.18624	0.18624	0.18624	0.18754	0.18754	0.18754	0.18754	0.18754	0.18754	0.18754	0.18754	0.18754
"142"	1.09047	1.13019	1.137	0.95099	0.75258	0.66609	0.66609	0.67236	0.67305	0.68777	0.68777	0.74913	0.74913	0.74818	0.749	0.7493	0.76594	0.77771	0.77771	0.81023	0.80693	0.80693	0.80737	0.80737	0.79537	0.78397	0.81159	0.81159	0.81674	0.81311	0.81311	0.81311	0.82183	0.8171	0.8171	0.8171	0.8171	0.8171	0.816	0.81522	0.81522	0.81683	0.81683	0.21062	0.21062	0.21062	0.21021	0.20922	0.2078	0.20723	0.20723	0.20748	0.20794	0.20716	0.20716	0.20716	0.20716	0.20716	0.20716	0.20716	0.20716	0.20716	0.20653	0.20979	0.21037	0.20471	0.20994	0.20994	0.2132	0.20507	0.20432	0.20272	0.19991	0.19969	0.19183	0.19261	0.19292	0.19245	0.193	0.19296	0.19296	0.179	0.179	0.179	0.18284	0.181	0.181	0.18595	0.18595	0.18319	0.18365	0.18389	0.18986	0.18986	0.18635	0.18635	0.18705	0.18902	0.19104	0.19104	0.19104	0.18966	0.18792	0.18792	0.1887	0.1881	0.1861	0.18655	0.18655	0.18655	0.18574	0.1875	0.18804	0.17616	0.17552	0.17552	0.17552	0.17267	0.17702	0.17555	0.1779	0.18083	0.17514	0.17514	0.17774	0.17726	0.17726	0.17717	0.17903	0.17978	0.17882	0.17882	0.17969	0.18184	0.17946	0.17946	0.18001	0.18099	0.18056	0.17712	0.17712	0.17712	0.17906	0.1791	0.18071	0.17933	0.17933	0.17933	0.17933	0.17933	0.18332	0.18332	0.18195	0.18793	0.18793	0.18793	0.18257	0.18245	0.18209	0.1827	0.18076	0.18076	0.18389	0.185	0.185	0.1845	0.18357	0.18159	0.18304	0.18321	0.18321	0.18321	0.18451	0.18451	0.18451	0.18451	0.18161	0.18155	0.18233	0.18233	0.18242	0.18297	0.18439	0.18439	0.18407	0.18407	0.18407	0.18407	0.18407	0.16583	0.16885	0.17312	0.17509	0.17605	0.17605	0.17682	0.18	0.18	0.1805	0.14857	0.15595	0.15595	0.15595	0.16667	0.06795	0.06851	0.06851	0.05777	0.06122	0.06075	0	0	0	0	0	0	0	0.17388	0.18273	0.18273	0.18273	0.18273	0.18111	0.18111	0.18111	0.18111	0.18111	0.18111	0.18111	0.18037	0.18151	0.18151	0.18151	0.18151	0.17976	0.17976	0.18416	0.18416	0.18416	0.18416	0.18416	0.18416	0.18212	0.18268	0.18268	0.18278	0.18278	0.18642	0.18463	0.18463	0.18621	0.18618	0.18618	0.18625	0.18625	0.18405	0.18624	0.18624	0.18624	0.18624	0.18624	0.18754	0.18754	0.18754	0.18754	0.18754	0.18754	0.18754	0.18754	0.18754
"209"	1.09047	1.13019	1.137	0.95099	0.75258	0.66609	0.66609	0.67236	0.67305	0.68777	0.68777	0.74913	0.74913	0.74818	0.749	0.7493	0.76594	0.77771	0.77771	0.81023	0.80693	0.80693	0.80737	0.80737	0.79537	0.78397	0.81159	0.81159	0.81674	0.81311	0.81311	0.81311	0.82183	0.8171	0.8171	0.8171	0.8171	0.8171	0.816	0.81522	0.81522	0.81683	0.81683	0.21062	0.21062	0.21062	0.21021	0.20922	0.2078	0.20723	0.20723	0.20748	0.20794	0.20716	0.20716	0.20716	0.20716	0.20716	0.20716	0.20716	0.20716	0.20716	0.20653	0.20979	0.21037	0.20471	0.20994	0.20994	0.2132	0.20507	0.20432	0.20272	0.19991	0.19969	0.19183	0.19261	0.19292	0.19245	0.193	0.19296	0.19296	0.179	0.179	0.179	0.18284	0.181	0.181	0.18595	0.18595	0.18319	0.18365	0.18389	0.18986	0.18986	0.18635	0.18635	0.18705	0.18902	0.19104	0.19104	0.19104	0.18966	0.18792	0.18792	0.1887	0.1881	0.1861	0.18655	0.18655	0.18655	0.18574	0.1875	0.18804	0.17616	0.17552	0.17552	0.17552	0.17267	0.17702	0.17555	0.1779	0.18083	0.17514	0.17514	0.17774	0.17726	0.17726	0.17717	0.17903	0.17978	0.17882	0.17882	0.17969	0.18184	0.17946	0.17946	0.18001	0.18099	0.18056	0.17712	0.17712	0.17712	0.17906	0.1791	0.18071	0.17933	0.17933	0.17933	0.17933	0.17933	0.18332	0.18332	0.18195	0.18793	0.18793	0.18793	0.18257	0.18245	0.18209	0.1827	0.18076	0.18076	0.18389	0.185	0.185	0.1845	0.18357	0.18159	0.18304	0.18321	0.18321	0.18321	0.18451	0.18451	0.18451	0.18451	0.18161	0.18155	0.18233	0.18233	0.18242	0.18297	0.18439	0.18439	0.18407	0.18407	0.18407	0.18407	0.18407	0.16583	0.16885	0.17312	0.17509	0.17605	0.17605	0.17682	0.18	0.18	0.1805	0.14857	0.15595	0.15595	0.15595	0.16667	0.06795	0.06851	0.06851	0.05777	0.06122	0.06075	0	0	0	0	0	0	0	0.17388	0.18273	0.18273	0.18273	0.18273	0.18111	0.18111	0.18111	0.18111	0.18111	0.18111	0.18111	0.18037	0.18151	0.18151	0.18151	0.18151	0.17976	0.17976	0.18416	0.18416	0.18416	0.18416	0.18416	0.18416	0.18212	0.18268	0.18268	0.18278	0.18278	0.18642	0.18463	0.18463	0.18621	0.18618	0.18618	0.18625	0.18625	0.18405	0.18624	0.18624	0.18624	0.18624	0.18624	0.18754	0.18754	0.18754	0.18754	0.18754	0.18754	0.18754	0.18754	0.18754
"210"	1.09047	1.13019	1.137	0.95099	0.75258	0.66609	0.66609	0.67236	0.67305	0.68777	0.68777	0.74913	0.74913	0.74818	0.749	0.7493	0.76594	0.77771	0.77771	0.81023	0.80693	0.80693	0.80737	0.80737	0.79537	0.78397	0.81159	0.81159	0.81674	0.81311	0.81311	0.81311	0.82183	0.8171	0.8171	0.8171	0.8171	0.8171	0.816	0.81522	0.81522	0.81683	0.81683	0.21062	0.21062	0.21062	0.21021	0.20922	0.2078	0.20723	0.20723	0.20748	0.20794	0.20716	0.20716	0.20716	0.20716	0.20716	0.20716	0.20716	0.20716	0.20716	0.20653	0.20979	0.21037	0.20471	0.20994	0.20994	0.2132	0.20507	0.20432	0.20272	0.19991	0.19969	0.19183	0.19261	0.19292	0.19245	0.193	0.19296	0.19296	0.179	0.179	0.179	0.18284	0.181	0.181	0.18595	0.18595	0.18319	0.18365	0.18389	0.18986	0.18986	0.18635	0.18635	0.18705	0.18902	0.19104	0.19104	0.19104	0.18966	0.18792	0.18792	0.1887	0.1881	0.1861	0.18655	0.18655	0.18655	0.18574	0.1875	0.18804	0.17616	0.17552	0.17552	0.17552	0.17267	0.17702	0.17555	0.1779	0.18083	0.17514	0.17514	0.17774	0.17726	0.17726	0.17717	0.17903	0.17978	0.17882	0.17882	0.17969	0.18184	0.17946	0.17946	0.18001	0.18099	0.18056	0.17712	0.17712	0.17712	0.17906	0.1791	0.18071	0.17933	0.17933	0.17933	0.17933	0.17933	0.18332	0.18332	0.18195	0.18793	0.18793	0.18793	0.18257	0.18245	0.18209	0.1827	0.18076	0.18076	0.18389	0.185	0.185	0.1845	0.18357	0.18159	0.18304	0.18321	0.18321	0.18321	0.18451	0.18451	0.18451	0.18451	0.18161	0.18155	0.18233	0.18233	0.18242	0.18297	0.18439	0.18439	0.18407	0.18407	0.18407	0.18407	0.18407	0.16583	0.16885	0.17312	0.17509	0.17605	0.17605	0.17682	0.18	0.18	0.1805	0.14857	0.15595	0.15595	0.15595	0.16667	0.06795	0.06851	0.06851	0.05777	0.06122	0.06075	0	0	0	0	0	0	0	0.17388	0.18273	0.18273	0.18273	0.18273	0.18111	0.18111	0.18111	0.18111	0.18111	0.18111	0.18111	0.18037	0.18151	0.18151	0.18151	0.18151	0.17976	0.17976	0.18416	0.18416	0.18416	0.18416	0.18416	0.18416	0.18212	0.18268	0.18268	0.18278	0.18278	0.18642	0.18463	0.18463	0.18621	0.18618	0.18618	0.18625	0.18625	0.18405	0.18624	0.18624	0.18624	0.18624	0.18624	0.18754	0.18754	0.18754	0.18754	0.18754	0.18754	0.18754	0.18754	0.18754
"332"	0.95377	0.99349	1.0003	0.81429	0.61588	0.52939	0.52939	0.53566	0.53635	0.55107	0.55107	0.61243	0.61243	0.61148	0.6123	0.6126	0.62924	0.64101	0.64101	0.67353	0.67023	0.67023	0.67067	0.67067	0.65867	0.64727	0.67489	0.67489	0.68004	0.67641	0.67641	0.67641	0.68513	0.6804	0.6804	0.6804	0.6804	0.6804	0.6793	0.67852	0.67852	0.68013	0.68013	0.07392	0.07392	0.07392	0.07351	0.07252	0.0711	0.07053	0.07053	0.07078	0.07124	0.07046	0.07046	0.07046	0.07046	0.07046	0.07046	0.07046	0.07046	0.07046	0.06983	0.07309	0.07367	0.06801	0.07324	0.07324	0.0765	0.06837	0.06762	0.06602	0.06321	0.06299	0.05513	0.05591	0.05622	0.05575	0.0563	0.05626	0.05626	0.0423	0.0423	0.0423	0.04614	0.0443	0.0443	0.04925	0.04925	0.04649	0.04695	0.04719	0.05316	0.05316	0.04965	0.04965	0.05035	0.05232	0.05434	0.05434	0.05434	0.05296	0.05122	0.05122	0.052	0.0514	0.0494	0.04985	0.04985	0.04985	0.04904	0.0508	0.05134	0.03946	0.03882	0.03882	0.03882	0.03597	0.04032	0.03885	0.0412	0.04413	0.03844	0.03844	0.04104	0.04056	0.04056	0.04047	0.04233	0.04308	0.04212	0.04212	0.04299	0.04514	0.04276	0.04276	0.04331	0.04429	0.04386	0.04042	0.04042	0.04042	0.04236	0.0424	0.04401	0.04263	0.04263	0.04263	0.04263	0.04263	0.04662	0.04662	0.04525	0.05123	0.05123	0.05123	0.04587	0.04575	0.04539	0.046	0.04406	0.04406	0.04719	0.0483	0.0483	0.0478	0.04687	0.04489	0.04634	0.04651	0.04651	0.04651	0.04781	0.04781	0.04781	0.04781	0.04491	0.04485	0.04563	0.04563	0.04572	0.04627	0.04769	0.04769	0.04737	0.04737	0.04737	0.04737	0.04737	0.04019	0.06551	0.06978	0.07175	0.07271	0.07271	0.07348	0.10184	0.10184	0.10234	0.13759	0.14497	0.14497	0.14497	0.19043	0.13285	0.13341	0.13341	0.16241	0.16586	0.16539	0.17388	0.17388	0.17388	0.17388	0.17388	0.17388	0.17388	0	0.03813	0.03813	0.03813	0.03813	0.03651	0.03651	0.03651	0.03651	0.03651	0.03651	0.03651	0.03577	0.03691	0.03691	0.03691	0.03691	0.03516	0.03516	0.03956	0.03956	0.03956	0.03956	0.03956	0.03956	0.03752	0.03808	0.03808	0.03818	0.03818	0.04182	0.04003	0.04003	0.04161	0.04158	0.04158	0.04165	0.04165	0.03945	0.04164	0.04164	0.04164	0.04164	0.04164	0.04294	0.04294	0.04294	0.04294	0.04294	0.04294	0.04294	0.04294	0.04294
"306"	0.96262	1.00234	1.00915	0.82314	0.62473	0.53824	0.53824	0.54451	0.5452	0.55992	0.55992	0.62128	0.62128	0.62033	0.62115	0.62145	0.63809	0.64986	0.64986	0.68238	0.67908	0.67908	0.67952	0.67952	0.66752	0.65612	0.68374	0.68374	0.68889	0.68526	0.68526	0.68526	0.69398	0.68925	0.68925	0.68925	0.68925	0.68925	0.68815	0.68737	0.68737	0.68898	0.68898	0.08277	0.08277	0.08277	0.08236	0.08137	0.07995	0.07938	0.07938	0.07963	0.08009	0.07931	0.07931	0.07931	0.07931	0.07931	0.07931	0.07931	0.07931	0.07931	0.07868	0.08194	0.08252	0.07686	0.08209	0.08209	0.08535	0.07722	0.07647	0.07487	0.07206	0.07184	0.06398	0.06476	0.06507	0.0646	0.06515	0.06511	0.06511	0.05115	0.05115	0.05115	0.05499	0.05315	0.05315	0.0581	0.0581	0.05534	0.0558	0.05604	0.06201	0.06201	0.0585	0.0585	0.0592	0.06117	0.06319	0.06319	0.06319	0.06181	0.06007	0.06007	0.06085	0.06025	0.05825	0.0587	0.0587	0.0587	0.05789	0.05965	0.06019	0.04831	0.04767	0.04767	0.04767	0.04482	0.04917	0.0477	0.05005	0.05298	0.04729	0.04729	0.04989	0.04941	0.04941	0.04932	0.05118	0.05193	0.05097	0.05097	0.05184	0.05399	0.05161	0.05161	0.05216	0.05314	0.05271	0.04927	0.04927	0.04927	0.05121	0.05125	0.05286	0.05148	0.05148	0.05148	0.05148	0.05148	0.05547	0.05547	0.0541	0.06008	0.06008	0.06008	0.05472	0.0546	0.05424	0.05485	0.05291	0.05291	0.05604	0.05715	0.05715	0.05665	0.05572	0.05374	0.05519	0.05536	0.05536	0.05536	0.05666	0.05666	0.05666	0.05666	0.05376	0.0537	0.05448	0.05448	0.05457	0.05512	0.05654	0.05654	0.05622	0.05622	0.05622	0.05622	0.05622	0.04904	0.07436	0.07863	0.0806	0.08156	0.08156	0.08233	0.11069	0.11069	0.11119	0.14644	0.15382	0.15382	0.15382	0.19928	0.1417	0.14226	0.14226	0.17126	0.17471	0.17424	0.18273	0.18273	0.18273	0.18273	0.18273	0.18273	0.18273	0.03813	0	0	0	0	0.021	0.021	0.021	0.021	0.021	0.021	0.021	0.02026	0.0214	0.0214	0.0214	0.0214	0.01965	0.01965	0.02405	0.02405	0.02405	0.02405	0.02405	0.02405	0.02201	0.02257	0.02257	0.02267	0.02267	0.02631	0.02452	0.02452	0.0261	0.02607	0.02607	0.02614	0.02614	0.02394	0.02613	0.02613	0.02613	0.02613	0.02613	0.02743	0.02743	0.02743	0.02743	0.02743	0.02743	0.02743	0.02743	0.02743
"307"	0.96262	1.00234	1.00915	0.82314	0.62473	0.53824	0.53824	0.54451	0.5452	0.55992	0.55992	0.62128	0.62128	0.62033	0.62115	0.62145	0.63809	0.64986	0.64986	0.68238	0.67908	0.67908	0.67952	0.67952	0.66752	0.65612	0.68374	0.68374	0.68889	0.68526	0.68526	0.68526	0.69398	0.68925	0.68925	0.68925	0.68925	0.68925	0.68815	0.68737	0.68737	0.68898	0.68898	0.08277	0.08277	0.08277	0.08236	0.08137	0.07995	0.07938	0.07938	0.07963	0.08009	0.07931	0.07931	0.07931	0.07931	0.07931	0.07931	0.07931	0.07931	0.07931	0.07868	0.08194	0.08252	0.07686	0.08209	0.08209	0.08535	0.07722	0.07647	0.07487	0.07206	0.07184	0.06398	0.06476	0.06507	0.0646	0.06515	0.06511	0.06511	0.05115	0.05115	0.05115	0.05499	0.05315	0.05315	0.0581	0.0581	0.05534	0.0558	0.05604	0.06201	0.06201	0.0585	0.0585	0.0592	0.06117	0.06319	0.06319	0.06319	0.06181	0.06007	0.06007	0.06085	0.06025	0.05825	0.0587	0.0587	0.0587	0.05789	0.05965	0.06019	0.04831	0.04767	0.04767	0.04767	0.04482	0.04917	0.0477	0.05005	0.05298	0.04729	0.04729	0.04989	0.04941	0.04941	0.04932	0.05118	0.05193	0.05097	0.05097	0.05184	0.05399	0.05161	0.05161	0.05216	0.05314	0.05271	0.04927	0.04927	0.04927	0.05121	0.05125	0.05286	0.05148	0.05148	0.05148	0.05148	0.05148	0.05547	0.05547	0.0541	0.06008	0.06008	0.06008	0.05472	0.0546	0.05424	0.05485	0.05291	0.05291	0.05604	0.05715	0.05715	0.05665	0.05572	0.05374	0.05519	0.05536	0.05536	0.05536	0.05666	0.05666	0.05666	0.05666	0.05376	0.0537	0.05448	0.05448	0.05457	0.05512	0.05654	0.05654	0.05622	0.05622	0.05622	0.05622	0.05622	0.04904	0.07436	0.07863	0.0806	0.08156	0.08156	0.08233	0.11069	0.11069	0.11119	0.14644	0.15382	0.15382	0.15382	0.19928	0.1417	0.14226	0.14226	0.17126	0.17471	0.17424	0.18273	0.18273	0.18273	0.18273	0.18273	0.18273	0.18273	0.03813	0	0	0	0	0.021	0.021	0.021	0.021	0.021	0.021	0.021	0.02026	0.0214	0.0214	0.0214	0.0214	0.01965	0.01965	0.02405	0.02405	0.02405	0.02405	0.02405	0.02405	0.02201	0.02257	0.02257	0.02267	0.02267	0.02631	0.02452	0.02452	0.0261	0.02607	0.02607	0.02614	0.02614	0.02394	0.02613	0.02613	0.02613	0.02613	0.02613	0.02743	0.02743	0.02743	0.02743	0.02743	0.02743	0.02743	0.02743	0.02743
"308"	0.96262	1.00234	1.00915	0.82314	0.62473	0.53824	0.53824	0.54451	0.5452	0.55992	0.55992	0.62128	0.62128	0.62033	0.62115	0.62145	0.63809	0.64986	0.64986	0.68238	0.67908	0.67908	0.67952	0.67952	0.66752	0.65612	0.68374	0.68374	0.68889	0.68526	0.68526	0.68526	0.69398	0.68925	0.68925	0.68925	0.68925	0.68925	0.68815	0.68737	0.68737	0.68898	0.68898	0.08277	0.08277	0.08277	0.08236	0.08137	0.07995	0.07938	0.07938	0.07963	0.08009	0.07931	0.07931	0.07931	0.07931	0.07931	0.07931	0.07931	0.07931	0.07931	0.07868	0.08194	0.08252	0.07686	0.08209	0.08209	0.08535	0.07722	0.07647	0.07487	0.07206	0.07184	0.06398	0.06476	0.06507	0.0646	0.06515	0.06511	0.06511	0.05115	0.05115	0.05115	0.05499	0.05315	0.05315	0.0581	0.0581	0.05534	0.0558	0.05604	0.06201	0.06201	0.0585	0.0585	0.0592	0.06117	0.06319	0.06319	0.06319	0.06181	0.06007	0.06007	0.06085	0.06025	0.05825	0.0587	0.0587	0.0587	0.05789	0.05965	0.06019	0.04831	0.04767	0.04767	0.04767	0.04482	0.04917	0.0477	0.05005	0.05298	0.04729	0.04729	0.04989	0.04941	0.04941	0.04932	0.05118	0.05193	0.05097	0.05097	0.05184	0.05399	0.05161	0.05161	0.05216	0.05314	0.05271	0.04927	0.04927	0.04927	0.05121	0.05125	0.05286	0.05148	0.05148	0.05148	0.05148	0.05148	0.05547	0.05547	0.0541	0.06008	0.06008	0.06008	0.05472	0.0546	0.05424	0.05485	0.05291	0.05291	0.05604	0.05715	0.05715	0.05665	0.05572	0.05374	0.05519	0.05536	0.05536	0.05536	0.05666	0.05666	0.05666	0.05666	0.05376	0.0537	0.05448	0.05448	0.05457	0.05512	0.05654	0.05654	0.05622	0.05622	0.05622	0.05622	0.05622	0.04904	0.07436	0.07863	0.0806	0.08156	0.08156	0.08233	0.11069	0.11069	0.11119	0.14644	0.15382	0.15382	0.15382	0.19928	0.1417	0.14226	0.14226	0.17126	0.17471	0.17424	0.18273	0.18273	0.18273	0.18273	0.18273	0.18273	0.18273	0.03813	0	0	0	0	0.021	0.021	0.021	0.021	0.021	0.021	0.021	0.02026	0.0214	0.0214	0.0214	0.0214	0.01965	0.01965	0.02405	0.02405	0.02405	0.02405	0.02405	0.02405	0.02201	0.02257	0.02257	0.02267	0.02267	0.02631	0.02452	0.02452	0.0261	0.02607	0.02607	0.02614	0.02614	0.02394	0.02613	0.02613	0.02613	0.02613	0.02613	0.02743	0.02743	0.02743	0.02743	0.02743	0.02743	0.02743	0.02743	0.02743
"354"	0.96262	1.00234	1.00915	0.82314	0.62473	0.53824	0.53824	0.54451	0.5452	0.55992	0.55992	0.62128	0.62128	0.62033	0.62115	0.62145	0.63809	0.64986	0.64986	0.68238	0.67908	0.67908	0.67952	0.67952	0.66752	0.65612	0.68374	0.68374	0.68889	0.68526	0.68526	0.68526	0.69398	0.68925	0.68925	0.68925	0.68925	0.68925	0.68815	0.68737	0.68737	0.68898	0.68898	0.08277	0.08277	0.08277	0.08236	0.08137	0.07995	0.07938	0.07938	0.07963	0.08009	0.07931	0.07931	0.07931	0.07931	0.07931	0.07931	0.07931	0.07931	0.07931	0.07868	0.08194	0.08252	0.07686	0.08209	0.08209	0.08535	0.07722	0.07647	0.07487	0.07206	0.07184	0.06398	0.06476	0.06507	0.0646	0.06515	0.06511	0.06511	0.05115	0.05115	0.05115	0.05499	0.05315	0.05315	0.0581	0.0581	0.05534	0.0558	0.05604	0.06201	0.06201	0.0585	0.0585	0.0592	0.06117	0.06319	0.06319	0.06319	0.06181	0.06007	0.06007	0.06085	0.06025	0.05825	0.0587	0.0587	0.0587	0.05789	0.05965	0.06019	0.04831	0.04767	0.04767	0.04767	0.04482	0.04917	0.0477	0.05005	0.05298	0.04729	0.04729	0.04989	0.04941	0.04941	0.04932	0.05118	0.05193	0.05097	0.05097	0.05184	0.05399	0.05161	0.05161	0.05216	0.05314	0.05271	0.04927	0.04927	0.04927	0.05121	0.05125	0.05286	0.05148	0.05148	0.05148	0.05148	0.05148	0.05547	0.05547	0.0541	0.06008	0.06008	0.06008	0.05472	0.0546	0.05424	0.05485	0.05291	0.05291	0.05604	0.05715	0.05715	0.05665	0.05572	0.05374	0.05519	0.05536	0.05536	0.05536	0.05666	0.05666	0.05666	0.05666	0.05376	0.0537	0.05448	0.05448	0.05457	0.05512	0.05654	0.05654	0.05622	0.05622	0.05622	0.05622	0.05622	0.04904	0.07436	0.07863	0.0806	0.08156	0.08156	0.08233	0.11069	0.11069	0.11119	0.14644	0.15382	0.15382	0.15382	0.19928	0.1417	0.14226	0.14226	0.17126	0.17471	0.17424	0.18273	0.18273	0.18273	0.18273	0.18273	0.18273	0.18273	0.03813	0	0	0	0	0.021	0.021	0.021	0.021	0.021	0.021	0.021	0.02026	0.0214	0.0214	0.0214	0.0214	0.01965	0.01965	0.02405	0.02405	0.02405	0.02405	0.02405	0.02405	0.02201	0.02257	0.02257	0.02267	0.02267	0.02631	0.02452	0.02452	0.0261	0.02607	0.02607	0.02614	0.02614	0.02394	0.02613	0.02613	0.02613	0.02613	0.02613	0.02743	0.02743	0.02743	0.02743	0.02743	0.02743	0.02743	0.02743	0.02743
"251"	0.961	1.00072	1.00753	0.82152	0.62311	0.53662	0.53662	0.54289	0.54358	0.5583	0.5583	0.61966	0.61966	0.61871	0.61953	0.61983	0.63647	0.64824	0.64824	0.68076	0.67746	0.67746	0.6779	0.6779	0.6659	0.6545	0.68212	0.68212	0.68727	0.68364	0.68364	0.68364	0.69236	0.68763	0.68763	0.68763	0.68763	0.68763	0.68653	0.68575	0.68575	0.68736	0.68736	0.08115	0.08115	0.08115	0.08074	0.07975	0.07833	0.07776	0.07776	0.07801	0.07847	0.07769	0.07769	0.07769	0.07769	0.07769	0.07769	0.07769	0.07769	0.07769	0.07706	0.08032	0.0809	0.07524	0.08047	0.08047	0.08373	0.0756	0.07485	0.07325	0.07044	0.07022	0.06236	0.06314	0.06345	0.06298	0.06353	0.06349	0.06349	0.04953	0.04953	0.04953	0.05337	0.05153	0.05153	0.05648	0.05648	0.05372	0.05418	0.05442	0.06039	0.06039	0.05688	0.05688	0.05758	0.05955	0.06157	0.06157	0.06157	0.06019	0.05845	0.05845	0.05923	0.05863	0.05663	0.05708	0.05708	0.05708	0.05627	0.05803	0.05857	0.04669	0.04605	0.04605	0.04605	0.0432	0.04755	0.04608	0.04843	0.05136	0.04567	0.04567	0.04827	0.04779	0.04779	0.0477	0.04956	0.05031	0.04935	0.04935	0.05022	0.05237	0.04999	0.04999	0.05054	0.05152	0.05109	0.04765	0.04765	0.04765	0.04959	0.04963	0.05124	0.04986	0.04986	0.04986	0.04986	0.04986	0.05385	0.05385	0.05248	0.05846	0.05846	0.05846	0.0531	0.05298	0.05262	0.05323	0.05129	0.05129	0.05442	0.05553	0.05553	0.05503	0.0541	0.05212	0.05357	0.05374	0.05374	0.05374	0.05504	0.05504	0.05504	0.05504	0.05214	0.05208	0.05286	0.05286	0.05295	0.0535	0.05492	0.05492	0.0546	0.0546	0.0546	0.0546	0.0546	0.04742	0.07274	0.07701	0.07898	0.07994	0.07994	0.08071	0.10907	0.10907	0.10957	0.14482	0.1522	0.1522	0.1522	0.19766	0.14008	0.14064	0.14064	0.16964	0.17309	0.17262	0.18111	0.18111	0.18111	0.18111	0.18111	0.18111	0.18111	0.03651	0.021	0.021	0.021	0.021	0	0	0	0	0	0	0	0.0158	0.01694	0.01694	0.01694	0.01694	0.01519	0.01519	0.01959	0.01959	0.01959	0.01959	0.01959	0.01959	0.01755	0.01811	0.01811	0.01821	0.01821	0.02185	0.02006	0.02006	0.02164	0.02161	0.02161	0.02168	0.02168	0.01948	0.02167	0.02167	0.02167	0.02167	0.02167	0.02297	0.02297	0.02297	0.02297	0.02297	0.02297	0.02297	0.02297	0.02297
"252"	0.961	1.00072	1.00753	0.82152	0.62311	0.53662	0.53662	0.54289	0.54358	0.5583	0.5583	0.61966	0.61966	0.61871	0.61953	0.61983	0.63647	0.64824	0.64824	0.68076	0.67746	0.67746	0.6779	0.6779	0.6659	0.6545	0.68212	0.68212	0.68727	0.68364	0.68364	0.68364	0.69236	0.68763	0.68763	0.68763	0.68763	0.68763	0.68653	0.68575	0.68575	0.68736	0.68736	0.08115	0.08115	0.08115	0.08074	0.07975	0.07833	0.07776	0.07776	0.07801	0.07847	0.07769	0.07769	0.07769	0.07769	0.07769	0.07769	0.07769	0.07769	0.07769	0.07706	0.08032	0.0809	0.07524	0.08047	0.08047	0.08373	0.0756	0.07485	0.07325	0.07044	0.07022	0.06236	0.06314	0.06345	0.06298	0.06353	0.06349	0.06349	0.04953	0.04953	0.04953	0.05337	0.05153	0.05153	0.05648	0.05648	0.05372	0.05418	0.05442	0.06039	0.06039	0.05688	0.05688	0.05758	0.05955	0.06157	0.06157	0.06157	0.06019	0.05845	0.05845	0.05923	0.05863	0.05663	0.05708	0.05708	0.05708	0.05627	0.05803	0.05857	0.04669	0.04605	0.04605	0.04605	0.0432	0.04755	0.04608	0.04843	0.05136	0.04567	0.04567	0.04827	0.04779	0.04779	0.0477	0.04956	0.05031	0.04935	0.04935	0.05022	0.05237	0.04999	0.04999	0.05054	0.05152	0.05109	0.04765	0.04765	0.04765	0.04959	0.04963	0.05124	0.04986	0.04986	0.04986	0.04986	0.04986	0.05385	0.05385	0.05248	0.05846	0.05846	0.05846	0.0531	0.05298	0.05262	0.05323	0.05129	0.05129	0.05442	0.05553	0.05553	0.05503	0.0541	0.05212	0.05357	0.05374	0.05374	0.05374	0.05504	0.05504	0.05504	0.05504	0.05214	0.05208	0.05286	0.05286	0.05295	0.0535	0.05492	0.05492	0.0546	0.0546	0.0546	0.0546	0.0546	0.04742	0.07274	0.07701	0.07898	0.07994	0.07994	0.08071	0.10907	0.10907	0.10957	0.14482	0.1522	0.1522	0.1522	0.19766	0.14008	0.14064	0.14064	0.16964	0.17309	0.17262	0.18111	0.18111	0.18111	0.18111	0.18111	0.18111	0.18111	0.03651	0.021	0.021	0.021	0.021	0	0	0	0	0	0	0	0.0158	0.01694	0.01694	0.01694	0.01694	0.01519	0.01519	0.01959	0.01959	0.01959	0.01959	0.01959	0.01959	0.01755	0.01811	0.01811	0.01821	0.01821	0.02185	0.02006	0.02006	0.02164	0.02161	0.02161	0.02168	0.02168	0.01948	0.02167	0.02167	0.02167	0.02167	0.02167	0.02297	0.02297	0.02297	0.02297	0.02297	0.02297	0.02297	0.02297	0.02297
"260"	0.961	1.00072	1.00753	0.82152	0.62311	0.53662	0.53662	0.54289	0.54358	0.5583	0.5583	0.61966	0.61966	0.61871	0.61953	0.61983	0.63647	0.64824	0.64824	0.68076	0.67746	0.67746	0.6779	0.6779	0.6659	0.6545	0.68212	0.68212	0.68727	0.68364	0.68364	0.68364	0.69236	0.68763	0.68763	0.68763	0.68763	0.68763	0.68653	0.68575	0.68575	0.68736	0.68736	0.08115	0.08115	0.08115	0.08074	0.07975	0.07833	0.07776	0.07776	0.07801	0.07847	0.07769	0.07769	0.07769	0.07769	0.07769	0.07769	0.07769	0.07769	0.07769	0.07706	0.08032	0.0809	0.07524	0.08047	0.08047	0.08373	0.0756	0.07485	0.07325	0.07044	0.07022	0.06236	0.06314	0.06345	0.06298	0.06353	0.06349	0.06349	0.04953	0.04953	0.04953	0.05337	0.05153	0.05153	0.05648	0.05648	0.05372	0.05418	0.05442	0.06039	0.06039	0.05688	0.05688	0.05758	0.05955	0.06157	0.06157	0.06157	0.06019	0.05845	0.05845	0.05923	0.05863	0.05663	0.05708	0.05708	0.05708	0.05627	0.05803	0.05857	0.04669	0.04605	0.04605	0.04605	0.0432	0.04755	0.04608	0.04843	0.05136	0.04567	0.04567	0.04827	0.04779	0.04779	0.0477	0.04956	0.05031	0.04935	0.04935	0.05022	0.05237	0.04999	0.04999	0.05054	0.05152	0.05109	0.04765	0.04765	0.04765	0.04959	0.04963	0.05124	0.04986	0.04986	0.04986	0.04986	0.04986	0.05385	0.05385	0.05248	0.05846	0.05846	0.05846	0.0531	0.05298	0.05262	0.05323	0.05129	0.05129	0.05442	0.05553	0.05553	0.05503	0.0541	0.05212	0.05357	0.05374	0.05374	0.05374	0.05504	0.05504	0.05504	0.05504	0.05214	0.05208	0.05286	0.05286	0.05295	0.0535	0.05492	0.05492	0.0546	0.0546	0.0546	0.0546	0.0546	0.04742	0.07274	0.07701	0.07898	0.07994	0.07994	0.08071	0.10907	0.10907	0.10957	0.14482	0.1522	0.1522	0.1522	0.19766	0.14008	0.14064	0.14064	0.16964	0.17309	0.17262	0.18111	0.18111	0.18111	0.18111	0.18111	0.18111	0.18111	0.03651	0.021	0.021	0.021	0.021	0	0	0	0	0	0	0	0.0158	0.01694	0.01694	0.01694	0.01694	0.01519	0.01519	0.01959	0.01959	0.01959	0.01959	0.01959	0.01959	0.01755	0.01811	0.01811	0.01821	0.01821	0.02185	0.02006	0.02006	0.02164	0.02161	0.02161	0.02168	0.02168	0.01948	0.02167	0.02167	0.02167	0.02167	0.02167	0.02297	0.02297	0.02297	0.02297	0.02297	0.02297	0.02297	0.02297	0.02297
"205"	0.961	1.00072	1.00753	0.82152	0.62311	0.53662	0.53662	0.54289	0.54358	0.5583	0.5583	0.61966	0.61966	0.61871	0.61953	0.61983	0.63647	0.64824	0.64824	0.68076	0.67746	0.67746	0.6779	0.6779	0.6659	0.6545	0.68212	0.68212	0.68727	0.68364	0.68364	0.68364	0.69236	0.68763	0.68763	0.68763	0.68763	0.68763	0.68653	0.68575	0.68575	0.68736	0.68736	0.08115	0.08115	0.08115	0.08074	0.07975	0.07833	0.07776	0.07776	0.07801	0.07847	0.07769	0.07769	0.07769	0.07769	0.07769	0.07769	0.07769	0.07769	0.07769	0.07706	0.08032	0.0809	0.07524	0.08047	0.08047	0.08373	0.0756	0.07485	0.07325	0.07044	0.07022	0.06236	0.06314	0.06345	0.06298	0.06353	0.06349	0.06349	0.04953	0.04953	0.04953	0.05337	0.05153	0.05153	0.05648	0.05648	0.05372	0.05418	0.05442	0.06039	0.06039	0.05688	0.05688	0.05758	0.05955	0.06157	0.06157	0.06157	0.06019	0.05845	0.05845	0.05923	0.05863	0.05663	0.05708	0.05708	0.05708	0.05627	0.05803	0.05857	0.04669	0.04605	0.04605	0.04605	0.0432	0.04755	0.04608	0.04843	0.05136	0.04567	0.04567	0.04827	0.04779	0.04779	0.0477	0.04956	0.05031	0.04935	0.04935	0.05022	0.05237	0.04999	0.04999	0.05054	0.05152	0.05109	0.04765	0.04765	0.04765	0.04959	0.04963	0.05124	0.04986	0.04986	0.04986	0.04986	0.04986	0.05385	0.05385	0.05248	0.05846	0.05846	0.05846	0.0531	0.05298	0.05262	0.05323	0.05129	0.05129	0.05442	0.05553	0.05553	0.05503	0.0541	0.05212	0.05357	0.05374	0.05374	0.05374	0.05504	0.05504	0.05504	0.05504	0.05214	0.05208	0.05286	0.05286	0.05295	0.0535	0.05492	0.05492	0.0546	0.0546	0.0546	0.0546	0.0546	0.04742	0.07274	0.07701	0.07898	0.07994	0.07994	0.08071	0.10907	0.10907	0.10957	0.14482	0.1522	0.1522	0.1522	0.19766	0.14008	0.14064	0.14064	0.16964	0.17309	0.17262	0.18111	0.18111	0.18111	0.18111	0.18111	0.18111	0.18111	0.03651	0.021	0.021	0.021	0.021	0	0	0	0	0	0	0	0.0158	0.01694	0.01694	0.01694	0.01694	0.01519	0.01519	0.01959	0.01959	0.01959	0.01959	0.01959	0.01959	0.01755	0.01811	0.01811	0.01821	0.01821	0.02185	0.02006	0.02006	0.02164	0.02161	0.02161	0.02168	0.02168	0.01948	0.02167	0.02167	0.02167	0.02167	0.02167	0.02297	0.02297	0.02297	0.02297	0.02297	0.02297	0.02297	0.02297	0.02297
"206"	0.961	1.00072	1.00753	0.82152	0.62311	0.53662	0.53662	0.54289	0.54358	0.5583	0.5583	0.61966	0.61966	0.61871	0.61953	0.61983	0.63647	0.64824	0.64824	0.68076	0.67746	0.67746	0.6779	0.6779	0.6659	0.6545	0.68212	0.68212	0.68727	0.68364	0.68364	0.68364	0.69236	0.68763	0.68763	0.68763	0.68763	0.68763	0.68653	0.68575	0.68575	0.68736	0.68736	0.08115	0.08115	0.08115	0.08074	0.07975	0.07833	0.07776	0.07776	0.07801	0.07847	0.07769	0.07769	0.07769	0.07769	0.07769	0.07769	0.07769	0.07769	0.07769	0.07706	0.08032	0.0809	0.07524	0.08047	0.08047	0.08373	0.0756	0.07485	0.07325	0.07044	0.07022	0.06236	0.06314	0.06345	0.06298	0.06353	0.06349	0.06349	0.04953	0.04953	0.04953	0.05337	0.05153	0.05153	0.05648	0.05648	0.05372	0.05418	0.05442	0.06039	0.06039	0.05688	0.05688	0.05758	0.05955	0.06157	0.06157	0.06157	0.06019	0.05845	0.05845	0.05923	0.05863	0.05663	0.05708	0.05708	0.05708	0.05627	0.05803	0.05857	0.04669	0.04605	0.04605	0.04605	0.0432	0.04755	0.04608	0.04843	0.05136	0.04567	0.04567	0.04827	0.04779	0.04779	0.0477	0.04956	0.05031	0.04935	0.04935	0.05022	0.05237	0.04999	0.04999	0.05054	0.05152	0.05109	0.04765	0.04765	0.04765	0.04959	0.04963	0.05124	0.04986	0.04986	0.04986	0.04986	0.04986	0.05385	0.05385	0.05248	0.05846	0.05846	0.05846	0.0531	0.05298	0.05262	0.05323	0.05129	0.05129	0.05442	0.05553	0.05553	0.05503	0.0541	0.05212	0.05357	0.05374	0.05374	0.05374	0.05504	0.05504	0.05504	0.05504	0.05214	0.05208	0.05286	0.05286	0.05295	0.0535	0.05492	0.05492	0.0546	0.0546	0.0546	0.0546	0.0546	0.04742	0.07274	0.07701	0.07898	0.07994	0.07994	0.08071	0.10907	0.10907	0.10957	0.14482	0.1522	0.1522	0.1522	0.19766	0.14008	0.14064	0.14064	0.16964	0.17309	0.17262	0.18111	0.18111	0.18111	0.18111	0.18111	0.18111	0.18111	0.03651	0.021	0.021	0.021	0.021	0	0	0	0	0	0	0	0.0158	0.01694	0.01694	0.01694	0.01694	0.01519	0.01519	0.01959	0.01959	0.01959	0.01959	0.01959	0.01959	0.01755	0.01811	0.01811	0.01821	0.01821	0.02185	0.02006	0.02006	0.02164	0.02161	0.02161	0.02168	0.02168	0.01948	0.02167	0.02167	0.02167	0.02167	0.02167	0.02297	0.02297	0.02297	0.02297	0.02297	0.02297	0.02297	0.02297	0.02297
"207"	0.961	1.00072	1.00753	0.82152	0.62311	0.53662	0.53662	0.54289	0.54358	0.5583	0.5583	0.61966	0.61966	0.61871	0.61953	0.61983	0.63647	0.64824	0.64824	0.68076	0.67746	0.67746	0.6779	0.6779	0.6659	0.6545	0.68212	0.68212	0.68727	0.68364	0.68364	0.68364	0.69236	0.68763	0.68763	0.68763	0.68763	0.68763	0.68653	0.68575	0.68575	0.68736	0.68736	0.08115	0.08115	0.08115	0.08074	0.07975	0.07833	0.07776	0.07776	0.07801	0.07847	0.07769	0.07769	0.07769	0.07769	0.07769	0.07769	0.07769	0.07769	0.07769	0.07706	0.08032	0.0809	0.07524	0.08047	0.08047	0.08373	0.0756	0.07485	0.07325	0.07044	0.07022	0.06236	0.06314	0.06345	0.06298	0.06353	0.06349	0.06349	0.04953	0.04953	0.04953	0.05337	0.05153	0.05153	0.05648	0.05648	0.05372	0.05418	0.05442	0.06039	0.06039	0.05688	0.05688	0.05758	0.05955	0.06157	0.06157	0.06157	0.06019	0.05845	0.05845	0.05923	0.05863	0.05663	0.05708	0.05708	0.05708	0.05627	0.05803	0.05857	0.04669	0.04605	0.04605	0.04605	0.0432	0.04755	0.04608	0.04843	0.05136	0.04567	0.04567	0.04827	0.04779	0.04779	0.0477	0.04956	0.05031	0.04935	0.04935	0.05022	0.05237	0.04999	0.04999	0.05054	0.05152	0.05109	0.04765	0.04765	0.04765	0.04959	0.04963	0.05124	0.04986	0.04986	0.04986	0.04986	0.04986	0.05385	0.05385	0.05248	0.05846	0.05846	0.05846	0.0531	0.05298	0.05262	0.05323	0.05129	0.05129	0.05442	0.05553	0.05553	0.05503	0.0541	0.05212	0.05357	0.05374	0.05374	0.05374	0.05504	0.05504	0.05504	0.05504	0.05214	0.05208	0.05286	0.05286	0.05295	0.0535	0.05492	0.05492	0.0546	0.0546	0.0546	0.0546	0.0546	0.04742	0.07274	0.07701	0.07898	0.07994	0.07994	0.08071	0.10907	0.10907	0.10957	0.14482	0.1522	0.1522	0.1522	0.19766	0.14008	0.14064	0.14064	0.16964	0.17309	0.17262	0.18111	0.18111	0.18111	0.18111	0.18111	0.18111	0.18111	0.03651	0.021	0.021	0.021	0.021	0	0	0	0	0	0	0	0.0158	0.01694	0.01694	0.01694	0.01694	0.01519	0.01519	0.01959	0.01959	0.01959	0.01959	0.01959	0.01959	0.01755	0.01811	0.01811	0.01821	0.01821	0.02185	0.02006	0.02006	0.02164	0.02161	0.02161	0.02168	0.02168	0.01948	0.02167	0.02167	0.02167	0.02167	0.02167	0.02297	0.02297	0.02297	0.02297	0.02297	0.02297	0.02297	0.02297	0.02297
"208"	0.961	1.00072	1.00753	0.82152	0.62311	0.53662	0.53662	0.54289	0.54358	0.5583	0.5583	0.61966	0.61966	0.61871	0.61953	0.61983	0.63647	0.64824	0.64824	0.68076	0.67746	0.67746	0.6779	0.6779	0.6659	0.6545	0.68212	0.68212	0.68727	0.68364	0.68364	0.68364	0.69236	0.68763	0.68763	0.68763	0.68763	0.68763	0.68653	0.68575	0.68575	0.68736	0.68736	0.08115	0.08115	0.08115	0.08074	0.07975	0.07833	0.07776	0.07776	0.07801	0.07847	0.07769	0.07769	0.07769	0.07769	0.07769	0.07769	0.07769	0.07769	0.07769	0.07706	0.08032	0.0809	0.07524	0.08047	0.08047	0.08373	0.0756	0.07485	0.07325	0.07044	0.07022	0.06236	0.06314	0.06345	0.06298	0.06353	0.06349	0.06349	0.04953	0.04953	0.04953	0.05337	0.05153	0.05153	0.05648	0.05648	0.05372	0.05418	0.05442	0.06039	0.06039	0.05688	0.05688	0.05758	0.05955	0.06157	0.06157	0.06157	0.06019	0.05845	0.05845	0.05923	0.05863	0.05663	0.05708	0.05708	0.05708	0.05627	0.05803	0.05857	0.04669	0.04605	0.04605	0.04605	0.0432	0.04755	0.04608	0.04843	0.05136	0.04567	0.04567	0.04827	0.04779	0.04779	0.0477	0.04956	0.05031	0.04935	0.04935	0.05022	0.05237	0.04999	0.04999	0.05054	0.05152	0.05109	0.04765	0.04765	0.04765	0.04959	0.04963	0.05124	0.04986	0.04986	0.04986	0.04986	0.04986	0.05385	0.05385	0.05248	0.05846	0.05846	0.05846	0.0531	0.05298	0.05262	0.05323	0.05129	0.05129	0.05442	0.05553	0.05553	0.05503	0.0541	0.05212	0.05357	0.05374	0.05374	0.05374	0.05504	0.05504	0.05504	0.05504	0.05214	0.05208	0.05286	0.05286	0.05295	0.0535	0.05492	0.05492	0.0546	0.0546	0.0546	0.0546	0.0546	0.04742	0.07274	0.07701	0.07898	0.07994	0.07994	0.08071	0.10907	0.10907	0.10957	0.14482	0.1522	0.1522	0.1522	0.19766	0.14008	0.14064	0.14064	0.16964	0.17309	0.17262	0.18111	0.18111	0.18111	0.18111	0.18111	0.18111	0.18111	0.03651	0.021	0.021	0.021	0.021	0	0	0	0	0	0	0	0.0158	0.01694	0.01694	0.01694	0.01694	0.01519	0.01519	0.01959	0.01959	0.01959	0.01959	0.01959	0.01959	0.01755	0.01811	0.01811	0.01821	0.01821	0.02185	0.02006	0.02006	0.02164	0.02161	0.02161	0.02168	0.02168	0.01948	0.02167	0.02167	0.02167	0.02167	0.02167	0.02297	0.02297	0.02297	0.02297	0.02297	0.02297	0.02297	0.02297	0.02297
"380"	0.96026	0.99998	1.00679	0.82078	0.62237	0.53588	0.53588	0.54215	0.54284	0.55756	0.55756	0.61892	0.61892	0.61797	0.61879	0.61909	0.63573	0.6475	0.6475	0.68002	0.67672	0.67672	0.67716	0.67716	0.66516	0.65376	0.68138	0.68138	0.68653	0.6829	0.6829	0.6829	0.69162	0.68689	0.68689	0.68689	0.68689	0.68689	0.68579	0.68501	0.68501	0.68662	0.68662	0.08041	0.08041	0.08041	0.08	0.07901	0.07759	0.07702	0.07702	0.07727	0.07773	0.07695	0.07695	0.07695	0.07695	0.07695	0.07695	0.07695	0.07695	0.07695	0.07632	0.07958	0.08016	0.0745	0.07973	0.07973	0.08299	0.07486	0.07411	0.07251	0.0697	0.06948	0.06162	0.0624	0.06271	0.06224	0.06279	0.06275	0.06275	0.04879	0.04879	0.04879	0.05263	0.05079	0.05079	0.05574	0.05574	0.05298	0.05344	0.05368	0.05965	0.05965	0.05614	0.05614	0.05684	0.05881	0.06083	0.06083	0.06083	0.05945	0.05771	0.05771	0.05849	0.05789	0.05589	0.05634	0.05634	0.05634	0.05553	0.05729	0.05783	0.04595	0.04531	0.04531	0.04531	0.04246	0.04681	0.04534	0.04769	0.05062	0.04493	0.04493	0.04753	0.04705	0.04705	0.04696	0.04882	0.04957	0.04861	0.04861	0.04948	0.05163	0.04925	0.04925	0.0498	0.05078	0.05035	0.04691	0.04691	0.04691	0.04885	0.04889	0.0505	0.04912	0.04912	0.04912	0.04912	0.04912	0.05311	0.05311	0.05174	0.05772	0.05772	0.05772	0.05236	0.05224	0.05188	0.05249	0.05055	0.05055	0.05368	0.05479	0.05479	0.05429	0.05336	0.05138	0.05283	0.053	0.053	0.053	0.0543	0.0543	0.0543	0.0543	0.0514	0.05134	0.05212	0.05212	0.05221	0.05276	0.05418	0.05418	0.05386	0.05386	0.05386	0.05386	0.05386	0.04668	0.072	0.07627	0.07824	0.0792	0.0792	0.07997	0.10833	0.10833	0.10883	0.14408	0.15146	0.15146	0.15146	0.19692	0.13934	0.1399	0.1399	0.1689	0.17235	0.17188	0.18037	0.18037	0.18037	0.18037	0.18037	0.18037	0.18037	0.03577	0.02026	0.02026	0.02026	0.02026	0.0158	0.0158	0.0158	0.0158	0.0158	0.0158	0.0158	0	0.00426	0.00426	0.00426	0.00426	0.00915	0.00915	0.01355	0.01355	0.01355	0.01355	0.01355	0.01355	0.01151	0.01207	0.01207	0.01217	0.01217	0.01779	0.016	0.016	0.01758	0.01755	0.01755	0.01762	0.01762	0.01542	0.01761	0.01761	0.01761	0.01761	0.01761	0.01891	0.01891	0.01891	0.01891	0.01891	0.01891	0.01891	0.01891	0.01891
"314"	0.9614	1.00112	1.00793	0.82192	0.62351	0.53702	0.53702	0.54329	0.54398	0.5587	0.5587	0.62006	0.62006	0.61911	0.61993	0.62023	0.63687	0.64864	0.64864	0.68116	0.67786	0.67786	0.6783	0.6783	0.6663	0.6549	0.68252	0.68252	0.68767	0.68404	0.68404	0.68404	0.69276	0.68803	0.68803	0.68803	0.68803	0.68803	0.68693	0.68615	0.68615	0.68776	0.68776	0.08155	0.08155	0.08155	0.08114	0.08015	0.07873	0.07816	0.07816	0.07841	0.07887	0.07809	0.07809	0.07809	0.07809	0.07809	0.07809	0.07809	0.07809	0.07809	0.07746	0.08072	0.0813	0.07564	0.08087	0.08087	0.08413	0.076	0.07525	0.07365	0.07084	0.07062	0.06276	0.06354	0.06385	0.06338	0.06393	0.06389	0.06389	0.04993	0.04993	0.04993	0.05377	0.05193	0.05193	0.05688	0.05688	0.05412	0.05458	0.05482	0.06079	0.06079	0.05728	0.05728	0.05798	0.05995	0.06197	0.06197	0.06197	0.06059	0.05885	0.05885	0.05963	0.05903	0.05703	0.05748	0.05748	0.05748	0.05667	0.05843	0.05897	0.04709	0.04645	0.04645	0.04645	0.0436	0.04795	0.04648	0.04883	0.05176	0.04607	0.04607	0.04867	0.04819	0.04819	0.0481	0.04996	0.05071	0.04975	0.04975	0.05062	0.05277	0.05039	0.05039	0.05094	0.05192	0.05149	0.04805	0.04805	0.04805	0.04999	0.05003	0.05164	0.05026	0.05026	0.05026	0.05026	0.05026	0.05425	0.05425	0.05288	0.05886	0.05886	0.05886	0.0535	0.05338	0.05302	0.05363	0.05169	0.05169	0.05482	0.05593	0.05593	0.05543	0.0545	0.05252	0.05397	0.05414	0.05414	0.05414	0.05544	0.05544	0.05544	0.05544	0.05254	0.05248	0.05326	0.05326	0.05335	0.0539	0.05532	0.05532	0.055	0.055	0.055	0.055	0.055	0.04782	0.07314	0.07741	0.07938	0.08034	0.08034	0.08111	0.10947	0.10947	0.10997	0.14522	0.1526	0.1526	0.1526	0.19806	0.14048	0.14104	0.14104	0.17004	0.17349	0.17302	0.18151	0.18151	0.18151	0.18151	0.18151	0.18151	0.18151	0.03691	0.0214	0.0214	0.0214	0.0214	0.01694	0.01694	0.01694	0.01694	0.01694	0.01694	0.01694	0.00426	0	0	0	0	0.01029	0.01029	0.01469	0.01469	0.01469	0.01469	0.01469	0.01469	0.01265	0.01321	0.01321	0.01331	0.01331	0.01893	0.01714	0.01714	0.01872	0.01869	0.01869	0.01876	0.01876	0.01656	0.01875	0.01875	0.01875	0.01875	0.01875	0.02005	0.02005	0.02005	0.02005	0.02005	0.02005	0.02005	0.02005	0.02005
"315"	0.9614	1.00112	1.00793	0.82192	0.62351	0.53702	0.53702	0.54329	0.54398	0.5587	0.5587	0.62006	0.62006	0.61911	0.61993	0.62023	0.63687	0.64864	0.64864	0.68116	0.67786	0.67786	0.6783	0.6783	0.6663	0.6549	0.68252	0.68252	0.68767	0.68404	0.68404	0.68404	0.69276	0.68803	0.68803	0.68803	0.68803	0.68803	0.68693	0.68615	0.68615	0.68776	0.68776	0.08155	0.08155	0.08155	0.08114	0.08015	0.07873	0.07816	0.07816	0.07841	0.07887	0.07809	0.07809	0.07809	0.07809	0.07809	0.07809	0.07809	0.07809	0.07809	0.07746	0.08072	0.0813	0.07564	0.08087	0.08087	0.08413	0.076	0.07525	0.07365	0.07084	0.07062	0.06276	0.06354	0.06385	0.06338	0.06393	0.06389	0.06389	0.04993	0.04993	0.04993	0.05377	0.05193	0.05193	0.05688	0.05688	0.05412	0.05458	0.05482	0.06079	0.06079	0.05728	0.05728	0.05798	0.05995	0.06197	0.06197	0.06197	0.06059	0.05885	0.05885	0.05963	0.05903	0.05703	0.05748	0.05748	0.05748	0.05667	0.05843	0.05897	0.04709	0.04645	0.04645	0.04645	0.0436	0.04795	0.04648	0.04883	0.05176	0.04607	0.04607	0.04867	0.04819	0.04819	0.0481	0.04996	0.05071	0.04975	0.04975	0.05062	0.05277	0.05039	0.05039	0.05094	0.05192	0.05149	0.04805	0.04805	0.04805	0.04999	0.05003	0.05164	0.05026	0.05026	0.05026	0.05026	0.05026	0.05425	0.05425	0.05288	0.05886	0.05886	0.05886	0.0535	0.05338	0.05302	0.05363	0.05169	0.05169	0.05482	0.05593	0.05593	0.05543	0.0545	0.05252	0.05397	0.05414	0.05414	0.05414	0.05544	0.05544	0.05544	0.05544	0.05254	0.05248	0.05326	0.05326	0.05335	0.0539	0.05532	0.05532	0.055	0.055	0.055	0.055	0.055	0.04782	0.07314	0.07741	0.07938	0.08034	0.08034	0.08111	0.10947	0.10947	0.10997	0.14522	0.1526	0.1526	0.1526	0.19806	0.14048	0.14104	0.14104	0.17004	0.17349	0.17302	0.18151	0.18151	0.18151	0.18151	0.18151	0.18151	0.18151	0.03691	0.0214	0.0214	0.0214	0.0214	0.01694	0.01694	0.01694	0.01694	0.01694	0.01694	0.01694	0.00426	0	0	0	0	0.01029	0.01029	0.01469	0.01469	0.01469	0.01469	0.01469	0.01469	0.01265	0.01321	0.01321	0.01331	0.01331	0.01893	0.01714	0.01714	0.01872	0.01869	0.01869	0.01876	0.01876	0.01656	0.01875	0.01875	0.01875	0.01875	0.01875	0.02005	0.02005	0.02005	0.02005	0.02005	0.02005	0.02005	0.02005	0.02005
"316"	0.9614	1.00112	1.00793	0.82192	0.62351	0.53702	0.53702	0.54329	0.54398	0.5587	0.5587	0.62006	0.62006	0.61911	0.61993	0.62023	0.63687	0.64864	0.64864	0.68116	0.67786	0.67786	0.6783	0.6783	0.6663	0.6549	0.68252	0.68252	0.68767	0.68404	0.68404	0.68404	0.69276	0.68803	0.68803	0.68803	0.68803	0.68803	0.68693	0.68615	0.68615	0.68776	0.68776	0.08155	0.08155	0.08155	0.08114	0.08015	0.07873	0.07816	0.07816	0.07841	0.07887	0.07809	0.07809	0.07809	0.07809	0.07809	0.07809	0.07809	0.07809	0.07809	0.07746	0.08072	0.0813	0.07564	0.08087	0.08087	0.08413	0.076	0.07525	0.07365	0.07084	0.07062	0.06276	0.06354	0.06385	0.06338	0.06393	0.06389	0.06389	0.04993	0.04993	0.04993	0.05377	0.05193	0.05193	0.05688	0.05688	0.05412	0.05458	0.05482	0.06079	0.06079	0.05728	0.05728	0.05798	0.05995	0.06197	0.06197	0.06197	0.06059	0.05885	0.05885	0.05963	0.05903	0.05703	0.05748	0.05748	0.05748	0.05667	0.05843	0.05897	0.04709	0.04645	0.04645	0.04645	0.0436	0.04795	0.04648	0.04883	0.05176	0.04607	0.04607	0.04867	0.04819	0.04819	0.0481	0.04996	0.05071	0.04975	0.04975	0.05062	0.05277	0.05039	0.05039	0.05094	0.05192	0.05149	0.04805	0.04805	0.04805	0.04999	0.05003	0.05164	0.05026	0.05026	0.05026	0.05026	0.05026	0.05425	0.05425	0.05288	0.05886	0.05886	0.05886	0.0535	0.05338	0.05302	0.05363	0.05169	0.05169	0.05482	0.05593	0.05593	0.05543	0.0545	0.05252	0.05397	0.05414	0.05414	0.05414	0.05544	0.05544	0.05544	0.05544	0.05254	0.05248	0.05326	0.05326	0.05335	0.0539	0.05532	0.05532	0.055	0.055	0.055	0.055	0.055	0.04782	0.07314	0.07741	0.07938	0.08034	0.08034	0.08111	0.10947	0.10947	0.10997	0.14522	0.1526	0.1526	0.1526	0.19806	0.14048	0.14104	0.14104	0.17004	0.17349	0.17302	0.18151	0.18151	0.18151	0.18151	0.18151	0.18151	0.18151	0.03691	0.0214	0.0214	0.0214	0.0214	0.01694	0.01694	0.01694	0.01694	0.01694	0.01694	0.01694	0.00426	0	0	0	0	0.01029	0.01029	0.01469	0.01469	0.01469	0.01469	0.01469	0.01469	0.01265	0.01321	0.01321	0.01331	0.01331	0.01893	0.01714	0.01714	0.01872	0.01869	0.01869	0.01876	0.01876	0.01656	0.01875	0.01875	0.01875	0.01875	0.01875	0.02005	0.02005	0.02005	0.02005	0.02005	0.02005	0.02005	0.02005	0.02005
"369"	0.9614	1.00112	1.00793	0.82192	0.62351	0.53702	0.53702	0.54329	0.54398	0.5587	0.5587	0.62006	0.62006	0.61911	0.61993	0.62023	0.63687	0.64864	0.64864	0.68116	0.67786	0.67786	0.6783	0.6783	0.6663	0.6549	0.68252	0.68252	0.68767	0.68404	0.68404	0.68404	0.69276	0.68803	0.68803	0.68803	0.68803	0.68803	0.68693	0.68615	0.68615	0.68776	0.68776	0.08155	0.08155	0.08155	0.08114	0.08015	0.07873	0.07816	0.07816	0.07841	0.07887	0.07809	0.07809	0.07809	0.07809	0.07809	0.07809	0.07809	0.07809	0.07809	0.07746	0.08072	0.0813	0.07564	0.08087	0.08087	0.08413	0.076	0.07525	0.07365	0.07084	0.07062	0.06276	0.06354	0.06385	0.06338	0.06393	0.06389	0.06389	0.04993	0.04993	0.04993	0.05377	0.05193	0.05193	0.05688	0.05688	0.05412	0.05458	0.05482	0.06079	0.06079	0.05728	0.05728	0.05798	0.05995	0.06197	0.06197	0.06197	0.06059	0.05885	0.05885	0.05963	0.05903	0.05703	0.05748	0.05748	0.05748	0.05667	0.05843	0.05897	0.04709	0.04645	0.04645	0.04645	0.0436	0.04795	0.04648	0.04883	0.05176	0.04607	0.04607	0.04867	0.04819	0.04819	0.0481	0.04996	0.05071	0.04975	0.04975	0.05062	0.05277	0.05039	0.05039	0.05094	0.05192	0.05149	0.04805	0.04805	0.04805	0.04999	0.05003	0.05164	0.05026	0.05026	0.05026	0.05026	0.05026	0.05425	0.05425	0.05288	0.05886	0.05886	0.05886	0.0535	0.05338	0.05302	0.05363	0.05169	0.05169	0.05482	0.05593	0.05593	0.05543	0.0545	0.05252	0.05397	0.05414	0.05414	0.05414	0.05544	0.05544	0.05544	0.05544	0.05254	0.05248	0.05326	0.05326	0.05335	0.0539	0.05532	0.05532	0.055	0.055	0.055	0.055	0.055	0.04782	0.07314	0.07741	0.07938	0.08034	0.08034	0.08111	0.10947	0.10947	0.10997	0.14522	0.1526	0.1526	0.1526	0.19806	0.14048	0.14104	0.14104	0.17004	0.17349	0.17302	0.18151	0.18151	0.18151	0.18151	0.18151	0.18151	0.18151	0.03691	0.0214	0.0214	0.0214	0.0214	0.01694	0.01694	0.01694	0.01694	0.01694	0.01694	0.01694	0.00426	0	0	0	0	0.01029	0.01029	0.01469	0.01469	0.01469	0.01469	0.01469	0.01469	0.01265	0.01321	0.01321	0.01331	0.01331	0.01893	0.01714	0.01714	0.01872	0.01869	0.01869	0.01876	0.01876	0.01656	0.01875	0.01875	0.01875	0.01875	0.01875	0.02005	0.02005	0.02005	0.02005	0.02005	0.02005	0.02005	0.02005	0.02005
"28"	0.95965	0.99937	1.00618	0.82017	0.62176	0.53527	0.53527	0.54154	0.54223	0.55695	0.55695	0.61831	0.61831	0.61736	0.61818	0.61848	0.63512	0.64689	0.64689	0.67941	0.67611	0.67611	0.67655	0.67655	0.66455	0.65315	0.68077	0.68077	0.68592	0.68229	0.68229	0.68229	0.69101	0.68628	0.68628	0.68628	0.68628	0.68628	0.68518	0.6844	0.6844	0.68601	0.68601	0.0798	0.0798	0.0798	0.07939	0.0784	0.07698	0.07641	0.07641	0.07666	0.07712	0.07634	0.07634	0.07634	0.07634	0.07634	0.07634	0.07634	0.07634	0.07634	0.07571	0.07897	0.07955	0.07389	0.07912	0.07912	0.08238	0.07425	0.0735	0.0719	0.06909	0.06887	0.06101	0.06179	0.0621	0.06163	0.06218	0.06214	0.06214	0.04818	0.04818	0.04818	0.05202	0.05018	0.05018	0.05513	0.05513	0.05237	0.05283	0.05307	0.05904	0.05904	0.05553	0.05553	0.05623	0.0582	0.06022	0.06022	0.06022	0.05884	0.0571	0.0571	0.05788	0.05728	0.05528	0.05573	0.05573	0.05573	0.05492	0.05668	0.05722	0.04534	0.0447	0.0447	0.0447	0.04185	0.0462	0.04473	0.04708	0.05001	0.04432	0.04432	0.04692	0.04644	0.04644	0.04635	0.04821	0.04896	0.048	0.048	0.04887	0.05102	0.04864	0.04864	0.04919	0.05017	0.04974	0.0463	0.0463	0.0463	0.04824	0.04828	0.04989	0.04851	0.04851	0.04851	0.04851	0.04851	0.0525	0.0525	0.05113	0.05711	0.05711	0.05711	0.05175	0.05163	0.05127	0.05188	0.04994	0.04994	0.05307	0.05418	0.05418	0.05368	0.05275	0.05077	0.05222	0.05239	0.05239	0.05239	0.05369	0.05369	0.05369	0.05369	0.05079	0.05073	0.05151	0.05151	0.0516	0.05215	0.05357	0.05357	0.05325	0.05325	0.05325	0.05325	0.05325	0.04607	0.07139	0.07566	0.07763	0.07859	0.07859	0.07936	0.10772	0.10772	0.10822	0.14347	0.15085	0.15085	0.15085	0.19631	0.13873	0.13929	0.13929	0.16829	0.17174	0.17127	0.17976	0.17976	0.17976	0.17976	0.17976	0.17976	0.17976	0.03516	0.01965	0.01965	0.01965	0.01965	0.01519	0.01519	0.01519	0.01519	0.01519	0.01519	0.01519	0.00915	0.01029	0.01029	0.01029	0.01029	0	0.0011	0.00726	0.00726	0.00726	0.00726	0.00726	0.00726	0.00522	0.00578	0.00578	0.00588	0.00588	0.01718	0.01539	0.01539	0.01697	0.01694	0.01694	0.01701	0.01701	0.01481	0.017	0.017	0.017	0.017	0.017	0.0183	0.0183	0.0183	0.0183	0.0183	0.0183	0.0183	0.0183	0.0183
"39"	0.95965	0.99937	1.00618	0.82017	0.62176	0.53527	0.53527	0.54154	0.54223	0.55695	0.55695	0.61831	0.61831	0.61736	0.61818	0.61848	0.63512	0.64689	0.64689	0.67941	0.67611	0.67611	0.67655	0.67655	0.66455	0.65315	0.68077	0.68077	0.68592	0.68229	0.68229	0.68229	0.69101	0.68628	0.68628	0.68628	0.68628	0.68628	0.68518	0.6844	0.6844	0.68601	0.68601	0.0798	0.0798	0.0798	0.07939	0.0784	0.07698	0.07641	0.07641	0.07666	0.07712	0.07634	0.07634	0.07634	0.07634	0.07634	0.07634	0.07634	0.07634	0.07634	0.07571	0.07897	0.07955	0.07389	0.07912	0.07912	0.08238	0.07425	0.0735	0.0719	0.06909	0.06887	0.06101	0.06179	0.0621	0.06163	0.06218	0.06214	0.06214	0.04818	0.04818	0.04818	0.05202	0.05018	0.05018	0.05513	0.05513	0.05237	0.05283	0.05307	0.05904	0.05904	0.05553	0.05553	0.05623	0.0582	0.06022	0.06022	0.06022	0.05884	0.0571	0.0571	0.05788	0.05728	0.05528	0.05573	0.05573	0.05573	0.05492	0.05668	0.05722	0.04534	0.0447	0.0447	0.0447	0.04185	0.0462	0.04473	0.04708	0.05001	0.04432	0.04432	0.04692	0.04644	0.04644	0.04635	0.04821	0.04896	0.048	0.048	0.04887	0.05102	0.04864	0.04864	0.04919	0.05017	0.04974	0.0463	0.0463	0.0463	0.04824	0.04828	0.04989	0.04851	0.04851	0.04851	0.04851	0.04851	0.0525	0.0525	0.05113	0.05711	0.05711	0.05711	0.05175	0.05163	0.05127	0.05188	0.04994	0.04994	0.05307	0.05418	0.05418	0.05368	0.05275	0.05077	0.05222	0.05239	0.05239	0.05239	0.05369	0.05369	0.05369	0.05369	0.05079	0.05073	0.05151	0.05151	0.0516	0.05215	0.05357	0.05357	0.05325	0.05325	0.05325	0.05325	0.05325	0.04607	0.07139	0.07566	0.07763	0.07859	0.07859	0.07936	0.10772	0.10772	0.10822	0.14347	0.15085	0.15085	0.15085	0.19631	0.13873	0.13929	0.13929	0.16829	0.17174	0.17127	0.17976	0.17976	0.17976	0.17976	0.17976	0.17976	0.17976	0.03516	0.01965	0.01965	0.01965	0.01965	0.01519	0.01519	0.01519	0.01519	0.01519	0.01519	0.01519	0.00915	0.01029	0.01029	0.01029	0.01029	0.0011	0	0.00726	0.00726	0.00726	0.00726	0.00726	0.00726	0.00522	0.00578	0.00578	0.00588	0.00588	0.01718	0.01539	0.01539	0.01697	0.01694	0.01694	0.01701	0.01701	0.01481	0.017	0.017	0.017	0.017	0.017	0.0183	0.0183	0.0183	0.0183	0.0183	0.0183	0.0183	0.0183	0.0183
"304"	0.96405	1.00377	1.01058	0.82457	0.62616	0.53967	0.53967	0.54594	0.54663	0.56135	0.56135	0.62271	0.62271	0.62176	0.62258	0.62288	0.63952	0.65129	0.65129	0.68381	0.68051	0.68051	0.68095	0.68095	0.66895	0.65755	0.68517	0.68517	0.69032	0.68669	0.68669	0.68669	0.69541	0.69068	0.69068	0.69068	0.69068	0.69068	0.68958	0.6888	0.6888	0.69041	0.69041	0.0842	0.0842	0.0842	0.08379	0.0828	0.08138	0.08081	0.08081	0.08106	0.08152	0.08074	0.08074	0.08074	0.08074	0.08074	0.08074	0.08074	0.08074	0.08074	0.08011	0.08337	0.08395	0.07829	0.08352	0.08352	0.08678	0.07865	0.0779	0.0763	0.07349	0.07327	0.06541	0.06619	0.0665	0.06603	0.06658	0.06654	0.06654	0.05258	0.05258	0.05258	0.05642	0.05458	0.05458	0.05953	0.05953	0.05677	0.05723	0.05747	0.06344	0.06344	0.05993	0.05993	0.06063	0.0626	0.06462	0.06462	0.06462	0.06324	0.0615	0.0615	0.06228	0.06168	0.05968	0.06013	0.06013	0.06013	0.05932	0.06108	0.06162	0.04974	0.0491	0.0491	0.0491	0.04625	0.0506	0.04913	0.05148	0.05441	0.04872	0.04872	0.05132	0.05084	0.05084	0.05075	0.05261	0.05336	0.0524	0.0524	0.05327	0.05542	0.05304	0.05304	0.05359	0.05457	0.05414	0.0507	0.0507	0.0507	0.05264	0.05268	0.05429	0.05291	0.05291	0.05291	0.05291	0.05291	0.0569	0.0569	0.05553	0.06151	0.06151	0.06151	0.05615	0.05603	0.05567	0.05628	0.05434	0.05434	0.05747	0.05858	0.05858	0.05808	0.05715	0.05517	0.05662	0.05679	0.05679	0.05679	0.05809	0.05809	0.05809	0.05809	0.05519	0.05513	0.05591	0.05591	0.056	0.05655	0.05797	0.05797	0.05765	0.05765	0.05765	0.05765	0.05765	0.05047	0.07579	0.08006	0.08203	0.08299	0.08299	0.08376	0.11212	0.11212	0.11262	0.14787	0.15525	0.15525	0.15525	0.20071	0.14313	0.14369	0.14369	0.17269	0.17614	0.17567	0.18416	0.18416	0.18416	0.18416	0.18416	0.18416	0.18416	0.03956	0.02405	0.02405	0.02405	0.02405	0.01959	0.01959	0.01959	0.01959	0.01959	0.01959	0.01959	0.01355	0.01469	0.01469	0.01469	0.01469	0.00726	0.00726	0	0.0011	0.0011	0.0011	0.0011	0.0011	0.00588	0.00644	0.00644	0.00654	0.00654	0.02158	0.01979	0.01979	0.02137	0.02134	0.02134	0.02141	0.02141	0.01921	0.0214	0.0214	0.0214	0.0214	0.0214	0.0227	0.0227	0.0227	0.0227	0.0227	0.0227	0.0227	0.0227	0.0227
"303"	0.96405	1.00377	1.01058	0.82457	0.62616	0.53967	0.53967	0.54594	0.54663	0.56135	0.56135	0.62271	0.62271	0.62176	0.62258	0.62288	0.63952	0.65129	0.65129	0.68381	0.68051	0.68051	0.68095	0.68095	0.66895	0.65755	0.68517	0.68517	0.69032	0.68669	0.68669	0.68669	0.69541	0.69068	0.69068	0.69068	0.69068	0.69068	0.68958	0.6888	0.6888	0.69041	0.69041	0.0842	0.0842	0.0842	0.08379	0.0828	0.08138	0.08081	0.08081	0.08106	0.08152	0.08074	0.08074	0.08074	0.08074	0.08074	0.08074	0.08074	0.08074	0.08074	0.08011	0.08337	0.08395	0.07829	0.08352	0.08352	0.08678	0.07865	0.0779	0.0763	0.07349	0.07327	0.06541	0.06619	0.0665	0.06603	0.06658	0.06654	0.06654	0.05258	0.05258	0.05258	0.05642	0.05458	0.05458	0.05953	0.05953	0.05677	0.05723	0.05747	0.06344	0.06344	0.05993	0.05993	0.06063	0.0626	0.06462	0.06462	0.06462	0.06324	0.0615	0.0615	0.06228	0.06168	0.05968	0.06013	0.06013	0.06013	0.05932	0.06108	0.06162	0.04974	0.0491	0.0491	0.0491	0.04625	0.0506	0.04913	0.05148	0.05441	0.04872	0.04872	0.05132	0.05084	0.05084	0.05075	0.05261	0.05336	0.0524	0.0524	0.05327	0.05542	0.05304	0.05304	0.05359	0.05457	0.05414	0.0507	0.0507	0.0507	0.05264	0.05268	0.05429	0.05291	0.05291	0.05291	0.05291	0.05291	0.0569	0.0569	0.05553	0.06151	0.06151	0.06151	0.05615	0.05603	0.05567	0.05628	0.05434	0.05434	0.05747	0.05858	0.05858	0.05808	0.05715	0.05517	0.05662	0.05679	0.05679	0.05679	0.05809	0.05809	0.05809	0.05809	0.05519	0.05513	0.05591	0.05591	0.056	0.05655	0.05797	0.05797	0.05765	0.05765	0.05765	0.05765	0.05765	0.05047	0.07579	0.08006	0.08203	0.08299	0.08299	0.08376	0.11212	0.11212	0.11262	0.14787	0.15525	0.15525	0.15525	0.20071	0.14313	0.14369	0.14369	0.17269	0.17614	0.17567	0.18416	0.18416	0.18416	0.18416	0.18416	0.18416	0.18416	0.03956	0.02405	0.02405	0.02405	0.02405	0.01959	0.01959	0.01959	0.01959	0.01959	0.01959	0.01959	0.01355	0.01469	0.01469	0.01469	0.01469	0.00726	0.00726	0.0011	0	0	0	0	0	0.00588	0.00644	0.00644	0.00654	0.00654	0.02158	0.01979	0.01979	0.02137	0.02134	0.02134	0.02141	0.02141	0.01921	0.0214	0.0214	0.0214	0.0214	0.0214	0.0227	0.0227	0.0227	0.0227	0.0227	0.0227	0.0227	0.0227	0.0227
"305"	0.96405	1.00377	1.01058	0.82457	0.62616	0.53967	0.53967	0.54594	0.54663	0.56135	0.56135	0.62271	0.62271	0.62176	0.62258	0.62288	0.63952	0.65129	0.65129	0.68381	0.68051	0.68051	0.68095	0.68095	0.66895	0.65755	0.68517	0.68517	0.69032	0.68669	0.68669	0.68669	0.69541	0.69068	0.69068	0.69068	0.69068	0.69068	0.68958	0.6888	0.6888	0.69041	0.69041	0.0842	0.0842	0.0842	0.08379	0.0828	0.08138	0.08081	0.08081	0.08106	0.08152	0.08074	0.08074	0.08074	0.08074	0.08074	0.08074	0.08074	0.08074	0.08074	0.08011	0.08337	0.08395	0.07829	0.08352	0.08352	0.08678	0.07865	0.0779	0.0763	0.07349	0.07327	0.06541	0.06619	0.0665	0.06603	0.06658	0.06654	0.06654	0.05258	0.05258	0.05258	0.05642	0.05458	0.05458	0.05953	0.05953	0.05677	0.05723	0.05747	0.06344	0.06344	0.05993	0.05993	0.06063	0.0626	0.06462	0.06462	0.06462	0.06324	0.0615	0.0615	0.06228	0.06168	0.05968	0.06013	0.06013	0.06013	0.05932	0.06108	0.06162	0.04974	0.0491	0.0491	0.0491	0.04625	0.0506	0.04913	0.05148	0.05441	0.04872	0.04872	0.05132	0.05084	0.05084	0.05075	0.05261	0.05336	0.0524	0.0524	0.05327	0.05542	0.05304	0.05304	0.05359	0.05457	0.05414	0.0507	0.0507	0.0507	0.05264	0.05268	0.05429	0.05291	0.05291	0.05291	0.05291	0.05291	0.0569	0.0569	0.05553	0.06151	0.06151	0.06151	0.05615	0.05603	0.05567	0.05628	0.05434	0.05434	0.05747	0.05858	0.05858	0.05808	0.05715	0.05517	0.05662	0.05679	0.05679	0.05679	0.05809	0.05809	0.05809	0.05809	0.05519	0.05513	0.05591	0.05591	0.056	0.05655	0.05797	0.05797	0.05765	0.05765	0.05765	0.05765	0.05765	0.05047	0.07579	0.08006	0.08203	0.08299	0.08299	0.08376	0.11212	0.11212	0.11262	0.14787	0.15525	0.15525	0.15525	0.20071	0.14313	0.14369	0.14369	0.17269	0.17614	0.17567	0.18416	0.18416	0.18416	0.18416	0.18416	0.18416	0.18416	0.03956	0.02405	0.02405	0.02405	0.02405	0.01959	0.01959	0.01959	0.01959	0.01959	0.01959	0.01959	0.01355	0.01469	0.01469	0.01469	0.01469	0.00726	0.00726	0.0011	0	0	0	0	0	0.00588	0.00644	0.00644	0.00654	0.00654	0.02158	0.01979	0.01979	0.02137	0.02134	0.02134	0.02141	0.02141	0.01921	0.0214	0.0214	0.0214	0.0214	0.0214	0.0227	0.0227	0.0227	0.0227	0.0227	0.0227	0.0227	0.0227	0.0227
"348"	0.96405	1.00377	1.01058	0.82457	0.62616	0.53967	0.53967	0.54594	0.54663	0.56135	0.56135	0.62271	0.62271	0.62176	0.62258	0.62288	0.63952	0.65129	0.65129	0.68381	0.68051	0.68051	0.68095	0.68095	0.66895	0.65755	0.68517	0.68517	0.69032	0.68669	0.68669	0.68669	0.69541	0.69068	0.69068	0.69068	0.69068	0.69068	0.68958	0.6888	0.6888	0.69041	0.69041	0.0842	0.0842	0.0842	0.08379	0.0828	0.08138	0.08081	0.08081	0.08106	0.08152	0.08074	0.08074	0.08074	0.08074	0.08074	0.08074	0.08074	0.08074	0.08074	0.08011	0.08337	0.08395	0.07829	0.08352	0.08352	0.08678	0.07865	0.0779	0.0763	0.07349	0.07327	0.06541	0.06619	0.0665	0.06603	0.06658	0.06654	0.06654	0.05258	0.05258	0.05258	0.05642	0.05458	0.05458	0.05953	0.05953	0.05677	0.05723	0.05747	0.06344	0.06344	0.05993	0.05993	0.06063	0.0626	0.06462	0.06462	0.06462	0.06324	0.0615	0.0615	0.06228	0.06168	0.05968	0.06013	0.06013	0.06013	0.05932	0.06108	0.06162	0.04974	0.0491	0.0491	0.0491	0.04625	0.0506	0.04913	0.05148	0.05441	0.04872	0.04872	0.05132	0.05084	0.05084	0.05075	0.05261	0.05336	0.0524	0.0524	0.05327	0.05542	0.05304	0.05304	0.05359	0.05457	0.05414	0.0507	0.0507	0.0507	0.05264	0.05268	0.05429	0.05291	0.05291	0.05291	0.05291	0.05291	0.0569	0.0569	0.05553	0.06151	0.06151	0.06151	0.05615	0.05603	0.05567	0.05628	0.05434	0.05434	0.05747	0.05858	0.05858	0.05808	0.05715	0.05517	0.05662	0.05679	0.05679	0.05679	0.05809	0.05809	0.05809	0.05809	0.05519	0.05513	0.05591	0.05591	0.056	0.05655	0.05797	0.05797	0.05765	0.05765	0.05765	0.05765	0.05765	0.05047	0.07579	0.08006	0.08203	0.08299	0.08299	0.08376	0.11212	0.11212	0.11262	0.14787	0.15525	0.15525	0.15525	0.20071	0.14313	0.14369	0.14369	0.17269	0.17614	0.17567	0.18416	0.18416	0.18416	0.18416	0.18416	0.18416	0.18416	0.03956	0.02405	0.02405	0.02405	0.02405	0.01959	0.01959	0.01959	0.01959	0.01959	0.01959	0.01959	0.01355	0.01469	0.01469	0.01469	0.01469	0.00726	0.00726	0.0011	0	0	0	0	0	0.00588	0.00644	0.00644	0.00654	0.00654	0.02158	0.01979	0.01979	0.02137	0.02134	0.02134	0.02141	0.02141	0.01921	0.0214	0.0214	0.0214	0.0214	0.0214	0.0227	0.0227	0.0227	0.0227	0.0227	0.0227	0.0227	0.0227	0.0227
"349"	0.96405	1.00377	1.01058	0.82457	0.62616	0.53967	0.53967	0.54594	0.54663	0.56135	0.56135	0.62271	0.62271	0.62176	0.62258	0.62288	0.63952	0.65129	0.65129	0.68381	0.68051	0.68051	0.68095	0.68095	0.66895	0.65755	0.68517	0.68517	0.69032	0.68669	0.68669	0.68669	0.69541	0.69068	0.69068	0.69068	0.69068	0.69068	0.68958	0.6888	0.6888	0.69041	0.69041	0.0842	0.0842	0.0842	0.08379	0.0828	0.08138	0.08081	0.08081	0.08106	0.08152	0.08074	0.08074	0.08074	0.08074	0.08074	0.08074	0.08074	0.08074	0.08074	0.08011	0.08337	0.08395	0.07829	0.08352	0.08352	0.08678	0.07865	0.0779	0.0763	0.07349	0.07327	0.06541	0.06619	0.0665	0.06603	0.06658	0.06654	0.06654	0.05258	0.05258	0.05258	0.05642	0.05458	0.05458	0.05953	0.05953	0.05677	0.05723	0.05747	0.06344	0.06344	0.05993	0.05993	0.06063	0.0626	0.06462	0.06462	0.06462	0.06324	0.0615	0.0615	0.06228	0.06168	0.05968	0.06013	0.06013	0.06013	0.05932	0.06108	0.06162	0.04974	0.0491	0.0491	0.0491	0.04625	0.0506	0.04913	0.05148	0.05441	0.04872	0.04872	0.05132	0.05084	0.05084	0.05075	0.05261	0.05336	0.0524	0.0524	0.05327	0.05542	0.05304	0.05304	0.05359	0.05457	0.05414	0.0507	0.0507	0.0507	0.05264	0.05268	0.05429	0.05291	0.05291	0.05291	0.05291	0.05291	0.0569	0.0569	0.05553	0.06151	0.06151	0.06151	0.05615	0.05603	0.05567	0.05628	0.05434	0.05434	0.05747	0.05858	0.05858	0.05808	0.05715	0.05517	0.05662	0.05679	0.05679	0.05679	0.05809	0.05809	0.05809	0.05809	0.05519	0.05513	0.05591	0.05591	0.056	0.05655	0.05797	0.05797	0.05765	0.05765	0.05765	0.05765	0.05765	0.05047	0.07579	0.08006	0.08203	0.08299	0.08299	0.08376	0.11212	0.11212	0.11262	0.14787	0.15525	0.15525	0.15525	0.20071	0.14313	0.14369	0.14369	0.17269	0.17614	0.17567	0.18416	0.18416	0.18416	0.18416	0.18416	0.18416	0.18416	0.03956	0.02405	0.02405	0.02405	0.02405	0.01959	0.01959	0.01959	0.01959	0.01959	0.01959	0.01959	0.01355	0.01469	0.01469	0.01469	0.01469	0.00726	0.00726	0.0011	0	0	0	0	0	0.00588	0.00644	0.00644	0.00654	0.00654	0.02158	0.01979	0.01979	0.02137	0.02134	0.02134	0.02141	0.02141	0.01921	0.0214	0.0214	0.0214	0.0214	0.0214	0.0227	0.0227	0.0227	0.0227	0.0227	0.0227	0.0227	0.0227	0.0227
"350"	0.96405	1.00377	1.01058	0.82457	0.62616	0.53967	0.53967	0.54594	0.54663	0.56135	0.56135	0.62271	0.62271	0.62176	0.62258	0.62288	0.63952	0.65129	0.65129	0.68381	0.68051	0.68051	0.68095	0.68095	0.66895	0.65755	0.68517	0.68517	0.69032	0.68669	0.68669	0.68669	0.69541	0.69068	0.69068	0.69068	0.69068	0.69068	0.68958	0.6888	0.6888	0.69041	0.69041	0.0842	0.0842	0.0842	0.08379	0.0828	0.08138	0.08081	0.08081	0.08106	0.08152	0.08074	0.08074	0.08074	0.08074	0.08074	0.08074	0.08074	0.08074	0.08074	0.08011	0.08337	0.08395	0.07829	0.08352	0.08352	0.08678	0.07865	0.0779	0.0763	0.07349	0.07327	0.06541	0.06619	0.0665	0.06603	0.06658	0.06654	0.06654	0.05258	0.05258	0.05258	0.05642	0.05458	0.05458	0.05953	0.05953	0.05677	0.05723	0.05747	0.06344	0.06344	0.05993	0.05993	0.06063	0.0626	0.06462	0.06462	0.06462	0.06324	0.0615	0.0615	0.06228	0.06168	0.05968	0.06013	0.06013	0.06013	0.05932	0.06108	0.06162	0.04974	0.0491	0.0491	0.0491	0.04625	0.0506	0.04913	0.05148	0.05441	0.04872	0.04872	0.05132	0.05084	0.05084	0.05075	0.05261	0.05336	0.0524	0.0524	0.05327	0.05542	0.05304	0.05304	0.05359	0.05457	0.05414	0.0507	0.0507	0.0507	0.05264	0.05268	0.05429	0.05291	0.05291	0.05291	0.05291	0.05291	0.0569	0.0569	0.05553	0.06151	0.06151	0.06151	0.05615	0.05603	0.05567	0.05628	0.05434	0.05434	0.05747	0.05858	0.05858	0.05808	0.05715	0.05517	0.05662	0.05679	0.05679	0.05679	0.05809	0.05809	0.05809	0.05809	0.05519	0.05513	0.05591	0.05591	0.056	0.05655	0.05797	0.05797	0.05765	0.05765	0.05765	0.05765	0.05765	0.05047	0.07579	0.08006	0.08203	0.08299	0.08299	0.08376	0.11212	0.11212	0.11262	0.14787	0.15525	0.15525	0.15525	0.20071	0.14313	0.14369	0.14369	0.17269	0.17614	0.17567	0.18416	0.18416	0.18416	0.18416	0.18416	0.18416	0.18416	0.03956	0.02405	0.02405	0.02405	0.02405	0.01959	0.01959	0.01959	0.01959	0.01959	0.01959	0.01959	0.01355	0.01469	0.01469	0.01469	0.01469	0.00726	0.00726	0.0011	0	0	0	0	0	0.00588	0.00644	0.00644	0.00654	0.00654	0.02158	0.01979	0.01979	0.02137	0.02134	0.02134	0.02141	0.02141	0.01921	0.0214	0.0214	0.0214	0.0214	0.0214	0.0227	0.0227	0.0227	0.0227	0.0227	0.0227	0.0227	0.0227	0.0227
"29"	0.96201	1.00173	1.00854	0.82253	0.62412	0.53763	0.53763	0.5439	0.54459	0.55931	0.55931	0.62067	0.62067	0.61972	0.62054	0.62084	0.63748	0.64925	0.64925	0.68177	0.67847	0.67847	0.67891	0.67891	0.66691	0.65551	0.68313	0.68313	0.68828	0.68465	0.68465	0.68465	0.69337	0.68864	0.68864	0.68864	0.68864	0.68864	0.68754	0.68676	0.68676	0.68837	0.68837	0.08216	0.08216	0.08216	0.08175	0.08076	0.07934	0.07877	0.07877	0.07902	0.07948	0.0787	0.0787	0.0787	0.0787	0.0787	0.0787	0.0787	0.0787	0.0787	0.07807	0.08133	0.08191	0.07625	0.08148	0.08148	0.08474	0.07661	0.07586	0.07426	0.07145	0.07123	0.06337	0.06415	0.06446	0.06399	0.06454	0.0645	0.0645	0.05054	0.05054	0.05054	0.05438	0.05254	0.05254	0.05749	0.05749	0.05473	0.05519	0.05543	0.0614	0.0614	0.05789	0.05789	0.05859	0.06056	0.06258	0.06258	0.06258	0.0612	0.05946	0.05946	0.06024	0.05964	0.05764	0.05809	0.05809	0.05809	0.05728	0.05904	0.05958	0.0477	0.04706	0.04706	0.04706	0.04421	0.04856	0.04709	0.04944	0.05237	0.04668	0.04668	0.04928	0.0488	0.0488	0.04871	0.05057	0.05132	0.05036	0.05036	0.05123	0.05338	0.051	0.051	0.05155	0.05253	0.0521	0.04866	0.04866	0.04866	0.0506	0.05064	0.05225	0.05087	0.05087	0.05087	0.05087	0.05087	0.05486	0.05486	0.05349	0.05947	0.05947	0.05947	0.05411	0.05399	0.05363	0.05424	0.0523	0.0523	0.05543	0.05654	0.05654	0.05604	0.05511	0.05313	0.05458	0.05475	0.05475	0.05475	0.05605	0.05605	0.05605	0.05605	0.05315	0.05309	0.05387	0.05387	0.05396	0.05451	0.05593	0.05593	0.05561	0.05561	0.05561	0.05561	0.05561	0.04843	0.07375	0.07802	0.07999	0.08095	0.08095	0.08172	0.11008	0.11008	0.11058	0.14583	0.15321	0.15321	0.15321	0.19867	0.14109	0.14165	0.14165	0.17065	0.1741	0.17363	0.18212	0.18212	0.18212	0.18212	0.18212	0.18212	0.18212	0.03752	0.02201	0.02201	0.02201	0.02201	0.01755	0.01755	0.01755	0.01755	0.01755	0.01755	0.01755	0.01151	0.01265	0.01265	0.01265	0.01265	0.00522	0.00522	0.00588	0.00588	0.00588	0.00588	0.00588	0.00588	0	0.00328	0.00328	0.00338	0.00338	0.01954	0.01775	0.01775	0.01933	0.0193	0.0193	0.01937	0.01937	0.01717	0.01936	0.01936	0.01936	0.01936	0.01936	0.02066	0.02066	0.02066	0.02066	0.02066	0.02066	0.02066	0.02066	0.02066
"299"	0.96257	1.00229	1.0091	0.82309	0.62468	0.53819	0.53819	0.54446	0.54515	0.55987	0.55987	0.62123	0.62123	0.62028	0.6211	0.6214	0.63804	0.64981	0.64981	0.68233	0.67903	0.67903	0.67947	0.67947	0.66747	0.65607	0.68369	0.68369	0.68884	0.68521	0.68521	0.68521	0.69393	0.6892	0.6892	0.6892	0.6892	0.6892	0.6881	0.68732	0.68732	0.68893	0.68893	0.08272	0.08272	0.08272	0.08231	0.08132	0.0799	0.07933	0.07933	0.07958	0.08004	0.07926	0.07926	0.07926	0.07926	0.07926	0.07926	0.07926	0.07926	0.07926	0.07863	0.08189	0.08247	0.07681	0.08204	0.08204	0.0853	0.07717	0.07642	0.07482	0.07201	0.07179	0.06393	0.06471	0.06502	0.06455	0.0651	0.06506	0.06506	0.0511	0.0511	0.0511	0.05494	0.0531	0.0531	0.05805	0.05805	0.05529	0.05575	0.05599	0.06196	0.06196	0.05845	0.05845	0.05915	0.06112	0.06314	0.06314	0.06314	0.06176	0.06002	0.06002	0.0608	0.0602	0.0582	0.05865	0.05865	0.05865	0.05784	0.0596	0.06014	0.04826	0.04762	0.04762	0.04762	0.04477	0.04912	0.04765	0.05	0.05293	0.04724	0.04724	0.04984	0.04936	0.04936	0.04927	0.05113	0.05188	0.05092	0.05092	0.05179	0.05394	0.05156	0.05156	0.05211	0.05309	0.05266	0.04922	0.04922	0.04922	0.05116	0.0512	0.05281	0.05143	0.05143	0.05143	0.05143	0.05143	0.05542	0.05542	0.05405	0.06003	0.06003	0.06003	0.05467	0.05455	0.05419	0.0548	0.05286	0.05286	0.05599	0.0571	0.0571	0.0566	0.05567	0.05369	0.05514	0.05531	0.05531	0.05531	0.05661	0.05661	0.05661	0.05661	0.05371	0.05365	0.05443	0.05443	0.05452	0.05507	0.05649	0.05649	0.05617	0.05617	0.05617	0.05617	0.05617	0.04899	0.07431	0.07858	0.08055	0.08151	0.08151	0.08228	0.11064	0.11064	0.11114	0.14639	0.15377	0.15377	0.15377	0.19923	0.14165	0.14221	0.14221	0.17121	0.17466	0.17419	0.18268	0.18268	0.18268	0.18268	0.18268	0.18268	0.18268	0.03808	0.02257	0.02257	0.02257	0.02257	0.01811	0.01811	0.01811	0.01811	0.01811	0.01811	0.01811	0.01207	0.01321	0.01321	0.01321	0.01321	0.00578	0.00578	0.00644	0.00644	0.00644	0.00644	0.00644	0.00644	0.00328	0	0	0.0012	0.0012	0.0201	0.01831	0.01831	0.01989	0.01986	0.01986	0.01993	0.01993	0.01773	0.01992	0.01992	0.01992	0.01992	0.01992	0.02122	0.02122	0.02122	0.02122	0.02122	0.02122	0.02122	0.02122	0.02122
"198"	0.96257	1.00229	1.0091	0.82309	0.62468	0.53819	0.53819	0.54446	0.54515	0.55987	0.55987	0.62123	0.62123	0.62028	0.6211	0.6214	0.63804	0.64981	0.64981	0.68233	0.67903	0.67903	0.67947	0.67947	0.66747	0.65607	0.68369	0.68369	0.68884	0.68521	0.68521	0.68521	0.69393	0.6892	0.6892	0.6892	0.6892	0.6892	0.6881	0.68732	0.68732	0.68893	0.68893	0.08272	0.08272	0.08272	0.08231	0.08132	0.0799	0.07933	0.07933	0.07958	0.08004	0.07926	0.07926	0.07926	0.07926	0.07926	0.07926	0.07926	0.07926	0.07926	0.07863	0.08189	0.08247	0.07681	0.08204	0.08204	0.0853	0.07717	0.07642	0.07482	0.07201	0.07179	0.06393	0.06471	0.06502	0.06455	0.0651	0.06506	0.06506	0.0511	0.0511	0.0511	0.05494	0.0531	0.0531	0.05805	0.05805	0.05529	0.05575	0.05599	0.06196	0.06196	0.05845	0.05845	0.05915	0.06112	0.06314	0.06314	0.06314	0.06176	0.06002	0.06002	0.0608	0.0602	0.0582	0.05865	0.05865	0.05865	0.05784	0.0596	0.06014	0.04826	0.04762	0.04762	0.04762	0.04477	0.04912	0.04765	0.05	0.05293	0.04724	0.04724	0.04984	0.04936	0.04936	0.04927	0.05113	0.05188	0.05092	0.05092	0.05179	0.05394	0.05156	0.05156	0.05211	0.05309	0.05266	0.04922	0.04922	0.04922	0.05116	0.0512	0.05281	0.05143	0.05143	0.05143	0.05143	0.05143	0.05542	0.05542	0.05405	0.06003	0.06003	0.06003	0.05467	0.05455	0.05419	0.0548	0.05286	0.05286	0.05599	0.0571	0.0571	0.0566	0.05567	0.05369	0.05514	0.05531	0.05531	0.05531	0.05661	0.05661	0.05661	0.05661	0.05371	0.05365	0.05443	0.05443	0.05452	0.05507	0.05649	0.05649	0.05617	0.05617	0.05617	0.05617	0.05617	0.04899	0.07431	0.07858	0.08055	0.08151	0.08151	0.08228	0.11064	0.11064	0.11114	0.14639	0.15377	0.15377	0.15377	0.19923	0.14165	0.14221	0.14221	0.17121	0.17466	0.17419	0.18268	0.18268	0.18268	0.18268	0.18268	0.18268	0.18268	0.03808	0.02257	0.02257	0.02257	0.02257	0.01811	0.01811	0.01811	0.01811	0.01811	0.01811	0.01811	0.01207	0.01321	0.01321	0.01321	0.01321	0.00578	0.00578	0.00644	0.00644	0.00644	0.00644	0.00644	0.00644	0.00328	0	0	0.0012	0.0012	0.0201	0.01831	0.01831	0.01989	0.01986	0.01986	0.01993	0.01993	0.01773	0.01992	0.01992	0.01992	0.01992	0.01992	0.02122	0.02122	0.02122	0.02122	0.02122	0.02122	0.02122	0.02122	0.02122
"246"	0.96267	1.00239	1.0092	0.82319	0.62478	0.53829	0.53829	0.54456	0.54525	0.55997	0.55997	0.62133	0.62133	0.62038	0.6212	0.6215	0.63814	0.64991	0.64991	0.68243	0.67913	0.67913	0.67957	0.67957	0.66757	0.65617	0.68379	0.68379	0.68894	0.68531	0.68531	0.68531	0.69403	0.6893	0.6893	0.6893	0.6893	0.6893	0.6882	0.68742	0.68742	0.68903	0.68903	0.08282	0.08282	0.08282	0.08241	0.08142	0.08	0.07943	0.07943	0.07968	0.08014	0.07936	0.07936	0.07936	0.07936	0.07936	0.07936	0.07936	0.07936	0.07936	0.07873	0.08199	0.08257	0.07691	0.08214	0.08214	0.0854	0.07727	0.07652	0.07492	0.07211	0.07189	0.06403	0.06481	0.06512	0.06465	0.0652	0.06516	0.06516	0.0512	0.0512	0.0512	0.05504	0.0532	0.0532	0.05815	0.05815	0.05539	0.05585	0.05609	0.06206	0.06206	0.05855	0.05855	0.05925	0.06122	0.06324	0.06324	0.06324	0.06186	0.06012	0.06012	0.0609	0.0603	0.0583	0.05875	0.05875	0.05875	0.05794	0.0597	0.06024	0.04836	0.04772	0.04772	0.04772	0.04487	0.04922	0.04775	0.0501	0.05303	0.04734	0.04734	0.04994	0.04946	0.04946	0.04937	0.05123	0.05198	0.05102	0.05102	0.05189	0.05404	0.05166	0.05166	0.05221	0.05319	0.05276	0.04932	0.04932	0.04932	0.05126	0.0513	0.05291	0.05153	0.05153	0.05153	0.05153	0.05153	0.05552	0.05552	0.05415	0.06013	0.06013	0.06013	0.05477	0.05465	0.05429	0.0549	0.05296	0.05296	0.05609	0.0572	0.0572	0.0567	0.05577	0.05379	0.05524	0.05541	0.05541	0.05541	0.05671	0.05671	0.05671	0.05671	0.05381	0.05375	0.05453	0.05453	0.05462	0.05517	0.05659	0.05659	0.05627	0.05627	0.05627	0.05627	0.05627	0.04909	0.07441	0.07868	0.08065	0.08161	0.08161	0.08238	0.11074	0.11074	0.11124	0.14649	0.15387	0.15387	0.15387	0.19933	0.14175	0.14231	0.14231	0.17131	0.17476	0.17429	0.18278	0.18278	0.18278	0.18278	0.18278	0.18278	0.18278	0.03818	0.02267	0.02267	0.02267	0.02267	0.01821	0.01821	0.01821	0.01821	0.01821	0.01821	0.01821	0.01217	0.01331	0.01331	0.01331	0.01331	0.00588	0.00588	0.00654	0.00654	0.00654	0.00654	0.00654	0.00654	0.00338	0.0012	0.0012	0	0	0.0202	0.01841	0.01841	0.01999	0.01996	0.01996	0.02003	0.02003	0.01783	0.02002	0.02002	0.02002	0.02002	0.02002	0.02132	0.02132	0.02132	0.02132	0.02132	0.02132	0.02132	0.02132	0.02132
"199"	0.96267	1.00239	1.0092	0.82319	0.62478	0.53829	0.53829	0.54456	0.54525	0.55997	0.55997	0.62133	0.62133	0.62038	0.6212	0.6215	0.63814	0.64991	0.64991	0.68243	0.67913	0.67913	0.67957	0.67957	0.66757	0.65617	0.68379	0.68379	0.68894	0.68531	0.68531	0.68531	0.69403	0.6893	0.6893	0.6893	0.6893	0.6893	0.6882	0.68742	0.68742	0.68903	0.68903	0.08282	0.08282	0.08282	0.08241	0.08142	0.08	0.07943	0.07943	0.07968	0.08014	0.07936	0.07936	0.07936	0.07936	0.07936	0.07936	0.07936	0.07936	0.07936	0.07873	0.08199	0.08257	0.07691	0.08214	0.08214	0.0854	0.07727	0.07652	0.07492	0.07211	0.07189	0.06403	0.06481	0.06512	0.06465	0.0652	0.06516	0.06516	0.0512	0.0512	0.0512	0.05504	0.0532	0.0532	0.05815	0.05815	0.05539	0.05585	0.05609	0.06206	0.06206	0.05855	0.05855	0.05925	0.06122	0.06324	0.06324	0.06324	0.06186	0.06012	0.06012	0.0609	0.0603	0.0583	0.05875	0.05875	0.05875	0.05794	0.0597	0.06024	0.04836	0.04772	0.04772	0.04772	0.04487	0.04922	0.04775	0.0501	0.05303	0.04734	0.04734	0.04994	0.04946	0.04946	0.04937	0.05123	0.05198	0.05102	0.05102	0.05189	0.05404	0.05166	0.05166	0.05221	0.05319	0.05276	0.04932	0.04932	0.04932	0.05126	0.0513	0.05291	0.05153	0.05153	0.05153	0.05153	0.05153	0.05552	0.05552	0.05415	0.06013	0.06013	0.06013	0.05477	0.05465	0.05429	0.0549	0.05296	0.05296	0.05609	0.0572	0.0572	0.0567	0.05577	0.05379	0.05524	0.05541	0.05541	0.05541	0.05671	0.05671	0.05671	0.05671	0.05381	0.05375	0.05453	0.05453	0.05462	0.05517	0.05659	0.05659	0.05627	0.05627	0.05627	0.05627	0.05627	0.04909	0.07441	0.07868	0.08065	0.08161	0.08161	0.08238	0.11074	0.11074	0.11124	0.14649	0.15387	0.15387	0.15387	0.19933	0.14175	0.14231	0.14231	0.17131	0.17476	0.17429	0.18278	0.18278	0.18278	0.18278	0.18278	0.18278	0.18278	0.03818	0.02267	0.02267	0.02267	0.02267	0.01821	0.01821	0.01821	0.01821	0.01821	0.01821	0.01821	0.01217	0.01331	0.01331	0.01331	0.01331	0.00588	0.00588	0.00654	0.00654	0.00654	0.00654	0.00654	0.00654	0.00338	0.0012	0.0012	0	0	0.0202	0.01841	0.01841	0.01999	0.01996	0.01996	0.02003	0.02003	0.01783	0.02002	0.02002	0.02002	0.02002	0.02002	0.02132	0.02132	0.02132	0.02132	0.02132	0.02132	0.02132	0.02132	0.02132
"164"	0.96631	1.00603	1.01284	0.82683	0.62842	0.54193	0.54193	0.5482	0.54889	0.56361	0.56361	0.62497	0.62497	0.62402	0.62484	0.62514	0.64178	0.65355	0.65355	0.68607	0.68277	0.68277	0.68321	0.68321	0.67121	0.65981	0.68743	0.68743	0.69258	0.68895	0.68895	0.68895	0.69767	0.69294	0.69294	0.69294	0.69294	0.69294	0.69184	0.69106	0.69106	0.69267	0.69267	0.08646	0.08646	0.08646	0.08605	0.08506	0.08364	0.08307	0.08307	0.08332	0.08378	0.083	0.083	0.083	0.083	0.083	0.083	0.083	0.083	0.083	0.08237	0.08563	0.08621	0.08055	0.08578	0.08578	0.08904	0.08091	0.08016	0.07856	0.07575	0.07553	0.06767	0.06845	0.06876	0.06829	0.06884	0.0688	0.0688	0.05484	0.05484	0.05484	0.05868	0.05684	0.05684	0.06179	0.06179	0.05903	0.05949	0.05973	0.0657	0.0657	0.06219	0.06219	0.06289	0.06486	0.06688	0.06688	0.06688	0.0655	0.06376	0.06376	0.06454	0.06394	0.06194	0.06239	0.06239	0.06239	0.06158	0.06334	0.06388	0.052	0.05136	0.05136	0.05136	0.04851	0.05286	0.05139	0.05374	0.05667	0.05098	0.05098	0.05358	0.0531	0.0531	0.05301	0.05487	0.05562	0.05466	0.05466	0.05553	0.05768	0.0553	0.0553	0.05585	0.05683	0.0564	0.05296	0.05296	0.05296	0.0549	0.05494	0.05655	0.05517	0.05517	0.05517	0.05517	0.05517	0.05916	0.05916	0.05779	0.06377	0.06377	0.06377	0.05841	0.05829	0.05793	0.05854	0.0566	0.0566	0.05973	0.06084	0.06084	0.06034	0.05941	0.05743	0.05888	0.05905	0.05905	0.05905	0.06035	0.06035	0.06035	0.06035	0.05745	0.05739	0.05817	0.05817	0.05826	0.05881	0.06023	0.06023	0.05991	0.05991	0.05991	0.05991	0.05991	0.05273	0.07805	0.08232	0.08429	0.08525	0.08525	0.08602	0.11438	0.11438	0.11488	0.15013	0.15751	0.15751	0.15751	0.20297	0.14539	0.14595	0.14595	0.17495	0.1784	0.17793	0.18642	0.18642	0.18642	0.18642	0.18642	0.18642	0.18642	0.04182	0.02631	0.02631	0.02631	0.02631	0.02185	0.02185	0.02185	0.02185	0.02185	0.02185	0.02185	0.01779	0.01893	0.01893	0.01893	0.01893	0.01718	0.01718	0.02158	0.02158	0.02158	0.02158	0.02158	0.02158	0.01954	0.0201	0.0201	0.0202	0.0202	0	0.00289	0.00289	0.01351	0.01348	0.01348	0.01355	0.01355	0.01821	0.0204	0.0204	0.0204	0.0204	0.0204	0.0217	0.0217	0.0217	0.0217	0.0217	0.0217	0.0217	0.0217	0.0217
"90"	0.96452	1.00424	1.01105	0.82504	0.62663	0.54014	0.54014	0.54641	0.5471	0.56182	0.56182	0.62318	0.62318	0.62223	0.62305	0.62335	0.63999	0.65176	0.65176	0.68428	0.68098	0.68098	0.68142	0.68142	0.66942	0.65802	0.68564	0.68564	0.69079	0.68716	0.68716	0.68716	0.69588	0.69115	0.69115	0.69115	0.69115	0.69115	0.69005	0.68927	0.68927	0.69088	0.69088	0.08467	0.08467	0.08467	0.08426	0.08327	0.08185	0.08128	0.08128	0.08153	0.08199	0.08121	0.08121	0.08121	0.08121	0.08121	0.08121	0.08121	0.08121	0.08121	0.08058	0.08384	0.08442	0.07876	0.08399	0.08399	0.08725	0.07912	0.07837	0.07677	0.07396	0.07374	0.06588	0.06666	0.06697	0.0665	0.06705	0.06701	0.06701	0.05305	0.05305	0.05305	0.05689	0.05505	0.05505	0.06	0.06	0.05724	0.0577	0.05794	0.06391	0.06391	0.0604	0.0604	0.0611	0.06307	0.06509	0.06509	0.06509	0.06371	0.06197	0.06197	0.06275	0.06215	0.06015	0.0606	0.0606	0.0606	0.05979	0.06155	0.06209	0.05021	0.04957	0.04957	0.04957	0.04672	0.05107	0.0496	0.05195	0.05488	0.04919	0.04919	0.05179	0.05131	0.05131	0.05122	0.05308	0.05383	0.05287	0.05287	0.05374	0.05589	0.05351	0.05351	0.05406	0.05504	0.05461	0.05117	0.05117	0.05117	0.05311	0.05315	0.05476	0.05338	0.05338	0.05338	0.05338	0.05338	0.05737	0.05737	0.056	0.06198	0.06198	0.06198	0.05662	0.0565	0.05614	0.05675	0.05481	0.05481	0.05794	0.05905	0.05905	0.05855	0.05762	0.05564	0.05709	0.05726	0.05726	0.05726	0.05856	0.05856	0.05856	0.05856	0.05566	0.0556	0.05638	0.05638	0.05647	0.05702	0.05844	0.05844	0.05812	0.05812	0.05812	0.05812	0.05812	0.05094	0.07626	0.08053	0.0825	0.08346	0.08346	0.08423	0.11259	0.11259	0.11309	0.14834	0.15572	0.15572	0.15572	0.20118	0.1436	0.14416	0.14416	0.17316	0.17661	0.17614	0.18463	0.18463	0.18463	0.18463	0.18463	0.18463	0.18463	0.04003	0.02452	0.02452	0.02452	0.02452	0.02006	0.02006	0.02006	0.02006	0.02006	0.02006	0.02006	0.016	0.01714	0.01714	0.01714	0.01714	0.01539	0.01539	0.01979	0.01979	0.01979	0.01979	0.01979	0.01979	0.01775	0.01831	0.01831	0.01841	0.01841	0.00289	0	0	0.01172	0.01169	0.01169	0.01176	0.01176	0.01642	0.01861	0.01861	0.01861	0.01861	0.01861	0.01991	0.01991	0.01991	0.01991	0.01991	0.01991	0.01991	0.01991	0.01991
"41"	0.96452	1.00424	1.01105	0.82504	0.62663	0.54014	0.54014	0.54641	0.5471	0.56182	0.56182	0.62318	0.62318	0.62223	0.62305	0.62335	0.63999	0.65176	0.65176	0.68428	0.68098	0.68098	0.68142	0.68142	0.66942	0.65802	0.68564	0.68564	0.69079	0.68716	0.68716	0.68716	0.69588	0.69115	0.69115	0.69115	0.69115	0.69115	0.69005	0.68927	0.68927	0.69088	0.69088	0.08467	0.08467	0.08467	0.08426	0.08327	0.08185	0.08128	0.08128	0.08153	0.08199	0.08121	0.08121	0.08121	0.08121	0.08121	0.08121	0.08121	0.08121	0.08121	0.08058	0.08384	0.08442	0.07876	0.08399	0.08399	0.08725	0.07912	0.07837	0.07677	0.07396	0.07374	0.06588	0.06666	0.06697	0.0665	0.06705	0.06701	0.06701	0.05305	0.05305	0.05305	0.05689	0.05505	0.05505	0.06	0.06	0.05724	0.0577	0.05794	0.06391	0.06391	0.0604	0.0604	0.0611	0.06307	0.06509	0.06509	0.06509	0.06371	0.06197	0.06197	0.06275	0.06215	0.06015	0.0606	0.0606	0.0606	0.05979	0.06155	0.06209	0.05021	0.04957	0.04957	0.04957	0.04672	0.05107	0.0496	0.05195	0.05488	0.04919	0.04919	0.05179	0.05131	0.05131	0.05122	0.05308	0.05383	0.05287	0.05287	0.05374	0.05589	0.05351	0.05351	0.05406	0.05504	0.05461	0.05117	0.05117	0.05117	0.05311	0.05315	0.05476	0.05338	0.05338	0.05338	0.05338	0.05338	0.05737	0.05737	0.056	0.06198	0.06198	0.06198	0.05662	0.0565	0.05614	0.05675	0.05481	0.05481	0.05794	0.05905	0.05905	0.05855	0.05762	0.05564	0.05709	0.05726	0.05726	0.05726	0.05856	0.05856	0.05856	0.05856	0.05566	0.0556	0.05638	0.05638	0.05647	0.05702	0.05844	0.05844	0.05812	0.05812	0.05812	0.05812	0.05812	0.05094	0.07626	0.08053	0.0825	0.08346	0.08346	0.08423	0.11259	0.11259	0.11309	0.14834	0.15572	0.15572	0.15572	0.20118	0.1436	0.14416	0.14416	0.17316	0.17661	0.17614	0.18463	0.18463	0.18463	0.18463	0.18463	0.18463	0.18463	0.04003	0.02452	0.02452	0.02452	0.02452	0.02006	0.02006	0.02006	0.02006	0.02006	0.02006	0.02006	0.016	0.01714	0.01714	0.01714	0.01714	0.01539	0.01539	0.01979	0.01979	0.01979	0.01979	0.01979	0.01979	0.01775	0.01831	0.01831	0.01841	0.01841	0.00289	0	0	0.01172	0.01169	0.01169	0.01176	0.01176	0.01642	0.01861	0.01861	0.01861	0.01861	0.01861	0.01991	0.01991	0.01991	0.01991	0.01991	0.01991	0.01991	0.01991	0.01991
"97"	0.9661	1.00582	1.01263	0.82662	0.62821	0.54172	0.54172	0.54799	0.54868	0.5634	0.5634	0.62476	0.62476	0.62381	0.62463	0.62493	0.64157	0.65334	0.65334	0.68586	0.68256	0.68256	0.683	0.683	0.671	0.6596	0.68722	0.68722	0.69237	0.68874	0.68874	0.68874	0.69746	0.69273	0.69273	0.69273	0.69273	0.69273	0.69163	0.69085	0.69085	0.69246	0.69246	0.08625	0.08625	0.08625	0.08584	0.08485	0.08343	0.08286	0.08286	0.08311	0.08357	0.08279	0.08279	0.08279	0.08279	0.08279	0.08279	0.08279	0.08279	0.08279	0.08216	0.08542	0.086	0.08034	0.08557	0.08557	0.08883	0.0807	0.07995	0.07835	0.07554	0.07532	0.06746	0.06824	0.06855	0.06808	0.06863	0.06859	0.06859	0.05463	0.05463	0.05463	0.05847	0.05663	0.05663	0.06158	0.06158	0.05882	0.05928	0.05952	0.06549	0.06549	0.06198	0.06198	0.06268	0.06465	0.06667	0.06667	0.06667	0.06529	0.06355	0.06355	0.06433	0.06373	0.06173	0.06218	0.06218	0.06218	0.06137	0.06313	0.06367	0.05179	0.05115	0.05115	0.05115	0.0483	0.05265	0.05118	0.05353	0.05646	0.05077	0.05077	0.05337	0.05289	0.05289	0.0528	0.05466	0.05541	0.05445	0.05445	0.05532	0.05747	0.05509	0.05509	0.05564	0.05662	0.05619	0.05275	0.05275	0.05275	0.05469	0.05473	0.05634	0.05496	0.05496	0.05496	0.05496	0.05496	0.05895	0.05895	0.05758	0.06356	0.06356	0.06356	0.0582	0.05808	0.05772	0.05833	0.05639	0.05639	0.05952	0.06063	0.06063	0.06013	0.0592	0.05722	0.05867	0.05884	0.05884	0.05884	0.06014	0.06014	0.06014	0.06014	0.05724	0.05718	0.05796	0.05796	0.05805	0.0586	0.06002	0.06002	0.0597	0.0597	0.0597	0.0597	0.0597	0.05252	0.07784	0.08211	0.08408	0.08504	0.08504	0.08581	0.11417	0.11417	0.11467	0.14992	0.1573	0.1573	0.1573	0.20276	0.14518	0.14574	0.14574	0.17474	0.17819	0.17772	0.18621	0.18621	0.18621	0.18621	0.18621	0.18621	0.18621	0.04161	0.0261	0.0261	0.0261	0.0261	0.02164	0.02164	0.02164	0.02164	0.02164	0.02164	0.02164	0.01758	0.01872	0.01872	0.01872	0.01872	0.01697	0.01697	0.02137	0.02137	0.02137	0.02137	0.02137	0.02137	0.01933	0.01989	0.01989	0.01999	0.01999	0.01351	0.01172	0.01172	0	0.00665	0.00665	0.00672	0.00672	0.018	0.02019	0.02019	0.02019	0.02019	0.02019	0.02149	0.02149	0.02149	0.02149	0.02149	0.02149	0.02149	0.02149	0.02149
"149"	0.96607	1.00579	1.0126	0.82659	0.62818	0.54169	0.54169	0.54796	0.54865	0.56337	0.56337	0.62473	0.62473	0.62378	0.6246	0.6249	0.64154	0.65331	0.65331	0.68583	0.68253	0.68253	0.68297	0.68297	0.67097	0.65957	0.68719	0.68719	0.69234	0.68871	0.68871	0.68871	0.69743	0.6927	0.6927	0.6927	0.6927	0.6927	0.6916	0.69082	0.69082	0.69243	0.69243	0.08622	0.08622	0.08622	0.08581	0.08482	0.0834	0.08283	0.08283	0.08308	0.08354	0.08276	0.08276	0.08276	0.08276	0.08276	0.08276	0.08276	0.08276	0.08276	0.08213	0.08539	0.08597	0.08031	0.08554	0.08554	0.0888	0.08067	0.07992	0.07832	0.07551	0.07529	0.06743	0.06821	0.06852	0.06805	0.0686	0.06856	0.06856	0.0546	0.0546	0.0546	0.05844	0.0566	0.0566	0.06155	0.06155	0.05879	0.05925	0.05949	0.06546	0.06546	0.06195	0.06195	0.06265	0.06462	0.06664	0.06664	0.06664	0.06526	0.06352	0.06352	0.0643	0.0637	0.0617	0.06215	0.06215	0.06215	0.06134	0.0631	0.06364	0.05176	0.05112	0.05112	0.05112	0.04827	0.05262	0.05115	0.0535	0.05643	0.05074	0.05074	0.05334	0.05286	0.05286	0.05277	0.05463	0.05538	0.05442	0.05442	0.05529	0.05744	0.05506	0.05506	0.05561	0.05659	0.05616	0.05272	0.05272	0.05272	0.05466	0.0547	0.05631	0.05493	0.05493	0.05493	0.05493	0.05493	0.05892	0.05892	0.05755	0.06353	0.06353	0.06353	0.05817	0.05805	0.05769	0.0583	0.05636	0.05636	0.05949	0.0606	0.0606	0.0601	0.05917	0.05719	0.05864	0.05881	0.05881	0.05881	0.06011	0.06011	0.06011	0.06011	0.05721	0.05715	0.05793	0.05793	0.05802	0.05857	0.05999	0.05999	0.05967	0.05967	0.05967	0.05967	0.05967	0.05249	0.07781	0.08208	0.08405	0.08501	0.08501	0.08578	0.11414	0.11414	0.11464	0.14989	0.15727	0.15727	0.15727	0.20273	0.14515	0.14571	0.14571	0.17471	0.17816	0.17769	0.18618	0.18618	0.18618	0.18618	0.18618	0.18618	0.18618	0.04158	0.02607	0.02607	0.02607	0.02607	0.02161	0.02161	0.02161	0.02161	0.02161	0.02161	0.02161	0.01755	0.01869	0.01869	0.01869	0.01869	0.01694	0.01694	0.02134	0.02134	0.02134	0.02134	0.02134	0.02134	0.0193	0.01986	0.01986	0.01996	0.01996	0.01348	0.01169	0.01169	0.00665	0	0.0011	0.00401	0.00401	0.01797	0.02016	0.02016	0.02016	0.02016	0.02016	0.02146	0.02146	0.02146	0.02146	0.02146	0.02146	0.02146	0.02146	0.02146
"215"	0.96607	1.00579	1.0126	0.82659	0.62818	0.54169	0.54169	0.54796	0.54865	0.56337	0.56337	0.62473	0.62473	0.62378	0.6246	0.6249	0.64154	0.65331	0.65331	0.68583	0.68253	0.68253	0.68297	0.68297	0.67097	0.65957	0.68719	0.68719	0.69234	0.68871	0.68871	0.68871	0.69743	0.6927	0.6927	0.6927	0.6927	0.6927	0.6916	0.69082	0.69082	0.69243	0.69243	0.08622	0.08622	0.08622	0.08581	0.08482	0.0834	0.08283	0.08283	0.08308	0.08354	0.08276	0.08276	0.08276	0.08276	0.08276	0.08276	0.08276	0.08276	0.08276	0.08213	0.08539	0.08597	0.08031	0.08554	0.08554	0.0888	0.08067	0.07992	0.07832	0.07551	0.07529	0.06743	0.06821	0.06852	0.06805	0.0686	0.06856	0.06856	0.0546	0.0546	0.0546	0.05844	0.0566	0.0566	0.06155	0.06155	0.05879	0.05925	0.05949	0.06546	0.06546	0.06195	0.06195	0.06265	0.06462	0.06664	0.06664	0.06664	0.06526	0.06352	0.06352	0.0643	0.0637	0.0617	0.06215	0.06215	0.06215	0.06134	0.0631	0.06364	0.05176	0.05112	0.05112	0.05112	0.04827	0.05262	0.05115	0.0535	0.05643	0.05074	0.05074	0.05334	0.05286	0.05286	0.05277	0.05463	0.05538	0.05442	0.05442	0.05529	0.05744	0.05506	0.05506	0.05561	0.05659	0.05616	0.05272	0.05272	0.05272	0.05466	0.0547	0.05631	0.05493	0.05493	0.05493	0.05493	0.05493	0.05892	0.05892	0.05755	0.06353	0.06353	0.06353	0.05817	0.05805	0.05769	0.0583	0.05636	0.05636	0.05949	0.0606	0.0606	0.0601	0.05917	0.05719	0.05864	0.05881	0.05881	0.05881	0.06011	0.06011	0.06011	0.06011	0.05721	0.05715	0.05793	0.05793	0.05802	0.05857	0.05999	0.05999	0.05967	0.05967	0.05967	0.05967	0.05967	0.05249	0.07781	0.08208	0.08405	0.08501	0.08501	0.08578	0.11414	0.11414	0.11464	0.14989	0.15727	0.15727	0.15727	0.20273	0.14515	0.14571	0.14571	0.17471	0.17816	0.17769	0.18618	0.18618	0.18618	0.18618	0.18618	0.18618	0.18618	0.04158	0.02607	0.02607	0.02607	0.02607	0.02161	0.02161	0.02161	0.02161	0.02161	0.02161	0.02161	0.01755	0.01869	0.01869	0.01869	0.01869	0.01694	0.01694	0.02134	0.02134	0.02134	0.02134	0.02134	0.02134	0.0193	0.01986	0.01986	0.01996	0.01996	0.01348	0.01169	0.01169	0.00665	0.0011	0	0.00401	0.00401	0.01797	0.02016	0.02016	0.02016	0.02016	0.02016	0.02146	0.02146	0.02146	0.02146	0.02146	0.02146	0.02146	0.02146	0.02146
"276"	0.96614	1.00586	1.01267	0.82666	0.62825	0.54176	0.54176	0.54803	0.54872	0.56344	0.56344	0.6248	0.6248	0.62385	0.62467	0.62497	0.64161	0.65338	0.65338	0.6859	0.6826	0.6826	0.68304	0.68304	0.67104	0.65964	0.68726	0.68726	0.69241	0.68878	0.68878	0.68878	0.6975	0.69277	0.69277	0.69277	0.69277	0.69277	0.69167	0.69089	0.69089	0.6925	0.6925	0.08629	0.08629	0.08629	0.08588	0.08489	0.08347	0.0829	0.0829	0.08315	0.08361	0.08283	0.08283	0.08283	0.08283	0.08283	0.08283	0.08283	0.08283	0.08283	0.0822	0.08546	0.08604	0.08038	0.08561	0.08561	0.08887	0.08074	0.07999	0.07839	0.07558	0.07536	0.0675	0.06828	0.06859	0.06812	0.06867	0.06863	0.06863	0.05467	0.05467	0.05467	0.05851	0.05667	0.05667	0.06162	0.06162	0.05886	0.05932	0.05956	0.06553	0.06553	0.06202	0.06202	0.06272	0.06469	0.06671	0.06671	0.06671	0.06533	0.06359	0.06359	0.06437	0.06377	0.06177	0.06222	0.06222	0.06222	0.06141	0.06317	0.06371	0.05183	0.05119	0.05119	0.05119	0.04834	0.05269	0.05122	0.05357	0.0565	0.05081	0.05081	0.05341	0.05293	0.05293	0.05284	0.0547	0.05545	0.05449	0.05449	0.05536	0.05751	0.05513	0.05513	0.05568	0.05666	0.05623	0.05279	0.05279	0.05279	0.05473	0.05477	0.05638	0.055	0.055	0.055	0.055	0.055	0.05899	0.05899	0.05762	0.0636	0.0636	0.0636	0.05824	0.05812	0.05776	0.05837	0.05643	0.05643	0.05956	0.06067	0.06067	0.06017	0.05924	0.05726	0.05871	0.05888	0.05888	0.05888	0.06018	0.06018	0.06018	0.06018	0.05728	0.05722	0.058	0.058	0.05809	0.05864	0.06006	0.06006	0.05974	0.05974	0.05974	0.05974	0.05974	0.05256	0.07788	0.08215	0.08412	0.08508	0.08508	0.08585	0.11421	0.11421	0.11471	0.14996	0.15734	0.15734	0.15734	0.2028	0.14522	0.14578	0.14578	0.17478	0.17823	0.17776	0.18625	0.18625	0.18625	0.18625	0.18625	0.18625	0.18625	0.04165	0.02614	0.02614	0.02614	0.02614	0.02168	0.02168	0.02168	0.02168	0.02168	0.02168	0.02168	0.01762	0.01876	0.01876	0.01876	0.01876	0.01701	0.01701	0.02141	0.02141	0.02141	0.02141	0.02141	0.02141	0.01937	0.01993	0.01993	0.02003	0.02003	0.01355	0.01176	0.01176	0.00672	0.00401	0.00401	0	0	0.01804	0.02023	0.02023	0.02023	0.02023	0.02023	0.02153	0.02153	0.02153	0.02153	0.02153	0.02153	0.02153	0.02153	0.02153
"163"	0.96614	1.00586	1.01267	0.82666	0.62825	0.54176	0.54176	0.54803	0.54872	0.56344	0.56344	0.6248	0.6248	0.62385	0.62467	0.62497	0.64161	0.65338	0.65338	0.6859	0.6826	0.6826	0.68304	0.68304	0.67104	0.65964	0.68726	0.68726	0.69241	0.68878	0.68878	0.68878	0.6975	0.69277	0.69277	0.69277	0.69277	0.69277	0.69167	0.69089	0.69089	0.6925	0.6925	0.08629	0.08629	0.08629	0.08588	0.08489	0.08347	0.0829	0.0829	0.08315	0.08361	0.08283	0.08283	0.08283	0.08283	0.08283	0.08283	0.08283	0.08283	0.08283	0.0822	0.08546	0.08604	0.08038	0.08561	0.08561	0.08887	0.08074	0.07999	0.07839	0.07558	0.07536	0.0675	0.06828	0.06859	0.06812	0.06867	0.06863	0.06863	0.05467	0.05467	0.05467	0.05851	0.05667	0.05667	0.06162	0.06162	0.05886	0.05932	0.05956	0.06553	0.06553	0.06202	0.06202	0.06272	0.06469	0.06671	0.06671	0.06671	0.06533	0.06359	0.06359	0.06437	0.06377	0.06177	0.06222	0.06222	0.06222	0.06141	0.06317	0.06371	0.05183	0.05119	0.05119	0.05119	0.04834	0.05269	0.05122	0.05357	0.0565	0.05081	0.05081	0.05341	0.05293	0.05293	0.05284	0.0547	0.05545	0.05449	0.05449	0.05536	0.05751	0.05513	0.05513	0.05568	0.05666	0.05623	0.05279	0.05279	0.05279	0.05473	0.05477	0.05638	0.055	0.055	0.055	0.055	0.055	0.05899	0.05899	0.05762	0.0636	0.0636	0.0636	0.05824	0.05812	0.05776	0.05837	0.05643	0.05643	0.05956	0.06067	0.06067	0.06017	0.05924	0.05726	0.05871	0.05888	0.05888	0.05888	0.06018	0.06018	0.06018	0.06018	0.05728	0.05722	0.058	0.058	0.05809	0.05864	0.06006	0.06006	0.05974	0.05974	0.05974	0.05974	0.05974	0.05256	0.07788	0.08215	0.08412	0.08508	0.08508	0.08585	0.11421	0.11421	0.11471	0.14996	0.15734	0.15734	0.15734	0.2028	0.14522	0.14578	0.14578	0.17478	0.17823	0.17776	0.18625	0.18625	0.18625	0.18625	0.18625	0.18625	0.18625	0.04165	0.02614	0.02614	0.02614	0.02614	0.02168	0.02168	0.02168	0.02168	0.02168	0.02168	0.02168	0.01762	0.01876	0.01876	0.01876	0.01876	0.01701	0.01701	0.02141	0.02141	0.02141	0.02141	0.02141	0.02141	0.01937	0.01993	0.01993	0.02003	0.02003	0.01355	0.01176	0.01176	0.00672	0.00401	0.00401	0	0	0.01804	0.02023	0.02023	0.02023	0.02023	0.02023	0.02153	0.02153	0.02153	0.02153	0.02153	0.02153	0.02153	0.02153	0.02153
"7"	0.96394	1.00366	1.01047	0.82446	0.62605	0.53956	0.53956	0.54583	0.54652	0.56124	0.56124	0.6226	0.6226	0.62165	0.62247	0.62277	0.63941	0.65118	0.65118	0.6837	0.6804	0.6804	0.68084	0.68084	0.66884	0.65744	0.68506	0.68506	0.69021	0.68658	0.68658	0.68658	0.6953	0.69057	0.69057	0.69057	0.69057	0.69057	0.68947	0.68869	0.68869	0.6903	0.6903	0.08409	0.08409	0.08409	0.08368	0.08269	0.08127	0.0807	0.0807	0.08095	0.08141	0.08063	0.08063	0.08063	0.08063	0.08063	0.08063	0.08063	0.08063	0.08063	0.08	0.08326	0.08384	0.07818	0.08341	0.08341	0.08667	0.07854	0.07779	0.07619	0.07338	0.07316	0.0653	0.06608	0.06639	0.06592	0.06647	0.06643	0.06643	0.05247	0.05247	0.05247	0.05631	0.05447	0.05447	0.05942	0.05942	0.05666	0.05712	0.05736	0.06333	0.06333	0.05982	0.05982	0.06052	0.06249	0.06451	0.06451	0.06451	0.06313	0.06139	0.06139	0.06217	0.06157	0.05957	0.06002	0.06002	0.06002	0.05921	0.06097	0.06151	0.04963	0.04899	0.04899	0.04899	0.04614	0.05049	0.04902	0.05137	0.0543	0.04861	0.04861	0.05121	0.05073	0.05073	0.05064	0.0525	0.05325	0.05229	0.05229	0.05316	0.05531	0.05293	0.05293	0.05348	0.05446	0.05403	0.05059	0.05059	0.05059	0.05253	0.05257	0.05418	0.0528	0.0528	0.0528	0.0528	0.0528	0.05679	0.05679	0.05542	0.0614	0.0614	0.0614	0.05604	0.05592	0.05556	0.05617	0.05423	0.05423	0.05736	0.05847	0.05847	0.05797	0.05704	0.05506	0.05651	0.05668	0.05668	0.05668	0.05798	0.05798	0.05798	0.05798	0.05508	0.05502	0.0558	0.0558	0.05589	0.05644	0.05786	0.05786	0.05754	0.05754	0.05754	0.05754	0.05754	0.05036	0.07568	0.07995	0.08192	0.08288	0.08288	0.08365	0.11201	0.11201	0.11251	0.14776	0.15514	0.15514	0.15514	0.2006	0.14302	0.14358	0.14358	0.17258	0.17603	0.17556	0.18405	0.18405	0.18405	0.18405	0.18405	0.18405	0.18405	0.03945	0.02394	0.02394	0.02394	0.02394	0.01948	0.01948	0.01948	0.01948	0.01948	0.01948	0.01948	0.01542	0.01656	0.01656	0.01656	0.01656	0.01481	0.01481	0.01921	0.01921	0.01921	0.01921	0.01921	0.01921	0.01717	0.01773	0.01773	0.01783	0.01783	0.01821	0.01642	0.01642	0.018	0.01797	0.01797	0.01804	0.01804	0	0.00873	0.00873	0.00873	0.00873	0.00873	0.01003	0.01003	0.01003	0.01003	0.01003	0.01003	0.01003	0.01003	0.01003
"382"	0.96613	1.00585	1.01266	0.82665	0.62824	0.54175	0.54175	0.54802	0.54871	0.56343	0.56343	0.62479	0.62479	0.62384	0.62466	0.62496	0.6416	0.65337	0.65337	0.68589	0.68259	0.68259	0.68303	0.68303	0.67103	0.65963	0.68725	0.68725	0.6924	0.68877	0.68877	0.68877	0.69749	0.69276	0.69276	0.69276	0.69276	0.69276	0.69166	0.69088	0.69088	0.69249	0.69249	0.08628	0.08628	0.08628	0.08587	0.08488	0.08346	0.08289	0.08289	0.08314	0.0836	0.08282	0.08282	0.08282	0.08282	0.08282	0.08282	0.08282	0.08282	0.08282	0.08219	0.08545	0.08603	0.08037	0.0856	0.0856	0.08886	0.08073	0.07998	0.07838	0.07557	0.07535	0.06749	0.06827	0.06858	0.06811	0.06866	0.06862	0.06862	0.05466	0.05466	0.05466	0.0585	0.05666	0.05666	0.06161	0.06161	0.05885	0.05931	0.05955	0.06552	0.06552	0.06201	0.06201	0.06271	0.06468	0.0667	0.0667	0.0667	0.06532	0.06358	0.06358	0.06436	0.06376	0.06176	0.06221	0.06221	0.06221	0.0614	0.06316	0.0637	0.05182	0.05118	0.05118	0.05118	0.04833	0.05268	0.05121	0.05356	0.05649	0.0508	0.0508	0.0534	0.05292	0.05292	0.05283	0.05469	0.05544	0.05448	0.05448	0.05535	0.0575	0.05512	0.05512	0.05567	0.05665	0.05622	0.05278	0.05278	0.05278	0.05472	0.05476	0.05637	0.05499	0.05499	0.05499	0.05499	0.05499	0.05898	0.05898	0.05761	0.06359	0.06359	0.06359	0.05823	0.05811	0.05775	0.05836	0.05642	0.05642	0.05955	0.06066	0.06066	0.06016	0.05923	0.05725	0.0587	0.05887	0.05887	0.05887	0.06017	0.06017	0.06017	0.06017	0.05727	0.05721	0.05799	0.05799	0.05808	0.05863	0.06005	0.06005	0.05973	0.05973	0.05973	0.05973	0.05973	0.05255	0.07787	0.08214	0.08411	0.08507	0.08507	0.08584	0.1142	0.1142	0.1147	0.14995	0.15733	0.15733	0.15733	0.20279	0.14521	0.14577	0.14577	0.17477	0.17822	0.17775	0.18624	0.18624	0.18624	0.18624	0.18624	0.18624	0.18624	0.04164	0.02613	0.02613	0.02613	0.02613	0.02167	0.02167	0.02167	0.02167	0.02167	0.02167	0.02167	0.01761	0.01875	0.01875	0.01875	0.01875	0.017	0.017	0.0214	0.0214	0.0214	0.0214	0.0214	0.0214	0.01936	0.01992	0.01992	0.02002	0.02002	0.0204	0.01861	0.01861	0.02019	0.02016	0.02016	0.02023	0.02023	0.00873	0	0	0.0011	0.0011	0.0011	0.00464	0.00464	0.00464	0.00464	0.00464	0.00464	0.00464	0.00464	0.00464
"383"	0.96613	1.00585	1.01266	0.82665	0.62824	0.54175	0.54175	0.54802	0.54871	0.56343	0.56343	0.62479	0.62479	0.62384	0.62466	0.62496	0.6416	0.65337	0.65337	0.68589	0.68259	0.68259	0.68303	0.68303	0.67103	0.65963	0.68725	0.68725	0.6924	0.68877	0.68877	0.68877	0.69749	0.69276	0.69276	0.69276	0.69276	0.69276	0.69166	0.69088	0.69088	0.69249	0.69249	0.08628	0.08628	0.08628	0.08587	0.08488	0.08346	0.08289	0.08289	0.08314	0.0836	0.08282	0.08282	0.08282	0.08282	0.08282	0.08282	0.08282	0.08282	0.08282	0.08219	0.08545	0.08603	0.08037	0.0856	0.0856	0.08886	0.08073	0.07998	0.07838	0.07557	0.07535	0.06749	0.06827	0.06858	0.06811	0.06866	0.06862	0.06862	0.05466	0.05466	0.05466	0.0585	0.05666	0.05666	0.06161	0.06161	0.05885	0.05931	0.05955	0.06552	0.06552	0.06201	0.06201	0.06271	0.06468	0.0667	0.0667	0.0667	0.06532	0.06358	0.06358	0.06436	0.06376	0.06176	0.06221	0.06221	0.06221	0.0614	0.06316	0.0637	0.05182	0.05118	0.05118	0.05118	0.04833	0.05268	0.05121	0.05356	0.05649	0.0508	0.0508	0.0534	0.05292	0.05292	0.05283	0.05469	0.05544	0.05448	0.05448	0.05535	0.0575	0.05512	0.05512	0.05567	0.05665	0.05622	0.05278	0.05278	0.05278	0.05472	0.05476	0.05637	0.05499	0.05499	0.05499	0.05499	0.05499	0.05898	0.05898	0.05761	0.06359	0.06359	0.06359	0.05823	0.05811	0.05775	0.05836	0.05642	0.05642	0.05955	0.06066	0.06066	0.06016	0.05923	0.05725	0.0587	0.05887	0.05887	0.05887	0.06017	0.06017	0.06017	0.06017	0.05727	0.05721	0.05799	0.05799	0.05808	0.05863	0.06005	0.06005	0.05973	0.05973	0.05973	0.05973	0.05973	0.05255	0.07787	0.08214	0.08411	0.08507	0.08507	0.08584	0.1142	0.1142	0.1147	0.14995	0.15733	0.15733	0.15733	0.20279	0.14521	0.14577	0.14577	0.17477	0.17822	0.17775	0.18624	0.18624	0.18624	0.18624	0.18624	0.18624	0.18624	0.04164	0.02613	0.02613	0.02613	0.02613	0.02167	0.02167	0.02167	0.02167	0.02167	0.02167	0.02167	0.01761	0.01875	0.01875	0.01875	0.01875	0.017	0.017	0.0214	0.0214	0.0214	0.0214	0.0214	0.0214	0.01936	0.01992	0.01992	0.02002	0.02002	0.0204	0.01861	0.01861	0.02019	0.02016	0.02016	0.02023	0.02023	0.00873	0	0	0.0011	0.0011	0.0011	0.00464	0.00464	0.00464	0.00464	0.00464	0.00464	0.00464	0.00464	0.00464
"327"	0.96613	1.00585	1.01266	0.82665	0.62824	0.54175	0.54175	0.54802	0.54871	0.56343	0.56343	0.62479	0.62479	0.62384	0.62466	0.62496	0.6416	0.65337	0.65337	0.68589	0.68259	0.68259	0.68303	0.68303	0.67103	0.65963	0.68725	0.68725	0.6924	0.68877	0.68877	0.68877	0.69749	0.69276	0.69276	0.69276	0.69276	0.69276	0.69166	0.69088	0.69088	0.69249	0.69249	0.08628	0.08628	0.08628	0.08587	0.08488	0.08346	0.08289	0.08289	0.08314	0.0836	0.08282	0.08282	0.08282	0.08282	0.08282	0.08282	0.08282	0.08282	0.08282	0.08219	0.08545	0.08603	0.08037	0.0856	0.0856	0.08886	0.08073	0.07998	0.07838	0.07557	0.07535	0.06749	0.06827	0.06858	0.06811	0.06866	0.06862	0.06862	0.05466	0.05466	0.05466	0.0585	0.05666	0.05666	0.06161	0.06161	0.05885	0.05931	0.05955	0.06552	0.06552	0.06201	0.06201	0.06271	0.06468	0.0667	0.0667	0.0667	0.06532	0.06358	0.06358	0.06436	0.06376	0.06176	0.06221	0.06221	0.06221	0.0614	0.06316	0.0637	0.05182	0.05118	0.05118	0.05118	0.04833	0.05268	0.05121	0.05356	0.05649	0.0508	0.0508	0.0534	0.05292	0.05292	0.05283	0.05469	0.05544	0.05448	0.05448	0.05535	0.0575	0.05512	0.05512	0.05567	0.05665	0.05622	0.05278	0.05278	0.05278	0.05472	0.05476	0.05637	0.05499	0.05499	0.05499	0.05499	0.05499	0.05898	0.05898	0.05761	0.06359	0.06359	0.06359	0.05823	0.05811	0.05775	0.05836	0.05642	0.05642	0.05955	0.06066	0.06066	0.06016	0.05923	0.05725	0.0587	0.05887	0.05887	0.05887	0.06017	0.06017	0.06017	0.06017	0.05727	0.05721	0.05799	0.05799	0.05808	0.05863	0.06005	0.06005	0.05973	0.05973	0.05973	0.05973	0.05973	0.05255	0.07787	0.08214	0.08411	0.08507	0.08507	0.08584	0.1142	0.1142	0.1147	0.14995	0.15733	0.15733	0.15733	0.20279	0.14521	0.14577	0.14577	0.17477	0.17822	0.17775	0.18624	0.18624	0.18624	0.18624	0.18624	0.18624	0.18624	0.04164	0.02613	0.02613	0.02613	0.02613	0.02167	0.02167	0.02167	0.02167	0.02167	0.02167	0.02167	0.01761	0.01875	0.01875	0.01875	0.01875	0.017	0.017	0.0214	0.0214	0.0214	0.0214	0.0214	0.0214	0.01936	0.01992	0.01992	0.02002	0.02002	0.0204	0.01861	0.01861	0.02019	0.02016	0.02016	0.02023	0.02023	0.00873	0.0011	0.0011	0	0	0	0.00464	0.00464	0.00464	0.00464	0.00464	0.00464	0.00464	0.00464	0.00464
"330"	0.96613	1.00585	1.01266	0.82665	0.62824	0.54175	0.54175	0.54802	0.54871	0.56343	0.56343	0.62479	0.62479	0.62384	0.62466	0.62496	0.6416	0.65337	0.65337	0.68589	0.68259	0.68259	0.68303	0.68303	0.67103	0.65963	0.68725	0.68725	0.6924	0.68877	0.68877	0.68877	0.69749	0.69276	0.69276	0.69276	0.69276	0.69276	0.69166	0.69088	0.69088	0.69249	0.69249	0.08628	0.08628	0.08628	0.08587	0.08488	0.08346	0.08289	0.08289	0.08314	0.0836	0.08282	0.08282	0.08282	0.08282	0.08282	0.08282	0.08282	0.08282	0.08282	0.08219	0.08545	0.08603	0.08037	0.0856	0.0856	0.08886	0.08073	0.07998	0.07838	0.07557	0.07535	0.06749	0.06827	0.06858	0.06811	0.06866	0.06862	0.06862	0.05466	0.05466	0.05466	0.0585	0.05666	0.05666	0.06161	0.06161	0.05885	0.05931	0.05955	0.06552	0.06552	0.06201	0.06201	0.06271	0.06468	0.0667	0.0667	0.0667	0.06532	0.06358	0.06358	0.06436	0.06376	0.06176	0.06221	0.06221	0.06221	0.0614	0.06316	0.0637	0.05182	0.05118	0.05118	0.05118	0.04833	0.05268	0.05121	0.05356	0.05649	0.0508	0.0508	0.0534	0.05292	0.05292	0.05283	0.05469	0.05544	0.05448	0.05448	0.05535	0.0575	0.05512	0.05512	0.05567	0.05665	0.05622	0.05278	0.05278	0.05278	0.05472	0.05476	0.05637	0.05499	0.05499	0.05499	0.05499	0.05499	0.05898	0.05898	0.05761	0.06359	0.06359	0.06359	0.05823	0.05811	0.05775	0.05836	0.05642	0.05642	0.05955	0.06066	0.06066	0.06016	0.05923	0.05725	0.0587	0.05887	0.05887	0.05887	0.06017	0.06017	0.06017	0.06017	0.05727	0.05721	0.05799	0.05799	0.05808	0.05863	0.06005	0.06005	0.05973	0.05973	0.05973	0.05973	0.05973	0.05255	0.07787	0.08214	0.08411	0.08507	0.08507	0.08584	0.1142	0.1142	0.1147	0.14995	0.15733	0.15733	0.15733	0.20279	0.14521	0.14577	0.14577	0.17477	0.17822	0.17775	0.18624	0.18624	0.18624	0.18624	0.18624	0.18624	0.18624	0.04164	0.02613	0.02613	0.02613	0.02613	0.02167	0.02167	0.02167	0.02167	0.02167	0.02167	0.02167	0.01761	0.01875	0.01875	0.01875	0.01875	0.017	0.017	0.0214	0.0214	0.0214	0.0214	0.0214	0.0214	0.01936	0.01992	0.01992	0.02002	0.02002	0.0204	0.01861	0.01861	0.02019	0.02016	0.02016	0.02023	0.02023	0.00873	0.0011	0.0011	0	0	0	0.00464	0.00464	0.00464	0.00464	0.00464	0.00464	0.00464	0.00464	0.00464
"386"	0.96613	1.00585	1.01266	0.82665	0.62824	0.54175	0.54175	0.54802	0.54871	0.56343	0.56343	0.62479	0.62479	0.62384	0.62466	0.62496	0.6416	0.65337	0.65337	0.68589	0.68259	0.68259	0.68303	0.68303	0.67103	0.65963	0.68725	0.68725	0.6924	0.68877	0.68877	0.68877	0.69749	0.69276	0.69276	0.69276	0.69276	0.69276	0.69166	0.69088	0.69088	0.69249	0.69249	0.08628	0.08628	0.08628	0.08587	0.08488	0.08346	0.08289	0.08289	0.08314	0.0836	0.08282	0.08282	0.08282	0.08282	0.08282	0.08282	0.08282	0.08282	0.08282	0.08219	0.08545	0.08603	0.08037	0.0856	0.0856	0.08886	0.08073	0.07998	0.07838	0.07557	0.07535	0.06749	0.06827	0.06858	0.06811	0.06866	0.06862	0.06862	0.05466	0.05466	0.05466	0.0585	0.05666	0.05666	0.06161	0.06161	0.05885	0.05931	0.05955	0.06552	0.06552	0.06201	0.06201	0.06271	0.06468	0.0667	0.0667	0.0667	0.06532	0.06358	0.06358	0.06436	0.06376	0.06176	0.06221	0.06221	0.06221	0.0614	0.06316	0.0637	0.05182	0.05118	0.05118	0.05118	0.04833	0.05268	0.05121	0.05356	0.05649	0.0508	0.0508	0.0534	0.05292	0.05292	0.05283	0.05469	0.05544	0.05448	0.05448	0.05535	0.0575	0.05512	0.05512	0.05567	0.05665	0.05622	0.05278	0.05278	0.05278	0.05472	0.05476	0.05637	0.05499	0.05499	0.05499	0.05499	0.05499	0.05898	0.05898	0.05761	0.06359	0.06359	0.06359	0.05823	0.05811	0.05775	0.05836	0.05642	0.05642	0.05955	0.06066	0.06066	0.06016	0.05923	0.05725	0.0587	0.05887	0.05887	0.05887	0.06017	0.06017	0.06017	0.06017	0.05727	0.05721	0.05799	0.05799	0.05808	0.05863	0.06005	0.06005	0.05973	0.05973	0.05973	0.05973	0.05973	0.05255	0.07787	0.08214	0.08411	0.08507	0.08507	0.08584	0.1142	0.1142	0.1147	0.14995	0.15733	0.15733	0.15733	0.20279	0.14521	0.14577	0.14577	0.17477	0.17822	0.17775	0.18624	0.18624	0.18624	0.18624	0.18624	0.18624	0.18624	0.04164	0.02613	0.02613	0.02613	0.02613	0.02167	0.02167	0.02167	0.02167	0.02167	0.02167	0.02167	0.01761	0.01875	0.01875	0.01875	0.01875	0.017	0.017	0.0214	0.0214	0.0214	0.0214	0.0214	0.0214	0.01936	0.01992	0.01992	0.02002	0.02002	0.0204	0.01861	0.01861	0.02019	0.02016	0.02016	0.02023	0.02023	0.00873	0.0011	0.0011	0	0	0	0.00464	0.00464	0.00464	0.00464	0.00464	0.00464	0.00464	0.00464	0.00464
"35"	0.96743	1.00715	1.01396	0.82795	0.62954	0.54305	0.54305	0.54932	0.55001	0.56473	0.56473	0.62609	0.62609	0.62514	0.62596	0.62626	0.6429	0.65467	0.65467	0.68719	0.68389	0.68389	0.68433	0.68433	0.67233	0.66093	0.68855	0.68855	0.6937	0.69007	0.69007	0.69007	0.69879	0.69406	0.69406	0.69406	0.69406	0.69406	0.69296	0.69218	0.69218	0.69379	0.69379	0.08758	0.08758	0.08758	0.08717	0.08618	0.08476	0.08419	0.08419	0.08444	0.0849	0.08412	0.08412	0.08412	0.08412	0.08412	0.08412	0.08412	0.08412	0.08412	0.08349	0.08675	0.08733	0.08167	0.0869	0.0869	0.09016	0.08203	0.08128	0.07968	0.07687	0.07665	0.06879	0.06957	0.06988	0.06941	0.06996	0.06992	0.06992	0.05596	0.05596	0.05596	0.0598	0.05796	0.05796	0.06291	0.06291	0.06015	0.06061	0.06085	0.06682	0.06682	0.06331	0.06331	0.06401	0.06598	0.068	0.068	0.068	0.06662	0.06488	0.06488	0.06566	0.06506	0.06306	0.06351	0.06351	0.06351	0.0627	0.06446	0.065	0.05312	0.05248	0.05248	0.05248	0.04963	0.05398	0.05251	0.05486	0.05779	0.0521	0.0521	0.0547	0.05422	0.05422	0.05413	0.05599	0.05674	0.05578	0.05578	0.05665	0.0588	0.05642	0.05642	0.05697	0.05795	0.05752	0.05408	0.05408	0.05408	0.05602	0.05606	0.05767	0.05629	0.05629	0.05629	0.05629	0.05629	0.06028	0.06028	0.05891	0.06489	0.06489	0.06489	0.05953	0.05941	0.05905	0.05966	0.05772	0.05772	0.06085	0.06196	0.06196	0.06146	0.06053	0.05855	0.06	0.06017	0.06017	0.06017	0.06147	0.06147	0.06147	0.06147	0.05857	0.05851	0.05929	0.05929	0.05938	0.05993	0.06135	0.06135	0.06103	0.06103	0.06103	0.06103	0.06103	0.05385	0.07917	0.08344	0.08541	0.08637	0.08637	0.08714	0.1155	0.1155	0.116	0.15125	0.15863	0.15863	0.15863	0.20409	0.14651	0.14707	0.14707	0.17607	0.17952	0.17905	0.18754	0.18754	0.18754	0.18754	0.18754	0.18754	0.18754	0.04294	0.02743	0.02743	0.02743	0.02743	0.02297	0.02297	0.02297	0.02297	0.02297	0.02297	0.02297	0.01891	0.02005	0.02005	0.02005	0.02005	0.0183	0.0183	0.0227	0.0227	0.0227	0.0227	0.0227	0.0227	0.02066	0.02122	0.02122	0.02132	0.02132	0.0217	0.01991	0.01991	0.02149	0.02146	0.02146	0.02153	0.02153	0.01003	0.00464	0.00464	0.00464	0.00464	0.00464	0	0	0	0.0011	0.0011	0.0011	0.0011	0.0011	0.0011
"84"	0.96743	1.00715	1.01396	0.82795	0.62954	0.54305	0.54305	0.54932	0.55001	0.56473	0.56473	0.62609	0.62609	0.62514	0.62596	0.62626	0.6429	0.65467	0.65467	0.68719	0.68389	0.68389	0.68433	0.68433	0.67233	0.66093	0.68855	0.68855	0.6937	0.69007	0.69007	0.69007	0.69879	0.69406	0.69406	0.69406	0.69406	0.69406	0.69296	0.69218	0.69218	0.69379	0.69379	0.08758	0.08758	0.08758	0.08717	0.08618	0.08476	0.08419	0.08419	0.08444	0.0849	0.08412	0.08412	0.08412	0.08412	0.08412	0.08412	0.08412	0.08412	0.08412	0.08349	0.08675	0.08733	0.08167	0.0869	0.0869	0.09016	0.08203	0.08128	0.07968	0.07687	0.07665	0.06879	0.06957	0.06988	0.06941	0.06996	0.06992	0.06992	0.05596	0.05596	0.05596	0.0598	0.05796	0.05796	0.06291	0.06291	0.06015	0.06061	0.06085	0.06682	0.06682	0.06331	0.06331	0.06401	0.06598	0.068	0.068	0.068	0.06662	0.06488	0.06488	0.06566	0.06506	0.06306	0.06351	0.06351	0.06351	0.0627	0.06446	0.065	0.05312	0.05248	0.05248	0.05248	0.04963	0.05398	0.05251	0.05486	0.05779	0.0521	0.0521	0.0547	0.05422	0.05422	0.05413	0.05599	0.05674	0.05578	0.05578	0.05665	0.0588	0.05642	0.05642	0.05697	0.05795	0.05752	0.05408	0.05408	0.05408	0.05602	0.05606	0.05767	0.05629	0.05629	0.05629	0.05629	0.05629	0.06028	0.06028	0.05891	0.06489	0.06489	0.06489	0.05953	0.05941	0.05905	0.05966	0.05772	0.05772	0.06085	0.06196	0.06196	0.06146	0.06053	0.05855	0.06	0.06017	0.06017	0.06017	0.06147	0.06147	0.06147	0.06147	0.05857	0.05851	0.05929	0.05929	0.05938	0.05993	0.06135	0.06135	0.06103	0.06103	0.06103	0.06103	0.06103	0.05385	0.07917	0.08344	0.08541	0.08637	0.08637	0.08714	0.1155	0.1155	0.116	0.15125	0.15863	0.15863	0.15863	0.20409	0.14651	0.14707	0.14707	0.17607	0.17952	0.17905	0.18754	0.18754	0.18754	0.18754	0.18754	0.18754	0.18754	0.04294	0.02743	0.02743	0.02743	0.02743	0.02297	0.02297	0.02297	0.02297	0.02297	0.02297	0.02297	0.01891	0.02005	0.02005	0.02005	0.02005	0.0183	0.0183	0.0227	0.0227	0.0227	0.0227	0.0227	0.0227	0.02066	0.02122	0.02122	0.02132	0.02132	0.0217	0.01991	0.01991	0.02149	0.02146	0.02146	0.02153	0.02153	0.01003	0.00464	0.00464	0.00464	0.00464	0.00464	0	0	0	0.0011	0.0011	0.0011	0.0011	0.0011	0.0011
"85"	0.96743	1.00715	1.01396	0.82795	0.62954	0.54305	0.54305	0.54932	0.55001	0.56473	0.56473	0.62609	0.62609	0.62514	0.62596	0.62626	0.6429	0.65467	0.65467	0.68719	0.68389	0.68389	0.68433	0.68433	0.67233	0.66093	0.68855	0.68855	0.6937	0.69007	0.69007	0.69007	0.69879	0.69406	0.69406	0.69406	0.69406	0.69406	0.69296	0.69218	0.69218	0.69379	0.69379	0.08758	0.08758	0.08758	0.08717	0.08618	0.08476	0.08419	0.08419	0.08444	0.0849	0.08412	0.08412	0.08412	0.08412	0.08412	0.08412	0.08412	0.08412	0.08412	0.08349	0.08675	0.08733	0.08167	0.0869	0.0869	0.09016	0.08203	0.08128	0.07968	0.07687	0.07665	0.06879	0.06957	0.06988	0.06941	0.06996	0.06992	0.06992	0.05596	0.05596	0.05596	0.0598	0.05796	0.05796	0.06291	0.06291	0.06015	0.06061	0.06085	0.06682	0.06682	0.06331	0.06331	0.06401	0.06598	0.068	0.068	0.068	0.06662	0.06488	0.06488	0.06566	0.06506	0.06306	0.06351	0.06351	0.06351	0.0627	0.06446	0.065	0.05312	0.05248	0.05248	0.05248	0.04963	0.05398	0.05251	0.05486	0.05779	0.0521	0.0521	0.0547	0.05422	0.05422	0.05413	0.05599	0.05674	0.05578	0.05578	0.05665	0.0588	0.05642	0.05642	0.05697	0.05795	0.05752	0.05408	0.05408	0.05408	0.05602	0.05606	0.05767	0.05629	0.05629	0.05629	0.05629	0.05629	0.06028	0.06028	0.05891	0.06489	0.06489	0.06489	0.05953	0.05941	0.05905	0.05966	0.05772	0.05772	0.06085	0.06196	0.06196	0.06146	0.06053	0.05855	0.06	0.06017	0.06017	0.06017	0.06147	0.06147	0.06147	0.06147	0.05857	0.05851	0.05929	0.05929	0.05938	0.05993	0.06135	0.06135	0.06103	0.06103	0.06103	0.06103	0.06103	0.05385	0.07917	0.08344	0.08541	0.08637	0.08637	0.08714	0.1155	0.1155	0.116	0.15125	0.15863	0.15863	0.15863	0.20409	0.14651	0.14707	0.14707	0.17607	0.17952	0.17905	0.18754	0.18754	0.18754	0.18754	0.18754	0.18754	0.18754	0.04294	0.02743	0.02743	0.02743	0.02743	0.02297	0.02297	0.02297	0.02297	0.02297	0.02297	0.02297	0.01891	0.02005	0.02005	0.02005	0.02005	0.0183	0.0183	0.0227	0.0227	0.0227	0.0227	0.0227	0.0227	0.02066	0.02122	0.02122	0.02132	0.02132	0.0217	0.01991	0.01991	0.02149	0.02146	0.02146	0.02153	0.02153	0.01003	0.00464	0.00464	0.00464	0.00464	0.00464	0	0	0	0.0011	0.0011	0.0011	0.0011	0.0011	0.0011
"31"	0.96743	1.00715	1.01396	0.82795	0.62954	0.54305	0.54305	0.54932	0.55001	0.56473	0.56473	0.62609	0.62609	0.62514	0.62596	0.62626	0.6429	0.65467	0.65467	0.68719	0.68389	0.68389	0.68433	0.68433	0.67233	0.66093	0.68855	0.68855	0.6937	0.69007	0.69007	0.69007	0.69879	0.69406	0.69406	0.69406	0.69406	0.69406	0.69296	0.69218	0.69218	0.69379	0.69379	0.08758	0.08758	0.08758	0.08717	0.08618	0.08476	0.08419	0.08419	0.08444	0.0849	0.08412	0.08412	0.08412	0.08412	0.08412	0.08412	0.08412	0.08412	0.08412	0.08349	0.08675	0.08733	0.08167	0.0869	0.0869	0.09016	0.08203	0.08128	0.07968	0.07687	0.07665	0.06879	0.06957	0.06988	0.06941	0.06996	0.06992	0.06992	0.05596	0.05596	0.05596	0.0598	0.05796	0.05796	0.06291	0.06291	0.06015	0.06061	0.06085	0.06682	0.06682	0.06331	0.06331	0.06401	0.06598	0.068	0.068	0.068	0.06662	0.06488	0.06488	0.06566	0.06506	0.06306	0.06351	0.06351	0.06351	0.0627	0.06446	0.065	0.05312	0.05248	0.05248	0.05248	0.04963	0.05398	0.05251	0.05486	0.05779	0.0521	0.0521	0.0547	0.05422	0.05422	0.05413	0.05599	0.05674	0.05578	0.05578	0.05665	0.0588	0.05642	0.05642	0.05697	0.05795	0.05752	0.05408	0.05408	0.05408	0.05602	0.05606	0.05767	0.05629	0.05629	0.05629	0.05629	0.05629	0.06028	0.06028	0.05891	0.06489	0.06489	0.06489	0.05953	0.05941	0.05905	0.05966	0.05772	0.05772	0.06085	0.06196	0.06196	0.06146	0.06053	0.05855	0.06	0.06017	0.06017	0.06017	0.06147	0.06147	0.06147	0.06147	0.05857	0.05851	0.05929	0.05929	0.05938	0.05993	0.06135	0.06135	0.06103	0.06103	0.06103	0.06103	0.06103	0.05385	0.07917	0.08344	0.08541	0.08637	0.08637	0.08714	0.1155	0.1155	0.116	0.15125	0.15863	0.15863	0.15863	0.20409	0.14651	0.14707	0.14707	0.17607	0.17952	0.17905	0.18754	0.18754	0.18754	0.18754	0.18754	0.18754	0.18754	0.04294	0.02743	0.02743	0.02743	0.02743	0.02297	0.02297	0.02297	0.02297	0.02297	0.02297	0.02297	0.01891	0.02005	0.02005	0.02005	0.02005	0.0183	0.0183	0.0227	0.0227	0.0227	0.0227	0.0227	0.0227	0.02066	0.02122	0.02122	0.02132	0.02132	0.0217	0.01991	0.01991	0.02149	0.02146	0.02146	0.02153	0.02153	0.01003	0.00464	0.00464	0.00464	0.00464	0.00464	0.0011	0.0011	0.0011	0	0	0	0	0	0
"32"	0.96743	1.00715	1.01396	0.82795	0.62954	0.54305	0.54305	0.54932	0.55001	0.56473	0.56473	0.62609	0.62609	0.62514	0.62596	0.62626	0.6429	0.65467	0.65467	0.68719	0.68389	0.68389	0.68433	0.68433	0.67233	0.66093	0.68855	0.68855	0.6937	0.69007	0.69007	0.69007	0.69879	0.69406	0.69406	0.69406	0.69406	0.69406	0.69296	0.69218	0.69218	0.69379	0.69379	0.08758	0.08758	0.08758	0.08717	0.08618	0.08476	0.08419	0.08419	0.08444	0.0849	0.08412	0.08412	0.08412	0.08412	0.08412	0.08412	0.08412	0.08412	0.08412	0.08349	0.08675	0.08733	0.08167	0.0869	0.0869	0.09016	0.08203	0.08128	0.07968	0.07687	0.07665	0.06879	0.06957	0.06988	0.06941	0.06996	0.06992	0.06992	0.05596	0.05596	0.05596	0.0598	0.05796	0.05796	0.06291	0.06291	0.06015	0.06061	0.06085	0.06682	0.06682	0.06331	0.06331	0.06401	0.06598	0.068	0.068	0.068	0.06662	0.06488	0.06488	0.06566	0.06506	0.06306	0.06351	0.06351	0.06351	0.0627	0.06446	0.065	0.05312	0.05248	0.05248	0.05248	0.04963	0.05398	0.05251	0.05486	0.05779	0.0521	0.0521	0.0547	0.05422	0.05422	0.05413	0.05599	0.05674	0.05578	0.05578	0.05665	0.0588	0.05642	0.05642	0.05697	0.05795	0.05752	0.05408	0.05408	0.05408	0.05602	0.05606	0.05767	0.05629	0.05629	0.05629	0.05629	0.05629	0.06028	0.06028	0.05891	0.06489	0.06489	0.06489	0.05953	0.05941	0.05905	0.05966	0.05772	0.05772	0.06085	0.06196	0.06196	0.06146	0.06053	0.05855	0.06	0.06017	0.06017	0.06017	0.06147	0.06147	0.06147	0.06147	0.05857	0.05851	0.05929	0.05929	0.05938	0.05993	0.06135	0.06135	0.06103	0.06103	0.06103	0.06103	0.06103	0.05385	0.07917	0.08344	0.08541	0.08637	0.08637	0.08714	0.1155	0.1155	0.116	0.15125	0.15863	0.15863	0.15863	0.20409	0.14651	0.14707	0.14707	0.17607	0.17952	0.17905	0.18754	0.18754	0.18754	0.18754	0.18754	0.18754	0.18754	0.04294	0.02743	0.02743	0.02743	0.02743	0.02297	0.02297	0.02297	0.02297	0.02297	0.02297	0.02297	0.01891	0.02005	0.02005	0.02005	0.02005	0.0183	0.0183	0.0227	0.0227	0.0227	0.0227	0.0227	0.0227	0.02066	0.02122	0.02122	0.02132	0.02132	0.0217	0.01991	0.01991	0.02149	0.02146	0.02146	0.02153	0.02153	0.01003	0.00464	0.00464	0.00464	0.00464	0.00464	0.0011	0.0011	0.0011	0	0	0	0	0	0
"33"	0.96743	1.00715	1.01396	0.82795	0.62954	0.54305	0.54305	0.54932	0.55001	0.56473	0.56473	0.62609	0.62609	0.62514	0.62596	0.62626	0.6429	0.65467	0.65467	0.68719	0.68389	0.68389	0.68433	0.68433	0.67233	0.66093	0.68855	0.68855	0.6937	0.69007	0.69007	0.69007	0.69879	0.69406	0.69406	0.69406	0.69406	0.69406	0.69296	0.69218	0.69218	0.69379	0.69379	0.08758	0.08758	0.08758	0.08717	0.08618	0.08476	0.08419	0.08419	0.08444	0.0849	0.08412	0.08412	0.08412	0.08412	0.08412	0.08412	0.08412	0.08412	0.08412	0.08349	0.08675	0.08733	0.08167	0.0869	0.0869	0.09016	0.08203	0.08128	0.07968	0.07687	0.07665	0.06879	0.06957	0.06988	0.06941	0.06996	0.06992	0.06992	0.05596	0.05596	0.05596	0.0598	0.05796	0.05796	0.06291	0.06291	0.06015	0.06061	0.06085	0.06682	0.06682	0.06331	0.06331	0.06401	0.06598	0.068	0.068	0.068	0.06662	0.06488	0.06488	0.06566	0.06506	0.06306	0.06351	0.06351	0.06351	0.0627	0.06446	0.065	0.05312	0.05248	0.05248	0.05248	0.04963	0.05398	0.05251	0.05486	0.05779	0.0521	0.0521	0.0547	0.05422	0.05422	0.05413	0.05599	0.05674	0.05578	0.05578	0.05665	0.0588	0.05642	0.05642	0.05697	0.05795	0.05752	0.05408	0.05408	0.05408	0.05602	0.05606	0.05767	0.05629	0.05629	0.05629	0.05629	0.05629	0.06028	0.06028	0.05891	0.06489	0.06489	0.06489	0.05953	0.05941	0.05905	0.05966	0.05772	0.05772	0.06085	0.06196	0.06196	0.06146	0.06053	0.05855	0.06	0.06017	0.06017	0.06017	0.06147	0.06147	0.06147	0.06147	0.05857	0.05851	0.05929	0.05929	0.05938	0.05993	0.06135	0.06135	0.06103	0.06103	0.06103	0.06103	0.06103	0.05385	0.07917	0.08344	0.08541	0.08637	0.08637	0.08714	0.1155	0.1155	0.116	0.15125	0.15863	0.15863	0.15863	0.20409	0.14651	0.14707	0.14707	0.17607	0.17952	0.17905	0.18754	0.18754	0.18754	0.18754	0.18754	0.18754	0.18754	0.04294	0.02743	0.02743	0.02743	0.02743	0.02297	0.02297	0.02297	0.02297	0.02297	0.02297	0.02297	0.01891	0.02005	0.02005	0.02005	0.02005	0.0183	0.0183	0.0227	0.0227	0.0227	0.0227	0.0227	0.0227	0.02066	0.02122	0.02122	0.02132	0.02132	0.0217	0.01991	0.01991	0.02149	0.02146	0.02146	0.02153	0.02153	0.01003	0.00464	0.00464	0.00464	0.00464	0.00464	0.0011	0.0011	0.0011	0	0	0	0	0	0
"34"	0.96743	1.00715	1.01396	0.82795	0.62954	0.54305	0.54305	0.54932	0.55001	0.56473	0.56473	0.62609	0.62609	0.62514	0.62596	0.62626	0.6429	0.65467	0.65467	0.68719	0.68389	0.68389	0.68433	0.68433	0.67233	0.66093	0.68855	0.68855	0.6937	0.69007	0.69007	0.69007	0.69879	0.69406	0.69406	0.69406	0.69406	0.69406	0.69296	0.69218	0.69218	0.69379	0.69379	0.08758	0.08758	0.08758	0.08717	0.08618	0.08476	0.08419	0.08419	0.08444	0.0849	0.08412	0.08412	0.08412	0.08412	0.08412	0.08412	0.08412	0.08412	0.08412	0.08349	0.08675	0.08733	0.08167	0.0869	0.0869	0.09016	0.08203	0.08128	0.07968	0.07687	0.07665	0.06879	0.06957	0.06988	0.06941	0.06996	0.06992	0.06992	0.05596	0.05596	0.05596	0.0598	0.05796	0.05796	0.06291	0.06291	0.06015	0.06061	0.06085	0.06682	0.06682	0.06331	0.06331	0.06401	0.06598	0.068	0.068	0.068	0.06662	0.06488	0.06488	0.06566	0.06506	0.06306	0.06351	0.06351	0.06351	0.0627	0.06446	0.065	0.05312	0.05248	0.05248	0.05248	0.04963	0.05398	0.05251	0.05486	0.05779	0.0521	0.0521	0.0547	0.05422	0.05422	0.05413	0.05599	0.05674	0.05578	0.05578	0.05665	0.0588	0.05642	0.05642	0.05697	0.05795	0.05752	0.05408	0.05408	0.05408	0.05602	0.05606	0.05767	0.05629	0.05629	0.05629	0.05629	0.05629	0.06028	0.06028	0.05891	0.06489	0.06489	0.06489	0.05953	0.05941	0.05905	0.05966	0.05772	0.05772	0.06085	0.06196	0.06196	0.06146	0.06053	0.05855	0.06	0.06017	0.06017	0.06017	0.06147	0.06147	0.06147	0.06147	0.05857	0.05851	0.05929	0.05929	0.05938	0.05993	0.06135	0.06135	0.06103	0.06103	0.06103	0.06103	0.06103	0.05385	0.07917	0.08344	0.08541	0.08637	0.08637	0.08714	0.1155	0.1155	0.116	0.15125	0.15863	0.15863	0.15863	0.20409	0.14651	0.14707	0.14707	0.17607	0.17952	0.17905	0.18754	0.18754	0.18754	0.18754	0.18754	0.18754	0.18754	0.04294	0.02743	0.02743	0.02743	0.02743	0.02297	0.02297	0.02297	0.02297	0.02297	0.02297	0.02297	0.01891	0.02005	0.02005	0.02005	0.02005	0.0183	0.0183	0.0227	0.0227	0.0227	0.0227	0.0227	0.0227	0.02066	0.02122	0.02122	0.02132	0.02132	0.0217	0.01991	0.01991	0.02149	0.02146	0.02146	0.02153	0.02153	0.01003	0.00464	0.00464	0.00464	0.00464	0.00464	0.0011	0.0011	0.0011	0	0	0	0	0	0
"82"	0.96743	1.00715	1.01396	0.82795	0.62954	0.54305	0.54305	0.54932	0.55001	0.56473	0.56473	0.62609	0.62609	0.62514	0.62596	0.62626	0.6429	0.65467	0.65467	0.68719	0.68389	0.68389	0.68433	0.68433	0.67233	0.66093	0.68855	0.68855	0.6937	0.69007	0.69007	0.69007	0.69879	0.69406	0.69406	0.69406	0.69406	0.69406	0.69296	0.69218	0.69218	0.69379	0.69379	0.08758	0.08758	0.08758	0.08717	0.08618	0.08476	0.08419	0.08419	0.08444	0.0849	0.08412	0.08412	0.08412	0.08412	0.08412	0.08412	0.08412	0.08412	0.08412	0.08349	0.08675	0.08733	0.08167	0.0869	0.0869	0.09016	0.08203	0.08128	0.07968	0.07687	0.07665	0.06879	0.06957	0.06988	0.06941	0.06996	0.06992	0.06992	0.05596	0.05596	0.05596	0.0598	0.05796	0.05796	0.06291	0.06291	0.06015	0.06061	0.06085	0.06682	0.06682	0.06331	0.06331	0.06401	0.06598	0.068	0.068	0.068	0.06662	0.06488	0.06488	0.06566	0.06506	0.06306	0.06351	0.06351	0.06351	0.0627	0.06446	0.065	0.05312	0.05248	0.05248	0.05248	0.04963	0.05398	0.05251	0.05486	0.05779	0.0521	0.0521	0.0547	0.05422	0.05422	0.05413	0.05599	0.05674	0.05578	0.05578	0.05665	0.0588	0.05642	0.05642	0.05697	0.05795	0.05752	0.05408	0.05408	0.05408	0.05602	0.05606	0.05767	0.05629	0.05629	0.05629	0.05629	0.05629	0.06028	0.06028	0.05891	0.06489	0.06489	0.06489	0.05953	0.05941	0.05905	0.05966	0.05772	0.05772	0.06085	0.06196	0.06196	0.06146	0.06053	0.05855	0.06	0.06017	0.06017	0.06017	0.06147	0.06147	0.06147	0.06147	0.05857	0.05851	0.05929	0.05929	0.05938	0.05993	0.06135	0.06135	0.06103	0.06103	0.06103	0.06103	0.06103	0.05385	0.07917	0.08344	0.08541	0.08637	0.08637	0.08714	0.1155	0.1155	0.116	0.15125	0.15863	0.15863	0.15863	0.20409	0.14651	0.14707	0.14707	0.17607	0.17952	0.17905	0.18754	0.18754	0.18754	0.18754	0.18754	0.18754	0.18754	0.04294	0.02743	0.02743	0.02743	0.02743	0.02297	0.02297	0.02297	0.02297	0.02297	0.02297	0.02297	0.01891	0.02005	0.02005	0.02005	0.02005	0.0183	0.0183	0.0227	0.0227	0.0227	0.0227	0.0227	0.0227	0.02066	0.02122	0.02122	0.02132	0.02132	0.0217	0.01991	0.01991	0.02149	0.02146	0.02146	0.02153	0.02153	0.01003	0.00464	0.00464	0.00464	0.00464	0.00464	0.0011	0.0011	0.0011	0	0	0	0	0	0
"83"	0.96743	1.00715	1.01396	0.82795	0.62954	0.54305	0.54305	0.54932	0.55001	0.56473	0.56473	0.62609	0.62609	0.62514	0.62596	0.62626	0.6429	0.65467	0.65467	0.68719	0.68389	0.68389	0.68433	0.68433	0.67233	0.66093	0.68855	0.68855	0.6937	0.69007	0.69007	0.69007	0.69879	0.69406	0.69406	0.69406	0.69406	0.69406	0.69296	0.69218	0.69218	0.69379	0.69379	0.08758	0.08758	0.08758	0.08717	0.08618	0.08476	0.08419	0.08419	0.08444	0.0849	0.08412	0.08412	0.08412	0.08412	0.08412	0.08412	0.08412	0.08412	0.08412	0.08349	0.08675	0.08733	0.08167	0.0869	0.0869	0.09016	0.08203	0.08128	0.07968	0.07687	0.07665	0.06879	0.06957	0.06988	0.06941	0.06996	0.06992	0.06992	0.05596	0.05596	0.05596	0.0598	0.05796	0.05796	0.06291	0.06291	0.06015	0.06061	0.06085	0.06682	0.06682	0.06331	0.06331	0.06401	0.06598	0.068	0.068	0.068	0.06662	0.06488	0.06488	0.06566	0.06506	0.06306	0.06351	0.06351	0.06351	0.0627	0.06446	0.065	0.05312	0.05248	0.05248	0.05248	0.04963	0.05398	0.05251	0.05486	0.05779	0.0521	0.0521	0.0547	0.05422	0.05422	0.05413	0.05599	0.05674	0.05578	0.05578	0.05665	0.0588	0.05642	0.05642	0.05697	0.05795	0.05752	0.05408	0.05408	0.05408	0.05602	0.05606	0.05767	0.05629	0.05629	0.05629	0.05629	0.05629	0.06028	0.06028	0.05891	0.06489	0.06489	0.06489	0.05953	0.05941	0.05905	0.05966	0.05772	0.05772	0.06085	0.06196	0.06196	0.06146	0.06053	0.05855	0.06	0.06017	0.06017	0.06017	0.06147	0.06147	0.06147	0.06147	0.05857	0.05851	0.05929	0.05929	0.05938	0.05993	0.06135	0.06135	0.06103	0.06103	0.06103	0.06103	0.06103	0.05385	0.07917	0.08344	0.08541	0.08637	0.08637	0.08714	0.1155	0.1155	0.116	0.15125	0.15863	0.15863	0.15863	0.20409	0.14651	0.14707	0.14707	0.17607	0.17952	0.17905	0.18754	0.18754	0.18754	0.18754	0.18754	0.18754	0.18754	0.04294	0.02743	0.02743	0.02743	0.02743	0.02297	0.02297	0.02297	0.02297	0.02297	0.02297	0.02297	0.01891	0.02005	0.02005	0.02005	0.02005	0.0183	0.0183	0.0227	0.0227	0.0227	0.0227	0.0227	0.0227	0.02066	0.02122	0.02122	0.02132	0.02132	0.0217	0.01991	0.01991	0.02149	0.02146	0.02146	0.02153	0.02153	0.01003	0.00464	0.00464	0.00464	0.00464	0.00464	0.0011	0.0011	0.0011	0	0	0	0	0	0
