"curve_id","Glucose_stock_X","temp",".fitted","model_name"
30,10,15,0.672086802590633,"model average"
30,10,15.2828282828283,0.693285670310316,"model average"
30,10,15.5656565656566,0.714596863690379,"model average"
30,10,15.8484848484848,0.735986114672618,"model average"
30,10,16.1313131313131,0.757417769510824,"model average"
30,10,16.4141414141414,0.778854868225494,"model average"
30,10,16.6969696969697,0.800259233798792,"model average"
30,10,16.979797979798,0.821591570895798,"model average"
30,10,17.2626262626263,0.842811573822411,"model average"
30,10,17.5454545454545,0.863878043354362,"model average"
30,10,17.8282828282828,0.884749011996485,"model average"
30,10,18.1111111111111,0.905381877157366,"model average"
30,10,18.3939393939394,0.925733541652462,"model average"
30,10,18.6767676767677,0.945760560879455,"model average"
30,10,18.959595959596,0.965419295943769,"model average"
30,10,19.2424242424242,0.984666071950459,"model average"
30,10,19.5252525252525,1.00345734062178,"model average"
30,10,19.8080808080808,1.02174984634834,"model average"
30,10,20.0909090909091,1.0395007947365,"model average"
30,10,20.3737373737374,1.05666802267576,"model average"
30,10,20.6565656565657,1.07321016891869,"model average"
30,10,20.9393939393939,1.08908684414172,"model average"
30,10,21.2222222222222,1.10425879943931,"model average"
30,10,21.5050505050505,1.11868809219628,"model average"
30,10,21.7878787878788,1.13233824828378,"model average"
30,10,22.0707070707071,1.14517441953402,"model average"
30,10,22.3535353535354,1.15716353546679,"model average"
30,10,22.6363636363636,1.16827444826768,"model average"
30,10,22.9191919191919,1.17847807005322,"model average"
30,10,23.2020202020202,1.18774750150174,"model average"
30,10,23.4848484848485,1.19605815098042,"model average"
30,10,23.7676767676768,1.20338784335848,"model average"
30,10,24.0505050505051,1.2097169177626,"model average"
30,10,24.3333333333333,1.21502831360419,"model average"
30,10,24.6161616161616,1.21930652347823,"model average"
30,10,24.8989898989899,1.22251602015914,"model average"
30,10,25.1818181818182,1.22463787470523,"model average"
30,10,25.4646464646465,1.22566544425267,"model average"
30,10,25.7474747474747,1.22559491614369,"model average"
30,10,26.030303030303,1.22442531420692,"model average"
30,10,26.3131313131313,1.22215849107786,"model average"
30,10,26.5959595959596,1.21879910662833,"model average"
30,10,26.8787878787879,1.2143545926727,"model average"
30,10,27.1616161616162,1.20883510421662,"model average"
30,10,27.4444444444444,1.20225345760964,"model average"
30,10,27.7272727272727,1.19462505605529,"model average"
30,10,28.010101010101,1.18596780302087,"model average"
30,10,28.2929292929293,1.17630200417281,"model average"
30,10,28.5757575757576,1.16565025854174,"model average"
30,10,28.8585858585859,1.15403733969384,"model average"
30,10,29.1414141414141,1.14149006775028,"model average"
30,10,29.4242424242424,1.12803717315543,"model average"
30,10,29.7070707070707,1.113709153145,"model average"
30,10,29.989898989899,1.09853812190844,"model average"
30,10,30.2727272727273,1.08255765547465,"model average"
30,10,30.5555555555556,1.06580263237656,"model average"
30,10,30.8383838383838,1.04830907116832,"model average"
30,10,31.1212121212121,1.03011396587865,"model average"
30,10,31.4040404040404,1.01125512048561,"model average"
30,10,31.6868686868687,0.991770983491731,"model average"
30,10,31.969696969697,0.971700483664593,"model average"
30,10,32.2525252525253,0.951082867987008,"model average"
30,10,32.5353535353535,0.929957542833162,"model average"
30,10,32.8181818181818,0.908363919353463,"model average"
30,10,33.1010101010101,0.886341264011869,"model average"
30,10,33.3838383838384,0.863928555175989,"model average"
30,10,33.6666666666667,0.841164346613277,"model average"
30,10,33.9494949494949,0.818086638697146,"model average"
30,10,34.2323232323232,0.794732758075985,"model average"
30,10,34.5151515151515,0.77113924650725,"model average"
30,10,34.7979797979798,0.747341759509443,"model average"
30,10,35.0808080808081,0.723374975438695,"model average"
30,10,35.3636363636364,0.699272515555813,"model average"
30,10,35.6464646464647,0.675066875616461,"model average"
30,10,35.9292929292929,0.650789369494611,"model average"
30,10,36.2121212121212,0.626470085341072,"model average"
30,10,36.4949494949495,0.602137854789609,"model average"
30,10,36.7777777777778,0.577820235758815,"model average"
30,10,37.0606060606061,0.553543509466756,"model average"
30,10,37.3434343434343,0.529332692388393,"model average"
30,10,37.6262626262626,0.505211564058399,"model average"
30,10,37.9090909090909,0.481202711875943,"model average"
30,10,38.1919191919192,0.457327594435118,"model average"
30,10,38.4747474747475,0.433606625431824,"model average"
30,10,38.7575757575758,0.410059280956258,"model average"
30,10,39.040404040404,0.386704234080054,"model average"
30,10,39.3232323232323,0.363559522264484,"model average"
30,10,39.6060606060606,0.340642755539023,"model average"
30,10,39.8888888888889,0.317971377116159,"model average"
30,10,40.1717171717172,0.295562993975614,"model average"
30,10,40.4545454545455,0.273435804540538,"model average"
30,10,40.7373737373737,0.251609166905441,"model average"
30,10,41.020202020202,0.23010438034192,"model average"
30,10,41.3030303030303,0.208945808559596,"model average"
30,10,41.5858585858586,0.188162587907435,"model average"
30,10,41.8686868686869,0.167791424429572,"model average"
30,10,42.1515151515151,0.147881661983021,"model average"
30,10,42.4343434343434,0.128505952570971,"model average"
30,10,42.7171717171717,0.109789338415944,"model average"
30,10,43,0.092077636847268,"model average"
30,100,15,1.18992620076011,"model average"
30,100,15.2828282828283,1.24926256873123,"model average"
30,100,15.5656565656566,1.31035275086818,"model average"
30,100,15.8484848484848,1.37314069758045,"model average"
30,100,16.1313131313131,1.43756098699363,"model average"
30,100,16.4141414141414,1.50353866050419,"model average"
30,100,16.6969696969697,1.57098911014432,"model average"
30,100,16.979797979798,1.63981802127027,"model average"
30,100,17.2626262626263,1.70992137377449,"model average"
30,100,17.5454545454545,1.78118550466108,"model average"
30,100,17.8282828282828,1.85348723441673,"model average"
30,100,18.1111111111111,1.9266940591582,"model average"
30,100,18.3939393939394,2.00066441004503,"model average"
30,100,18.6767676767677,2.075247980917,"model average"
30,100,18.959595959596,2.1502861245539,"model average"
30,100,19.2424242424242,2.22561231736493,"model average"
30,100,19.5252525252525,2.30105269170319,"model average"
30,100,19.8080808080808,2.3764266343723,"model average"
30,100,20.0909090909091,2.4515474492538,"model average"
30,100,20.3737373737374,2.52622308134335,"model average"
30,100,20.6565656565657,2.60025689884668,"model average"
30,100,20.9393939393939,2.67344766744542,"model average"
30,100,21.2222222222222,2.74557003547118,"model average"
30,100,21.5050505050505,2.81640817517075,"model average"
30,100,21.7878787878788,2.8857546346723,"model average"
30,100,22.0707070707071,2.95340197102835,"model average"
30,100,22.3535353535354,3.01914377628635,"model average"
30,100,22.6363636363636,3.08277572224232,"model average"
30,100,22.9191919191919,3.14409661646836,"model average"
30,100,23.2020202020202,3.20290946192898,"model average"
30,100,23.4848484848485,3.25902251229645,"model average"
30,100,23.7676767676768,3.31225031494401,"model average"
30,100,24.0505050505051,3.36241473354262,"model average"
30,100,24.3333333333333,3.40934594221314,"model average"
30,100,24.6161616161616,3.45288338329215,"model average"
30,100,24.8989898989899,3.49287668095815,"model average"
30,100,25.1818181818182,3.52918650323205,"model average"
30,100,25.4646464646465,3.56168536521284,"model average"
30,100,25.7474747474747,3.59025836683058,"model average"
30,100,26.030303030303,3.61480385889302,"model average"
30,100,26.3131313131313,3.63523403176227,"model average"
30,100,26.5959595959596,3.65147542162046,"model average"
30,100,26.8787878787879,3.6634693299603,"model average"
30,100,27.1616161616162,3.67117215266128,"model average"
30,100,27.4444444444444,3.67455561577775,"model average"
30,100,27.7272727272727,3.67360691596152,"model average"
30,100,28.010101010101,3.66832876426165,"model average"
30,100,28.2929292929293,3.65873933287795,"model average"
30,100,28.5757575757576,3.64487210528278,"model average"
30,100,28.8585858585859,3.62677563095973,"model average"
30,100,29.1414141414141,3.60451318682733,"model average"
30,100,29.4242424242424,3.57816234821275,"model average"
30,100,29.7070707070707,3.54781447300541,"model average"
30,100,29.989898989899,3.51357410334501,"model average"
30,100,30.2727272727273,3.47555828987584,"model average"
30,100,30.5555555555556,3.43389584422055,"model average"
30,100,30.8383838383838,3.38872652588715,"model average"
30,100,31.1212121212121,3.34020017031625,"model average"
30,100,31.4040404040404,3.28847576519672,"model average"
30,100,31.6868686868687,3.23372048252398,"model average"
30,100,31.969696969697,3.17610867414221,"model average"
30,100,32.2525252525253,3.11582083869897,"model average"
30,100,32.5353535353535,3.05304256804668,"model average"
30,100,32.8181818181818,2.98796348115039,"model average"
30,100,33.1010101010101,2.92077615350685,"model average"
30,100,33.3838383838384,2.85167504994748,"model average"
30,100,33.6666666666667,2.78085546849093,"model average"
30,100,33.9494949494949,2.70851250263361,"model average"
30,100,34.2323232323232,2.63484002912229,"model average"
30,100,34.5151515151515,2.56002972784842,"model average"
30,100,34.7979797979798,2.48427014004387,"model average"
30,100,35.0808080808081,2.40774577044894,"model average"
30,100,35.3636363636364,2.33063623857288,"model average"
30,100,35.6464646464647,2.25311548358064,"model average"
30,100,35.9292929292929,2.17535102672545,"model average"
30,100,36.2121212121212,2.09750329461039,"model average"
30,100,36.4949494949495,2.01972500591197,"model average"
30,100,36.7777777777778,1.94216062353894,"model average"
30,100,37.0606060606061,1.86494587353805,"model average"
30,100,37.3434343434343,1.78820733139768,"model average"
30,100,37.6262626262626,1.71206207574546,"model average"
30,100,37.9090909090909,1.63661740878703,"model average"
30,100,38.1919191919192,1.56197064218908,"model average"
30,100,38.4747474747475,1.48820894646467,"model average"
30,100,38.7575757575758,1.41540926125996,"model average"
30,100,39.040404040404,1.34363826324447,"model average"
30,100,39.3232323232323,1.27295238753007,"model average"
30,100,39.6060606060606,1.20339789761133,"model average"
30,100,39.8888888888889,1.13501099759679,"model average"
30,100,40.1717171717172,1.06781797873639,"model average"
30,100,40.4545454545455,1.00183538946328,"model average"
30,100,40.7373737373737,0.937070213379241,"model average"
30,100,41.020202020202,0.8735200307076,"model average"
30,100,41.3030303030303,0.811173120783563,"model average"
30,100,41.5858585858586,0.750008423475561,"model average"
30,100,41.8686868686869,0.689995179210426,"model average"
30,100,42.1515151515151,0.63109178410567,"model average"
30,100,42.4343434343434,0.573242375430009,"model average"
30,100,42.7171717171717,0.516364246292016,"model average"
30,100,43,0.460205279694754,"model average"
59,10,15,0.896475306363595,"model average"
59,10,15.2828282828283,0.918369155802423,"model average"
59,10,15.5656565656566,0.939869160991412,"model average"
59,10,15.8484848484848,0.960921691565006,"model average"
59,10,16.1313131313131,0.981473233341725,"model average"
59,10,16.4141414141414,1.00147060911959,"model average"
59,10,16.6969696969697,1.02086120333873,"model average"
59,10,16.979797979798,1.03959277555512,"model average"
59,10,17.2626262626263,1.05760987887238,"model average"
59,10,17.5454545454545,1.07486163344069,"model average"
59,10,17.8282828282828,1.09129992048451,"model average"
59,10,18.1111111111111,1.10687831511645,"model average"
59,10,18.3939393939394,1.1215523043678,"model average"
59,10,18.6767676767677,1.13527949895468,"model average"
59,10,18.959595959596,1.14801983732641,"model average"
59,10,19.2424242424242,1.15973578057874,"model average"
59,10,19.5252525252525,1.17039249686346,"model average"
59,10,19.8080808080808,1.17995803398695,"model average"
59,10,20.0909090909091,1.18840347896315,"model average"
59,10,20.3737373737374,1.19570310337071,"model average"
59,10,20.6565656565657,1.20183449345877,"model average"
59,10,20.9393939393939,1.20677866405061,"model average"
59,10,21.2222222222222,1.21052015540779,"model average"
59,10,21.5050505050505,1.21304711233877,"model average"
59,10,21.7878787878788,1.21435134496401,"model average"
59,10,22.0707070707071,1.21442837068343,"model average"
59,10,22.3535353535354,1.21327743702969,"model average"
59,10,22.6363636363636,1.21090152523202,"model average"
59,10,22.9191919191919,1.20730733445775,"model average"
59,10,23.2020202020202,1.20250524684158,"model average"
59,10,23.4848484848485,1.19650927355467,"model average"
59,10,23.7676767676768,1.18933698230484,"model average"
59,10,24.0505050505051,1.18100940679499,"model average"
59,10,24.3333333333333,1.17155093879768,"model average"
59,10,24.6161616161616,1.16098920362811,"model average"
59,10,24.8989898989899,1.14935491991501,"model average"
59,10,25.1818181818182,1.13668174467769,"model average"
59,10,25.4646464646465,1.12300610481655,"model average"
59,10,25.7474747474747,1.10836701621379,"model average"
59,10,26.030303030303,1.09280589171882,"model average"
59,10,26.3131313131313,1.07636633935925,"model average"
59,10,26.5959595959596,1.05909395217301,"model average"
59,10,26.8787878787879,1.04103609109851,"model average"
59,10,27.1616161616162,1.02224166238937,"model average"
59,10,27.4444444444444,1.00276089103604,"model average"
59,10,27.7272727272727,0.982645091680992,"model average"
59,10,28.010101010101,0.961946438504439,"model average"
59,10,28.2929292929293,0.940717735536991,"model average"
59,10,28.5757575757576,0.91901218882232,"model average"
59,10,28.8585858585859,0.896883181808787,"model average"
59,10,29.1414141414141,0.874384055294063,"model average"
59,10,29.4242424242424,0.851567893182079,"model average"
59,10,29.7070707070707,0.828487315237821,"model average"
59,10,29.989898989899,0.805194277943639,"model average"
59,10,30.2727272727273,0.781739884471638,"model average"
59,10,30.5555555555556,0.758174204691582,"model average"
59,10,30.8383838383838,0.734546106033399,"model average"
59,10,31.1212121212121,0.710903095919165,"model average"
59,10,31.4040404040404,0.687291176372164,"model average"
59,10,31.6868686868687,0.663754711301618,"model average"
59,10,31.969696969697,0.640336306851811,"model average"
59,10,32.2525252525253,0.617076705094779,"model average"
59,10,32.5353535353535,0.5940146912374,"model average"
59,10,32.8181818181818,0.571187014407575,"model average"
59,10,33.1010101010101,0.548628321981162,"model average"
59,10,33.3838383838384,0.526371107312165,"model average"
59,10,33.6666666666667,0.504445670634134,"model average"
59,10,33.9494949494949,0.482880092811536,"model average"
59,10,34.2323232323232,0.461700221536409,"model average"
59,10,34.5151515151515,0.440929669488581,"model average"
59,10,34.7979797979798,0.420589823907262,"model average"
59,10,35.0808080808081,0.400699866958377,"model average"
59,10,35.3636363636364,0.381276806225571,"model average"
59,10,35.6464646464647,0.362335514603477,"model average"
59,10,35.9292929292929,0.343888778829579,"model average"
59,10,36.2121212121212,0.32594735585541,"model average"
59,10,36.4949494949495,0.308520036228765,"model average"
59,10,36.7777777777778,0.291613713635325,"model average"
59,10,37.0606060606061,0.275233459730029,"model average"
59,10,37.3434343434343,0.25938260337468,"model average"
59,10,37.6262626262626,0.244062813387312,"model average"
59,10,37.9090909090909,0.229274183899287,"model average"
59,10,38.1919191919192,0.215015321405604,"model average"
59,10,38.4747474747475,0.201283432579552,"model average"
59,10,38.7575757575758,0.188074411900532,"model average"
59,10,39.040404040404,0.175382928107501,"model average"
59,10,39.3232323232323,0.163202508431419,"model average"
59,10,39.6060606060606,0.151525619464581,"model average"
59,10,39.8888888888889,0.140343743371541,"model average"
59,10,40.1717171717172,0.129647447900013,"model average"
59,10,40.4545454545455,0.119426448249989,"model average"
59,10,40.7373737373737,0.109669658195802,"model average"
59,10,41.020202020202,0.100365226720575,"model average"
59,10,41.3030303030303,0.0915005543917883,"model average"
59,10,41.5858585858586,0.083062279848909,"model average"
59,10,41.8686868686869,0.0750362188221379,"model average"
59,10,42.1515151515151,0.0674072197503571,"model average"
59,10,42.4343434343434,0.0601588501144719,"model average"
59,10,42.7171717171717,0.0532726492877127,"model average"
59,10,43,0.0467254566816944,"model average"
59,100,15,1.44877065268482,"model average"
59,100,15.2828282828283,1.53463834206779,"model average"
59,100,15.5656565656566,1.62317499397508,"model average"
59,100,15.8484848484848,1.71426299331568,"model average"
59,100,16.1313131313131,1.80776629626994,"model average"
59,100,16.4141414141414,1.90353022991901,"model average"
59,100,16.6969696969697,2.0013814234207,"model average"
59,100,16.979797979798,2.10112787853685,"model average"
59,100,17.2626262626263,2.20255918624471,"model average"
59,100,17.5454545454545,2.30544689495373,"model average"
59,100,17.8282828282828,2.40954503450745,"model average"
59,100,18.1111111111111,2.51459079869161,"model average"
59,100,18.3939393939394,2.62030538740654,"model average"
59,100,18.6767676767677,2.72639500801254,"model average"
59,100,18.959595959596,2.8325520336386,"model average"
59,100,19.2424242424242,2.93845631447877,"model average"
59,100,19.5252525252525,3.04377663630849,"model average"
59,100,19.8080808080808,3.1481723186589,"model average"
59,100,20.0909090909091,3.25129494331476,"model average"
59,100,20.3737373737374,3.35279020207636,"model average"
59,100,20.6565656565657,3.4522998510728,"model average"
59,100,20.9393939393939,3.54946375366726,"model average"
59,100,21.2222222222222,3.64392178434907,"model average"
59,100,21.5050505050505,3.73531632043636,"model average"
59,100,21.7878787878788,3.82329451157288,"model average"
59,100,22.0707070707071,3.90751039504316,"model average"
59,100,22.3535353535354,3.98762714511253,"model average"
59,100,22.6363636363636,4.0633193047438,"model average"
59,100,22.9191919191919,4.13427497913148,"model average"
59,100,23.2020202020202,4.20019797046002,"model average"
59,100,23.4848484848485,4.26080983350494,"model average"
59,100,23.7676767676768,4.31585183215789,"model average"
59,100,24.0505050505051,4.36508677766555,"model average"
59,100,24.3333333333333,4.40830073032381,"model average"
59,100,24.6161616161616,4.44530454755248,"model average"
59,100,24.8989898989899,4.47593526268014,"model average"
59,100,25.1818181818182,4.50005728037634,"model average"
59,100,25.4646464646465,4.51756337646067,"model average"
59,100,25.7474747474747,4.52837549177225,"model average"
59,100,26.030303030303,4.53244531187368,"model average"
59,100,26.3131313131313,4.52975462656423,"model average"
59,100,26.5959595959596,4.52031546545735,"model average"
59,100,26.8787878787879,4.50417000820898,"model average"
59,100,27.1616161616162,4.48139027033251,"model average"
59,100,27.4444444444444,4.452077567874,"model average"
59,100,27.7272727272727,4.41636176651434,"model average"
59,100,28.010101010101,4.37440032288442,"model average"
59,100,28.2929292929293,4.32637712799459,"model average"
59,100,28.5757575757576,4.27250116466356,"model average"
59,100,28.8585858585859,4.21300499265909,"model average"
59,100,29.1414141414141,4.14814307690954,"model average"
59,100,29.4242424242424,4.07818997559266,"model average"
59,100,29.7070707070707,4.00343840613783,"model average"
59,100,29.989898989899,3.92419720817737,"model average"
59,100,30.2727272727273,3.84078922324176,"model average"
59,100,30.5555555555556,3.75354911150595,"model average"
59,100,30.8383838383838,3.6628211261571,"model average"
59,100,31.1212121212121,3.56895686596984,"model average"
59,100,31.4040404040404,3.47231302644727,"model average"
59,100,31.6868686868687,3.3732491694239,"model average"
59,100,31.969696969697,3.27212553034147,"model average"
59,100,32.2525252525253,3.16930088151522,"model average"
59,100,32.5353535353535,3.06513046862293,"model average"
59,100,32.8181818181818,2.95996403639373,"model average"
59,100,33.1010101010101,2.85414395806672,"model average"
59,100,33.3838383838384,2.7480034816577,"model average"
59,100,33.6666666666667,2.64186510443623,"model average"
59,100,33.9494949494949,2.53603908530338,"model average"
59,100,34.2323232323232,2.43082210299533,"model average"
59,100,34.5151515151515,2.32649606624604,"model average"
59,100,34.7979797979798,2.22332708024828,"model average"
59,100,35.0808080808081,2.12156457197844,"model average"
59,100,35.3636363636364,2.02144057522151,"model average"
59,100,35.6464646464647,1.92316917446703,"model average"
59,100,35.9292929292929,1.82694610526515,"model average"
59,100,36.2121212121212,1.73294850715061,"model average"
59,100,36.4949494949495,1.64133482387621,"model average"
59,100,36.7777777777778,1.55224484445847,"model average"
59,100,37.0606060606061,1.46579987743689,"model average"
59,100,37.3434343434343,1.38210304979158,"model average"
59,100,37.6262626262626,1.30123972115717,"model average"
59,100,37.9090909090909,1.22327800331616,"model average"
59,100,38.1919191919192,1.14826937445256,"model average"
59,100,38.4747474747475,1.07624937729461,"model average"
59,100,38.7575757575758,1.00723839006924,"model average"
59,100,39.040404040404,0.941242459124876,"model average"
59,100,39.3232323232323,0.878254182145015,"model average"
59,100,39.6060606060606,0.8182536310636,"model average"
59,100,39.8888888888889,0.761209304092976,"model average"
59,100,40.1717171717172,0.707079096673963,"model average"
59,100,40.4545454545455,0.655811281640928,"model average"
59,100,40.7373737373737,0.607345489445484,"model average"
59,100,41.020202020202,0.561613679880692,"model average"
59,100,41.3030303030303,0.518541097365266,"model average"
59,100,41.5858585858586,0.478047202442999,"model average"
59,100,41.8686868686869,0.440046572651015,"model average"
59,100,42.1515151515151,0.404449766138459,"model average"
59,100,42.4343434343434,0.371164140810872,"model average"
59,100,42.7171717171717,0.340094617176395,"model average"
59,100,43,0.311144282574572,"model average"
62,10,15,0.639155725588052,"model average"
62,10,15.2828282828283,0.671602123731324,"model average"
62,10,15.5656565656566,0.704517141676738,"model average"
62,10,15.8484848484848,0.737858647071471,"model average"
62,10,16.1313131313131,0.771581626120554,"model average"
62,10,16.4141414141414,0.805638190325289,"model average"
62,10,16.6969696969697,0.839977602167592,"model average"
62,10,16.979797979798,0.874546320445339,"model average"
62,10,17.2626262626263,0.909288065829138,"model average"
62,10,17.5454545454545,0.944143907064772,"model average"
62,10,17.8282828282828,0.979052368088765,"model average"
62,10,18.1111111111111,1.01394955615861,"model average"
62,10,18.3939393939394,1.04876931092539,"model average"
62,10,18.6767676767677,1.08344337419637,"model average"
62,10,18.959595959596,1.11790157995098,"model average"
62,10,19.2424242424242,1.15207206398573,"model average"
62,10,19.5252525252525,1.18588149237641,"model average"
62,10,19.8080808080808,1.21925530775868,"model average"
62,10,20.0909090909091,1.25211799224517,"model average"
62,10,20.3737373737374,1.28439317554607,"model average"
62,10,20.6565656565657,1.31600319684729,"model average"
62,10,20.9393939393939,1.3468711535224,"model average"
62,10,21.2222222222222,1.37692054888501,"model average"
62,10,21.5050505050505,1.40607543549493,"model average"
62,10,21.7878787878788,1.43426074374526,"model average"
62,10,22.0707070707071,1.46140261440162,"model average"
62,10,22.3535353535354,1.48742873281357,"model average"
62,10,22.6363636363636,1.51226866245455,"model average"
62,10,22.9191919191919,1.53585417540481,"model average"
62,10,23.2020202020202,1.5581195773712,"model average"
62,10,23.4848484848485,1.5790020248409,"model average"
62,10,23.7676767676768,1.59844183199187,"model average"
62,10,24.0505050505051,1.61638276503232,"model average"
62,10,24.3333333333333,1.63277232171397,"model average"
62,10,24.6161616161616,1.64756199385947,"model average"
62,10,24.8989898989899,1.66070751086183,"model average"
62,10,25.1818181818182,1.67216906225231,"model average"
62,10,25.4646464646465,1.68191149759206,"model average"
62,10,25.7474747474747,1.68990450211957,"model average"
62,10,26.030303030303,1.69612274678016,"model average"
62,10,26.3131313131313,1.70054601147193,"model average"
62,10,26.5959595959596,1.70315928056412,"model average"
62,10,26.8787878787879,1.70395280997545,"model average"
62,10,27.1616161616162,1.70292216533971,"model average"
62,10,27.4444444444444,1.70006823103099,"model average"
62,10,27.7272727272727,1.69539719006948,"model average"
62,10,28.010101010101,1.68892047517664,"model average"
62,10,28.2929292929293,1.68065469149553,"model average"
62,10,28.5757575757576,1.67062151173301,"model average"
62,10,28.8585858585859,1.65884754471503,"model average"
62,10,29.1414141414141,1.64536417857065,"model average"
62,10,29.4242424242424,1.63020739997303,"model average"
62,10,29.7070707070707,1.61341759106457,"model average"
62,10,29.989898989899,1.59503930587597,"model average"
62,10,30.2727272727273,1.5751210282148,"model average"
62,10,30.5555555555556,1.55371491314554,"model average"
62,10,30.8383838383838,1.53087651431002,"model average"
62,10,31.1212121212121,1.50666449944316,"model average"
62,10,31.4040404040404,1.48114035652371,"model average"
62,10,31.6868686868687,1.45436809306305,"model average"
62,10,31.969696969697,1.42641393107738,"model average"
62,10,32.2525252525253,1.39734600030995,"model average"
62,10,32.5353535353535,1.36723403227143,"model average"
62,10,32.8181818181818,1.33614905764949,"model average"
62,10,33.1010101010101,1.30416310960429,"model average"
62,10,33.3838383838384,1.27134893541724,"model average"
62,10,33.6666666666667,1.2377797188986,"model average"
62,10,33.9494949494949,1.20352881588755,"model average"
62,10,34.2323232323232,1.16866950510034,"model average"
62,10,34.5151515151515,1.13327475650185,"model average"
62,10,34.7979797979798,1.09741701929767,"model average"
62,10,35.0808080808081,1.06116803157372,"model average"
62,10,35.3636363636364,1.02459865355531,"model average"
62,10,35.6464646464647,0.987778726424681,"model average"
62,10,35.9292929292929,0.950776958636786,"model average"
62,10,36.2121212121212,0.913660841719057,"model average"
62,10,36.4949494949495,0.876496597649348,"model average"
62,10,36.7777777777778,0.839349160097992,"model average"
62,10,37.0606060606061,0.802282192124367,"model average"
62,10,37.3434343434343,0.765358143374578,"model average"
62,10,37.6262626262626,0.728638350489991,"model average"
62,10,37.9090909090909,0.692183185384724,"model average"
62,10,38.1919191919192,0.656052257397504,"model average"
62,10,38.4747474747475,0.620304677238633,"model average"
62,10,38.7575757575758,0.584999393392181,"model average"
62,10,39.040404040404,0.550195615595629,"model average"
62,10,39.3232323232323,0.51595334583931,"model average"
62,10,39.6060606060606,0.482334046050122,"model average"
62,10,39.8888888888889,0.449401485018892,"model average"
62,10,40.1717171717172,0.417222828316309,"model average"
62,10,40.4545454545455,0.385870069646794,"model average"
62,10,40.7373737373737,0.355421961374643,"model average"
62,10,41.020202020202,0.325966708484033,"model average"
62,10,41.3030303030303,0.297605893869112,"model average"
62,10,41.5858585858586,0.270460523480757,"model average"
62,10,41.8686868686869,0.244681040329853,"model average"
62,10,42.1515151515151,0.22046566879655,"model average"
62,10,42.4343434343434,0.198099466067126,"model average"
62,10,42.7171717171717,0.178062162004173,"model average"
62,10,43,0.16167152954325,"model average"
62,100,15,1.21682075884808,"model average"
62,100,15.2828282828283,1.29796500535472,"model average"
62,100,15.5656565656566,1.38149208021391,"model average"
62,100,15.8484848484848,1.46735970518944,"model average"
62,100,16.1313131313131,1.55551598979305,"model average"
62,100,16.4141414141414,1.64589893941889,"model average"
62,100,16.6969696969697,1.73843600350209,"model average"
62,100,16.979797979798,1.83304366983362,"model average"
62,100,17.2626262626263,1.92962711109091,"model average"
62,100,17.5454545454545,2.02807988950262,"model average"
62,100,17.8282828282828,2.12828372535074,"model average"
62,100,18.1111111111111,2.23010833472566,"model average"
62,100,18.3939393939394,2.33341134158631,"model average"
62,100,18.6767676767677,2.43803826874102,"model average"
62,100,18.959595959596,2.54382261185472,"model average"
62,100,19.2424242424242,2.65058600000838,"model average"
62,100,19.5252525252525,2.75813844568969,"model average"
62,100,19.8080808080808,2.86627868638559,"model average"
62,100,20.0909090909091,2.97479461918207,"model average"
62,100,20.3737373737374,3.08346382896168,"model average"
62,100,20.6565656565657,3.19205420993308,"model average"
62,100,20.9393939393939,3.30032467933629,"model average"
62,100,21.2222222222222,3.4080259812536,"model average"
62,100,21.5050505050505,3.51490157752831,"model average"
62,100,21.7878787878788,3.62068267086031,"model average"
62,100,22.0707070707071,3.7250871722637,"model average"
62,100,22.3535353535354,3.82784137845855,"model average"
62,100,22.6363636363636,3.92866912650292,"model average"
62,100,22.9191919191919,4.02729253216017,"model average"
62,100,23.2020202020202,4.12343328876894,"model average"
62,100,23.4848484848485,4.21681400740313,"model average"
62,100,23.7676767676768,4.30715958874336,"model average"
62,100,24.0505050505051,4.39419861653119,"model average"
62,100,24.3333333333333,4.47766476202322,"model average"
62,100,24.6161616161616,4.55729818850846,"model average"
62,100,24.8989898989899,4.63284694470932,"model average"
62,100,25.1818181818182,4.70406833575658,"model average"
62,100,25.4646464646465,4.77073026041787,"model average"
62,100,25.7474747474747,4.83261250336926,"model average"
62,100,26.030303030303,4.88950797153136,"model average"
62,100,26.3131313131313,4.94122386384453,"model average"
62,100,26.5959595959596,4.98758276433041,"model average"
62,100,26.8787878787879,5.02842364887427,"model average"
62,100,27.1616161616162,5.06360279686055,"model average"
62,100,27.4444444444444,5.09299459959397,"model average"
62,100,27.7272727272727,5.11649225833387,"model average"
62,100,28.010101010101,5.13400836574897,"model average"
62,100,28.2929292929293,5.1454753656539,"model average"
62,100,28.5757575757576,5.15084588700438,"model average"
62,100,28.8585858585859,5.15009294929362,"model average"
62,100,29.1414141414141,5.14321003769322,"model average"
62,100,29.4242424242424,5.13021104750528,"model average"
62,100,29.7070707070707,5.11113009872298,"model average"
62,100,29.989898989899,5.08602122272142,"model average"
62,100,30.2727272727273,5.05495792430387,"model average"
62,100,30.5555555555556,5.0180326234982,"model average"
62,100,30.8383838383838,4.97535598261984,"model average"
62,100,31.1212121212121,4.92705612517962,"model average"
62,100,31.4040404040404,4.87327775420558,"model average"
62,100,31.6868686868687,4.81418117845732,"model average"
62,100,31.969696969697,4.74994125583034,"model average"
62,100,32.2525252525253,4.68074626396978,"model average"
62,100,32.5353535353535,4.60679670873133,"model average"
62,100,32.8181818181818,4.52830408163852,"model average"
62,100,33.1010101010101,4.44548957788836,"model average"
62,100,33.3838383838384,4.35858278675092,"model average"
62,100,33.6666666666667,4.26782036639574,"model average"
62,100,33.9494949494949,4.17344471526353,"model average"
62,100,34.2323232323232,4.07570265209178,"model average"
62,100,34.5151515151515,3.97484411660888,"model average"
62,100,34.7979797979798,3.87112090274421,"model average"
62,100,35.0808080808081,3.76478543597878,"model average"
62,100,35.3636363636364,3.65608960620244,"model average"
62,100,35.6464646464647,3.54528366717317,"model average"
62,100,35.9292929292929,3.43261521342504,"model average"
62,100,36.2121212121212,3.31832824528001,"model average"
62,100,36.4949494949495,3.20266233253839,"model average"
62,100,36.7777777777778,3.08585188751413,"model average"
62,100,37.0606060606061,2.9681255584333,"model average"
62,100,37.3434343434343,2.84970575494033,"model average"
62,100,37.6262626262626,2.73080831871831,"model average"
62,100,37.9090909090909,2.61164235425442,"model average"
62,100,38.1919191919192,2.49241023789853,"model average"
62,100,38.4747474747475,2.37330782806499,"model average"
62,100,38.7575757575758,2.25452490646313,"model average"
62,100,39.040404040404,2.13624589078569,"model average"
62,100,39.3232323232323,2.01865087522754,"model average"
62,100,39.6060606060606,1.90191707968954,"model average"
62,100,39.8888888888889,1.78622082693953,"model average"
62,100,40.1717171717172,1.67174022898375,"model average"
62,100,40.4545454545455,1.55865886740989,"model average"
62,100,40.7373737373737,1.44717093276374,"model average"
62,100,41.020202020202,1.33748861869232,"model average"
62,100,41.3030303030303,1.22985321284645,"model average"
62,100,41.5858585858586,1.12455269478934,"model average"
62,100,41.8686868686869,1.02195186497972,"model average"
62,100,42.1515151515151,0.922549722608619,"model average"
62,100,42.4343434343434,0.827107739231806,"model average"
62,100,42.7171717171717,0.737029448319587,"model average"
62,100,43,0.657083917733049,"model average"
92,10,15,0.838422529626183,"model average"
92,10,15.2828282828283,0.860504050729399,"model average"
92,10,15.5656565656566,0.882675781001411,"model average"
92,10,15.8484848484848,0.904909667314525,"model average"
92,10,16.1313131313131,0.927176669938694,"model average"
92,10,16.4141414141414,0.949446238978195,"model average"
92,10,16.6969696969697,0.971673337196998,"model average"
92,10,16.979797979798,0.993819654717309,"model average"
92,10,17.2626262626263,1.01585203893742,"model average"
92,10,17.5454545454545,1.03773666944574,"model average"
92,10,17.8282828282828,1.05943914057422,"model average"
92,10,18.1111111111111,1.0809245484433,"model average"
92,10,18.3939393939394,1.1021575821711,"model average"
92,10,18.6767676767677,1.12310261888585,"model average"
92,10,18.959595959596,1.14372382214992,"model average"
92,10,19.2424242424242,1.1639852433736,"model average"
92,10,19.5252525252525,1.18385092576976,"model average"
92,10,19.8080808080808,1.20328501037541,"model average"
92,10,20.0909090909091,1.22225184364367,"model average"
92,10,20.3737373737374,1.24071608609042,"model average"
92,10,20.6565656565657,1.25864282146312,"model average"
92,10,20.9393939393939,1.27599766588637,"model average"
92,10,21.2222222222222,1.29274687642885,"model average"
92,10,21.5050505050505,1.30885745853014,"model average"
92,10,21.7878787878788,1.32429727172319,"model average"
92,10,22.0707070707071,1.33903513308962,"model average"
92,10,22.3535353535354,1.3530409178898,"model average"
92,10,22.6363636363636,1.36628565681834,"model average"
92,10,22.9191919191919,1.37874162934851,"model average"
92,10,23.2020202020202,1.39038245264498,"model average"
92,10,23.4848484848485,1.40118316554459,"model average"
92,10,23.7676767676768,1.41112030712812,"model average"
92,10,24.0505050505051,1.4201719894332,"model average"
92,10,24.3333333333333,1.42831796388857,"model average"
92,10,24.6161616161616,1.43553968108323,"model average"
92,10,24.8989898989899,1.44182034352009,"model average"
92,10,25.1818181818182,1.44714495104257,"model average"
92,10,25.4646464646465,1.45150033866326,"model average"
92,10,25.7474747474747,1.45487520656736,"model average"
92,10,26.030303030303,1.45726014210769,"model average"
92,10,26.3131313131313,1.45864763365478,"model average"
92,10,26.5959595959596,1.45903207621247,"model average"
92,10,26.8787878787879,1.45840976875726,"model average"
92,10,27.1616161616162,1.45677890330828,"model average"
92,10,27.4444444444444,1.45413954578246,"model average"
92,10,27.7272727272727,1.45049360873797,"model average"
92,10,28.010101010101,1.44584481615577,"model average"
92,10,28.2929292929293,1.4401986604554,"model average"
92,10,28.5757575757576,1.43356235198607,"model average"
92,10,28.8585858585859,1.42594476127698,"model average"
92,10,29.1414141414141,1.41735635437218,"model average"
92,10,29.4242424242424,1.40780912161378,"model average"
92,10,29.7070707070707,1.39731650027416,"model average"
92,10,29.989898989899,1.38589329147084,"model average"
92,10,30.2727272727273,1.37355557182895,"model average"
92,10,30.5555555555556,1.3603206003832,"model average"
92,10,30.8383838383838,1.34620672123608,"model average"
92,10,31.1212121212121,1.33123326250951,"model average"
92,10,31.4040404040404,1.3154204321452,"model average"
92,10,31.6868686868687,1.29878921112275,"model average"
92,10,31.969696969697,1.28136124467555,"model average"
92,10,32.2525252525253,1.26315873209189,"model average"
92,10,32.5353535353535,1.24420431569288,"model average"
92,10,32.8181818181818,1.22452096958035,"model average"
92,10,33.1010101010101,1.20413188874589,"model average"
92,10,33.3838383838384,1.1830603791286,"model average"
92,10,33.6666666666667,1.1613297492028,"model average"
92,10,33.9494949494949,1.13896320366926,"model average"
92,10,34.2323232323232,1.11598373981466,"model average"
92,10,34.5151515151515,1.09241404709486,"model average"
92,10,34.7979797979798,1.06827641048877,"model average"
92,10,35.0808080808081,1.04359261816267,"model average"
92,10,35.3636363636364,1.01838387398018,"model average"
92,10,35.6464646464647,0.992670715393997,"model average"
92,10,35.9292929292929,0.96647293726198,"model average"
92,10,36.2121212121212,0.939809522147441,"model average"
92,10,36.4949494949495,0.912698577693277,"model average"
92,10,36.7777777777778,0.885157281708511,"model average"
92,10,37.0606060606061,0.857201835680041,"model average"
92,10,37.3434343434343,0.828847427532334,"model average"
92,10,37.6262626262626,0.800108204617269,"model average"
92,10,37.9090909090909,0.770997258146004,"model average"
92,10,38.1919191919192,0.741526620604817,"model average"
92,10,38.4747474747475,0.711707278173493,"model average"
92,10,38.7575757575758,0.68154920085873,"model average"
92,10,39.040404040404,0.65106139407912,"model average"
92,10,39.3232323232323,0.620251976975606,"model average"
92,10,39.6060606060606,0.589128295079685,"model average"
92,10,39.8888888888889,0.557697078684929,"model average"
92,10,40.1717171717172,0.525964664298713,"model average"
92,10,40.4545454545455,0.49393730671734,"model average"
92,10,40.7373737373737,0.461621627178067,"model average"
92,10,41.020202020202,0.429025276324295,"model average"
92,10,41.3030303030303,0.396157956749226,"model average"
92,10,41.5858585858586,0.363033092080352,"model average"
92,10,41.8686868686869,0.329670770187213,"model average"
92,10,42.1515151515151,0.296103531207641,"model average"
92,10,42.4343434343434,0.26238980218036,"model average"
92,10,42.7171717171717,0.228655697254591,"model average"
92,10,43,0.195439668829035,"model average"
92,100,15,1.69319750427682,"model average"
92,100,15.2828282828283,1.79573435164831,"model average"
92,100,15.5656565656566,1.90053785698297,"model average"
92,100,15.8484848484848,2.00752710383549,"model average"
92,100,16.1313131313131,2.11661229374271,"model average"
92,100,16.4141414141414,2.22769443480186,"model average"
92,100,16.6969696969697,2.34066507197994,"model average"
92,100,16.979797979798,2.45540606348935,"model average"
92,100,17.2626262626263,2.57178940739872,"model average"
92,100,17.5454545454545,2.68967712243145,"model average"
92,100,17.8282828282828,2.8089211866373,"model average"
92,100,18.1111111111111,2.92936353730473,"model average"
92,100,18.3939393939394,3.05083613511529,"model average"
92,100,18.6767676767677,3.17316109512688,"model average"
92,100,18.959595959596,3.2961508867133,"model average"
92,100,19.2424242424242,3.41960860408601,"model average"
92,100,19.5252525252525,3.54332830848385,"model average"
92,100,19.8080808080808,3.66709158538794,"model average"
92,100,20.0909090909091,3.79064876720287,"model average"
92,100,20.3737373737374,3.91376287057581,"model average"
92,100,20.6565656565657,4.03619478457833,"model average"
92,100,20.9393939393939,4.15769908281034,"model average"
92,100,21.2222222222222,4.27802478268433,"model average"
92,100,21.5050505050505,4.39691616663651,"model average"
92,100,21.7878787878788,4.51411366128226,"model average"
92,100,22.0707070707071,4.62935476990493,"model average"
92,100,22.3535353535354,4.74237505306439,"model average"
92,100,22.6363636363636,4.8529091515417,"model average"
92,100,22.9191919191919,4.96069184530733,"model average"
92,100,23.2020202020202,5.06545914171834,"model average"
92,100,23.4848484848485,5.16694938572215,"model average"
92,100,23.7676767676768,5.26490438447751,"model average"
92,100,24.0505050505051,5.35907053850161,"model average"
92,100,24.3333333333333,5.4491999712218,"model average"
92,100,24.6161616161616,5.53505164865526,"model average"
92,100,24.8989898989899,5.61639248086271,"model average"
92,100,25.1818181818182,5.69299839682655,"model average"
92,100,25.4646464646465,5.76465538449017,"model average"
92,100,25.7474747474747,5.83116048786506,"model average"
92,100,26.030303030303,5.89232275336419,"model average"
92,100,26.3131313131313,5.94796411785426,"model average"
92,100,26.5959595959596,5.99792023133106,"model average"
92,100,26.8787878787879,6.04204120761041,"model average"
92,100,27.1616161616162,6.08019229698551,"model average"
92,100,27.4444444444444,6.11225447542617,"model average"
92,100,27.7272727272727,6.1381249455794,"model average"
92,100,28.010101010101,6.15771754556795,"model average"
92,100,28.2929292929293,6.17096306236543,"model average"
92,100,28.5757575757576,6.17780944734653,"model average"
92,100,28.8585858585859,6.17822193245872,"model average"
92,100,29.1414141414141,6.17218304633016,"model average"
92,100,29.4242424242424,6.15969253050756,"model average"
92,100,29.7070707070707,6.14076715689796,"model average"
92,100,29.989898989899,6.115440448362,"model average"
92,100,30.2727272727273,6.08376230526294,"model average"
92,100,30.5555555555556,6.04579854160749,"model average"
92,100,30.8383838383838,6.00163033521414,"model average"
92,100,31.1212121212121,5.9513535971028,"model average"
92,100,31.4040404040404,5.89507826601143,"model average"
92,100,31.6868686868687,5.83292753460369,"model average"
92,100,31.969696969697,5.76503701453227,"model average"
92,100,32.2525252525253,5.69155384806138,"model average"
92,100,32.5353535353535,5.61263577442668,"model average"
92,100,32.8181818181818,5.5284501595202,"model average"
92,100,33.1010101010101,5.43917299783234,"model average"
92,100,33.3838383838384,5.3449878958646,"model average"
92,100,33.6666666666667,5.24608504644965,"model average"
92,100,33.9494949494949,5.14266020358508,"model average"
92,100,34.2323232323232,5.03491366751349,"model average"
92,100,34.5151515151515,4.92304928987458,"model average"
92,100,34.7979797979798,4.80727350883023,"model average"
92,100,35.0808080808081,4.68779442414036,"model average"
92,100,35.3636363636364,4.56482092226951,"model average"
92,100,35.6464646464647,4.43856186176327,"model average"
92,100,35.9292929292929,4.30922532939011,"model average"
92,100,36.2121212121212,4.17701797795025,"model average"
92,100,36.4949494949495,4.04214445727848,"model average"
92,100,36.7777777777778,3.90480695090531,"model average"
92,100,37.0606060606061,3.76520483221741,"model average"
92,100,37.3434343434343,3.62353445594988,"model average"
92,100,37.6262626262626,3.47998910369865,"model average"
92,100,37.9090909090909,3.33475910621976,"model average"
92,100,38.1919191919192,3.18803217111026,"model average"
92,100,38.4747474747475,3.03999395283614,"model average"
92,100,38.7575757575758,2.89082891420224,"model average"
92,100,39.040404040404,2.74072154616428,"model average"
92,100,39.3232323232323,2.58985803946592,"model average"
92,100,39.6060606060606,2.43842854211286,"model average"
92,100,39.8888888888889,2.28663020008441,"model average"
92,100,40.1717171717172,2.13467128089567,"model average"
92,100,40.4545454545455,1.9827768505447,"model average"
92,100,40.7373737373737,1.83119677290456,"model average"
92,100,41.020202020202,1.68021735012903,"model average"
92,100,41.3030303030303,1.53017900142947,"model average"
92,100,41.5858585858586,1.38150467367295,"model average"
92,100,41.8686868686869,1.23474910389663,"model average"
92,100,42.1515151515151,1.09069384252739,"model average"
92,100,42.4343434343434,0.950562617811763,"model average"
92,100,42.7171717171717,0.816669586901487,"model average"
92,100,43,0.697281308397953,"model average"
93,10,15,1.03662790768115,"model average"
93,10,15.2828282828283,1.07377971516128,"model average"
93,10,15.5656565656566,1.11076814198041,"model average"
93,10,15.8484848484848,1.14748547541016,"model average"
93,10,16.1313131313131,1.18382147221656,"model average"
93,10,16.4141414141414,1.2196638823263,"model average"
93,10,16.6969696969697,1.25489900334124,"model average"
93,10,16.979797979798,1.28941226230063,"model average"
93,10,17.2626262626263,1.32308882071613,"model average"
93,10,17.5454545454545,1.35581419856223,"model average"
93,10,17.8282828282828,1.38747491260063,"model average"
93,10,18.1111111111111,1.41795912415457,"model average"
93,10,18.3939393939394,1.44715729123407,"model average"
93,10,18.6767676767677,1.47496281974787,"model average"
93,10,18.959595959596,1.50127246507724,"model average"
93,10,19.2424242424242,1.52598655454621,"model average"
93,10,19.5252525252525,1.54901107047643,"model average"
93,10,19.8080808080808,1.57025751429811,"model average"
93,10,20.0909090909091,1.58964338890686,"model average"
93,10,20.3737373737374,1.60709273167751,"model average"
93,10,20.6565656565657,1.62253660986109,"model average"
93,10,20.9393939393939,1.63591357384492,"model average"
93,10,21.2222222222222,1.64717006410497,"model average"
93,10,21.5050505050505,1.65626076807844,"model average"
93,10,21.7878787878788,1.66314892362756,"model average"
93,10,22.0707070707071,1.66780656624938,"model average"
93,10,22.3535353535354,1.67021471770371,"model average"
93,10,22.6363636363636,1.67036351427712,"model average"
93,10,22.9191919191919,1.66825227346871,"model average"
93,10,23.2020202020202,1.66388949846508,"model average"
93,10,23.4848484848485,1.65729282036238,"model average"
93,10,23.7676767676768,1.64848887868334,"model average"
93,10,24.0505050505051,1.63751314132124,"model average"
93,10,24.3333333333333,1.62440966561263,"model average"
93,10,24.6161616161616,1.60923080278994,"model average"
93,10,24.8989898989899,1.59203684858724,"model average"
93,10,25.1818181818182,1.57289564326103,"model average"
93,10,25.4646464646465,1.55188212473735,"model average"
93,10,25.7474747474747,1.52907783900189,"model average"
93,10,26.030303030303,1.50457041220618,"model average"
93,10,26.3131313131313,1.47845298926712,"model average"
93,10,26.5959595959596,1.45082364398551,"model average"
93,10,26.8787878787879,1.42178476590015,"model average"
93,10,27.1616161616162,1.39144242922579,"model average"
93,10,27.4444444444444,1.35990574929495,"model average"
93,10,27.7272727272727,1.32728623193604,"model average"
93,10,28.010101010101,1.29369712117427,"model average"
93,10,28.2929292929293,1.25925275053841,"model average"
93,10,28.5757575757576,1.2240679030997,"model average"
93,10,28.8585858585859,1.18825718516057,"model average"
93,10,29.1414141414141,1.15193441825518,"model average"
93,10,29.4242424242424,1.11521205382522,"model average"
93,10,29.7070707070707,1.07820061459707,"model average"
93,10,29.989898989899,1.04100816631675,"model average"
93,10,30.2727272727273,1.00373982310076,"model average"
93,10,30.5555555555556,0.966497289241539,"model average"
93,10,30.8383838383838,0.929378439869757,"model average"
93,10,31.1212121212121,0.892476942429132,"model average"
93,10,31.4040404040404,0.855881920468086,"model average"
93,10,31.6868686868687,0.81967766080171,"model average"
93,10,31.969696969697,0.783943364653127,"model average"
93,10,32.2525252525253,0.748752942949959,"model average"
93,10,32.5353535353535,0.714174855534303,"model average"
93,10,32.8181818181818,0.680271993647473,"model average"
93,10,33.1010101010101,0.647101604677842,"model average"
93,10,33.3838383838384,0.614715257814645,"model average"
93,10,33.6666666666667,0.583158848935473,"model average"
93,10,33.9494949494949,0.552472642772881,"model average"
93,10,34.2323232323232,0.52269135015753,"model average"
93,10,34.5151515151515,0.493844237923184,"model average"
93,10,34.7979797979798,0.465955268883098,"model average"
93,10,35.0808080808081,0.439043269148281,"model average"
93,10,35.3636363636364,0.413122119955335,"model average"
93,10,35.6464646464647,0.388200971104421,"model average"
93,10,35.9292929292929,0.364284473075166,"model average"
93,10,36.2121212121212,0.341373024888366,"model average"
93,10,36.4949494949495,0.319463034812433,"model average"
93,10,36.7777777777778,0.298547191073244,"model average"
93,10,37.0606060606061,0.278614739812188,"model average"
93,10,37.3434343434343,0.25965176764694,"model average"
93,10,37.6262626262626,0.241641486320132,"model average"
93,10,37.9090909090909,0.224564517069742,"model average"
93,10,38.1919191919192,0.20839917251853,"model average"
93,10,38.4747474747475,0.193121734055322,"model average"
93,10,38.7575757575758,0.178706722864844,"model average"
93,10,39.040404040404,0.165127162951745,"model average"
93,10,39.3232323232323,0.152354834694219,"model average"
93,10,39.6060606060606,0.14036051764806,"model average"
93,10,39.8888888888889,0.1291142214961,"model average"
93,10,40.1717171717172,0.118585404190331,"model average"
93,10,40.4545454545455,0.108743176448697,"model average"
93,10,40.7373737373737,0.0995564918203013,"model average"
93,10,41.020202020202,0.0909943214829076,"model average"
93,10,41.3030303030303,0.0830258127299095,"model average"
93,10,41.5858585858586,0.0756204296813324,"model average"
93,10,41.8686868686869,0.0687480741355766,"model average"
93,10,42.1515151515151,0.0623791841790025,"model average"
93,10,42.4343434343434,0.0564848113435596,"model average"
93,10,42.7171717171717,0.051036704381041,"model average"
93,10,43,0.046007788300113,"model average"
93,100,15,2.51184870140844,"model average"
93,100,15.2828282828283,2.60095988619674,"model average"
93,100,15.5656565656566,2.69011745812763,"model average"
93,100,15.8484848484848,2.77910964921731,"model average"
93,100,16.1313131313131,2.86771809431291,"model average"
93,100,16.4141414141414,2.95571865592124,"model average"
93,100,16.6969696969697,3.04288231054504,"model average"
93,100,16.979797979798,3.12897609214737,"model average"
93,100,17.2626262626263,3.21376408774928,"model average"
93,100,17.5454545454545,3.29700847957857,"model average"
93,100,17.8282828282828,3.37847062763672,"model average"
93,100,18.1111111111111,3.4579121860424,"model average"
93,100,18.3939393939394,3.53509624605128,"model average"
93,100,18.6767676767677,3.60978849824877,"model average"
93,100,18.959595959596,3.68175840607027,"model average"
93,100,19.2424242424242,3.7507803825287,"model average"
93,100,19.5252525252525,3.81663496182473,"model average"
93,100,19.8080808080808,3.87910995738599,"model average"
93,100,20.0909090909091,3.93800159782974,"model average"
93,100,20.3737373737374,3.99311563237205,"model average"
93,100,20.6565656565657,4.0442683973151,"model average"
93,100,20.9393939393939,4.09128724071662,"model average"
93,100,21.2222222222222,4.13400572512684,"model average"
93,100,21.5050505050505,4.17227578551484,"model average"
93,100,21.7878787878788,4.20596564354394,"model average"
93,100,22.0707070707071,4.23495858112517,"model average"
93,100,22.3535353535354,4.25915361380627,"model average"
93,100,22.6363636363636,4.27846607632134,"model average"
93,100,22.9191919191919,4.29282811554578,"model average"
93,100,23.2020202020202,4.30218908683589,"model average"
93,100,23.4848484848485,4.30651585050931,"model average"
93,100,23.7676767676768,4.30579296603298,"model average"
93,100,24.0505050505051,4.30002278232197,"model average"
93,100,24.3333333333333,4.28922542340588,"model average"
93,100,24.6161616161616,4.27343866958065,"model average"
93,100,24.8989898989899,4.25271773502346,"model average"
93,100,25.1818181818182,4.22713494369826,"model average"
93,100,25.4646464646465,4.19677930620962,"model average"
93,100,25.7474747474747,4.16175600106482,"model average"
93,100,26.030303030303,4.12218576457023,"model average"
93,100,26.3131313131313,4.07820419430958,"model average"
93,100,26.5959595959596,4.02996097182194,"model average"
93,100,26.8787878787879,3.97761901070886,"model average"
93,100,27.1616161616162,3.92135353694841,"model average"
93,100,27.4444444444444,3.86135110867172,"model average"
93,100,27.7272727272727,3.79780858306303,"model average"
93,100,28.010101010101,3.73093203837215,"model average"
93,100,28.2929292929293,3.66093565927718,"model average"
93,100,28.5757575757576,3.58804059400337,"model average"
93,100,28.8585858585859,3.51247379169097,"model average"
93,100,29.1414141414141,3.43446682851125,"model average"
93,100,29.4242424242424,3.35425473095661,"model average"
93,100,29.7070707070707,3.27207480458078,"model average"
93,100,29.989898989899,3.18816547624109,"model average"
93,100,30.2727272727273,3.10276515760091,"model average"
93,100,30.5555555555556,3.01611113729144,"model average"
93,100,30.8383838383838,2.9284385087129,"model average"
93,100,31.1212121212121,2.83997913998213,"model average"
93,100,31.4040404040404,2.75096069201297,"model average"
93,100,31.6868686868687,2.66160569015425,"model average"
93,100,31.969696969697,2.57213065421435,"model average"
93,100,32.2525252525253,2.48274529107945,"model average"
93,100,32.5353535353535,2.39365175349062,"model average"
93,100,32.8181818181818,2.30504396789148,"model average"
93,100,33.1010101010101,2.21710703359918,"model average"
93,100,33.3838383838384,2.1300166948954,"model average"
93,100,33.6666666666667,2.04393888698612,"model average"
93,100,33.9494949494949,1.95902935614673,"model average"
93,100,34.2323232323232,1.87543335375791,"model average"
93,100,34.5151515151515,1.79328540335363,"model average"
93,100,34.7979797979798,1.71270913924959,"model average"
93,100,35.0808080808081,1.63381721480476,"model average"
93,100,35.3636363636364,1.55671127789163,"model average"
93,100,35.6464646464647,1.4814820107182,"model average"
93,100,35.9292929292929,1.40820923075691,"model average"
93,100,36.2121212121212,1.33696204919622,"model average"
93,100,36.4949494949495,1.26779908303954,"model average"
93,100,36.7777777777778,1.20076871673499,"model average"
93,100,37.0606060606061,1.13590940902778,"model average"
93,100,37.3434343434343,1.07325004058403,"model average"
93,100,37.6262626262626,1.01281029783985,"model average"
93,100,37.9090909090909,0.954601088480275,"model average"
93,100,38.1919191919192,0.898624983946476,"model average"
93,100,38.4747474747475,0.84487668440404,"model average"
93,100,38.7575757575758,0.793343501674215,"model average"
93,100,39.040404040404,0.744005855729491,"model average"
93,100,39.3232323232323,0.69683778047496,"model average"
93,100,39.6060606060606,0.651807434666102,"model average"
93,100,39.8888888888889,0.608877613932147,"model average"
93,100,40.1717171717172,0.56800625995114,"model average"
93,100,40.4545454545455,0.529146962806442,"model average"
93,100,40.7373737373737,0.492249452356553,"model average"
93,100,41.020202020202,0.457260073919627,"model average"
93,100,41.3030303030303,0.424122242447702,"model average"
93,100,41.5858585858586,0.392776867183488,"model average"
93,100,41.8686868686869,0.363162734743763,"model average"
93,100,42.1515151515151,0.335216831206375,"model average"
93,100,42.4343434343434,0.308874570369914,"model average"
93,100,42.7171717171717,0.284069869627239,"model average"
93,100,43,0.260734906206594,"model average"
100,10,15,0.892245873761322,"model average"
100,10,15.2828282828283,0.910412833417373,"model average"
100,10,15.5656565656566,0.928519588257318,"model average"
100,10,15.8484848484848,0.946527151944234,"model average"
100,10,16.1313131313131,0.964409864737771,"model average"
100,10,16.4141414141414,0.982143734751493,"model average"
100,10,16.6969696969697,0.999704491027443,"model average"
100,10,16.979797979798,1.01706763704884,"model average"
100,10,17.2626262626263,1.03420850607935,"model average"
100,10,17.5454545454545,1.05110231812963,"model average"
100,10,17.8282828282828,1.06772423833922,"model average"
100,10,18.1111111111111,1.08404943655076,"model average"
100,10,18.3939393939394,1.10005314784268,"model average"
100,10,18.6767676767677,1.11571073377734,"model average"
100,10,18.959595959596,1.13099774411356,"model average"
100,10,19.2424242424242,1.14588997872541,"model average"
100,10,19.5252525252525,1.16036354946364,"model average"
100,10,19.8080808080808,1.17439494169204,"model average"
100,10,20.0909090909091,1.18796107522833,"model average"
100,10,20.3737373737374,1.20103936441762,"model average"
100,10,20.6565656565657,1.21360777706738,"model average"
100,10,20.9393939393939,1.2256448919739,"model average"
100,10,21.2222222222222,1.23712995477418,"model average"
100,10,21.5050505050505,1.2480429318618,"model average"
100,10,21.7878787878788,1.25836456211159,"model average"
100,10,22.0707070707071,1.26807640616616,"model average"
100,10,22.3535353535354,1.27716089304646,"model average"
100,10,22.6363636363636,1.28560136385943,"model average"
100,10,22.9191919191919,1.2933821123879,"model average"
100,10,23.2020202020202,1.30048842236156,"model average"
100,10,23.4848484848485,1.30690660122227,"model average"
100,10,23.7676767676768,1.31262401021304,"model average"
100,10,24.0505050505051,1.31762909063683,"model average"
100,10,24.3333333333333,1.32191138614921,"model average"
100,10,24.6161616161616,1.32546156096755,"model average"
100,10,24.8989898989899,1.32827141389921,"model average"
100,10,25.1818181818182,1.33033388811063,"model average"
100,10,25.4646464646465,1.33164307658064,"model average"
100,10,25.7474747474747,1.33219422320139,"model average"
100,10,26.030303030303,1.33198371951222,"model average"
100,10,26.3131313131313,1.33100909707257,"model average"
100,10,26.5959595959596,1.3292690155016,"model average"
100,10,26.8787878787879,1.32676324623314,"model average"
100,10,27.1616161616162,1.32349265205561,"model average"
100,10,27.4444444444444,1.31945916252676,"model average"
100,10,27.7272727272727,1.31466574537321,"model average"
100,10,28.010101010101,1.30911637400379,"model average"
100,10,28.2929292929293,1.30281599128451,"model average"
100,10,28.5757575757576,1.29577046974023,"model average"
100,10,28.8585858585859,1.28798656836503,"model average"
100,10,29.1414141414141,1.27947188623892,"model average"
100,10,29.4242424242424,1.27023481316281,"model average"
100,10,29.7070707070707,1.26028447753709,"model average"
100,10,29.989898989899,1.24963069172126,"model average"
100,10,30.2727272727273,1.23828389512268,"model average"
100,10,30.5555555555556,1.22625509527179,"model average"
100,10,30.8383838383838,1.21355580714955,"model average"
100,10,31.1212121212121,1.20019799103915,"model average"
100,10,31.4040404040404,1.18619398917949,"model average"
100,10,31.6868686868687,1.17155646150217,"model average"
100,10,31.969696969697,1.15629832073609,"model average"
100,10,32.2525252525253,1.14043266716553,"model average"
100,10,32.5353535353535,1.12397272332802,"model average"
100,10,32.8181818181818,1.10693176893756,"model average"
100,10,33.1010101010101,1.08932307631746,"model average"
100,10,33.3838383838384,1.07115984662475,"model average"
100,10,33.6666666666667,1.0524551471457,"model average"
100,10,33.9494949494949,1.03322184993904,"model average"
100,10,34.2323232323232,1.01347257210064,"model average"
100,10,34.5151515151515,0.993219617921482,"model average"
100,10,34.7979797979798,0.972474923209222,"model average"
100,10,35.0808080808081,0.951250002044153,"model average"
100,10,35.3636363636364,0.929555896243211,"model average"
100,10,35.6464646464647,0.90740312781168,"model average"
100,10,35.9292929292929,0.884801654673296,"model average"
100,10,36.2121212121212,0.861760829986658,"model average"
100,10,36.4949494949495,0.83828936538207,"model average"
100,10,36.7777777777778,0.814395298490929,"model average"
100,10,37.0606060606061,0.790085965194286,"model average"
100,10,37.3434343434343,0.765367977094074,"model average"
100,10,37.6262626262626,0.740247204818866,"model average"
100,10,37.9090909090909,0.714728767928516,"model average"
100,10,38.1919191919192,0.688817032397767,"model average"
100,10,38.4747474747475,0.662515616966726,"model average"
100,10,38.7575757575758,0.635827410090456,"model average"
100,10,39.040404040404,0.608754599871337,"model average"
100,10,39.3232323232323,0.581298720331104,"model average"
100,10,39.6060606060606,0.553460718866501,"model average"
100,10,39.8888888888889,0.525241052066587,"model average"
100,10,40.1717171717172,0.496639820850258,"model average"
100,10,40.4545454545455,0.467656962238671,"model average"
100,10,40.7373737373737,0.43829252624666,"model average"
100,10,41.020202020202,0.408547087079115,"model average"
100,10,41.3030303030303,0.378422378772563,"model average"
100,10,41.5858585858586,0.347922333342908,"model average"
100,10,41.8686868686869,0.317054909349169,"model average"
100,10,42.1515151515151,0.285835677329752,"model average"
100,10,42.4343434343434,0.254296099974985,"model average"
100,10,42.7171717171717,0.222509081973321,"model average"
100,10,43,0.190794047204813,"model average"
100,100,15,1.22972437029657,"model average"
100,100,15.2828282828283,1.30949936348241,"model average"
100,100,15.5656565656566,1.3915711643703,"model average"
100,100,15.8484848484848,1.47591235942595,"model average"
100,100,16.1313131313131,1.5624881660806,"model average"
100,100,16.4141414141414,1.65125595175613,"model average"
100,100,16.6969696969697,1.74216477535297,"model average"
100,100,16.979797979798,1.83515495630427,"model average"
100,100,17.2626262626263,1.93015767635897,"model average"
100,100,17.5454545454545,2.0270946192653,"model average"
100,100,17.8282828282828,2.12587765347867,"model average"
100,100,18.1111111111111,2.22640856291432,"model average"
100,100,18.3939393939394,2.32857883060069,"model average"
100,100,18.6767676767677,2.43226947986473,"model average"
100,100,18.959595959596,2.53735097739355,"model average"
100,100,19.2424242424242,2.64368320216825,"model average"
100,100,19.5252525252525,2.7511154838569,"model average"
100,100,19.8080808080808,2.85948671378525,"model average"
100,100,20.0909090909091,2.96862553107979,"model average"
100,100,20.3737373737374,3.07835058600008,"model average"
100,100,20.6565656565657,3.18847088185257,"model average"
100,100,20.9393939393939,3.2987832667858,"model average"
100,100,21.2222222222222,3.40903689759714,"model average"
100,100,21.5050505050505,3.51899845921604,"model average"
100,100,21.7878787878788,3.6284399518248,"model average"
100,100,22.0707070707071,3.73712648825632,"model average"
100,100,22.3535353535354,3.84481709294753,"model average"
100,100,22.6363636363636,3.95126556882635,"model average"
100,100,22.9191919191919,4.05622142756295,"model average"
100,100,23.2020202020202,4.1594308778749,"model average"
100,100,23.4848484848485,4.26063786586624,"model average"
100,100,23.7676767676768,4.35958516071229,"model average"
100,100,24.0505050505051,4.45601547838381,"model average"
100,100,24.3333333333333,4.54967263554505,"model average"
100,100,24.6161616161616,4.64030272526897,"model average"
100,100,24.8989898989899,4.72765530579613,"model average"
100,100,25.1818181818182,4.81148459322956,"model average"
100,100,25.4646464646465,4.89155064881135,"model average"
100,100,25.7474747474747,4.96762055127319,"model average"
100,100,26.030303030303,5.03946954469643,"model average"
100,100,26.3131313131313,5.10688215235985,"model average"
100,100,26.5959595959596,5.16965324719722,"model average"
100,100,26.8787878787879,5.22758906973131,"model average"
100,100,27.1616161616162,5.28050818469601,"model average"
100,100,27.4444444444444,5.32824236799978,"model average"
100,100,27.7272727272727,5.37063741622011,"model average"
100,100,28.010101010101,5.40755387144233,"model average"
100,100,28.2929292929293,5.4388676549634,"model average"
100,100,28.5757575757576,5.46447060416253,"model average"
100,100,28.8585858585859,5.4842709076892,"model average"
100,100,29.1414141414141,5.4981934350243,"model average"
100,100,29.4242424242424,5.50617995742327,"model average"
100,100,29.7070707070707,5.50818925823913,"model average"
100,100,29.989898989899,5.5041971316379,"model average"
100,100,30.2727272727273,5.49419626974732,"model average"
100,100,30.5555555555556,5.4781960393101,"model average"
100,100,30.8383838383838,5.45622214993411,"model average"
100,100,31.1212121212121,5.4283162170319,"model average"
100,100,31.4040404040404,5.39453522351046,"model average"
100,100,31.6868686868687,5.35495088519801,"model average"
100,100,31.969696969697,5.30964892586931,"model average"
100,100,32.2525252525253,5.25872826854414,"model average"
100,100,32.5353535353535,5.20230015047965,"model average"
100,100,32.8181818181818,5.14048716994795,"model average"
100,100,33.1010101010101,5.07342227348194,"model average"
100,100,33.3838383838384,5.0012476927809,"model average"
100,100,33.6666666666667,4.92411384089147,"model average"
100,100,33.9494949494949,4.84217817761935,"model average"
100,100,34.2323232323232,4.75560405438483,"model average"
100,100,34.5151515151515,4.66455954891567,"model average"
100,100,34.7979797979798,4.56921630028152,"model average"
100,100,35.0808080808081,4.4697483548252,"model average"
100,100,35.3636363636364,4.36633103355155,"model average"
100,100,35.6464646464647,4.25913983151347,"model average"
100,100,35.9292929292929,4.14834935971094,"model average"
100,100,36.2121212121212,4.03413234002285,"model average"
100,100,36.4949494949495,3.91665866376658,"model average"
100,100,36.7777777777778,3.79609452467888,"model average"
100,100,37.0606060606061,3.67260163750898,"model average"
100,100,37.3434343434343,3.54633655411154,"model average"
100,100,37.6262626262626,3.41745009006468,"model average"
100,100,37.9090909090909,3.28608687662046,"model average"
100,100,38.1919191919192,3.15238505551855,"model average"
100,100,38.4747474747475,3.01647613830519,"model average"
100,100,38.7575757575758,2.87848505798412,"model average"
100,100,39.040404040404,2.7385304501676,"model average"
100,100,39.3232323232323,2.59672521515174,"model average"
100,100,39.6060606060606,2.45317743445801,"model average"
100,100,39.8888888888889,2.30799175047016,"model average"
100,100,40.1717171717172,2.1612713750646,"model average"
100,100,40.4545454545455,2.01312098995564,"model average"
100,100,40.7373737373737,1.86365097236738,"model average"
100,100,41.020202020202,1.71298369756284,"model average"
100,100,41.3030303030303,1.56126330093307,"model average"
100,100,41.5858585858586,1.4086716424049,"model average"
100,100,41.8686868686869,1.2554564758181,"model average"
100,100,42.1515151515151,1.10198685914946,"model average"
100,100,42.4343434343434,0.948881825475222,"model average"
100,100,42.7171717171717,0.797411272893971,"model average"
100,100,43,0.6528287443139,"model average"
102,10,15,0.809758522389604,"model average"
102,10,15.2828282828283,0.829004665035522,"model average"
102,10,15.5656565656566,0.848291869767348,"model average"
102,10,15.8484848484848,0.867596595680042,"model average"
102,10,16.1313131313131,0.886894604095408,"model average"
102,10,16.4141414141414,0.906152049640919,"model average"
102,10,16.6969696969697,0.925327794746148,"model average"
102,10,16.979797979798,0.944394665171283,"model average"
102,10,17.2626262626263,0.963325226490204,"model average"
102,10,17.5454545454545,0.982091603937854,"model average"
102,10,17.8282828282828,1.00066554846568,"model average"
102,10,18.1111111111111,1.01901850577956,"model average"
102,10,18.3939393939394,1.03712168809005,"model average"
102,10,18.6767676767677,1.05494614828263,"model average"
102,10,18.959595959596,1.07246285619486,"model average"
102,10,19.2424242424242,1.08964277666841,"model average"
102,10,19.5252525252525,1.10645694902614,"model average"
102,10,19.8080808080808,1.12287656760935,"model average"
102,10,20.0909090909091,1.13887306299639,"model average"
102,10,20.3737373737374,1.15441818351283,"model average"
102,10,20.6565656565657,1.16948407663446,"model average"
102,10,20.9393939393939,1.18404336987762,"model average"
102,10,21.2222222222222,1.19806925076762,"model average"
102,10,21.5050505050505,1.21153554547438,"model average"
102,10,21.7878787878788,1.22441679570584,"model average"
102,10,22.0707070707071,1.23668833345338,"model average"
102,10,22.3535353535354,1.24832635319028,"model average"
102,10,22.6363636363636,1.25930798113319,"model average"
102,10,22.9191919191919,1.26961134118897,"model average"
102,10,23.2020202020202,1.27921561722306,"model average"
102,10,23.4848484848485,1.28810111130321,"model average"
102,10,23.7676767676768,1.29624929759126,"model average"
102,10,24.0505050505051,1.3036428715776,"model average"
102,10,24.3333333333333,1.31026579437675,"model average"
102,10,24.6161616161616,1.31610333182832,"model average"
102,10,24.8989898989899,1.32114208817527,"model average"
102,10,25.1818181818182,1.32537003412068,"model average"
102,10,25.4646464646465,1.32877652909524,"model average"
102,10,25.7474747474747,1.33135233759913,"model average"
102,10,26.030303030303,1.33308963951564,"model average"
102,10,26.3131313131313,1.33398203432704,"model average"
102,10,26.5959595959596,1.3340245391979,"model average"
102,10,26.8787878787879,1.33321358092536,"model average"
102,10,27.1616161616162,1.33154698179081,"model average"
102,10,27.4444444444444,1.32902393938151,"model average"
102,10,27.7272727272727,1.3256450004849,"model average"
102,10,28.010101010101,1.32141202919168,"model average"
102,10,28.2929292929293,1.31632816937595,"model average"
102,10,28.5757575757576,1.31039780175219,"model average"
102,10,28.8585858585859,1.30362649573876,"model average"
102,10,29.1414141414141,1.29602095638587,"model average"
102,10,29.4242424242424,1.28758896665295,"model average"
102,10,29.7070707070707,1.27833932534493,"model average"
102,10,29.989898989899,1.26828178104013,"model average"
102,10,30.2727272727273,1.25742696236268,"model average"
102,10,30.5555555555556,1.24578630497152,"model average"
102,10,30.8383838383838,1.23337197565372,"model average"
102,10,31.1212121212121,1.22019679392406,"model average"
102,10,31.4040404040404,1.20627415154426,"model average"
102,10,31.6868686868687,1.19161793038447,"model average"
102,10,31.969696969697,1.17624241905656,"model average"
102,10,32.2525252525253,1.16016222875366,"model average"
102,10,32.5353535353535,1.14339220873289,"model average"
102,10,32.8181818181818,1.12594736187914,"model average"
102,10,33.1010101010101,1.10784276078694,"model average"
102,10,33.3838383838384,1.08909346479515,"model average"
102,10,33.6666666666667,1.06971443840587,"model average"
102,10,33.9494949494949,1.04972047151508,"model average"
102,10,34.2323232323232,1.02912610187851,"model average"
102,10,34.5151515151515,1.00794554023242,"model average"
102,10,34.7979797979798,0.986192598487285,"model average"
102,10,35.0808080808081,0.963880621411767,"model average"
102,10,35.3636363636364,0.941022422228612,"model average"
102,10,35.6464646464647,0.917630222552441,"model average"
102,10,35.9292929292929,0.893715597115668,"model average"
102,10,36.2121212121212,0.869289423754699,"model average"
102,10,36.4949494949495,0.844361839168283,"model average"
102,10,36.7777777777778,0.818942201018244,"model average"
102,10,37.0606060606061,0.793039057026804,"model average"
102,10,37.3434343434343,0.766660121843984,"model average"
102,10,37.6262626262626,0.739812262627054,"model average"
102,10,37.9090909090909,0.712501494511883,"model average"
102,10,38.1919191919192,0.684732987493264,"model average"
102,10,38.4747474747475,0.656511086713164,"model average"
102,10,38.7575757575758,0.627839348852492,"model average"
102,10,39.040404040404,0.598720598344454,"model average"
102,10,39.3232323232323,0.569157008656667,"model average"
102,10,39.6060606060606,0.539150216228203,"model average"
102,10,39.8888888888889,0.508701478322593,"model average"
102,10,40.1717171717172,0.477811892016617,"model average"
102,10,40.4545454545455,0.446482701574513,"model average"
102,10,40.7373737373737,0.414715739104773,"model average"
102,10,41.020202020202,0.382514076150961,"model average"
102,10,41.3030303030303,0.349883028766886,"model average"
102,10,41.5858585858586,0.316831798199142,"model average"
102,10,41.8686868686869,0.28337636311759,"model average"
102,10,42.1515151515151,0.249545161924787,"model average"
102,10,42.4343434343434,0.215392257200896,"model average"
102,10,42.7171717171717,0.181038158637056,"model average"
102,10,43,0.147002665685919,"model average"
102,100,15,1.57917719030808,"model average"
102,100,15.2828282828283,1.66579612129722,"model average"
102,100,15.5656565656566,1.75463484012148,"model average"
102,100,15.8484848484848,1.84564066935568,"model average"
102,100,16.1313131313131,1.93875245357051,"model average"
102,100,16.4141414141414,2.03390021529764,"model average"
102,100,16.6969696969697,2.13100484712422,"model average"
102,100,16.979797979798,2.2299778442524,"model average"
102,100,17.2626262626263,2.33072108174652,"model average"
102,100,17.5454545454545,2.43312664053015,"model average"
102,100,17.8282828282828,2.53707668598507,"model average"
102,100,18.1111111111111,2.6424434027451,"model average"
102,100,18.3939393939394,2.74908898896948,"model average"
102,100,18.6767676767677,2.85686571302426,"model average"
102,100,18.959595959596,2.96561603509777,"model average"
102,100,19.2424242424242,3.07517279582923,"model average"
102,100,19.5252525252525,3.18535947354233,"model average"
102,100,19.8080808080808,3.29599051114964,"model average"
102,100,20.0909090909091,3.40687171323553,"model average"
102,100,20.3737373737374,3.5178007132378,"model average"
102,100,20.6565656565657,3.62856751003776,"model average"
102,100,20.9393939393939,3.73891956910043,"model average"
102,100,21.2222222222222,3.84859507429245,"model average"
102,100,21.5050505050505,3.95736120269044,"model average"
102,100,21.7878787878788,4.06498017018461,"model average"
102,100,22.0707070707071,4.17121007839731,"model average"
102,100,22.3535353535354,4.27580581380231,"model average"
102,100,22.6363636363636,4.37851999361053,"model average"
102,100,22.9191919191919,4.47910395279091,"model average"
102,100,23.2020202020202,4.577308766077,"model average"
102,100,23.4848484848485,4.67288629833836,"model average"
102,100,23.7676767676768,4.76559027627671,"model average"
102,100,24.0505050505051,4.85517737404549,"model average"
102,100,24.3333333333333,4.94140830509524,"model average"
102,100,24.6161616161616,5.02404891231869,"model average"
102,100,24.8989898989899,5.1028712484146,"model average"
102,100,25.1818181818182,5.17765463831025,"model average"
102,100,25.4646464646465,5.24818671548238,"model average"
102,100,25.7474747474747,5.31426442409605,"model average"
102,100,26.030303030303,5.37569497904157,"model average"
102,100,26.3131313131313,5.43229677619073,"model average"
102,100,26.5959595959596,5.48390024551336,"model average"
102,100,26.8787878787879,5.53034864009202,"model average"
102,100,27.1616161616162,5.57149875454244,"model average"
102,100,27.4444444444444,5.60722156688648,"model average"
102,100,27.7272727272727,5.6374027985273,"model average"
102,100,28.010101010101,5.66194338763768,"model average"
102,100,28.2929292929293,5.68075987198474,"model average"
102,100,28.5757575757576,5.69378467797105,"model average"
102,100,28.8585858585859,5.70096631346471,"model average"
102,100,29.1414141414141,5.70226946281184,"model average"
102,100,29.4242424242424,5.69767498326432,"model average"
102,100,29.7070707070707,5.68717980290623,"model average"
102,100,29.989898989899,5.67079672101332,"model average"
102,100,30.2727272727273,5.64855411262415,"model average"
102,100,30.5555555555556,5.6204955399285,"model average"
102,100,30.8383838383838,5.5866792738814,"model average"
102,100,31.1212121212121,5.54717773022085,"model average"
102,100,31.4040404040404,5.50207682479603,"model average"
102,100,31.6868686868687,5.45147525379529,"model average"
102,100,31.969696969697,5.39548370509139,"model average"
102,100,32.2525252525253,5.33422400749205,"model average"
102,100,32.5353535353535,5.26782822519133,"model average"
102,100,32.8181818181818,5.19643770515994,"model average"
102,100,33.1010101010101,5.12020208558737,"model average"
102,100,33.3838383838384,5.03927827379653,"model average"
102,100,33.6666666666667,4.95382940229237,"model average"
102,100,33.9494949494949,4.86402377178377,"model average"
102,100,34.2323232323232,4.770033790136,"model average"
102,100,34.5151515151515,4.67203491627733,"model average"
102,100,34.7979797979798,4.57020461810621,"model average"
102,100,35.0808080808081,4.46472135343664,"model average"
102,100,35.3636363636364,4.35576358299551,"model average"
102,100,35.6464646464647,4.24350882446467,"model average"
102,100,35.9292929292929,4.12813275657021,"model average"
102,100,36.2121212121212,4.00980838229232,"model average"
102,100,36.4949494949495,3.88870526044671,"model average"
102,100,36.7777777777778,3.76498881522825,"model average"
102,100,37.0606060606061,3.63881973388906,"model average"
102,100,37.3434343434343,3.51035346365173,"model average"
102,100,37.6262626262626,3.37973982038673,"model average"
102,100,37.9090909090909,3.24712272372572,"model average"
102,100,38.1919191919192,3.11264007645893,"model average"
102,100,38.4747474747475,2.97642381075095,"model average"
102,100,38.7575757575758,2.83860013063899,"model average"
102,100,39.040404040404,2.6992899906075,"model average"
102,100,39.3232323232323,2.55860986563771,"model average"
102,100,39.6060606060606,2.41667289214436,"model average"
102,100,39.8888888888889,2.27359049705415,"model average"
102,100,40.1717171717172,2.12947469369259,"model average"
102,100,40.4545454545455,1.98444132643486,"model average"
102,100,40.7373737373737,1.83861472747054,"model average"
102,100,41.020202020202,1.6921345847873,"model average"
102,100,41.3030303030303,1.54516648349256,"model average"
102,100,41.5858585858586,1.39791900283467,"model average"
102,100,41.8686868686869,1.25067363251973,"model average"
102,100,42.1515151515151,1.10384306649144,"model average"
102,100,42.4343434343434,0.958104991682055,"model average"
102,100,42.7171717171717,0.814812033241604,"model average"
102,100,43,0.679231436894118,"model average"
103,10,15,0.752472500636398,"model average"
103,10,15.2828282828283,0.778244907879098,"model average"
103,10,15.5656565656566,0.804159071197654,"model average"
103,10,15.8484848484848,0.830174489705066,"model average"
103,10,16.1313131313131,0.856249070447328,"model average"
103,10,16.4141414141414,0.882339219377466,"model average"
103,10,16.6969696969697,0.908399943027843,"model average"
103,10,16.979797979798,0.934384960645198,"model average"
103,10,17.2626262626263,0.960246826473663,"model average"
103,10,17.5454545454545,0.985937061791638,"model average"
103,10,17.8282828282828,1.01140226797371,"model average"
103,10,18.1111111111111,1.03658777883803,"model average"
103,10,18.3939393939394,1.06144263983961,"model average"
103,10,18.6767676767677,1.08591547537341,"model average"
103,10,18.959595959596,1.10995465891186,"model average"
103,10,19.2424242424242,1.13350849092406,"model average"
103,10,19.5252525252525,1.15652538170793,"model average"
103,10,19.8080808080808,1.17895403818756,"model average"
103,10,20.0909090909091,1.20074365367997,"model average"
103,10,20.3737373737374,1.22184409959337,"model average"
103,10,20.6565656565657,1.24220611798431,"model average"
103,10,20.9393939393939,1.26178151387396,"model average"
103,10,21.2222222222222,1.28052334620497,"model average"
103,10,21.5050505050505,1.29838611630934,"model average"
103,10,21.7878787878788,1.31532595275593,"model average"
103,10,22.0707070707071,1.33130079145282,"model average"
103,10,22.3535353535354,1.34627054989523,"model average"
103,10,22.6363636363636,1.36019729447421,"model average"
103,10,22.9191919191919,1.37304539979444,"model average"
103,10,23.2020202020202,1.38478169899124,"model average"
103,10,23.4848484848485,1.39537562408704,"model average"
103,10,23.7676767676768,1.40479933548567,"model average"
103,10,24.0505050505051,1.41302783976858,"model average"
103,10,24.3333333333333,1.42003909502988,"model average"
103,10,24.6161616161616,1.42581410306635,"model average"
103,10,24.8989898989899,1.43033698782401,"model average"
103,10,25.1818181818182,1.43359505959291,"model average"
103,10,25.4646464646465,1.435578864537,"model average"
103,10,25.7474747474747,1.43628221924411,"model average"
103,10,26.030303030303,1.43570223008259,"model average"
103,10,26.3131313131313,1.43383929725432,"model average"
103,10,26.5959595959596,1.43069710353818,"model average"
103,10,26.8787878787879,1.42628258782239,"model average"
103,10,27.1616161616162,1.42060590362818,"model average"
103,10,27.4444444444444,1.41368036292927,"model average"
103,10,27.7272727272727,1.40552236567135,"model average"
103,10,28.010101010101,1.39615131549242,"model average"
103,10,28.2929292929293,1.38558952223684,"model average"
103,10,28.5757575757576,1.3738620919439,"model average"
103,10,28.8585858585859,1.36099680507343,"model average"
103,10,29.1414141414141,1.34702398380681,"model average"
103,10,29.4242424242424,1.33197634933116,"model average"
103,10,29.7070707070707,1.31588887007584,"model average"
103,10,29.989898989899,1.29879860192546,"model average"
103,10,30.2727272727273,1.28074452147903,"model average"
103,10,30.5555555555556,1.26176735346392,"model average"
103,10,30.8383838383838,1.24190939344268,"model average"
103,10,31.1212121212121,1.22121432697248,"model average"
103,10,31.4040404040404,1.19972704639026,"model average"
103,10,31.6868686868687,1.17749346640187,"model average"
103,10,31.969696969697,1.1545603396508,"model average"
103,10,32.2525252525253,1.13097507343214,"model average"
103,10,32.5353535353535,1.10678554870022,"model average"
103,10,32.8181818181818,1.0820399424952,"model average"
103,10,33.1010101010101,1.05678655488455,"model average"
103,10,33.3838383838384,1.03107364148197,"model average"
103,10,33.6666666666667,1.00494925256836,"model average"
103,10,33.9494949494949,0.978461079799265,"model average"
103,10,34.2323232323232,0.951656311441868,"model average"
103,10,34.5151515151515,0.924581497043029,"model average"
103,10,34.7979797979798,0.897282422390714,"model average"
103,10,35.0808080808081,0.869803995596067,"model average"
103,10,35.3636363636364,0.842190145095096,"model average"
103,10,35.6464646464647,0.814483730350637,"model average"
103,10,35.9292929292929,0.786726466030907,"model average"
103,10,36.2121212121212,0.758958860455536,"model average"
103,10,36.4949494949495,0.731220169140047,"model average"
103,10,36.7777777777778,0.703548364343851,"model average"
103,10,37.0606060606061,0.675980121646619,"model average"
103,10,37.3434343434343,0.64855082475913,"model average"
103,10,37.6262626262626,0.62129459003961,"model average"
103,10,37.9090909090909,0.594244312566815,"model average"
103,10,38.1919191919192,0.567431736162269,"model average"
103,10,38.4747474747475,0.540887550524543,"model average"
103,10,38.7575757575758,0.514641519740677,"model average"
103,10,39.040404040404,0.488722648034079,"model average"
103,10,39.3232323232323,0.463159390948956,"model average"
103,10,39.6060606060606,0.437979923677008,"model average"
103,10,39.8888888888889,0.413212483614358,"model average"
103,10,40.1717171717172,0.388885812752878,"model average"
103,10,40.4545454545455,0.365029739486143,"model average"
103,10,40.7373737373737,0.341675963377491,"model average"
103,10,41.020202020202,0.318859149783879,"model average"
103,10,41.3030303030303,0.296618524878085,"model average"
103,10,41.5858585858586,0.275000336567954,"model average"
103,10,41.8686868686869,0.254061952365749,"model average"
103,10,42.1515151515151,0.233879444167406,"model average"
103,10,42.4343434343434,0.214564014636776,"model average"
103,10,42.7171717171717,0.196308549522474,"model average"
103,10,43,0.179680741166437,"model average"
103,100,15,1.62230734781715,"model average"
103,100,15.2828282828283,1.72464277068616,"model average"
103,100,15.5656565656566,1.82959505253888,"model average"
103,100,15.8484848484848,1.93708049030476,"model average"
103,100,16.1313131313131,2.047003456589,"model average"
103,100,16.4141414141414,2.15925600898225,"model average"
103,100,16.6969696969697,2.27371755991206,"model average"
103,100,16.979797979798,2.39025461300198,"model average"
103,100,17.2626262626263,2.50872057162513,"model average"
103,100,17.5454545454545,2.62895562498695,"model average"
103,100,17.8282828282828,2.75078671664467,"model average"
103,100,18.1111111111111,2.87402759987168,"model average"
103,100,18.3939393939394,2.99847898370469,"model average"
103,100,18.6767676767677,3.12392877287366,"model average"
103,100,18.959595959596,3.25015240411357,"model average"
103,100,19.2424242424242,3.37691328059757,"model average"
103,100,19.5252525252525,3.50396330542023,"model average"
103,100,19.8080808080808,3.63104351420366,"model average"
103,100,20.0909090909091,3.75788480600688,"model average"
103,100,20.3737373737374,3.88420877079861,"model average"
103,100,20.6565656565657,4.00972681828449,"model average"
103,100,20.9393939393939,4.13413386725881,"model average"
103,100,21.2222222222222,4.25712707446097,"model average"
103,100,21.5050505050505,4.37840021187211,"model average"
103,100,21.7878787878788,4.49764318120887,"model average"
103,100,22.0707070707071,4.61454333123428,"model average"
103,100,22.3535353535354,4.7287868334874,"model average"
103,100,22.6363636363636,4.84006010757802,"model average"
103,100,22.9191919191919,4.94805128650044,"model average"
103,100,23.2020202020202,5.05245171180655,"model average"
103,100,23.4848484848485,5.15295744795378,"model average"
103,100,23.7676767676768,5.24927080471494,"model average"
103,100,24.0505050505051,5.34110185621337,"model average"
103,100,24.3333333333333,5.42816994493292,"model average"
103,100,24.6161616161616,5.51020515895394,"model average"
103,100,24.8989898989899,5.58694977068673,"model average"
103,100,25.1818181818182,5.6581596255153,"model average"
103,100,25.4646464646465,5.72360546902662,"model average"
103,100,25.7474747474747,5.78307420188413,"model average"
103,100,26.030303030303,5.83637005190505,"model average"
103,100,26.3131313131313,5.8833156535166,"model average"
103,100,26.5959595959596,5.92375302548944,"model average"
103,100,26.8787878787879,5.95754443867235,"model average"
103,100,27.1616161616162,5.98457316636996,"model average"
103,100,27.4444444444444,6.00474411100788,"model average"
103,100,27.7272727272727,6.01798430180397,"model average"
103,100,28.010101010101,6.02424325930118,"model average"
103,100,28.2929292929293,6.02349322380202,"model average"
103,100,28.5757575757576,6.01572924596546,"model average"
103,100,28.8585858585859,6.0009691390697,"model average"
103,100,29.1414141414141,5.97925329369508,"model average"
103,100,29.4242424242424,5.95064435682611,"model average"
103,100,29.7070707070707,5.91522677859759,"model average"
103,100,29.989898989899,5.87310623110154,"model average"
103,100,30.2727272727273,5.82440890481843,"model average"
103,100,30.5555555555556,5.76928068932425,"model average"
103,100,30.8383838383838,5.70788624594372,"model average"
103,100,31.1212121212121,5.64040798095877,"model average"
103,100,31.4040404040404,5.56704492883205,"model average"
103,100,31.6868686868687,5.48801155565884,"model average"
103,100,31.969696969697,5.40353649371321,"model average"
103,100,32.2525252525253,5.31386121849867,"model average"
103,100,32.5353535353535,5.21923868014989,"model average"
103,100,32.8181818181818,5.11993190135741,"model average"
103,100,33.1010101010101,5.01621255420416,"model average"
103,100,33.3838383838384,4.90835952841332,"model average"
103,100,33.6666666666667,4.79665750351758,"model average"
103,100,33.9494949494949,4.6813955373776,"model average"
103,100,34.2323232323232,4.5628656833121,"model average"
103,100,34.5151515151515,4.44136164786676,"model average"
103,100,34.7979797979798,4.31717750095974,"model average"
103,100,35.0808080808081,4.19060644981625,"model average"
103,100,35.3636363636364,4.06193968776847,"model average"
103,100,35.6464646464647,3.93146532867612,"model average"
103,100,35.9292929292929,3.79946743745522,"model average"
103,100,36.2121212121212,3.66622516702825,"model average"
103,100,36.4949494949495,3.53201201198727,"model average"
103,100,36.7777777777778,3.39709518946125,"model average"
103,100,37.0606060606061,3.26173515819741,"model average"
103,100,37.3434343434343,3.12618528783161,"model average"
103,100,37.6262626262626,2.99069169191345,"model average"
103,100,37.9090909090909,2.85549324072125,"model average"
103,100,38.1919191919192,2.7208217736165,"model average"
103,100,38.4747474747475,2.58690253619316,"model average"
103,100,38.7575757575758,2.45395487560123,"model average"
103,100,39.040404040404,2.32219323946132,"model average"
103,100,39.3232323232323,2.1918285418103,"model average"
103,100,39.6060606060606,2.06306998695568,"model average"
103,100,39.8888888888889,1.9361274848235,"model average"
103,100,40.1717171717172,1.81121485975261,"model average"
103,100,40.4545454545455,1.68855416797689,"model average"
103,100,40.7373737373737,1.56838163478773,"model average"
103,100,41.020202020202,1.45095607831162,"model average"
103,100,41.3030303030303,1.33657137600715,"model average"
103,100,41.5858585858586,1.22557597391554,"model average"
103,100,41.8686868686869,1.11840578985655,"model average"
103,100,42.1515151515151,1.01564579883241,"model average"
103,100,42.4343434343434,0.918164800750377,"model average"
103,100,42.7171717171717,0.827502530357768,"model average"
103,100,43,0.748431556642069,"model average"
118,10,15,0.76879678424825,"model average"
118,10,15.2828282828283,0.787923576196384,"model average"
118,10,15.5656565656566,0.806958703767545,"model average"
118,10,15.8484848484848,0.825870167619337,"model average"
118,10,16.1313131313131,0.844625444881214,"model average"
118,10,16.4141414141414,0.863191310099749,"model average"
118,10,16.6969696969697,0.881525213090452,"model average"
118,10,16.979797979798,0.899588798259478,"model average"
118,10,17.2626262626263,0.917348025840207,"model average"
118,10,17.5454545454545,0.93476881555856,"model average"
118,10,17.8282828282828,0.951817153912532,"model average"
118,10,18.1111111111111,0.968459203541183,"model average"
118,10,18.3939393939394,0.984661414168389,"model average"
118,10,18.6767676767677,1.0003906345867,"model average"
118,10,18.959595959596,1.01561422513002,"model average"
118,10,19.2424242424242,1.03030017007059,"model average"
118,10,19.5252525252525,1.04441718936616,"model average"
118,10,19.8080808080808,1.05793484917734,"model average"
118,10,20.0909090909091,1.07082367057322,"model average"
118,10,20.3737373737374,1.08305523584503,"model average"
118,10,20.6565656565657,1.09460229185387,"model average"
118,10,20.9393939393939,1.10543884984808,"model average"
118,10,21.2222222222222,1.11554028119993,"model average"
118,10,21.5050505050505,1.12488340852902,"model average"
118,10,21.7878787878788,1.13344659170138,"model average"
118,10,22.0707070707071,1.14120980821858,"model average"
118,10,22.3535353535354,1.14815472754017,"model average"
118,10,22.6363636363636,1.15426477891474,"model average"
118,10,22.9191919191919,1.1595252123307,"model average"
118,10,23.2020202020202,1.16392315223565,"model average"
118,10,23.4848484848485,1.16744764371481,"model average"
118,10,23.7676767676768,1.17008969086164,"model average"
118,10,24.0505050505051,1.1718422871195,"model average"
118,10,24.3333333333333,1.17270043742008,"model average"
118,10,24.6161616161616,1.1726611719927,"model average"
118,10,24.8989898989899,1.17172355176784,"model average"
118,10,25.1818181818182,1.16988866534836,"model average"
118,10,25.4646464646465,1.16715961757192,"model average"
118,10,25.7474747474747,1.16354150973817,"model average"
118,10,26.030303030303,1.15904141162389,"model average"
118,10,26.3131313131313,1.15366832545782,"model average"
118,10,26.5959595959596,1.14743314207428,"model average"
118,10,26.8787878787879,1.14034858951053,"model average"
118,10,27.1616161616162,1.13242917435668,"model average"
118,10,27.4444444444444,1.12369111620846,"model average"
118,10,27.7272727272727,1.11415227561243,"model average"
118,10,28.010101010101,1.10383207592909,"model average"
118,10,28.2929292929293,1.09275141957307,"model average"
118,10,28.5757575757576,1.08093259911894,"model average"
118,10,28.8585858585859,1.06839920378817,"model average"
118,10,29.1414141414141,1.05517602185529,"model average"
118,10,29.4242424242424,1.04128893953052,"model average"
118,10,29.7070707070707,1.02676483689187,"model average"
118,10,29.989898989899,1.01163148145059,"model average"
118,10,30.2727272727273,0.995917419942257,"model average"
118,10,30.5555555555556,0.97965186893911,"model average"
118,10,30.8383838383838,0.962864604879752,"model average"
118,10,31.1212121212121,0.945585854108625,"model average"
118,10,31.4040404040404,0.92784618351084,"model average"
118,10,31.6868686868687,0.909676392317564,"model average"
118,10,31.969696969697,0.891107405643829,"model average"
118,10,32.2525252525253,0.872170170304461,"model average"
118,10,32.5353535353535,0.85289555343504,"model average"
118,10,32.8181818181818,0.833314244423968,"model average"
118,10,33.1010101010101,0.813456660638929,"model average"
118,10,33.3838383838384,0.793352857407007,"model average"
118,10,33.6666666666667,0.773032442682659,"model average"
118,10,33.9494949494949,0.752524496812464,"model average"
118,10,34.2323232323232,0.731857497780438,"model average"
118,10,34.5151515151515,0.711059252293593,"model average"
118,10,34.7979797979798,0.690156833045031,"model average"
118,10,35.0808080808081,0.669176522472211,"model average"
118,10,35.3636363636364,0.648143763312158,"model average"
118,10,35.6464646464647,0.627083116244655,"model average"
118,10,35.9292929292929,0.606018224910516,"model average"
118,10,36.2121212121212,0.584971788596785,"model average"
118,10,36.4949494949495,0.563965542896674,"model average"
118,10,36.7777777777778,0.54302024868212,"model average"
118,10,37.0606060606061,0.522155689774895,"model average"
118,10,37.3434343434343,0.501390679772545,"model average"
118,10,37.6262626262626,0.480743078583586,"model average"
118,10,37.9090909090909,0.460229819358371,"model average"
118,10,38.1919191919192,0.439866946674209,"model average"
118,10,38.4747474747475,0.419669667051294,"model average"
118,10,38.7575757575758,0.399652413142109,"model average"
118,10,39.040404040404,0.379828923246241,"model average"
118,10,39.3232323232323,0.360212338134412,"model average"
118,10,39.6060606060606,0.34081531747197,"model average"
118,10,39.8888888888889,0.321650178318754,"model average"
118,10,40.1717171717172,0.302729058089338,"model average"
118,10,40.4545454545455,0.284064103761091,"model average"
118,10,40.7373737373737,0.26566768783043,"model average"
118,10,41.020202020202,0.247552649865217,"model average"
118,10,41.3030303030303,0.229732563060085,"model average"
118,10,41.5858585858586,0.212222038898644,"model average"
118,10,41.8686868686869,0.195037151253415,"model average"
118,10,42.1515151515151,0.178196344752474,"model average"
118,10,42.4343434343434,0.161723404402658,"model average"
118,10,42.7171717171717,0.145660497798206,"model average"
118,10,43,0.13018273364972,"model average"
118,100,15,1.50056356696079,"model average"
118,100,15.2828282828283,1.58135949665677,"model average"
118,100,15.5656565656566,1.66421254293195,"model average"
118,100,15.8484848484848,1.74899500847073,"model average"
118,100,16.1313131313131,1.83556434815593,"model average"
118,100,16.4141414141414,1.92376322155264,"model average"
118,100,16.6969696969697,2.0134196531461,"model average"
118,100,16.979797979798,2.10434730431203,"model average"
118,100,17.2626262626263,2.1963458600817,"model average"
118,100,17.5454545454545,2.28920153277007,"model average"
118,100,17.8282828282828,2.38268768347037,"model average"
118,100,18.1111111111111,2.47656556129506,"model average"
118,100,18.3939393939394,2.5705851590713,"model average"
118,100,18.6767676767677,2.66448618299208,"model average"
118,100,18.959595959596,2.75799913249688,"model average"
118,100,19.2424242424242,2.85084648542123,"model average"
118,100,19.5252525252525,2.94274398222989,"model average"
118,100,19.8080808080808,3.03340200194809,"model average"
118,100,20.0909090909091,3.12252702124691,"model average"
118,100,20.3737373737374,3.20982314703685,"model average"
118,100,20.6565656565657,3.29499371189543,"model average"
118,100,20.9393939393939,3.37774270357433,"model average"
118,100,21.2222222222222,3.45777586581459,"model average"
118,100,21.5050505050505,3.53480407069109,"model average"
118,100,21.7878787878788,3.60854430629233,"model average"
118,100,22.0707070707071,3.67872127216994,"model average"
118,100,22.3535353535354,3.74506908288819,"model average"
118,100,22.6363636363636,3.80733294000285,"model average"
118,100,22.9191919191919,3.86527075781602,"model average"
118,100,23.2020202020202,3.91865472843086,"model average"
118,100,23.4848484848485,3.96727281197347,"model average"
118,100,23.7676767676768,4.01093013835539,"model average"
118,100,24.0505050505051,4.04945030761686,"model average"
118,100,24.3333333333333,4.08267657671097,"model average"
118,100,24.6161616161616,4.11047292155479,"model average"
118,100,24.8989898989899,4.13272496427451,"model average"
118,100,25.1818181818182,4.14934075679514,"model average"
118,100,25.4646464646465,4.16025141325786,"model average"
118,100,25.7474747474747,4.1654115851725,"model average"
118,100,26.030303030303,4.1647997747135,"model average"
118,100,26.3131313131313,4.15841848312451,"model average"
118,100,26.5959595959596,4.1462941927921,"model average"
118,100,26.8787878787879,4.12847718316214,"model average"
118,100,27.1616161616162,4.1050411822831,"model average"
118,100,27.4444444444444,4.07608285734929,"model average"
118,100,27.7272727272727,4.04172114916354,"model average"
118,100,28.010101010101,4.00209645692471,"model average"
118,100,28.2929292929293,3.95736968115153,"model average"
118,100,28.5757575757576,3.90772113386457,"model average"
118,100,28.8585858585859,3.85334932634662,"model average"
118,100,29.1414141414141,3.7944696458746,"model average"
118,100,29.4242424242424,3.73131293375154,"model average"
118,100,29.7070707070707,3.66412397775479,"model average"
118,100,29.989898989899,3.59315993274943,"model average"
118,100,30.2727272727273,3.51868868368717,"model average"
118,100,30.5555555555556,3.44098716551868,"model average"
118,100,30.8383838383838,3.36033965468959,"model average"
118,100,31.1212121212121,3.27703604686908,"model average"
118,100,31.4040404040404,3.1913701353784,"model average"
118,100,31.6868686868687,3.10363790445026,"model average"
118,100,31.969696969697,3.01413585096733,"model average"
118,100,32.2525252525253,2.92315934770745,"model average"
118,100,32.5353535353535,2.83100106037638,"model average"
118,100,32.8181818181818,2.73794942984861,"model average"
118,100,33.1010101010101,2.64428723007653,"model average"
118,100,33.3838383838384,2.55029021108241,"model average"
118,100,33.6666666666667,2.45622583533285,"model average"
118,100,33.9494949494949,2.36235211462609,"model average"
118,100,34.2323232323232,2.26891655341579,"model average"
118,100,34.5151515151515,2.176155203267,"model average"
118,100,34.7979797979798,2.08429183190575,"model average"
118,100,35.0808080808081,1.99353720909917,"model average"
118,100,35.3636363636364,1.90408851040308,"model average"
118,100,35.6464646464647,1.81612883865098,"model average"
118,100,35.9292929292929,1.72982686194695,"model average"
118,100,36.2121212121212,1.64533656587402,"model average"
118,100,36.4949494949495,1.562797116652,"model average"
118,100,36.7777777777778,1.48233283108039,"model average"
118,100,37.0606060606061,1.40405324829234,"model average"
118,100,37.3434343434343,1.32805329762863,"model average"
118,100,37.6262626262626,1.25441355632138,"model average"
118,100,37.9090909090909,1.18320059015781,"model average"
118,100,38.1919191919192,1.114467369876,"model average"
118,100,38.4747474747475,1.04825375572692,"model average"
118,100,38.7575757575758,0.984587042418348,"model average"
118,100,39.040404040404,0.923482556533628,"model average"
118,100,39.3232323232323,0.864944298487506,"model average"
118,100,39.6060606060606,0.808965621137134,"model average"
118,100,39.8888888888889,0.755529937302913,"model average"
118,100,40.1717171717172,0.704611448663594,"model average"
118,100,40.4545454545455,0.656175888765281,"model average"
118,100,40.7373737373737,0.610181273214511,"model average"
118,100,41.020202020202,0.566578650500001,"model average"
118,100,41.3030303030303,0.52531284728753,"model average"
118,100,41.5858585858586,0.486323202425195,"model average"
118,100,41.8686868686869,0.449544284201477,"model average"
118,100,42.1515151515151,0.414906585359524,"model average"
118,100,42.4343434343434,0.382337188889021,"model average"
118,100,42.7171717171717,0.351760387435369,"model average"
118,100,43,0.323098009774175,"model average"
128,10,15,1.07235658464704,"model average"
128,10,15.2828282828283,1.11146128851329,"model average"
128,10,15.5656565656566,1.15050347980832,"model average"
128,10,15.8484848484848,1.18938403695805,"model average"
128,10,16.1313131313131,1.22800103126836,"model average"
128,10,16.4141414141414,1.26625013983268,"model average"
128,10,16.6969696969697,1.30402508862672,"model average"
128,10,16.979797979798,1.34121812333599,"model average"
128,10,17.2626262626263,1.37772050513135,"model average"
128,10,17.5454545454545,1.41342302829561,"model average"
128,10,17.8282828282828,1.4482165563144,"model average"
128,10,18.1111111111111,1.48199257278198,"model average"
128,10,18.3939393939394,1.51464374323969,"model average"
128,10,18.6767676767677,1.54606362165817,"model average"
128,10,18.959595959596,1.57614799044033,"model average"
128,10,19.2424242424242,1.60479646492108,"model average"
128,10,19.5252525252525,1.63191211571511,"model average"
128,10,19.8080808080808,1.65740202088423,"model average"
128,10,20.0909090909091,1.68117780347533,"model average"
128,10,20.3737373737374,1.70315614950727,"model average"
128,10,20.6565656565657,1.72325930209863,"model average"
128,10,20.9393939393939,1.74141552757761,"model average"
128,10,21.2222222222222,1.75755954960828,"model average"
128,10,21.5050505050505,1.77163294760491,"model average"
128,10,21.7878787878788,1.78358451598381,"model average"
128,10,22.0707070707071,1.79337058111853,"model average"
128,10,22.3535353535354,1.80095527321578,"model average"
128,10,22.6363636363636,1.80631075071219,"model average"
128,10,22.9191919191919,1.80941737520209,"model average"
128,10,23.2020202020202,1.81026383533895,"model average"
128,10,23.4848484848485,1.80884721860374,"model average"
128,10,23.7676767676768,1.80517303029636,"model average"
128,10,24.0505050505051,1.79925515957677,"model average"
128,10,24.3333333333333,1.79111579285474,"model average"
128,10,24.6161616161616,1.78078527529643,"model average"
128,10,24.8989898989899,1.76830192167578,"model average"
128,10,25.1818181818182,1.75371177824499,"model average"
128,10,25.4646464646465,1.73706833772551,"model average"
128,10,25.7474747474747,1.71843220992374,"model average"
128,10,26.030303030303,1.69787075085072,"model average"
128,10,26.3131313131313,1.67545765356738,"model average"
128,10,26.5959595959596,1.65127250428304,"model average"
128,10,26.8787878787879,1.62540030750259,"model average"
128,10,27.1616161616162,1.59793098424257,"model average"
128,10,27.4444444444444,1.56895884751861,"model average"
128,10,27.7272727272727,1.53858205944299,"model average"
128,10,28.010101010101,1.50690207436131,"model average"
128,10,28.2929292929293,1.47402307250146,"model average"
128,10,28.5757575757576,1.44005138860616,"model average"
128,10,28.8585858585859,1.40509493997295,"model average"
128,10,29.1414141414141,1.369262658235,"model average"
128,10,29.4242424242424,1.33266392908347,"model average"
128,10,29.7070707070707,1.2954080439604,"model average"
128,10,29.989898989899,1.25760366754317,"model average"
128,10,30.2727272727273,1.21935832460008,"model average"
128,10,30.5555555555556,1.18077790952631,"model average"
128,10,30.8383838383838,1.14196622157283,"model average"
128,10,31.1212121212121,1.10302452846344,"model average"
128,10,31.4040404040404,1.06405116075961,"model average"
128,10,31.6868686868687,1.02514113898511,"model average"
128,10,31.969696969697,0.986385835165406,"model average"
128,10,32.2525252525253,0.947872670076118,"model average"
128,10,32.5353535353535,0.90968484713324,"model average"
128,10,32.8181818181818,0.871901123501098,"model average"
128,10,33.1010101010101,0.834595618644209,"model average"
128,10,33.3838383838384,0.797837660211334,"model average"
128,10,33.6666666666667,0.761691666816556,"model average"
128,10,33.9494949494949,0.72621706697657,"model average"
128,10,34.2323232323232,0.691468253177908,"model average"
128,10,34.5151515151515,0.657494569785034,"model average"
128,10,34.7979797979798,0.624340333261791,"model average"
128,10,35.0808080808081,0.592044882966105,"model average"
128,10,35.3636363636364,0.560642660592249,"model average"
128,10,35.6464646464647,0.530163316176767,"model average"
128,10,35.9292929292929,0.500631838453854,"model average"
128,10,36.2121212121212,0.472068707243063,"model average"
128,10,36.4949494949495,0.444490065476329,"model average"
128,10,36.7777777777778,0.417907908421205,"model average"
128,10,37.0606060606061,0.39233028763163,"model average"
128,10,37.3434343434343,0.367761527154403,"model average"
128,10,37.6262626262626,0.344202449536471,"model average"
128,10,37.9090909090909,0.321650609211988,"model average"
128,10,38.1919191919192,0.300100530894729,"model average"
128,10,38.4747474747475,0.27954395065569,"model average"
128,10,38.7575757575758,0.259970057419789,"model average"
128,10,39.040404040404,0.241365732659025,"model average"
128,10,39.3232323232323,0.22371578607569,"model average"
128,10,39.6060606060606,0.207003185032471,"model average"
128,10,39.8888888888889,0.191209275354466,"model average"
128,10,40.1717171717172,0.176313990830202,"model average"
128,10,40.4545454545455,0.162296048152558,"model average"
128,10,40.7373737373737,0.149133122949362,"model average"
128,10,41.020202020202,0.136802000563176,"model average"
128,10,41.3030303030303,0.125278691605097,"model average"
128,10,41.5858585858586,0.114538495543375,"model average"
128,10,41.8686868686869,0.104555982484708,"model average"
128,10,42.1515151515151,0.0953048359697408,"model average"
128,10,42.4343434343434,0.0867574340901775,"model average"
128,10,42.7171717171717,0.0788838391935313,"model average"
128,10,43,0.0716484959172453,"model average"
128,100,15,0.938804075165688,"model average"
128,100,15.2828282828283,1.01896284017184,"model average"
128,100,15.5656565656566,1.10383581261887,"model average"
128,100,15.8484848484848,1.19347479361629,"model average"
128,100,16.1313131313131,1.28790715521493,"model average"
128,100,16.4141414141414,1.38713363779236,"model average"
128,100,16.6969696969697,1.49112623770874,"model average"
128,100,16.979797979798,1.59982621773937,"model average"
128,100,17.2626262626263,1.7131422736068,"model average"
128,100,17.5454545454545,1.83094889028296,"model average"
128,100,17.8282828282828,1.95308492156712,"model average"
128,100,18.1111111111111,2.07935242573439,"model average"
128,100,18.3939393939394,2.20951578876537,"model average"
128,100,18.6767676767677,2.34330116479333,"model average"
128,100,18.959595959596,2.48039626093495,"model average"
128,100,19.2424242424242,2.62045049060853,"model average"
128,100,19.5252525252525,2.76307551580796,"model average"
128,100,19.8080808080808,2.90784619461989,"model average"
128,100,20.0909090909091,3.05430194558869,"model average"
128,100,20.3737373737374,3.20194853540297,"model average"
128,100,20.6565656565657,3.35026029086527,"model average"
128,100,20.9393939393939,3.49868273029074,"model average"
128,100,21.2222222222222,3.6466356014057,"model average"
128,100,21.5050505050505,3.79351622813639,"model average"
128,100,21.7878787878788,3.93870343518861,"model average"
128,100,22.0707070707071,4.08156169472557,"model average"
128,100,22.3535353535354,4.22144552287385,"model average"
128,100,22.6363636363636,4.3577041855268,"model average"
128,100,22.9191919191919,4.48968662147693,"model average"
128,100,23.2020202020202,4.61674653244607,"model average"
128,100,23.4848484848485,4.73824758561885,"model average"
128,100,23.7676767676768,4.85356867104494,"model average"
128,100,24.0505050505051,4.96210915383871,"model average"
128,100,24.3333333333333,5.06329405953715,"model average"
128,100,24.6161616161616,5.15657913032995,"model average"
128,100,24.8989898989899,5.24145569018363,"model average"
128,100,25.1818181818182,5.31745525816186,"model average"
128,100,25.4646464646465,5.38415385149449,"model average"
128,100,25.7474747474747,5.44117592314837,"model average"
128,100,26.030303030303,5.48819788276377,"model average"
128,100,26.3131313131313,5.52495115478387,"model average"
128,100,26.5959595959596,5.55122473334624,"model average"
128,100,26.8787878787879,5.56686719993335,"model average"
128,100,27.1616161616162,5.57178817678856,"model average"
128,100,27.4444444444444,5.56595919657771,"model average"
128,100,27.7272727272727,5.54941397658693,"model average"
128,100,28.010101010101,5.52224809375993,"model average"
128,100,28.2929292929293,5.48461806495543,"model average"
128,100,28.5757575757576,5.43673984480621,"model average"
128,100,28.8585858585859,5.37888676134841,"model average"
128,100,29.1414141414141,5.31138691702857,"model average"
128,100,29.4242424242424,5.2346200896608,"model average"
128,100,29.7070707070707,5.14901417427989,"model average"
128,100,29.989898989899,5.05504121251523,"model average"
128,100,30.2727272727273,4.95321306100424,"model average"
128,100,30.5555555555556,4.84407675439983,"model average"
128,100,30.8383838383838,4.72820962164717,"model average"
128,100,31.1212121212121,4.60621421637418,"model average"
128,100,31.4040404040404,4.47871312343759,"model average"
128,100,31.6868686868687,4.34634370389227,"model average"
128,100,31.969696969697,4.20975283992538,"model average"
128,100,32.2525252525253,4.06959173965272,"model average"
128,100,32.5353535353535,3.92651085916724,"model average"
128,100,32.8181818181818,3.78115499592498,"model average"
128,100,33.1010101010101,3.63415860353295,"model average"
128,100,33.3838383838384,3.48614137335845,"model average"
128,100,33.6666666666667,3.33770412320996,"model average"
128,100,33.9494949494949,3.18942502775356,"model average"
128,100,34.2323232323232,3.04185621943555,"model average"
128,100,34.5151515151515,2.89552078259506,"model average"
128,100,34.7979797979798,2.75091015727979,"model average"
128,100,35.0808080808081,2.60848196313341,"model average"
128,100,35.3636363636364,2.46865824770562,"model average"
128,100,35.6464646464647,2.33182415774287,"model average"
128,100,35.9292929292929,2.19832702653496,"model average"
128,100,36.2121212121212,2.0684758652973,"model average"
128,100,36.4949494949495,1.94254124192661,"model average"
128,100,36.7777777777778,1.82075552633154,"model average"
128,100,37.0606060606061,1.70331347795164,"model average"
128,100,37.3434343434343,1.59037314806578,"model average"
128,100,37.6262626262626,1.48205706707093,"model average"
128,100,37.9090909090909,1.37845368508857,"model average"
128,100,38.1919191919192,1.2796190330206,"model average"
128,100,38.4747474747475,1.18557857051333,"model average"
128,100,38.7575757575758,1.09632918716733,"model average"
128,100,39.040404040404,1.01184132371966,"model average"
128,100,39.3232323232323,0.93206118077842,"model average"
128,100,39.6060606060606,0.856912983960943,"model average"
128,100,39.8888888888889,0.786301275922904,"model average"
128,100,40.1717171717172,0.720113207710592,"model average"
128,100,40.4545454545455,0.658220804064692,"model average"
128,100,40.7373737373737,0.600483179691435,"model average"
128,100,41.020202020202,0.546748686034577,"model average"
128,100,41.3030303030303,0.496856970661683,"model average"
128,100,41.5858585858586,0.450640933935293,"model average"
128,100,41.8686868686869,0.407928570026034,"model average"
128,100,42.1515151515151,0.368544681152655,"model average"
128,100,42.4343434343434,0.332312453655307,"model average"
128,100,42.7171717171717,0.299054872096214,"model average"
128,100,43,0.268595637371103,"model average"
140,10,15,0.87221378200561,"model average"
140,10,15.2828282828283,0.889923360516527,"model average"
140,10,15.5656565656566,0.907160331408871,"model average"
140,10,15.8484848484848,0.923883168213738,"model average"
140,10,16.1313131313131,0.940050987085942,"model average"
140,10,16.4141414141414,0.955623711587073,"model average"
140,10,16.6969696969697,0.970562237014055,"model average"
140,10,16.979797979798,0.984828102160383,"model average"
140,10,17.2626262626263,0.998380271477311,"model average"
140,10,17.5454545454545,1.01118249148053,"model average"
140,10,17.8282828282828,1.02320114061224,"model average"
140,10,18.1111111111111,1.03440434977419,"model average"
140,10,18.3939393939394,1.04476214353146,"model average"
140,10,18.6767676767677,1.0542465741678,"model average"
140,10,18.959595959596,1.06283184772681,"model average"
140,10,19.2424242424242,1.07049444121829,"model average"
140,10,19.5252525252525,1.07721321022074,"model average"
140,10,19.8080808080808,1.08296948616912,"model average"
140,10,20.0909090909091,1.08774716268135,"model average"
140,10,20.3737373737374,1.09153277034679,"model average"
140,10,20.6565656565657,1.09431553947423,"model average"
140,10,20.9393939393939,1.09608745037644,"model average"
140,10,21.2222222222222,1.09684327085053,"model average"
140,10,21.5050505050505,1.09658058059909,"model average"
140,10,21.7878787878788,1.09529978242479,"model average"
140,10,22.0707070707071,1.09300410012053,"model average"
140,10,22.3535353535354,1.08969956306683,"model average"
140,10,22.6363636363636,1.08539497763816,"model average"
140,10,22.9191919191919,1.08010188560881,"model average"
140,10,23.2020202020202,1.07383450983587,"model average"
140,10,23.4848484848485,1.06660968758227,"model average"
140,10,23.7676767676768,1.0584467919239,"model average"
140,10,24.0505050505051,1.04936764176313,"model average"
140,10,24.3333333333333,1.03939640104424,"model average"
140,10,24.6161616161616,1.02855946783468,"model average"
140,10,24.8989898989899,1.01688535399849,"model average"
140,10,25.1818181818182,1.00440455624495,"model average"
140,10,25.4646464646465,0.991149419385206,"model average"
140,10,25.7474747474747,0.97715399267284,"model average"
140,10,26.030303030303,0.962453880139799,"model average"
140,10,26.3131313131313,0.947086085867585,"model average"
140,10,26.5959595959596,0.931088855154177,"model average"
140,10,26.8787878787879,0.914501512550161,"model average"
140,10,27.1616161616162,0.89736429774287,"model average"
140,10,27.4444444444444,0.879718200265027,"model average"
140,10,27.7272727272727,0.86160479399466,"model average"
140,10,28.010101010101,0.843066072396085,"model average"
140,10,28.2929292929293,0.824144285427798,"model average"
140,10,28.5757575757576,0.804881779012591,"model average"
140,10,28.8585858585859,0.785320837928416,"model average"
140,10,29.1414141414141,0.765503532936024,"model average"
140,10,29.4242424242424,0.745471572911543,"model average"
140,10,29.7070707070707,0.725266162699656,"model average"
140,10,29.989898989899,0.704927867346269,"model average"
140,10,30.2727272727273,0.684496483309249,"model average"
140,10,30.5555555555556,0.664010917182524,"model average"
140,10,30.8383838383838,0.643509072403113,"model average"
140,10,31.1212121212121,0.623027744343318,"model average"
140,10,31.4040404040404,0.602602524121707,"model average"
140,10,31.6868686868687,0.582267711397554,"model average"
140,10,31.969696969697,0.562056236344387,"model average"
140,10,32.2525252525253,0.541999590930095,"model average"
140,10,32.5353535353535,0.522127769563916,"model average"
140,10,32.8181818181818,0.50246921910536,"model average"
140,10,33.1010101010101,0.483050798166961,"model average"
140,10,33.3838383838384,0.463897745582335,"model average"
140,10,33.6666666666667,0.445033657853545,"model average"
140,10,33.9494949494949,0.426480475337806,"model average"
140,10,34.2323232323232,0.408258476883137,"model average"
140,10,34.5151515151515,0.390386282576187,"model average"
140,10,34.7979797979798,0.372880864223058,"model average"
140,10,35.0808080808081,0.355757563145819,"model average"
140,10,35.3636363636364,0.339030114843522,"model average"
140,10,35.6464646464647,0.322710680036809,"model average"
140,10,35.9292929292929,0.306809881589732,"model average"
140,10,36.2121212121212,0.291336846780722,"model average"
140,10,36.4949494949495,0.27629925437669,"model average"
140,10,36.7777777777778,0.261703385949381,"model average"
140,10,37.0606060606061,0.247554180860736,"model average"
140,10,37.3434343434343,0.233855294333188,"model average"
140,10,37.6262626262626,0.220609158010031,"model average"
140,10,37.9090909090909,0.20781704239819,"model average"
140,10,38.1919191919192,0.19547912056742,"model average"
140,10,38.4747474747475,0.183594532450989,"model average"
140,10,38.7575757575758,0.172161449044572,"model average"
140,10,39.040404040404,0.161177135718191,"model average"
140,10,39.3232323232323,0.150638013716924,"model average"
140,10,39.6060606060606,0.140539718689263,"model average"
140,10,39.8888888888889,0.130877154678534,"model average"
140,10,40.1717171717172,0.121644541323181,"model average"
140,10,40.4545454545455,0.112835450827586,"model average"
140,10,40.7373737373737,0.104442829219049,"model average"
140,10,41.020202020202,0.0964589928423929,"model average"
140,10,41.3030303030303,0.0888755847667569,"model average"
140,10,41.5858585858586,0.0816834645485351,"model average"
140,10,41.8686868686869,0.0748724841798122,"model average"
140,10,42.1515151515151,0.0684310634063306,"model average"
140,10,42.4343434343434,0.062345393651652,"model average"
140,10,42.7171717171717,0.0565978767835804,"model average"
140,10,43,0.0511631995716213,"model average"
140,100,15,1.37579189858021,"model average"
140,100,15.2828282828283,1.46022063714472,"model average"
140,100,15.5656565656566,1.54740406201117,"model average"
140,100,15.8484848484848,1.63722484183822,"model average"
140,100,16.1313131313131,1.72954594849752,"model average"
140,100,16.4141414141414,1.82421039843307,"model average"
140,100,16.6969696969697,1.92104114023844,"model average"
140,100,16.979797979798,2.01984109778527,"model average"
140,100,17.2626262626263,2.12039337700007,"model average"
140,100,17.5454545454545,2.22246164297825,"model average"
140,100,17.8282828282828,2.32579067255493,"model average"
140,100,18.1111111111111,2.43010708573635,"model average"
140,100,18.3939393939394,2.53512025755102,"model average"
140,100,18.6767676767677,2.64052340992593,"model average"
140,100,18.959595959596,2.74599488115383,"model average"
140,100,19.2424242424242,2.8511995684181,"model average"
140,100,19.5252525252525,2.9557905367092,"model average"
140,100,19.8080808080808,3.05941078533178,"model average"
140,100,20.0909090909091,3.1616951610928,"model average"
140,100,20.3737373737374,3.26227240521222,"model average"
140,100,20.6565656565657,3.36076731903837,"model average"
140,100,20.9393939393939,3.45680303181321,"model average"
140,100,21.2222222222222,3.55000316917687,"model average"
140,100,21.5050505050505,3.639994235086,"model average"
140,100,21.7878787878788,3.72640865750015,"model average"
140,100,22.0707070707071,3.80888690653772,"model average"
140,100,22.3535353535354,3.88707995610402,"model average"
140,100,22.6363636363636,3.96065173188907,"model average"
140,100,22.9191919191919,4.02928150885918,"model average"
140,100,23.2020202020202,4.09266623440646,"model average"
140,100,23.4848484848485,4.15052275367489,"model average"
140,100,23.7676767676768,4.2025899142397,"model average"
140,100,24.0505050505051,4.24863052827541,"model average"
140,100,24.3333333333333,4.28843317159786,"model average"
140,100,24.6161616161616,4.32181380049374,"model average"
140,100,24.8989898989899,4.34861716903916,"model average"
140,100,25.1818181818182,4.36871803163497,"model average"
140,100,25.4646464646465,4.38202211772357,"model average"
140,100,25.7474747474747,4.38846686807133,"model average"
140,100,26.030303030303,4.38802192456798,"model average"
140,100,26.3131313131313,4.38068936817496,"model average"
140,100,26.5959595959596,4.36650370241096,"model average"
140,100,26.8787878787879,4.34553158255593,"model average"
140,100,27.1616161616162,4.31787129354517,"model average"
140,100,27.4444444444444,4.28365198227375,"model average"
140,100,27.7272727272727,4.2430326526996,"model average"
140,100,28.010101010101,4.19620093468369,"model average"
140,100,28.2929292929293,4.14337163990303,"model average"
140,100,28.5757575757576,4.0847851203839,"model average"
140,100,28.8585858585859,4.02070544719915,"model average"
140,100,29.1414141414141,3.95141842862912,"model average"
140,100,29.4242424242424,3.8772294885788,"model average"
140,100,29.7070707070707,3.7984614272566,"model average"
140,100,29.989898989899,3.71545208704031,"model average"
140,100,30.2727272727273,3.62855194707469,"model average"
140,100,30.5555555555556,3.53812167046015,"model average"
140,100,30.8383838383838,3.44452962790417,"model average"
140,100,31.1212121212121,3.34814942142284,"model average"
140,100,31.4040404040404,3.2493574311098,"model average"
140,100,31.6868686868687,3.14853040714933,"model average"
140,100,31.969696969697,3.0460431281564,"model average"
140,100,32.2525252525253,2.94226614560389,"model average"
140,100,32.5353535353535,2.83756363256788,"model average"
140,100,32.8181818181818,2.73229135331614,"model average"
140,100,33.1010101010101,2.62679476840975,"model average"
140,100,33.3838383838384,2.52140728801563,"model average"
140,100,33.6666666666667,2.41644868406885,"model average"
140,100,33.9494949494949,2.31222366981015,"model average"
140,100,34.2323232323232,2.20902065308753,"model average"
140,100,34.5151515151515,2.10711066768095,"model average"
140,100,34.7979797979798,2.00674648481607,"model average"
140,100,35.0808080808081,1.90816190500313,"model average"
140,100,35.3636363636364,1.81157122839645,"model average"
140,100,35.6464646464647,1.7171689000405,"model average"
140,100,35.9292929292929,1.62512932467135,"model average"
140,100,36.2121212121212,1.53560684419244,"model average"
140,100,36.4949494949495,1.44873586955788,"model average"
140,100,36.7777777777778,1.36463115758216,"model average"
140,100,37.0606060606061,1.28338822216314,"model average"
140,100,37.3434343434343,1.20508386855675,"model average"
140,100,37.6262626262626,1.12977683868099,"model average"
140,100,37.9090909090909,1.05750855494967,"model average"
140,100,38.1919191919192,0.988303949839782,"model average"
140,100,38.4747474747475,0.922172368273317,"model average"
140,100,38.7575757575758,0.859108529934876,"model average"
140,100,39.040404040404,0.79909353883986,"model average"
140,100,39.3232323232323,0.74209592780064,"model average"
140,100,39.6060606060606,0.688072725894801,"model average"
140,100,39.8888888888889,0.636970537603238,"model average"
140,100,40.1717171717172,0.588726622936875,"model average"
140,100,40.4545454545455,0.543269968586387,"model average"
140,100,40.7373737373737,0.500522340880953,"model average"
140,100,41.020202020202,0.460399312092378,"model average"
140,100,41.3030303030303,0.42281125231504,"model average"
140,100,41.5858585858586,0.387664279703413,"model average"
140,100,41.8686868686869,0.354861162105021,"model average"
140,100,42.1515151515151,0.324302162779174,"model average"
140,100,42.4343434343434,0.295885821123772,"model average"
140,100,42.7171717171717,0.269509652330952,"model average"
140,100,43,0.245070633349865,"model average"
171,10,15,1.23089351489181,"model average"
171,10,15.2828282828283,1.25799204693809,"model average"
171,10,15.5656565656566,1.28486768418648,"model average"
171,10,15.8484848484848,1.31147194720672,"model average"
171,10,16.1313131313131,1.33775587091584,"model average"
171,10,16.4141414141414,1.36367015532301,"model average"
171,10,16.6969696969697,1.38916532116248,"model average"
171,10,16.979797979798,1.41419186974657,"model average"
171,10,17.2626262626263,1.4386997312849,"model average"
171,10,17.5454545454545,1.46261354993255,"model average"
171,10,17.8282828282828,1.48587091023201,"model average"
171,10,18.1111111111111,1.50842309579421,"model average"
171,10,18.3939393939394,1.53022219704309,"model average"
171,10,18.6767676767677,1.55122128031671,"model average"
171,10,18.959595959596,1.57137455563963,"model average"
171,10,19.2424242424242,1.59063754230676,"model average"
171,10,19.5252525252525,1.60896723141779,"model average"
171,10,19.8080808080808,1.62632224450649,"model average"
171,10,20.0909090909091,1.6426629874194,"model average"
171,10,20.3737373737374,1.65795179861538,"model average"
171,10,20.6565656565657,1.67215309107893,"model average"
171,10,20.9393939393939,1.68523348706873,"model average"
171,10,21.2222222222222,1.69716194495521,"model average"
171,10,21.5050505050505,1.70790987744015,"model average"
171,10,21.7878787878788,1.71745126049448,"model average"
171,10,22.0707070707071,1.72576273239888,"model average"
171,10,22.3535353535354,1.73282368232449,"model average"
171,10,22.6363636363636,1.73861632794814,"model average"
171,10,22.9191919191919,1.74312578165659,"model average"
171,10,23.2020202020202,1.7463401049587,"model average"
171,10,23.4848484848485,1.74825035079062,"model average"
171,10,23.7676767676768,1.74885059346812,"model average"
171,10,24.0505050505051,1.74813794611135,"model average"
171,10,24.3333333333333,1.74611256543865,"model average"
171,10,24.6161616161616,1.74277764389976,"model average"
171,10,24.8989898989899,1.73813938919092,"model average"
171,10,25.1818181818182,1.73220699126802,"model average"
171,10,25.4646464646465,1.72499257704492,"model average"
171,10,25.7474747474747,1.71651115303534,"model average"
171,10,26.030303030303,1.70678053626493,"model average"
171,10,26.3131313131313,1.69582127384611,"model average"
171,10,26.5959595959596,1.68365655167226,"model average"
171,10,26.8787878787879,1.67031209274688,"model average"
171,10,27.1616161616162,1.65581604572036,"model average"
171,10,27.4444444444444,1.6401988642585,"model average"
171,10,27.7272727272727,1.62349317791455,"model average"
171,10,28.010101010101,1.60573365521947,"model average"
171,10,28.2929292929293,1.58695685974244,"model average"
171,10,28.5757575757576,1.56720109990597,"model average"
171,10,28.8585858585859,1.54650627336709,"model average"
171,10,29.1414141414141,1.52491370679664,"model average"
171,10,29.4242424242424,1.50246599190476,"model average"
171,10,29.7070707070707,1.47920681857002,"model average"
171,10,29.989898989899,1.45518080593349,"model average"
171,10,30.2727272727273,1.43043333231767,"model average"
171,10,30.5555555555556,1.4050103648226,"model average"
171,10,30.8383838383838,1.37895828943868,"model average"
171,10,31.1212121212121,1.35232374249805,"model average"
171,10,31.4040404040404,1.32515344426306,"model average"
171,10,31.6868686868687,1.2974940354227,"model average"
171,10,31.969696969697,1.26939191723588,"model average"
171,10,32.2525252525253,1.24089309602386,"model average"
171,10,32.5353535353535,1.21204303267436,"model average"
171,10,32.8181818181818,1.18288649777638,"model average"
171,10,33.1010101010101,1.15346743295843,"model average"
171,10,33.3838383838384,1.12382881895425,"model average"
171,10,33.6666666666667,1.09401255086877,"model average"
171,10,33.9494949494949,1.06405932106506,"model average"
171,10,34.2323232323232,1.03400851003885,"model average"
171,10,34.5151515151515,1.00389808559308,"model average"
171,10,34.7979797979798,0.973764510570226,"model average"
171,10,35.0808080808081,0.943642659345744,"model average"
171,10,35.3636363636364,0.913565743232306,"model average"
171,10,35.6464646464647,0.883565244892074,"model average"
171,10,35.9292929292929,0.853670861803423,"model average"
171,10,36.2121212121212,0.823910458779904,"model average"
171,10,36.4949494949495,0.794310029493435,"model average"
171,10,36.7777777777778,0.764893666911007,"model average"
171,10,37.0606060606061,0.735683542515569,"model average"
171,10,37.3434343434343,0.706699894147673,"model average"
171,10,37.6262626262626,0.67796102227584,"model average"
171,10,37.9090909090909,0.649483294481594,"model average"
171,10,38.1919191919192,0.621281157930774,"model average"
171,10,38.4747474747475,0.593367159598115,"model average"
171,10,38.7575757575758,0.56575197401907,"model average"
171,10,39.040404040404,0.538444438364891,"model average"
171,10,39.3232323232323,0.511451594678417,"model average"
171,10,39.6060606060606,0.484778739175601,"model average"
171,10,39.8888888888889,0.458429478622999,"model average"
171,10,40.1717171717172,0.432405793964433,"model average"
171,10,40.4545454545455,0.406708111632541,"model average"
171,10,40.7373737373737,0.381335383434981,"model average"
171,10,41.020202020202,0.356285176774529,"model average"
171,10,41.3030303030303,0.331553778829726,"model average"
171,10,41.5858585858586,0.307136322822435,"model average"
171,10,41.8686868686869,0.28302695664484,"model average"
171,10,42.1515151515151,0.259219111348698,"model average"
171,10,42.4343434343434,0.235706063052138,"model average"
171,10,42.7171717171717,0.212482659484553,"model average"
171,10,43,0.189558394537533,"model average"
171,100,15,1.52650694410731,"model average"
171,100,15.2828282828283,1.62609415447658,"model average"
171,100,15.5656565656566,1.72887008787948,"model average"
171,100,15.8484848484848,1.83477144645178,"model average"
171,100,16.1313131313131,1.94371982229169,"model average"
171,100,16.4141414141414,2.05562107696834,"model average"
171,100,16.6969696969697,2.17036479557028,"model average"
171,100,16.979797979798,2.28782382427611,"model average"
171,100,17.2626262626263,2.40785390013848,"model average"
171,100,17.5454545454545,2.53029338136775,"model average"
171,100,17.8282828282828,2.65496308588179,"model average"
171,100,18.1111111111111,2.78166624525422,"model average"
171,100,18.3939393939394,2.91018858044571,"model average"
171,100,18.6767676767677,3.04029850484613,"model average"
171,100,18.959595959596,3.17174745919372,"model average"
171,100,19.2424242424242,3.30427038187849,"model average"
171,100,19.5252525252525,3.43758631698867,"model average"
171,100,19.8080808080808,3.57139916123194,"model average"
171,100,20.0909090909091,3.70539854956866,"model average"
171,100,20.3737373737374,3.83926087804589,"model average"
171,100,20.6565656565657,3.97264791916487,"model average"
171,100,20.9393939393939,4.10520120784532,"model average"
171,100,21.2222222222222,4.23656272784333,"model average"
171,100,21.5050505050505,4.36636802168415,"model average"
171,100,21.7878787878788,4.49424639216411,"model average"
171,100,22.0707070707071,4.61982263763482,"model average"
171,100,22.3535353535354,4.7427188748831,"model average"
171,100,22.6363636363636,4.86255643728697,"model average"
171,100,22.9191919191919,4.97895783483782,"model average"
171,100,23.2020202020202,5.09154876164438,"model average"
171,100,23.4848484848485,5.19996013569003,"model average"
171,100,23.7676767676768,5.30383015491702,"model average"
171,100,24.0505050505051,5.40280635316951,"model average"
171,100,24.3333333333333,5.4965476391546,"model average"
171,100,24.6161616161616,5.5847263013834,"model average"
171,100,24.8989898989899,5.6670299620403,"model average"
171,100,25.1818181818182,5.743163462901,"model average"
171,100,25.4646464646465,5.81285066678028,"model average"
171,100,25.7474747474747,5.87583615853764,"model average"
171,100,26.030303030303,5.93188683039954,"model average"
171,100,26.3131313131313,5.98079333726402,"model average"
171,100,26.5959595959596,6.02237140872931,"model average"
171,100,26.8787878787879,6.05646300582021,"model average"
171,100,27.1616161616162,6.08293731176256,"model average"
171,100,27.4444444444444,6.10169154766034,"model average"
171,100,27.7272727272727,6.11265160554555,"model average"
171,100,28.010101010101,6.11577249297785,"model average"
171,100,28.2929292929293,6.1110385851506,"model average"
171,100,28.5757575757576,6.09846368228857,"model average"
171,100,28.8585858585859,6.07809087198067,"model average"
171,100,29.1414141414141,6.04999219795445,"model average"
171,100,29.4242424242424,6.01426813864566,"model average"
171,100,29.7070707070707,5.97104690072437,"model average"
171,100,29.989898989899,5.92048353448628,"model average"
171,100,30.2727272727273,5.86275887968407,"model average"
171,100,30.5555555555556,5.79807835193916,"model average"
171,100,30.8383838383838,5.7266705813212,"model average"
171,100,31.1212121212121,5.64878591599505,"model average"
171,100,31.4040404040404,5.56469480499885,"model average"
171,100,31.6868686868687,5.47468607522017,"model average"
171,100,31.969696969697,5.37906511847086,"model average"
171,100,32.2525252525253,5.27815200521878,"model average"
171,100,32.5353535353535,5.1722795420108,"model average"
171,100,32.8181818181818,5.06179128991663,"model average"
171,100,33.1010101010101,4.94703956143699,"model average"
171,100,33.3838383838384,4.82838341325753,"model average"
171,100,33.6666666666667,4.70618665199836,"model average"
171,100,33.9494949494949,4.58081586971805,"model average"
171,100,34.2323232323232,4.45263852539218,"model average"
171,100,34.5151515151515,4.32202108791615,"model average"
171,100,34.7979797979798,4.18932725539701,"model average"
171,100,35.0808080808081,4.05491626462016,"model average"
171,100,35.3636363636364,3.91914130362856,"model average"
171,100,35.6464646464647,3.78234803935936,"model average"
171,100,35.9292929292929,3.64487327127936,"model average"
171,100,36.2121212121212,3.50704372097891,"model average"
171,100,36.4949494949495,3.36917496676804,"model average"
171,100,36.7777777777778,3.2315705315179,"model average"
171,100,37.0606060606061,3.09452113136745,"model average"
171,100,37.3434343434343,2.95830409254921,"model average"
171,100,37.6262626262626,2.82318294358363,"model average"
171,100,37.9090909090909,2.68940719059152,"model average"
171,100,38.1919191919192,2.55721228467943,"model average"
171,100,38.4747474747475,2.42681979255542,"model average"
171,100,38.7575757575758,2.29843778516989,"model average"
171,100,39.040404040404,2.17226146492148,"model average"
171,100,39.3232323232323,2.04847406089395,"model average"
171,100,39.6060606060606,1.9272480354526,"model average"
171,100,39.8888888888889,1.80874666731364,"model average"
171,100,40.1717171717172,1.69312611116541,"model average"
171,100,40.4545454545455,1.58053809175704,"model average"
171,100,40.7373737373737,1.47113348983339,"model average"
171,100,41.020202020202,1.36506725693628,"model average"
171,100,41.3030303030303,1.26250544103118,"model average"
171,100,41.5858585858586,1.16363582062199,"model average"
171,100,41.8686868686869,1.0686852873258,"model average"
171,100,42.1515151515151,0.977951437929526,"model average"
171,100,42.4343434343434,0.891869723740125,"model average"
171,100,42.7171717171717,0.811200012888891,"model average"
171,100,43,0.738171653776054,"model average"
172,10,15,0.234219919760768,"model average"
172,10,15.2828282828283,0.274338298576107,"model average"
172,10,15.5656565656566,0.318531614961204,"model average"
172,10,15.8484848484848,0.36662502799393,"model average"
172,10,16.1313131313131,0.41830698563911,"model average"
172,10,16.4141414141414,0.473120266582049,"model average"
172,10,16.6969696969697,0.530458484945358,"model average"
172,10,16.979797979798,0.589569018402074,"model average"
172,10,17.2626262626263,0.649563035762913,"model average"
172,10,17.5454545454545,0.709432928752903,"model average"
172,10,17.8282828282828,0.768077013585219,"model average"
172,10,18.1111111111111,0.82433089178981,"model average"
172,10,18.3939393939394,0.877004377994662,"model average"
172,10,18.6767676767677,0.924922456102575,"model average"
172,10,18.959595959596,0.966968352846776,"model average"
172,10,19.2424242424242,1.00212655488923,"model average"
172,10,19.5252525252525,1.02952347099872,"model average"
172,10,19.8080808080808,1.0484634724991,"model average"
172,10,20.0909090909091,1.05845823836187,"model average"
172,10,20.3737373737374,1.05924767730088,"model average"
172,10,20.6565656565657,1.05081117557079,"model average"
172,10,20.9393939393939,1.03336849145363,"model average"
172,10,21.2222222222222,1.00737024225079,"model average"
172,10,21.5050505050505,0.973478558638984,"model average"
172,10,21.7878787878788,0.932539065755184,"model average"
172,10,22.0707070707071,0.885545845811497,"model average"
172,10,22.3535353535354,0.833601407207232,"model average"
172,10,22.6363636363636,0.777873905360457,"model average"
172,10,22.9191919191919,0.719553919694491,"model average"
172,10,23.2020202020202,0.659812992295965,"model average"
172,10,23.4848484848485,0.599765892745174,"model average"
172,10,23.7676767676768,0.540438217482391,"model average"
172,10,24.0505050505051,0.482740495579699,"model average"
172,10,24.3333333333333,0.427449494770579,"model average"
172,10,24.6161616161616,0.375196941106446,"model average"
172,10,24.8989898989899,0.32646541839107,"model average"
172,10,25.1818181818182,0.281590829089278,"model average"
172,10,25.4646464646465,0.240770497975287,"model average"
172,10,25.7474747474747,0.204075795404531,"model average"
172,10,26.030303030303,0.171468051570544,"model average"
172,10,26.3131313131313,0.142816520941875,"model average"
172,10,26.5959595959596,0.117917225035802,"model average"
172,10,26.8787878787879,0.0965116348394968,"model average"
172,10,27.1616161616162,0.0783043320660599,"model average"
172,10,27.4444444444444,0.0629789911171045,"model average"
172,10,27.7272727272727,0.0502122325525632,"model average"
172,10,28.010101010101,0.0396850982045671,"model average"
172,10,28.2929292929293,0.0310920755834659,"model average"
172,10,28.5757575757576,0.0241477466675678,"model average"
172,10,28.8585858585859,0.01859124923218,"model average"
172,10,29.1414141414141,0.0141888167654549,"model average"
172,10,29.4242424242424,0.0107347078115575,"model average"
172,10,29.7070707070707,0.0080508514338156,"model average"
172,10,29.989898989899,0.00598552784075741,"model average"
172,10,30.2727272727273,0.0044113780438178,"model average"
172,10,30.5555555555556,0.00322299961126348,"model average"
172,10,30.8383838383838,0.00233434249148121,"model average"
172,10,31.1212121212121,0.00167607398638459,"model average"
172,10,31.4040404040404,0.00119303873898342,"model average"
172,10,31.6868686868687,0.00084190050147466,"model average"
172,10,31.969696969697,0.00058901895588803,"model average"
172,10,32.2525252525253,0.000408587632987492,"model average"
172,10,32.5353535353535,0.000281038035190756,"model average"
172,10,32.8181818181818,0.000191699969502636,"model average"
172,10,33.1010101010101,0.000129698096291945,"model average"
172,10,33.3838383838384,8.70589103614738e-05,"model average"
172,10,33.6666666666667,5.79998704606945e-05,"model average"
172,10,33.9494949494949,3.83723106349177e-05,"model average"
172,10,34.2323232323232,2.52313331696954e-05,"model average"
172,10,34.5151515151515,1.65084604192649e-05,"model average"
172,10,34.7979797979798,1.07659114098383e-05,"model average"
172,10,35.0808080808081,7.01459980581261e-06,"model average"
172,10,35.3636363636364,4.58106916458092e-06,"model average"
172,10,35.6464646464647,3.01143141626734e-06,"model average"
172,10,35.9292929292929,2.0028715776972e-06,"model average"
172,10,36.2121212121212,1.35539666168315e-06,"model average"
172,10,36.4949494949495,9.3824746366097e-07,"model average"
172,10,36.7777777777778,6.66789219954971e-07,"model average"
172,10,37.0606060606061,4.86793954384197e-07,"model average"
172,10,37.3434343434343,3.63870891251e-07,"model average"
172,10,37.6262626262626,2.76437960710007e-07,"model average"
172,10,37.9090909090909,2.11099497903479e-07,"model average"
172,10,38.1919191919192,1.59639491285277e-07,"model average"
172,10,38.4747474747475,1.17086824519477e-07,"model average"
172,10,38.7575757575758,8.04836298830032e-08,"model average"
172,10,39.040404040404,4.81095593302309e-08,"model average"
172,10,39.3232323232323,1.89983645123034e-08,"model average"
172,10,39.6060606060606,-7.36019230503611e-09,"model average"
172,10,39.8888888888889,-3.12022150419098e-08,"model average"
172,10,40.1717171717172,-5.25994746266665e-08,"model average"
172,10,40.4545454545455,-7.1524994392177e-08,"model average"
172,10,40.7373737373737,-8.78918097415412e-08,"model average"
172,10,41.020202020202,-1.01575639502905e-07,"model average"
172,10,41.3030303030303,-1.12428034212144e-07,"model average"
172,10,41.5858585858586,-1.20283987836205e-07,"model average"
172,10,41.8686868686869,-1.24966439087216e-07,"model average"
172,10,42.1515151515151,-1.26289191676749e-07,"model average"
172,10,42.4343434343434,-1.24059378471453e-07,"model average"
172,10,42.7171717171717,-1.18080822414553e-07,"model average"
172,10,43,-1.08162760957059e-07,"model average"
172,100,15,0.274777233940351,"model average"
172,100,15.2828282828283,0.32743185875032,"model average"
172,100,15.5656565656566,0.386392465498387,"model average"
172,100,15.8484848484848,0.451547964396448,"model average"
172,100,16.1313131313131,0.522572615674969,"model average"
172,100,16.4141414141414,0.598903598566108,"model average"
172,100,16.6969696969697,0.679727296864139,"model average"
172,100,16.979797979798,0.763976519059499,"model average"
172,100,17.2626262626263,0.850340414212586,"model average"
172,100,17.5454545454545,0.937288176648817,"model average"
172,100,17.8282828282828,1.02310678504775,"model average"
172,100,18.1111111111111,1.10595205018048,"model average"
172,100,18.3939393939394,1.18391122361597,"model average"
172,100,18.6767676767677,1.2550744352916,"model average"
172,100,18.959595959596,1.31761137338598,"model average"
172,100,19.2424242424242,1.36984898350531,"model average"
172,100,19.5252525252525,1.41034561919748,"model average"
172,100,19.8080808080808,1.43795707187721,"model average"
172,100,20.0909090909091,1.45189026433444,"model average"
172,100,20.3737373737374,1.45174109265257,"model average"
172,100,20.6565656565657,1.43751389686386,"model average"
172,100,20.9393939393939,1.40962125117418,"model average"
172,100,21.2222222222222,1.36886408790651,"model average"
172,100,21.5050505050505,1.31639349140696,"model average"
172,100,21.7878787878788,1.25365670512115,"model average"
172,100,22.0707070707071,1.18233088506209,"model average"
172,100,22.3535353535354,1.10424882667708,"model average"
172,100,22.6363636363636,1.02132124065469,"model average"
172,100,22.9191919191919,0.935460141778526,"model average"
172,100,23.2020202020202,0.848507563182243,"model average"
172,100,23.4848484848485,0.762173166510907,"model average"
172,100,23.7676767676768,0.677983460349809,"model average"
172,100,24.0505050505051,0.597244353092555,"model average"
172,100,24.3333333333333,0.521017744819823,"model average"
172,100,24.6161616161616,0.450111893074711,"model average"
172,100,24.8989898989899,0.385084443439239,"model average"
172,100,25.1818181818182,0.326256351868497,"model average"
172,100,25.4646464646465,0.273734473523067,"model average"
172,100,25.7474747474747,0.227440361066472,"model average"
172,100,26.030303030303,0.18714279193506,"model average"
172,100,26.3131313131313,0.152491700061981,"model average"
172,100,26.5959595959596,0.123051482589501,"model average"
172,100,26.8787878787879,0.0983320400976012,"model average"
172,100,27.1616161616162,0.0778163432844813,"model average"
172,100,27.4444444444444,0.0609837574689836,"model average"
172,100,27.7272727272727,0.0473287638006125,"model average"
172,100,28.010101010101,0.0363750670807346,"model average"
172,100,28.2929292929293,0.0276853589946674,"model average"
172,100,28.5757575757576,0.0208672061082649,"model average"
172,100,28.8585858585859,0.0155756559778291,"model average"
172,100,29.1414141414141,0.0115132100318839,"model average"
172,100,29.4242424242424,0.00842781036367599,"model average"
172,100,29.7070707070707,0.00610944303827631,"model average"
172,100,29.989898989899,0.00438588699780029,"model average"
172,100,30.2727272727273,0.00311804805026327,"model average"
172,100,30.5555555555556,0.00219522264740236,"model average"
172,100,30.8383838383838,0.00153054461717681,"model average"
172,100,31.1212121212121,0.00105678557336971,"model average"
172,100,31.4040404040404,0.000722609849925376,"model average"
172,100,31.6868686868687,0.000489328954916836,"model average"
172,100,31.969696969697,0.000328158599918794,"model average"
172,100,32.2525252525253,0.000217952138472311,"model average"
172,100,32.5353535353535,0.000143365893883462,"model average"
172,100,32.8181818181818,9.34022365228227e-05,"model average"
172,100,33.1010101010101,6.02732397315687e-05,"model average"
172,100,33.3838383838384,3.85293376472713e-05,"model average"
172,100,33.6666666666667,2.44019551874566e-05,"model average"
172,100,33.9494949494949,1.53152450040009e-05,"model average"
172,100,34.2323232323232,9.52884976540254e-06,"model average"
172,100,34.5151515151515,5.88031621357303e-06,"model average"
172,100,34.7979797979798,3.60198081585361e-06,"model average"
172,100,35.0808080808081,2.19258628700648e-06,"model average"
172,100,35.3636363636364,1.32848120176466e-06,"model average"
172,100,35.6464646464647,8.03008313055602e-07,"model average"
172,100,35.9292929292929,4.85669114604518e-07,"model average"
172,100,36.2121212121212,2.94962574730198e-07,"model average"
172,100,36.4949494949495,1.80545839155993e-07,"model average"
172,100,36.7777777777778,1.11662583043072e-07,"model average"
172,100,37.0606060606061,6.97287111438212e-08,"model average"
172,100,37.3434343434343,4.36392118366507e-08,"model average"
172,100,37.6262626262626,2.68329884587381e-08,"model average"
172,100,37.9090909090909,1.54788958579259e-08,"model average"
172,100,38.1919191919192,7.36784710469321e-09,"model average"
172,100,38.4747474747475,1.24402906619142e-09,"model average"
172,100,38.7575757575758,-3.59415814021673e-09,"model average"
172,100,39.040404040404,-7.5295039873664e-09,"model average"
172,100,39.3232323232323,-1.07632969006003e-08,"model average"
172,100,39.6060606060606,-1.3394561575471e-08,"model average"
172,100,39.8888888888889,-1.54653634490526e-08,"model average"
172,100,40.1717171717172,-1.6986588288872e-08,"model average"
172,100,40.4545454545455,-1.79527419367632e-08,"model average"
172,100,40.7373737373737,-1.83508657282028e-08,"model average"
172,100,41.020202020202,-1.81667249721345e-08,"model average"
172,100,41.3030303030303,-1.73904697243701e-08,"model average"
172,100,41.5858585858586,-1.60237155683136e-08,"model average"
172,100,41.8686868686869,-1.4090374253423e-08,"model average"
172,100,42.1515151515151,-1.1654699226516e-08,"model average"
172,100,42.4343434343434,-8.85226069851945e-09,"model average"
172,100,42.7171717171717,-5.94368371706239e-09,"model average"
172,100,43,-3.40878056108742e-09,"model average"
191,10,15,0.682306121022316,"model average"
191,10,15.2828282828283,0.697129723253826,"model average"
191,10,15.5656565656566,0.712050861992639,"model average"
191,10,15.8484848484848,0.727053874124487,"model average"
191,10,16.1313131313131,0.742122391021327,"model average"
191,10,16.4141414141414,0.757239365559584,"model average"
191,10,16.6969696969697,0.772387102571246,"model average"
191,10,16.979797979798,0.787547292676377,"model average"
191,10,17.2626262626263,0.802701049424203,"model average"
191,10,17.5454545454545,0.817828949648363,"model average"
191,10,17.8282828282828,0.832911076920329,"model average"
191,10,18.1111111111111,0.847927067963483,"model average"
191,10,18.3939393939394,0.862856161869201,"model average"
191,10,18.6767676767677,0.877677251935533,"model average"
191,10,18.959595959596,0.892368939928998,"model average"
191,10,19.2424242424242,0.906909592550646,"model average"
191,10,19.5252525252525,0.92127739986924,"model average"
191,10,19.8080808080808,0.935450435467066,"model average"
191,10,20.0909090909091,0.949406718027959,"model average"
191,10,20.3737373737374,0.963124274082474,"model average"
191,10,20.6565656565657,0.976581201612111,"model average"
191,10,20.9393939393939,0.989755734203133,"model average"
191,10,21.2222222222222,1.00262630543089,"model average"
191,10,21.5050505050505,1.01517161314794,"model average"
191,10,21.7878787878788,1.02737068334342,"model average"
191,10,22.0707070707071,1.03920293323771,"model average"
191,10,22.3535353535354,1.05064823327462,"model average"
191,10,22.6363636363636,1.06168696767417,"model average"
191,10,22.9191919191919,1.07230009321196,"model average"
191,10,23.2020202020202,1.08246919589588,"model average"
191,10,23.4848484848485,1.09217654521846,"model average"
191,10,23.7676767676768,1.10140514567242,"model average"
191,10,24.0505050505051,1.11013878522869,"model average"
191,10,24.3333333333333,1.1183620804895,"model average"
191,10,24.6161616161616,1.12606051824518,"model average"
191,10,24.8989898989899,1.13322049318035,"model average"
191,10,25.1818181818182,1.13982934149496,"model average"
191,10,25.4646464646465,1.145875370226,"model average"
191,10,25.7474747474747,1.15134788207877,"model average"
191,10,26.030303030303,1.15623719559983,"model average"
191,10,26.3131313131313,1.16053466054922,"model average"
191,10,26.5959595959596,1.16423266835509,"model average"
191,10,26.8787878787879,1.16732465756104,"model average"
191,10,27.1616161616162,1.1698051142038,"model average"
191,10,27.4444444444444,1.17166956708656,"model average"
191,10,27.7272727272727,1.17291457794168,"model average"
191,10,28.010101010101,1.17351886951528,"model average"
191,10,28.2929292929293,1.17336146368342,"model average"
191,10,28.5757575757576,1.17241786933779,"model average"
191,10,28.8585858585859,1.17068490601459,"model average"
191,10,29.1414141414141,1.16816024637189,"model average"
191,10,29.4242424242424,1.16484237639788,"model average"
191,10,29.7070707070707,1.16073055121743,"model average"
191,10,29.989898989899,1.15582474669891,"model average"
191,10,30.2727272727273,1.15012560708424,"model average"
191,10,30.5555555555556,1.14363438888477,"model average"
191,10,30.8383838383838,1.13635290130338,"model average"
191,10,31.1212121212121,1.128283443459,"model average"
191,10,31.4040404040404,1.11942873870371,"model average"
191,10,31.6868686868687,1.10979186633445,"model average"
191,10,31.969696969697,1.09937619101105,"model average"
191,10,32.2525252525253,1.08818529019986,"model average"
191,10,32.5353535353535,1.07622287996745,"model average"
191,10,32.8181818181818,1.06349273945223,"model average"
191,10,33.1010101010101,1.04999863434242,"model average"
191,10,33.3838383838384,1.03574423968768,"model average"
191,10,33.6666666666667,1.02073306236815,"model average"
191,10,33.9494949494949,1.00496836353906,"model average"
191,10,34.2323232323232,0.988453081361538,"model average"
191,10,34.5151515151515,0.971189754320455,"model average"
191,10,34.7979797979798,0.953180445418989,"model average"
191,10,35.0808080808081,0.934426667526021,"model average"
191,10,35.3636363636364,0.91492931013787,"model average"
191,10,35.6464646464647,0.89468856779924,"model average"
191,10,35.9292929292929,0.873703870410482,"model average"
191,10,36.2121212121212,0.851973815628959,"model average"
191,10,36.4949494949495,0.82949610355186,"model average"
191,10,36.7777777777778,0.806267473846137,"model average"
191,10,37.0606060606061,0.782283645468389,"model average"
191,10,37.3434343434343,0.757539259093551,"model average"
191,10,37.6262626262626,0.732027822345878,"model average"
191,10,37.9090909090909,0.705741657898927,"model average"
191,10,38.1919191919192,0.678671854482273,"model average"
191,10,38.4747474747475,0.650808220801033,"model average"
191,10,38.7575757575758,0.622139242338245,"model average"
191,10,39.040404040404,0.592652040967648,"model average"
191,10,39.3232323232323,0.562332337251286,"model average"
191,10,39.6060606060606,0.531164415225735,"model average"
191,10,39.8888888888889,0.499131089380203,"model average"
191,10,40.1717171717172,0.466213673376112,"model average"
191,10,40.4545454545455,0.432391949806398,"model average"
191,10,40.7373737373737,0.397644139851866,"model average"
191,10,41.020202020202,0.36194687086199,"model average"
191,10,41.3030303030303,0.32527513819756,"model average"
191,10,41.5858585858586,0.287602253899789,"model average"
191,10,41.8686868686869,0.248899765294946,"model average"
191,10,42.1515151515151,0.209137298956933,"model average"
191,10,42.4343434343434,0.168282183539368,"model average"
191,10,42.7171717171717,0.126298148066203,"model average"
191,10,43,0.0831290362970493,"model average"
191,100,15,2.11852564965991,"model average"
191,100,15.2828282828283,2.18977375833601,"model average"
191,100,15.5656565656566,2.26162894437108,"model average"
191,100,15.8484848484848,2.33397149031481,"model average"
191,100,16.1313131313131,2.40667592548746,"model average"
191,100,16.4141414141414,2.47961133094429,"model average"
191,100,16.6969696969697,2.55264168265445,"model average"
191,100,16.979797979798,2.62562623210656,"model average"
191,100,17.2626262626263,2.69841992325983,"model average"
191,100,17.5454545454545,2.7708732207258,"model average"
191,100,17.8282828282828,2.84280822824476,"model average"
191,100,18.1111111111111,2.91405548206231,"model average"
191,100,18.3939393939394,2.9844562643974,"model average"
191,100,18.6767676767677,3.05385009484038,"model average"
191,100,18.959595959596,3.12207532600952,"model average"
191,100,19.2424242424242,3.18896976003039,"model average"
191,100,19.5252525252525,3.25437128260508,"model average"
191,100,19.8080808080808,3.31811851123394,"model average"
191,100,20.0909090909091,3.3800514539712,"model average"
191,100,20.3737373737374,3.44001217493972,"model average"
191,100,20.6565656565657,3.49784546270078,"model average"
191,100,20.9393939393939,3.55339949747475,"model average"
191,100,21.2222222222222,3.60652651313836,"model average"
191,100,21.5050505050505,3.65708344988578,"model average"
191,100,21.7878787878788,3.70493259343509,"model average"
191,100,22.0707070707071,3.74994219668858,"model average"
191,100,22.3535353535354,3.79198707981597,"model average"
191,100,22.6363636363636,3.83094920482374,"model average"
191,100,22.9191919191919,3.86671822080032,"model average"
191,100,23.2020202020202,3.89919197618645,"model average"
191,100,23.4848484848485,3.92827699461025,"model average"
191,100,23.7676767676768,3.95388891104673,"model average"
191,100,24.0505050505051,3.97595286531017,"model average"
191,100,24.3333333333333,3.99440385016228,"model average"
191,100,24.6161616161616,4.00918701161771,"model average"
191,100,24.8989898989899,4.02025789934835,"model average"
191,100,25.1818181818182,4.02758266542666,"model average"
191,100,25.4646464646465,4.03113821000258,"model average"
191,100,25.7474747474747,4.03091227287519,"model average"
191,100,26.030303030303,4.02690347029697,"model average"
191,100,26.3131313131313,4.01912127673014,"model average"
191,100,26.5959595959596,4.00758595165963,"model average"
191,100,26.8787878787879,3.99232841195044,"model average"
191,100,27.1616161616162,3.97339005061697,"model average"
191,100,27.4444444444444,3.95082250324267,"model average"
191,100,27.7272727272727,3.9246873636493,"model average"
191,100,28.010101010101,3.89505585076074,"model average"
191,100,28.2929292929293,3.86200842893487,"model average"
191,100,28.5757575757576,3.8256343843458,"model average"
191,100,28.8585858585859,3.78603136028393,"model average"
191,100,29.1414141414141,3.74330485450196,"model average"
191,100,29.4242424242424,3.69756768196781,"model average"
191,100,29.7070707070707,3.64893940658948,"model average"
191,100,29.989898989899,3.59754574564985,"model average"
191,100,30.2727272727273,3.54351795083095,"model average"
191,100,30.5555555555556,3.48699216981579,"model average"
191,100,30.8383838383838,3.42810879253111,"model average"
191,100,31.1212121212121,3.36701178613654,"model average"
191,100,31.4040404040404,3.30384802287409,"model average"
191,100,31.6868686868687,3.23876660486791,"model average"
191,100,31.969696969697,3.17191818990783,"model average"
191,100,32.2525252525253,3.10345432216334,"model average"
191,100,32.5353535353535,3.03352677165759,"model average"
191,100,32.8181818181818,2.96228688618673,"model average"
191,100,33.1010101010101,2.88988495919898,"model average"
191,100,33.3838383838384,2.81646961695319,"model average"
191,100,33.6666666666667,2.74218722806054,"model average"
191,100,33.9494949494949,2.6671813382772,"model average"
191,100,34.2323232323232,2.5915921331637,"model average"
191,100,34.5151515151515,2.51555593096033,"model average"
191,100,34.7979797979798,2.43920470775053,"model average"
191,100,35.0808080808081,2.36266565669749,"model average"
191,100,35.3636363636364,2.28606078284773,"model average"
191,100,35.6464646464647,2.20950653469952,"model average"
191,100,35.9292929292929,2.13311347343837,"model average"
191,100,36.2121212121212,2.05698598044781,"model average"
191,100,36.4949494949495,1.98122200341355,"model average"
191,100,36.7777777777778,1.90591284105573,"model average"
191,100,37.0606060606061,1.83114296624868,"model average"
191,100,37.3434343434343,1.7569898870215,"model average"
191,100,37.6262626262626,1.68352404467847,"model average"
191,100,37.9090909090909,1.61080874803449,"model average"
191,100,38.1919191919192,1.53890014252862,"model average"
191,100,38.4747474747475,1.46784721275684,"model average"
191,100,38.7575757575758,1.39769181674987,"model average"
191,100,39.040404040404,1.32846875010869,"model average"
191,100,39.3232323232323,1.26020583788892,"model average"
191,100,39.6060606060606,1.19292405187898,"model average"
191,100,39.8888888888889,1.12663765061425,"model average"
191,100,40.1717171717172,1.06135433905535,"model average"
191,100,40.4545454545455,0.997075444223327,"model average"
191,100,40.7373737373737,0.933796102009591,"model average"
191,100,41.020202020202,0.871505448391925,"model average"
191,100,41.3030303030303,0.810186804289972,"model average"
191,100,41.5858585858586,0.749817834470993,"model average"
191,100,41.8686868686869,0.690370639113254,"model average"
191,100,42.1515151515151,0.631811673954835,"model average"
191,100,42.4343434343434,0.574101169857307,"model average"
191,100,42.7171717171717,0.517190536706026,"model average"
191,100,43,0.460991990088351,"model average"
195,10,15,0.72251419785979,"model average"
195,10,15.2828282828283,0.741987733903562,"model average"
195,10,15.5656565656566,0.761614450547698,"model average"
195,10,15.8484848484848,0.781374073849573,"model average"
195,10,16.1313131313131,0.801245401004306,"model average"
195,10,16.4141414141414,0.82120632591528,"model average"
195,10,16.6969696969697,0.841233869496049,"model average"
195,10,16.979797979798,0.861304214703733,"model average"
195,10,17.2626262626263,0.881392746275007,"model average"
195,10,17.5454545454545,0.901474095106064,"model average"
195,10,17.8282828282828,0.921522187187614,"model average"
195,10,18.1111111111111,0.941510296975331,"model average"
195,10,18.3939393939394,0.96141110504538,"model average"
195,10,18.6767676767677,0.981196759854015,"model average"
195,10,18.959595959596,1.00083894338996,"model average"
195,10,19.2424242424242,1.02030894047854,"model average"
195,10,19.5252525252525,1.03957771146791,"model average"
195,10,19.8080808080808,1.05861596799963,"model average"
195,10,20.0909090909091,1.07739425154005,"model average"
195,10,20.3737373737374,1.09588301432361,"model average"
195,10,20.6565656565657,1.11405270233666,"model average"
195,10,20.9393939393939,1.13187383994929,"model average"
195,10,21.2222222222222,1.14931711578414,"model average"
195,10,21.5050505050505,1.16635346939492,"model average"
195,10,21.7878787878788,1.18295417831377,"model average"
195,10,22.0707070707071,1.19909094501595,"model average"
195,10,22.3535353535354,1.21473598334246,"model average"
195,10,22.6363636363636,1.22986210391618,"model average"
195,10,22.9191919191919,1.24444279808584,"model average"
195,10,23.2020202020202,1.25845231993324,"model average"
195,10,23.4848484848485,1.27186576588411,"model average"
195,10,23.7676767676768,1.28465915147101,"model average"
195,10,24.0505050505051,1.29680948480764,"model average"
195,10,24.3333333333333,1.30829483634866,"model average"
195,10,24.6161616161616,1.31909440452641,"model average"
195,10,24.8989898989899,1.32918857687646,"model average"
195,10,25.1818181818182,1.33855898628736,"model average"
195,10,25.4646464646465,1.34718856203629,"model average"
195,10,25.7474747474747,1.35506157530055,"model average"
195,10,26.030303030303,1.36216367886642,"model average"
195,10,26.3131313131313,1.36848194078978,"model average"
195,10,26.5959595959596,1.37400487179815,"model average"
195,10,26.8787878787879,1.37872244626039,"model average"
195,10,27.1616161616162,1.38262611658867,"model average"
195,10,27.4444444444444,1.38568493487598,"model average"
195,10,27.7272727272727,1.38778153803106,"model average"
195,10,28.010101010101,1.38889436448335,"model average"
195,10,28.2929292929293,1.38901692283122,"model average"
195,10,28.5757575757576,1.3881441057936,"model average"
195,10,28.8585858585859,1.38627216366904,"model average"
195,10,29.1414141414141,1.3833986713881,"model average"
195,10,29.4242424242424,1.37952248934262,"model average"
195,10,29.7070707070707,1.37464371821256,"model average"
195,10,29.989898989899,1.36876364804727,"model average"
195,10,30.2727272727273,1.36188470189153,"model average"
195,10,30.5555555555556,1.3540103742792,"model average"
195,10,30.8383838383838,1.34514516494702,"model average"
195,10,31.1212121212121,1.33529450814877,"model average"
195,10,31.4040404040404,1.32446469797512,"model average"
195,10,31.6868686868687,1.31266281010722,"model average"
195,10,31.969696969697,1.29989662045213,"model average"
195,10,32.2525252525253,1.28617452112556,"model average"
195,10,32.5353535353535,1.2715054342623,"model average"
195,10,32.8181818181818,1.25589872414732,"model average"
195,10,33.1010101010101,1.2393641081702,"model average"
195,10,33.3838383838384,1.22191156711387,"model average"
195,10,33.6666666666667,1.2035512552945,"model average"
195,10,33.9494949494949,1.18429341107414,"model average"
195,10,34.2323232323232,1.16414826827121,"model average"
195,10,34.5151515151515,1.14312596899759,"model average"
195,10,34.7979797979798,1.12123647845436,"model average"
195,10,35.0808080808081,1.0984895022239,"model average"
195,10,35.3636363636364,1.07489440660367,"model average"
195,10,35.6464646464647,1.05046014253932,"model average"
195,10,35.9292929292929,1.02519517373341,"model average"
195,10,36.2121212121212,0.999107409533607,"model average"
195,10,36.4949494949495,0.972204143244433,"model average"
195,10,36.7777777777778,0.944491996563515,"model average"
195,10,37.0606060606061,0.915976870923276,"model average"
195,10,37.3434343434343,0.886663906628923,"model average"
195,10,37.6262626262626,0.856557450833924,"model average"
195,10,37.9090909090909,0.825661035597318,"model average"
195,10,38.1919191919192,0.793977367539748,"model average"
195,10,38.4747474747475,0.76150833097803,"model average"
195,10,38.7575757575758,0.728255006897881,"model average"
195,10,39.040404040404,0.69421771075497,"model average"
195,10,39.3232323232323,0.659396052919463,"model average"
195,10,39.6060606060606,0.623789026660703,"model average"
195,10,39.8888888888889,0.587395130009391,"model average"
195,10,40.1717171717172,0.550212529844264,"model average"
195,10,40.4545454545455,0.512239279638115,"model average"
195,10,40.7373737373737,0.473473607824453,"model average"
195,10,41.020202020202,0.43391430553826,"model average"
195,10,41.3030303030303,0.393561271699456,"model average"
195,10,41.5858585858586,0.352416354076441,"model average"
195,10,41.8686868686869,0.310484868454438,"model average"
195,10,42.1515151515151,0.267778993269776,"model average"
195,10,42.4343434343434,0.224327448111184,"model average"
195,10,42.7171717171717,0.180213178958329,"model average"
195,10,43,0.135957958779391,"model average"
195,100,15,1.58097543583813,"model average"
195,100,15.2828282828283,1.65711168924553,"model average"
195,100,15.5656565656566,1.73489973257165,"model average"
195,100,15.8484848484848,1.81427339267798,"model average"
195,100,16.1313131313131,1.89515912336966,"model average"
195,100,16.4141414141414,1.97747585594091,"model average"
195,100,16.6969696969697,2.06113488689061,"model average"
195,100,16.979797979798,2.14603980546848,"model average"
195,100,17.2626262626263,2.23208646351724,"model average"
195,100,17.5454545454545,2.3191629898486,"model average"
195,100,17.8282828282828,2.40714985113176,"model average"
195,100,18.1111111111111,2.49591996098279,"model average"
195,100,18.3939393939394,2.58533883862497,"model average"
195,100,18.6767676767677,2.67526481814381,"model average"
195,100,18.959595959596,2.76554930899073,"model average"
195,100,19.2424242424242,2.85603710799751,"model average"
195,100,19.5252525252525,2.94656676275359,"model average"
195,100,19.8080808080808,3.03697098577354,"model average"
195,100,20.0909090909091,3.12707711844643,"model average"
195,100,20.3737373737374,3.21670764331634,"model average"
195,100,20.6565656565657,3.30568067362646,"model average"
195,100,20.9393939393939,3.39377683330159,"model average"
195,100,21.2222222222222,3.48077740595512,"model average"
195,100,21.5050505050505,3.5664885386092,"model average"
195,100,21.7878787878788,3.65071463535149,"model average"
195,100,22.0707070707071,3.73325910240555,"model average"
195,100,22.3535353535354,3.81392511933671,"model average"
195,100,22.6363636363636,3.89251643171435,"model average"
195,100,22.9191919191919,3.96883816025734,"model average"
195,100,23.2020202020202,4.0426976212339,"model average"
195,100,23.4848484848485,4.11390515267376,"model average"
195,100,23.7676767676768,4.18227494078306,"model average"
195,100,24.0505050505051,4.24762584083344,"model average"
195,100,24.3333333333333,4.30978218672784,"model average"
195,100,24.6161616161616,4.36857458343006,"model average"
195,100,24.8989898989899,4.42384067648202,"model average"
195,100,25.1818181818182,4.47542589292483,"model average"
195,100,25.4646464646465,4.52318414808537,"model average"
195,100,25.7474747474747,4.56697851288929,"model average"
195,100,26.030303030303,4.60668183661311,"model average"
195,100,26.3131313131313,4.64217732028964,"model average"
195,100,26.5959595959596,4.67335903633068,"model average"
195,100,26.8787878787879,4.70013239032549,"model average"
195,100,27.1616161616162,4.72241452140885,"model average"
195,100,27.4444444444444,4.7401346380655,"model average"
195,100,27.7272727272727,4.7532342867428,"model average"
195,100,28.010101010101,4.76166755117632,"model average"
195,100,28.2929292929293,4.76540118088835,"model average"
195,100,28.5757575757576,4.76441464789136,"model average"
195,100,28.8585858585859,4.7587001312115,"model average"
195,100,29.1414141414141,4.74826242943582,"model average"
195,100,29.4242424242424,4.73311880207483,"model average"
195,100,29.7070707070707,4.71329874111328,"model average"
195,100,29.989898989899,4.6888436746917,"model average"
195,100,30.2727272727273,4.65980660541281,"model average"
195,100,30.5555555555556,4.62625168629588,"model average"
195,100,30.8383838383838,4.58825373790332,"model average"
195,100,31.1212121212121,4.54589771063274,"model average"
195,100,31.4040404040404,4.49927809660046,"model average"
195,100,31.6868686868687,4.44849829593591,"model average"
195,100,31.969696969697,4.3936699426572,"model average"
195,100,32.2525252525253,4.33491219560473,"model average"
195,100,32.5353535353535,4.27235100017069,"model average"
195,100,32.8181818181818,4.20611832677693,"model average"
195,100,33.1010101010101,4.13635139222244,"model average"
195,100,33.3838383838384,4.0631918701463,"model average"
195,100,33.6666666666667,3.98678509693409,"model average"
195,100,33.9494949494949,3.90727927943962,"model average"
195,100,34.2323232323232,3.82482471090401,"model average"
195,100,34.5151515151515,3.73957300143713,"model average"
195,100,34.7979797979798,3.65167632939012,"model average"
195,100,35.0808080808081,3.56128671990278,"model average"
195,100,35.3636363636364,3.46855535686898,"model average"
195,100,35.6464646464647,3.37363193454266,"model average"
195,100,35.9292929292929,3.27666405502895,"model average"
195,100,36.2121212121212,3.17779667799401,"model average"
195,100,36.4949494949495,3.07717162912136,"model average"
195,100,36.7777777777778,2.9749271741865,"model average"
195,100,37.0606060606061,2.8711976661801,"model average"
195,100,37.3434343434343,2.76611327377104,"model average"
195,100,37.6262626262626,2.65979980068677,"model average"
195,100,37.9090909090909,2.55237860747884,"model average"
195,100,38.1919191919192,2.44396664989521,"model average"
195,100,38.4747474747475,2.33467665209107,"model average"
195,100,38.7575757575758,2.22461743877496,"model average"
195,100,39.040404040404,2.11389445905331,"model average"
195,100,39.3232323232323,2.00261054773168,"model average"
195,100,39.6060606060606,1.89086698970211,"model average"
195,100,39.8888888888889,1.77876498418308,"model average"
195,100,40.1717171717172,1.66640765584365,"model average"
195,100,40.4545454545455,1.55390284395394,"model average"
195,100,40.7373737373737,1.44136704765468,"model average"
195,100,41.020202020202,1.32893117597093,"model average"
195,100,41.3030303030303,1.21674928228446,"model average"
195,100,41.5858585858586,1.10501259321139,"model average"
195,100,41.8686868686869,0.993973812510005,"model average"
195,100,42.1515151515151,0.883993956708366,"model average"
195,100,42.4343434343434,0.775648408009332,"model average"
195,100,42.7171717171717,0.670045830581176,"model average"
195,100,43,0.571214445760107,"model average"
196,10,15,0.675749958282922,"model average"
196,10,15.2828282828283,0.696273718392658,"model average"
196,10,15.5656565656566,0.717000198373807,"model average"
196,10,15.8484848484848,0.737905563893875,"model average"
196,10,16.1313131313131,0.758964739874141,"model average"
196,10,16.4141414141414,0.780151440705055,"model average"
196,10,16.6969696969697,0.801438207185754,"model average"
196,10,16.979797979798,0.822796450222499,"model average"
196,10,17.2626262626263,0.844196501277886,"model average"
196,10,17.5454545454545,0.865607669518409,"model average"
196,10,17.8282828282828,0.886998305562429,"model average"
196,10,18.1111111111111,0.908335871684351,"model average"
196,10,18.3939393939394,0.929587018284107,"model average"
196,10,18.6767676767677,0.950717666384271,"model average"
196,10,18.959595959596,0.97169309587072,"model average"
196,10,19.2424242424242,0.992478039147028,"model average"
196,10,19.5252525252525,1.01303677982827,"model average"
196,10,19.8080808080808,1.03333325605682,"model average"
196,10,20.0909090909091,1.0533311679817,"model average"
196,10,20.3737373737374,1.07299408890427,"model average"
196,10,20.6565656565657,1.092285579557,"model average"
196,10,20.9393939393939,1.1111693049491,"model average"
196,10,21.2222222222222,1.12960915318342,"model average"
196,10,21.5050505050505,1.14756935562294,"model average"
196,10,21.7878787878788,1.16501460776389,"model average"
196,10,22.0707070707071,1.18191019015483,"model average"
196,10,22.3535353535354,1.19822208868827,"model average"
196,10,22.6363636363636,1.21391711358345,"model average"
196,10,22.9191919191919,1.22896301637547,"model average"
196,10,23.2020202020202,1.24332860422806,"model average"
196,10,23.4848484848485,1.25698385089384,"model average"
196,10,23.7676767676768,1.26990000365832,"model average"
196,10,24.0505050505051,1.28204968562054,"model average"
196,10,24.3333333333333,1.29340699268569,"model average"
196,10,24.6161616161616,1.30394758467177,"model average"
196,10,24.8989898989899,1.31364876996414,"model average"
196,10,25.1818181818182,1.32248958318806,"model average"
196,10,25.4646464646465,1.33044984567179,"model average"
196,10,25.7474747474747,1.33746969608159,"model average"
196,10,26.030303030303,1.34350996534141,"model average"
196,10,26.3131313131313,1.34855541133265,"model average"
196,10,26.5959595959596,1.35259275400473,"model average"
196,10,26.8787878787879,1.35561070206808,"model average"
196,10,27.1616161616162,1.3575999703195,"model average"
196,10,27.4444444444444,1.35855328748388,"model average"
196,10,27.7272727272727,1.358465394518,"model average"
196,10,28.010101010101,1.35733303338354,"model average"
196,10,28.2929292929293,1.35515492635867,"model average"
196,10,28.5757575757576,1.35193174601923,"model average"
196,10,28.8585858585859,1.34766607608069,"model average"
196,10,29.1414141414141,1.34236236335205,"model average"
196,10,29.4242424242424,1.33602686110968,"model average"
196,10,29.7070707070707,1.32866756425476,"model average"
196,10,29.989898989899,1.32029413667049,"model average"
196,10,30.2727272727273,1.3109178312446,"model average"
196,10,30.5555555555556,1.30055140306938,"model average"
196,10,30.8383838383838,1.2892090163737,"model average"
196,10,31.1212121212121,1.27690614578059,"model average"
196,10,31.4040404040404,1.26365947251848,"model average"
196,10,31.6868686868687,1.24948677624506,"model average"
196,10,31.969696969697,1.23440682316897,"model average"
196,10,32.2525252525253,1.21843925117689,"model average"
196,10,32.5353535353535,1.20160445269161,"model average"
196,10,32.8181818181818,1.18392345600086,"model average"
196,10,33.1010101010101,1.16541780580741,"model average"
196,10,33.3838383838384,1.14610944375779,"model average"
196,10,33.6666666666667,1.12602058971176,"model average"
196,10,33.9494949494949,1.10517362451682,"model average"
196,10,34.2323232323232,1.08359097505269,"model average"
196,10,34.5151515151515,1.06129500231153,"model average"
196,10,34.7979797979798,1.03830789328104,"model average"
196,10,35.0808080808081,1.0146515574011,"model average"
196,10,35.3636363636364,0.990347528373763,"model average"
196,10,35.6464646464647,0.965416872121113,"model average"
196,10,35.9292929292929,0.939880101712157,"model average"
196,10,36.2121212121212,0.913757100120266,"model average"
196,10,36.4949494949495,0.887067051734355,"model average"
196,10,36.7777777777778,0.859828383636946,"model average"
196,10,37.0606060606061,0.832058717791697,"model average"
196,10,37.3434343434343,0.803774835466976,"model average"
196,10,37.6262626262626,0.77499265548206,"model average"
196,10,37.9090909090909,0.745727228229807,"model average"
196,10,38.1919191919192,0.715992747949892,"model average"
196,10,38.4747474747475,0.685802586469286,"model average"
196,10,38.7575757575758,0.655169352697651,"model average"
196,10,39.040404040404,0.624104983732725,"model average"
196,10,39.3232323232323,0.592620875765851,"model average"
196,10,39.6060606060606,0.560728066533612,"model average"
196,10,39.8888888888889,0.528437486619196,"model average"
196,10,40.1717171717172,0.495760305866207,"model average"
196,10,40.4545454545455,0.462708416149124,"model average"
196,10,40.7373737373737,0.429295117914558,"model average"
196,10,41.020202020202,0.395536126091203,"model average"
196,10,41.3030303030303,0.361451105586586,"model average"
196,10,41.5858585858586,0.327066148037871,"model average"
196,10,41.8686868686869,0.292418077733512,"model average"
196,10,42.1515151515151,0.257562772861204,"model average"
196,10,42.4343434343434,0.222594049830903,"model average"
196,10,42.7171717171717,0.187700558174589,"model average"
196,10,43,0.153592693191283,"model average"
196,100,15,1.42673608365421,"model average"
196,100,15.2828282828283,1.51382584905937,"model average"
196,100,15.5656565656566,1.60345613233798,"model average"
196,100,15.8484848484848,1.69556512392203,"model average"
196,100,16.1313131313131,1.79007878244456,"model average"
196,100,16.4141414141414,1.88691036781752,"model average"
196,100,16.6969696969697,1.9859600363693,"model average"
196,100,16.979797979798,2.0871145050304,"model average"
196,100,17.2626262626263,2.19024679128899,"model average"
196,100,17.5454545454545,2.29521603528217,"model average"
196,100,17.8282828282828,2.40186740994345,"model average"
196,100,18.1111111111111,2.51003212459162,"model average"
196,100,18.3939393939394,2.61952752672392,"model average"
196,100,18.6767676767677,2.73015730607013,"model average"
196,100,18.959595959596,2.8417118041778,"model average"
196,100,19.2424242424242,2.95396843193896,"model average"
196,100,19.5252525252525,3.06669219654239,"model average"
196,100,19.8080808080808,3.17963633835033,"model average"
196,100,20.0909090909091,3.29254307716538,"model average"
196,100,20.3737373737374,3.40514446628181,"model average"
196,100,20.6565656565657,3.5171633516177,"model average"
196,100,20.9393939393939,3.62831443211271,"model average"
196,100,21.2222222222222,3.73830541646399,"model average"
196,100,21.5050505050505,3.84683827017332,"model average"
196,100,21.7878787878788,3.95361054580622,"model average"
196,100,22.0707070707071,4.05831678833261,"model average"
196,100,22.3535353535354,4.16065000644255,"model average"
196,100,22.6363636363636,4.26030313831257,"model average"
196,100,22.9191919191919,4.35695433292809,"model average"
196,100,23.2020202020202,4.45028774483585,"model average"
196,100,23.4848484848485,4.54000475514543,"model average"
196,100,23.7676767676768,4.62581314824885,"model average"
196,100,24.0505050505051,4.70742874276137,"model average"
196,100,24.3333333333333,4.78457700470863,"model average"
196,100,24.6161616161616,4.85699462952615,"model average"
196,100,24.8989898989899,4.92443107947412,"model average"
196,100,25.1818181818182,4.98665006325325,"model average"
196,100,25.4646464646465,5.04343094493782,"model average"
196,100,25.7474747474747,5.09457006981752,"model average"
196,100,26.030303030303,5.13988199535674,"model average"
196,100,26.3131313131313,5.17920061623445,"model average"
196,100,26.5959595959596,5.21238017330998,"model average"
196,100,26.8787878787879,5.23929613736366,"model average"
196,100,27.1616161616162,5.2598459595724,"model average"
196,100,27.4444444444444,5.27394968188915,"model average"
196,100,27.7272727272727,5.28155040178588,"model average"
196,100,28.010101010101,5.28261458717864,"model average"
196,100,28.2929292929293,5.27713223876323,"model average"
196,100,28.5757575757576,5.26511689843519,"model average"
196,100,28.8585858585859,5.24660550393055,"model average"
196,100,29.1414141414141,5.22165809128632,"model average"
196,100,29.4242424242424,5.19035734816505,"model average"
196,100,29.7070707070707,5.15280802249884,"model average"
196,100,29.989898989899,5.10913619226747,"model average"
196,100,30.2727272727273,5.05948840351836,"model average"
196,100,30.5555555555556,5.00403068494671,"model average"
196,100,30.8383838383838,4.94294744847034,"model average"
196,100,31.1212121212121,4.87644028624184,"model average"
196,100,31.4040404040404,4.80472667543189,"model average"
196,100,31.6868686868687,4.72803860288208,"model average"
196,100,31.969696969697,4.64662112235784,"model average"
196,100,32.2525252525253,4.56073085762619,"model average"
196,100,32.5353535353535,4.47063446493848,"model average"
196,100,32.8181818181818,4.37660706871263,"model average"
196,100,33.1010101010101,4.27893068428668,"model average"
196,100,33.3838383838384,4.17789264155847,"model average"
196,100,33.6666666666667,4.0737840231427,"model average"
196,100,33.9494949494949,3.96689813037437,"model average"
196,100,34.2323232323232,3.85752899007898,"model average"
196,100,34.5151515151515,3.74596991452721,"model average"
196,100,34.7979797979798,3.63251212641266,"model average"
196,100,35.0808080808081,3.51744346005327,"model average"
196,100,35.3636363636364,3.40104714934323,"model average"
196,100,35.6464646464647,3.28360071229713,"model average"
196,100,35.9292929292929,3.1653749413632,"model average"
196,100,36.2121212121212,3.04663300807204,"model average"
196,100,36.4949494949495,2.92762969007649,"model average"
196,100,36.7777777777778,2.80861072828003,"model average"
196,100,37.0606060606061,2.68981232161618,"model average"
196,100,37.3434343434343,2.57146076722004,"model average"
196,100,37.6262626262626,2.45377225435008,"model average"
196,100,37.9090909090909,2.33695282164587,"model average"
196,100,38.1919191919192,2.22119848939341,"model average"
196,100,38.4747474747475,2.10669558177862,"model average"
196,100,38.7575757575758,1.99362125919333,"model average"
196,100,39.040404040404,1.88214428837468,"model average"
196,100,39.3232323232323,1.77242608988097,"model average"
196,100,39.6060606060606,1.66462212039906,"model average"
196,100,39.8888888888889,1.55888367550507,"model average"
196,100,40.1717171717172,1.45536024360996,"model average"
196,100,40.4545454545455,1.35420261659325,"model average"
196,100,40.7373737373737,1.25556709174699,"model average"
196,100,41.020202020202,1.15962133415739,"model average"
196,100,41.3030303030303,1.06655292199179,"model average"
196,100,41.5858585858586,0.976582545237433,"model average"
196,100,41.8686868686869,0.889986024067285,"model average"
196,100,42.1515151515151,0.80713515346432,"model average"
196,100,42.4343434343434,0.728586409509753,"model average"
196,100,42.7171717171717,0.655333870645719,"model average"
196,100,43,0.590457748126075,"model average"
214,10,15,0.749742455262061,"model average"
214,10,15.2828282828283,0.780313251453353,"model average"
214,10,15.5656565656566,0.810797448842992,"model average"
214,10,15.8484848484848,0.841098776283997,"model average"
214,10,16.1313131313131,0.871118092925197,"model average"
214,10,16.4141414141414,0.90075389518713,"model average"
214,10,16.6969696969697,0.929902863273699,"model average"
214,10,16.979797979798,0.958460443320554,"model average"
214,10,17.2626262626263,0.986321460740589,"model average"
214,10,17.5454545454545,1.01338075982495,"model average"
214,10,17.8282828282828,1.03953386420318,"model average"
214,10,18.1111111111111,1.06467765236669,"model average"
214,10,18.3939393939394,1.08871104212314,"model average"
214,10,18.6767676767677,1.11153567758211,"model average"
214,10,18.959595959596,1.13305661208049,"model average"
214,10,19.2424242424242,1.15318196433107,"model average"
214,10,19.5252525252525,1.17182448493178,"model average"
214,10,19.8080808080808,1.1889034211455,"model average"
214,10,20.0909090909091,1.20434398729058,"model average"
214,10,20.3737373737374,1.21807792677838,"model average"
214,10,20.6565656565657,1.23004403191076,"model average"
214,10,20.9393939393939,1.24018861509568,"model average"
214,10,21.2222222222222,1.24846592636184,"model average"
214,10,21.5050505050505,1.25483851259685,"model average"
214,10,21.7878787878788,1.25927751454012,"model average"
214,10,22.0707070707071,1.26176289822471,"model average"
214,10,22.3535353535354,1.26228361827185,"model average"
214,10,22.6363636363636,1.26083771118812,"model average"
214,10,22.9191919191919,1.25743231758796,"model average"
214,10,23.2020202020202,1.25208363305211,"model average"
214,10,23.4848484848485,1.24481678812482,"model average"
214,10,23.7676767676768,1.23566565873742,"model average"
214,10,24.0505050505051,1.22467260911249,"model average"
214,10,24.3333333333333,1.21188816994021,"model average"
214,10,24.6161616161616,1.19737065531615,"model average"
214,10,24.8989898989899,1.18118572257835,"model average"
214,10,25.1818181818182,1.16340587977192,"model average"
214,10,25.4646464646465,1.14410994599408,"model average"
214,10,25.7474747474747,1.12338247032434,"model average"
214,10,26.030303030303,1.10131311541871,"model average"
214,10,26.3131313131313,1.07799601213832,"model average"
214,10,26.5959595959596,1.0535290917895,"model average"
214,10,26.8787878787879,1.02801340267264,"model average"
214,10,27.1616161616162,1.00155241767062,"model average"
214,10,27.4444444444444,0.974251339555946,"model average"
214,10,27.7272727272727,0.946216410561757,"model average"
214,10,28.010101010101,0.917554232548571,"model average"
214,10,28.2929292929293,0.888371103812048,"model average"
214,10,28.5757575757576,0.858772378222514,"model average"
214,10,28.8585858585859,0.8288618519716,"model average"
214,10,29.1414141414141,0.798741182732821,"model average"
214,10,29.4242424242424,0.768509345529385,"model average"
214,10,29.7070707070707,0.738262129052802,"model average"
214,10,29.989898989899,0.708091675598776,"model average"
214,10,30.2727272727273,0.678086067191556,"model average"
214,10,30.5555555555556,0.648328959863409,"model average"
214,10,30.8383838383838,0.618899267450913,"model average"
214,10,31.1212121212121,0.589870895672892,"model average"
214,10,31.4040404040404,0.561312526673923,"model average"
214,10,31.6868686868687,0.533287453659937,"model average"
214,10,31.969696969697,0.505853464725134,"model average"
214,10,32.2525252525253,0.479062774478178,"model average"
214,10,32.5353535353535,0.45296200162554,"model average"
214,10,32.8181818181818,0.427592190265122,"model average"
214,10,33.1010101010101,0.402988872287097,"model average"
214,10,33.3838383838384,0.379182167973807,"model average"
214,10,33.6666666666667,0.356196921637717,"model average"
214,10,33.9494949494949,0.334052868936716,"model average"
214,10,34.2323232323232,0.312764832358856,"model average"
214,10,34.5151515151515,0.292342941273052,"model average"
214,10,34.7979797979798,0.272792872896387,"model average"
214,10,35.0808080808081,0.25411611052994,"model average"
214,10,35.3636363636364,0.236310215460507,"model average"
214,10,35.6464646464647,0.219369109011465,"model average"
214,10,35.9292929292929,0.203283361348491,"model average"
214,10,36.2121212121212,0.188040483800436,"model average"
214,10,36.4949494949495,0.1736252216379,"model average"
214,10,36.7777777777778,0.160019844457132,"model average"
214,10,37.0606060606061,0.147204431540077,"model average"
214,10,37.3434343434343,0.135157149797784,"model average"
214,10,37.6262626262626,0.123854522149157,"model average"
214,10,37.9090909090909,0.11327168443546,"model average"
214,10,38.1919191919192,0.103382629218233,"model average"
214,10,38.4747474747475,0.0941604350496794,"model average"
214,10,38.7575757575758,0.0855774800352527,"model average"
214,10,39.040404040404,0.0776056387230192,"model average"
214,10,39.3232323232323,0.0702164615475854,"model average"
214,10,39.6060606060606,0.0633813362210778,"model average"
214,10,39.8888888888889,0.0570716305906214,"model average"
214,10,40.1717171717172,0.0512588165578072,"model average"
214,10,40.4545454545455,0.0459145746601907,"model average"
214,10,40.7373737373737,0.0410108788133105,"model average"
214,10,41.020202020202,0.0365200604420494,"model average"
214,10,41.3030303030303,0.032414850673024,"model average"
214,10,41.5858585858586,0.0286683981672754,"model average"
214,10,41.8686868686869,0.0252542579794459,"model average"
214,10,42.1515151515151,0.0221463420776289,"model average"
214,10,42.4343434343434,0.0193188103796091,"model average"
214,10,42.7171717171717,0.0167458443909581,"model average"
214,10,43,0.0144010520224392,"model average"
214,100,15,1.17743278264358,"model average"
214,100,15.2828282828283,1.25899336490507,"model average"
214,100,15.5656565656566,1.34316502546787,"model average"
214,100,15.8484848484848,1.42972963472325,"model average"
214,100,16.1313131313131,1.51843802317515,"model average"
214,100,16.4141414141414,1.60901030265074,"model average"
214,100,16.6969696969697,1.70113656501439,"model average"
214,100,16.979797979798,1.79447797203988,"model average"
214,100,17.2626262626263,1.88866824456958,"model average"
214,100,17.5454545454545,1.9833155530835,"model average"
214,100,17.8282828282828,2.07800480541215,"model average"
214,100,18.1111111111111,2.17230032066774,"model average"
214,100,18.3939393939394,2.26574887166105,"model average"
214,100,18.6767676767677,2.35788307125182,"model average"
214,100,18.959595959596,2.44822507138816,"model average"
214,100,19.2424242424242,2.5362905371711,"model average"
214,100,19.5252525252525,2.62159285227816,"model average"
214,100,19.8080808080808,2.70364750539482,"model average"
214,100,20.0909090909091,2.78197660470888,"model average"
214,100,20.3737373737374,2.85611347112226,"model average"
214,100,20.6565656565657,2.9256072313027,"model average"
214,100,20.9393939393939,2.99002736086439,"model average"
214,100,21.2222222222222,3.0489681112052,"model average"
214,100,21.5050505050505,3.10205275625104,"model average"
214,100,21.7878787878788,3.14893759707606,"model average"
214,100,22.0707070707071,3.18931566493421,"model average"
214,100,22.3535353535354,3.22292006693632,"model average"
214,100,22.6363636363636,3.24952692338399,"model average"
214,100,22.9191919191919,3.2689578515464,"model average"
214,100,23.2020202020202,3.28108195733499,"model average"
214,100,23.4848484848485,3.28581730376799,"model average"
214,100,23.7676767676768,3.28313183317836,"model average"
214,100,24.0505050505051,3.27304372864473,"model average"
214,100,24.3333333333333,3.25562120894462,"model average"
214,100,24.6161616161616,3.23098176026485,"model average"
214,100,24.8989898989899,3.19929081677351,"model average"
214,100,25.1818181818182,3.16075991078281,"model average"
214,100,25.4646464646465,3.11564432143842,"model average"
214,100,25.7474747474747,3.06424025849581,"model average"
214,100,26.030303030303,3.00688162463866,"model average"
214,100,26.3131313131313,2.94393640582763,"model average"
214,100,26.5959595959596,2.87580274422976,"model average"
214,100,26.8787878787879,2.80290475228218,"model average"
214,100,27.1616161616162,2.72568812932722,"model average"
214,100,27.4444444444444,2.64461564398371,"model average"
214,100,27.7272727272727,2.56016254598175,"model average"
214,100,28.010101010101,2.47281197060281,"model average"
214,100,28.2929292929293,2.38305039717548,"model average"
214,100,28.5757575757576,2.29136322034507,"model average"
214,100,28.8585858585859,2.19823048914912,"model average"
214,100,29.1414141414141,2.10412286439532,"model average"
214,100,29.4242424242424,2.00949783957429,"model average"
214,100,29.7070707070707,1.91479626467793,"model average"
214,100,29.989898989899,1.82043920597544,"model average"
214,100,30.2727272727273,1.72682516816819,"model average"
214,100,30.5555555555556,1.63432769854517,"model average"
214,100,30.8383838383838,1.54329338593719,"model average"
214,100,31.1212121212121,1.4540402605543,"model average"
214,100,31.4040404040404,1.36685659431583,"model average"
214,100,31.6868686868687,1.28200009516006,"model average"
214,100,31.969696969697,1.19969748315319,"model average"
214,100,32.2525252525253,1.12014443108994,"model average"
214,100,32.5353535353535,1.04350584776039,"model average"
214,100,32.8181818181818,0.969916478201179,"model average"
214,100,33.1010101010101,0.899481792087149,"model average"
214,100,33.3838383838384,0.832279128970188,"model average"
214,100,33.6666666666667,0.768359067333335,"model average"
214,100,33.9494949494949,0.707746983387066,"model average"
214,100,34.2323232323232,0.650444765159748,"model average"
214,100,34.5151515151515,0.59643264768506,"model average"
214,100,34.7979797979798,0.545671135912866,"model average"
214,100,35.0808080808081,0.498102983306311,"model average"
214,100,35.3636363636364,0.453655195869836,"model average"
214,100,35.6464646464647,0.412241033509195,"model average"
214,100,35.9292929292929,0.373761983082369,"model average"
214,100,36.2121212121212,0.338109680185559,"model average"
214,100,36.4949494949495,0.305167759559697,"model average"
214,100,36.7777777777778,0.274813616930572,"model average"
214,100,37.0606060606061,0.246920068045719,"model average"
214,100,37.3434343434343,0.221356893584299,"model average"
214,100,37.6262626262626,0.19799226143983,"model average"
214,100,37.9090909090909,0.176694020564295,"model average"
214,100,38.1919191919192,0.157330863077536,"model average"
214,100,38.4747474747475,0.139773353657539,"model average"
214,100,38.7575757575758,0.12389482731194,"model average"
214,100,39.040404040404,0.109572158473112,"model average"
214,100,39.3232323232323,0.0966864059495386,"model average"
214,100,39.6060606060606,0.0851233396020567,"model average"
214,100,39.8888888888889,0.0747738556981321,"model average"
214,100,40.1717171717172,0.065534288738279,"model average"
214,100,40.4545454545455,0.0573066281583202,"model average"
214,100,40.7373737373737,0.0499986487044882,"model average"
214,100,41.020202020202,0.0435239634731774,"model average"
214,100,41.3030303030303,0.0378020086224304,"model average"
214,100,41.5858585858586,0.0327579686172723,"model average"
214,100,41.8686868686869,0.0283226505839804,"model average"
214,100,42.1515151515151,0.0244323159345296,"model average"
214,100,42.4343434343434,0.0210284768915765,"model average"
214,100,42.7171717171717,0.0180576648974687,"model average"
214,100,43,0.0154711771464396,"model average"
228,10,15,0.712282710113029,"model average"
228,10,15.2828282828283,0.739093805644926,"model average"
228,10,15.5656565656566,0.765763197286634,"model average"
228,10,15.8484848484848,0.792209168231109,"model average"
228,10,16.1313131313131,0.818348042756839,"model average"
228,10,16.4141414141414,0.844094603690275,"model average"
228,10,16.6969696969697,0.869362537431316,"model average"
228,10,16.979797979798,0.89406490339386,"model average"
228,10,17.2626262626263,0.918114624349623,"model average"
228,10,17.5454545454545,0.941424993830467,"model average"
228,10,17.8282828282828,0.963908987700992,"model average"
228,10,18.1111111111111,0.985480170498065,"model average"
228,10,18.3939393939394,1.00605607053837,"model average"
228,10,18.6767676767677,1.02555673387154,"model average"
228,10,18.959595959596,1.04390521731791,"model average"
228,10,19.2424242424242,1.06102810402515,"model average"
228,10,19.5252525252525,1.07685600348354,"model average"
228,10,19.8080808080808,1.09132403116173,"model average"
228,10,20.0909090909091,1.10437226305388,"model average"
228,10,20.3737373737374,1.11594616061688,"model average"
228,10,20.6565656565657,1.12599696182129,"model average"
228,10,20.9393939393939,1.13448203434007,"model average"
228,10,21.2222222222222,1.14136518725021,"model average"
228,10,21.5050505050505,1.14661693802189,"model average"
228,10,21.7878787878788,1.15021473201065,"model average"
228,10,22.0707070707071,1.15214311214677,"model average"
228,10,22.3535353535354,1.15239383702498,"model average"
228,10,22.6363636363636,1.15096594613041,"model average"
228,10,22.9191919191919,1.14786577148719,"model average"
228,10,23.2020202020202,1.14310689557505,"model average"
228,10,23.4848484848485,1.13671005592149,"model average"
228,10,23.7676767676768,1.12870299733285,"model average"
228,10,24.0505050505051,1.11912027327115,"model average"
228,10,24.3333333333333,1.10800299840644,"model average"
228,10,24.6161616161616,1.09539855487053,"model average"
228,10,24.8989898989899,1.08136025520047,"model average"
228,10,25.1818181818182,1.06594696538279,"model average"
228,10,25.4646464646465,1.04922269178828,"model average"
228,10,25.7474747474747,1.03125613611516,"model average"
228,10,26.030303030303,1.01212022273501,"model average"
228,10,26.3131313131313,0.991891603054755,"model average"
228,10,26.5959595959596,0.970650141669862,"model average"
228,10,26.8787878787879,0.948478389185932,"model average"
228,10,27.1616161616162,0.925461046628225,"model average"
228,10,27.4444444444444,0.901684426342263,"model average"
228,10,27.7272727272727,0.877235914214432,"model average"
228,10,28.010101010101,0.852203437912219,"model average"
228,10,28.2929292929293,0.826674945661937,"model average"
228,10,28.5757575757576,0.800737899851802,"model average"
228,10,28.8585858585859,0.774478789473856,"model average"
228,10,29.1414141414141,0.747982665104727,"model average"
228,10,29.4242424242424,0.721332699777664,"model average"
228,10,29.7070707070707,0.694609778722644,"model average"
228,10,29.989898989899,0.667892120553003,"model average"
228,10,30.2727272727273,0.641254932062695,"model average"
228,10,30.5555555555556,0.614770098373221,"model average"
228,10,30.8383838383838,0.588505909740294,"model average"
228,10,31.1212121212121,0.562526825902358,"model average"
228,10,31.4040404040404,0.53689327843265,"model average"
228,10,31.6868686868687,0.511661511147925,"model average"
228,10,31.969696969697,0.486883458235899,"model average"
228,10,32.2525252525253,0.462606659393652,"model average"
228,10,32.5353535353535,0.438874210924884,"model average"
228,10,32.8181818181818,0.415724751428347,"model average"
228,10,33.1010101010101,0.393192480425484,"model average"
228,10,33.3838383838384,0.371307208024645,"model average"
228,10,33.6666666666667,0.350094433503692,"model average"
228,10,33.9494949494949,0.329575450513431,"model average"
228,10,34.2323232323232,0.309767476460878,"model average"
228,10,34.5151515151515,0.29068380352503,"model average"
228,10,34.7979797979798,0.27233396868566,"model average"
228,10,35.0808080808081,0.254723940109373,"model average"
228,10,35.3636363636364,0.23785631723188,"model average"
228,10,35.6464646464647,0.221730541901975,"model average"
228,10,35.9292929292929,0.206343118006464,"model average"
228,10,36.2121212121212,0.19168783707476,"model average"
228,10,36.4949494949495,0.177756007463147,"model average"
228,10,36.7777777777778,0.164536684839061,"model average"
228,10,37.0606060606061,0.152016901820014,"model average"
228,10,37.3434343434343,0.140181894767159,"model average"
228,10,37.6262626262626,0.129015325882174,"model average"
228,10,37.9090909090909,0.118499498903424,"model average"
228,10,38.1919191919192,0.108615566830504,"model average"
228,10,38.4747474747475,0.0993437302130704,"model average"
228,10,38.7575757575758,0.0906634245939804,"model average"
228,10,39.040404040404,0.08255349566206,"model average"
228,10,39.3232323232323,0.0749923604806216,"model average"
228,10,39.6060606060606,0.0679581527028099,"model average"
228,10,39.8888888888889,0.0614288487777084,"model average"
228,10,40.1717171717172,0.0553823704597481,"model average"
228,10,40.4545454545455,0.0497966558893575,"model average"
228,10,40.7373737373737,0.0446496861219858,"model average"
228,10,41.020202020202,0.0399194445006804,"model average"
228,10,41.3030303030303,0.0355837696527256,"model average"
228,10,41.5858585858586,0.031620033768697,"model average"
228,10,41.8686868686869,0.0280045266646521,"model average"
228,10,42.1515151515151,0.0247113357372335,"model average"
228,10,42.4343434343434,0.0217103499520132,"model average"
228,10,42.7171717171717,0.0189637136352372,"model average"
228,10,43,0.01641936817761,"model average"
228,100,15,0.502730780789765,"model average"
228,100,15.2828282828283,0.549295274337915,"model average"
228,100,15.5656565656566,0.598524883748423,"model average"
228,100,15.8484848484848,0.650376010432706,"model average"
228,100,16.1313131313131,0.704778687472453,"model average"
228,100,16.4141414141414,0.761635098016785,"model average"
228,100,16.6969696969697,0.82081836564767,"model average"
228,100,16.979797979798,0.882171660150675,"model average"
228,100,17.2626262626263,0.945507659395951,"model average"
228,100,17.5454545454545,1.01060840415482,"model average"
228,100,17.8282828282828,1.07722557765894,"model average"
228,100,18.1111111111111,1.14508123559363,"model average"
228,100,18.3939393939394,1.21386900508026,"model average"
228,100,18.6767676767677,1.28325576315512,"model average"
228,100,18.959595959596,1.35288379643748,"model average"
228,100,19.2424242424242,1.4223734342722,"model average"
228,100,19.5252525252525,1.49132613783504,"model average"
228,100,19.8080808080808,1.55932801712768,"model average"
228,100,20.0909090909091,1.62595373616713,"model average"
228,100,20.3737373737374,1.69077077375675,"model average"
228,100,20.6565656565657,1.75334396212441,"model average"
228,100,20.9393939393939,1.81324025160558,"model average"
228,100,21.2222222222222,1.87003362969662,"model average"
228,100,21.5050505050505,1.92331011673613,"model average"
228,100,21.7878787878788,1.9726727572566,"model average"
228,100,22.0707070707071,2.01774652348641,"model average"
228,100,22.3535353535354,2.05818304669867,"model average"
228,100,22.6363636363636,2.09366509317155,"model average"
228,100,22.9191919191919,2.12391070446668,"model average"
228,100,23.2020202020202,2.14867692652138,"model average"
228,100,23.4848484848485,2.16776305860617,"model average"
228,100,23.7676767676768,2.18101336139127,"model average"
228,100,24.0505050505051,2.18831917301742,"model average"
228,100,24.3333333333333,2.18962039295644,"model average"
228,100,24.6161616161616,2.18490630531877,"model average"
228,100,24.8989898989899,2.17421572583244,"model average"
228,100,25.1818181818182,2.15763646967365,"model average"
228,100,25.4646464646465,2.13530415035391,"model average"
228,100,25.7474747474747,2.10740033264249,"model average"
228,100,26.030303030303,2.0741500747119,"model average"
228,100,26.3131313131313,2.03581890604188,"model average"
228,100,26.5959595959596,1.99270929783382,"model average"
228,100,26.8787878787879,1.9451566915346,"model average"
228,100,27.1616161616162,1.89352515835107,"model average"
228,100,27.4444444444444,1.83820276820179,"model average"
228,100,27.7272727272727,1.77959675029922,"model average"
228,100,28.010101010101,1.71812852943409,"model average"
228,100,28.2929292929293,1.65422872204398,"model average"
228,100,28.5757575757576,1.58833217434301,"model average"
228,100,28.8585858585859,1.52087312126778,"model average"
228,100,29.1414141414141,1.45228053989822,"model average"
228,100,29.4242424242424,1.38297376452129,"model average"
228,100,29.7070707070707,1.31335842282998,"model average"
228,100,29.989898989899,1.24382274412457,"model average"
228,100,30.2727272727273,1.17473428105628,"model average"
228,100,30.5555555555556,1.10643707668279,"model average"
228,100,30.8383838383838,1.03924929864678,"model average"
228,100,31.1212121212121,0.973461352391475,"model average"
228,100,31.4040404040404,0.909334475725003,"model average"
228,100,31.6868686868687,0.847099807951483,"model average"
228,100,31.969696969697,0.786957918388059,"model average"
228,100,32.2525252525253,0.729078771541251,"model average"
228,100,32.5353535353535,0.673602099647862,"model average"
228,100,32.8181818181818,0.620638147786055,"model average"
228,100,33.1010101010101,0.570268752387472,"model average"
228,100,33.3838383838384,0.522548710754203,"model average"
228,100,33.6666666666667,0.47750739709567,"model average"
228,100,33.9494949494949,0.435150579611904,"model average"
228,100,34.2323232323232,0.395462393196511,"model average"
228,100,34.5151515151515,0.358407423329019,"model average"
228,100,34.7979797979798,0.323932858567829,"model average"
228,100,35.0808080808081,0.291970671624899,"model average"
228,100,35.3636363636364,0.26243979217545,"model average"
228,100,35.6464646464647,0.235248238200468,"model average"
228,100,35.9292929292929,0.21029517664637,"model average"
228,100,36.2121212121212,0.187472888388065,"model average"
228,100,36.4949494949495,0.166668616779338,"model average"
228,100,36.7777777777778,0.147766283357473,"model average"
228,100,37.0606060606061,0.130648058439257,"model average"
228,100,37.3434343434343,0.115195778317674,"model average"
228,100,37.6262626262626,0.101292204472141,"model average"
228,100,37.9090909090909,0.0888221235839854,"model average"
228,100,38.1919191919192,0.0776732901618397,"model average"
228,100,38.4747474747475,0.0677372162016912,"model average"
228,100,38.7575757575758,0.0589098145195845,"model average"
228,100,39.040404040404,0.0510919041999133,"model average"
228,100,39.3232323232323,0.044189588007714,"model average"
228,100,39.6060606060606,0.0381145126374924,"model average"
228,100,39.8888888888889,0.0327840233392644,"model average"
228,100,40.1717171717172,0.0281212248057414,"model average"
228,100,40.4545454545455,0.0240549602579619,"model average"
228,100,40.7373737373737,0.0205197204674332,"model average"
228,100,41.020202020202,0.017455494039087,"model average"
228,100,41.3030303030303,0.0148075696885958,"model average"
228,100,41.5858585858586,0.0125263005164368,"model average"
228,100,41.8686868686869,0.01056683944768,"model average"
228,100,42.1515151515151,0.00888885412561443,"model average"
228,100,42.4343434343434,0.00745622876856342,"model average"
228,100,42.7171717171717,0.00623676058635494,"model average"
228,100,43,0.00520186920062735,"model average"
231,10,15,0.702072024827258,"model average"
231,10,15.2828282828283,0.724660869128552,"model average"
231,10,15.5656565656566,0.747419602940101,"model average"
231,10,15.8484848484848,0.770314324048587,"model average"
231,10,16.1313131313131,0.793309591796479,"model average"
231,10,16.4141414141414,0.816368496371402,"model average"
231,10,16.6969696969697,0.839452738098579,"model average"
231,10,16.979797979798,0.862522716613384,"model average"
231,10,17.2626262626263,0.885537629717728,"model average"
231,10,17.5454545454545,0.908455581649745,"model average"
231,10,17.8282828282828,0.931233700421707,"model average"
231,10,18.1111111111111,0.953828263806914,"model average"
231,10,18.3939393939394,0.97619483348319,"model average"
231,10,18.6767676767677,0.998288396769253,"model average"
231,10,18.959595959596,1.02006351532126,"model average"
231,10,19.2424242424242,1.04147448009102,"model average"
231,10,19.5252525252525,1.06247547178533,"model average"
231,10,19.8080808080808,1.08302072600831,"model average"
231,10,20.0909090909091,1.10306470221621,"model average"
231,10,20.3737373737374,1.12256225556716,"model average"
231,10,20.6565656565657,1.14146881070797,"model average"
231,10,20.9393939393939,1.1597405365062,"model average"
231,10,21.2222222222222,1.17733452070887,"model average"
231,10,21.5050505050505,1.19420894349041,"model average"
231,10,21.7878787878788,1.21032324884104,"model average"
231,10,22.0707070707071,1.2256383127437,"model average"
231,10,22.3535353535354,1.24011660709307,"model average"
231,10,22.6363636363636,1.25372235832368,"model average"
231,10,22.9191919191919,1.26642169973628,"model average"
231,10,23.2020202020202,1.27818281654202,"model average"
231,10,23.4848484848485,1.28897608268235,"model average"
231,10,23.7676767676768,1.29877418852959,"model average"
231,10,24.0505050505051,1.30755225862646,"model average"
231,10,24.3333333333333,1.31528795868502,"model average"
231,10,24.6161616161616,1.32196159113302,"model average"
231,10,24.8989898989899,1.32755617857012,"model average"
231,10,25.1818181818182,1.33205753457649,"model average"
231,10,25.4646464646465,1.33545432140096,"model average"
231,10,25.7474747474747,1.33773809414496,"model average"
231,10,26.030303030303,1.33889066231709,"model average"
231,10,26.3131313131313,1.33886321722086,"model average"
231,10,26.5959595959596,1.33765088069476,"model average"
231,10,26.8787878787879,1.33525579446238,"model average"
231,10,27.1616161616162,1.33168299085665,"model average"
231,10,27.4444444444444,1.32694035310098,"model average"
231,10,27.7272727272727,1.32103856207839,"model average"
231,10,28.010101010101,1.31399102997175,"model average"
231,10,28.2929292929293,1.30581382124861,"model average"
231,10,28.5757575757576,1.29652556155009,"model average"
231,10,28.8585858585859,1.28614733512497,"model average"
231,10,29.1414141414141,1.27470257152605,"model average"
231,10,29.4242424242424,1.26221692235634,"model average"
231,10,29.7070707070707,1.24871812891599,"model average"
231,10,29.989898989899,1.23423588165828,"model average"
231,10,30.2727272727273,1.21880167241175,"model average"
231,10,30.5555555555556,1.20244864036818,"model average"
231,10,30.8383838383838,1.1852114128698,"model average"
231,10,31.1212121212121,1.1671259420554,"model average"
231,10,31.4040404040404,1.14822933844338,"model average"
231,10,31.6868686868687,1.12855970254014,"model average"
231,10,31.969696969697,1.10815595556482,"model average"
231,10,32.2525252525253,1.08705767037694,"model average"
231,10,32.5353535353535,1.06530490368168,"model average"
231,10,32.8181818181818,1.04293803056926,"model average"
231,10,33.1010101010101,1.01999758242098,"model average"
231,10,33.3838383838384,0.996524089184722,"model average"
231,10,33.6666666666667,0.97255792698936,"model average"
231,10,33.9494949494949,0.948139172029989,"model average"
231,10,34.2323232323232,0.923307461616595,"model average"
231,10,34.5151515151515,0.898101863238213,"model average"
231,10,34.7979797979798,0.872560752454645,"model average"
231,10,35.0808080808081,0.846721700390078,"model average"
231,10,35.3636363636364,0.820621371569622,"model average"
231,10,35.6464646464647,0.794295432813263,"model average"
231,10,35.9292929292929,0.767778473885276,"model average"
231,10,36.2121212121212,0.741103940594223,"model average"
231,10,36.4949494949495,0.714304081054382,"model average"
231,10,36.7777777777778,0.687409905859389,"model average"
231,10,37.0606060606061,0.660451162991046,"model average"
231,10,37.3434343434343,0.633456328400313,"model average"
231,10,37.6262626262626,0.606452613366416,"model average"
231,10,37.9090909090909,0.579465989980657,"model average"
231,10,38.1919191919192,0.552521236435661,"model average"
231,10,38.4747474747475,0.525642004257586,"model average"
231,10,38.7575757575758,0.498850910235827,"model average"
231,10,39.040404040404,0.472169656632512,"model average"
231,10,39.3232323232323,0.445619184360848,"model average"
231,10,39.6060606060606,0.419219865305215,"model average"
231,10,39.8888888888889,0.392991741971107,"model average"
231,10,40.1717171717172,0.366954825477622,"model average"
231,10,40.4545454545455,0.341129467118929,"model average"
231,10,40.7373737373737,0.315536825687364,"model average"
231,10,41.020202020202,0.290199465965191,"model average"
231,10,41.3030303030303,0.26514215280086,"model average"
231,10,41.5858585858586,0.240392977681838,"model average"
231,10,41.8686868686869,0.215985157367439,"model average"
231,10,42.1515151515151,0.191960480472543,"model average"
231,10,42.4343434343434,0.168377724097947,"model average"
231,10,42.7171717171717,0.145340922793834,"model average"
231,10,43,0.123208927064888,"model average"
231,100,15,1.96273461066122,"model average"
231,100,15.2828282828283,2.04347258324677,"model average"
231,100,15.5656565656566,2.12549181386046,"model average"
231,100,15.8484848484848,2.20865850290824,"model average"
231,100,16.1313131313131,2.29282915162621,"model average"
231,100,16.4141414141414,2.37785082544248,"model average"
231,100,16.6969696969697,2.46356148327685,"model average"
231,100,16.979797979798,2.54979037315014,"model average"
231,100,17.2626262626263,2.63635849394747,"model average"
231,100,17.5454545454545,2.72307912263344,"model average"
231,100,17.8282828282828,2.80975840565575,"model average"
231,100,18.1111111111111,2.89619601270416,"model average"
231,100,18.3939393939394,2.98218585041759,"model average"
231,100,18.6767676767677,3.06751683306179,"model average"
231,100,18.959595959596,3.1519737066371,"model average"
231,100,19.2424242424242,3.23533792232816,"model average"
231,100,19.5252525252525,3.31738855468091,"model average"
231,100,19.8080808080808,3.39790325939207,"model average"
231,100,20.0909090909091,3.47665926513009,"model average"
231,100,20.3737373737374,3.55343439337843,"model average"
231,100,20.6565656565657,3.62800809990905,"model average"
231,100,20.9393939393939,3.70016253116014,"model average"
231,100,21.2222222222222,3.76967973019752,"model average"
231,100,21.5050505050505,3.8363203755589,"model average"
231,100,21.7878787878788,3.89987382965115,"model average"
231,100,22.0707070707071,3.96014252364454,"model average"
231,100,22.3535353535354,4.01693681385303,"model average"
231,100,22.6363636363636,4.0700759746318,"model average"
231,100,22.9191919191919,4.11938915475837,"model average"
231,100,23.2020202020202,4.16471629012751,"model average"
231,100,23.4848484848485,4.20590896584059,"model average"
231,100,23.7676767676768,4.24283122108773,"model average"
231,100,24.0505050505051,4.27536029060349,"model average"
231,100,24.3333333333333,4.30338727692083,"model average"
231,100,24.6161616161616,4.32681774814987,"model average"
231,100,24.8989898989899,4.34557225656269,"model average"
231,100,25.1818181818182,4.35958677386763,"model average"
231,100,25.4646464646465,4.36881303970108,"model average"
231,100,25.7474747474747,4.37321882054425,"model average"
231,100,26.030303030303,4.37278807698086,"model average"
231,100,26.3131313131313,4.36752103794116,"model average"
231,100,26.5959595959596,4.35743418132159,"model average"
231,100,26.8787878787879,4.34256012111894,"model average"
231,100,27.1616161616162,4.32294740196662,"model average"
231,100,27.4444444444444,4.29866020269971,"model average"
231,100,27.7272727272727,4.26977795129801,"model average"
231,100,28.010101010101,4.23639485425499,"model average"
231,100,28.2929292929293,4.19861934408724,"model average"
231,100,28.5757575757576,4.15657344932892,"model average"
231,100,28.8585858585859,4.11039209194043,"model average"
231,100,29.1414141414141,4.06022231759631,"model average"
231,100,29.4242424242424,4.00622246479773,"model average"
231,100,29.7070707070707,3.94856127917646,"model average"
231,100,29.989898989899,3.88741697971567,"model average"
231,100,30.2727272727273,3.82297628390569,"model average"
231,100,30.5555555555556,3.75543339907751,"model average"
231,100,30.8383838383838,3.68498898731264,"model average"
231,100,31.1212121212121,3.61184911141354,"model average"
231,100,31.4040404040404,3.53622416943544,"model average"
231,100,31.6868686868687,3.45832782522822,"model average"
231,100,31.969696969697,3.37837594231852,"model average"
231,100,32.2525252525253,3.29658552827972,"model average"
231,100,32.5353535353535,3.213173696494,"model average"
231,100,32.8181818181818,3.12835665191026,"model average"
231,100,33.1010101010101,3.04234870704897,"model average"
231,100,33.3838383838384,2.95536133410414,"model average"
231,100,33.6666666666667,2.86760225854973,"model average"
231,100,33.9494949494949,2.77927459917785,"model average"
231,100,34.2323232323232,2.69057605898562,"model average"
231,100,34.5151515151515,2.60169817079185,"model average"
231,100,34.7979797979798,2.51282560091069,"model average"
231,100,35.0808080808081,2.42413551364278,"model average"
231,100,35.3636363636364,2.33579699877163,"model average"
231,100,35.6464646464647,2.24797056367971,"model average"
231,100,35.9292929292929,2.16080769113113,"model average"
231,100,36.2121212121212,2.07445046321098,"model average"
231,100,36.4949494949495,1.98903125137119,"model average"
231,100,36.7777777777778,1.904672472013,"model average"
231,100,37.0606060606061,1.8214864065425,"model average"
231,100,37.3434343434343,1.73957508437036,"model average"
231,100,37.6262626262626,1.6590302268953,"model average"
231,100,37.9090909090909,1.5799332501137,"model average"
231,100,38.1919191919192,1.50235532313874,"model average"
231,100,38.4747474747475,1.42635747959274,"model average"
231,100,38.7575757575758,1.35199077855595,"model average"
231,100,39.040404040404,1.27929651151534,"model average"
231,100,39.3232323232323,1.20830645155491,"model average"
231,100,39.6060606060606,1.13904314086364,"model average"
231,100,39.8888888888889,1.07152021250164,"model average"
231,100,40.1717171717172,1.00574274224986,"model average"
231,100,40.4545454545455,0.941707626255496,"model average"
231,100,40.7373737373737,0.879403980034901,"model average"
231,100,41.020202020202,0.818813554128535,"model average"
231,100,41.3030303030303,0.759911161124272,"model average"
231,100,41.5858585858586,0.702665107374485,"model average"
231,100,41.8686868686869,0.647037619024106,"model average"
231,100,42.1515151515151,0.592985240592301,"model average"
231,100,42.4343434343434,0.540459140783518,"model average"
231,100,42.7171717171717,0.489405010865157,"model average"
231,100,43,0.439754868043303,"model average"
240,10,15,0.674196677575325,"model average"
240,10,15.2828282828283,0.704668557248786,"model average"
240,10,15.5656565656566,0.734702115429142,"model average"
240,10,15.8484848484848,0.764217341799289,"model average"
240,10,16.1313131313131,0.793133162006748,"model average"
240,10,16.4141414141414,0.821367810229717,"model average"
240,10,16.6969696969697,0.848839232585064,"model average"
240,10,16.979797979798,0.875465517890318,"model average"
240,10,17.2626262626263,0.901165351898006,"model average"
240,10,17.5454545454545,0.925858218291147,"model average"
240,10,17.8282828282828,0.949465151288607,"model average"
240,10,18.1111111111111,0.971909523129777,"model average"
240,10,18.3939393939394,0.993117265416052,"model average"
240,10,18.6767676767677,1.01301737151114,"model average"
240,10,18.959595959596,1.03154239327319,"model average"
240,10,19.2424242424242,1.04862892677032,"model average"
240,10,19.5252525252525,1.06421808168047,"model average"
240,10,19.8080808080808,1.07825592917436,"model average"
240,10,20.0909090909091,1.09069392324546,"model average"
240,10,20.3737373737374,1.10148929068096,"model average"
240,10,20.6565656565657,1.11060538516086,"model average"
240,10,20.9393939393939,1.1180120013257,"model average"
240,10,21.2222222222222,1.12368564506224,"model average"
240,10,21.5050505050505,1.12760975671599,"model average"
240,10,21.7878787878788,1.12977488444404,"model average"
240,10,22.0707070707071,1.13017880546333,"model average"
240,10,22.3535353535354,1.12882659352304,"model average"
240,10,22.6363636363636,1.12573063152503,"model average"
240,10,22.9191919191919,1.12091056882675,"model average"
240,10,23.2020202020202,1.11439322337726,"model average"
240,10,23.4848484848485,1.10621242945082,"model average"
240,10,23.7676767676768,1.09640883234531,"model average"
240,10,24.0505050505051,1.08502963199578,"model average"
240,10,24.3333333333333,1.07212827800958,"model average"
240,10,24.6161616161616,1.05776411914987,"model average"
240,10,24.8989898989899,1.04200201077355,"model average"
240,10,25.1818181818182,1.02491188415951,"model average"
240,10,25.4646464646465,1.0065682820405,"model average"
240,10,25.7474747474747,0.987049864969753,"model average"
240,10,26.030303030303,0.966438893410335,"model average"
240,10,26.3131313131313,0.944820690626903,"model average"
240,10,26.5959595959596,0.922283091585459,"model average"
240,10,26.8787878787879,0.898915883125749,"model average"
240,10,27.1616161616162,0.874810240663902,"model average"
240,10,27.4444444444444,0.850058166611202,"model average"
240,10,27.7272727272727,0.824751935560926,"model average"
240,10,28.010101010101,0.798983551102388,"model average"
240,10,28.2929292929293,0.772844218873831,"model average"
240,10,28.5757575757576,0.746423840168533,"model average"
240,10,28.8585858585859,0.719810530066941,"model average"
240,10,29.1414141414141,0.693090163687819,"model average"
240,10,29.4242424242424,0.666345953739818,"model average"
240,10,29.7070707070707,0.639658062118124,"model average"
240,10,29.989898989899,0.613103247835885,"model average"
240,10,30.2727272727273,0.586754553113786,"model average"
240,10,30.5555555555556,0.560681028980282,"model average"
240,10,30.8383838383838,0.534947501266164,"model average"
240,10,31.1212121212121,0.509614377416797,"model average"
240,10,31.4040404040404,0.484737494099236,"model average"
240,10,31.6868686868687,0.460368005155189,"model average"
240,10,31.969696969697,0.436552309049195,"model average"
240,10,32.2525252525253,0.413332014588901,"model average"
240,10,32.5353535353535,0.390743943354407,"model average"
240,10,32.8181818181818,0.368820166969605,"model average"
240,10,33.1010101010101,0.347588077082272,"model average"
240,10,33.3838383838384,0.327070485693267,"model average"
240,10,33.6666666666667,0.307285753289224,"model average"
240,10,33.9494949494949,0.28824794208815,"model average"
240,10,34.2323232323232,0.269966991602776,"model average"
240,10,34.5151515151515,0.252448913661452,"model average"
240,10,34.7979797979798,0.235696003999517,"model average"
240,10,35.0808080808081,0.219707067543155,"model average"
240,10,35.3636363636364,0.204477654550681,"model average"
240,10,35.6464646464647,0.190000304850004,"model average"
240,10,35.9292929292929,0.176264797512846,"model average"
240,10,36.2121212121212,0.163258403432782,"model average"
240,10,36.4949494949495,0.150966138422044,"model average"
240,10,36.7777777777778,0.13937101460766,"model average"
240,10,37.0606060606061,0.128454288087581,"model average"
240,10,37.3434343434343,0.118195700998361,"model average"
240,10,37.6262626262626,0.108573716344425,"model average"
240,10,37.9090909090909,0.0995657441417695,"model average"
240,10,38.1919191919192,0.0911483576329276,"model average"
240,10,38.4747474747475,0.0832974985326016,"model average"
240,10,38.7575757575758,0.075988670461736,"model average"
240,10,39.040404040404,0.0691971199196951,"model average"
240,10,39.3232323232323,0.0628980043278106,"model average"
240,10,39.6060606060606,0.0570665468508332,"model average"
240,10,39.8888888888889,0.0516781778645853,"model average"
240,10,40.1717171717172,0.0467086630871949,"model average"
240,10,40.4545454545455,0.0421342185266202,"model average"
240,10,40.7373737373737,0.0379316125186283,"model average"
240,10,41.020202020202,0.0340782552362593,"model average"
240,10,41.3030303030303,0.0305522761441368,"model average"
240,10,41.5858585858586,0.0273325899491773,"model average"
240,10,41.8686868686869,0.0243989516632345,"model average"
240,10,42.1515151515151,0.0217320014440107,"model average"
240,10,42.4343434343434,0.0193132999182635,"model average"
240,10,42.7171717171717,0.0171253547174593,"model average"
240,10,43,0.0151516389707147,"model average"
240,100,15,1.26251717213363,"model average"
240,100,15.2828282828283,1.34000559712753,"model average"
240,100,15.5656565656566,1.4192696681336,"model average"
240,100,15.8484848484848,1.50007234824584,"model average"
240,100,16.1313131313131,1.58215289828766,"model average"
240,100,16.4141414141414,1.66522777457987,"model average"
240,100,16.6969696969697,1.74899182215483,"model average"
240,100,16.979797979798,1.83311976417415,"model average"
240,100,17.2626262626263,1.91726798389358,"model average"
240,100,17.5454545454545,2.00107659093681,"model average"
240,100,17.8282828282828,2.08417175896893,"model average"
240,100,18.1111111111111,2.16616831718603,"model average"
240,100,18.3939393939394,2.24667257344999,"model average"
240,100,18.6767676767677,2.32528534248886,"model average"
240,100,18.959595959596,2.40160514844573,"model average"
240,100,19.2424242424242,2.47523156728283,"model average"
240,100,19.5252525252525,2.54576866987194,"model average"
240,100,19.8080808080808,2.61282851407834,"model average"
240,100,20.0909090909091,2.67603469591989,"model average"
240,100,20.3737373737374,2.73502584149384,"model average"
240,100,20.6565656565657,2.78945902979292,"model average"
240,100,20.9393939393939,2.83901310413495,"model average"
240,100,21.2222222222222,2.88339182272566,"model average"
240,100,21.5050505050505,2.92232680519339,"model average"
240,100,21.7878787878788,2.95558023413893,"model average"
240,100,22.0707070707071,2.98294727367905,"model average"
240,100,22.3535353535354,3.00425817058498,"model average"
240,100,22.6363636363636,3.0193800078676,"model average"
240,100,22.9191919191919,3.02821808546771,"model average"
240,100,23.2020202020202,3.03071690798697,"model average"
240,100,23.4848484848485,3.0268607650462,"model average"
240,100,23.7676767676768,3.0166738957802,"model average"
240,100,24.0505050505051,3.00022023505916,"model average"
240,100,24.3333333333333,2.97760274515388,"model average"
240,100,24.6161616161616,2.94896234261873,"model average"
240,100,24.8989898989899,2.91447643603949,"model average"
240,100,25.1818181818182,2.87435709587341,"model average"
240,100,25.4646464646465,2.82884888279276,"model average"
240,100,25.7474747474747,2.77822636563789,"model average"
240,100,26.030303030303,2.72279136420789,"model average"
240,100,26.3131313131313,2.66286995559688,"model average"
240,100,26.5959595959596,2.59880928556643,"model average"
240,100,26.8787878787879,2.53097422848914,"model average"
240,100,27.1616161616162,2.45974394068072,"model average"
240,100,27.4444444444444,2.38550835245073,"model average"
240,100,27.7272727272727,2.30866464395276,"model average"
240,100,28.010101010101,2.2296137489276,"model average"
240,100,28.2929292929293,2.14875692874613,"model average"
240,100,28.5757575757576,2.06649245682337,"model average"
240,100,28.8585858585859,1.98321245055548,"model average"
240,100,29.1414141414141,1.89929988450086,"model average"
240,100,29.4242424242424,1.81512581466541,"model average"
240,100,29.7070707070707,1.73104683954912,"model average"
240,100,29.989898989899,1.64740281915652,"model average"
240,100,30.2727272727273,1.56451486855962,"model average"
240,100,30.5555555555556,1.48268363792114,"model average"
240,100,30.8383838383838,1.40218788622697,"model average"
240,100,31.1212121212121,1.32328335142396,"model average"
240,100,31.4040404040404,1.24620191529173,"model average"
240,100,31.6868686868687,1.17115105726444,"model average"
240,100,31.969696969697,1.0983135876237,"model average"
240,100,32.2525252525253,1.02784764705707,"model average"
240,100,32.5353535353535,0.95988695656143,"model average"
240,100,32.8181818181818,0.894541299095912,"model average"
240,100,33.1010101010101,0.831897212276319,"model average"
240,100,33.3838383838384,0.772018869760605,"model average"
240,100,33.6666666666667,0.714949127802726,"model average"
240,100,33.9494949494949,0.660710712739844,"model average"
240,100,34.2323232323232,0.609307524906336,"model average"
240,100,34.5151515151515,0.560726034611475,"model average"
240,100,34.7979797979798,0.514936746342811,"model average"
240,100,35.0808080808081,0.471895708226307,"model average"
240,100,35.3636363636364,0.431546044945104,"model average"
240,100,35.6464646464647,0.393819493746281,"model average"
240,100,35.9292929292929,0.358637924803091,"model average"
240,100,36.2121212121212,0.325914829001463,"model average"
240,100,36.4949494949495,0.295556758138367,"model average"
240,100,36.7777777777778,0.267464704510818,"model average"
240,100,37.0606060606061,0.24153540889598,"model average"
240,100,37.3434343434343,0.217662587935817,"model average"
240,100,37.6262626262626,0.195738073908703,"model average"
240,100,37.9090909090909,0.175652861764336,"model average"
240,100,38.1919191919192,0.157298060090293,"model average"
240,100,38.4747474747475,0.140565744346681,"model average"
240,100,38.7575757575758,0.125349712232031,"model average"
240,100,39.040404040404,0.111546142415901,"model average"
240,100,39.3232323232323,0.0990541590830681,"model average"
240,100,39.6060606060606,0.0877763057760996,"model average"
240,100,39.8888888888889,0.0776189328966307,"model average"
240,100,40.1717171717172,0.0684925039331529,"model average"
240,100,40.4545454545455,0.0603118260294939,"model average"
240,100,40.7373737373737,0.0529962109003332,"model average"
240,100,41.020202020202,0.0464695723464113,"model average"
240,100,41.3030303030303,0.0406604667315942,"model average"
240,100,41.5858585858586,0.0355020827672103,"model average"
240,100,41.8686868686869,0.0309321868233608,"model average"
240,100,42.1515151515151,0.0268930298029948,"model average"
240,100,42.4343434343434,0.0233312215947953,"model average"
240,100,42.7171717171717,0.0201975806054185,"model average"
240,100,43,0.0174469884026197,"model average"
245,10,15,0.739906193248383,"model average"
245,10,15.2828282828283,0.765594847026456,"model average"
245,10,15.5656565656566,0.791508033381919,"model average"
245,10,15.8484848484848,0.817613403777813,"model average"
245,10,16.1313131313131,0.843877124830451,"model average"
245,10,16.4141414141414,0.87026392259213,"model average"
245,10,16.6969696969697,0.896737135783743,"model average"
245,10,16.979797979798,0.923258777997951,"model average"
245,10,17.2626262626263,0.949789608833227,"model average"
245,10,17.5454545454545,0.976288939768218,"model average"
245,10,17.8282828282828,1.00270036434756,"model average"
245,10,18.1111111111111,1.02897222426611,"model average"
245,10,18.3939393939394,1.05506022388347,"model average"
245,10,18.6767676767677,1.08091927387711,"model average"
245,10,18.959595959596,1.10650361108028,"model average"
245,10,19.2424242424242,1.13176692518322,"model average"
245,10,19.5252525252525,1.15666249175233,"model average"
245,10,19.8080808080808,1.18114331096445,"model average"
245,10,20.0909090909091,1.20516225139899,"model average"
245,10,20.3737373737374,1.22867219817953,"model average"
245,10,20.6565656565657,1.25162620471052,"model average"
245,10,20.9393939393939,1.27397764721232,"model average"
245,10,21.2222222222222,1.2956803812219,"model average"
245,10,21.5050505050505,1.31668889919519,"model average"
245,10,21.7878787878788,1.33695848832259,"model average"
245,10,22.0707070707071,1.3564453876508,"model average"
245,10,22.3535353535354,1.37510694359219,"model average"
245,10,22.6363636363636,1.39290176289872,"model average"
245,10,22.9191919191919,1.40978986217925,"model average"
245,10,23.2020202020202,1.42573281304915,"model average"
245,10,23.4848484848485,1.4406938820176,"model average"
245,10,23.7676767676768,1.45463816424223,"model average"
245,10,24.0505050505051,1.46753271031162,"model average"
245,10,24.3333333333333,1.47934664525459,"model average"
245,10,24.6161616161616,1.49005127901947,"model average"
245,10,24.8989898989899,1.499620207718,"model average"
245,10,25.1818181818182,1.50802940498549,"model average"
245,10,25.4646464646465,1.51525730287134,"model average"
245,10,25.7474747474747,1.52128486174222,"model average"
245,10,26.030303030303,1.52609562875188,"model average"
245,10,26.3131313131313,1.52967578450849,"model average"
245,10,26.5959595959596,1.53201417764942,"model average"
245,10,26.8787878787879,1.53310234711599,"model average"
245,10,27.1616161616162,1.53293453200503,"model average"
245,10,27.4444444444444,1.53150766895929,"model average"
245,10,27.7272727272727,1.52882137714559,"model average"
245,10,28.010101010101,1.52487793095498,"model average"
245,10,28.2929292929293,1.51968222064499,"model average"
245,10,28.5757575757576,1.51324170122757,"model average"
245,10,28.8585858585859,1.50556632998794,"model average"
245,10,29.1414141414141,1.4966684930985,"model average"
245,10,29.4242424242424,1.48656292186713,"model average"
245,10,29.7070707070707,1.47526659923095,"model average"
245,10,29.989898989899,1.46279865717342,"model average"
245,10,30.2727272727273,1.44918026580483,"model average"
245,10,30.5555555555556,1.43443451490324,"model average"
245,10,30.8383838383838,1.41858628876427,"model average"
245,10,31.1212121212121,1.40166213525375,"model average"
245,10,31.4040404040404,1.38369012999712,"model average"
245,10,31.6868686868687,1.36469973667352,"model average"
245,10,31.969696969697,1.34472166441059,"model average"
245,10,32.2525252525253,1.32378772329897,"model average"
245,10,32.5353535353535,1.30193067906268,"model average"
245,10,32.8181818181818,1.27918410793469,"model average"
245,10,33.1010101010101,1.25558225279555,"model average"
245,10,33.3838383838384,1.23115988163859,"model average"
245,10,33.6666666666667,1.2059521494286,"model average"
245,10,33.9494949494949,1.17999446442333,"model average"
245,10,34.2323232323232,1.15332236003034,"model average"
245,10,34.5151515151515,1.12597137327805,"model average"
245,10,34.7979797979798,1.09797693099054,"model average"
245,10,35.0808080808081,1.06937424477563,"model average"
245,10,35.3636363636364,1.04019821596742,"model average"
245,10,35.6464646464647,1.01048335171342,"model average"
245,10,35.9292929292929,0.980263693469454,"model average"
245,10,36.2121212121212,0.949572759270419,"model average"
245,10,36.4949494949495,0.918443501293777,"model average"
245,10,36.7777777777778,0.886908280439953,"model average"
245,10,37.0606060606061,0.854998859940933,"model average"
245,10,37.3434343434343,0.822746420403938,"model average"
245,10,37.6262626262626,0.790181599242122,"model average"
245,10,37.9090909090909,0.757334558197506,"model average"
245,10,38.1919191919192,0.724235083708648,"model average"
245,10,38.4747474747475,0.690912726345043,"model average"
245,10,38.7575757575758,0.657396987617006,"model average"
245,10,39.040404040404,0.623717565478663,"model average"
245,10,39.3232323232323,0.589904674261247,"model average"
245,10,39.6060606060606,0.555989461412541,"model average"
245,10,39.8888888888889,0.52200455366008,"model average"
245,10,40.1717171717172,0.487984781528352,"model average"
245,10,40.4545454545455,0.453968158129831,"model average"
245,10,40.7373737373737,0.419997234885776,"model average"
245,10,41.020202020202,0.3861210423238,"model average"
245,10,41.3030303030303,0.352397991257379,"model average"
245,10,41.5858585858586,0.318900464564325,"model average"
245,10,41.8686868686869,0.285722666743455,"model average"
245,10,42.1515151515151,0.252995569936447,"model average"
245,10,42.4343434343434,0.220920355470651,"model average"
245,10,42.7171717171717,0.189867279688764,"model average"
245,10,43,0.161066515209713,"model average"
245,100,15,1.16938098377685,"model average"
245,100,15.2828282828283,1.26763095401629,"model average"
245,100,15.5656565656566,1.3687196738321,"model average"
245,100,15.8484848484848,1.47260618692371,"model average"
245,100,16.1313131313131,1.57923917291874,"model average"
245,100,16.4141414141414,1.68855617749872,"model average"
245,100,16.6969696969697,1.80048287745461,"model average"
245,100,16.979797979798,1.91493238971565,"model average"
245,100,17.2626262626263,2.03180463353635,"model average"
245,100,17.5454545454545,2.15098575506714,"model average"
245,100,17.8282828282828,2.27234762346585,"model average"
245,100,18.1111111111111,2.39574740752618,"model average"
245,100,18.3939393939394,2.521027241498,"model average"
245,100,18.6767676767677,2.64801398835287,"model average"
245,100,18.959595959596,2.77651910820204,"model average"
245,100,19.2424242424242,2.90633863890618,"model average"
245,100,19.5252525252525,3.03725329512674,"model average"
245,100,19.8080808080808,3.1690286911629,"model average"
245,100,20.0909090909091,3.30141569190141,"model average"
245,100,20.3737373737374,3.43415089508749,"model average"
245,100,20.6565656565657,3.56695724691258,"model average"
245,100,20.9393939393939,3.69954479162213,"model average"
245,100,21.2222222222222,3.83161155448579,"model average"
245,100,21.5050505050505,3.96284455606022,"model average"
245,100,21.7878787878788,4.09292076315761,"model average"
245,100,22.0707070707071,4.22150259251347,"model average"
245,100,22.3535353535354,4.34824811191159,"model average"
245,100,22.6363636363636,4.47281248235505,"model average"
245,100,22.9191919191919,4.59484671207974,"model average"
245,100,23.2020202020202,4.71399933346431,"model average"
245,100,23.4848484848485,4.82991815655307,"model average"
245,100,23.7676767676768,4.94225208613511,"model average"
245,100,24.0505050505051,5.05065298828221,"model average"
245,100,24.3333333333333,5.15477759134421,"model average"
245,100,24.6161616161616,5.25428940564954,"model average"
245,100,24.8989898989899,5.348860645574,"model average"
245,100,25.1818181818182,5.43817413723546,"model average"
245,100,25.4646464646465,5.52192519485544,"model average"
245,100,25.7474747474747,5.59982344880707,"model average"
245,100,26.030303030303,5.67159460854855,"model average"
245,100,26.3131313131313,5.73698214402208,"model average"
245,100,26.5959595959596,5.7957488696802,"model average"
245,100,26.8787878787879,5.8476784160797,"model average"
245,100,27.1616161616162,5.89257657495081,"model average"
245,100,27.4444444444444,5.93027250479627,"model average"
245,100,27.7272727272727,5.96061978538828,"model average"
245,100,28.010101010101,5.98349731099585,"model average"
245,100,28.2929292929293,5.99881001377391,"model average"
245,100,28.5757575757576,6.00648941045726,"model average"
245,100,28.8585858585859,6.00649396730791,"model average"
245,100,29.1414141414141,5.99880928013875,"model average"
245,100,29.4242424242424,5.9834480681572,"model average"
245,100,29.7070707070707,5.96044998231429,"model average"
245,100,29.989898989899,5.929881230783,"model average"
245,100,30.2727272727273,5.89183402610035,"model average"
245,100,30.5555555555556,5.8464258603657,"model average"
245,100,30.8383838383838,5.79379861667131,"model average"
245,100,31.1212121212121,5.73411752662751,"model average"
245,100,31.4040404040404,5.6675699854147,"model average"
245,100,31.6868686868687,5.59436423723016,"model average"
245,100,31.969696969697,5.51472794528323,"model average"
245,100,32.2525252525253,5.42890666161635,"model average"
245,100,32.5353535353535,5.33716221298117,"model average"
245,100,32.8181818181818,5.23977101977293,"model average"
245,100,33.1010101010101,5.13702236561935,"model average"
245,100,33.3838383838384,5.02921663563335,"model average"
245,100,33.6666666666667,4.91666354157679,"model average"
245,100,33.9494949494949,4.79968035225384,"model average"
245,100,34.2323232323232,4.67859014737091,"model average"
245,100,34.5151515151515,4.5537201128824,"model average"
245,100,34.7979797979798,4.42539989551181,"model average"
245,100,35.0808080808081,4.29396003372316,"model average"
245,100,35.3636363636364,4.15973048195471,"model average"
245,100,35.6464646464647,4.02303924445743,"model average"
245,100,35.9292929292929,3.88421113465873,"model average"
245,100,36.2121212121212,3.74356667566278,"model average"
245,100,36.4949494949495,3.6014211573857,"model average"
245,100,36.7777777777778,3.45808386601394,"model average"
245,100,37.0606060606061,3.3138575021075,"model average"
245,100,37.3434343434343,3.16903780493478,"model average"
245,100,37.6262626262626,3.02391340278273,"model average"
245,100,37.9090909090909,2.87876591240018,"model average"
245,100,38.1919191919192,2.73387031593356,"model average"
245,100,38.4747474747475,2.58949565148603,"model average"
245,100,38.7575757575758,2.44590606496408,"model average"
245,100,39.040404040404,2.30336228802577,"model average"
245,100,39.3232323232323,2.1621236326875,"model average"
245,100,39.6060606060606,2.02245063239759,"model average"
245,100,39.8888888888889,1.88460852054715,"model average"
245,100,40.1717171717172,1.74887183537378,"model average"
245,100,40.4545454545455,1.6155306026688,"model average"
245,100,40.7373737373737,1.4848988285437,"model average"
245,100,41.020202020202,1.35732654542986,"model average"
245,100,41.3030303030303,1.23321764424153,"model average"
245,100,41.5858585858586,1.11305780060655,"model average"
245,100,41.8686868686869,0.997461622294225,"model average"
245,100,42.1515151515151,0.887261008652184,"model average"
245,100,42.4343434343434,0.783698807905544,"model average"
245,100,42.7171717171717,0.688986232474488,"model average"
245,100,43,0.610011969238936,"model average"
264,10,15,0.677608544330455,"model average"
264,10,15.2828282828283,0.702322815196275,"model average"
264,10,15.5656565656566,0.727383748352691,"model average"
264,10,15.8484848484848,0.752763148173174,"model average"
264,10,16.1313131313131,0.778430889981677,"model average"
264,10,16.4141414141414,0.804354935496023,"model average"
264,10,16.6969696969697,0.830501359145019,"model average"
264,10,16.979797979798,0.85683438554729,"model average"
264,10,17.2626262626263,0.883316438369341,"model average"
264,10,17.5454545454545,0.909908200705161,"model average"
264,10,17.8282828282828,0.936568687040349,"model average"
264,10,18.1111111111111,0.963255326780764,"model average"
264,10,18.3939393939394,0.989924059239829,"model average"
264,10,18.6767676767677,1.01652943989049,"model average"
264,10,18.959595959596,1.04302475759821,"model average"
264,10,19.2424242424242,1.06936216246103,"model average"
264,10,19.5252525252525,1.09549280379277,"model average"
264,10,19.8080808080808,1.12136697769592,"model average"
264,10,20.0909090909091,1.14693428358395,"model average"
264,10,20.3737373737374,1.17214378892783,"model average"
264,10,20.6565656565657,1.19694420142093,"model average"
264,10,20.9393939393939,1.22128404768007,"model average"
264,10,21.2222222222222,1.2451118575292,"model average"
264,10,21.5050505050505,1.26837635284777,"model average"
264,10,21.7878787878788,1.29102663990747,"model average"
264,10,22.0707070707071,1.31301240407096,"model average"
264,10,22.3535353535354,1.33428410568418,"model average"
264,10,22.6363636363636,1.35479317596069,"model average"
264,10,22.9191919191919,1.3744922116326,"model average"
264,10,23.2020202020202,1.39333516712903,"model average"
264,10,23.4848484848485,1.41127754303877,"model average"
264,10,23.7676767676768,1.42827656962064,"model average"
264,10,24.0505050505051,1.44429138414186,"model average"
264,10,24.3333333333333,1.4592831963745,"model average"
264,10,24.6161616161616,1.47318913510881,"model average"
264,10,24.8989898989899,1.48594901753818,"model average"
264,10,25.1818181818182,1.49752963846785,"model average"
264,10,25.4646464646465,1.50790042174509,"model average"
264,10,25.7474747474747,1.51703353666017,"model average"
264,10,26.030303030303,1.52490400095652,"model average"
264,10,26.3131313131313,1.53148976972074,"model average"
264,10,26.5959595959596,1.53677180952198,"model average"
264,10,26.8787878787879,1.54073415727499,"model average"
264,10,27.1616161616162,1.54336396341091,"model average"
264,10,27.4444444444444,1.54465151905329,"model average"
264,10,27.7272727272727,1.54459026701425,"model average"
264,10,28.010101010101,1.54317679654378,"model average"
264,10,28.2929292929293,1.5404108218852,"model average"
264,10,28.5757575757576,1.53629514480906,"model average"
264,10,28.8585858585859,1.53083560141594,"model average"
264,10,29.1414141414141,1.52404099361444,"model average"
264,10,29.4242424242424,1.51592300579324,"model average"
264,10,29.7070707070707,1.50649610731405,"model average"
264,10,29.989898989899,1.49577744155578,"model average"
264,10,30.2727272727273,1.48378670233657,"model average"
264,10,30.5555555555556,1.4705459986311,"model average"
264,10,30.8383838383838,1.45607970858287,"model average"
264,10,31.1212121212121,1.44041432388608,"model average"
264,10,31.4040404040404,1.42357828567774,"model average"
264,10,31.6868686868687,1.40560181313846,"model average"
264,10,31.969696969697,1.38651672604848,"model average"
264,10,32.2525252525253,1.36635626258524,"model average"
264,10,32.5353535353535,1.34515489367951,"model average"
264,10,32.8181818181818,1.32294813526886,"model average"
264,10,33.1010101010101,1.29977235980148,"model average"
264,10,33.3838383838384,1.2756646083498,"model average"
264,10,33.6666666666667,1.25066240469295,"model average"
264,10,33.9494949494949,1.22480357272204,"model average"
264,10,34.2323232323232,1.19812605851236,"model average"
264,10,34.5151515151515,1.17066775839491,"model average"
264,10,34.7979797979798,1.1424663543479,"model average"
264,10,35.0808080808081,1.11355915801956,"model average"
264,10,35.3636363636364,1.08398296469076,"model average"
264,10,35.6464646464647,1.05377391849284,"model average"
264,10,35.9292929292929,1.02296739021953,"model average"
264,10,36.2121212121212,0.991597869117238,"model average"
264,10,36.4949494949495,0.959698870116602,"model average"
264,10,36.7777777777778,0.927302858090349,"model average"
264,10,37.0606060606061,0.894441190906983,"model average"
264,10,37.3434343434343,0.861144083318699,"model average"
264,10,37.6262626262626,0.827440594109114,"model average"
264,10,37.9090909090909,0.79335863947911,"model average"
264,10,38.1919191919192,0.758925036437403,"model average"
264,10,38.4747474747475,0.724165581090997,"model average"
264,10,38.7575757575758,0.689105168360024,"model average"
264,10,39.040404040404,0.653767962023606,"model average"
264,10,39.3232323232323,0.618177627544616,"model average"
264,10,39.6060606060606,0.582357645496452,"model average"
264,10,39.8888888888889,0.546331731782917,"model average"
264,10,40.1717171717172,0.510124404269292,"model average"
264,10,40.4545454545455,0.47376175777837,"model average"
264,10,40.7373737373737,0.437272548195645,"model average"
264,10,41.020202020202,0.40068975739021,"model average"
264,10,41.3030303030303,0.364052949014624,"model average"
264,10,41.5858585858586,0.327412017442105,"model average"
264,10,41.8686868686869,0.290833616490923,"model average"
264,10,42.1515151515151,0.254413399713571,"model average"
264,10,42.4343434343434,0.218303317550971,"model average"
264,10,42.7171717171717,0.182791941722004,"model average"
264,10,43,0.14886947408785,"model average"
264,100,15,0.883359138546539,"model average"
264,100,15.2828282828283,0.963985670093766,"model average"
264,100,15.5656565656566,1.04847379334941,"model average"
264,100,15.8484848484848,1.13688151761305,"model average"
264,100,16.1313131313131,1.22925382596824,"model average"
264,100,16.4141414141414,1.32562113735207,"model average"
264,100,16.6969696969697,1.42599777395717,"model average"
264,100,16.979797979798,1.53038045025307,"model average"
264,100,17.2626262626263,1.63874680091769,"model average"
264,100,17.5454545454545,1.75105396581351,"model average"
264,100,17.8282828282828,1.86723725080006,"model average"
264,100,18.1111111111111,1.98720888362165,"model average"
264,100,18.3939393939394,2.11085688432428,"model average"
264,100,18.6767676767677,2.23804406961911,"model average"
264,100,18.959595959596,2.36860721030441,"model average"
264,100,19.2424242424242,2.50235636027132,"model average"
264,100,19.5252525252525,2.63907437474002,"model average"
264,100,19.8080808080808,2.77851663419957,"model average"
264,100,20.0909090909091,2.92041098905358,"model average"
264,100,20.3737373737374,3.06445793821272,"model average"
264,100,20.6565656565657,3.21033105283193,"model average"
264,100,20.9393939393939,3.35767765408124,"model average"
264,100,21.2222222222222,3.50611975128607,"model average"
264,100,21.5050505050505,3.6552552439996,"model average"
264,100,21.7878787878788,3.80465938861082,"model average"
264,100,22.0707070707071,3.95388652697955,"model average"
264,100,22.3535353535354,4.10247207136734,"model average"
264,100,22.6363636363636,4.24993473664319,"model average"
264,100,22.9191919191919,4.39577805564494,"model average"
264,100,23.2020202020202,4.53949109242762,"model average"
264,100,23.4848484848485,4.68055750639254,"model average"
264,100,23.7676767676768,4.81845574126456,"model average"
264,100,24.0505050505051,4.95266186149452,"model average"
264,100,24.3333333333333,5.08265289805249,"model average"
264,100,24.6161616161616,5.20791029090729,"model average"
264,100,24.8989898989899,5.32792339637503,"model average"
264,100,25.1818181818182,5.44219302584898,"model average"
264,100,25.4646464646465,5.55023498115593,"model average"
264,100,25.7474747474747,5.65158355095148,"model average"
264,100,26.030303030303,5.74579493219204,"model average"
264,100,26.3131313131313,5.83245054082029,"model average"
264,100,26.5959595959596,5.91116017638339,"model average"
264,100,26.8787878787879,5.98156500637004,"model average"
264,100,27.1616161616162,6.04334033759605,"model average"
264,100,27.4444444444444,6.09619814397395,"model average"
264,100,27.7272727272727,6.13988932244714,"model average"
264,100,28.010101010101,6.17420565172178,"model average"
264,100,28.2929292929293,6.19898143165326,"model average"
264,100,28.5757575757576,6.2140947846934,"model average"
264,100,28.8585858585859,6.21946860462909,"model average"
264,100,29.1414141414141,6.2150711418891,"model average"
264,100,29.4242424242424,6.20091621890188,"model average"
264,100,29.7070707070707,6.17706307329348,"model average"
264,100,29.989898989899,6.14361583105584,"model average"
264,100,30.2727272727273,6.10072261612818,"model average"
264,100,30.5555555555556,6.04857430705365,"model average"
264,100,30.8383838383838,5.98740295543815,"model average"
264,100,31.1212121212121,5.91747988478859,"model average"
264,100,31.4040404040404,5.83911349188949,"model average"
264,100,31.6868686868687,5.75264677613832,"model average"
264,100,31.969696969697,5.65845462515819,"model average"
264,100,32.2525252525253,5.55694088750279,"model average"
264,100,32.5353535353535,5.44853526533292,"model average"
264,100,32.8181818181818,5.33369006155372,"model average"
264,100,33.1010101010101,5.2128768170426,"model average"
264,100,33.3838383838384,5.08658287426339,"model average"
264,100,33.6666666666667,4.95530790375501,"model average"
264,100,33.9494949494949,4.81956042971411,"model average"
264,100,34.2323232323232,4.6798543901787,"model average"
264,100,34.5151515151515,4.53670576619152,"model average"
264,100,34.7979797979798,4.39062931281213,"model average"
264,100,35.0808080808081,4.24213542299656,"model average"
264,100,35.3636363636364,4.09172715322213,"model average"
264,100,35.6464646464647,3.9398974373578,"model average"
264,100,35.9292929292929,3.78712651272884,"model average"
264,100,36.2121212121212,3.63387957966767,"model average"
264,100,36.4949494949495,3.48060471315785,"model average"
264,100,36.7777777777778,3.32773104255018,"model average"
264,100,37.0606060606061,3.1756672128596,"model average"
264,100,37.3434343434343,3.02480013895417,"model average"
264,100,37.6262626262626,2.8754940621661,"model average"
264,100,37.9090909090909,2.72808991767162,"model average"
264,100,38.1919191919192,2.58290502064336,"model average"
264,100,38.4747474747475,2.44023308001611,"model average"
264,100,38.7575757575758,2.30034455121705,"model average"
264,100,39.040404040404,2.16348734414678,"model average"
264,100,39.3232323232323,2.02988791123915,"model average"
264,100,39.6060606060606,1.89975275451193,"model average"
264,100,39.8888888888889,1.77327041343036,"model average"
264,100,40.1717171717172,1.65061403294847,"model average"
264,100,40.4545454545455,1.5319446739932,"model average"
264,100,40.7373737373737,1.41741563776981,"model average"
264,100,41.020202020202,1.30717827364888,"model average"
264,100,41.3030303030303,1.20139012361408,"model average"
264,100,41.5858585858586,1.1002270563316,"model average"
264,100,41.8686868686869,1.003902892746,"model average"
264,100,42.1515151515151,0.912704930430523,"model average"
264,100,42.4343434343434,0.827069706191606,"model average"
264,100,42.7171717171717,0.747796136672793,"model average"
264,100,43,0.67741192894667,"model average"
265,10,15,0.765548467062756,"model average"
265,10,15.2828282828283,0.78179529097942,"model average"
265,10,15.5656565656566,0.797950047577201,"model average"
265,10,15.8484848484848,0.813984670225916,"model average"
265,10,16.1313131313131,0.829864361703413,"model average"
265,10,16.4141414141414,0.845565384844127,"model average"
265,10,16.6969696969697,0.86106420415497,"model average"
265,10,16.979797979798,0.876337178256461,"model average"
265,10,17.2626262626263,0.891360618475366,"model average"
265,10,17.5454545454545,0.906110848760882,"model average"
265,10,17.8282828282828,0.920564266694006,"model average"
265,10,18.1111111111111,0.934697405349762,"model average"
265,10,18.3939393939394,0.948486995763167,"model average"
265,10,18.6767676767677,0.961910029742283,"model average"
265,10,18.959595959596,0.974943822765506,"model average"
265,10,19.2424242424242,0.987566076695398,"model average"
265,10,19.5252525252525,0.999754942038033,"model average"
265,10,19.8080808080808,1.0114890794749,"model average"
265,10,20.0909090909091,1.02274772039406,"model average"
265,10,20.3737373737374,1.03351072614852,"model average"
265,10,20.6565656565657,1.04375864577226,"model average"
265,10,20.9393939393939,1.05347277188916,"model average"
265,10,21.2222222222222,1.06263519455534,"model average"
265,10,21.5050505050505,1.0712288527834,"model average"
265,10,21.7878787878788,1.07923758350556,"model average"
265,10,22.0707070707071,1.08664616774326,"model average"
265,10,22.3535353535354,1.09344037376273,"model average"
265,10,22.6363636363636,1.09960699700882,"model average"
265,10,22.9191919191919,1.1051338966243,"model average"
265,10,23.2020202020202,1.11001002837702,"model average"
265,10,23.4848484848485,1.11422547383451,"model average"
265,10,23.7676767676768,1.11777146564315,"model average"
265,10,24.0505050505051,1.12064040878759,"model average"
265,10,24.3333333333333,1.12282589772601,"model average"
265,10,24.6161616161616,1.12432272931645,"model average"
265,10,24.8989898989899,1.12512691147058,"model average"
265,10,25.1818181818182,1.125235667492,"model average"
265,10,25.4646464646465,1.12464743607805,"model average"
265,10,25.7474747474747,1.12336186698513,"model average"
265,10,26.030303030303,1.12137981237965,"model average"
265,10,26.3131313131313,1.11870331391777,"model average"
265,10,26.5959595959596,1.11533558561873,"model average"
265,10,26.8787878787879,1.11128099261706,"model average"
265,10,27.1616161616162,1.10654502589971,"model average"
265,10,27.4444444444444,1.10113427315351,"model average"
265,10,27.7272727272727,1.09505638586768,"model average"
265,10,28.010101010101,1.08832004285416,"model average"
265,10,28.2929292929293,1.08093491036565,"model average"
265,10,28.5757575757576,1.07291159900755,"model average"
265,10,28.8585858585859,1.06426161765501,"model average"
265,10,29.1414141414141,1.05499732460001,"model average"
265,10,29.4242424242424,1.0451318761661,"model average"
265,10,29.7070707070707,1.03467917303949,"model average"
265,10,29.989898989899,1.02365380457535,"model average"
265,10,30.2727272727273,1.01207099134624,"model average"
265,10,30.5555555555556,0.99994652620719,"model average"
265,10,30.8383838383838,0.987296714157186,"model average"
265,10,31.1212121212121,0.974138311281459,"model average"
265,10,31.4040404040404,0.960488463061833,"model average"
265,10,31.6868686868687,0.946364642344089,"model average"
265,10,31.969696969697,0.931784587251797,"model average"
265,10,32.2525252525253,0.916766239335457,"model average"
265,10,32.5353535353535,0.901327682244099,"model average"
265,10,32.8181818181818,0.885487081204048,"model average"
265,10,33.1010101010101,0.869262623586326,"model average"
265,10,33.3838383838384,0.852672460840536,"model average"
265,10,33.6666666666667,0.835734652069148,"model average"
265,10,33.9494949494949,0.818467109512317,"model average"
265,10,34.2323232323232,0.80088754620992,"model average"
265,10,34.5151515151515,0.783013426105009,"model average"
265,10,34.7979797979798,0.764861916851676,"model average"
265,10,35.0808080808081,0.746449845591186,"model average"
265,10,35.3636363636364,0.727793657963871,"model average"
265,10,35.6464646464647,0.70890938063152,"model average"
265,10,35.9292929292929,0.689812587597161,"model average"
265,10,36.2121212121212,0.670518370627137,"model average"
265,10,36.4949494949495,0.651041314106041,"model average"
265,10,36.7777777777778,0.631395474689453,"model average"
265,10,37.0606060606061,0.611594366163949,"model average"
265,10,37.3434343434343,0.591650949978846,"model average"
265,10,37.6262626262626,0.571577631977835,"model average"
265,10,37.9090909090909,0.551386265925499,"model average"
265,10,38.1919191919192,0.531088164479244,"model average"
265,10,38.4747474747475,0.510694118271884,"model average"
265,10,38.7575757575758,0.490214423684503,"model average"
265,10,39.040404040404,0.469658919591349,"model average"
265,10,39.3232323232323,0.44903703264132,"model average"
265,10,39.6060606060606,0.428357829130985,"model average"
265,10,39.8888888888889,0.407630068561962,"model average"
265,10,40.1717171717172,0.38686224841769,"model average"
265,10,40.4545454545455,0.366062619613256,"model average"
265,10,40.7373737373737,0.345239134346061,"model average"
265,10,41.020202020202,0.324399258034056,"model average"
265,10,41.3030303030303,0.303549528941202,"model average"
265,10,41.5858585858586,0.282694680823326,"model average"
265,10,41.8686868686869,0.261836079625068,"model average"
265,10,42.1515151515151,0.240969320369668,"model average"
265,10,42.4343434343434,0.220081929066794,"model average"
265,10,42.7171717171717,0.199159927437969,"model average"
265,10,43,0.178341606604679,"model average"
265,100,15,2.15717390811322,"model average"
265,100,15.2828282828283,2.25391561367267,"model average"
265,100,15.5656565656566,2.35206277039085,"model average"
265,100,15.8484848484848,2.45142645413038,"model average"
265,100,16.1313131313131,2.55180498580736,"model average"
265,100,16.4141414141414,2.65298441952973,"model average"
265,100,16.6969696969697,2.75473912908757,"model average"
265,100,16.979797979798,2.85683249234681,"model average"
265,100,17.2626262626263,2.95901767220884,"model average"
265,100,17.5454545454545,3.06103849188722,"model average"
265,100,17.8282828282828,3.16263040133024,"model average"
265,100,18.1111111111111,3.2635215306926,"model average"
265,100,18.3939393939394,3.36343382584344,"model average"
265,100,18.6767676767677,3.46208426000056,"model average"
265,100,18.959595959596,3.5591861147134,"model average"
265,100,19.2424242424242,3.65445032259152,"model average"
265,100,19.5252525252525,3.74758686340057,"model average"
265,100,19.8080808080808,3.83830620443536,"model average"
265,100,20.0909090909091,3.92632077543927,"model average"
265,100,20.3737373737374,4.01134646777931,"model average"
265,100,20.6565656565657,4.09310414711711,"model average"
265,100,20.9393939393939,4.17132116844268,"model average"
265,100,21.2222222222222,4.24573260381892,"model average"
265,100,21.5050505050505,4.31608288326359,"model average"
265,100,21.7878787878788,4.38212775620988,"model average"
265,100,22.0707070707071,4.44363531809153,"model average"
265,100,22.3535353535354,4.50038736186447,"model average"
265,100,22.6363636363636,4.55218066619431,"model average"
265,100,22.9191919191919,4.59882820686497,"model average"
265,100,23.2020202020202,4.64016028131045,"model average"
265,100,23.4848484848485,4.67602553681206,"model average"
265,100,23.7676767676768,4.70629189364508,"model average"
265,100,24.0505050505051,4.73084735529616,"model average"
265,100,24.3333333333333,4.749600698796,"model average"
265,100,24.6161616161616,4.76248203921212,"model average"
265,100,24.8989898989899,4.76944326341267,"model average"
265,100,25.1818181818182,4.77045832933269,"model average"
265,100,25.4646464646465,4.76552342813712,"model average"
265,100,25.7474747474747,4.75465700786658,"model average"
265,100,26.030303030303,4.73789965835941,"model average"
265,100,26.3131313131313,4.71531385845393,"model average"
265,100,26.5959595959596,4.68698358767301,"model average"
265,100,26.8787878787879,4.65301380576764,"model average"
265,100,27.1616161616162,4.61352980463225,"model average"
265,100,27.4444444444444,4.56867643819053,"model average"
265,100,27.7272727272727,4.51861723687465,"model average"
265,100,28.010101010101,4.46353341427132,"model average"
265,100,28.2929292929293,4.40362277437552,"model average"
265,100,28.5757575757576,4.33909852866818,"model average"
265,100,28.8585858585859,4.27018803290955,"model average"
265,100,29.1414141414141,4.19713145410922,"model average"
265,100,29.4242424242424,4.12018037859163,"model average"
265,100,29.7070707070707,4.03959637241949,"model average"
265,100,29.989898989899,3.95564950566378,"model average"
265,100,30.2727272727273,3.86861685211812,"model average"
265,100,30.5555555555556,3.77878097604792,"model average"
265,100,30.8383838383838,3.6864284174429,"model average"
265,100,31.1212121212121,3.59184818700922,"model average"
265,100,31.4040404040404,3.49533028179976,"model average"
265,100,31.6868686868687,3.39716423194317,"model average"
265,100,31.969696969697,3.29763768840302,"model average"
265,100,32.2525252525253,3.19703506108391,"model average"
265,100,32.5353535353535,3.09563621591293,"model average"
265,100,32.8181818181818,2.99371523876985,"model average"
265,100,33.1010101010101,2.89153927333001,"model average"
265,100,33.3838383838384,2.78936743902946,"model average"
265,100,33.6666666666667,2.6874498344735,"model average"
265,100,33.9494949494949,2.58602663069901,"model average"
265,100,34.2323232323232,2.48532725777722,"model average"
265,100,34.5151515151515,2.38556968731937,"model average"
265,100,34.7979797979798,2.28695981253093,"model average"
265,100,35.0808080808081,2.18969092656312,"model average"
265,100,35.3636363636364,2.09394329903995,"model average"
265,100,35.6464646464647,1.9998838498052,"model average"
265,100,35.9292929292929,1.90766591814382,"model average"
265,100,36.2121212121212,1.8174291249925,"model average"
265,100,36.4949494949495,1.72929932497107,"model average"
265,100,36.7777777777778,1.64338864444528,"model average"
265,100,37.0606060606061,1.5597956012752,"model average"
265,100,37.3434343434343,1.47860530141638,"model average"
265,100,37.6262626262626,1.39988970712389,"model average"
265,100,37.9090909090909,1.32370797116465,"model average"
265,100,38.1919191919192,1.2501068311697,"model average"
265,100,38.4747474747475,1.17912105805658,"model average"
265,100,38.7575757575758,1.11077395231892,"model average"
265,100,39.040404040404,1.04507788191525,"model average"
265,100,39.3232323232323,0.982034855487883,"model average"
265,100,39.6060606060606,0.921637124701595,"model average"
265,100,39.8888888888889,0.863867809607217,"model average"
265,100,40.1717171717172,0.808701541100966,"model average"
265,100,40.4545454545455,0.75610511476158,"model average"
265,100,40.7373737373737,0.706038150596617,"model average"
265,100,41.020202020202,0.658453753509113,"model average"
265,100,41.3030303030303,0.613299169595761,"model average"
265,100,41.5858585858586,0.570516433694172,"model average"
265,100,41.8686868686869,0.530043003889779,"model average"
265,100,42.1515151515151,0.491812378940393,"model average"
265,100,42.4343434343434,0.45575469472225,"model average"
265,100,42.7171717171717,0.42179729570681,"model average"
265,100,43,0.389865274727467,"model average"
280,10,15,0.184025513919116,"model average"
280,10,15.2828282828283,0.197775056253813,"model average"
280,10,15.5656565656566,0.210157025993075,"model average"
280,10,15.8484848484848,0.221206692753233,"model average"
280,10,16.1313131313131,0.23096231805293,"model average"
280,10,16.4141414141414,0.239464799225698,"model average"
280,10,16.6969696969697,0.246757330455542,"model average"
280,10,16.979797979798,0.252885080545204,"model average"
280,10,17.2626262626263,0.257894887028737,"model average"
280,10,17.5454545454545,0.261834966242047,"model average"
280,10,17.8282828282828,0.264754638967112,"model average"
280,10,18.1111111111111,0.266704071267609,"model average"
280,10,18.3939393939394,0.267734030135783,"model average"
280,10,18.6767676767677,0.267895653572487,"model average"
280,10,18.959595959596,0.267240234724429,"model average"
280,10,19.2424242424242,0.265819019704811,"model average"
280,10,19.5252525252525,0.263683018725742,"model average"
280,10,19.8080808080808,0.260882830172933,"model average"
280,10,20.0909090909091,0.257468477255478,"model average"
280,10,20.3737373737374,0.253489256865707,"model average"
280,10,20.6565656565657,0.248993600286384,"model average"
280,10,20.9393939393939,0.24402894538484,"model average"
280,10,21.2222222222222,0.238641619935913,"model average"
280,10,21.5050505050505,0.23287673571796,"model average"
280,10,21.7878787878788,0.226778093028557,"model average"
280,10,22.0707070707071,0.220388095268926,"model average"
280,10,22.3535353535354,0.213747673248578,"model average"
280,10,22.6363636363636,0.20689621886412,"model average"
280,10,22.9191919191919,0.199871527808692,"model average"
280,10,23.2020202020202,0.192709750971039,"model average"
280,10,23.4848484848485,0.185445354185802,"model average"
280,10,23.7676767676768,0.178111085999223,"model average"
280,10,24.0505050505051,0.170737953117105,"model average"
280,10,24.3333333333333,0.163355203204575,"model average"
280,10,24.6161616161616,0.155990314709907,"model average"
280,10,24.8989898989899,0.148668993387447,"model average"
280,10,25.1818181818182,0.14141517519749,"model average"
280,10,25.4646464646465,0.134251035263831,"model average"
280,10,25.7474747474747,0.127197002572596,"model average"
280,10,26.030303030303,0.120271780098927,"model average"
280,10,26.3131313131313,0.113492370051109,"model average"
280,10,26.5959595959596,0.106874103924745,"model average"
280,10,26.8787878787879,0.100430677062749,"model average"
280,10,27.1616161616162,0.0941741874200341,"model average"
280,10,27.4444444444444,0.0881151782350451,"model average"
280,10,27.7272727272727,0.0822626843135345,"model average"
280,10,28.010101010101,0.0766242816333547,"model average"
280,10,28.2929292929293,0.0712061399824357,"model average"
280,10,28.5757575757576,0.0660130783456108,"model average"
280,10,28.8585858585859,0.0610486227595064,"model average"
280,10,29.1414141414141,0.0563150663583456,"model average"
280,10,29.4242424242424,0.0518135313372256,"model average"
280,10,29.7070707070707,0.0475440325632274,"model average"
280,10,29.989898989899,0.043505542568598,"model average"
280,10,30.2727272727273,0.0396960576642225,"model average"
280,10,30.5555555555556,0.0361126649156782,"model average"
280,10,30.8383838383838,0.0327516097283381,"model average"
280,10,31.1212121212121,0.0296083637922769,"model average"
280,10,31.4040404040404,0.0266776931421355,"model average"
280,10,31.6868686868687,0.0239537260916176,"model average"
280,10,31.969696969697,0.0214300208069483,"model average"
280,10,32.2525252525253,0.0190996322884112,"model average"
280,10,32.5353535353535,0.016955178534016,"model average"
280,10,32.8181818181818,0.0149889056644419,"model average"
280,10,33.1010101010101,0.0131927517936584,"model average"
280,10,33.3838383838384,0.0115584094350678,"model average"
280,10,33.6666666666667,0.0100773862386364,"model average"
280,10,33.9494949494949,0.00874106386032581,"model average"
280,10,34.2323232323232,0.00754075477119261,"model average"
280,10,34.5151515151515,0.00646775681982452,"model average"
280,10,34.7979797979798,0.0055134053683497,"model average"
280,10,35.0808080808081,0.00466912282910069,"model average"
280,10,35.3636363636364,0.00392646543617733,"model average"
280,10,35.6464646464647,0.00327716709365241,"model average"
280,10,35.9292929292929,0.00271318015004205,"model average"
280,10,36.2121212121212,0.00222671295695072,"model average"
280,10,36.4949494949495,0.00181026407855175,"model average"
280,10,36.7777777777778,0.00145665302782224,"model average"
280,10,37.0606060606061,0.00115904741528407,"model average"
280,10,37.3434343434343,0.000910986406477015,"model average"
280,10,37.6262626262626,0.000706400395593578,"model average"
280,10,37.9090909090909,0.000539626814738124,"model average"
280,10,38.1919191919192,0.000405422011257287,"model average"
280,10,38.4747474747475,0.000298969139674405,"model average"
280,10,38.7575757575758,0.000215882030128894,"model average"
280,10,39.040404040404,0.00015220501210142,"model average"
280,10,39.3232323232323,0.000104408690883584,"model average"
280,10,39.6060606060606,6.93816950947904e-05,"model average"
280,10,39.8888888888889,4.44184370377407e-05,"model average"
280,10,40.1717171717172,2.72029544530593e-05,"model average"
280,10,40.4545454545455,1.5788933145141e-05,"model average"
280,10,40.7373737373737,8.57604620515902e-06,"model average"
280,10,41.020202020202,4.28278887423516e-06,"model average"
280,10,41.3030303030303,1.91604102778184e-06,"model average"
280,10,41.5858585858586,7.37655793048564e-07,"model average"
280,10,41.8686868686869,2.28459449426638e-07,"model average"
280,10,42.1515151515151,5.01659650486948e-08,"model average"
280,10,42.4343434343434,5.88146931338399e-09,"model average"
280,10,42.7171717171717,1.4894203967167e-10,"model average"
280,10,43,1.91063021649077e-80,"model average"
280,100,15,0.142225643211359,"model average"
280,100,15.2828282828283,0.205645035510274,"model average"
280,100,15.5656565656566,0.261201192496374,"model average"
280,100,15.8484848484848,0.309380841114553,"model average"
280,100,16.1313131313131,0.350664912172801,"model average"
280,100,16.4141414141414,0.385526283630231,"model average"
280,100,16.6969696969697,0.414427802024681,"model average"
280,100,16.979797979798,0.437820563490885,"model average"
280,100,17.2626262626263,0.456142436591381,"model average"
280,100,17.5454545454545,0.469816809935458,"model average"
280,100,17.8282828282828,0.479251548296596,"model average"
280,100,18.1111111111111,0.484838141656132,"model average"
280,100,18.3939393939394,0.486951032300576,"model average"
280,100,18.6767676767677,0.485947105782087,"model average"
280,100,18.959595959596,0.48216533221639,"model average"
280,100,19.2424242424242,0.475926545039903,"model average"
280,100,19.5252525252525,0.467533344978331,"model average"
280,100,19.8080808080808,0.45727011759246,"model average"
280,100,20.0909090909091,0.445403153363684,"model average"
280,100,20.3737373737374,0.432180859861918,"model average"
280,100,20.6565656565657,0.417834056102244,"model average"
280,100,20.9393939393939,0.402576339744013,"model average"
280,100,21.2222222222222,0.386604518317395,"model average"
280,100,21.5050505050505,0.370099096177597,"model average"
280,100,21.7878787878788,0.353224809386436,"model average"
280,100,22.0707070707071,0.336131201204695,"model average"
280,100,22.3535353535354,0.318953231347012,"model average"
280,100,22.6363636363636,0.30181191260394,"model average"
280,100,22.9191919191919,0.284814968873631,"model average"
280,100,23.2020202020202,0.268057509068342,"model average"
280,100,23.4848484848485,0.251622711768903,"model average"
280,100,23.7676767676768,0.235582515893538,"model average"
280,100,24.0505050505051,0.219998313026237,"model average"
280,100,24.3333333333333,0.204921637414277,"model average"
280,100,24.6161616161616,0.190394849994842,"model average"
280,100,24.8989898989899,0.17645181314698,"model average"
280,100,25.1818181818182,0.163118553187685,"model average"
280,100,25.4646464646465,0.150413907939801,"model average"
280,100,25.7474747474747,0.138350156994922,"model average"
280,100,26.030303030303,0.126933632576681,"model average"
280,100,26.3131313131313,0.11616530917897,"model average"
280,100,26.5959595959596,0.106041370409901,"model average"
280,100,26.8787878787879,0.0965537517158817,"model average"
280,100,27.1616161616162,0.0876906578912299,"model average"
280,100,27.4444444444444,0.079437054497518,"model average"
280,100,27.7272727272727,0.0717751325234248,"model average"
280,100,28.010101010101,0.0646847458105924,"model average"
280,100,28.2929292929293,0.0581438209539377,"model average"
280,100,28.5757575757576,0.0521287395563145,"model average"
280,100,28.8585858585859,0.0466146928775283,"model average"
280,100,29.1414141414141,0.0415760090667124,"model average"
280,100,29.4242424242424,0.0369864533051495,"model average"
280,100,29.7070707070707,0.0328195013140203,"model average"
280,100,29.989898989899,0.0290485867984556,"model average"
280,100,30.2727272727273,0.0256473235059047,"model average"
280,100,30.5555555555556,0.0225897026734215,"model average"
280,100,30.8383838383838,0.0198502667252267,"model average"
280,100,31.1212121212121,0.0174042601590672,"model average"
280,100,31.4040404040404,0.0152277586276912,"model average"
280,100,31.6868686868687,0.0132977772804119,"model average"
280,100,31.969696969697,0.0115923594794968,"model average"
280,100,32.2525252525253,0.010090647047228,"model average"
280,100,32.5353535353535,0.00877293323217164,"model average"
280,100,32.8181818181818,0.00762069960773613,"model average"
280,100,33.1010101010101,0.00661663813273249,"model average"
280,100,33.3838383838384,0.00574465961263998,"model average"
280,100,33.6666666666667,0.00498988980189069,"model average"
280,100,33.9494949494949,0.00433865438199811,"model average"
280,100,34.2323232323232,0.00377845403802216,"model average"
280,100,34.5151515151515,0.0032979308369987,"model average"
280,100,34.7979797979798,0.00288682708683057,"model average"
280,100,35.0808080808081,0.00253593782305231,"model average"
280,100,35.3636363636364,0.00223705803414096,"model average"
280,100,35.6464646464647,0.00198292569396548,"model average"
280,100,35.9292929292929,0.00176716162287204,"model average"
280,100,36.2121212121212,0.0015842071471183,"model average"
280,100,36.4949494949495,0.0014292604702504,"model average"
280,100,36.7777777777778,0.00129821260990266,"model average"
280,100,37.0606060606061,0.00118758368977182,"model average"
280,100,37.3434343434343,0.00109446030954839,"model average"
280,100,37.6262626262626,0.00101643464577542,"model average"
280,100,37.9090909090909,0.000951545864364725,"model average"
280,100,38.1919191919192,0.00089822435126618,"model average"
280,100,38.4747474747475,0.000855239192001506,"model average"
280,100,38.7575757575758,0.000821649253932059,"model average"
280,100,39.040404040404,0.000796758147725943,"model average"
280,100,39.3232323232323,0.000780073267059453,"model average"
280,100,39.6060606060606,0.000771269028714029,"model average"
280,100,39.8888888888889,0.000770154359516008,"model average"
280,100,40.1717171717172,0.000776644402694085,"model average"
280,100,40.4545454545455,0.000790736344911528,"model average"
280,100,40.7373737373737,0.000812489197288617,"model average"
280,100,41.020202020202,0.000842007300044691,"model average"
280,100,41.3030303030303,0.000879427261991344,"model average"
280,100,41.5858585858586,0.000924907994169976,"model average"
280,100,41.8686868686869,0.000978623452825056,"model average"
280,100,42.1515151515151,0.00104075767236057,"model average"
280,100,42.4343434343434,0.00111150164605385,"model average"
280,100,42.7171717171717,0.00119105160402235,"model average"
280,100,43,0.00127960824847638,"model average"
283,10,15,0.553722851540567,"model average"
283,10,15.2828282828283,0.567517895557591,"model average"
283,10,15.5656565656566,0.581321148330392,"model average"
283,10,15.8484848484848,0.595111616825675,"model average"
283,10,16.1313131313131,0.60886772074468,"model average"
283,10,16.4141414141414,0.62256734384744,"model average"
283,10,16.6969696969697,0.636187889100321,"model average"
283,10,16.979797979798,0.649706337467697,"model average"
283,10,17.2626262626263,0.66309931014144,"model average"
283,10,17.5454545454545,0.676343133975329,"model average"
283,10,17.8282828282828,0.689413909865851,"model average"
283,10,18.1111111111111,0.702287583796362,"model average"
283,10,18.3939393939394,0.714940020238413,"model average"
283,10,18.6767676767677,0.727347077582435,"model average"
283,10,18.959595959596,0.739484685250206,"model average"
283,10,19.2424242424242,0.751328922123593,"model average"
283,10,19.5252525252525,0.762856095908419,"model average"
283,10,19.8080808080808,0.774042823038879,"model average"
283,10,20.0909090909091,0.784866108717013,"model average"
283,10,20.3737373737374,0.795303426673435,"model average"
283,10,20.6565656565657,0.805332798229889,"model average"
283,10,20.9393939393939,0.814932870241436,"model average"
283,10,21.2222222222222,0.824082991496106,"model average"
283,10,21.5050505050505,0.832763287152909,"model average"
283,10,21.7878787878788,0.840954730804973,"model average"
283,10,22.0707070707071,0.848639213763508,"model average"
283,10,22.3535353535354,0.855799611170063,"model average"
283,10,22.6363636363636,0.862419844559169,"model average"
283,10,22.9191919191919,0.868484940510928,"model average"
283,10,23.2020202020202,0.87398108505313,"model average"
283,10,23.4848484848485,0.878895673495175,"model average"
283,10,23.7676767676768,0.883217355401038,"model average"
283,10,24.0505050505051,0.886936074435807,"model average"
283,10,24.3333333333333,0.890043102849533,"model average"
283,10,24.6161616161616,0.892531070393238,"model average"
283,10,24.8989898989899,0.894393987494567,"model average"
283,10,25.1818181818182,0.895627262554562,"model average"
283,10,25.4646464646465,0.896227713262117,"model average"
283,10,25.7474747474747,0.896193571858568,"model average"
283,10,26.030303030303,0.895524484321315,"model average"
283,10,26.3131313131313,0.89422150347207,"model average"
283,10,26.5959595959596,0.892287076052045,"model average"
283,10,26.8787878787879,0.889725023842778,"model average"
283,10,27.1616161616162,0.886540518947148,"model average"
283,10,27.4444444444444,0.882740053380123,"model average"
283,10,27.7272727272727,0.87833140315271,"model average"
283,10,28.010101010101,0.873323565293719,"model average"
283,10,28.2929292929293,0.867696664765715,"model average"
283,10,28.5757575757576,0.861434625195776,"model average"
283,10,28.8585858585859,0.854549249436078,"model average"
283,10,29.1414141414141,0.847053365886226,"model average"
283,10,29.4242424242424,0.838960765058783,"model average"
283,10,29.7070707070707,0.830286132730457,"model average"
283,10,29.989898989899,0.821044980067481,"model average"
283,10,30.2727272727273,0.81125357112858,"model average"
283,10,30.5555555555556,0.800928848161002,"model average"
283,10,30.8383838383838,0.790088355114415,"model average"
283,10,31.1212121212121,0.778750159804024,"model average"
283,10,31.4040404040404,0.766932775158081,"model average"
283,10,31.6868686868687,0.754655079986052,"model average"
283,10,31.969696969697,0.741936239702299,"model average"
283,10,32.2525252525253,0.728795627436144,"model average"
283,10,32.5353535353535,0.715252745953005,"model average"
283,10,32.8181818181818,0.701327150802924,"model average"
283,10,33.1010101010101,0.687038375102596,"model average"
283,10,33.3838383838384,0.672405856345218,"model average"
283,10,33.6666666666667,0.65744886561932,"model average"
283,10,33.9494949494949,0.642186439603797,"model average"
283,10,34.2323232323232,0.626637315691812,"model average"
283,10,34.5151515151515,0.610819870581822,"model average"
283,10,34.7979797979798,0.594752062660122,"model average"
283,10,35.0808080808081,0.578451378486833,"model average"
283,10,35.3636363636364,0.561934783686982,"model average"
283,10,35.6464646464647,0.545218678541358,"model average"
283,10,35.9292929292929,0.528318858569491,"model average"
283,10,36.2121212121212,0.511250480401142,"model average"
283,10,36.4949494949495,0.494028033245373,"model average"
283,10,36.7777777777778,0.47666531629055,"model average"
283,10,37.0606060606061,0.459175422408648,"model average"
283,10,37.3434343434343,0.441570728598541,"model average"
283,10,37.6262626262626,0.423862893693501,"model average"
283,10,37.9090909090909,0.406062863989311,"model average"
283,10,38.1919191919192,0.388180887637684,"model average"
283,10,38.4747474747475,0.370226538920164,"model average"
283,10,38.7575757575758,0.352208753908048,"model average"
283,10,39.040404040404,0.334135879583681,"model average"
283,10,39.3232323232323,0.316015739343116,"model average"
283,10,39.6060606060606,0.297855719077322,"model average"
283,10,39.8888888888889,0.279662880008845,"model average"
283,10,40.1717171717172,0.26144410762185,"model average"
283,10,40.4545454545455,0.243206311253522,"model average"
283,10,40.7373737373737,0.224956697944232,"model average"
283,10,41.020202020202,0.206703160554482,"model average"
283,10,41.3030303030303,0.188454851920612,"model average"
283,10,41.5858585858586,0.170223083352856,"model average"
283,10,41.8686868686869,0.152022840133332,"model average"
283,10,42.1515151515151,0.133875618092175,"model average"
283,10,42.4343434343434,0.115815628997647,"model average"
283,10,42.7171717171717,0.0979076075254131,"model average"
283,10,43,0.0803640756970514,"model average"
283,100,15,0.734758221629595,"model average"
283,100,15.2828282828283,0.775177816817214,"model average"
283,100,15.5656565656566,0.816911752237541,"model average"
283,100,15.8484848484848,0.859924788684825,"model average"
283,100,16.1313131313131,0.904174620740344,"model average"
283,100,16.4141414141414,0.949611709437344,"model average"
283,100,16.6969696969697,0.996179154140591,"model average"
283,100,16.979797979798,1.04381260678741,"model average"
283,100,17.2626262626263,1.09244023140849,"model average"
283,100,17.5454545454545,1.14198271157501,"model average"
283,100,17.8282828282828,1.19235330810459,"model average"
283,100,18.1111111111111,1.24345796900403,"model average"
283,100,18.3939393939394,1.29519549323389,"model average"
283,100,18.6767676767677,1.34745774945155,"model average"
283,100,18.959595959596,1.40012995042915,"model average"
283,100,19.2424242424242,1.45309098335457,"model average"
283,100,19.5252525252525,1.50621379571211,"model average"
283,100,19.8080808080808,1.55936583590999,"model average"
283,100,20.0909090909091,1.61240954727947,"model average"
283,100,20.3737373737374,1.6652029135219,"model average"
283,100,20.6565656565657,1.71760005313085,"model average"
283,100,20.9393939393939,1.76945185977364,"model average"
283,100,21.2222222222222,1.8206066850872,"model average"
283,100,21.5050505050505,1.87091105983267,"model average"
283,100,21.7878787878788,1.92020659203773,"model average"
283,100,22.0707070707071,1.96832566666053,"model average"
283,100,22.3535353535354,2.01511238667336,"model average"
283,100,22.6363636363636,2.06041313323603,"model average"
283,100,22.9191919191919,2.10407645714481,"model average"
283,100,23.2020202020202,2.14595392020401,"model average"
283,100,23.4848484848485,2.18590093529594,"model average"
283,100,23.7676767676768,2.22377759847778,"model average"
283,100,24.0505050505051,2.25944950636742,"model average"
283,100,24.3333333333333,2.29278855208367,"model average"
283,100,24.6161616161616,2.32367369308018,"model average"
283,100,24.8989898989899,2.35199168435792,"model average"
283,100,25.1818181818182,2.37763777075704,"model average"
283,100,25.4646464646465,2.40051633231459,"model average"
283,100,25.7474747474747,2.42054147702689,"model average"
283,100,26.030303030303,2.43763757577153,"model average"
283,100,26.3131313131313,2.45173973461948,"model average"
283,100,26.5959595959596,2.46279420029807,"model average"
283,100,26.8787878787879,2.47075869514434,"model average"
283,100,27.1616161616162,2.47560267850957,"model average"
283,100,27.4444444444444,2.47730753223241,"model average"
283,100,27.7272727272727,2.47586666848214,"model average"
283,100,28.010101010101,2.47128555897797,"model average"
283,100,28.2929292929293,2.46358168530587,"model average"
283,100,28.5757575757576,2.45278441077364,"model average"
283,100,28.8585858585859,2.43893477495855,"model average"
283,100,29.1414141414141,2.42208521280261,"model average"
283,100,29.4242424242424,2.40229920078863,"model average"
283,100,29.7070707070707,2.37965083337996,"model average"
283,100,29.989898989899,2.35422433351846,"model average"
283,100,30.2727272727273,2.32611350154398,"model average"
283,100,30.5555555555556,2.29542110741643,"model average"
283,100,30.8383838383838,2.26225823158424,"model average"
283,100,31.1212121212121,2.22674356024483,"model average"
283,100,31.4040404040404,2.18900264108013,"model average"
283,100,31.6868686868687,2.14916710581998,"model average"
283,100,31.969696969697,2.10737386618653,"model average"
283,100,32.2525252525253,2.06376428990176,"model average"
283,100,32.5353535353535,2.01848336349802,"model average"
283,100,32.8181818181818,1.97167884865901,"model average"
283,100,33.1010101010101,1.92350043873645,"model average"
283,100,33.3838383838384,1.87409892193931,"model average"
283,100,33.6666666666667,1.82362535748006,"model average"
283,100,33.9494949494949,1.77223027069119,"model average"
283,100,34.2323232323232,1.72006287279811,"model average"
283,100,34.5151515151515,1.66727031065842,"model average"
283,100,34.7979797979798,1.6139969513571,"model average"
283,100,35.0808080808081,1.56038370608891,"model average"
283,100,35.3636363636364,1.50656739726926,"model average"
283,100,35.6464646464647,1.45268017230077,"model average"
283,100,35.9292929292929,1.39884896688953,"model average"
283,100,36.2121212121212,1.34519502026195,"model average"
283,100,36.4949494949495,1.29183344408431,"model average"
283,100,36.7777777777778,1.23887284634143,"model average"
283,100,37.0606060606061,1.18641501089296,"model average"
283,100,37.3434343434343,1.13455463290318,"model average"
283,100,37.6262626262626,1.08337910983717,"model average"
283,100,37.9090909090909,1.03296838724003,"model average"
283,100,38.1919191919192,0.983394858069736,"model average"
283,100,38.4747474747475,0.934723313944589,"model average"
283,100,38.7575757575758,0.887010946297644,"model average"
283,100,39.040404040404,0.840307395107358,"model average"
283,100,39.3232323232323,0.794654842603606,"model average"
283,100,39.6060606060606,0.750088149138354,"model average"
283,100,39.8888888888889,0.706635028274347,"model average"
283,100,40.1717171717172,0.664316258104931,"model average"
283,100,40.4545454545455,0.623145925915472,"model average"
283,100,40.7373737373737,0.583131703613963,"model average"
283,100,41.020202020202,0.544275152072789,"model average"
283,100,41.3030303030303,0.50657205404336,"model average"
283,100,41.5858585858586,0.470012778665729,"model average"
283,100,41.8686868686869,0.434582688754536,"model average"
283,100,42.1515151515151,0.400262624943451,"model average"
283,100,42.4343434343434,0.367029580763287,"model average"
283,100,42.7171717171717,0.334858089019244,"model average"
283,100,43,0.303730099152481,"model average"
291,10,15,0.675554772672738,"model average"
291,10,15.2828282828283,0.693562375207781,"model average"
291,10,15.5656565656566,0.711018396289484,"model average"
291,10,15.8484848484848,0.727892289323105,"model average"
291,10,16.1313131313131,0.744154507990193,"model average"
291,10,16.4141414141414,0.759775778043969,"model average"
291,10,16.6969696969697,0.774725810721223,"model average"
291,10,16.979797979798,0.788978189357448,"model average"
291,10,17.2626262626263,0.802508062529871,"model average"
291,10,17.5454545454545,0.815291946029089,"model average"
291,10,17.8282828282828,0.827307798288499,"model average"
291,10,18.1111111111111,0.838535094729712,"model average"
291,10,18.3939393939394,0.848954900279701,"model average"
291,10,18.6767676767677,0.85854993932983,"model average"
291,10,18.959595959596,0.867304662426609,"model average"
291,10,19.2424242424242,0.875205309009122,"model average"
291,10,19.5252525252525,0.882239965538255,"model average"
291,10,19.8080808080808,0.888398618398045,"model average"
291,10,20.0909090909091,0.893673200989342,"model average"
291,10,20.3737373737374,0.89805763448033,"model average"
291,10,20.6565656565657,0.901547861726841,"model average"
291,10,20.9393939393939,0.904141873927544,"model average"
291,10,21.2222222222222,0.905839729634552,"model average"
291,10,21.5050505050505,0.90664356579824,"model average"
291,10,21.7878787878788,0.906557600585799,"model average"
291,10,22.0707070707071,0.905588127775585,"model average"
291,10,22.3535353535354,0.903743502593237,"model average"
291,10,22.6363636363636,0.901034118920298,"model average"
291,10,22.9191919191919,0.897472377871106,"model average"
291,10,23.2020202020202,0.89307264779846,"model average"
291,10,23.4848484848485,0.887851215852567,"model average"
291,10,23.7676767676768,0.881826231280362,"model average"
291,10,24.0505050505051,0.875017640713075,"model average"
291,10,24.3333333333333,0.867447115748314,"model average"
291,10,24.6161616161616,0.859137973188477,"model average"
291,10,24.8989898989899,0.850115088349587,"model average"
291,10,25.1818181818182,0.840404801903226,"model average"
291,10,25.4646464646465,0.830034820758681,"model average"
291,10,25.7474747474747,0.819034113532547,"model average"
291,10,26.030303030303,0.807432801188346,"model average"
291,10,26.3131313131313,0.795262043459133,"model average"
291,10,26.5959595959596,0.782553921691349,"model average"
291,10,26.8787878787879,0.769341318768096,"model average"
291,10,27.1616161616162,0.755657796784604,"model average"
291,10,27.4444444444444,0.741537473157798,"model average"
291,10,27.7272727272727,0.727014895855557,"model average"
291,10,28.010101010101,0.712124918429625,"model average"
291,10,28.2929292929293,0.696902575529203,"model average"
291,10,28.5757575757576,0.681382959560212,"model average"
291,10,28.8585858585859,0.665601099138313,"model average"
291,10,29.1414141414141,0.649591839962157,"model average"
291,10,29.4242424242424,0.633389728707339,"model average"
291,10,29.7070707070707,0.617028900511519,"model average"
291,10,29.989898989899,0.600542970587336,"model average"
291,10,30.2727272727273,0.583964930462657,"model average"
291,10,30.5555555555556,0.567327049307567,"model average"
291,10,30.8383838383838,0.550660780764901,"model average"
291,10,31.1212121212121,0.533996675656314,"model average"
291,10,31.4040404040404,0.517364300889469,"model average"
291,10,31.6868686868687,0.500792164844187,"model average"
291,10,31.969696969697,0.484307649466908,"model average"
291,10,32.2525252525253,0.467936949253891,"model average"
291,10,32.5353535353535,0.451705017254726,"model average"
291,10,32.8181818181818,0.435635518179302,"model average"
291,10,33.1010101010101,0.419750788643812,"model average"
291,10,33.3838383838384,0.404071804544975,"model average"
291,10,33.6666666666667,0.388618155506835,"model average"
291,10,33.9494949494949,0.373408026301555,"model average"
291,10,34.2323232323232,0.358458185104749,"model average"
291,10,34.5151515151515,0.343783978407516,"model average"
291,10,34.7979797979798,0.329399332371428,"model average"
291,10,35.0808080808081,0.315316760379603,"model average"
291,10,35.3636363636364,0.301547376506584,"model average"
291,10,35.6464646464647,0.288100914602046,"model average"
291,10,35.9292929292929,0.274985752658116,"model average"
291,10,36.2121212121212,0.262208942106721,"model average"
291,10,36.4949494949495,0.249776241670988,"model average"
291,10,36.7777777777778,0.237692155371365,"model average"
291,10,37.0606060606061,0.225959974259715,"model average"
291,10,37.3434343434343,0.214581821417603,"model average"
291,10,37.6262626262626,0.203558699698574,"model average"
291,10,37.9090909090909,0.192890541601697,"model average"
291,10,38.1919191919192,0.182576260505534,"model average"
291,10,38.4747474747475,0.172613802216998,"model average"
291,10,38.7575757575758,0.163000195309061,"model average"
291,10,39.040404040404,0.153731597879604,"model average"
291,10,39.3232323232323,0.144803336889859,"model average"
291,10,39.6060606060606,0.136209933661848,"model average"
291,10,39.8888888888889,0.127945104605093,"model average"
291,10,40.1717171717172,0.120001718363839,"model average"
291,10,40.4545454545455,0.112371676815061,"model average"
291,10,40.7373737373737,0.105045663320867,"model average"
291,10,41.020202020202,0.0980126596968278,"model average"
291,10,41.3030303030303,0.0912590601510548,"model average"
291,10,41.5858585858586,0.0847670826822714,"model average"
291,10,41.8686868686869,0.0785119554469488,"model average"
291,10,42.1515151515151,0.0724569664754281,"model average"
291,10,42.4343434343434,0.0665447860388687,"model average"
291,10,42.7171717171717,0.0606822859093354,"model average"
291,10,43,0.0547140117197923,"model average"
291,100,15,1.56740848746456,"model average"
291,100,15.2828282828283,1.60871079428279,"model average"
291,100,15.5656565656566,1.64930728050853,"model average"
291,100,15.8484848484848,1.68909047781334,"model average"
291,100,16.1313131313131,1.72795295397729,"model average"
291,100,16.4141414141414,1.76578778787835,"model average"
291,100,16.6969696969697,1.80248905296386,"model average"
291,100,16.979797979798,1.83795225042941,"model average"
291,100,17.2626262626263,1.87207385182995,"model average"
291,100,17.5454545454545,1.90475344581525,"model average"
291,100,17.8282828282828,1.93589397518365,"model average"
291,100,18.1111111111111,1.96540181305731,"model average"
291,100,18.3939393939394,1.99318723099625,"model average"
291,100,18.6767676767677,2.01916485310374,"model average"
291,100,18.959595959596,2.04325409290502,"model average"
291,100,19.2424242424242,2.06537956986693,"model average"
291,100,19.5252525252525,2.08547150253992,"model average"
291,100,19.8080808080808,2.1034660754468,"model average"
291,100,20.0909090909091,2.11930577701129,"model average"
291,100,20.3737373737374,2.13293970601512,"model average"
291,100,20.6565656565657,2.14432384429087,"model average"
291,100,20.9393939393939,2.15342129359911,"model average"
291,100,21.2222222222222,2.16020247489915,"model average"
291,100,21.5050505050505,2.16464528850099,"model average"
291,100,21.7878787878788,2.1667352338792,"model average"
291,100,22.0707070707071,2.16646548823428,"model average"
291,100,22.3535353535354,2.163836943201,"model average"
291,100,22.6363636363636,2.15885819942343,"model average"
291,100,22.9191919191919,2.15154551903826,"model average"
291,100,23.2020202020202,2.14192273643109,"model average"
291,100,23.4848484848485,2.13002112794816,"model average"
291,100,23.7676767676768,2.11587924155855,"model average"
291,100,24.0505050505051,2.09954268776365,"model average"
291,100,24.3333333333333,2.0810638933402,"model average"
291,100,24.6161616161616,2.0605018197775,"model average"
291,100,24.8989898989899,2.0379216485249,"model average"
291,100,25.1818181818182,2.01339443540165,"model average"
291,100,25.4646464646465,1.9869967367337,"model average"
291,100,25.7474747474747,1.95881020997096,"model average"
291,100,26.030303030303,1.92892119170063,"model average"
291,100,26.3131313131313,1.89742025610767,"model average"
291,100,26.5959595959596,1.86440175704,"model average"
291,100,26.8787878787879,1.82996335691426,"model average"
291,100,27.1616161616162,1.79420554574623,"model average"
291,100,27.4444444444444,1.75723115360958,"model average"
291,100,27.7272727272727,1.71914485981676,"model average"
291,100,28.010101010101,1.68005270207788,"model average"
291,100,28.2929292929293,1.64006158882796,"model average"
291,100,28.5757575757576,1.59927881782101,"model average"
291,100,28.8585858585859,1.55781160397309,"model average"
291,100,29.1414141414141,1.51576661929643,"model average"
291,100,29.4242424242424,1.47324954760618,"model average"
291,100,29.7070707070707,1.43036465650101,"model average"
291,100,29.989898989899,1.38721438892197,"model average"
291,100,30.2727272727273,1.34389897638249,"model average"
291,100,30.5555555555556,1.30051607573888,"model average"
291,100,30.8383838383838,1.25716043113744,"model average"
291,100,31.1212121212121,1.21392356253449,"model average"
291,100,31.4040404040404,1.17089348194046,"model average"
291,100,31.6868686868687,1.12815443829332,"model average"
291,100,31.969696969697,1.08578669161988,"model average"
291,100,32.2525252525253,1.04386631690092,"model average"
291,100,32.5353535353535,1.00246503781754,"model average"
291,100,32.8181818181818,0.961650090325638,"model average"
291,100,33.1010101010101,0.921484115783624,"model average"
291,100,33.3838383838384,0.882025083147978,"model average"
291,100,33.6666666666667,0.843326239553141,"model average"
291,100,33.9494949494949,0.8054360884084,"model average"
291,100,34.2323232323232,0.768398393975558,"model average"
291,100,34.5151515151515,0.732252211238748,"model average"
291,100,34.7979797979798,0.697031939742212,"model average"
291,100,35.0808080808081,0.662767399953945,"model average"
291,100,35.3636363636364,0.629483930613154,"model average"
291,100,35.6464646464647,0.597202505437572,"model average"
291,100,35.9292929292929,0.565939867502966,"model average"
291,100,36.2121212121212,0.53570867956115,"model average"
291,100,36.4949494949495,0.506517688534541,"model average"
291,100,36.7777777777778,0.478371902413686,"model average"
291,100,37.0606060606061,0.451272777789104,"model average"
291,100,37.3434343434343,0.42521841626896,"model average"
291,100,37.6262626262626,0.400203768068838,"model average"
291,100,37.9090909090909,0.376220841107866,"model average"
291,100,38.1919191919192,0.353258914005364,"model average"
291,100,38.4747474747475,0.331304751442208,"model average"
291,100,38.7575757575758,0.310342820428704,"model average"
291,100,39.040404040404,0.290355506102362,"model average"
291,100,39.3232323232323,0.271323325758716,"model average"
291,100,39.6060606060606,0.253225139886775,"model average"
291,100,39.8888888888889,0.236038359021844,"model average"
291,100,40.1717171717172,0.219739145214986,"model average"
291,100,40.4545454545455,0.204302606804304,"model average"
291,100,40.7373737373737,0.189702984881038,"model average"
291,100,41.020202020202,0.175913829248741,"model average"
291,100,41.3030303030303,0.162908160587839,"model average"
291,100,41.5858585858586,0.150658613724447,"model average"
291,100,41.8686868686869,0.139137554258184,"model average"
291,100,42.1515151515151,0.128317158322126,"model average"
291,100,42.4343434343434,0.118169450035785,"model average"
291,100,42.7171717171717,0.108666349892139,"model average"
291,100,43,0.099780515449146,"model average"
294,10,15,0.806606453885324,"model average"
294,10,15.2828282828283,0.818194161230181,"model average"
294,10,15.5656565656566,0.829653297461718,"model average"
294,10,15.8484848484848,0.840968700688039,"model average"
294,10,16.1313131313131,0.852125185789896,"model average"
294,10,16.4141414141414,0.863107576901241,"model average"
294,10,16.6969696969697,0.873900740409135,"model average"
294,10,16.979797979798,0.88448961836242,"model average"
294,10,17.2626262626263,0.894859262174868,"model average"
294,10,17.5454545454545,0.904994866505308,"model average"
294,10,17.8282828282828,0.914881803194563,"model average"
294,10,18.1111111111111,0.924505655136809,"model average"
294,10,18.3939393939394,0.933852249961401,"model average"
294,10,18.6767676767677,0.94290769340008,"model average"
294,10,18.959595959596,0.951658402214054,"model average"
294,10,19.2424242424242,0.96009113655549,"model average"
294,10,19.5252525252525,0.968193031638676,"model average"
294,10,19.8080808080808,0.975951628597391,"model average"
294,10,20.0909090909091,0.9833549044069,"model average"
294,10,20.3737373737374,0.990391300751471,"model average"
294,10,20.6565656565657,0.997049751721374,"model average"
294,10,20.9393939393939,1.00331971022695,"model average"
294,10,21.2222222222222,1.00919117302153,"model average"
294,10,21.5050505050505,1.01465470422974,"model average"
294,10,21.7878787878788,1.01970145728291,"model average"
294,10,22.0707070707071,1.02432319516919,"model average"
294,10,22.3535353535354,1.02851230891204,"model average"
294,10,22.6363636363636,1.03226183419748,"model average"
294,10,22.9191919191919,1.03556546607762,"model average"
294,10,23.2020202020202,1.03841757168517,"model average"
294,10,23.4848484848485,1.04081320090168,"model average"
294,10,23.7676767676768,1.04274809493008,"model average"
294,10,24.0505050505051,1.04421869273038,"model average"
294,10,24.3333333333333,1.04522213528591,"model average"
294,10,24.6161616161616,1.04575626767615,"model average"
294,10,24.8989898989899,1.04581963894074,"model average"
294,10,25.1818181818182,1.04541149972823,"model average"
294,10,25.4646464646465,1.0445317977318,"model average"
294,10,25.7474747474747,1.04318117092296,"model average"
294,10,26.030303030303,1.04136093860285,"model average"
294,10,26.3131313131313,1.03907309029936,"model average"
294,10,26.5959595959596,1.03632027254648,"model average"
294,10,26.8787878787879,1.03310577359048,"model average"
294,10,27.1616161616162,1.02943350607533,"model average"
294,10,27.4444444444444,1.02530798776717,"model average"
294,10,27.7272727272727,1.0207343203848,"model average"
294,10,28.010101010101,1.01571816660995,"model average"
294,10,28.2929292929293,1.01026572535731,"model average"
294,10,28.5757575757576,1.00438370538996,"model average"
294,10,28.8585858585859,0.998079297371434,"model average"
294,10,29.1414141414141,0.991360144450145,"model average"
294,10,29.4242424242424,0.984234311476183,"model average"
294,10,29.7070707070707,0.976710252954147,"model average"
294,10,29.989898989899,0.968796779838645,"model average"
294,10,30.2727272727273,0.960503025109731,"model average"
294,10,30.5555555555556,0.951761259142226,"model average"
294,10,30.8383838383838,0.942503826239696,"model average"
294,10,31.1212121212121,0.932739655094978,"model average"
294,10,31.4040404040404,0.922477847381583,"model average"
294,10,31.6868686868687,0.911727639922355,"model average"
294,10,31.969696969697,0.900498366479986,"model average"
294,10,32.2525252525253,0.888799419278177,"model average"
294,10,32.5353535353535,0.87664021035989,"model average"
294,10,32.8181818181818,0.864030132886454,"model average"
294,10,33.1010101010101,0.850978522478094,"model average"
294,10,33.3838383838384,0.837494618693105,"model average"
294,10,33.6666666666667,0.823587526739159,"model average"
294,10,33.9494949494949,0.809266179506658,"model average"
294,10,34.2323232323232,0.794539300010387,"model average"
294,10,34.5151515151515,0.779415364322524,"model average"
294,10,34.7979797979798,0.763902565077381,"model average"
294,10,35.0808080808081,0.748008775626604,"model average"
294,10,35.3636363636364,0.731741514923309,"model average"
294,10,35.6464646464647,0.715107913215417,"model average"
294,10,35.9292929292929,0.698114678633244,"model average"
294,10,36.2121212121212,0.680768064765025,"model average"
294,10,36.4949494949495,0.6630738393284,"model average"
294,10,36.7777777777778,0.645037254067765,"model average"
294,10,37.0606060606061,0.62666301603991,"model average"
294,10,37.3434343434343,0.60795526049768,"model average"
294,10,37.6262626262626,0.588917525649475,"model average"
294,10,37.9090909090909,0.569552729670111,"model average"
294,10,38.1919191919192,0.549863150478893,"model average"
294,10,38.4747474747475,0.529850409003558,"model average"
294,10,38.7575757575758,0.509515456944719,"model average"
294,10,39.040404040404,0.488858570493048,"model average"
294,10,39.3232323232323,0.467879352109747,"model average"
294,10,39.6060606060606,0.446576743492074,"model average"
294,10,39.8888888888889,0.424949054438736,"model average"
294,10,40.1717171717172,0.402994014916469,"model average"
294,10,40.4545454545455,0.380708861982923,"model average"
294,10,40.7373737373737,0.358090480873055,"model average"
294,10,41.020202020202,0.335135633728189,"model average"
294,10,41.3030303030303,0.311841337439739,"model average"
294,10,41.5858585858586,0.288205512037663,"model average"
294,10,41.8686868686869,0.264228163731956,"model average"
294,10,42.1515151515151,0.239913758570127,"model average"
294,10,42.4343434343434,0.215276771285852,"model average"
294,10,42.7171717171717,0.190358842257893,"model average"
294,10,43,0.165363819219319,"model average"
294,100,15,2.1460082913064,"model average"
294,100,15.2828282828283,2.21134152015262,"model average"
294,100,15.5656565656566,2.2770171668995,"model average"
294,100,15.8484848484848,2.34293070879926,"model average"
294,100,16.1313131313131,2.40897366002251,"model average"
294,100,16.4141414141414,2.47503384047009,"model average"
294,100,16.6969696969697,2.54099567006679,"model average"
294,100,16.979797979798,2.60674048769402,"model average"
294,100,17.2626262626263,2.67214689373333,"model average"
294,100,17.5454545454545,2.7370789367578,"model average"
294,100,17.8282828282828,2.80137035641901,"model average"
294,100,18.1111111111111,2.86488898654554,"model average"
294,100,18.3939393939394,2.92750449592476,"model average"
294,100,18.6767676767677,2.98908579405522,"model average"
294,100,18.959595959596,3.04950148314603,"model average"
294,100,19.2424242424242,3.10862032170086,"model average"
294,100,19.5252525252525,3.16631169738085,"model average"
294,100,19.8080808080808,3.22244610673,"model average"
294,100,20.0909090909091,3.27689563925047,"model average"
294,100,20.3737373737374,3.32953446323612,"model average"
294,100,20.6565656565657,3.38023931071044,"model average"
294,100,20.9393939393939,3.42888995877159,"model average"
294,100,21.2222222222222,3.47536970462275,"model average"
294,100,21.5050505050505,3.51956583156069,"model average"
294,100,21.7878787878788,3.56137006321048,"model average"
294,100,22.0707070707071,3.60067900332928,"model average"
294,100,22.3535353535354,3.63739455855711,"model average"
294,100,22.6363636363636,3.67142434156753,"model average"
294,100,22.9191919191919,3.70268205216566,"model average"
294,100,23.2020202020202,3.73108783399493,"model average"
294,100,23.4848484848485,3.75656860464517,"model average"
294,100,23.7676767676768,3.77905835710483,"model average"
294,100,24.0505050505051,3.79849843066498,"model average"
294,100,24.3333333333333,3.81483774956406,"model average"
294,100,24.6161616161616,3.82803302785663,"model average"
294,100,24.8989898989899,3.83804893919608,"model average"
294,100,25.1818181818182,3.84485825043881,"model average"
294,100,25.4646464646465,3.84844191820335,"model average"
294,100,25.7474747474747,3.84878914775143,"model average"
294,100,26.030303030303,3.84589741379626,"model average"
294,100,26.3131313131313,3.839772443085,"model average"
294,100,26.5959595959596,3.83042815884529,"model average"
294,100,26.8787878787879,3.81788658742784,"model average"
294,100,27.1616161616162,3.80217772771653,"model average"
294,100,27.4444444444444,3.78333938411225,"model average"
294,100,27.7272727272727,3.76141696412468,"model average"
294,100,28.010101010101,3.73646324182623,"model average"
294,100,28.2929292929293,3.70853808863172,"model average"
294,100,28.5757575757576,3.67770817306513,"model average"
294,100,28.8585858585859,3.64404663135929,"model average"
294,100,29.1414141414141,3.6076327109036,"model average"
294,100,29.4242424242424,3.56855138870889,"model average"
294,100,29.7070707070707,3.52689296719452,"model average"
294,100,29.989898989899,3.48275264972147,"model average"
294,100,30.2727272727273,3.43623009839449,"model average"
294,100,30.5555555555556,3.38742897673651,"model average"
294,100,30.8383838383838,3.33645647989896,"model average"
294,100,31.1212121212121,3.28342285511147,"model average"
294,100,31.4040404040404,3.22844091509516,"model average"
294,100,31.6868686868687,3.17162554716352,"model average"
294,100,31.969696969697,3.11309322071588,"model average"
294,100,32.2525252525253,3.05296149579021,"model average"
294,100,32.5353535353535,2.99134853528499,"model average"
294,100,32.8181818181818,2.92837262338611,"model average"
294,100,33.1010101010101,2.86415169264371,"model average"
294,100,33.3838383838384,2.79880286203797,"model average"
294,100,33.6666666666667,2.73244198825242,"model average"
294,100,33.9494949494949,2.66518323224055,"model average"
294,100,34.2323232323232,2.59713864302699,"model average"
294,100,34.5151515151515,2.52841776053071,"model average"
294,100,34.7979797979798,2.45912723903556,"model average"
294,100,35.0808080808081,2.38937049276506,"model average"
294,100,35.3636363636364,2.31924736484556,"model average"
294,100,35.6464646464647,2.24885382076593,"model average"
294,100,35.9292929292929,2.17828166726542,"model average"
294,100,36.2121212121212,2.1076182974054,"model average"
294,100,36.4949494949495,2.03694646240704,"model average"
294,100,36.7777777777778,1.96634407066729,"model average"
294,100,37.0606060606061,1.89588401419994,"model average"
294,100,37.3434343434343,1.8256340225871,"model average"
294,100,37.6262626262626,1.75565654436596,"model average"
294,100,37.9090909090909,1.68600865561041,"model average"
294,100,38.1919191919192,1.61674199528159,"model average"
294,100,38.4747474747475,1.54790272669078,"model average"
294,100,38.7575757575758,1.47953152408949,"model average"
294,100,39.040404040404,1.41166358288523,"model average"
294,100,39.3232323232323,1.34432865111084,"model average"
294,100,39.6060606060606,1.27755107825756,"model average"
294,100,39.8888888888889,1.2113498749033,"model average"
294,100,40.1717171717172,1.14573877183199,"model average"
294,100,40.4545454545455,1.08072625901621,"model average"
294,100,40.7373737373737,1.01631557035201,"model average"
294,100,41.020202020202,0.952504555236918,"model average"
294,100,41.3030303030303,0.889285336765981,"model average"
294,100,41.5858585858586,0.826643591119591,"model average"
294,100,41.8686868686869,0.764557193272474,"model average"
294,100,42.1515151515151,0.702993911883785,"model average"
294,100,42.4343434343434,0.64190816240987,"model average"
294,100,42.7171717171717,0.581240278105466,"model average"
294,100,43,0.520996017385253,"model average"
296,10,15,0.301843481982614,"model average"
296,10,15.2828282828283,0.358128167716432,"model average"
296,10,15.5656565656566,0.418545662636707,"model average"
296,10,15.8484848484848,0.482077721212356,"model average"
296,10,16.1313131313131,0.54738927249531,"model average"
296,10,16.4141414141414,0.612860924288416,"model average"
296,10,16.6969696969697,0.676647042172519,"model average"
296,10,16.979797979798,0.736757754543428,"model average"
296,10,17.2626262626263,0.79116058485411,"model average"
296,10,17.5454545454545,0.837894943601068,"model average"
296,10,17.8282828282828,0.875190765535472,"model average"
296,10,18.1111111111111,0.901581453094099,"model average"
296,10,18.3939393939394,0.91600119586503,"model average"
296,10,18.6767676767677,0.917857758418164,"model average"
296,10,18.959595959596,0.90707389401392,"model average"
296,10,19.2424242424242,0.884093430156683,"model average"
296,10,19.5252525252525,0.849851443771353,"model average"
296,10,19.8080808080808,0.805711387139417,"model average"
296,10,20.0909090909091,0.753375118113596,"model average"
296,10,20.3737373737374,0.694774159386048,"model average"
296,10,20.6565656565657,0.631951897818596,"model average"
296,10,20.9393939393939,0.566946713881655,"model average"
296,10,21.2222222222222,0.50168523413395,"model average"
296,10,21.5050505050505,0.437893197277493,"model average"
296,10,21.7878787878788,0.377029092800355,"model average"
296,10,22.0707070707071,0.320243103680421,"model average"
296,10,22.3535353535354,0.268361298277054,"model average"
296,10,22.6363636363636,0.221892764620962,"model average"
296,10,22.9191919191919,0.181055676253825,"model average"
296,10,23.2020202020202,0.145817237037148,"model average"
296,10,23.4848484848485,0.115942086917119,"model average"
296,10,23.7676767676768,0.0910439887617561,"model average"
296,10,24.0505050505051,0.0706363231210529,"model average"
296,10,24.3333333333333,0.0541779253851937,"model average"
296,10,24.6161616161616,0.0411119367021745,"model average"
296,10,24.8989898989899,0.0308964543905499,"model average"
296,10,25.1818181818182,0.0230267434939496,"model average"
296,10,25.4646464646465,0.0170495357651467,"model average"
296,10,25.7474747474747,0.0125704655429407,"model average"
296,10,26.030303030303,0.00925597963426351,"model average"
296,10,26.3131313131313,0.00683114253745738,"model average"
296,10,26.5959595959596,0.0050746863406431,"model average"
296,10,26.8787878787879,0.00381247851356111,"model average"
296,10,27.1616161616162,0.00291034958669563,"model average"
296,10,27.4444444444444,0.00226697700551852,"model average"
296,10,27.7272727272727,0.00180729096588408,"model average"
296,10,28.010101010101,0.00147667128950143,"model average"
296,10,28.2929292929293,0.00123605002897531,"model average"
296,10,28.5757575757576,0.00105792349366173,"model average"
296,10,28.8585858585859,0.000923205596693325,"model average"
296,10,29.1414141414141,0.000818814832942868,"model average"
296,10,29.4242424242424,0.000735871824916585,"model average"
296,10,29.7070707070707,0.000668385576983946,"model average"
296,10,29.989898989899,0.000612317839093092,"model average"
296,10,30.2727272727273,0.00056493124197283,"model average"
296,10,30.5555555555556,0.000524344550363661,"model average"
296,10,30.8383838383838,0.000489235215915436,"model average"
296,10,31.1212121212121,0.00045864415638924,"model average"
296,10,31.4040404040404,0.000431849845708192,"model average"
296,10,31.6868686868687,0.000408288356778592,"model average"
296,10,31.969696969697,0.000387503217509814,"model average"
296,10,32.2525252525253,0.000369114205617163,"model average"
296,10,32.5353535353535,0.000352797929876945,"model average"
296,10,32.8181818181818,0.000338275602330337,"model average"
296,10,33.1010101010101,0.000325305115921067,"model average"
296,10,33.3838383838384,0.000313675657064931,"model average"
296,10,33.6666666666667,0.000303203792222972,"model average"
296,10,33.9494949494949,0.000293730408512728,"model average"
296,10,34.2323232323232,0.000285118156020878,"model average"
296,10,34.5151515151515,0.000277249198015177,"model average"
296,10,34.7979797979798,0.000270023166750462,"model average"
296,10,35.0808080808081,0.000263355273815334,"model average"
296,10,35.3636363636364,0.00025717455161019,"model average"
296,10,35.6464646464647,0.000251422216668075,"model average"
296,10,35.9292929292929,0.000246050152099797,"model average"
296,10,36.2121212121212,0.000241019508924663,"model average"
296,10,36.4949494949495,0.000236299426400641,"model average"
296,10,36.7777777777778,0.000231865870783306,"model average"
296,10,37.0606060606061,0.000227700590816064,"model average"
296,10,37.3434343434343,0.000223790187001169,"model average"
296,10,37.6262626262626,0.000220125290488034,"model average"
296,10,37.9090909090909,0.000216699846325792,"model average"
296,10,38.1919191919192,0.000213510494901099,"model average"
296,10,38.4747474747475,0.000210556044637566,"model average"
296,10,38.7575757575758,0.00020783702847448,"model average"
296,10,39.040404040404,0.000205355336267325,"model average"
296,10,39.3232323232323,0.000203113915055526,"model average"
296,10,39.6060606060606,0.000201116529113756,"model average"
296,10,39.8888888888889,0.000199367571831196,"model average"
296,10,40.1717171717172,0.000197871921735207,"model average"
296,10,40.4545454545455,0.000196634835376443,"model average"
296,10,40.7373737373737,0.000195661870305499,"model average"
296,10,41.020202020202,0.000194958831977835,"model average"
296,10,41.3030303030303,0.000194531739104622,"model average"
296,10,41.5858585858586,0.00019438680270033,"model average"
296,10,41.8686868686869,0.000194530414840481,"model average"
296,10,42.1515151515151,0.000194969143910474,"model average"
296,10,42.4343434343434,0.000195709733872192,"model average"
296,10,42.7171717171717,0.000196759105771699,"model average"
296,10,43,0.000198124360329819,"model average"
296,100,15,0.180153977483068,"model average"
296,100,15.2828282828283,0.224537984821877,"model average"
296,100,15.5656565656566,0.275376532434458,"model average"
296,100,15.8484848484848,0.332445971624541,"model average"
296,100,16.1313131313131,0.395156787949928,"model average"
296,100,16.4141414141414,0.462517800313414,"model average"
296,100,16.6969696969697,0.533126485714222,"model average"
296,100,16.979797979798,0.605191276355902,"model average"
296,100,17.2626262626263,0.676589067580048,"model average"
296,100,17.5454545454545,0.744957707056119,"model average"
296,100,17.8282828282828,0.807819271772929,"model average"
296,100,18.1111111111111,0.862725978792541,"model average"
296,100,18.3939393939394,0.907417183819504,"model average"
296,100,18.6767676767677,0.939973640248363,"model average"
296,100,18.959595959596,0.958954443001054,"model average"
296,100,19.2424242424242,0.963503086251287,"model average"
296,100,19.5252525252525,0.953411787176248,"model average"
296,100,19.8080808080808,0.929137370085962,"model average"
296,100,20.0909090909091,0.891767041823151,"model average"
296,100,20.3737373737374,0.842937650309435,"model average"
296,100,20.6565656565657,0.784716796940504,"model average"
296,100,20.9393939393939,0.719457842312825,"model average"
296,100,21.2222222222222,0.649642954616721,"model average"
296,100,21.5050505050505,0.577728697441715,"model average"
296,100,21.7878787878788,0.506007301529053,"model average"
296,100,22.0707070707071,0.436494016088534,"model average"
296,100,22.3535353535354,0.370847267008305,"model average"
296,100,22.6363636363636,0.310324323374761,"model average"
296,100,22.9191919191919,0.25577134067349,"model average"
296,100,23.2020202020202,0.207643464770225,"model average"
296,100,23.4848484848485,0.16604844926097,"model average"
296,100,23.7676767676768,0.130806087682204,"model average"
296,100,24.0505050505051,0.101515650870819,"model average"
296,100,24.3333333333333,0.0776242740588445,"model average"
296,100,24.6161616161616,0.0584905997818169,"model average"
296,100,24.8989898989899,0.0434396633359424,"model average"
296,100,25.1818181818182,0.0318067377206986,"model average"
296,100,25.4646464646465,0.0229694186589217,"model average"
296,100,25.7474747474747,0.0163684837181169,"model average"
296,100,26.030303030303,0.0115189346676289,"model average"
296,100,26.3131313131313,0.00801312715397145,"model average"
296,100,26.5959595959596,0.00551805384454073,"model average"
296,100,26.8787878787879,0.00376875273757717,"model average"
296,100,27.1616161616162,0.00255954792482239,"model average"
296,100,27.4444444444444,0.00173447753763602,"model average"
296,100,27.7272727272727,0.00117789022285101,"model average"
296,100,28.010101010101,0.000805845526484017,"model average"
296,100,28.2929292929293,0.000558663894377302,"model average"
296,100,28.5757575757576,0.000394750789519037,"model average"
296,100,28.8585858585859,0.000285666286200797,"model average"
296,100,29.1414141414141,0.000212318011239581,"model average"
296,100,29.4242424242424,0.000162109054187375,"model average"
296,100,29.7070707070707,0.0001268601798458,"model average"
296,100,29.989898989899,0.000101335247449807,"model average"
296,100,30.2727272727273,8.22203439082262e-05,"model average"
296,100,30.5555555555556,6.74335577672688e-05,"model average"
296,100,30.8383838383838,5.56687918869667e-05,"model average"
296,100,31.1212121212121,4.61007924900932e-05,"model average"
296,100,31.4040404040404,3.81984129578384e-05,"model average"
296,100,31.6868686868687,3.16087814348508e-05,"model average"
296,100,31.969696969697,2.60868335607094e-05,"model average"
296,100,32.2525252525253,2.14532142447151e-05,"model average"
296,100,32.5353535353535,1.75695289457987e-05,"model average"
296,100,32.8181818181818,1.43239759448867e-05,"model average"
296,100,33.1010101010101,1.16230577507843e-05,"model average"
296,100,33.3838383838384,9.38677760668343e-06,"model average"
296,100,33.6666666666667,7.54579269667296e-06,"model average"
296,100,33.9494949494949,6.03964418148304e-06,"model average"
296,100,34.2323232323232,4.81556945852454e-06,"model average"
296,100,34.5151515151515,3.82762556225812e-06,"model average"
296,100,34.7979797979798,3.03597928525615e-06,"model average"
296,100,35.0808080808081,2.40628967425547e-06,"model average"
296,100,35.3636363636364,1.9091463426587e-06,"model average"
296,100,35.6464646464647,1.51954683008668e-06,"model average"
296,100,35.9292929292929,1.21640622367687e-06,"model average"
296,100,36.2121212121212,9.82097021172979e-07,"model average"
296,100,36.4949494949495,8.02019271312403e-07,"model average"
296,100,36.7777777777778,6.64201714966996e-07,"model average"
296,100,37.0606060606061,5.58934674190967e-07,"model average"
296,100,37.3434343434343,4.78435156970215e-07,"model average"
296,100,37.6262626262626,4.16544245258229e-07,"model average"
296,100,37.9090909090909,3.68456403347589e-07,"model average"
296,100,38.1919191919192,3.30479927239346e-07,"model average"
296,100,38.4747474747475,2.99827375165611e-07,"model average"
296,100,38.7575757575758,2.74434485408433e-07,"model average"
296,100,39.040404040404,2.52805805203154e-07,"model average"
296,100,39.3232323232323,2.33885026230275e-07,"model average"
296,100,39.6060606060606,2.16947848898679e-07,"model average"
296,100,39.8888888888889,2.01515079268477e-07,"model average"
296,100,40.1717171717172,1.87283598303555e-07,"model average"
296,100,40.4545454545455,1.74072831792629e-07,"model average"
296,100,40.7373737373737,1.61784388706927e-07,"model average"
296,100,41.020202020202,1.50372623279456e-07,"model average"
296,100,41.3030303030303,1.39824008267154e-07,"model average"
296,100,41.5858585858586,1.3014337945006e-07,"model average"
296,100,41.8686868686869,1.21345319250739e-07,"model average"
296,100,42.1515151515151,1.13449184147219e-07,"model average"
296,100,42.4343434343434,1.064765386951e-07,"model average"
296,100,42.7171717171717,1.00450029173038e-07,"model average"
296,100,43,9.53930005228533e-08,"model average"
350,10,15,0.551152809207855,"model average"
350,10,15.2828282828283,0.557788388767011,"model average"
350,10,15.5656565656566,0.564250487404294,"model average"
350,10,15.8484848484848,0.570530136700346,"model average"
350,10,16.1313131313131,0.576618536744389,"model average"
350,10,16.4141414141414,0.582507075553283,"model average"
350,10,16.6969696969697,0.588187348227115,"model average"
350,10,16.979797979798,0.593651175777508,"model average"
350,10,17.2626262626263,0.598890623565252,"model average"
350,10,17.5454545454545,0.603898019284657,"model average"
350,10,17.8282828282828,0.608665970432986,"model average"
350,10,18.1111111111111,0.61318738120463,"model average"
350,10,18.3939393939394,0.617455468751219,"model average"
350,10,18.6767676767677,0.621463778750683,"model average"
350,10,18.959595959596,0.625206200230319,"model average"
350,10,19.2424242424242,0.628676979591228,"model average"
350,10,19.5252525252525,0.63187073378407,"model average"
350,10,19.8080808080808,0.634782462588785,"model average"
350,10,20.0909090909091,0.637407559954013,"model average"
350,10,20.3737373737374,0.639741824355057,"model average"
350,10,20.6565656565657,0.641781468132666,"model average"
350,10,20.9393939393939,0.643523125778479,"model average"
350,10,21.2222222222222,0.644963861136656,"model average"
350,10,21.5050505050505,0.646101173495119,"model average"
350,10,21.7878787878788,0.646933002543806,"model average"
350,10,22.0707070707071,0.647457732181415,"model average"
350,10,22.3535353535354,0.647674193156336,"model average"
350,10,22.6363636363636,0.647581664531674,"model average"
350,10,22.9191919191919,0.647179873968607,"model average"
350,10,23.2020202020202,0.646468996826622,"model average"
350,10,23.4848484848485,0.645449654083524,"model average"
350,10,23.7676767676768,0.644122909082419,"model average"
350,10,24.0505050505051,0.642490263117199,"model average"
350,10,24.3333333333333,0.640553649872245,"model average"
350,10,24.6161616161616,0.638315428736287,"model average"
350,10,24.8989898989899,0.635778377014398,"model average"
350,10,25.1818181818182,0.632945681066093,"model average"
350,10,25.4646464646465,0.629820926401328,"model average"
350,10,25.7474747474747,0.626408086769912,"model average"
350,10,26.030303030303,0.622711512283365,"model average"
350,10,26.3131313131313,0.618735916611631,"model average"
350,10,26.5959595959596,0.614486363300223,"model average"
350,10,26.8787878787879,0.60996825125635,"model average"
350,10,27.1616161616162,0.605187299455343,"model average"
350,10,27.4444444444444,0.600149530921207,"model average"
350,10,27.7272727272727,0.59486125603746,"model average"
350,10,28.010101010101,0.589329055246455,"model average"
350,10,28.2929292929293,0.583559761197212,"model average"
350,10,28.5757575757576,0.577560440403341,"model average"
350,10,28.8585858585859,0.571338374473955,"model average"
350,10,29.1414141414141,0.564901040981535,"model average"
350,10,29.4242424242424,0.558256094031509,"model average"
350,10,29.7070707070707,0.551411344598868,"model average"
350,10,29.989898989899,0.544374740697453,"model average"
350,10,30.2727272727273,0.537154347447631,"model average"
350,10,30.5555555555556,0.529758327107918,"model average"
350,10,30.8383838383838,0.522194919135741,"model average"
350,10,31.1212121212121,0.514472420341964,"model average"
350,10,31.4040404040404,0.506599165203039,"model average"
350,10,31.6868686868687,0.498583506393727,"model average"
350,10,31.969696969697,0.490433795602244,"model average"
350,10,32.2525252525253,0.482158364688532,"model average"
350,10,32.5353535353535,0.473765507245036,"model average"
350,10,32.8181818181818,0.465263460618045,"model average"
350,10,33.1010101010101,0.456660388446306,"model average"
350,10,33.3838383838384,0.447964363772236,"model average"
350,10,33.6666666666667,0.439183352779803,"model average"
350,10,33.9494949494949,0.430325199211893,"model average"
350,10,34.2323232323232,0.421397609518938,"model average"
350,10,34.5151515151515,0.412408138789525,"model average"
350,10,34.7979797979798,0.403364177512799,"model average"
350,10,35.0808080808081,0.394272939221356,"model average"
350,10,35.3636363636364,0.385141449061688,"model average"
350,10,35.6464646464647,0.37597653333631,"model average"
350,10,35.9292929292929,0.366784810055952,"model average"
350,10,36.2121212121212,0.357572680528865,"model average"
350,10,36.4949494949495,0.348346321992401,"model average"
350,10,36.7777777777778,0.339111681250517,"model average"
350,10,37.0606060606061,0.329874469203569,"model average"
350,10,37.3434343434343,0.320640156015193,"model average"
350,10,37.6262626262626,0.311413966404486,"model average"
350,10,37.9090909090909,0.302200874090919,"model average"
350,10,38.1919191919192,0.293005593597277,"model average"
350,10,38.4747474747475,0.283832566156261,"model average"
350,10,38.7575757575758,0.27468593388436,"model average"
350,10,39.040404040404,0.26556949183186,"model average"
350,10,39.3232323232323,0.256486599499978,"model average"
350,10,39.6060606060606,0.247440019324767,"model average"
350,10,39.8888888888889,0.238431624893552,"model average"
350,10,40.1717171717172,0.229461878291322,"model average"
350,10,40.4545454545455,0.220528900003833,"model average"
350,10,40.7373737373737,0.211626821847051,"model average"
350,10,41.020202020202,0.202742880954888,"model average"
350,10,41.3030303030303,0.193852307111415,"model average"
350,10,41.5858585858586,0.184909349160505,"model average"
350,10,41.8686868686869,0.175831561629961,"model average"
350,10,42.1515151515151,0.166472373398044,"model average"
350,10,42.4343434343434,0.156573478438369,"model average"
350,10,42.7171717171717,0.14568367430035,"model average"
350,10,43,0.133043433611812,"model average"
350,100,15,1.25222484779709,"model average"
350,100,15.2828282828283,1.27982115434212,"model average"
350,100,15.5656565656566,1.30699900600535,"model average"
350,100,15.8484848484848,1.33370399578258,"model average"
350,100,16.1313131313131,1.35988164873204,"model average"
350,100,16.4141414141414,1.38547355272853,"model average"
350,100,16.6969696969697,1.41042342380742,"model average"
350,100,16.979797979798,1.43467789511147,"model average"
350,100,17.2626262626263,1.45818435278678,"model average"
350,100,17.5454545454545,1.48089112454958,"model average"
350,100,17.8282828282828,1.50274766761464,"model average"
350,100,18.1111111111111,1.52370475502268,"model average"
350,100,18.3939393939394,1.54371465939747,"model average"
350,100,18.6767676767677,1.56273133316346,"model average"
350,100,18.959595959596,1.58071058426105,"model average"
350,100,19.2424242424242,1.59761024640989,"model average"
350,100,19.5252525252525,1.61339034299026,"model average"
350,100,19.8080808080808,1.62801324363868,"model average"
350,100,20.0909090909091,1.64144381268647,"model average"
350,100,20.3737373737374,1.65364954860907,"model average"
350,100,20.6565656565657,1.66460071369839,"model average"
350,100,20.9393939393939,1.67427045322138,"model average"
350,100,21.2222222222222,1.68263490338361,"model average"
350,100,21.5050505050505,1.68967328747793,"model average"
350,100,21.7878787878788,1.69536799966357,"model average"
350,100,22.0707070707071,1.6997046758909,"model average"
350,100,22.3535353535354,1.7026722515602,"model average"
350,100,22.6363636363636,1.70426300557923,"model average"
350,100,22.9191919191919,1.70447259056331,"model average"
350,100,23.2020202020202,1.7033000490024,"model average"
350,100,23.4848484848485,1.70074781530169,"model average"
350,100,23.7676767676768,1.69682170368543,"model average"
350,100,24.0505050505051,1.69153088203614,"model average"
350,100,24.3333333333333,1.68488783182416,"model average"
350,100,24.6161616161616,1.67690829436367,"model average"
350,100,24.8989898989899,1.6676112037105,"model average"
350,100,25.1818181818182,1.6570186065946,"model average"
350,100,25.4646464646465,1.64515556985382,"model average"
350,100,25.7474747474747,1.6320500759067,"model average"
350,100,26.030303030303,1.6177329068684,"model average"
350,100,26.3131313131313,1.60223751797639,"model average"
350,100,26.5959595959596,1.58559990104988,"model average"
350,100,26.8787878787879,1.56785843875875,"model average"
350,100,27.1616161616162,1.54905375052475,"model average"
350,100,27.4444444444444,1.52922853091773,"model average"
350,100,27.7272727272727,1.50842738144437,"model average"
350,100,28.010101010101,1.4866966366547,"model average"
350,100,28.2929292929293,1.46408418551353,"model average"
350,100,28.5757575757576,1.44063928899848,"model average"
350,100,28.8585858585859,1.41641239489506,"model average"
350,100,29.1414141414141,1.39145495076102,"model average"
350,100,29.4242424242424,1.36581921602754,"model average"
350,100,29.7070707070707,1.339558074194,"model average"
350,100,29.989898989899,1.31272484605622,"model average"
350,100,30.2727272727273,1.28537310488488,"model average"
350,100,30.5555555555556,1.25755649444283,"model average"
350,100,30.8383838383838,1.22932855069591,"model average"
350,100,31.1212121212121,1.20074252803368,"model average"
350,100,31.4040404040404,1.17185123077319,"model average"
350,100,31.6868686868687,1.14270685067208,"model average"
350,100,31.969696969697,1.11336081112637,"model average"
350,100,32.2525252525253,1.08386361867502,"model average"
350,100,32.5353535353535,1.05426472237648,"model average"
350,100,32.8181818181818,1.02461238156467,"model average"
350,100,33.1010101010101,0.994953542431419,"model average"
350,100,33.3838383838384,0.965333723821835,"model average"
350,100,33.6666666666667,0.93579691256757,"model average"
350,100,33.9494949494949,0.906385468621696,"model average"
350,100,34.2323232323232,0.877140040198277,"model average"
350,100,34.5151515151515,0.848099489060189,"model average"
350,100,34.7979797979798,0.819300826040881,"model average"
350,100,35.0808080808081,0.790779156830032,"model average"
350,100,35.3636363636364,0.762567637999895,"model average"
350,100,35.6464646464647,0.734697443198748,"model average"
350,100,35.9292929292929,0.707197739390672,"model average"
350,100,36.2121212121212,0.680095672976386,"model average"
350,100,36.4949494949495,0.653416365587692,"model average"
350,100,36.7777777777778,0.627182919306218,"model average"
350,100,37.0606060606061,0.601416431012304,"model average"
350,100,37.3434343434343,0.57613601551508,"model average"
350,100,37.6262626262626,0.551358837037762,"model average"
350,100,37.9090909090909,0.527100148510111,"model average"
350,100,38.1919191919192,0.503373337912304,"model average"
350,100,38.4747474747475,0.480189980548898,"model average"
350,100,38.7575757575758,0.457559895479868,"model average"
350,100,39.040404040404,0.435491203172165,"model average"
350,100,39.3232323232323,0.413990379361896,"model average"
350,100,39.6060606060606,0.393062296436315,"model average"
350,100,39.8888888888889,0.372710237132826,"model average"
350,100,40.1717171717172,0.352935853870364,"model average"
350,100,40.4545454545455,0.333739026844861,"model average"
350,100,40.7373737373737,0.315117538642461,"model average"
350,100,41.020202020202,0.297066421305528,"model average"
350,100,41.3030303030303,0.27957672418651,"model average"
350,100,41.5858585858586,0.262633264740981,"model average"
350,100,41.8686868686869,0.246210605704585,"model average"
350,100,42.1515151515151,0.230265969542589,"model average"
350,100,42.4343434343434,0.214726972176,"model average"
350,100,42.7171717171717,0.199471167575645,"model average"
350,100,43,0.184299046447032,"model average"
