"seqID","rmax","topt","ctmin","ctmax","e","eh","q10","thermal_safety_margin","thermal_tolerance","breadth","skewness","model_name","Domain","Phylum","Class","Order","Family","Genus","Species","temperature_of_isolation","Area","Site_initials","metric","Seasonality","MMTR_sd","MAT","MATR","MMTR","MATmax","MMTmax","MATmin","MMTmin","MATmax_sd","MATmin_sd","Isothermality","Site","Climate profile","Annual_precipitation","Precipitation_seasonality","MAPmax","MAPmin","GC%","Total length","subopt_slope","superopt_slope"
"1",0.666943636109743,24.121,5.324,42.919,0,1.30328112271718,0,18.798,37.595,10.262,0,"model average","Bacteria","Pseudomonadota","Gammaproteobacteria","Pseudomonadales","Pseudomonadaceae","Pseudomonas_E","Pseudomonas_E sp002901475",15,"Bay","J","rate",715.135157089093,3.39091988539475,18.9919945272543,39.822,13.3560833333333,43,26.8227083333333,3.178,13.466625,9.7690587842505,6.34725910229779,33.539458925552,"Jepson Prairie","Hot stable",454.142,3696.476858,282.51,0,54.6,8731465,0.0354813872484834,-0.0354794997398523
"2",0.705810768562667,24.609,6.853,42.365,0,1.56897981048758,0,17.756,35.512,9.72,0,"model average","Bacteria","Pseudomonadota","Gammaproteobacteria","Pseudomonadales","Pseudomonadaceae","Pseudomonas_E",NA,15,"Bay","J","rate",715.135157089093,3.39091988539475,18.9919945272543,39.822,13.3560833333333,43,26.8227083333333,3.178,13.466625,9.7690587842505,6.34725910229779,33.539458925552,"Jepson Prairie","Hot stable",454.142,3696.476858,282.51,0,60.59,5736540,0.0397505501555906,-0.0397505501555906
"3",0.424571013853805,22.651,-16.42,61.722,0,0.242939582439739,0,39.071,78.142,18.319,0,"model average","Bacteria","Pseudomonadota","Gammaproteobacteria","Pseudomonadales","Pseudomonadaceae","Pseudomonas_E",NA,15,"Bay","J","rate",715.135157089093,3.39091988539475,18.9919945272543,39.822,13.3560833333333,43,26.8227083333333,3.178,13.466625,9.7690587842505,6.34725910229779,33.539458925552,"Jepson Prairie","Hot stable",454.142,3696.476858,282.51,0,59.23,6632668,0.0108666533708839,-0.0108666533708839
"4",0.579243859404484,22.492,0.448,44.535,0,0.679119740528887,0,22.043,44.087,12.068,0,"model average","Bacteria","Pseudomonadota","Gammaproteobacteria","Pseudomonadales","Pseudomonadaceae","Pseudomonas_E",NA,15,"Bay","J","rate",715.135157089093,3.39091988539475,18.9919945272543,39.822,13.3560833333333,43,26.8227083333333,3.178,13.466625,9.7690587842505,6.34725910229779,33.539458925552,"Jepson Prairie","Hot stable",454.142,3696.476858,282.51,0,60.04,5599294,0.026276712910746,-0.02627790497684
"5",0.474846798680175,25.319,9.803,40.835,0,1.65019566524093,0,15.516,31.032,8.49,0,"model average","Bacteria","Pseudomonadota","Gammaproteobacteria","Pseudomonadales","Pseudomonadaceae","Pseudomonas_E",NA,15,"Bay","J","rate",715.135157089093,3.39091988539475,18.9919945272543,39.822,13.3560833333333,43,26.8227083333333,3.178,13.466625,9.7690587842505,6.34725910229779,33.539458925552,"Jepson Prairie","Hot stable",454.142,3696.476858,282.51,0,59.23,6631547,0.0306036864320814,-0.0306036864320814
"6",0.388281117175594,21.229,-2.61,45.068,0,0.645104282292898,0,23.839,47.678,12.738,0,"model average","Bacteria","Pseudomonadota","Gammaproteobacteria","Pseudomonadales","Pseudomonadaceae","Pseudomonas_E",NA,15,"Bay","J","rate",715.135157089093,3.39091988539475,18.9919945272543,39.822,13.3560833333333,43,26.8227083333333,3.178,13.466625,9.7690587842505,6.34725910229779,33.539458925552,"Jepson Prairie","Hot stable",454.142,3696.476858,282.51,0,59.23,6631052,0.0162876428195643,-0.0162876428195643
"7",0.574997468383398,24.959,8.73,41.189,0,1.25273559767563,0,16.23,32.459,8.858,0,"model average","Bacteria","Pseudomonadota","Gammaproteobacteria","Pseudomonadales","Pseudomonadaceae","Pseudomonas_E",NA,15,"Bay","J","rate",715.135157089093,3.39091988539475,18.9919945272543,39.822,13.3560833333333,43,26.8227083333333,3.178,13.466625,9.7690587842505,6.34725910229779,33.539458925552,"Jepson Prairie","Hot stable",454.142,3696.476858,282.51,0,60.34,5873126,0.0354302463727524,-0.0354280633631176
"8",0.768094721307093,19.055,-2.111,40.22,0,0.990499336687426,0,21.165,42.331,9.831,0,"model average","Bacteria","Pseudomonadota","Gammaproteobacteria","Pseudomonadales","Pseudomonadaceae","Pseudomonas_E","Pseudomonas_E lurida",15,"Bay","J","rate",715.135157089093,3.39091988539475,18.9919945272543,39.822,13.3560833333333,43,26.8227083333333,3.178,13.466625,9.7690587842505,6.34725910229779,33.539458925552,"Jepson Prairie","Hot stable",454.142,3696.476858,282.51,0,60.83,6190088,0.0362890825525415,-0.0362907971323928
"9",0.924195478085963,24.273,1.954,46.592,0,0.982674297916799,0,22.319,44.638,12.192,0,"model average","Bacteria","Pseudomonadota","Gammaproteobacteria","Pseudomonadales","Pseudomonadaceae","Pseudomonas_E","Pseudomonas_E rhodesiae",15,"Bay","J","rate",715.135157089093,3.39091988539475,18.9919945272543,39.822,13.3560833333333,43,26.8227083333333,3.178,13.466625,9.7690587842505,6.34725910229779,33.539458925552,"Jepson Prairie","Hot stable",454.142,3696.476858,282.51,0,60.65,5605055,0.0414084626589884,-0.0414084626589884
"10",0.650145752290912,19.902,1.348,38.456,0,1.07620726250517,0,18.554,37.108,9.966,0,"model average","Bacteria","Pseudomonadota","Gammaproteobacteria","Pseudomonadales","Pseudomonadaceae","Pseudomonas_E","Pseudomonas_E sp002901475",15,"Bay","J","rate",715.135157089093,3.39091988539475,18.9919945272543,39.822,13.3560833333333,43,26.8227083333333,3.178,13.466625,9.7690587842505,6.34725910229779,33.539458925552,"Jepson Prairie","Hot stable",454.142,3696.476858,282.51,0,58.4,7010671,0.0350407325800858,-0.0350407325800858
"11",0.635236463112635,23.615,6.854,40.377,0,1.28219388298299,0,16.762,33.523,9.177,0,"model average","Bacteria","Pseudomonadota","Gammaproteobacteria","Pseudomonadales","Pseudomonadaceae","Pseudomonas_E","Pseudomonas_E fluorescens_BG",15,"Bay","J","rate",715.135157089093,3.39091988539475,18.9919945272543,39.822,13.3560833333333,43,26.8227083333333,3.178,13.466625,9.7690587842505,6.34725910229779,33.539458925552,"Jepson Prairie","Hot stable",454.142,3696.476858,282.51,0,57.34,10724477,0.0378996756227334,-0.0378974145753869
"12",0.926859994812729,22.962,4.513,41.41,0,0.813449313914063,0,18.448,36.897,10.069,0,"model average","Bacteria","Pseudomonadota","Gammaproteobacteria","Pseudomonadales","Pseudomonadaceae","Pseudomonas_E","Pseudomonas_E chlororaphis_G",15,"Bay","J","rate",715.135157089093,3.39091988539475,18.9919945272543,39.822,13.3560833333333,43,26.8227083333333,3.178,13.466625,9.7690587842505,6.34725910229779,33.539458925552,"Jepson Prairie","Hot stable",454.142,3696.476858,282.51,0,62.35,7112102,0.0502390370650295,-0.0502417603432746
"13",0.812489108550915,21.537,-0.438000000000002,43.512,0,0.731017610830646,0,21.975,43.95,12.026,0,"model average","Bacteria","Pseudomonadota","Gammaproteobacteria","Pseudomonadales","Pseudomonadaceae","Pseudomonas_E","Pseudomonas_E moraviensis_B",15,"Bay","J","rate",715.135157089093,3.39091988539475,18.9919945272543,39.822,13.3560833333333,43,26.8227083333333,3.178,13.466625,9.7690587842505,6.34725910229779,33.539458925552,"Jepson Prairie","Hot stable",454.142,3696.476858,282.51,0,59.93,6102439,0.0369733382730792,-0.0369733382730792
"14",0.562054072231583,23.444,4.947,41.941,0,1.65998748827098,0,18.497,36.994,10.132,0,"model average","Bacteria","Pseudomonadota","Gammaproteobacteria","Pseudomonadales","Pseudomonadaceae","Pseudomonas_E","Pseudomonas_E sp003851685",15,"Bay","J","rate",715.135157089093,3.39091988539475,18.9919945272543,39.822,13.3560833333333,43,26.8227083333333,3.178,13.466625,9.7690587842505,6.34725910229779,33.539458925552,"Jepson Prairie","Hot stable",454.142,3696.476858,282.51,0,61.03,5874240,0.0303862286982529,-0.0303862286982528
"15",0.731891385994951,26.007,5.997,46.017,0,1.11911855666893,0,20.01,40.02,10.921,0,"model average","Bacteria","Pseudomonadota","Gammaproteobacteria","Pseudomonadales","Pseudomonadaceae","Pseudomonas_E","Pseudomonas_E sp003851685",15,"Bay","J","rate",715.135157089093,3.39091988539475,18.9919945272543,39.822,13.3560833333333,43,26.8227083333333,3.178,13.466625,9.7690587842505,6.34725910229779,33.539458925552,"Jepson Prairie","Hot stable",454.142,3696.476858,282.51,0,60.72,5848934,0.036576281159168,-0.036576281159168
"16",0.728748325320364,26.215,4.344,48.087,0,0.998947988596938,0,21.872,43.743,11.945,0,"model average","Bacteria","Pseudomonadota","Gammaproteobacteria","Pseudomonadales","Pseudomonadaceae","Pseudomonas_E","Pseudomonas_E sp003851685",15,"Bay","J","rate",715.135157089093,3.39091988539475,18.9919945272543,39.822,13.3560833333333,43,26.8227083333333,3.178,13.466625,9.7690587842505,6.34725910229779,33.539458925552,"Jepson Prairie","Hot stable",454.142,3696.476858,282.51,0,60.81,5883718,0.0333203020127275,-0.0333187785899947
"17",0.748530017804423,24.2201675076541,-9.04312299046575,41.902022286437,0.135891814276124,1.37671232661535,0.498515523216976,17.681854778783,51.1337508510023,15.4843811193922,0,"model average","Bacteria","Pseudomonadota","Gammaproteobacteria","Pseudomonadales","Pseudomonadaceae","Pseudomonas_E","Pseudomonas_E sp003851685",15,"Bay","J","rate",715.135157089093,3.39091988539475,18.9919945272543,39.822,13.3560833333333,43,26.8227083333333,3.178,13.466625,9.7690587842505,6.34725910229779,33.539458925552,"Jepson Prairie","Hot stable",454.142,3696.476858,282.51,0,60.72,5847214,0.0225031861428962,-0.0423332295830532
"18",0.581380232932331,24.494,-1.037,50.026,0,0.886287687446182,0,25.532,51.063,13.967,0,"model average","Bacteria","Pseudomonadota","Gammaproteobacteria","Pseudomonadales","Pseudomonadaceae","Pseudomonas_E","Pseudomonas_E sp009764265",15,"Bay","QR","rate",952.839348727993,5.12058986245278,21.6727287327151,49.956,19.9221333333333,51.59,32.7491666666667,1.634,12.8270333333333,12.5018491231168,7.74440653253966,39.8793605039101,"Quail Ridge","Hot variable",602.291,5044.004692,435.86,0,60.32,6502804,0.0227715417700964,-0.0227706498876833
"19",1.06431853157165,22.121,0.460999999999999,43.781,0,0.698543793240858,0,21.66,43.32,11.824,0,"model average","Bacteria","Pseudomonadota","Gammaproteobacteria","Pseudomonadales","Pseudomonadaceae","Pseudomonas_E","Pseudomonas_E sp016651305",15,"Bay","QR","rate",952.839348727993,5.12058986245278,21.6727287327151,49.956,19.9221333333333,51.59,32.7491666666667,1.634,12.8270333333333,12.5018491231168,7.74440653253966,39.8793605039101,"Quail Ridge","Hot variable",602.291,5044.004692,435.86,0,59.16,6719708,0.0491375129996145,-0.0491375129996145
"20",0.553588663119555,25.513,4.192,46.834,0,0.966957336528218,0,21.321,42.642,11.674,0,"model average","Bacteria","Pseudomonadota","Gammaproteobacteria","Pseudomonadales","Pseudomonadaceae","Pseudomonas_E",NA,15,"Bay","QR","rate",952.839348727993,5.12058986245278,21.6727287327151,49.956,19.9221333333333,51.59,32.7491666666667,1.634,12.8270333333333,12.5018491231168,7.74440653253966,39.8793605039101,"Quail Ridge","Hot variable",602.291,5044.004692,435.86,0,60.1,5653679,0.0259644792983235,-0.0259644792983235
"21",0.82567016179323,22.846,7.546,38.147,0,1.00390914744197,0,15.301,30.601,8.356,0,"model average","Bacteria","Pseudomonadota","Gammaproteobacteria","Pseudomonadales","Pseudomonadaceae","Pseudomonas_E","Pseudomonas_E sp002874965",15,"Bay","QR","rate",952.839348727993,5.12058986245278,21.6727287327151,49.956,19.9221333333333,51.59,32.7491666666667,1.634,12.8270333333333,12.5018491231168,7.74440653253966,39.8793605039101,"Quail Ridge","Hot variable",602.291,5044.004692,435.86,0,60.99,7092743,0.0539653700518451,-0.0539618431339932
"22",0.797028518174071,24.175,6.062,42.288,0,1.58789049957496,0,18.113,36.226,9.892,0,"model average","Bacteria","Pseudomonadota","Gammaproteobacteria","Pseudomonadales","Pseudomonadaceae","Pseudomonas_E","Pseudomonas_E fluorescens_BG",15,"Bay","QR","rate",952.839348727993,5.12058986245278,21.6727287327151,49.956,19.9221333333333,51.59,32.7491666666667,1.634,12.8270333333333,12.5018491231168,7.74440653253966,39.8793605039101,"Quail Ridge","Hot variable",602.291,5044.004692,435.86,0,57.34,10721312,0.0440031203099471,-0.0440031203099471
"23",0.778750482737343,25.036,4.974,45.099,0,0.954819565281887,0,20.063,40.125,10.951,0,"model average","Bacteria","Pseudomonadota","Gammaproteobacteria","Pseudomonadales","Pseudomonadaceae","Pseudomonas_E","Pseudomonas_E sp002874965",15,"Bay","QR","rate",952.839348727993,5.12058986245278,21.6727287327151,49.956,19.9221333333333,51.59,32.7491666666667,1.634,12.8270333333333,12.5018491231168,7.74440653253966,39.8793605039101,"Quail Ridge","Hot variable",602.291,5044.004692,435.86,0,60.99,7092990,0.0388171908452469,-0.0388152560802145
"24",0.797484145717399,22.485,4.478,40.491,0,0.873668970279561,0,18.006,36.013,9.871,0,"model average","Bacteria","Pseudomonadota","Gammaproteobacteria","Pseudomonadales","Pseudomonadaceae","Pseudomonas_E","Pseudomonas_E fluorescens_BG",15,"Bay","QR","rate",952.839348727993,5.12058986245278,21.6727287327151,49.956,19.9221333333333,51.59,32.7491666666667,1.634,12.8270333333333,12.5018491231168,7.74440653253966,39.8793605039101,"Quail Ridge","Hot variable",602.291,5044.004692,435.86,0,59.3,5707464,0.0442874518641306,-0.0442899114582583
"25",0.565515415183855,22.694,2.712,42.675,0,0.72579302560845,0,19.981,39.963,10.921,0,"model average","Bacteria","Pseudomonadota","Gammaproteobacteria","Pseudomonadales","Pseudomonadaceae","Pseudomonas_E",NA,15,"Bay","QR","rate",952.839348727993,5.12058986245278,21.6727287327151,49.956,19.9221333333333,51.59,32.7491666666667,1.634,12.8270333333333,12.5018491231168,7.74440653253966,39.8793605039101,"Quail Ridge","Hot variable",602.291,5044.004692,435.86,0,59.38,6336199,0.0283012418768819,-0.0283026582845631
"26",0.570171522082192,24.994,5.951,44.038,0,0.90515180314525,0,19.044,38.087,10.393,0,"model average","Bacteria","Pseudomonadota","Gammaproteobacteria","Pseudomonadales","Pseudomonadaceae","Pseudomonas_E",NA,15,"Bay","QR","rate",952.839348727993,5.12058986245278,21.6727287327151,49.956,19.9221333333333,51.59,32.7491666666667,1.634,12.8270333333333,12.5018491231168,7.74440653253966,39.8793605039101,"Quail Ridge","Hot variable",602.291,5044.004692,435.86,0,60.19,6143789,0.0299412656662391,-0.0299396934510708
"27",0.847801481112205,23.646,3.875,43.416,0,0.938804090133049,0,19.77,39.541,10.811,0,"model average","Bacteria","Pseudomonadota","Gammaproteobacteria","Pseudomonadales","Pseudomonadaceae","Pseudomonas_E",NA,15,"Bay","QR","rate",952.839348727993,5.12058986245278,21.6727287327151,49.956,19.9221333333333,51.59,32.7491666666667,1.634,12.8270333333333,12.5018491231168,7.74440653253966,39.8793605039101,"Quail Ridge","Hot variable",602.291,5044.004692,435.86,0,59.96,5864607,0.0428810622180064,-0.0428832312145779
"28",0.742961263892932,20.495,-3.84,44.831,0,0.704571761976196,0,24.336,48.671,12.153,0,"model average","Bacteria","Pseudomonadota","Gammaproteobacteria","Pseudomonadales","Pseudomonadaceae","Pseudomonas_E","Pseudomonas_E neoaurantiaca",15,"Bay","QR","rate",952.839348727993,5.12058986245278,21.6727287327151,49.956,19.9221333333333,51.59,32.7491666666667,1.634,12.8270333333333,12.5018491231168,7.74440653253966,39.8793605039101,"Quail Ridge","Hot variable",602.291,5044.004692,435.86,0,60.65,6197997,0.030530563546042,-0.0305293090028325
"29",0.808728501853994,18.94,-15.183,53.062,0,0.482327335085013,0,34.122,68.245,13.252,0,"model average","Bacteria","Pseudomonadota","Gammaproteobacteria","Pseudomonadales","Pseudomonadaceae","Pseudomonas_E","Pseudomonas_E alvandae",15,"Bay","QR","rate",952.839348727993,5.12058986245278,21.6727287327151,49.956,19.9221333333333,51.59,32.7491666666667,1.634,12.8270333333333,12.5018491231168,7.74440653253966,39.8793605039101,"Quail Ridge","Hot variable",602.291,5044.004692,435.86,0,60.87,6234758,0.0237003927513406,-0.0237010873294061
"31",0.697438009153353,27.429,7.292,47.566,0,0.790971657150592,0,20.137,40.274,11.021,0,"model average","Bacteria","Pseudomonadota","Gammaproteobacteria","Pseudomonadales","Pseudomonadaceae","Pseudomonas_E",NA,15,"Bay","M","rate",803.896535580864,2.75745090239664,18.9795917698631,40.786,13.4634523809524,43.33,26.2285714285714,2.544,12.765119047619,9.27213277123266,7.16336482893367,33.0099847520041,"McLaughlin","Hot stable",825.463,6810.513893,529.12,0,60.84,5907334,0.034634653084042,-0.034634653084042
"32",0.548918962010773,22.823,3.827,41.819,0,0.882525631149024,0,18.996,37.992,10.373,0,"model average","Bacteria","Pseudomonadota","Gammaproteobacteria","Pseudomonadales","Pseudomonadaceae","Pseudomonas_E",NA,15,"Bay","M","rate",803.896535580864,2.75745090239664,18.9795917698631,40.786,13.4634523809524,43.33,26.2285714285714,2.544,12.765119047619,9.27213277123266,7.16336482893367,33.0099847520041,"McLaughlin","Hot stable",825.463,6810.513893,529.12,0,60.84,5908357,0.0288965551700765,-0.0288965551700765
"33",0.596987365553116,26.203,1.074,51.332,0,0.475517201695053,0,25.129,50.258,13.721,0,"model average","Bacteria","Pseudomonadota","Gammaproteobacteria","Pseudomonadales","Pseudomonadaceae","Pseudomonas_E",NA,15,"Bay","M","rate",803.896535580864,2.75745090239664,18.9795917698631,40.786,13.4634523809524,43.33,26.2285714285714,2.544,12.765119047619,9.27213277123266,7.16336482893367,33.0099847520041,"McLaughlin","Hot stable",825.463,6810.513893,529.12,0,60.84,5904064,0.02375690897183,-0.02375690897183
"34",0.752396950307313,21.083,1.223,40.943,0,0.885569539173181,0,19.86,39.72,10.841,0,"model average","Bacteria","Pseudomonadota","Gammaproteobacteria","Pseudomonadales","Pseudomonadaceae","Pseudomonas_E",NA,15,"Bay","M","rate",803.896535580864,2.75745090239664,18.9795917698631,40.786,13.4634523809524,43.33,26.2285714285714,2.544,12.765119047619,9.27213277123266,7.16336482893367,33.0099847520041,"McLaughlin","Hot stable",825.463,6810.513893,529.12,0,60.84,5909557,0.0378850428150712,-0.0378850428150712
"35",0.654360265760553,25.934,2.396,49.472,0,0.722077573709271,0,23.538,47.076,12.848,0,"model average","Bacteria","Pseudomonadota","Gammaproteobacteria","Pseudomonadales","Pseudomonadaceae","Pseudomonas_E",NA,15,"Bay","M","rate",803.896535580864,2.75745090239664,18.9795917698631,40.786,13.4634523809524,43.33,26.2285714285714,2.544,12.765119047619,9.27213277123266,7.16336482893367,33.0099847520041,"McLaughlin","Hot stable",825.463,6810.513893,529.12,0,60.96,5701218,0.0278001642348778,-0.0278001642348778
"36",0.694844964357272,20.101,-1.196,41.399,0,0.869299183784679,0,21.298,42.595,10.914,0,"model average","Bacteria","Pseudomonadota","Gammaproteobacteria","Pseudomonadales","Pseudomonadaceae","Pseudomonas_E",NA,15,"Bay","M","rate",803.896535580864,2.75745090239664,18.9795917698631,40.786,13.4634523809524,43.33,26.2285714285714,2.544,12.765119047619,9.27213277123266,7.16336482893367,33.0099847520041,"McLaughlin","Hot stable",825.463,6810.513893,529.12,0,58.73,6285471,0.0326264245836161,-0.0326248926827529
"37",0.578941991389094,23.979,0.113999999999997,47.843,0,1.15260865702368,0,23.864,47.729,13.025,0,"model average","Bacteria","Pseudomonadota","Gammaproteobacteria","Pseudomonadales","Pseudomonadaceae","Pseudomonas_E",NA,15,"Bay","M","rate",803.896535580864,2.75745090239664,18.9795917698631,40.786,13.4634523809524,43.33,26.2285714285714,2.544,12.765119047619,9.27213277123266,7.16336482893367,33.0099847520041,"McLaughlin","Hot stable",825.463,6810.513893,529.12,0,59.93,6822146,0.0242590400749673,-0.0242600566287753
"38",0.704033577582505,22.926,5.578,40.273,0,0.940705839722129,0,17.347,34.695,9.469,0,"model average","Bacteria","Pseudomonadota","Gammaproteobacteria","Pseudomonadales","Pseudomonadaceae","Pseudomonas_E","Pseudomonas_E migulae_B",15,"Bay","M","rate",803.896535580864,2.75745090239664,18.9795917698631,40.786,13.4634523809524,43.33,26.2285714285714,2.544,12.765119047619,9.27213277123266,7.16336482893367,33.0099847520041,"McLaughlin","Hot stable",825.463,6810.513893,529.12,0,59.67,6439847,0.0405829823370132,-0.0405853218183262
"39",0.773863958890712,26.35,10.258,42.443,0,1.33717511030727,0,16.093,32.185,8.808,0,"model average","Bacteria","Pseudomonadota","Gammaproteobacteria","Pseudomonadales","Pseudomonadaceae","Pseudomonas_E","Pseudomonas_E neoaurantiaca",15,"Bay","M","rate",803.896535580864,2.75745090239664,18.9795917698631,40.786,13.4634523809524,43.33,26.2285714285714,2.544,12.765119047619,9.27213277123266,7.16336482893367,33.0099847520041,"McLaughlin","Hot stable",825.463,6810.513893,529.12,0,60.73,6096569,0.0480899800454084,-0.048086991790885
"40",0.509521773305354,20.724,-3.286,44.735,0,0.708656560833295,0,24.011,48.021,12.282,0,"model average","Bacteria","Pseudomonadota","Gammaproteobacteria","Pseudomonadales","Pseudomonadaceae","Pseudomonas_E",NA,15,"Bay","M","rate",803.896535580864,2.75745090239664,18.9795917698631,40.786,13.4634523809524,43.33,26.2285714285714,2.544,12.765119047619,9.27213277123266,7.16336482893367,33.0099847520041,"McLaughlin","Hot stable",825.463,6810.513893,529.12,0,58.97,6597824,0.0212212317078448,-0.0212203478949379
"41",0.885396830829524,26.857,7.435,46.279,0,0.874774025737432,0,19.422,38.844,10.604,0,"model average","Bacteria","Pseudomonadota","Gammaproteobacteria","Pseudomonadales","Pseudomonadaceae","Pseudomonas_E","Pseudomonas_E kilonensis",15,"Bay","M","rate",803.896535580864,2.75745090239664,18.9795917698631,40.786,13.4634523809524,43.33,26.2285714285714,2.544,12.765119047619,9.27213277123266,7.16336482893367,33.0099847520041,"McLaughlin","Hot stable",825.463,6810.513893,529.12,0,60.92,6540918,0.0455873149433387,-0.0455873149433387
"43",0.679918327429388,26.826,4.296,49.356,0,0.701634259374151,0,22.53,45.06,12.302,0,"model average","Bacteria","Pseudomonadota","Gammaproteobacteria","Pseudomonadales","Pseudomonadaceae","Pseudomonas_E",NA,15,"Bay","B","rate",361.343704295491,1.37798271591651,13.9218645890257,27.3,12.0775,27.3,20.059375,0,7.981875,4.12335094374941,4.02268050055861,44.2399267399267,"Bodega","Cold stable",781.287,5840.866166,472.48,0,59.06,6729796,0.0301783545241628,-0.0301783545241628
"44",0.849054236686856,22.639,2.999,42.279,0,0.756946608765151,0,19.64,39.28,10.742,0,"model average","Bacteria","Pseudomonadota","Gammaproteobacteria","Pseudomonadales","Pseudomonadaceae","Pseudomonas_E","Pseudomonas_E sp009764645",15,"Bay","B","rate",361.343704295491,1.37798271591651,13.9218645890257,27.3,12.0775,27.3,20.059375,0,7.981875,4.12335094374941,4.02268050055861,44.2399267399267,"Bodega","Cold stable",781.287,5840.866166,472.48,0,59.31,6202971,0.0432308674484143,-0.0432308674484142
"45",0.637946740645371,24.606,6.426,42.787,0,1.25619943487946,0,18.181,36.361,9.951,0,"model average","Bacteria","Pseudomonadota","Gammaproteobacteria","Pseudomonadales","Pseudomonadaceae","Pseudomonas_E",NA,15,"Bay","B","rate",361.343704295491,1.37798271591651,13.9218645890257,27.3,12.0775,27.3,20.059375,0,7.981875,4.12335094374941,4.02268050055861,44.2399267399267,"Bodega","Cold stable",781.287,5840.866166,472.48,0,59.03,6867831,0.0350905797934748,-0.035088649724733
"46",0.721269836268124,19.942,-1.722,41.606,0,0.89583469887329,0,21.664,43.328,10.854,0,"model average","Bacteria","Pseudomonadota","Gammaproteobacteria","Pseudomonadales","Pseudomonadaceae","Pseudomonas_E",NA,15,"Bay","B","rate",361.343704295491,1.37798271591651,13.9218645890257,27.3,12.0775,27.3,20.059375,0,7.981875,4.12335094374941,4.02268050055861,44.2399267399267,"Bodega","Cold stable",781.287,5840.866166,472.48,0,59.02,6932158,0.0332934747169555,-0.0332934747169555
"47",0.656143795156678,24.11,2.366,45.854,0,1.06699880178616,0,21.744,43.488,11.87,0,"model average","Bacteria","Pseudomonadota","Gammaproteobacteria","Pseudomonadales","Pseudomonadaceae","Pseudomonas_E",NA,15,"Bay","B","rate",361.343704295491,1.37798271591651,13.9218645890257,27.3,12.0775,27.3,20.059375,0,7.981875,4.12335094374941,4.02268050055861,44.2399267399267,"Bodega","Cold stable",781.287,5840.866166,472.48,0,59.23,6658523,0.0301758551856456,-0.0301758551856456
"49",0.446226121008235,22.305,-4.779,49.389,0,0.486212643557791,0,27.084,54.168,14.702,0,"model average","Bacteria","Pseudomonadota","Gammaproteobacteria","Pseudomonadales","Pseudomonadaceae","Pseudomonas_E","Pseudomonas_E paracarnis",15,"Bay","B","rate",361.343704295491,1.37798271591651,13.9218645890257,27.3,12.0775,27.3,20.059375,0,7.981875,4.12335094374941,4.02268050055861,44.2399267399267,"Bodega","Cold stable",781.287,5840.866166,472.48,0,60.02,5915924,0.0164756358369604,-0.0164756358369604
"51",0.589895707219787,23.813,4.302,43.325,0,1.30053800076256,0,19.512,39.023,10.655,0,"model average","Bacteria","Pseudomonadota","Gammaproteobacteria","Pseudomonadales","Pseudomonadaceae","Pseudomonas_E","Pseudomonas_E sp002878485",15,"Bay","P","rate",350.860278656857,0.449009410021076,13.1830690263973,16.286,5.10191666666667,21.78,15.62375,5.494,10.5218333333333,3.48432865781232,3.73557827042785,31.3270088828851,"Point Reyes","Cold stable",931.663,7586.705926,563.18,0,60.21,6374205,0.0302340068279323,-0.0302324573195873
"52",0.724399651115478,24.86,7.013,42.708,0,1.24147237172254,0,17.848,35.695,9.745,0,"model average","Bacteria","Pseudomonadota","Gammaproteobacteria","Pseudomonadales","Pseudomonadaceae","Pseudomonas_E","Pseudomonas_E sp002878485",15,"Bay","P","rate",350.860278656857,0.449009410021076,13.1830690263973,16.286,5.10191666666667,21.78,15.62375,5.494,10.5218333333333,3.48432865781232,3.73557827042785,31.3270088828851,"Point Reyes","Cold stable",931.663,7586.705926,563.18,0,60.13,6410550,0.0405894352616954,-0.0405871610889443
"53",0.648655780498523,25.126,8.863,41.389,0,1.22402897594566,0,16.263,32.526,8.879,0,"model average","Bacteria","Pseudomonadota","Gammaproteobacteria","Pseudomonadales","Pseudomonadaceae","Pseudomonas_E","Pseudomonas_E shirazensis",15,"Bay","P","rate",350.860278656857,0.449009410021076,13.1830690263973,16.286,5.10191666666667,21.78,15.62375,5.494,10.5218333333333,3.48432865781232,3.73557827042785,31.3270088828851,"Point Reyes","Cold stable",931.663,7586.705926,563.18,0,61.85,5102710,0.0398853705035063,-0.0398853705035063
"54",0.576696819039843,27.936,14.152,41.721,0,1.04889272251176,0,13.785,27.569,7.524,0,"model average","Bacteria","Pseudomonadota","Gammaproteobacteria","Pseudomonadales","Pseudomonadaceae","Pseudomonas_E","Pseudomonas_E shirazensis",15,"Bay","P","rate",350.860278656857,0.449009410021076,13.1830690263973,16.286,5.10191666666667,21.78,15.62375,5.494,10.5218333333333,3.48432865781232,3.73557827042785,31.3270088828851,"Point Reyes","Cold stable",931.663,7586.705926,563.18,0,61,11122102,0.0418381325478702,-0.04183509750017
"55",0.721726969203127,25.976,8.723,43.229,0,1.18203963154031,0,17.253,34.506,9.416,0,"model average","Bacteria","Pseudomonadota","Gammaproteobacteria","Pseudomonadales","Pseudomonadaceae","Pseudomonas_E","Pseudomonas_E fluorescens_G",15,"Bay","P","rate",350.860278656857,0.449009410021076,13.1830690263973,16.286,5.10191666666667,21.78,15.62375,5.494,10.5218333333333,3.48432865781232,3.73557827042785,31.3270088828851,"Point Reyes","Cold stable",931.663,7586.705926,563.18,0,60.05,6187987,0.041831969466361,-0.041831969466361
"56",0.658439460699423,26.058,8.447,43.668,0,1.00221822912961,0,17.61,35.221,9.611,0,"model average","Bacteria","Pseudomonadota","Gammaproteobacteria","Pseudomonadales","Pseudomonadaceae","Pseudomonas_E",NA,15,"Bay","P","rate",350.860278656857,0.449009410021076,13.1830690263973,16.286,5.10191666666667,21.78,15.62375,5.494,10.5218333333333,3.48432865781232,3.73557827042785,31.3270088828851,"Point Reyes","Cold stable",931.663,7586.705926,563.18,0,59.1,6340489,0.037387965515838,-0.037390088625748
"57",0.853183105860383,25.006,6.991,43.02,0,1.15848287233116,0,18.014,36.029,9.832,0,"model average","Bacteria","Pseudomonadota","Gammaproteobacteria","Pseudomonadales","Pseudomonadaceae","Pseudomonas_E","Pseudomonas_E sp002843605",15,"Bay","P","rate",350.860278656857,0.449009410021076,13.1830690263973,16.286,5.10191666666667,21.78,15.62375,5.494,10.5218333333333,3.48432865781232,3.73557827042785,31.3270088828851,"Point Reyes","Cold stable",931.663,7586.705926,563.18,0,60.8,6513947,0.0473595951074318,-0.047362224151237
"59",0.648821424491023,25.238,7.926,42.549,0,1.47734645339024,0,17.311,34.623,9.459,0,"model average","Bacteria","Pseudomonadota","Gammaproteobacteria","Enterobacterales","Enterobacteriaceae","Serratia_J","Serratia_J quinivorans",15,"Bay","P","rate",350.860278656857,0.449009410021076,13.1830690263973,16.286,5.10191666666667,21.78,15.62375,5.494,10.5218333333333,3.48432865781232,3.73557827042785,31.3270088828851,"Point Reyes","Cold stable",931.663,7586.705926,563.18,0,55.21,5277702,0.0374781321910249,-0.0374802971804646
"60",0.694933791515362,23.449,2.933,43.964,0,1.34229910131003,0,20.515,41.031,11.231,0,"model average","Bacteria","Pseudomonadota","Gammaproteobacteria","Pseudomonadales","Pseudomonadaceae","Pseudomonas_E",NA,25,"Bay","J","rate",715.135157089093,3.39091988539475,18.9919945272543,39.822,13.3560833333333,43,26.8227083333333,3.178,13.466625,9.7690587842505,6.34725910229779,33.539458925552,"Jepson Prairie","Hot stable",454.142,3696.476858,282.51,0,59.8,5975621,0.0338727720567051,-0.0338744231789111
"61",0.960860857103143,23.545,5.869,41.221,0,1.67041006279333,0,17.676,35.352,9.687,0,"model average","Bacteria","Pseudomonadota","Gammaproteobacteria","Pseudomonadales","Pseudomonadaceae","Pseudomonas_E","Pseudomonas_E seleniipraecipitans",25,"Bay","J","rate",715.135157089093,3.39091988539475,18.9919945272543,39.822,13.3560833333333,43,26.8227083333333,3.178,13.466625,9.7690587842505,6.34725910229779,33.539458925552,"Jepson Prairie","Hot stable",454.142,3696.476858,282.51,0,61.62,4406510,0.0543596321058578,-0.0543596321058578
"63",0.542402774514842,21.996,-3.944,47.936,0,0.502673164046045,0,25.94,51.88,14.075,0,"model average","Bacteria","Pseudomonadota","Gammaproteobacteria","Pseudomonadales","Moraxellaceae","Acinetobacter","Acinetobacter calcoaceticus",25,"Bay","J","rate",715.135157089093,3.39091988539475,18.9919945272543,39.822,13.3560833333333,43,26.8227083333333,3.178,13.466625,9.7690587842505,6.34725910229779,33.539458925552,"Jepson Prairie","Hot stable",454.142,3696.476858,282.51,0,38.5,4050276,0.0209098987862314,-0.0209098987862314
"64",0.533886204522175,25.321,8.233,42.409,0,1.42862331766605,0,17.088,34.176,9.346,0,"model average","Bacteria","Pseudomonadota","Gammaproteobacteria","Pseudomonadales","Pseudomonadaceae","Pseudomonas_E","Pseudomonas_E fluorescens_G",25,"Bay","J","rate",715.135157089093,3.39091988539475,18.9919945272543,39.822,13.3560833333333,43,26.8227083333333,3.178,13.466625,9.7690587842505,6.34725910229779,33.539458925552,"Jepson Prairie","Hot stable",454.142,3696.476858,282.51,0,59.96,6254002,0.0312433406204456,-0.0312433406204456
"65",0.367517825257032,23.312,0.0559999999999974,46.567,0,1.08157943248586,0,23.255,46.511,12.707,0,"model average","Bacteria","Pseudomonadota","Gammaproteobacteria","Pseudomonadales","Pseudomonadaceae","Pseudomonas_E","Pseudomonas_E shirazensis",25,"Bay","J","rate",715.135157089093,3.39091988539475,18.9919945272543,39.822,13.3560833333333,43,26.8227083333333,3.178,13.466625,9.7690587842505,6.34725910229779,33.539458925552,"Jepson Prairie","Hot stable",454.142,3696.476858,282.51,0,61.91,5173871,0.0158031400609319,-0.0158038196197391
"66",0.71985223947324,23.606,4.401,42.811,0,1.28145442902592,0,19.205,38.41,10.51,0,"model average","Bacteria","Pseudomonadota","Gammaproteobacteria","Pseudomonadales","Pseudomonadaceae","Pseudomonas_E","Pseudomonas_E shirazensis",25,"Bay","J","rate",715.135157089093,3.39091988539475,18.9919945272543,39.822,13.3560833333333,43,26.8227083333333,3.178,13.466625,9.7690587842505,6.34725910229779,33.539458925552,"Jepson Prairie","Hot stable",454.142,3696.476858,282.51,0,61.97,5071127,0.0374825430603093,-0.0374825430603093
"67",0.753250842495663,16.862,-7.093,40.816,0,0.953558881054544,0,23.954,47.909,8.4,0,"model average","Bacteria","Pseudomonadota","Gammaproteobacteria","Pseudomonadales","Pseudomonadaceae","Pseudomonas_E",NA,25,"Bay","J","rate",715.135157089093,3.39091988539475,18.9919945272543,39.822,13.3560833333333,43,26.8227083333333,3.178,13.466625,9.7690587842505,6.34725910229779,33.539458925552,"Jepson Prairie","Hot stable",454.142,3696.476858,282.51,0,60.29,6081011,0.0314444100394766,-0.0314457227392362
"68",0.627589694787346,28.324,2.743,53.906,0.214683253513236,0.893579389093567,1.32469780989486,25.582,51.163,13.976,-0.678896135580332,"model average","Bacteria","Pseudomonadota","Gammaproteobacteria","Pseudomonadales","Pseudomonadaceae","Pseudomonas_E","Pseudomonas_E sp001984065",25,"Bay","J","rate",715.135157089093,3.39091988539475,18.9919945272543,39.822,13.3560833333333,43,26.8227083333333,3.178,13.466625,9.7690587842505,6.34725910229779,33.539458925552,"Jepson Prairie","Hot stable",454.142,3696.476858,282.51,0,60.42,6732001,0.0245334308583459,-0.0245324718468981
"69",0.687784594951096,19.675,-2.506,41.856,0,0.850963285208166,0,22.181,44.362,10.736,0,"model average","Bacteria","Pseudomonadota","Gammaproteobacteria","Pseudomonadales","Pseudomonadaceae","Pseudomonas_E","Pseudomonas_E sp003851685",25,"Bay","J","rate",715.135157089093,3.39091988539475,18.9919945272543,39.822,13.3560833333333,43,26.8227083333333,3.178,13.466625,9.7690587842505,6.34725910229779,33.539458925552,"Jepson Prairie","Hot stable",454.142,3696.476858,282.51,0,60.73,5985341,0.0310078262905683,-0.0310078262905683
"70",0.478197084760923,24.354,5.424,43.283,0,1.35969150890851,0,18.929,37.859,10.354,0,"model average","Bacteria","Pseudomonadota","Gammaproteobacteria","Pseudomonadales","Pseudomonadaceae","Pseudomonas_E",NA,25,"Bay","J","rate",715.135157089093,3.39091988539475,18.9919945272543,39.822,13.3560833333333,43,26.8227083333333,3.178,13.466625,9.7690587842505,6.34725910229779,33.539458925552,"Jepson Prairie","Hot stable",454.142,3696.476858,282.51,0,60.31,6072132,0.0252613356978829,-0.0252626702287983
"71",0.719345553189921,23.971,4.696,43.247,0,1.32521608688114,0,19.276,38.551,10.52,0,"model average","Bacteria","Pseudomonadota","Gammaproteobacteria","Pseudomonadales","Pseudomonadaceae","Pseudomonas_E",NA,25,"Bay","J","rate",715.135157089093,3.39091988539475,18.9919945272543,39.822,13.3560833333333,43,26.8227083333333,3.178,13.466625,9.7690587842505,6.34725910229779,33.539458925552,"Jepson Prairie","Hot stable",454.142,3696.476858,282.51,0,60.26,6090507,0.0373201324612151,-0.0373181963680183
"72",0.676930927217788,22.078,-5.748,49.903,0,0.53215037874809,0,27.825,55.651,14.672,0,"model average","Bacteria","Pseudomonadota","Gammaproteobacteria","Pseudomonadales","Pseudomonadaceae","Pseudomonas_E",NA,25,"Bay","QR","rate",952.839348727993,5.12058986245278,21.6727287327151,49.956,19.9221333333333,51.59,32.7491666666667,1.634,12.8270333333333,12.5018491231168,7.74440653253966,39.8793605039101,"Quail Ridge","Hot variable",602.291,5044.004692,435.86,0,60.1,5654300,0.0243272812196431,-0.0243281555154641
"73",0.592917677052585,20.962,-0.253999999999998,42.178,0,0.796839425997356,0,21.216,42.432,11.58,0,"model average","Bacteria","Pseudomonadota","Gammaproteobacteria","Pseudomonadales","Pseudomonadaceae","Pseudomonas_E","Pseudomonas_E shirazensis",25,"Bay","QR","rate",952.839348727993,5.12058986245278,21.6727287327151,49.956,19.9221333333333,51.59,32.7491666666667,1.634,12.8270333333333,12.5018491231168,7.74440653253966,39.8793605039101,"Quail Ridge","Hot variable",602.291,5044.004692,435.86,0,61.77,5224557,0.0279467230888285,-0.0279467230888285
"74",0.758527251939272,25.271,4.547,45.995,0,1.05385110942121,0,20.724,41.448,11.323,0,"model average","Bacteria","Pseudomonadota","Gammaproteobacteria","Pseudomonadales","Pseudomonadaceae","Pseudomonas_E","Pseudomonas_E sp009764265",25,"Bay","QR","rate",952.839348727993,5.12058986245278,21.6727287327151,49.956,19.9221333333333,51.59,32.7491666666667,1.634,12.8270333333333,12.5018491231168,7.74440653253966,39.8793605039101,"Quail Ridge","Hot variable",602.291,5044.004692,435.86,0,60.45,6686755,0.0366013921993472,-0.0366013921993472
"75",0.9063253501349,31.349,12.675,50.022,0.504360662344423,0.986280333041905,1.95744505426071,18.673,37.347,10.213,-0.481919670697482,"model average","Bacteria","Pseudomonadota","Gammaproteobacteria","Pseudomonadales","Pseudomonadaceae","Pseudomonas_E","Pseudomonas_E fluorescens_BG",25,"Bay","QR","rate",952.839348727993,5.12058986245278,21.6727287327151,49.956,19.9221333333333,51.59,32.7491666666667,1.634,12.8270333333333,12.5018491231168,7.74440653253966,39.8793605039101,"Quail Ridge","Hot variable",602.291,5044.004692,435.86,0,59.34,5659138,0.0485340767984845,-0.0485366759564559
"78",1.14264299404302,21.856,1.128,42.585,0,0.793678060475227,0,20.729,41.457,11.317,0,"model average","Bacteria","Pseudomonadota","Gammaproteobacteria","Pseudomonadales","Pseudomonadaceae","Pseudomonas_E",NA,25,"Bay","QR","rate",952.839348727993,5.12058986245278,21.6727287327151,49.956,19.9221333333333,51.59,32.7491666666667,1.634,12.8270333333333,12.5018491231168,7.74440653253966,39.8793605039101,"Quail Ridge","Hot variable",602.291,5044.004692,435.86,0,59.83,5782607,0.0551255786396671,-0.0551229192938888
"80",0.762974160498391,22.638,4.028,41.249,0,0.842906899020068,0,18.611,37.221,10.181,0,"model average","Bacteria","Pseudomonadota","Gammaproteobacteria","Pseudomonadales","Pseudomonadaceae","Pseudomonas_E",NA,25,"Bay","QR","rate",952.839348727993,5.12058986245278,21.6727287327151,49.956,19.9221333333333,51.59,32.7491666666667,1.634,12.8270333333333,12.5018491231168,7.74440653253966,39.8793605039101,"Quail Ridge","Hot variable",602.291,5044.004692,435.86,0,59.96,5864300,0.0409980741804616,-0.0409958712857123
"82",0.718381924432336,27.382,3.255,51.509,0,0.586393783310192,0,24.127,48.254,13.189,0,"model average","Bacteria","Pseudomonadota","Gammaproteobacteria","Pseudomonadales","Pseudomonadaceae","Pseudomonas_E",NA,25,"Bay","QR","rate",952.839348727993,5.12058986245278,21.6727287327151,49.956,19.9221333333333,51.59,32.7491666666667,1.634,12.8270333333333,12.5018491231168,7.74440653253966,39.8793605039101,"Quail Ridge","Hot variable",602.291,5044.004692,435.86,0,60.83,5911358,0.0297750207001424,-0.0297750207001424
"83",0.60329320345817,22.821,6.424,39.218,0,0.931306500455375,0,16.397,32.794,8.956,0,"model average","Bacteria","Pseudomonadota","Gammaproteobacteria","Pseudomonadales","Pseudomonadaceae","Pseudomonas_E",NA,25,"Bay","QR","rate",952.839348727993,5.12058986245278,21.6727287327151,49.956,19.9221333333333,51.59,32.7491666666667,1.634,12.8270333333333,12.5018491231168,7.74440653253966,39.8793605039101,"Quail Ridge","Hot variable",602.291,5044.004692,435.86,0,60.84,5911809,0.0367929013513551,-0.0367929013513551
"84",0.662454898335892,24.627,5.434,43.821,0,1.25178854909119,0,19.194,38.387,10.499,0,"model average","Bacteria","Pseudomonadota","Gammaproteobacteria","Pseudomonadales","Pseudomonadaceae","Pseudomonas_E",NA,25,"Bay","M","rate",803.896535580864,2.75745090239664,18.9795917698631,40.786,13.4634523809524,43.33,26.2285714285714,2.544,12.765119047619,9.27213277123266,7.16336482893367,33.0099847520041,"McLaughlin","Hot stable",825.463,6810.513893,529.12,0,60.96,5703032,0.034515443043604,-0.0345136448023284
"85",0.476764116165015,24.543,2.695,46.392,0,0.696410118787665,0,21.849,43.697,11.957,0,"model average","Bacteria","Pseudomonadota","Gammaproteobacteria","Pseudomonadales","Pseudomonadaceae","Pseudomonas_E",NA,25,"Bay","M","rate",803.896535580864,2.75745090239664,18.9795917698631,40.786,13.4634523809524,43.33,26.2285714285714,2.544,12.765119047619,9.27213277123266,7.16336482893367,33.0099847520041,"McLaughlin","Hot stable",825.463,6810.513893,529.12,0,60.96,5702402,0.0218218654414599,-0.0218208666833729
"86",1.18430992051387,24.656,3.281,46.03,0,0.636486659778835,0,21.374,42.749,11.685,0,"model average","Bacteria","Pseudomonadota","Gammaproteobacteria","Pseudomonadales","Pseudomonadaceae","Pseudomonas_E",NA,25,"Bay","M","rate",803.896535580864,2.75745090239664,18.9795917698631,40.786,13.4634523809524,43.33,26.2285714285714,2.544,12.765119047619,9.27213277123266,7.16336482893367,33.0099847520041,"McLaughlin","Hot stable",825.463,6810.513893,529.12,0,58.74,6283611,0.0554063120708243,-0.0554089043002653
"89",0.781846617454449,22.806,3.394,42.217,0,0.824629303680682,0,19.411,38.823,10.601,0,"model average","Bacteria","Pseudomonadota","Gammaproteobacteria","Pseudomonadales","Pseudomonadaceae","Pseudomonas_E",NA,25,"Bay","M","rate",803.896535580864,2.75745090239664,18.9795917698631,40.786,13.4634523809524,43.33,26.2285714285714,2.544,12.765119047619,9.27213277123266,7.16336482893367,33.0099847520041,"McLaughlin","Hot stable",825.463,6810.513893,529.12,0,60.14,5701059,0.0402764587602745,-0.0402785336898897
"90",0.567007692788461,28.937,5.689,52.185,0.327617182430944,1.055973872095,1.54631041154692,23.248,46.496,12.69,-0.728356689664056,"model average","Bacteria","Pseudomonadota","Gammaproteobacteria","Pseudomonadales","Pseudomonadaceae","Pseudomonas_E","Pseudomonas_E kilonensis",25,"Bay","M","rate",803.896535580864,2.75745090239664,18.9795917698631,40.786,13.4634523809524,43.33,26.2285714285714,2.544,12.765119047619,9.27213277123266,7.16336482893367,33.0099847520041,"McLaughlin","Hot stable",825.463,6810.513893,529.12,0,60.93,6538802,0.0243895256705291,-0.0243895256705291
"91",0.486187271311015,22.009,-3.841,47.858,0,0.615265749159075,0,25.849,51.699,14.063,0,"model average","Bacteria","Pseudomonadota","Gammaproteobacteria","Pseudomonadales","Pseudomonadaceae","Pseudomonas_E",NA,25,"Bay","M","rate",803.896535580864,2.75745090239664,18.9795917698631,40.786,13.4634523809524,43.33,26.2285714285714,2.544,12.765119047619,9.27213277123266,7.16336482893367,33.0099847520041,"McLaughlin","Hot stable",825.463,6810.513893,529.12,0,60.25,6068428,0.0188080182325344,-0.0188087458435922
"94",0.652645230650627,27.319,-1.956,56.593,0,0.440208348621464,0,29.274,58.549,15.99,0,"model average","Bacteria","Pseudomonadota","Gammaproteobacteria","Pseudomonadales","Pseudomonadaceae","Pseudomonas_E","Pseudomonas_E edaphica",25,"Bay","B","rate",361.343704295491,1.37798271591651,13.9218645890257,27.3,12.0775,27.3,20.059375,0,7.981875,4.12335094374941,4.02268050055861,44.2399267399267,"Bodega","Cold stable",781.287,5840.866166,472.48,0,58.76,11169374,0.0222936030965201,-0.0222943646461238
"95",0.660637230250622,18.852,-3.646,41.351,0,0.887371149101352,0,22.499,44.997,9.994,0,"model average","Bacteria","Pseudomonadota","Gammaproteobacteria","Pseudomonadales","Pseudomonadaceae","Pseudomonas_E","Pseudomonas_E sp009764645",25,"Bay","B","rate",361.343704295491,1.37798271591651,13.9218645890257,27.3,12.0775,27.3,20.059375,0,7.981875,4.12335094374941,4.02268050055861,44.2399267399267,"Bodega","Cold stable",781.287,5840.866166,472.48,0,59.25,6330989,0.0293642648346796,-0.0293629596982365
"96",0.409426265630952,25.204,-16.486,66.894,0,0.33489046508512,0,41.69,83.38,21.583,0,"model average","Bacteria","Pseudomonadota","Gammaproteobacteria","Pseudomonadales","Pseudomonadaceae","Pseudomonas_E","Pseudomonas_E sp009764645",25,"Bay","B","rate",361.343704295491,1.37798271591651,13.9218645890257,27.3,12.0775,27.3,20.059375,0,7.981875,4.12335094374941,4.02268050055861,44.2399267399267,"Bodega","Cold stable",781.287,5840.866166,472.48,0,59.29,6079305,0.00982073076591394,-0.00982073076591394
"97",0.92029595155608,22.394,7.65,37.138,0,1.13841337750214,0,14.744,29.488,8.082,0,"model average","Bacteria","Pseudomonadota","Gammaproteobacteria","Pseudomonadales","Pseudomonadaceae","Pseudomonas_E",NA,25,"Bay","B","rate",361.343704295491,1.37798271591651,13.9218645890257,27.3,12.0775,27.3,20.059375,0,7.981875,4.12335094374941,4.02268050055861,44.2399267399267,"Bodega","Cold stable",781.287,5840.866166,472.48,0,60.29,6683766,0.0624183363779219,-0.0624183363779219
"98",0.570492493545466,24.181,2.794,45.568,0,1.24891832683464,0,21.387,42.774,11.678,0,"model average","Bacteria","Pseudomonadota","Gammaproteobacteria","Pseudomonadales","Pseudomonadaceae","Pseudomonas_E",NA,25,"Bay","B","rate",361.343704295491,1.37798271591651,13.9218645890257,27.3,12.0775,27.3,20.059375,0,7.981875,4.12335094374941,4.02268050055861,44.2399267399267,"Bodega","Cold stable",781.287,5840.866166,472.48,0,59.23,6656003,0.0266747320122255,-0.0266747320122255
"99",0.599457786456031,19.61,-4.83,44.049,0,0.752634035191419,0,24.439,48.879,11.29,0,"model average","Bacteria","Pseudomonadota","Gammaproteobacteria","Pseudomonadales","Pseudomonadaceae","Pseudomonas_E","Pseudomonas_E paracarnis",25,"Bay","B","rate",361.343704295491,1.37798271591651,13.9218645890257,27.3,12.0775,27.3,20.059375,0,7.981875,4.12335094374941,4.02268050055861,44.2399267399267,"Bodega","Cold stable",781.287,5840.866166,472.48,0,59.86,5954965,0.0245277326700504,-0.0245287363008319
"100",0.792616758870388,30.747,11.848,49.646,0.553208595865925,1.21468131803512,2.09390286884397,18.899,37.798,10.326,-0.661472722169196,"model average","Bacteria","Pseudomonadota","Gammaproteobacteria","Enterobacterales","Enterobacteriaceae","UBA7405","UBA7405 sp002469605",25,"Bay","B","rate",361.343704295491,1.37798271591651,13.9218645890257,27.3,12.0775,27.3,20.059375,0,7.981875,4.12335094374941,4.02268050055861,44.2399267399267,"Bodega","Cold stable",781.287,5840.866166,472.48,0,56.91,4604797,0.0419396136764055,-0.0419396136764055
"101",0.946380333961086,31.933,14.78,49.087,0.275447632439753,1.05361564301629,1.4515887232913,17.154,34.307,9.363,-0.778168010576537,"model average","Bacteria","Pseudomonadota","Gammaproteobacteria","Pseudomonadales","Pseudomonadaceae","Pseudomonas_E","Pseudomonas_E sp009764645",25,"Bay","B","rate",361.343704295491,1.37798271591651,13.9218645890257,27.3,12.0775,27.3,20.059375,0,7.981875,4.12335094374941,4.02268050055861,44.2399267399267,"Bodega","Cold stable",781.287,5840.866166,472.48,0,59.22,6319954,0.0551728755297083,-0.0551696592025817
"102",1.00041659170795,31.447,14.972,47.922,0.468965813218247,1.42441851309364,1.86271494744451,16.475,32.95,9.032,-0.955452699875392,"model average","Bacteria","Pseudomonadota","Gammaproteobacteria","Enterobacterales","Enterobacteriaceae","UBA7405","UBA7405 sp002469605",25,"Bay","B","rate",361.343704295491,1.37798271591651,13.9218645890257,27.3,12.0775,27.3,20.059375,0,7.981875,4.12335094374941,4.02268050055861,44.2399267399267,"Bodega","Cold stable",781.287,5840.866166,472.48,0,56.9,4605564,0.0607233136089803,-0.0607233136089803
"103",0.976931855827944,22.6,4.531,40.669,0,0.852522436229457,0,18.069,36.138,9.892,0,"model average","Bacteria","Pseudomonadota","Gammaproteobacteria","Enterobacterales","Enterobacteriaceae","Buttiauxella","Buttiauxella davisae_A",25,"Bay","P","rate",350.860278656857,0.449009410021076,13.1830690263973,16.286,5.10191666666667,21.78,15.62375,5.494,10.5218333333333,3.48432865781232,3.73557827042785,31.3270088828851,"Point Reyes","Cold stable",931.663,7586.705926,563.18,0,53.88,4952236,0.0540667361684622,-0.0540667361684622
"104",0.627796420853381,24.496,7.672,41.321,0,1.31529871726653,0,16.825,33.649,9.232,0,"model average","Bacteria","Pseudomonadota","Gammaproteobacteria","Pseudomonadales","Pseudomonadaceae","Pseudomonas_E","Pseudomonas_E sp002878485",25,"Bay","P","rate",350.860278656857,0.449009410021076,13.1830690263973,16.286,5.10191666666667,21.78,15.62375,5.494,10.5218333333333,3.48432865781232,3.73557827042785,31.3270088828851,"Point Reyes","Cold stable",931.663,7586.705926,563.18,0,60.13,6413803,0.0373155266793498,-0.0373133088174372
"106",0.640074895015593,23.865,5.381,42.349,0,1.60568866146939,0,18.484,36.968,10.091,0,"model average","Bacteria","Pseudomonadota","Gammaproteobacteria","Pseudomonadales","Pseudomonadaceae","Pseudomonas_E","Pseudomonas_E sp002980155",25,"Bay","P","rate",350.860278656857,0.449009410021076,13.1830690263973,16.286,5.10191666666667,21.78,15.62375,5.494,10.5218333333333,3.48432865781232,3.73557827042785,31.3270088828851,"Point Reyes","Cold stable",931.663,7586.705926,563.18,0,60.67,6354388,0.0346285920263792,-0.0346285920263792
"107",0.582938241260308,19.349,-5.204,43.903,0,0.720463286452709,0,24.554,49.107,11.059,0,"model average","Bacteria","Pseudomonadota","Gammaproteobacteria","Pseudomonadales","Pseudomonadaceae","Pseudomonas_E","Pseudomonas_E sp002980155",25,"Bay","P","rate",350.860278656857,0.449009410021076,13.1830690263973,16.286,5.10191666666667,21.78,15.62375,5.494,10.5218333333333,3.48432865781232,3.73557827042785,31.3270088828851,"Point Reyes","Cold stable",931.663,7586.705926,563.18,0,60.67,6354778,0.0237420372769237,-0.0237410703453738
"108",0.430984125616909,24.319,3.825,44.813,0,1.40285919710177,0,20.494,40.988,11.202,0,"model average","Bacteria","Pseudomonadota","Gammaproteobacteria","Pseudomonadales","Pseudomonadaceae","Pseudomonas_E","Pseudomonas_E edaphica",25,"Bay","P","rate",350.860278656857,0.449009410021076,13.1830690263973,16.286,5.10191666666667,21.78,15.62375,5.494,10.5218333333333,3.48432865781232,3.73557827042785,31.3270088828851,"Point Reyes","Cold stable",931.663,7586.705926,563.18,0,60.13,6504976,0.0210297709386605,-0.0210297709386605
"141",0.653468685879113,24.07,3.82,44.319,0,1.14099000896765,0,20.249,40.499,11.053,0,"model average","Bacteria","Pseudomonadota","Gammaproteobacteria","Pseudomonadales","Pseudomonadaceae","Stutzerimonas",NA,15,"Sierras","W","rate",878.106767977053,6.62465039416759,3.72997453836007,63.16,36.9024583333333,43.2,26.5604583333333,-19.96,-10.342,12.3358156459296,7.18459930806105,58.4269447962846,"White Mountain","Cold variable",131.682,770.7204333,148.04,0,59.18,4518988,0.0322700585619315,-0.0322716522237697
"142",0.716024698727737,24.613,6.508,42.719,0,1.5529324459157,0,18.106,36.211,9.909,0,"model average","Bacteria","Pseudomonadota","Gammaproteobacteria","Pseudomonadales","Pseudomonadaceae","Stutzerimonas",NA,15,"Sierras","W","rate",878.106767977053,6.62465039416759,3.72997453836007,63.16,36.9024583333333,43.2,26.5604583333333,-19.96,-10.342,12.3358156459296,7.18459930806105,58.4269447962846,"White Mountain","Cold variable",131.682,770.7204333,148.04,0,59.18,4519903,0.039548450633954,-0.0395462663607499
"144",0.585808899838997,22.452,-0.430999999999997,45.334,0,0.642392451014133,0,22.882,45.765,12.519,0,"model average","Bacteria","Pseudomonadota","Gammaproteobacteria","Pseudomonadales","Pseudomonadaceae","Pseudomonas_E",NA,15,"Sierras","W","rate",878.106767977053,6.62465039416759,3.72997453836007,63.16,36.9024583333333,43.2,26.5604583333333,-19.96,-10.342,12.3358156459296,7.18459930806105,58.4269447962846,"White Mountain","Cold variable",131.682,770.7204333,148.04,0,60.08,5092518,0.0256001791652754,-0.0256012979564285
"145",0.506131234009603,26.526,10.232,42.82,0,1.17545397946777,0,16.294,32.588,8.94,0,"model average","Bacteria","Pseudomonadota","Gammaproteobacteria","Pseudomonadales","Pseudomonadaceae","Pseudomonas_E",NA,15,"Sierras","W","rate",878.106767977053,6.62465039416759,3.72997453836007,63.16,36.9024583333333,43.2,26.5604583333333,-19.96,-10.342,12.3358156459296,7.18459930806105,58.4269447962846,"White Mountain","Cold variable",131.682,770.7204333,148.04,0,60.08,5094419,0.031062429974813,-0.031062429974813
"146",0.389998293137164,22.227,-2.762,47.217,0,0.542747570594573,0,24.99,49.979,13.646,0,"model average","Bacteria","Pseudomonadota","Gammaproteobacteria","Pseudomonadales","Pseudomonadaceae","Pseudomonas_E",NA,15,"Sierras","W","rate",878.106767977053,6.62465039416759,3.72997453836007,63.16,36.9024583333333,43.2,26.5604583333333,-19.96,-10.342,12.3358156459296,7.18459930806105,58.4269447962846,"White Mountain","Cold variable",131.682,770.7204333,148.04,0,60.18,4960484,0.015606798716922,-0.0156061741951646
"147",0.585233134015093,25.29,8.215,42.365,0,1.1091133766902,0,17.075,34.15,9.336,0,"model average","Bacteria","Pseudomonadota","Gammaproteobacteria","Pseudomonadales","Pseudomonadaceae","Pseudomonas_E",NA,15,"Sierras","W","rate",878.106767977053,6.62465039416759,3.72997453836007,63.16,36.9024583333333,43.2,26.5604583333333,-19.96,-10.342,12.3358156459296,7.18459930806105,58.4269447962846,"White Mountain","Cold variable",131.682,770.7204333,148.04,0,60.08,5092380,0.0342742684635486,-0.0342742684635486
"148",0.776780367831076,18.924,-2.03,39.878,0,1.01560467490056,0,20.954,41.908,9.643,0,"model average","Bacteria","Pseudomonadota","Gammaproteobacteria","Pseudomonadales","Pseudomonadaceae","Pseudomonas_E","Pseudomonas_E sp012935755",15,"Sierras","S","rate",925.997056708761,7.77846259026206,11.2878606063651,59.31,25.7524223333333,46.1,26.1615,-13.21,0.409077666666667,13.6358050487579,6.29129382540128,43.4200342831451,"SNARL","Cold variable",358.009,2285.278729,282.69,0,59.75,6874345,0.0370707439071813,-0.0370707439071813
"149",0.937057281474172,23.869,1.072,46.666,0,1.02137810450544,0,22.797,45.594,12.445,0,"model average","Bacteria","Pseudomonadota","Gammaproteobacteria","Pseudomonadales","Pseudomonadaceae","Pseudomonas_E",NA,15,"Sierras","S","rate",925.997056708761,7.77846259026206,11.2878606063651,59.31,25.7524223333333,46.1,26.1615,-13.21,0.409077666666667,13.6358050487579,6.29129382540128,43.4200342831451,"SNARL","Cold variable",358.009,2285.278729,282.69,0,60.64,6232833,0.0411044120486982,-0.0411044120486982
"150",0.610471843304064,19.715,-1.502,40.933,0,0.916552752026801,0,21.218,42.435,10.512,0,"model average","Bacteria","Pseudomonadota","Gammaproteobacteria","Pseudomonadales","Pseudomonadaceae","Pseudomonas_E",NA,15,"Sierras","S","rate",925.997056708761,7.77846259026206,11.2878606063651,59.31,25.7524223333333,46.1,26.1615,-13.21,0.409077666666667,13.6358050487579,6.29129382540128,43.4200342831451,"SNARL","Cold variable",358.009,2285.278729,282.69,0,60.65,6508476,0.028772769161713,-0.0287714131069877
"151",0.65650533255546,23.423,7.408,39.439,0,1.41322163641399,0,16.016,32.031,8.779,0,"model average","Bacteria","Pseudomonadota","Gammaproteobacteria","Pseudomonadales","Pseudomonadaceae","Pseudomonas_E","Pseudomonas_E migulae_B",15,"Sierras","S","rate",925.997056708761,7.77846259026206,11.2878606063651,59.31,25.7524223333333,46.1,26.1615,-13.21,0.409077666666667,13.6358050487579,6.29129382540128,43.4200342831451,"SNARL","Cold variable",358.009,2285.278729,282.69,0,59.69,6423646,0.0409931522045245,-0.0409905926920242
"152",0.941574905545501,23.078,4.072,42.084,0,1.40050094786473,0,19.006,38.012,10.374,0,"model average","Bacteria","Bacteroidota","Bacteroidia","Flavobacteriales","Weeksellaceae","Chryseobacterium",NA,15,"Sierras","S","rate",925.997056708761,7.77846259026206,11.2878606063651,59.31,25.7524223333333,46.1,26.1615,-13.21,0.409077666666667,13.6358050487579,6.29129382540128,43.4200342831451,"SNARL","Cold variable",358.009,2285.278729,282.69,0,37.02,4662448,0.0495409294720352,-0.0495409294720352
"153",0.813003044202648,20.836,-1.837,43.509,0,0.708297351951388,0,22.673,45.346,12.026,0,"model average","Bacteria","Pseudomonadota","Gammaproteobacteria","Pseudomonadales","Pseudomonadaceae","Pseudomonas_E",NA,15,"Sierras","S","rate",925.997056708761,7.77846259026206,11.2878606063651,59.31,25.7524223333333,46.1,26.1615,-13.21,0.409077666666667,13.6358050487579,6.29129382540128,43.4200342831451,"SNARL","Cold variable",358.009,2285.278729,282.69,0,58.89,6938378,0.0358577622812441,-0.0358577622812441
"154",0.57800716808275,23.343,5.859,40.827,0,2.00876544951873,0,17.484,34.968,9.565,0,"model average","Bacteria","Pseudomonadota","Gammaproteobacteria","Pseudomonadales","Pseudomonadaceae","Pseudomonas_E",NA,15,"Sierras","S","rate",925.997056708761,7.77846259026206,11.2878606063651,59.31,25.7524223333333,46.1,26.1615,-13.21,0.409077666666667,13.6358050487579,6.29129382540128,43.4200342831451,"SNARL","Cold variable",358.009,2285.278729,282.69,0,58.89,6939116,0.0330592065936142,-0.0330592065936142
"155",0.717636176382336,25.626,5.904,45.349,0,1.23857347350146,0,19.723,39.445,10.788,0,"model average","Bacteria","Pseudomonadota","Gammaproteobacteria","Pseudomonadales","Pseudomonadaceae","Pseudomonas_E",NA,15,"Sierras","S","rate",925.997056708761,7.77846259026206,11.2878606063651,59.31,25.7524223333333,46.1,26.1615,-13.21,0.409077666666667,13.6358050487579,6.29129382540128,43.4200342831451,"SNARL","Cold variable",358.009,2285.278729,282.69,0,58.89,6936443,0.0363875964092047,-0.0363857514770743
"156",0.844443441014097,27.719,7.275,48.163,0,0.83537263435128,0,20.444,40.888,11.171,0,"model average","Bacteria","Pseudomonadota","Gammaproteobacteria","Pseudomonadales","Pseudomonadaceae","Pseudomonas_E","Pseudomonas_E sp003851685",15,"Sierras","S","rate",925.997056708761,7.77846259026206,11.2878606063651,59.31,25.7524223333333,46.1,26.1615,-13.21,0.409077666666667,13.6358050487579,6.29129382540128,43.4200342831451,"SNARL","Cold variable",358.009,2285.278729,282.69,0,60.35,6525576,0.0413051966843131,-0.0413051966843131
"157",0.996452116309813,25.092,9.504,40.679,0,2.24760855408528,0,15.587,31.175,8.509,0,"model average","Bacteria","Pseudomonadota","Gammaproteobacteria","Pseudomonadales","Pseudomonadaceae","Pseudomonas_E","Pseudomonas_E sp003851685",15,"Sierras","S","rate",925.997056708761,7.77846259026206,11.2878606063651,59.31,25.7524223333333,46.1,26.1615,-13.21,0.409077666666667,13.6358050487579,6.29129382540128,43.4200342831451,"SNARL","Cold variable",358.009,2285.278729,282.69,0,60.41,6058597,0.063924308205659,-0.0639284093353315
"158",0.659894264259063,27.024,3.649,50.4,0,0.697661400352707,0,23.376,46.751,12.758,0,"model average","Bacteria","Pseudomonadota","Gammaproteobacteria","Pseudomonadales","Pseudomonadaceae","Pseudomonas_E","Pseudomonas_E sp003851685",15,"Sierras","S","rate",925.997056708761,7.77846259026206,11.2878606063651,59.31,25.7524223333333,46.1,26.1615,-13.21,0.409077666666667,13.6358050487579,6.29129382540128,43.4200342831451,"SNARL","Cold variable",358.009,2285.278729,282.69,0,60.41,6053607,0.0282307706634893,-0.0282295629816505
"159",1.11220301906054,21.868,0.280999999999999,43.455,0,0.719057976944992,0,21.587,43.174,11.784,0,"model average","Bacteria","Pseudomonadota","Gammaproteobacteria","Pseudomonadales","Pseudomonadaceae","Pseudomonas_E","Pseudomonas_E sp003851685",15,"Sierras","S","rate",925.997056708761,7.77846259026206,11.2878606063651,59.31,25.7524223333333,46.1,26.1615,-13.21,0.409077666666667,13.6358050487579,6.29129382540128,43.4200342831451,"SNARL","Cold variable",358.009,2285.278729,282.69,0,60.41,6055931,0.0515218890564015,-0.0515218890564015
"160",0.602776469889973,26.371,4.757,47.985,0,0.827325941004021,0,21.614,43.228,11.818,0,"model average","Bacteria","Pseudomonadota","Gammaproteobacteria","Pseudomonadales","Pseudomonadaceae","Pseudomonas_E","Pseudomonas_E sp003851685",15,"Sierras","S","rate",925.997056708761,7.77846259026206,11.2878606063651,59.31,25.7524223333333,46.1,26.1615,-13.21,0.409077666666667,13.6358050487579,6.29129382540128,43.4200342831451,"SNARL","Cold variable",358.009,2285.278729,282.69,0,60.41,6055184,0.0278882423378353,-0.0278882423378353
"161",0.831497358353286,23.301,6.698,39.903,0,1.73429005339774,0,16.602,33.205,9.08,0,"model average","Bacteria","Pseudomonadota","Gammaproteobacteria","Pseudomonadales","Pseudomonadaceae","Pseudomonas_E",NA,15,"Sierras","S","rate",925.997056708761,7.77846259026206,11.2878606063651,59.31,25.7524223333333,46.1,26.1615,-13.21,0.409077666666667,13.6358050487579,6.29129382540128,43.4200342831451,"SNARL","Cold variable",358.009,2285.278729,282.69,0,59.97,5594078,0.0500811514999269,-0.0500841680733216
"162",0.802699306853049,23.774,5.596,41.952,0,1.73156187049251,0,18.178,36.356,9.931,0,"model average","Bacteria","Pseudomonadota","Gammaproteobacteria","Pseudomonadales","Pseudomonadaceae","Pseudomonas_E",NA,15,"Sierras","S","rate",925.997056708761,7.77846259026206,11.2878606063651,59.31,25.7524223333333,46.1,26.1615,-13.21,0.409077666666667,13.6358050487579,6.29129382540128,43.4200342831451,"SNARL","Cold variable",358.009,2285.278729,282.69,0,58.94,6391489,0.044157735001268,-0.044157735001268
"163",0.797531771718574,25.12,4.784,45.456,0,0.933365976895617,0,20.336,40.672,11.101,0,"model average","Bacteria","Pseudomonadota","Gammaproteobacteria","Pseudomonadales","Pseudomonadaceae","Pseudomonas_E",NA,15,"Sierras","S","rate",925.997056708761,7.77846259026206,11.2878606063651,59.31,25.7524223333333,46.1,26.1615,-13.21,0.409077666666667,13.6358050487579,6.29129382540128,43.4200342831451,"SNARL","Cold variable",358.009,2285.278729,282.69,0,60.55,6374157,0.0392177307100007,-0.0392177307100007
"164",0.806967188163016,22.166,4.682,39.649,0,0.930821938529593,0,17.483,34.967,9.547,0,"model average","Bacteria","Pseudomonadota","Gammaproteobacteria","Pseudomonadales","Pseudomonadaceae","Pseudomonas_E","Pseudomonas_E kilonensis",15,"Sierras","V","rate",610.4999145523,1.48871291169835,7.40092911594768,20.456,6.29616666666667,20.44,10.5924583333333,-0.016,4.29629166666667,7.3578366739095,4.65435294600812,30.7790705253552,"Valentine","Cold stable",588.816,3803.06494,446.73,0,60.94,6297093,0.0461546092520599,-0.046157249222846
"166",0.581630431623567,24.845,5.777,43.913,0,0.905760191745657,0,19.068,38.136,10.411,0,"model average","Bacteria","Pseudomonadota","Gammaproteobacteria","Pseudomonadales","Pseudomonadaceae","Pseudomonas_E",NA,15,"Sierras","V","rate",610.4999145523,1.48871291169835,7.40092911594768,20.456,6.29616666666667,20.44,10.5924583333333,-0.016,4.29629166666667,7.3578366739095,4.65435294600812,30.7790705253552,"Valentine","Cold stable",588.816,3803.06494,446.73,0,58.68,6318401,0.0305029594935791,-0.0305029594935791
"167",0.844822155226529,24.135,1.622,46.648,0,0.695189051390216,0,22.513,45.026,12.29,0,"model average","Bacteria","Pseudomonadota","Gammaproteobacteria","Pseudomonadales","Pseudomonadaceae","Pseudomonas_E","Pseudomonas_E sp001952855",15,"Sierras","V","rate",610.4999145523,1.48871291169835,7.40092911594768,20.456,6.29616666666667,20.44,10.5924583333333,-0.016,4.29629166666667,7.3578366739095,4.65435294600812,30.7790705253552,"Valentine","Cold stable",588.816,3803.06494,446.73,0,59.6,13091729,0.0375259696720352,-0.0375259696720352
"168",0.761822588540362,20.065,-4.888,45.017,0,0.704272354507623,0,24.952,49.905,11.874,0,"model average","Bacteria","Pseudomonadota","Gammaproteobacteria","Pseudomonadales","Pseudomonadaceae","Pseudomonas_E",NA,15,"Sierras","V","rate",610.4999145523,1.48871291169835,7.40092911594768,20.456,6.29616666666667,20.44,10.5924583333333,-0.016,4.29629166666667,7.3578366739095,4.65435294600812,30.7790705253552,"Valentine","Cold stable",588.816,3803.06494,446.73,0,58.68,6317699,0.0305303005065668,-0.0305315240678247
"169",0.796044031761227,15,-34.692,64.692,0,0.21747005852186,0,49.692,99.384,13.561,0,"model average","Bacteria","Pseudomonadota","Gammaproteobacteria","Pseudomonadales","Pseudomonadaceae","Pseudomonas_E","Pseudomonas_E sp001952855",15,"Sierras","V","rate",610.4999145523,1.48871291169835,7.40092911594768,20.456,6.29616666666667,20.44,10.5924583333333,-0.016,4.29629166666667,7.3578366739095,4.65435294600812,30.7790705253552,"Valentine","Cold stable",588.816,3803.06494,446.73,0,60.42,6806225,0.0160195611317964,-0.0160195611317964
"170",0.839462288305689,22.347,2.657,42.038,0,0.856508943670365,0,19.691,39.381,10.767,0,"model average","Bacteria","Pseudomonadota","Gammaproteobacteria","Pseudomonadales","Pseudomonadaceae","Pseudomonas_E","Pseudomonas_E sp002840155",15,"Sierras","V","rate",610.4999145523,1.48871291169835,7.40092911594768,20.456,6.29616666666667,20.44,10.5924583333333,-0.016,4.29629166666667,7.3578366739095,4.65435294600812,30.7790705253552,"Valentine","Cold stable",588.816,3803.06494,446.73,0,60.86,4418978,0.0426339404929248,-0.0426317753443547
"171",0.641578855426209,26.934,5.33,48.537,0,0.705079610122016,0,21.603,43.207,11.791,0,"model average","Bacteria","Pseudomonadota","Gammaproteobacteria","Enterobacterales","Aeromonadaceae","Aeromonas","Aeromonas rivipollensis",15,"Sierras","V","rate",610.4999145523,1.48871291169835,7.40092911594768,20.456,6.29616666666667,20.44,10.5924583333333,-0.016,4.29629166666667,7.3578366739095,4.65435294600812,30.7790705253552,"Valentine","Cold stable",588.816,3803.06494,446.73,0,61.73,4570654,0.0296972253020834,-0.0296985999826973
"172",0.561782998352076,22.779,3.792,41.766,0,0.883506398690713,0,18.987,37.974,10.372,0,"model average","Bacteria","Pseudomonadota","Gammaproteobacteria","Enterobacterales","Shewanellaceae","Shewanella","Shewanella sp002966515",15,"Sierras","V","rate",610.4999145523,1.48871291169835,7.40092911594768,20.456,6.29616666666667,20.44,10.5924583333333,-0.016,4.29629166666667,7.3578366739095,4.65435294600812,30.7790705253552,"Valentine","Cold stable",588.816,3803.06494,446.73,0,45.38,5105062,0.0295877704930782,-0.0295877704930782
"173",0.660544079490312,28.165,1.394,54.936,0.177940045308913,1.43200151505152,1.26275551048559,26.771,53.542,14.615,-1.2540614697426,"model average","Bacteria","Pseudomonadota","Gammaproteobacteria","Pseudomonadales","Pseudomonadaceae","Pseudomonas_E",NA,15,"Sierras","V","rate",610.4999145523,1.48871291169835,7.40092911594768,20.456,6.29616666666667,20.44,10.5924583333333,-0.016,4.29629166666667,7.3578366739095,4.65435294600812,30.7790705253552,"Valentine","Cold stable",588.816,3803.06494,446.73,0,58.99,6600286,0.0246738664782904,-0.0246738664782904
"174",0.742738981725839,19.512,-0.871000000000002,39.894,0,1.06041164679516,0,20.382,40.765,10.094,0,"model average","Bacteria","Pseudomonadota","Gammaproteobacteria","Pseudomonadales","Pseudomonadaceae","Pseudomonas_E",NA,15,"Sierras","V","rate",610.4999145523,1.48871291169835,7.40092911594768,20.456,6.29616666666667,20.44,10.5924583333333,-0.016,4.29629166666667,7.3578366739095,4.65435294600812,30.7790705253552,"Valentine","Cold stable",588.816,3803.06494,446.73,0,58.77,7521888,0.0364391395636481,-0.0364409273734589
"175",0.663808407470166,26.234,1.91,50.558,0,0.64489314091534,0,24.324,48.648,13.284,0,"model average","Bacteria","Pseudomonadota","Gammaproteobacteria","Pseudomonadales","Pseudomonadaceae","Pseudomonas_E",NA,15,"Sierras","V","rate",610.4999145523,1.48871291169835,7.40092911594768,20.456,6.29616666666667,20.44,10.5924583333333,-0.016,4.29629166666667,7.3578366739095,4.65435294600812,30.7790705253552,"Valentine","Cold stable",588.816,3803.06494,446.73,0,59.83,6677017,0.0272902650661966,-0.0272902650661966
"176",0.725969980031996,19.864,-2.078,41.806,0,0.8477286206772,0,21.942,43.884,10.853,0,"model average","Bacteria","Pseudomonadota","Gammaproteobacteria","Pseudomonadales","Pseudomonadaceae","Pseudomonas_E","Pseudomonas_E sp003852235",15,"Sierras","Y","rate",859.082637534857,3.79811451163056,10.5631138734117,29.865,12.5751666666667,29.84,17.64775,-0.025,5.07258333333333,11.4399160687083,6.04756402436451,42.1067023829455,"Yosemite Mariposa Grove","Cold stable",718.176,5693.717777,529.24,0,60.37,5911009,0.0330858618189771,-0.0330858618189771
"177",0.551692959474854,25.057,-5.211,55.325,0,0.726025741426334,0,30.268,60.536,16.52,0,"model average","Bacteria","Pseudomonadota","Gammaproteobacteria","Pseudomonadales","Pseudomonadaceae","Pseudomonas_E","Pseudomonas_E cedrina",15,"Sierras","Y","rate",859.082637534857,3.79811451163056,10.5631138734117,29.865,12.5751666666667,29.84,17.64775,-0.025,5.07258333333333,11.4399160687083,6.04756402436451,42.1067023829455,"Yosemite Mariposa Grove","Cold stable",718.176,5693.717777,529.24,0,60.93,6070913,0.0182269380030016,-0.0182269380030016
"178",0.716405591538789,22.639,5.416,39.862,0,0.9678419994483,0,17.223,34.446,9.425,0,"model average","Bacteria","Pseudomonadota","Gammaproteobacteria","Pseudomonadales","Pseudomonadaceae","Pseudomonas_E","Pseudomonas_E fluorescens_AO",15,"Sierras","Y","rate",859.082637534857,3.79811451163056,10.5631138734117,29.865,12.5751666666667,29.84,17.64775,-0.025,5.07258333333333,11.4399160687083,6.04756402436451,42.1067023829455,"Yosemite Mariposa Grove","Cold stable",718.176,5693.717777,529.24,0,60.1,5923549,0.0415958655018748,-0.0415958655018748
"179",0.78160693182456,26.027,10.446,41.608,0,1.50827650921739,0,15.581,31.162,8.504,0,"model average","Bacteria","Pseudomonadota","Gammaproteobacteria","Pseudomonadales","Pseudomonadaceae","Pseudomonas_E",NA,15,"Sierras","Y","rate",859.082637534857,3.79811451163056,10.5631138734117,29.865,12.5751666666667,29.84,17.64775,-0.025,5.07258333333333,11.4399160687083,6.04756402436451,42.1067023829455,"Yosemite Mariposa Grove","Cold stable",718.176,5693.717777,529.24,0,59.8,6237842,0.050164105758588,-0.050164105758588
"180",0.514984753113607,20.978,-3.35,45.306,0,0.687865188247837,0,24.328,48.656,12.617,0,"model average","Bacteria","Pseudomonadota","Gammaproteobacteria","Pseudomonadales","Pseudomonadaceae","Pseudomonas_E",NA,15,"Sierras","Y","rate",859.082637534857,3.79811451163056,10.5631138734117,29.865,12.5751666666667,29.84,17.64775,-0.025,5.07258333333333,11.4399160687083,6.04756402436451,42.1067023829455,"Yosemite Mariposa Grove","Cold stable",718.176,5693.717777,529.24,0,58.58,6868945,0.021168396625847,-0.0211683966258471
"181",0.929367346563206,27.824,6.491,49.158,0,0.621911030532554,0,21.334,42.667,11.649,0,"model average","Bacteria","Pseudomonadota","Gammaproteobacteria","Enterobacterales","Enterobacteriaceae","Pantoea","Pantoea sp900115075",15,"Sierras","Y","rate",859.082637534857,3.79811451163056,10.5631138734117,29.865,12.5751666666667,29.84,17.64775,-0.025,5.07258333333333,11.4399160687083,6.04756402436451,42.1067023829455,"Yosemite Mariposa Grove","Cold stable",718.176,5693.717777,529.24,0,58.07,11534464,0.0435647750697607,-0.0435627330347429
"182",0.914997518880549,32.721,16.934,48.509,0.186293686624748,1.01321246708596,1.28640239526938,15.788,31.575,8.633,-0.826918780461209,"model average","Bacteria","Pseudomonadota","Gammaproteobacteria","Pseudomonadales","Pseudomonadaceae","Pseudomonas_E","Pseudomonas_E yamanorum",15,"Sierras","Y","rate",859.082637534857,3.79811451163056,10.5631138734117,29.865,12.5751666666667,29.84,17.64775,-0.025,5.07258333333333,11.4399160687083,6.04756402436451,42.1067023829455,"Yosemite Mariposa Grove","Cold stable",718.176,5693.717777,529.24,0,60.66,6821537,0.0579589230937195,-0.0579552520192899
"183",0.845507170329239,29.548,11.086,48.011,0.375999336688202,2.09746346076235,1.65019229264174,18.463,36.925,10.114,-1.72146412407414,"model average","Bacteria","Pseudomonadota","Gammaproteobacteria","Pseudomonadales","Pseudomonadaceae","Pseudomonas_E",NA,15,"Sierras","Y","rate",859.082637534857,3.79811451163056,10.5631138734117,29.865,12.5751666666667,29.84,17.64775,-0.025,5.07258333333333,11.4399160687083,6.04756402436451,42.1067023829455,"Yosemite Mariposa Grove","Cold stable",718.176,5693.717777,529.24,0,60.67,6614733,0.0457971601304972,-0.0457946796473617
"184",0.854093938361045,22.331,2.935,41.728,0,0.783396635830528,0,19.397,38.793,10.605,0,"model average","Bacteria","Pseudomonadota","Gammaproteobacteria","Pseudomonadales","Pseudomonadaceae","Pseudomonas_E","Pseudomonas_E cedrina",15,"Sierras","Y","rate",859.082637534857,3.79811451163056,10.5631138734117,29.865,12.5751666666667,29.84,17.64775,-0.025,5.07258333333333,11.4399160687083,6.04756402436451,42.1067023829455,"Yosemite Mariposa Grove","Cold stable",718.176,5693.717777,529.24,0,60.16,12761192,0.0440345400268635,-0.044032269854155
"185",0.633645426941115,23.9,6.855,40.944,0,1.61897151708876,0,17.044,34.089,9.304,0,"model average","Bacteria","Pseudomonadota","Gammaproteobacteria","Pseudomonadales","Pseudomonadaceae","Pseudomonas_E",NA,15,"Sierras","Y","rate",859.082637534857,3.79811451163056,10.5631138734117,29.865,12.5751666666667,29.84,17.64775,-0.025,5.07258333333333,11.4399160687083,6.04756402436451,42.1067023829455,"Yosemite Mariposa Grove","Cold stable",718.176,5693.717777,529.24,0,58.76,7743327,0.0371748563767155,-0.0371770374877444
"186",0.809093473064683,20.243,1.41,39.076,0,1.05812349806199,0,18.833,37.666,10.29,0,"model average","Bacteria","Pseudomonadota","Gammaproteobacteria","Pseudomonadales","Pseudomonadaceae","Pseudomonas_E",NA,15,"Sierras","Y","rate",859.082637534857,3.79811451163056,10.5631138734117,29.865,12.5751666666667,29.84,17.64775,-0.025,5.07258333333333,11.4399160687083,6.04756402436451,42.1067023829455,"Yosemite Mariposa Grove","Cold stable",718.176,5693.717777,529.24,0,59.08,7531643,0.0429614757640675,-0.0429614757640675
"187",0.668557009814782,23.742,4.9,42.583,0,1.59150273375979,0,18.841,37.683,10.295,0,"model average","Bacteria","Pseudomonadota","Gammaproteobacteria","Pseudomonadales","Pseudomonadaceae","Pseudomonas_E",NA,15,"Sierras","Y","rate",859.082637534857,3.79811451163056,10.5631138734117,29.865,12.5751666666667,29.84,17.64775,-0.025,5.07258333333333,11.4399160687083,6.04756402436451,42.1067023829455,"Yosemite Mariposa Grove","Cold stable",718.176,5693.717777,529.24,0,59.69,6293804,0.035482274164886,-0.0354841574128115
"189",0.472763292956537,18.933,-10.979,48.845,0,0.550123043555784,0,29.912,59.824,12.096,0,"model average","Bacteria","Pseudomonadota","Gammaproteobacteria","Pseudomonadales","Pseudomonadaceae","Pseudomonas_E",NA,15,"Sierras","ME","rate",935.631316849688,1.63672921752998,22.79544596832,33.333333332,10.68981481525,42.11111111,28.5138888891667,8.777777778,17.8240740739167,11.0156537183636,8.2615369570573,32.0694444470328,"Merced","Hot stable",284.939,2385.060297,154.83,0,59.99,5858238,0.0158051381705181,-0.0158051381705181
"190",0.490938758983194,25.665,2.147,49.182,0,0.762536260973518,0,23.517,47.035,12.851,0,"model average","Bacteria","Pseudomonadota","Gammaproteobacteria","Pseudomonadales","Pseudomonadaceae","Pseudomonas_E",NA,15,"Sierras","ME","rate",935.631316849688,1.63672921752998,22.79544596832,33.333333332,10.68981481525,42.11111111,28.5138888891667,8.777777778,17.8240740739167,11.0156537183636,8.2615369570573,32.0694444470328,"Merced","Hot stable",284.939,2385.060297,154.83,0,60.82,5907140,0.0208750216422823,-0.0208759092989409
"191",0.605612974512753,24.511,5.08,43.943,0,1.19050428478609,0,19.432,38.863,10.647,0,"model average","Bacteria","Pseudomonadota","Gammaproteobacteria","Enterobacterales","Enterobacteriaceae","Pantoea","Pantoea sp900115075",15,"Sierras","ME","rate",935.631316849688,1.63672921752998,22.79544596832,33.333333332,10.68981481525,42.11111111,28.5138888891667,8.777777778,17.8240740739167,11.0156537183636,8.2615369570573,32.0694444470328,"Merced","Hot stable",284.939,2385.060297,154.83,0,54.59,4971816,0.0311673601210824,-0.0311657562017679
"192",0.740209389657712,24.834,7.026,42.641,0,1.23385805278535,0,17.807,35.615,9.724,0,"model average","Bacteria","Pseudomonadota","Gammaproteobacteria","Pseudomonadales","Pseudomonadaceae","Pseudomonas_E",NA,15,"Sierras","ME","rate",935.631316849688,1.63672921752998,22.79544596832,33.333333332,10.68981481525,42.11111111,28.5138888891667,8.777777778,17.8240740739167,11.0156537183636,8.2615369570573,32.0694444470328,"Merced","Hot stable",284.939,2385.060297,154.83,0,60.25,5998545,0.0415661157714349,-0.0415684500285119
"193",0.682786441835709,24.411,9.591,39.23,0,1.58541616394563,0,14.819,29.639,8.127,0,"model average","Bacteria","Pseudomonadota","Gammaproteobacteria","Pseudomonadales","Pseudomonadaceae","Pseudomonas_E",NA,15,"Sierras","ME","rate",935.631316849688,1.63672921752998,22.79544596832,33.333333332,10.68981481525,42.11111111,28.5138888891667,8.777777778,17.8240740739167,11.0156537183636,8.2615369570573,32.0694444470328,"Merced","Hot stable",284.939,2385.060297,154.83,0,59.84,5943258,0.046071959638037,-0.0460750686170261
"196",0.694471921573092,26.438,10.064,42.811,0,1.06883956511432,0,16.373,32.747,8.976,0,"model average","Bacteria","Pseudomonadota","Gammaproteobacteria","Enterobacterales","Enterobacteriaceae","Enterobacter","Enterobacter cancerogenus",15,"Sierras","ME","rate",935.631316849688,1.63672921752998,22.79544596832,33.333333332,10.68981481525,42.11111111,28.5138888891667,8.777777778,17.8240740739167,11.0156537183636,8.2615369570573,32.0694444470328,"Merced","Hot stable",284.939,2385.060297,154.83,0,55.43,4990047,0.0424130891396783,-0.0424156795683804
"197",0.925964643924849,24.81,6.777,42.842,0,1.17488981467601,0,18.032,36.065,9.849,0,"model average","Bacteria","Pseudomonadota","Gammaproteobacteria","Pseudomonadales","Pseudomonadaceae","Pseudomonas_E","Pseudomonas_E sp003851685",15,"Sierras","ME","rate",935.631316849688,1.63672921752998,22.79544596832,33.333333332,10.68981481525,42.11111111,28.5138888891667,8.777777778,17.8240740739167,11.0156537183636,8.2615369570573,32.0694444470328,"Merced","Hot stable",284.939,2385.060297,154.83,0,61.02,5886291,0.0513483415917955,-0.0513511892149983
"199",0.682911101401252,24.995,8.054,41.937,0,1.58731594930765,0,16.942,33.883,9.246,0,"model average","Bacteria","Pseudomonadota","Gammaproteobacteria","Pseudomonadales","Pseudomonadaceae","Pseudomonas_E","Pseudomonas_E fluorescens_T",15,"Sierras","ME","rate",935.631316849688,1.63672921752998,22.79544596832,33.333333332,10.68981481525,42.11111111,28.5138888891667,8.777777778,17.8240740739167,11.0156537183636,8.2615369570573,32.0694444470328,"Merced","Hot stable",284.939,2385.060297,154.83,0,61.05,6287437,0.0403111446432473,-0.0403087652816227
"200",0.728109646741229,24.51,7.537,41.483,0,1.33677832058294,0,16.973,33.946,9.311,0,"model average","Bacteria","Pseudomonadota","Gammaproteobacteria","Pseudomonadales","Pseudomonadaceae","Pseudomonas_E","Pseudomonas_E sp003851685",15,"Sierras","ME","rate",935.631316849688,1.63672921752998,22.79544596832,33.333333332,10.68981481525,42.11111111,28.5138888891667,8.777777778,17.8240740739167,11.0156537183636,8.2615369570573,32.0694444470328,"Merced","Hot stable",284.939,2385.060297,154.83,0,61.02,5884185,0.0428981115148311,-0.0428981115148312
"202",0.489953993041267,26.019,9.17,42.868,0,1.2073967942562,0,16.849,33.698,9.196,0,"model average","Bacteria","Pseudomonadota","Gammaproteobacteria","Pseudomonadales","Pseudomonadaceae","Pseudomonas_E",NA,15,"Sierras","ME","rate",935.631316849688,1.63672921752998,22.79544596832,33.333333332,10.68981481525,42.11111111,28.5138888891667,8.777777778,17.8240740739167,11.0156537183636,8.2615369570573,32.0694444470328,"Merced","Hot stable",284.939,2385.060297,154.83,0,60.26,6036913,0.029079114074501,-0.029079114074501
"203",0.448674644639422,25.391,6.64,44.142,0,1.10165602610612,0,18.751,37.502,10.262,0,"model average","Bacteria","Pseudomonadota","Gammaproteobacteria","Pseudomonadales","Pseudomonadaceae","Pseudomonas_E",NA,15,"Sierras","ME","rate",935.631316849688,1.63672921752998,22.79544596832,33.333333332,10.68981481525,42.11111111,28.5138888891667,8.777777778,17.8240740739167,11.0156537183636,8.2615369570573,32.0694444470328,"Merced","Hot stable",284.939,2385.060297,154.83,0,60.26,6036961,0.0239280382187308,-0.0239280382187308
"205",0.717270664035827,24.2088879835902,6.00576531995991,42.411552680737,0,1.43103560279809,0,18.2026646971469,36.4057879345044,9.94330458734217,0,"model average","Bacteria","Pseudomonadota","Gammaproteobacteria","Pseudomonadales","Pseudomonadaceae","Pseudomonas_E","Pseudomonas_E sp014268655",25,"Sierras","W","rate",878.106767977053,6.62465039416759,3.72997453836007,63.16,36.9024583333333,43.2,26.5604583333333,-19.96,-10.342,12.3358156459296,7.18459930806105,58.4269447962846,"White Mountain","Cold variable",131.682,770.7204333,148.04,0,60.64,5844296,0.0394037153564278,-0.0394047067267166
"206",0.960504696691758,24.1889999245096,8.15700017418819,40.2210000335081,0,1.72518313763255,0,16.0320001089985,32.0639999174568,8.75700020337582,0,"model average","Bacteria","Pseudomonadota","Gammaproteobacteria","Pseudomonadales","Pseudomonadaceae","Pseudomonas_E","Pseudomonas_E sp014268655",25,"Sierras","W","rate",878.106767977053,6.62465039416759,3.72997453836007,63.16,36.9024583333333,43.2,26.5604583333333,-19.96,-10.342,12.3358156459296,7.18459930806105,58.4269447962846,"White Mountain","Cold variable",131.682,770.7204333,148.04,0,60.64,5845253,0.0599117210360798,-0.0599117196957005
"207",0.460807276013825,23.7612973389035,-8.61825668258228,56.142008736027,0,0.544351673464399,0,32.3800386131083,64.7602622635866,17.6018984111207,0,"model average","Bacteria","Pseudomonadota","Gammaproteobacteria","Pseudomonadales","Pseudomonadaceae","Pseudomonas_E","Pseudomonas_E sp014268655",25,"Sierras","W","rate",878.106767977053,6.62465039416759,3.72997453836007,63.16,36.9024583333333,43.2,26.5604583333333,-19.96,-10.342,12.3358156459296,7.18459930806105,58.4269447962846,"White Mountain","Cold variable",131.682,770.7204333,148.04,0,60.64,5847527,0.014231427514661,-0.0142309188443204
"208",0.54881983549416,22.3069588640249,0.900795156638216,43.7156209342162,0,0.723666158062993,0,21.4086620701913,42.8150974190281,11.6992114459134,0,"model average","Bacteria","Pseudomonadota","Gammaproteobacteria","Pseudomonadales","Pseudomonadaceae","Pseudomonas_E","Pseudomonas_E sp014268655",25,"Sierras","W","rate",878.106767977053,6.62465039416759,3.72997453836007,63.16,36.9024583333333,43.2,26.5604583333333,-19.96,-10.342,12.3358156459296,7.18459930806105,58.4269447962846,"White Mountain","Cold variable",131.682,770.7204333,148.04,0,60.64,5847041,0.0256384022376124,-0.0256354102696739
"209",0.571637267746095,26.3429712188878,14.4909949206539,38.1950552159456,0,2.20524649896028e-09,0,11.8520839970578,23.7040601407818,6.50203214068256,0,"model average","Bacteria","Pseudomonadota","Gammaproteobacteria","Pseudomonadales","Pseudomonadaceae","Stutzerimonas",NA,25,"Sierras","W","rate",878.106767977053,6.62465039416759,3.72997453836007,63.16,36.9024583333333,43.2,26.5604583333333,-19.96,-10.342,12.3358156459296,7.18459930806105,58.4269447962846,"White Mountain","Cold variable",131.682,770.7204333,148.04,0,59.18,4520268,0.0482313880286173,-0.0482309497543217
"210",0.37886068782774,22.2868964760615,1.58622467629083,42.9906578715962,0,6.53866773448925e-05,0,20.7037613955347,41.4047778224096,11.3130894104475,0,"model average","Bacteria","Pseudomonadota","Gammaproteobacteria","Pseudomonadales","Pseudomonadaceae","Stutzerimonas",NA,25,"Sierras","W","rate",878.106767977053,6.62465039416759,3.72997453836007,63.16,36.9024583333333,43.2,26.5604583333333,-19.96,-10.342,12.3358156459296,7.18459930806105,58.4269447962846,"White Mountain","Cold variable",131.682,770.7204333,148.04,0,59.18,4520843,0.0183018547171951,-0.0182991235548846
"211",0.748988105402079,25.3878977649649,10.1762901847383,40.6002303739176,0,1.40598606973793,0,15.2123326089527,30.4239401865739,8.33616199360139,0,"model average","Bacteria","Pseudomonadota","Gammaproteobacteria","Pseudomonadales","Pseudomonadaceae","Pseudomonas_E",NA,25,"Sierras","W","rate",878.106767977053,6.62465039416759,3.72997453836007,63.16,36.9024583333333,43.2,26.5604583333333,-19.96,-10.342,12.3358156459296,7.18459930806105,58.4269447962846,"White Mountain","Cold variable",131.682,770.7204333,148.04,0,60.08,5094203,0.0492379323784082,-0.0492355856695697
"212",0.76659712275927,19.104982897917,0.934048320550286,37.2750015473126,0,2.56829479114084e-06,0,18.1700186493956,36.3409755129252,9.06398827922252,0,"model average","Bacteria","Pseudomonadota","Gammaproteobacteria","Pseudomonadales","Pseudomonadaceae","Pseudomonas_E",NA,25,"Sierras","W","rate",878.106767977053,6.62465039416759,3.72997453836007,63.16,36.9024583333333,43.2,26.5604583333333,-19.96,-10.342,12.3358156459296,7.18459930806105,58.4269447962846,"White Mountain","Cold variable",131.682,770.7204333,148.04,0,60.08,5094451,0.0421880954716619,-0.0421902221209206
"214",0.652644357955491,20.3438919580063,0.662263806488398,40.0249799715233,0,1.00569613080158,0,19.681088013517,39.3627963148769,10.7249743914283,0,"model average","Bacteria","Pseudomonadota","Gammaproteobacteria","Pseudomonadales","Pseudomonadaceae","Pseudomonas_E","Pseudomonas_E sp012935755",25,"Sierras","S","rate",925.997056708761,7.77846259026206,11.2878606063651,59.31,25.7524223333333,46.1,26.1615,-13.21,0.409077666666667,13.6358050487579,6.29129382540128,43.4200342831451,"SNARL","Cold variable",358.009,2285.278729,282.69,0,59.75,6875273,0.0331600796911285,-0.0331609897535773
"215",0.464140793660583,24.0669376536388,5.04497371363657,43.0899333790592,0,1.32717247924686,0,19.0229957254204,38.0449796485446,10.3832517131425,0,"model average","Bacteria","Pseudomonadota","Gammaproteobacteria","Pseudomonadales","Pseudomonadaceae","Pseudomonas_E",NA,25,"Sierras","S","rate",925.997056708761,7.77846259026206,11.2878606063651,59.31,25.7524223333333,46.1,26.1615,-13.21,0.409077666666667,13.6358050487579,6.29129382540128,43.4200342831451,"SNARL","Cold variable",358.009,2285.278729,282.69,0,60.66,6213211,0.0244002562051187,-0.0243989327632741
"216",0.729063388313372,23.3749992460654,6.43700165622606,40.3130000964594,0,1.81282704676747,0,16.9380008503939,33.8759984521855,9.27200093487975,0,"model average","Bacteria","Pseudomonadota","Gammaproteobacteria","Pseudomonadales","Pseudomonadaceae","Pseudomonas_E",NA,25,"Sierras","S","rate",925.997056708761,7.77846259026206,11.2878606063651,59.31,25.7524223333333,46.1,26.1615,-13.21,0.409077666666667,13.6358050487579,6.29129382540128,43.4200342831451,"SNARL","Cold variable",358.009,2285.278729,282.69,0,60.5,6497820,0.0430430683701784,-0.0430430600844145
"217",0.759572786809184,20.2888410217751,-2.75898621810774,43.3369233482774,0,0.805721817818989,0,23.0480019302567,46.0959078124664,11.5849430683148,0,"model average","Bacteria","Pseudomonadota","Gammaproteobacteria","Pseudomonadales","Pseudomonadaceae","Pseudomonas_E","Pseudomonas_E gregormendelii",25,"Sierras","S","rate",925.997056708761,7.77846259026206,11.2878606063651,59.31,25.7524223333333,46.1,26.1615,-13.21,0.409077666666667,13.6358050487579,6.29129382540128,43.4200342831451,"SNARL","Cold variable",358.009,2285.278729,282.69,0,59.77,6223118,0.0329563728026731,-0.0329560080552027
"219",0.839429558219067,24.4539940314424,7.23292291186596,41.6739993653105,0,1.59826900784925,0,17.220005333868,34.4410766022066,9.43903294788167,0,"model average","Bacteria","Pseudomonadota","Gammaproteobacteria","Pseudomonadales","Pseudomonadaceae","Pseudomonas_E","Pseudomonas_E sp003851685",25,"Sierras","S","rate",925.997056708761,7.77846259026206,11.2878606063651,59.31,25.7524223333333,46.1,26.1615,-13.21,0.409077666666667,13.6358050487579,6.29129382540128,43.4200342831451,"SNARL","Cold variable",358.009,2285.278729,282.69,0,60.41,6055673,0.0487443291064995,-0.0487473460050611
"221",0.835045985589975,20.6339253823499,14.055,40.9284455121117,0,0.0883270839331102,0,20.2945201297617,28.945,12.3937719463245,0,"model average","Bacteria","Pseudomonadota","Gammaproteobacteria","Pseudomonadales","Pseudomonadaceae","Pseudomonas_E","Pseudomonas_E sp003851685",25,"Sierras","S","rate",925.997056708761,7.77846259026206,11.2878606063651,59.31,25.7524223333333,46.1,26.1615,-13.21,0.409077666666667,13.6358050487579,6.29129382540128,43.4200342831451,"SNARL","Cold variable",358.009,2285.278729,282.69,0,60.41,6051985,0.12692741398622,-0.0411463774580895
"222",0.406363940602236,25.1190000784876,-5.55799989917128,55.7969998301828,2.02943993042262e-11,0.520132376928506,1.18360810534526e-08,30.6779997516952,61.3549997491184,16.7450000401918,-7.52464785445221e-09,"model average","Bacteria","Pseudomonadota","Gammaproteobacteria","Pseudomonadales","Pseudomonadaceae","Pseudomonas_E","Pseudomonas_E sp003851685",25,"Sierras","S","rate",925.997056708761,7.77846259026206,11.2878606063651,59.31,25.7524223333333,46.1,26.1615,-13.21,0.409077666666667,13.6358050487579,6.29129382540128,43.4200342831451,"SNARL","Cold variable",358.009,2285.278729,282.69,0,60.41,6053497,0.013246534566554,-0.0132461028714814
"223",1.22413273026795,21.3779999999051,3.11500000008162,39.641000000028,1.50747553720985e-15,0.983441069111291,0,18.2630000001229,36.5259999999446,9.99400000002312,-3.09296079504353e-14,"model average","Bacteria","Pseudomonadota","Gammaproteobacteria","Pseudomonadales","Pseudomonadaceae","Pseudomonas_E","Pseudomonas_E gregormendelii",25,"Sierras","V","rate",610.4999145523,1.48871291169835,7.40092911594768,20.456,6.29616666666667,20.44,10.5924583333333,-0.016,4.29629166666667,7.3578366739095,4.65435294600812,30.7790705253552,"Valentine","Cold stable",588.816,3803.06494,446.73,0,59.78,6223643,0.0670280200558387,-0.0670280200547398
"224",0.572549067459106,29.3533769606493,8.20064626975996,50.4345777153457,0.173194376026767,1.25121465211437,1.26149632819221,21.0812007546964,42.2409578207166,11.5478295304236,-1.0780202760876,"model average","Bacteria","Pseudomonadota","Gammaproteobacteria","Pseudomonadales","Pseudomonadaceae","Pseudomonas_E",NA,25,"Sierras","V","rate",610.4999145523,1.48871291169835,7.40092911594768,20.456,6.29616666666667,20.44,10.5924583333333,-0.016,4.29629166666667,7.3578366739095,4.65435294600812,30.7790705253552,"Valentine","Cold stable",588.816,3803.06494,446.73,0,58.71,6299511,0.0270673832057867,-0.027159224662834
"225",0.786217256445548,22.6839916527864,6.2400090989767,39.1280006640566,0,4.80183467788294e-07,0,16.4440090112701,32.887992932068,8.99500253598954,0,"model average","Bacteria","Pseudomonadota","Gammaproteobacteria","Pseudomonadales","Pseudomonadaceae","Pseudomonas_E","Pseudomonas_E yamanorum",25,"Sierras","V","rate",610.4999145523,1.48871291169835,7.40092911594768,20.456,6.29616666666667,20.44,10.5924583333333,-0.016,4.29629166666667,7.3578366739095,4.65435294600812,30.7790705253552,"Valentine","Cold stable",588.816,3803.06494,446.73,0,60.58,6973745,0.0478118517745203,-0.047811774848013
"226",0.855518965781828,25.0939323768725,8.01856852042137,42.1689627987707,0,1.66358169246585,0,17.0750304218982,34.1504117638446,9.32125078618647,0,"model average","Bacteria","Pseudomonadota","Gammaproteobacteria","Pseudomonadales","Pseudomonadaceae","Pseudomonas_E",NA,25,"Sierras","V","rate",610.4999145523,1.48871291169835,7.40092911594768,20.456,6.29616666666667,20.44,10.5924583333333,-0.016,4.29629166666667,7.3578366739095,4.65435294600812,30.7790705253552,"Valentine","Cold stable",588.816,3803.06494,446.73,0,58.99,6599886,0.050102532102624,-0.050103510485384
"227",0.644599572656327,25.2858126411452,2.53068441940355,48.0359518596054,0,0.835793171595462,0,22.7501392184602,45.5059677626158,12.433831153183,0,"model average","Bacteria","Pseudomonadota","Gammaproteobacteria","Pseudomonadales","Pseudomonadaceae","Pseudomonas_E",NA,25,"Sierras","V","rate",610.4999145523,1.48871291169835,7.40092911594768,20.456,6.29616666666667,20.44,10.5924583333333,-0.016,4.29629166666667,7.3578366739095,4.65435294600812,30.7790705253552,"Valentine","Cold stable",588.816,3803.06494,446.73,0,59.83,6676337,0.0283276616319146,-0.0283338737607934
"228",0.650762190927263,20.6739490401864,3.69708286129083,37.6510008336603,0,4.94918145697679e-06,0,16.9770517934739,33.9539355262136,9.28699569302979,0,"model average","Bacteria","Pseudomonadota","Gammaproteobacteria","Pseudomonadales","Pseudomonadaceae","Pseudomonas_E",NA,25,"Sierras","V","rate",610.4999145523,1.48871291169835,7.40092911594768,20.456,6.29616666666667,20.44,10.5924583333333,-0.016,4.29629166666667,7.3578366739095,4.65435294600812,30.7790705253552,"Valentine","Cold stable",588.816,3803.06494,446.73,0,59.83,6674461,0.0383322919595281,-0.0383318728624849
"229",0.696984911406982,23.7869999991505,3.86399999976572,43.7099999988516,0,1.36942213787327,0,19.9229999997011,39.8459999992703,10.8820000023968,0,"model average","Bacteria","Pseudomonadota","Gammaproteobacteria","Pseudomonadales","Pseudomonadaceae","Pseudomonas_E",NA,25,"Sierras","V","rate",610.4999145523,1.48871291169835,7.40092911594768,20.456,6.29616666666667,20.44,10.5924583333333,-0.016,4.29629166666667,7.3578366739095,4.65435294600812,30.7790705253552,"Valentine","Cold stable",588.816,3803.06494,446.73,0,60.66,6817515,0.0349839337162327,-0.0349839337156773
"230",0.457899307594739,23.3019007110296,1.95244789262434,44.6510540707501,0,0.830905771984738,0,21.3491533597205,42.6987539601468,11.6667185319801,0,"model average","Bacteria","Pseudomonadota","Gammaproteobacteria","Pseudomonadales","Pseudomonadaceae","Pseudomonas_E","Pseudomonas_E fluorescens_AO",25,"Sierras","Y","rate",859.082637534857,3.79811451163056,10.5631138734117,29.865,12.5751666666667,29.84,17.64775,-0.025,5.07258333333333,11.4399160687083,6.04756402436451,42.1067023829455,"Yosemite Mariposa Grove","Cold stable",718.176,5693.717777,529.24,0,60.1,5921362,0.0214478240491478,-0.0214481248918591
"231",1.24617330569183,24.3574156264809,6.36604933359091,42.351173827317,0,0.961053638148364,0,17.9937582008361,35.9851257923244,9.84500714020401,0,"model average","Bacteria","Pseudomonadota","Gammaproteobacteria","Enterobacterales","Enterobacteriaceae","Pantoea","Pantoea agglomerans",25,"Sierras","Y","rate",859.082637534857,3.79811451163056,10.5631138734117,29.865,12.5751666666667,29.84,17.64775,-0.025,5.07258333333333,11.4399160687083,6.04756402436451,42.1067023829455,"Yosemite Mariposa Grove","Cold stable",718.176,5693.717777,529.24,0,55.34,5078433,0.0692650733359981,-0.0692558659387746
"234",0.82062484687671,22.3108945201844,3.28616699948711,41.3349907447393,0,0.938366500896178,0,19.0240962245549,38.0488569872405,10.4010227023411,0,"model average","Bacteria","Pseudomonadota","Gammaproteobacteria","Xanthomonadales","Xanthomonadaceae","Stenotrophomonas","Stenotrophomonas rhizophila_A",25,"Sierras","Y","rate",859.082637534857,3.79811451163056,10.5631138734117,29.865,12.5751666666667,29.84,17.64775,-0.025,5.07258333333333,11.4399160687083,6.04756402436451,42.1067023829455,"Yosemite Mariposa Grove","Cold stable",718.176,5693.717777,529.24,0,66.8,4274945,0.0431346438987859,-0.0431360752800182
"235",0.485898017265066,27.1048676719315,4.53689119767265,49.640699809075,0.000459018815599877,0.66702523508255,0.00233626233533852,22.5358321371435,45.1040590910869,12.3149564266706,-0.00163697858006397,"model average","Bacteria","Pseudomonadota","Gammaproteobacteria","Pseudomonadales","Pseudomonadaceae","Pseudomonas_E","Pseudomonas_E sp003851685",25,"Sierras","Y","rate",859.082637534857,3.79811451163056,10.5631138734117,29.865,12.5751666666667,29.84,17.64775,-0.025,5.07258333333333,11.4399160687083,6.04756402436451,42.1067023829455,"Yosemite Mariposa Grove","Cold stable",718.176,5693.717777,529.24,0,58.66,10103211,0.0215304202314853,-0.0215611304835826
"236",0.46987134342956,23.4479661941688,2.59807986462458,44.2959698596748,0,0.911492228557994,0,20.848003665506,41.6980009743231,11.412663746778,0,"model average","Bacteria","Pseudomonadota","Gammaproteobacteria","Xanthomonadales","Xanthomonadaceae","Stenotrophomonas","Stenotrophomonas lactitubi",25,"Sierras","Y","rate",859.082637534857,3.79811451163056,10.5631138734117,29.865,12.5751666666667,29.84,17.64775,-0.025,5.07258333333333,11.4399160687083,6.04756402436451,42.1067023829455,"Yosemite Mariposa Grove","Cold stable",718.176,5693.717777,529.24,0,66.06,4696800,0.0225359187097224,-0.0225379537997196
"237",0.547591480919461,25.9650351751568,2.45282282481038,49.4757775472029,0,0.656108554232737,0,23.5107423720461,47.023284127759,12.8342771152714,0,"model average","Bacteria","Pseudomonadota","Gammaproteobacteria","Pseudomonadales","Pseudomonadaceae","Pseudomonas_E","Pseudomonas_E sp019956415",25,"Sierras","Y","rate",859.082637534857,3.79811451163056,10.5631138734117,29.865,12.5751666666667,29.84,17.64775,-0.025,5.07258333333333,11.4399160687083,6.04756402436451,42.1067023829455,"Yosemite Mariposa Grove","Cold stable",718.176,5693.717777,529.24,0,58.49,6469853,0.0232896621024007,-0.0232911182579474
"238",0.6241027154843,17.9046384055497,-6.31877578524097,42.1308675506793,0,0.883485155309873,0,24.2262291451296,48.4494109798581,9.5167311130269,0,"model average","Bacteria","Pseudomonadota","Gammaproteobacteria","Pseudomonadales","Pseudomonadaceae","Pseudomonas_E","Pseudomonas_E sp002874965",25,"Sierras","Y","rate",859.082637534857,3.79811451163056,10.5631138734117,29.865,12.5751666666667,29.84,17.64775,-0.025,5.07258333333333,11.4399160687083,6.04756402436451,42.1067023829455,"Yosemite Mariposa Grove","Cold stable",718.176,5693.717777,529.24,0,60.9,7265188,0.0257644405767364,-0.0257614468907048
"239",0.652131961117426,25.7011057496884,2.66997195248287,48.7300077483627,0,0.793002142376906,0,23.0289019986744,46.0602422167542,12.5838946485793,0,"model average","Bacteria","Pseudomonadota","Gammaproteobacteria","Pseudomonadales","Pseudomonadaceae","Pseudomonas_E",NA,25,"Sierras","Y","rate",859.082637534857,3.79811451163056,10.5631138734117,29.865,12.5751666666667,29.84,17.64775,-0.025,5.07258333333333,11.4399160687083,6.04756402436451,42.1067023829455,"Yosemite Mariposa Grove","Cold stable",718.176,5693.717777,529.24,0,58.51,6987797,0.028315234797366,-0.0283179789099353
"240",0.649439260071584,18.2622137898658,-5.66370030796017,42.2923027537067,0,0.874854216315561,0,24.0300889638409,47.9688495899685,9.83480194425297,0,"model average","Bacteria","Pseudomonadota","Gammaproteobacteria","Enterobacterales","Enterobacteriaceae","Erwinia","Erwinia billingiae",25,"Sierras","Y","rate",859.082637534857,3.79811451163056,10.5631138734117,29.865,12.5751666666667,29.84,17.64775,-0.025,5.07258333333333,11.4399160687083,6.04756402436451,42.1067023829455,"Yosemite Mariposa Grove","Cold stable",718.176,5693.717777,529.24,0,55.04,4974360,0.0271437595828615,-0.0270260863806548
"241",0.45983342645304,25.2132614260343,-3.00260854804671,53.3355184641871,-0.000123847774561362,0.603347256391323,0.00261300173395667,28.1222570381527,56.3468903235737,15.3952436555165,-0.00383413504362482,"model average","Bacteria","Pseudomonadota","Gammaproteobacteria","Pseudomonadales","Pseudomonadaceae","Pseudomonas_E",NA,25,"Sierras","Y","rate",859.082637534857,3.79811451163056,10.5631138734117,29.865,12.5751666666667,29.84,17.64775,-0.025,5.07258333333333,11.4399160687083,6.04756402436451,42.1067023829455,"Yosemite Mariposa Grove","Cold stable",718.176,5693.717777,529.24,0,59.71,6904226,0.0162969785044885,-0.0163512276354346
"244",0.541847124087511,21.9699578045183,0.893577568160001,43.0508845756141,0,0.806356048999106,0,21.0809267710958,42.1573848443378,11.5064195504452,0,"model average","Bacteria","Pseudomonadota","Gammaproteobacteria","Pseudomonadales","Pseudomonadaceae","Pseudomonas_E","Pseudomonas_E sp003851685",25,"Sierras","ME","rate",935.631316849688,1.63672921752998,22.79544596832,33.333333332,10.68981481525,42.11111111,28.5138888891667,8.777777778,17.8240740739167,11.0156537183636,8.2615369570573,32.0694444470328,"Merced","Hot stable",284.939,2385.060297,154.83,0,61.02,5880230,0.0257087373643404,-0.0257031927472203
"245",0.845789872129535,30.6269866331495,17.1090821555839,44.1449124229631,0.581053184370346,1.78689390613545,2.17136422419959,13.5179257898137,27.0358219617689,7.4124087350246,-1.20584072176511,"model average","Bacteria","Pseudomonadota","Gammaproteobacteria","Enterobacterales","Enterobacteriaceae","Enterobacter","Enterobacter cancerogenus",25,"Sierras","ME","rate",935.631316849688,1.63672921752998,22.79544596832,33.333333332,10.68981481525,42.11111111,28.5138888891667,8.777777778,17.8240740739167,11.0156537183636,8.2615369570573,32.0694444470328,"Merced","Hot stable",284.939,2385.060297,154.83,0,55.43,4989513,0.0625681201944586,-0.062568021550087
"246",0.755664035660859,28.7482085300872,6.24711243077819,51.2040597840016,0.27745144424169,1.11161783377559,1.45530317468556,22.4558512539144,44.9618296094956,12.2821393237107,-0.834166389533901,"model average","Bacteria","Pseudomonadota","Gammaproteobacteria","Pseudomonadales","Pseudomonadaceae","Pseudomonas_E","Pseudomonas_E alvandae",25,"Sierras","ME","rate",935.631316849688,1.63672921752998,22.79544596832,33.333333332,10.68981481525,42.11111111,28.5138888891667,8.777777778,17.8240740739167,11.0156537183636,8.2615369570573,32.0694444470328,"Merced","Hot stable",284.939,2385.060297,154.83,0,61.04,6294455,0.0335834322170672,-0.0336510973071722
"248",1.05263513681703,22.5069992018752,5.96900077560764,39.0440000077083,5.25093527829815e-11,1.02881421151604,0,16.5370008058331,33.0749996440182,9.07500018816149,0,"model average","Bacteria","Pseudomonadota","Gammaproteobacteria","Pseudomonadales","Pseudomonadaceae","Pseudomonas_E",NA,25,"Sierras","ME","rate",935.631316849688,1.63672921752998,22.79544596832,33.333333332,10.68981481525,42.11111111,28.5138888891667,8.777777778,17.8240740739167,11.0156537183636,8.2615369570573,32.0694444470328,"Merced","Hot stable",284.939,2385.060297,154.83,0,59.92,5968476,0.0636494882684904,-0.0636533280234064
"249",0.658144049060355,24.5530003405992,8.48200064527195,40.6230005630041,0,1.39140454809539,0,16.0700002224049,32.1409999135112,8.81300075271409,0,"model average","Bacteria","Pseudomonadota","Gammaproteobacteria","Pseudomonadales","Pseudomonadaceae","Pseudomonas_E",NA,25,"Sierras","ME","rate",935.631316849688,1.63672921752998,22.79544596832,33.333333332,10.68981481525,42.11111111,28.5138888891667,8.777777778,17.8240740739167,11.0156537183636,8.2615369570573,32.0694444470328,"Merced","Hot stable",284.939,2385.060297,154.83,0,60.24,6074402,0.0409522781119655,-0.0409548251370132
"250",0.687354690807786,16.8034894483683,-9.71308967357739,43.4186337737264,0,0.820635204634246,0,26.6151443253581,53.1423030579813,9.07555653212051,0,"model average","Bacteria","Pseudomonadota","Gammaproteobacteria","Pseudomonadales","Pseudomonadaceae","Pseudomonas_E",NA,25,"Sierras","ME","rate",935.631316849688,1.63672921752998,22.79544596832,33.333333332,10.68981481525,42.11111111,28.5138888891667,8.777777778,17.8240740739167,11.0156537183636,8.2615369570573,32.0694444470328,"Merced","Hot stable",284.939,2385.060297,154.83,0,60.26,6033038,0.0259216955417494,-0.0258256984221158
"251",0.672501033030894,26.8154196572974,13.0468606024314,40.2643651036269,0.994563927834825,1.50897300690195,3.94436684357838,13.4489454463296,27.2175045011955,7.44892346777497,-0.514409079067127,"model average","Bacteria","Pseudomonadota","Gammaproteobacteria","Pseudomonadales","Pseudomonadaceae","Pseudomonas_E","Pseudomonas_E marvdashtae",35,"Sierras","W","rate",878.106767977053,6.62465039416759,3.72997453836007,63.16,36.9024583333333,43.2,26.5604583333333,-19.96,-10.342,12.3358156459296,7.18459930806105,58.4269447962846,"White Mountain","Cold variable",131.682,770.7204333,148.04,0,60.64,5842276,0.0488432399026696,-0.0500039973925564
"252",0.813807102804082,27.107460801051,15.446604484133,38.6379472244236,0.843151379798135,1.71935073955051,3.20829423320183,11.5304864233727,23.1913427402907,6.33438145911491,-0.876199359752378,"model average","Bacteria","Pseudomonadota","Gammaproteobacteria","Pseudomonadales","Pseudomonadaceae","Pseudomonas_E","Pseudomonas_E marvdashtae",35,"Sierras","W","rate",878.106767977053,6.62465039416759,3.72997453836007,63.16,36.9024583333333,43.2,26.5604583333333,-19.96,-10.342,12.3358156459296,7.18459930806105,58.4269447962846,"White Mountain","Cold variable",131.682,770.7204333,148.04,0,60.64,5842350,0.069789651864879,-0.0705787312801023
"253",0.492357322160072,26.0679005946139,7.4371280862205,44.6887309361577,0.491847608052675,1.07836679410838,1.95052371852447,18.6208303415439,37.2516028499372,10.1660677132821,-0.586676280283903,"model average","Bacteria","Pseudomonadota","Gammaproteobacteria","Pseudomonadales","Pseudomonadaceae","Pseudomonas_E","Pseudomonas_E marvdashtae",35,"Sierras","W","rate",878.106767977053,6.62465039416759,3.72997453836007,63.16,36.9024583333333,43.2,26.5604583333333,-19.96,-10.342,12.3358156459296,7.18459930806105,58.4269447962846,"White Mountain","Cold variable",131.682,770.7204333,148.04,0,58.3,9664885,0.0264271018251261,-0.0264412119722504
"254",0.55323439161492,24.6314204756416,6.83414080614894,42.3481742932689,0.756676550755459,1.28276313033443,2.8136151214359,17.7167538176272,35.5159014727204,9.73943387291369,-0.526086579578972,"model average","Bacteria","Pseudomonadota","Gammaproteobacteria","Pseudomonadales","Pseudomonadaceae","Pseudomonas_E","Pseudomonas_E marvdashtae",35,"Sierras","W","rate",878.106767977053,6.62465039416759,3.72997453836007,63.16,36.9024583333333,43.2,26.5604583333333,-19.96,-10.342,12.3358156459296,7.18459930806105,58.4269447962846,"White Mountain","Cold variable",131.682,770.7204333,148.04,0,58.32,10458649,0.0310853344943076,-0.031226622964331
"255",0.56580889055248,27.6579546301557,17.8648491641541,37.4328613750711,0.00105402969224441,1.7023283702656,0.00430098974650289,9.77529899390246,19.5671096006204,5.38387590322324,0,"model average","Bacteria","Pseudomonadota","Gammaproteobacteria","Xanthomonadales","Xanthomonadaceae","Stenotrophomonas","Stenotrophomonas rhizophila_A",35,"Sierras","W","rate",878.106767977053,6.62465039416759,3.72997453836007,63.16,36.9024583333333,43.2,26.5604583333333,-19.96,-10.342,12.3358156459296,7.18459930806105,58.4269447962846,"White Mountain","Cold variable",131.682,770.7204333,148.04,0,66.83,4302919,0.0577762480468305,-0.0578838146815872
"256",0.392055783303373,27.284572304746,15.8689580028188,38.3177953914196,0.480191737215319,1.73249875098528,1.94796925888017,11.0332230866737,22.4497009271589,6.22712069686837,-1.25665003209574,"model average","Bacteria","Pseudomonadota","Gammaproteobacteria","Pseudomonadales","Pseudomonadaceae","Stutzerimonas",NA,35,"Sierras","W","rate",878.106767977053,6.62465039416759,3.72997453836007,63.16,36.9024583333333,43.2,26.5604583333333,-19.96,-10.342,12.3358156459296,7.18459930806105,58.4269447962846,"White Mountain","Cold variable",131.682,770.7204333,148.04,0,59.18,4520386,0.0343438182943151,-0.035534111856844
"257",0.65773640222979,25.3477789826586,11.3265651484259,39.3942556773982,1.50745767909808,1.56453790652368,7.82512112447745,14.0464766947396,28.0676905289723,7.72150872551276,-0.0570802274256056,"model average","Bacteria","Pseudomonadota","Gammaproteobacteria","Xanthomonadales","Xanthomonadaceae","Stenotrophomonas","Stenotrophomonas rhizophila_A",35,"Sierras","W","rate",878.106767977053,6.62465039416759,3.72997453836007,63.16,36.9024583333333,43.2,26.5604583333333,-19.96,-10.342,12.3358156459296,7.18459930806105,58.4269447962846,"White Mountain","Cold variable",131.682,770.7204333,148.04,0,66.83,4302840,0.0469100899541187,-0.0468257212483834
"258",0.807644402512847,21.4990151564355,6.40496888711501,36.5930332573132,2.95618796211343e-06,1.18783956588133,1.11828969126018e-05,15.0940181008776,30.1880631876219,8.29409085443312,0,"model average","Bacteria","Pseudomonadota","Gammaproteobacteria","Pseudomonadales","Pseudomonadaceae","Stutzerimonas",NA,35,"Sierras","W","rate",878.106767977053,6.62465039416759,3.72997453836007,63.16,36.9024583333333,43.2,26.5604583333333,-19.96,-10.342,12.3358156459296,7.18459930806105,58.4269447962846,"White Mountain","Cold variable",131.682,770.7204333,148.04,0,59.18,4519335,0.053507481566055,-0.0535075814216682
"260",0.366901846342277,21.8442500255872,-0.0122628548844757,43.3914349387946,-0.275874107067039,1.03240410473795,0.0194471741992539,21.5471849132075,43.4761057502994,12.1418513425002,-1.30827821180499,"model average","Bacteria","Pseudomonadota","Gammaproteobacteria","Pseudomonadales","Pseudomonadaceae","Pseudomonas_E","Pseudomonas_E marvdashtae",35,"Sierras","W","rate",878.106767977053,6.62465039416759,3.72997453836007,63.16,36.9024583333333,43.2,26.5604583333333,-19.96,-10.342,12.3358156459296,7.18459930806105,58.4269447962846,"White Mountain","Cold variable",131.682,770.7204333,148.04,0,60.64,5843934,0.0167868428211207,-0.0170278320727356
"261",0.573385936516327,26.194271849257,11.7620064499912,40.3482784288696,3.04430148286064,1.33425727838143,0.0109141458539781,14.1540065796126,28.5862719788784,7.82158850991716,1.71004420447921,"model average","Bacteria","Pseudomonadota","Gammaproteobacteria","Pseudomonadales","Pseudomonadaceae","Pseudomonas_E",NA,35,"Sierras","S","rate",925.997056708761,7.77846259026206,11.2878606063651,59.31,25.7524223333333,46.1,26.1615,-13.21,0.409077666666667,13.6358050487579,6.29129382540128,43.4200342831451,"SNARL","Cold variable",358.009,2285.278729,282.69,0,59.58,7029129,0.0397294479178228,-0.0405105037426103
"262",0.967575630615439,24.9275456202678,10.7176215370512,39.1329959918865,1.13918729364775,1.83473709725017,4.71538439093359,14.2054503716186,28.4154681459353,7.75636376500745,-0.695549803602411,"model average","Bacteria","Pseudomonadota","Gammaproteobacteria","Enterobacterales","Enterobacteriaceae","Pantoea","Pantoea agglomerans",35,"Sierras","S","rate",925.997056708761,7.77846259026206,11.2878606063651,59.31,25.7524223333333,46.1,26.1615,-13.21,0.409077666666667,13.6358050487579,6.29129382540128,43.4200342831451,"SNARL","Cold variable",358.009,2285.278729,282.69,0,58.95,16776604,0.0680915411615919,-0.0681129851784618
"263",0.754485516396784,25.1313081530654,8.67528360304587,41.5420130822759,1.04265995012204,1.34594528081239,4.15600008220147,16.4107049292105,32.8663357446268,8.98652551312056,-0.303285330690349,"model average","Bacteria","Pseudomonadota","Gammaproteobacteria","Enterobacterales","Enterobacteriaceae","Pantoea","Pantoea agglomerans",35,"Sierras","S","rate",925.997056708761,7.77846259026206,11.2878606063651,59.31,25.7524223333333,46.1,26.1615,-13.21,0.409077666666667,13.6358050487579,6.29129382540128,43.4200342831451,"SNARL","Cold variable",358.009,2285.278729,282.69,0,58.39,11428339,0.0458485896215978,-0.045975204578435
"264",0.5365761987811,25.6359671554142,9.31926552652528,41.7658428728572,0.697052807046535,1.60223720616479,2.60113122701682,16.129875717443,32.4502802707454,8.95266818491388,-0.905184399118257,"model average","Bacteria","Pseudomonadota","Gammaproteobacteria","Enterobacterales","Enterobacteriaceae","Mixta",NA,35,"Sierras","S","rate",925.997056708761,7.77846259026206,11.2878606063651,59.31,25.7524223333333,46.1,26.1615,-13.21,0.409077666666667,13.6358050487579,6.29129382540128,43.4200342831451,"SNARL","Cold variable",358.009,2285.278729,282.69,0,53.59,4571946,0.0328850898291285,-0.033265984697008
"265",0.98272732062456,27.5827426809824,16.8720665088778,38.2674412908328,1.86973962306922,1.49401499177726,12.1916519105569,10.6846986098504,21.395374781955,5.89614580522684,0.375724631291958,"model average","Bacteria","Pseudomonadota","Gammaproteobacteria","Enterobacterales","Enterobacteriaceae","Mixta",NA,35,"Sierras","S","rate",925.997056708761,7.77846259026206,11.2878606063651,59.31,25.7524223333333,46.1,26.1615,-13.21,0.409077666666667,13.6358050487579,6.29129382540128,43.4200342831451,"SNARL","Cold variable",358.009,2285.278729,282.69,0,53.59,4574432,0.0917521270210766,-0.0919752027182655
"266",0.660089698175859,27.7137976457802,-3.5489353586405,39.0700194837318,0.701504201772588,0,2.60034221601461,11.3562218379517,42.6189548423723,12.6014998429255,0,"model average","Bacteria","Pseudomonadota","Gammaproteobacteria","Enterobacterales","Enterobacteriaceae","Pantoea","Pantoea brenneri",35,"Sierras","S","rate",925.997056708761,7.77846259026206,11.2878606063651,59.31,25.7524223333333,46.1,26.1615,-13.21,0.409077666666667,13.6358050487579,6.29129382540128,43.4200342831451,"SNARL","Cold variable",358.009,2285.278729,282.69,0,58.41,11797786,0.0211142672037828,-0.0581258192729109
"267",0.790964695731275,27.8735764598773,-4.71409078726312,39.1620987646887,1.01020558904351,0,3.88378483788172,11.2885223048114,43.8761895519519,12.6440153701413,0,"model average","Bacteria","Pseudomonadota","Gammaproteobacteria","Enterobacterales","Enterobacteriaceae","Pantoea","Pantoea sp900115075",35,"Sierras","S","rate",925.997056708761,7.77846259026206,11.2878606063651,59.31,25.7524223333333,46.1,26.1615,-13.21,0.409077666666667,13.6358050487579,6.29129382540128,43.4200342831451,"SNARL","Cold variable",358.009,2285.278729,282.69,0,58.22,17883633,0.0242719029175273,-0.0700680456107306
"268",0.802841316890298,28.3070001504905,10.6049997158077,46.0089997013776,0.702947812789747,2.01780257652804,2.55676471258574,17.7019995508871,35.4039999855699,9.67900006148774,-1.3148547637383,"model average","Bacteria","Pseudomonadota","Gammaproteobacteria","Pseudomonadales","Pseudomonadaceae","Pseudomonas_E",NA,35,"Sierras","S","rate",925.997056708761,7.77846259026206,11.2878606063651,59.31,25.7524223333333,46.1,26.1615,-13.21,0.409077666666667,13.6358050487579,6.29129382540128,43.4200342831451,"SNARL","Cold variable",358.009,2285.278729,282.69,0,59.8,12437310,0.0453531407285091,-0.0453531429928245
"269",1.1944715863636,24.2000000005665,7.7219999976124,40.677999999834,0.845833311542526,1.59406502904599,3.16864366197356,16.4779999992675,32.9560000022216,9.00200000066674,-0.748231717503469,"model average","Bacteria","Pseudomonadota","Gammaproteobacteria","Pseudomonadales","Pseudomonadaceae","Pseudomonas_E",NA,35,"Sierras","S","rate",925.997056708761,7.77846259026206,11.2878606063651,59.31,25.7524223333333,46.1,26.1615,-13.21,0.409077666666667,13.6358050487579,6.29129382540128,43.4200342831451,"SNARL","Cold variable",358.009,2285.278729,282.69,0,58.89,6935437,0.0724888691679488,-0.0724888691841667
"270",0.61100610011115,26.4994358669111,8.0360461271974,44.9601420576899,0.888666307570059,0.9394330198082,3.35997699599888,18.4607061907788,36.9240959304925,10.1227927442895,-0.0507667122381402,"model average","Bacteria","Pseudomonadota","Gammaproteobacteria","Pseudomonadales","Pseudomonadaceae","Pseudomonas_E",NA,35,"Sierras","S","rate",925.997056708761,7.77846259026206,11.2878606063651,59.31,25.7524223333333,46.1,26.1615,-13.21,0.409077666666667,13.6358050487579,6.29129382540128,43.4200342831451,"SNARL","Cold variable",358.009,2285.278729,282.69,0,60.49,5948224,0.0330928452859829,-0.0330976558424591
"271",0.851592280737472,24.7654390252302,11.0665168898944,38.4613765904143,1.09711706980931,0,4.45759582104547,13.695937565184,27.3949410703911,7.48989609302674,0,"model average","Bacteria","Pseudomonadota","Gammaproteobacteria","Pseudomonadales","Pseudomonadaceae","Pseudomonas_E","Pseudomonas_E sp003851685",35,"Sierras","S","rate",925.997056708761,7.77846259026206,11.2878606063651,59.31,25.7524223333333,46.1,26.1615,-13.21,0.409077666666667,13.6358050487579,6.29129382540128,43.4200342831451,"SNARL","Cold variable",358.009,2285.278729,282.69,0,60.42,6037764,0.0621649113940742,-0.0621784581511434
"272",0.971420420025551,26.9709703425093,15.4260232748788,38.4955879846308,0.898176166526415,1.75695468022791,3.43573317782652,11.5246176421215,23.0695647097521,6.29502667487736,-0.858778513701489,"model average","Bacteria","Pseudomonadota","Gammaproteobacteria","Pseudomonadales","Pseudomonadaceae","Pseudomonas_E","Pseudomonas_E sp003851685",35,"Sierras","S","rate",925.997056708761,7.77846259026206,11.2878606063651,59.31,25.7524223333333,46.1,26.1615,-13.21,0.409077666666667,13.6358050487579,6.29129382540128,43.4200342831451,"SNARL","Cold variable",358.009,2285.278729,282.69,0,60.41,6053322,0.0841424750009639,-0.0842909023267802
"273",0.827853138123183,27.6760520331096,11.7516892596701,43.4990461446297,1.65409306202359,0.936172194196206,9.75476277519449,15.8229941115201,31.7473568849597,8.70903773745809,0.717920867827382,"model average","Bacteria","Pseudomonadota","Gammaproteobacteria","Pseudomonadales","Pseudomonadaceae","Pseudomonas_E","Pseudomonas_E sp003851685",35,"Sierras","S","rate",925.997056708761,7.77846259026206,11.2878606063651,59.31,25.7524223333333,46.1,26.1615,-13.21,0.409077666666667,13.6358050487579,6.29129382540128,43.4200342831451,"SNARL","Cold variable",358.009,2285.278729,282.69,0,60.14,6476590,0.051986578672019,-0.052319626253318
"274",0.874991065804373,23.2960076472561,8.8850034778038,37.7070053047807,0.923891724910608,0,3.52582311132018,14.4109976575246,28.8220019444285,7.8860162975042,0,"model average","Bacteria","Pseudomonadota","Gammaproteobacteria","Enterobacterales","Enterobacteriaceae","Pantoea","Pantoea sp900115075",35,"Sierras","S","rate",925.997056708761,7.77846259026206,11.2878606063651,59.31,25.7524223333333,46.1,26.1615,-13.21,0.409077666666667,13.6358050487579,6.29129382540128,43.4200342831451,"SNARL","Cold variable",358.009,2285.278729,282.69,0,57.95,11331136,0.0607168699360405,-0.0607168973722997
"275",0.656563465208269,21.6529994767645,4.5849367882519,38.7209951360103,9.76427951269222e-07,1.05768582738616,4.66032731223994e-06,17.0679956592458,34.1360594465786,9.34004042379289,0,"model average","Bacteria","Pseudomonadota","Gammaproteobacteria","Pseudomonadales","Pseudomonadaceae","Pseudomonas_E",NA,35,"Sierras","S","rate",925.997056708761,7.77846259026206,11.2878606063651,59.31,25.7524223333333,46.1,26.1615,-13.21,0.409077666666667,13.6358050487579,6.29129382540128,43.4200342831451,"SNARL","Cold variable",358.009,2285.278729,282.69,0,60.6,7751327,0.0384673689797354,-0.0384675200484133
"276",0.582433086898061,26.0782164345076,8.50487501380471,43.4776152912198,1.11538990853277,0.92435770288104,4.57446060405285,17.3993988567122,34.9727402774151,9.56403009804828,0.191032205651735,"model average","Bacteria","Pseudomonadota","Gammaproteobacteria","Pseudomonadales","Pseudomonadaceae","Pseudomonas_E",NA,35,"Sierras","S","rate",925.997056708761,7.77846259026206,11.2878606063651,59.31,25.7524223333333,46.1,26.1615,-13.21,0.409077666666667,13.6358050487579,6.29129382540128,43.4200342831451,"SNARL","Cold variable",358.009,2285.278729,282.69,0,60.55,6377838,0.033142990450974,-0.0334743224001313
"277",0.741934329876682,26.3204341314029,9.12852213745251,43.0169101258767,1.33645955383098,1.10862489334557,6.26466974289355,16.6964759944738,33.8883879884242,9.27597291675616,0.227834660485414,"model average","Bacteria","Pseudomonadota","Gammaproteobacteria","Enterobacterales","Enterobacteriaceae","Pantoea","Pantoea sp900115075",35,"Sierras","S","rate",925.997056708761,7.77846259026206,11.2878606063651,59.31,25.7524223333333,46.1,26.1615,-13.21,0.409077666666667,13.6358050487579,6.29129382540128,43.4200342831451,"SNARL","Cold variable",358.009,2285.278729,282.69,0,57.94,11335617,0.0431560102295637,-0.0444365823136719
"278",0.610433790222348,23.5152640213192,2.84380297241131,44.1248745484453,0.431360115906199,1.28288461841454,1.80530396049979,20.6096105271261,41.2912775795142,11.3451730295559,-0.851457203881343,"model average","Bacteria","Pseudomonadota","Gammaproteobacteria","Enterobacterales","Enterobacteriaceae","Pantoea","Pantoea sp900115075",35,"Sierras","V","rate",610.4999145523,1.48871291169835,7.40092911594768,20.456,6.29616666666667,20.44,10.5924583333333,-0.016,4.29629166666667,7.3578366739095,4.65435294600812,30.7790705253552,"Valentine","Cold stable",588.816,3803.06494,446.73,0,57.57,9377456,0.0295302682658998,-0.0296188901492778
"279",0.712997413008644,26.7302170878077,5.80350154879412,46.1323575358554,0.711415951316337,0.962018519892416,2.67903688048247,19.4021404480477,40.3288559870613,11.034148060168,-0.250602568576079,"model average","Bacteria","Pseudomonadota","Gammaproteobacteria","Enterobacterales","Enterobacteriaceae","Pantoea","Pantoea brenneri",35,"Sierras","V","rate",610.4999145523,1.48871291169835,7.40092911594768,20.456,6.29616666666667,20.44,10.5924583333333,-0.016,4.29629166666667,7.3578366739095,4.65435294600812,30.7790705253552,"Valentine","Cold stable",588.816,3803.06494,446.73,0,58.74,12889110,0.0340711571139487,-0.0367483894324859
"280",0.918007652570825,23.7204070458006,7.94707482272492,39.5000731764977,1.0346734087948,1.2836834165093,4.10384348389449,15.7796661306971,31.5530028135051,8.62824988792989,-0.248370864115204,"model average","Bacteria","Pseudomonadota","Gammaproteobacteria","Enterobacterales","Enterobacteriaceae","Pantoea","Pantoea sp900115075",35,"Sierras","V","rate",610.4999145523,1.48871291169835,7.40092911594768,20.456,6.29616666666667,20.44,10.5924583333333,-0.016,4.29629166666667,7.3578366739095,4.65435294600812,30.7790705253552,"Valentine","Cold stable",588.816,3803.06494,446.73,0,54.6,4973702,0.0581999820702325,-0.0581766207831845
"281",0.707519066818528,27.2022286743046,9.94544587556247,44.4582388966274,1.09684753653223,0.916026980805984,4.46669127822544,17.2560102223228,34.5127930210649,9.4264730971354,0.180820555726246,"model average","Bacteria","Pseudomonadota","Gammaproteobacteria","Enterobacterales","Enterobacteriaceae","Pantoea","Pantoea sp900115075",35,"Sierras","V","rate",610.4999145523,1.48871291169835,7.40092911594768,20.456,6.29616666666667,20.44,10.5924583333333,-0.016,4.29629166666667,7.3578366739095,4.65435294600812,30.7790705253552,"Valentine","Cold stable",588.816,3803.06494,446.73,0,58.07,11492808,0.0409994768474515,-0.0410013124530527
"282",0.517703566923965,24.2258661826328,6.36763563096862,42.0664006472902,1.01448405898222,0.830263285739654,3.97265680964107,17.8405344646573,35.6991915485289,9.76977077705621,0.184220773242567,"model average","Bacteria","Pseudomonadota","Gammaproteobacteria","Pseudomonadales","Pseudomonadaceae","Pseudomonas_E","Pseudomonas_E fluorescens_AO",35,"Sierras","Y","rate",859.082637534857,3.79811451163056,10.5631138734117,29.865,12.5751666666667,29.84,17.64775,-0.025,5.07258333333333,11.4399160687083,6.04756402436451,42.1067023829455,"Yosemite Mariposa Grove","Cold stable",718.176,5693.717777,529.24,0,60.1,5921519,0.028989633963244,-0.0290183888800837
"283",0.638968770261142,25.0625208785976,5.542216258369,44.3935756270914,0.767756242028021,0.842920944138041,2.84183230119953,19.3310547484938,38.8513593687224,10.6272388474611,-0.0751647021100197,"model average","Bacteria","Pseudomonadota","Gammaproteobacteria","Pseudomonadales","Pseudomonadaceae","Pseudomonas_E","Pseudomonas_E fluorescens_AO",35,"Sierras","Y","rate",859.082637534857,3.79811451163056,10.5631138734117,29.865,12.5751666666667,29.84,17.64775,-0.025,5.07258333333333,11.4399160687083,6.04756402436451,42.1067023829455,"Yosemite Mariposa Grove","Cold stable",718.176,5693.717777,529.24,0,60.1,5924526,0.0327335450287486,-0.0330540044800674
"284",0.796395964638917,22.3640323852774,7.54203789410875,37.186040177982,1.27702160397326e-05,1.10823577293723,4.73923242275815e-05,14.8220077927046,29.6440014284016,8.12007054117973,-1.93610197917841e-05,"model average","Bacteria","Pseudomonadota","Gammaproteobacteria","Enterobacterales","Enterobacteriaceae","Pantoea","Pantoea agglomerans",35,"Sierras","Y","rate",859.082637534857,3.79811451163056,10.5631138734117,29.865,12.5751666666667,29.84,17.64775,-0.025,5.07258333333333,11.4399160687083,6.04756402436451,42.1067023829455,"Yosemite Mariposa Grove","Cold stable",718.176,5693.717777,529.24,0,55.35,5233743,0.0537306882088933,-0.0537306399900089
"289",0.867237363206005,25.9200320609858,11.267832910441,40.5719793402009,0.891639856608849,1.63465324790145,3.37440072760658,14.6519472792151,29.3041464297599,7.99806673030531,-0.743013391292601,"model average","Bacteria","Pseudomonadota","Gammaproteobacteria","Pseudomonadales","Pseudomonadaceae","Pseudomonas_E",NA,35,"Sierras","ME","rate",935.631316849688,1.63672921752998,22.79544596832,33.333333332,10.68981481525,42.11111111,28.5138888891667,8.777777778,17.8240740739167,11.0156537183636,8.2615369570573,32.0694444470328,"Merced","Hot stable",284.939,2385.060297,154.83,0,59.99,5859377,0.0591882047394748,-0.0591892222023108
"290",0.433336379170773,22.4041006457795,2.43323534437943,42.3369923025421,0.15282818923882,0.862503196029158,1.22872064806965,19.9328916567625,39.9125138240888,10.962409491686,-0.71125358104631,"model average","Bacteria","Pseudomonadota","Gammaproteobacteria","Pseudomonadales","Pseudomonadaceae","Pseudomonas_E",NA,35,"Sierras","ME","rate",935.631316849688,1.63672921752998,22.79544596832,33.333333332,10.68981481525,42.11111111,28.5138888891667,8.777777778,17.8240740739167,11.0156537183636,8.2615369570573,32.0694444470328,"Merced","Hot stable",284.939,2385.060297,154.83,0,59.33,6580490,0.0216984278162646,-0.0217397649389097
"291",0.944500229332266,27.1578781110194,12.2064685784017,42.089400647872,1.02092130053765,1.17610478054108,4.02591028552182,14.9315225368525,29.8829320694703,8.16428847786097,-0.155183480003423,"model average","Bacteria","Pseudomonadota","Gammaproteobacteria","Enterobacterales","Enterobacteriaceae","Erwinia","Erwinia sp003937915",35,"Sierras","ME","rate",935.631316849688,1.63672921752998,22.79544596832,33.333333332,10.68981481525,42.11111111,28.5138888891667,8.777777778,17.8240740739167,11.0156537183636,8.2615369570573,32.0694444470328,"Merced","Hot stable",284.939,2385.060297,154.83,0,55.87,4728248,0.063171316876296,-0.0632554534878234
"292",0.70477027636412,32.7272687667999,-2.08370478381561,42.4479861241376,0.438953700074586,0.3932818176248,1.78307347386728,9.72071735733772,44.5271720899903,9.38592736778727,-0.271384481491748,"model average","Bacteria","Pseudomonadota","Gammaproteobacteria","Pseudomonadales","Pseudomonadaceae","Pseudomonas_E",NA,35,"Sierras","ME","rate",935.631316849688,1.63672921752998,22.79544596832,33.333333332,10.68981481525,42.11111111,28.5138888891667,8.777777778,17.8240740739167,11.0156537183636,8.2615369570573,32.0694444470328,"Merced","Hot stable",284.939,2385.060297,154.83,0,58.66,10120632,0.0202456353408036,-0.0725018792807635
"293",0.773375488676987,27.5344458695774,13.5769357742417,41.1670287865546,0.933461737290532,1.33352301778874,3.58586635300634,13.6325829169772,27.5900930123129,7.62214827205198,-0.400061280498211,"model average","Bacteria","Pseudomonadota","Gammaproteobacteria","Pseudomonadales","Pseudomonadaceae","Pseudomonas_E",NA,35,"Sierras","ME","rate",935.631316849688,1.63672921752998,22.79544596832,33.333333332,10.68981481525,42.11111111,28.5138888891667,8.777777778,17.8240740739167,11.0156537183636,8.2615369570573,32.0694444470328,"Merced","Hot stable",284.939,2385.060297,154.83,0,58.96,8933851,0.0554092731006107,-0.0567299310326491
"294",0.815054732468863,25.726244858848,10.6429161139705,40.6571533981898,0.921614769407983,1.69945240978015,3.54983216874631,14.9309085393418,30.0156806411693,8.23482000023112,-0.777837640372167,"model average","Bacteria","Pseudomonadota","Gammaproteobacteria","Enterobacterales","Enterobacteriaceae","Pantoea","Pantoea sp900115075",35,"Sierras","ME","rate",935.631316849688,1.63672921752998,22.79544596832,33.333333332,10.68981481525,42.11111111,28.5138888891667,8.777777778,17.8240740739167,11.0156537183636,8.2615369570573,32.0694444470328,"Merced","Hot stable",284.939,2385.060297,154.83,0,54.59,4972672,0.0540367942816115,-0.0545884217508436
"295",0.69039544889762,24.7859031596802,8.06321139632998,41.5080023319818,0.881761238084649,1.34010688606907,3.32939018805031,16.7220991723016,33.4447909356518,9.1419595686993,-0.458345647984424,"model average","Bacteria","Pseudomonadota","Gammaproteobacteria","Enterobacterales","Enterobacteriaceae","Enterobacter","Enterobacter cancerogenus",35,"Sierras","ME","rate",935.631316849688,1.63672921752998,22.79544596832,33.333333332,10.68981481525,42.11111111,28.5138888891667,8.777777778,17.8240740739167,11.0156537183636,8.2615369570573,32.0694444470328,"Merced","Hot stable",284.939,2385.060297,154.83,0,55.44,4990368,0.0412849473438663,-0.0412864103832841
"296",0.869418569436638,21.9390201916127,7.2379723490631,36.6400223599089,4.0812626658046e-06,1.18069171210617,1.51171853991377e-05,14.7010021682962,29.4020461456068,8.02409376504591,0,"model average","Bacteria","Pseudomonadota","Gammaproteobacteria","Pseudomonadales","Moraxellaceae","Acinetobacter","Acinetobacter calcoaceticus_C",35,"Sierras","ME","rate",935.631316849688,1.63672921752998,22.79544596832,33.333333332,10.68981481525,42.11111111,28.5138888891667,8.777777778,17.8240740739167,11.0156537183636,8.2615369570573,32.0694444470328,"Merced","Hot stable",284.939,2385.060297,154.83,0,38.6,3863008,0.059139904770615,-0.0591400885112175
"297",0.678564845006409,26.60578359683,10.2977660128101,42.1255578474602,0.62441657286105,1.41487373371873,2.35939209617075,15.5197742506303,31.8277918346501,8.75366284623514,-0.79045716085768,"model average","Bacteria","Pseudomonadota","Gammaproteobacteria","Enterobacterales","Enterobacteriaceae","Enterobacter","Enterobacter cancerogenus",35,"Sierras","ME","rate",935.631316849688,1.63672921752998,22.79544596832,33.333333332,10.68981481525,42.11111111,28.5138888891667,8.777777778,17.8240740739167,11.0156537183636,8.2615369570573,32.0694444470328,"Merced","Hot stable",284.939,2385.060297,154.83,0,55.43,4990009,0.0416092784736343,-0.0437225976388706
"299",0.424400272988371,24.3174712221016,1.60692427825592,46.724109293787,0.26564828999366,1.01867758977259,1.43932868065691,22.4066380716853,45.1791083804759,12.4378989757383,-0.752942614171259,"model average","Bacteria","Pseudomonadota","Gammaproteobacteria","Pseudomonadales","Pseudomonadaceae","Pseudomonas_E","Pseudomonas_E fluorescens_T",35,"Sierras","ME","rate",935.631316849688,1.63672921752998,22.79544596832,33.333333332,10.68981481525,42.11111111,28.5138888891667,8.777777778,17.8240740739167,11.0156537183636,8.2615369570573,32.0694444470328,"Merced","Hot stable",284.939,2385.060297,154.83,0,61.04,6215565,0.01868736468733,-0.0189408277864171
"301",0.645304813576168,23.8227835888408,7.18531470497904,40.4604644401719,0.727317593929675,1.63681133975068,2.69530404258424,16.6376808513311,33.2751482877339,9.0887784126811,-0.909493745821009,"model average","Bacteria","Pseudomonadota","Gammaproteobacteria","Pseudomonadales","Pseudomonadaceae","Pseudomonas_E",NA,35,"Sierras","ME","rate",935.631316849688,1.63672921752998,22.79544596832,33.333333332,10.68981481525,42.11111111,28.5138888891667,8.777777778,17.8240740739167,11.0156537183636,8.2615369570573,32.0694444470328,"Merced","Hot stable",284.939,2385.060297,154.83,0,59.22,8081048,0.038786237142244,-0.038785742997621
"302",0.743142020590187,25.0890297345008,6.82130511952187,43.1607962293586,0.641215245470793,1.24025879260041,2.40213068090312,18.0717664948578,36.3437377288299,9.94444701419942,-0.599043547129622,"model average","Bacteria","Pseudomonadota","Gammaproteobacteria","Enterobacterales","Enterobacteriaceae","Pantoea","Pantoea brenneri",35,"Sierras","ME","rate",935.631316849688,1.63672921752998,22.79544596832,33.333333332,10.68981481525,42.11111111,28.5138888891667,8.777777778,17.8240740739167,11.0156537183636,8.2615369570573,32.0694444470328,"Merced","Hot stable",284.939,2385.060297,154.83,0,55.79,4956051,0.0406806012381441,-0.0411217144047121
"303",0.672510063631606,23.497,2.163,44.83,0,1.27222391979626,0,21.333,42.667,11.683,0,"model average","Bacteria","Pseudomonadota","Gammaproteobacteria","Pseudomonadales","Pseudomonadaceae","Pseudomonas_E","Pseudomonas_E fluorescens_T",15,"Socal","EC","rate",612.552815413915,2.34800864305104,23.5139073837586,39.949,19.4345138888889,45.02,34.5314583333333,5.071,15.0969444444444,6.82367095271885,5.94156129651531,48.6483113191541,"Elliot Chaparral","Hot stable",306.113,2320.016785,191.05,0,60.81,6565648,0.0315229241413521,-0.0315244018015097
"304",0.942058711578512,23.613,5.847,41.378,0,1.68169603752666,0,17.765,35.531,9.724,0,"model average","Bacteria","Pseudomonadota","Gammaproteobacteria","Pseudomonadales","Pseudomonadaceae","Pseudomonas_E","Pseudomonas_E fluorescens_T",15,"Socal","EC","rate",612.552815413915,2.34800864305104,23.5139073837586,39.949,19.4345138888889,45.02,34.5314583333333,5.071,15.0969444444444,6.82367095271885,5.94156129651531,48.6483113191541,"Elliot Chaparral","Hot stable",306.113,2320.016785,191.05,0,60.81,6565558,0.053025932206378,-0.0530289170604285
"306",0.544434841051724,21.656,-4.675,47.987,0,0.502478543541504,0,26.331,52.662,13.849,0,"model average","Bacteria","Pseudomonadota","Gammaproteobacteria","Pseudomonadales","Pseudomonadaceae","Pseudomonas_E",NA,15,"Socal","EC","rate",612.552815413915,2.34800864305104,23.5139073837586,39.949,19.4345138888889,45.02,34.5314583333333,5.071,15.0969444444444,6.82367095271885,5.94156129651531,48.6483113191541,"Elliot Chaparral","Hot stable",306.113,2320.016785,191.05,0,62.86,5867319,0.0206765729008288,-0.0206765729008288
"307",0.550031671008142,25.159,6.866,43.453,0,1.32249064402667,0,18.294,36.587,9.989,0,"model average","Bacteria","Pseudomonadota","Gammaproteobacteria","Pseudomonadales","Pseudomonadaceae","Pseudomonas_E",NA,15,"Socal","EC","rate",612.552815413915,2.34800864305104,23.5139073837586,39.949,19.4345138888889,45.02,34.5314583333333,5.071,15.0969444444444,6.82367095271885,5.94156129651531,48.6483113191541,"Elliot Chaparral","Hot stable",306.113,2320.016785,191.05,0,62.86,5869436,0.0300678768385799,-0.030066233246318
"308",0.368597350737845,22.226,-2.964,47.416,0,0.529729797782286,0,25.19,50.38,13.756,0,"model average","Bacteria","Pseudomonadota","Gammaproteobacteria","Pseudomonadales","Pseudomonadaceae","Pseudomonas_E",NA,15,"Socal","EC","rate",612.552815413915,2.34800864305104,23.5139073837586,39.949,19.4345138888889,45.02,34.5314583333333,5.071,15.0969444444444,6.82367095271885,5.94156129651531,48.6483113191541,"Elliot Chaparral","Hot stable",306.113,2320.016785,191.05,0,62.86,5867946,0.0146326856188108,-0.0146326856188108
"310",0.76558218388298,15.986,-8.513,40.485,0,0.968135704984382,0,24.499,48.998,7.672,0,"model average","Bacteria","Pseudomonadota","Gammaproteobacteria","Pseudomonadales","Pseudomonadaceae","Pseudomonas_E",NA,15,"Socal","EC","rate",612.552815413915,2.34800864305104,23.5139073837586,39.949,19.4345138888889,45.02,34.5314583333333,5.071,15.0969444444444,6.82367095271885,5.94156129651531,48.6483113191541,"Elliot Chaparral","Hot stable",306.113,2320.016785,191.05,0,60.31,6025956,0.0312495278943214,-0.0312495278943214
"311",0.619706658183248,28.754,3.978,53.531,0.290739183224798,0.823386406957672,1.46594346447022,24.777,49.553,13.531,-0.532647223732874,"model average","Bacteria","Pseudomonadota","Gammaproteobacteria","Pseudomonadales","Pseudomonadaceae","Pseudomonas_E","Pseudomonas_E sp002080045",15,"Socal","EC","rate",612.552815413915,2.34800864305104,23.5139073837586,39.949,19.4345138888889,45.02,34.5314583333333,5.071,15.0969444444444,6.82367095271885,5.94156129651531,48.6483113191541,"Elliot Chaparral","Hot stable",306.113,2320.016785,191.05,0,59.42,6669342,0.0250123772272864,-0.0250113677274589
"312",0.688948063801862,19.552,-2.12,41.224,0,0.878954205868886,0,21.672,43.344,10.482,0,"model average","Bacteria","Pseudomonadota","Gammaproteobacteria","Pseudomonadales","Pseudomonadaceae","Stutzerimonas",NA,15,"Socal","AB","rate",961.717534693791,4.03963204624225,28.8874276818206,57.684,26.9699259259259,59.67,43.2555555555556,1.986,16.2856296296296,10.6954996504411,8.66158447721526,46.7546042679528,"Anza Borrego HQ","Hot variable",85.4,507.9528116,77.43,0,61.05,4441242,0.0317897777686352,-0.0317897777686352
"313",0.486925627480201,23.51,3.324,43.696,0,1.37289478573432,0,20.186,40.372,11.057,0,"model average","Bacteria","Pseudomonadota","Gammaproteobacteria","Enterobacterales","Enterobacteriaceae","Siccibacter","Siccibacter colletis",15,"Socal","AB","rate",961.717534693791,4.03963204624225,28.8874276818206,57.684,26.9699259259259,59.67,43.2555555555556,1.986,16.2856296296296,10.6954996504411,8.66158447721526,46.7546042679528,"Anza Borrego HQ","Hot variable",85.4,507.9528116,77.43,0,57.31,4080896,0.0241219472644507,-0.0241219472644507
"314",0.719266756175282,23.789,4.166,43.412,0,1.30998746784491,0,19.623,39.246,10.718,0,"model average","Bacteria","Pseudomonadota","Gammaproteobacteria","Pseudomonadales","Pseudomonadaceae","Pseudomonas_E",NA,15,"Socal","AB","rate",961.717534693791,4.03963204624225,28.8874276818206,57.684,26.9699259259259,59.67,43.2555555555556,1.986,16.2856296296296,10.6954996504411,8.66158447721526,46.7546042679528,"Anza Borrego HQ","Hot variable",85.4,507.9528116,77.43,0,61.26,5753886,0.0366542708136005,-0.0366542708136005
"315",0.659408596894556,21,-10.106,52.106,0,0.506064044913706,0,31.106,62.212,14.489,0,"model average","Bacteria","Pseudomonadota","Gammaproteobacteria","Pseudomonadales","Pseudomonadaceae","Pseudomonas_E",NA,15,"Socal","AB","rate",961.717534693791,4.03963204624225,28.8874276818206,57.684,26.9699259259259,59.67,43.2555555555556,1.986,16.2856296296296,10.6954996504411,8.66158447721526,46.7546042679528,"Anza Borrego HQ","Hot variable",85.4,507.9528116,77.43,0,61.26,5749119,0.0211987589820149,-0.0211987589820149
"316",0.578067330261924,21.285,0.466000000000001,42.103,0,0.79401627919479,0,20.818,41.637,11.375,0,"model average","Bacteria","Pseudomonadota","Gammaproteobacteria","Pseudomonadales","Pseudomonadaceae","Pseudomonas_E",NA,15,"Socal","AB","rate",961.717534693791,4.03963204624225,28.8874276818206,57.684,26.9699259259259,59.67,43.2555555555556,1.986,16.2856296296296,10.6954996504411,8.66158447721526,46.7546042679528,"Anza Borrego HQ","Hot variable",85.4,507.9528116,77.43,0,61.26,5752554,0.027766335091115,-0.027767668856851
"317",0.703913531205192,24.936,3.176,46.696,0,0.999236249415691,0,21.76,43.52,11.877,0,"model average","Bacteria","Pseudomonadota","Gammaproteobacteria","Enterobacterales","Enterobacteriaceae","Mixta",NA,15,"Socal","DC","rate",906.94858705418,3.49434670079762,28.2079515997474,52.355,24.3595833333333,55.17,41.5909090909091,2.815,17.2313257575758,10.3029042414489,8.05679877375985,46.5277114570401,"Boyd Deep Canyon","Hot variable",105.817,672.7351802,94.44,0,54.24,4536178,0.0323489674267092,-0.0323489674267092
"319",1.01428722126975,24.841,9.71,39.972,0,2.39322452629369,0,15.131,30.262,8.264,0,"model average","Bacteria","Pseudomonadota","Gammaproteobacteria","Pseudomonadales","Pseudomonadaceae","Pseudomonas_E","Pseudomonas_E argentinensis_B",15,"Socal","DC","rate",906.94858705418,3.49434670079762,28.2079515997474,52.355,24.3595833333333,55.17,41.5909090909091,2.815,17.2313257575758,10.3029042414489,8.05679877375985,46.5277114570401,"Boyd Deep Canyon","Hot variable",105.817,672.7351802,94.44,0,64.17,5009909,0.0670337202610369,-0.0670337202610369
"321",1.13589006102771,21.698,0.054000000000002,43.343,0,0.76877417126632,0,21.645,43.289,11.828,0,"model average","Bacteria","Pseudomonadota","Gammaproteobacteria","Enterobacterales","Enterobacteriaceae","Mixta",NA,15,"Socal","DC","rate",906.94858705418,3.49434670079762,28.2079515997474,52.355,24.3595833333333,55.17,41.5909090909091,2.815,17.2313257575758,10.3029042414489,8.05679877375985,46.5277114570401,"Boyd Deep Canyon","Hot variable",105.817,672.7351802,94.44,0,54.18,4614040,0.0524805979037013,-0.0524781732976535
"323",0.736517129564103,22.536,3.838,41.235,0,0.844620911666219,0,18.699,37.397,10.244,0,"model average","Bacteria","Pseudomonadota","Gammaproteobacteria","Pseudomonadales","Pseudomonadaceae","Pseudomonas_E","Pseudomonas_E fluorescens_AO",15,"Socal","PF","rate",938.555104164586,1.15039600856014,22.4426452267961,46.4522053400349,22.9916666666667,47.0532678872054,35.1813596576904,0.6010625471705,12.1896929910237,9.7531604807609,9.33748101263716,49.4953178183152,"Pinyon crest","Hot variable",268.615,2262.297431,285.23,0,60.01,5986162,0.0393901556083059,-0.0393880490702232
"324",0.905738436782556,27.571,17.963,37.18,0,1.89864669039129,0,9.609,19.217,5.308,0,"model average","Bacteria","Pseudomonadota","Gammaproteobacteria","Enterobacterales","Enterobacteriaceae","Pantoea","Pantoea brenneri",15,"Socal","PF","rate",938.555104164586,1.15039600856014,22.4426452267961,46.4522053400349,22.9916666666667,47.0532678872054,35.1813596576904,0.6010625471705,12.1896929910237,9.7531604807609,9.33748101263716,49.4953178183152,"Pinyon crest","Hot variable",268.615,2262.297431,285.23,0,55.78,4926697,0.0942691961680429,-0.0942593856574624
"325",0.724651697640699,27.016,2.72,51.313,0,0.608681979053327,0,24.297,48.593,13.261,0,"model average","Bacteria","Pseudomonadota","Gammaproteobacteria","Pseudomonadales","Pseudomonadaceae","Pseudomonas_E","Pseudomonas_E fluorescens_AO",15,"Socal","PF","rate",938.555104164586,1.15039600856014,22.4426452267961,46.4522053400349,22.9916666666667,47.0532678872054,35.1813596576904,0.6010625471705,12.1896929910237,9.7531604807609,9.33748101263716,49.4953178183152,"Pinyon crest","Hot variable",268.615,2262.297431,285.23,0,60.01,5994741,0.0298259671402988,-0.0298247395826933
"326",0.620108632231674,22.788,5.672,39.905,0,0.887796592929331,0,17.117,34.233,9.351,0,"model average","Bacteria","Pseudomonadota","Gammaproteobacteria","Pseudomonadales","Pseudomonadaceae","Pseudomonas_E","Pseudomonas_E fluorescens_AO",15,"Socal","PF","rate",938.555104164586,1.15039600856014,22.4426452267961,46.4522053400349,22.9916666666667,47.0532678872054,35.1813596576904,0.6010625471705,12.1896929910237,9.7531604807609,9.33748101263716,49.4953178183152,"Pinyon crest","Hot variable",268.615,2262.297431,285.23,0,60.01,5994311,0.0362297635096795,-0.0362276469142767
"327",0.601350502645173,24.721,4.746,44.697,0,1.16968867611562,0,19.976,39.951,10.916,0,"model average","Bacteria","Pseudomonadota","Gammaproteobacteria","Pseudomonadales","Pseudomonadaceae","Pseudomonas_E",NA,15,"Socal","PF","rate",938.555104164586,1.15039600856014,22.4426452267961,46.4522053400349,22.9916666666667,47.0532678872054,35.1813596576904,0.6010625471705,12.1896929910237,9.7531604807609,9.33748101263716,49.4953178183152,"Pinyon crest","Hot variable",268.615,2262.297431,285.23,0,60.83,5512624,0.0301051565779811,-0.0301036495116727
"329",1.17614681042288,24.474,2.774,46.174,0,0.607415445264588,0,21.7,43.4,11.879,0,"model average","Bacteria","Pseudomonadota","Gammaproteobacteria","Enterobacterales","Enterobacteriaceae","Mixta",NA,15,"Socal","PF","rate",938.555104164586,1.15039600856014,22.4426452267961,46.4522053400349,22.9916666666667,47.0532678872054,35.1813596576904,0.6010625471705,12.1896929910237,9.7531604807609,9.33748101263716,49.4953178183152,"Pinyon crest","Hot variable",268.615,2262.297431,285.23,0,54.38,4367082,0.0542003138443724,-0.0542003138443724
"332",0.748246038966938,22.187,2.267,42.106,0,0.871225489958941,0,19.919,39.839,10.877,0,"model average","Bacteria","Pseudomonadota","Gammaproteobacteria","Pseudomonadales","Pseudomonadaceae","Pseudomonas_E",NA,15,"Socal","SJ","rate",926.413179407278,7.50788374682882,11.8043521249233,67.15,20.879103030303,51.77,24.6593257575758,-15.38,3.78022272727273,13.8883811819414,6.70411838281345,31.0932286378303,"James San Jacinto","Cold variable",429.868,2758.558564,321.57,0,61.36,6456822,0.0375625521569748,-0.0375644379219307
"333",0.610008726794414,28.632,4.795,52.47,0.302093789830606,1.05458131492523,1.49506514307444,23.838,47.675,13.03,-0.752487525094628,"model average","Bacteria","Pseudomonadota","Gammaproteobacteria","Enterobacterales","Enterobacteriaceae","Enterobacter","Enterobacter hormaechei_A",15,"Socal","SJ","rate",926.413179407278,7.50788374682882,11.8043521249233,67.15,20.879103030303,51.77,24.6593257575758,-15.38,3.78022272727273,13.8883811819414,6.70411838281345,31.0932286378303,"James San Jacinto","Cold variable",429.868,2758.558564,321.57,0,55.77,4611872,0.0255908347021191,-0.0255897611710049
"334",0.497442563598144,21.619,-4.198,47.435,0,0.630939212496425,0,25.816,51.633,13.674,0,"model average","Bacteria","Pseudomonadota","Gammaproteobacteria","Pseudomonadales","Pseudomonadaceae","Pseudomonas_E",NA,15,"Socal","SJ","rate",926.413179407278,7.50788374682882,11.8043521249233,67.15,20.879103030303,51.77,24.6593257575758,-15.38,3.78022272727273,13.8883811819414,6.70411838281345,31.0932286378303,"James San Jacinto","Cold variable",429.868,2758.558564,321.57,0,58.84,7585375,0.0192680235348082,-0.0192687698945671
"335",0.64066972324582,30.5,0.969999999999999,60.03,0.171027204493121,0.91425164532186,1.25576437212191,29.53,59.06,16.146,-0.743224440828739,"model average","Bacteria","Pseudomonadota","Gammaproteobacteria","Pseudomonadales","Pseudomonadaceae","Pseudomonas_E",NA,15,"Socal","SJ","rate",926.413179407278,7.50788374682882,11.8043521249233,67.15,20.879103030303,51.77,24.6593257575758,-15.38,3.78022272727273,13.8883811819414,6.70411838281345,31.0932286378303,"James San Jacinto","Cold variable",429.868,2758.558564,321.57,0,58.66,7971505,0.021695554461423,-0.021695554461423
"336",0.596103462164054,19.177,-9.247,47.601,0,0.644710351011942,0,28.424,56.848,11.936,0,"model average","Bacteria","Pseudomonadota","Gammaproteobacteria","Pseudomonadales","Pseudomonadaceae","Pseudomonas_E","Pseudomonas_E fluorescens_M",15,"Socal","SJ","rate",926.413179407278,7.50788374682882,11.8043521249233,67.15,20.879103030303,51.77,24.6593257575758,-15.38,3.78022272727273,13.8883811819414,6.70411838281345,31.0932286378303,"James San Jacinto","Cold variable",429.868,2758.558564,321.57,0,59.41,6618386,0.0209718358487213,-0.0209718358487213
"337",0.642488976116302,27.107,-3.344,57.559,0,0.412328902049906,0,30.452,60.903,16.621,0,"model average","Bacteria","Pseudomonadota","Gammaproteobacteria","Pseudomonadales","Pseudomonadaceae","Pseudomonas_E",NA,15,"Socal","SJ","rate",926.413179407278,7.50788374682882,11.8043521249233,67.15,20.879103030303,51.77,24.6593257575758,-15.38,3.78022272727273,13.8883811819414,6.70411838281345,31.0932286378303,"James San Jacinto","Cold variable",429.868,2758.558564,321.57,0,59.04,6718838,0.021099109261315,-0.0210984163968311
"338",0.689938438422919,18.796,-3.902,41.493,0,0.883418950678293,0,22.697,45.395,9.993,0,"model average","Bacteria","Pseudomonadota","Gammaproteobacteria","Pseudomonadales","Pseudomonadaceae","Pseudomonas_E",NA,15,"Socal","SJ","rate",926.413179407278,7.50788374682882,11.8043521249233,67.15,20.879103030303,51.77,24.6593257575758,-15.38,3.78022272727273,13.8883811819414,6.70411838281345,31.0932286378303,"James San Jacinto","Cold variable",429.868,2758.558564,321.57,0,59.33,6377176,0.0303964419077857,-0.0303977811350804
"339",0.430949695546838,25.137,-18.483,68.757,0,0.328506805875617,0,43.62,87.24,22.042,0,"model average","Bacteria","Pseudomonadota","Gammaproteobacteria","Enterobacterales","Enterobacteriaceae","Serratia_J",NA,15,"Socal","SJ","rate",926.413179407278,7.50788374682882,11.8043521249233,67.15,20.879103030303,51.77,24.6593257575758,-15.38,3.78022272727273,13.8883811819414,6.70411838281345,31.0932286378303,"James San Jacinto","Cold variable",429.868,2758.558564,321.57,0,55.52,5545714,0.0098796353862182,-0.0098796353862182
"340",0.921060167835842,22.514,7.669,37.358,0,1.11864110749548,0,14.844,29.689,8.155,0,"model average","Bacteria","Pseudomonadota","Gammaproteobacteria","Pseudomonadales","Pseudomonadaceae","Pseudomonas_E",NA,15,"Socal","SJ","rate",926.413179407278,7.50788374682882,11.8043521249233,67.15,20.879103030303,51.77,24.6593257575758,-15.38,3.78022272727273,13.8883811819414,6.70411838281345,31.0932286378303,"James San Jacinto","Cold variable",429.868,2758.558564,321.57,0,58.68,6439258,0.0620451443473117,-0.0620493241603235
"341",0.561862810389499,24.392,3.292,45.492,0,1.23298237824658,0,21.1,42.2,11.541,0,"model average","Bacteria","Pseudomonadota","Gammaproteobacteria","Enterobacterales","Enterobacteriaceae","Rahnella",NA,15,"Socal","SJ","rate",926.413179407278,7.50788374682882,11.8043521249233,67.15,20.879103030303,51.77,24.6593257575758,-15.38,3.78022272727273,13.8883811819414,6.70411838281345,31.0932286378303,"James San Jacinto","Cold variable",429.868,2758.558564,321.57,0,51.88,4792970,0.0266285692127725,-0.0266285692127725
"342",0.632991942574635,19.375,-5.125,43.875,0,0.764992992359359,0,24.5,49,11.071,0,"model average","Bacteria","Pseudomonadota","Gammaproteobacteria","Pseudomonadales","Pseudomonadaceae","Pseudomonas_E",NA,15,"Socal","SJ","rate",926.413179407278,7.50788374682882,11.8043521249233,67.15,20.879103030303,51.77,24.6593257575758,-15.38,3.78022272727273,13.8883811819414,6.70411838281345,31.0932286378303,"James San Jacinto","Cold variable",429.868,2758.558564,321.57,0,58.69,6470142,0.0258364058193729,-0.0258364058193729
"343",0.789009320457833,30.707,8.611,52.804,0.515282156714063,1.01196105005019,1.99196102093606,22.097,44.193,12.073,-0.496678893336131,"model average","Bacteria","Pseudomonadota","Gammaproteobacteria","Pseudomonadales","Pseudomonadaceae","Pseudomonas_E","Pseudomonas_E sp002874965",15,"Socal","SJ","rate",926.413179407278,7.50788374682882,11.8043521249233,67.15,20.879103030303,51.77,24.6593257575758,-15.38,3.78022272727273,13.8883811819414,6.70411838281345,31.0932286378303,"James San Jacinto","Cold variable",429.868,2758.558564,321.57,0,60.97,7282789,0.0357082422365058,-0.0357066262595752
"344",0.933066213444732,32.015,15.042,48.987,0.276559629144815,1.04441870302575,1.45391365908451,16.972,33.945,9.263,-0.767859073880939,"model average","Bacteria","Pseudomonadota","Gammaproteobacteria","Pseudomonadales","Pseudomonadaceae","Pseudomonas_E",NA,15,"Socal","SJ","rate",926.413179407278,7.50788374682882,11.8043521249233,67.15,20.879103030303,51.77,24.6593257575758,-15.38,3.78022272727273,13.8883811819414,6.70411838281345,31.0932286378303,"James San Jacinto","Cold variable",429.868,2758.558564,321.57,0,58.84,6207843,0.0549735587960132,-0.0549767978697108
"345",0.977105466154661,31.425,14.832,48.018,0.470617110894407,1.40984859643788,1.86605671024849,16.593,33.186,9.093,-0.93923148554347,"model average","Bacteria","Bacteroidota","Bacteroidia","Flavobacteriales","Weeksellaceae","Chryseobacterium",NA,15,"Socal","SJ","rate",926.413179407278,7.50788374682882,11.8043521249233,67.15,20.879103030303,51.77,24.6593257575758,-15.38,3.78022272727273,13.8883811819414,6.70411838281345,31.0932286378303,"James San Jacinto","Cold variable",429.868,2758.558564,321.57,0,34.21,5152804,0.0588866067712084,-0.0588866067712084
"346",0.911776103945636,22.389,4.097,40.681,0,0.849255944538085,0,18.292,36.584,10.011,0,"model average","Bacteria","Bacteroidota","Bacteroidia","Flavobacteriales","Weeksellaceae","Chryseobacterium",NA,15,"Socal","SJ","rate",926.413179407278,7.50788374682882,11.8043521249233,67.15,20.879103030303,51.77,24.6593257575758,-15.38,3.78022272727273,13.8883811819414,6.70411838281345,31.0932286378303,"James San Jacinto","Cold variable",429.868,2758.558564,321.57,0,34.21,5150620,0.0498456212522215,-0.0498456212522215
"347",0.59144494166125,24.443,7.457,41.429,0,1.35734262978244,0,16.986,33.972,9.309,0,"model average","Bacteria","Pseudomonadota","Gammaproteobacteria","Pseudomonadales","Pseudomonadaceae","Pseudomonas_E",NA,15,"Socal","SJ","rate",926.413179407278,7.50788374682882,11.8043521249233,67.15,20.879103030303,51.77,24.6593257575758,-15.38,3.78022272727273,13.8883811819414,6.70411838281345,31.0932286378303,"James San Jacinto","Cold variable",429.868,2758.558564,321.57,0,58.91,6428391,0.0348195538479483,-0.0348195538479483
"348",0.706004625366009,23.6439999993953,3.71800000413972,43.5689999976007,0,1.25714131150496,0,19.9249999982053,39.8509999932859,10.8970000005952,0,"model average","Bacteria","Pseudomonadota","Gammaproteobacteria","Pseudomonadales","Pseudomonadaceae","Pseudomonas_E","Pseudomonas_E alvandae",25,"Socal","EC","rate",612.552815413915,2.34800864305104,23.5139073837586,39.949,19.4345138888889,45.02,34.5314583333333,5.071,15.0969444444444,6.82367095271885,5.94156129651531,48.6483113191541,"Elliot Chaparral","Hot stable",306.113,2320.016785,191.05,0,60.81,6564542,0.0354313271872985,-0.0354331054167928
"349",0.976439597718117,23.8489999999968,7.08900000000599,40.6100000000006,0,1.62697433874612,0,16.7610000000038,33.5209999999951,9.15200000000567,0,"model average","Bacteria","Pseudomonadota","Gammaproteobacteria","Pseudomonadales","Pseudomonadaceae","Pseudomonas_E","Pseudomonas_E alvandae",25,"Socal","EC","rate",612.552815413915,2.34800864305104,23.5139073837586,39.949,19.4345138888889,45.02,34.5314583333333,5.071,15.0969444444444,6.82367095271885,5.94156129651531,48.6483113191541,"Elliot Chaparral","Hot stable",306.113,2320.016785,191.05,0,60.81,6565942,0.0582601191956236,-0.0582566432622096
"351",0.536748898925452,22.2269999956878,-2.52399999432321,46.9789999925459,0,0.527935525440317,0,24.7519999968581,49.5029999852095,13.516000000666,0,"model average","Bacteria","Bacillota","Bacilli","Bacillales","DSM-18226","Neobacillus",NA,25,"Socal","EC","rate",612.552815413915,2.34800864305104,23.5139073837586,39.949,19.4345138888889,45.02,34.5314583333333,5.071,15.0969444444444,6.82367095271885,5.94156129651531,48.6483113191541,"Elliot Chaparral","Hot stable",306.113,2320.016785,191.05,0,39.73,5883870,0.021685948007841,-0.0216850718727208
"352",0.554086809289007,25.1589999995569,11.1460000005628,39.1719999999986,0,1.93120222934662,0,14.0130000004417,28.0259999994249,7.65400000053699,0,"model average","Bacteria","Pseudomonadota","Gammaproteobacteria","Burkholderiales","Burkholderiaceae","Paraburkholderia",NA,25,"Socal","EC","rate",612.552815413915,2.34800864305104,23.5139073837586,39.949,19.4345138888889,45.02,34.5314583333333,5.071,15.0969444444444,6.82367095271885,5.94156129651531,48.6483113191541,"Elliot Chaparral","Hot stable",306.113,2320.016785,191.05,0,61.94,6349203,0.0395409126759995,-0.0395409126719148
"353",0.369477683221624,23.839999997845,4.70399999651816,42.976999998734,0,4.96268610849043e-10,0,19.137000000889,38.2730000028401,10.449000003807,0,"model average","Bacteria","Pseudomonadota","Gammaproteobacteria","Burkholderiales","Burkholderiaceae","Paraburkholderia","Paraburkholderia graminis",25,"Socal","EC","rate",612.552815413915,2.34800864305104,23.5139073837586,39.949,19.4345138888889,45.02,34.5314583333333,5.071,15.0969444444444,6.82367095271885,5.94156129651531,48.6483113191541,"Elliot Chaparral","Hot stable",306.113,2320.016785,191.05,0,62.81,7407341,0.0193079892974501,-0.0193069803628813
"355",0.762940245125592,18.3129999950069,-2.84599997632039,39.4709999980975,0,1.04495253002399,0,21.1580000030906,42.316999976415,9.09399999635818,0,"model average","Bacteria","Pseudomonadota","Gammaproteobacteria","Burkholderiales","Burkholderiaceae","Paraburkholderia",NA,25,"Socal","EC","rate",612.552815413915,2.34800864305104,23.5139073837586,39.949,19.4345138888889,45.02,34.5314583333333,5.071,15.0969444444444,6.82367095271885,5.94156129651531,48.6483113191541,"Elliot Chaparral","Hot stable",306.113,2320.016785,191.05,0,61.95,7252788,0.0360574812684653,-0.0360591854151691
"356",0.691858125427505,27.119,0.777000000000001,53.461,0,0.379883045482128,0,26.342,52.684,14.379,0,"model average","Bacteria","Bacillota","Bacilli","Bacillales","Bacillaceae_H","Priestia","Priestia megaterium",25,"Socal","EC","rate",612.552815413915,2.34800864305104,23.5139073837586,39.949,19.4345138888889,45.02,34.5314583333333,5.071,15.0969444444444,6.82367095271885,5.94156129651531,48.6483113191541,"Elliot Chaparral","Hot stable",306.113,2320.016785,191.05,0,37.35,6104242,0.026264449374668,-0.026264449374668
"357",0.625160540240055,19.509999970264,-3.84899989097881,42.8699999821957,0,0.808386188292644,0,23.3600000119317,46.7189998708283,10.9029999907859,0,"model average","Bacteria","Pseudomonadota","Gammaproteobacteria","Pseudomonadales","Pseudomonadaceae","Pseudomonas_E",NA,25,"Socal","EC","rate",612.552815413915,2.34800864305104,23.5139073837586,39.949,19.4345138888889,45.02,34.5314583333333,5.071,15.0969444444444,6.82367095271885,5.94156129651531,48.6483113191541,"Elliot Chaparral","Hot stable",306.113,2320.016785,191.05,0,60.07,6625541,0.026763155270073,-0.0267620094144152
"359",0.738926453061609,24.38,6.054,42.706,0,1.3210149839658,0,18.326,36.652,10.029,0,"model average","Bacteria","Pseudomonadota","Gammaproteobacteria","Pseudomonadales","Pseudomonadaceae","Pseudomonas_E","Pseudomonas_E sp002080045",25,"Socal","AB","rate",961.717534693791,4.03963204624225,28.8874276818206,57.684,26.9699259259259,59.67,43.2555555555556,1.986,16.2856296296296,10.6954996504411,8.66158447721526,46.7546042679528,"Anza Borrego HQ","Hot variable",85.4,507.9528116,77.43,0,59.42,6666421,0.0403212077410023,-0.0403212077410023
"360",0.690965025828364,22.0939999986608,-1.78599998714209,45.9730000001799,0,0.625403274930326,0,23.8790000013429,47.7589999873458,13.0349999987003,0,"model average","Bacteria","Pseudomonadota","Gammaproteobacteria","Pseudomonadales","Pseudomonadaceae","Stutzerimonas","Stutzerimonas balearica",25,"Socal","AB","rate",961.717534693791,4.03963204624225,28.8874276818206,57.684,26.9699259259259,59.67,43.2555555555556,1.986,16.2856296296296,10.6954996504411,8.66158447721526,46.7546042679528,"Anza Borrego HQ","Hot variable",85.4,507.9528116,77.43,0,64.98,4132925,0.0289348838458608,-0.0289360955561124
"361",0.603389831591126,20.802,-0.452999999999996,42.056,0,0.805834750930906,0,21.254,42.509,11.605,0,"model average","Bacteria","Actinomycetota","Actinomycetia","Actinomycetales","Microbacteriaceae","Curtobacterium","Curtobacterium sp003224335",25,"Socal","AB","rate",961.717534693791,4.03963204624225,28.8874276818206,57.684,26.9699259259259,59.67,43.2555555555556,1.986,16.2856296296296,10.6954996504411,8.66158447721526,46.7546042679528,"Anza Borrego HQ","Hot variable",85.4,507.9528116,77.43,0,71.68,3304463,0.0283881360428664,-0.0283894717037323
"362",0.84864436686315,25.497,6.334,44.659,0,1.17596668751925,0,19.162,38.325,10.503,0,"model average","Bacteria","Pseudomonadota","Gammaproteobacteria","Pseudomonadales","Pseudomonadaceae","Stutzerimonas",NA,25,"Socal","AB","rate",961.717534693791,4.03963204624225,28.8874276818206,57.684,26.9699259259259,59.67,43.2555555555556,1.986,16.2856296296296,10.6954996504411,8.66158447721526,46.7546042679528,"Anza Borrego HQ","Hot variable",85.4,507.9528116,77.43,0,61.05,4439571,0.0442855694235323,-0.0442878805376866
"363",0.906212854394244,31.527,13.245,49.81,0.498255952841802,0.986384804632661,1.94262641276621,18.283,36.565,10.02,-0.488128851790859,"model average","Bacteria","Pseudomonadota","Gammaproteobacteria","Pseudomonadales","Pseudomonadaceae","Stutzerimonas",NA,25,"Socal","AB","rate",961.717534693791,4.03963204624225,28.8874276818206,57.684,26.9699259259259,59.67,43.2555555555556,1.986,16.2856296296296,10.6954996504411,8.66158447721526,46.7546042679528,"Anza Borrego HQ","Hot variable",85.4,507.9528116,77.43,0,61.16,4542354,0.0495685840933292,-0.0495658729089451
"364",0.842282663532741,25.3292297270111,-7.61795619881113,41.6563826043664,0.0770230953531129,1.96454691442337,0.27787737570168,16.3271528773553,49.5992537486768,17.600265986533,0,"model average","Bacteria","Pseudomonadota","Gammaproteobacteria","Pseudomonadales","Pseudomonadaceae","Stutzerimonas",NA,25,"Socal","AB","rate",961.717534693791,4.03963204624225,28.8874276818206,57.684,26.9699259259259,59.67,43.2555555555556,1.986,16.2856296296296,10.6954996504411,8.66158447721526,46.7546042679528,"Anza Borrego HQ","Hot variable",85.4,507.9528116,77.43,0,61.05,4439553,0.0255646313900394,-0.0515878469356977
"365",0.633908858596643,28.577,2.926,54.229,0.223770698131129,1.08097619568079,1.35826484102879,25.652,51.303,14.025,-0.857205497549663,"model average","Bacteria","Actinomycetota","Actinomycetia","Streptomycetales","Streptomycetaceae","Streptomyces",NA,25,"Socal","AB","rate",961.717534693791,4.03963204624225,28.8874276818206,57.684,26.9699259259259,59.67,43.2555555555556,1.986,16.2856296296296,10.6954996504411,8.66158447721526,46.7546042679528,"Anza Borrego HQ","Hot variable",85.4,507.9528116,77.43,0,71.19,8967745,0.0247128321935458,-0.0247118688054204
"366",1.22630120225389,22.0319999998162,4.57900000021026,39.4850000000536,0,0.94766859327434,0,17.4530000002373,34.9059999998787,9.52600000004797,0,"model average","Bacteria","Pseudomonadota","Gammaproteobacteria","Burkholderiales","Burkholderiaceae_B","Variovorax",NA,25,"Socal","AB","rate",961.717534693791,4.03963204624225,28.8874276818206,57.684,26.9699259259259,59.67,43.2555555555556,1.986,16.2856296296296,10.6954996504411,8.66158447721526,46.7546042679528,"Anza Borrego HQ","Hot variable",85.4,507.9528116,77.43,0,68.63,5777006,0.0702630609225679,-0.0702630609200257
"367",0.549570444705137,28.6220473063916,-0.645979365352862,57.8899135072435,-0.00372220170999332,0.916106881094302,0.997548667428409,29.2678662008519,58.5359065555731,15.9919778287413,-0.919830186305337,"model average","Bacteria","Pseudomonadota","Gammaproteobacteria","Enterobacterales","Enterobacteriaceae","Siccibacter","Siccibacter colletis",25,"Socal","AB","rate",961.717534693791,4.03963204624225,28.8874276818206,57.684,26.9699259259259,59.67,43.2555555555556,1.986,16.2856296296296,10.6954996504411,8.66158447721526,46.7546042679528,"Anza Borrego HQ","Hot variable",85.4,507.9528116,77.43,0,57.31,4080386,0.0187771608543632,-0.0187772638064452
"369",0.647217034071942,26.4116299566305,3.92995695736192,42.1166823162651,0,1.66039729371894,0,15.7050523596346,38.4517220150715,15.5418080424794,0,"model average","Bacteria","Pseudomonadota","Gammaproteobacteria","Pseudomonadales","Pseudomonadaceae","Pseudomonas_E",NA,25,"Socal","DC","rate",906.94858705418,3.49434670079762,28.2079515997474,52.355,24.3595833333333,55.17,41.5909090909091,2.815,17.2313257575758,10.3029042414489,8.05679877375985,46.5277114570401,"Boyd Deep Canyon","Hot variable",105.817,672.7351802,94.44,0,61.26,5749474,0.0287886508309679,-0.041210753027187
"370",0.707146381828078,27.2730001688756,4.64599928872179,49.8999994735086,2.83460779668503e-08,0.621029726010746,1.2408655689348e-07,22.626999304633,45.2540001799584,12.361000251537,-5.94808725766247e-08,"model average","Bacteria","Pseudomonadota","Gammaproteobacteria","Enterobacterales","Enterobacteriaceae","Siccibacter","Siccibacter colletis",25,"Socal","DC","rate",906.94858705418,3.49434670079762,28.2079515997474,52.355,24.3595833333333,55.17,41.5909090909091,2.815,17.2313257575758,10.3029042414489,8.05679877375985,46.5277114570401,"Boyd Deep Canyon","Hot variable",105.817,672.7351802,94.44,0,57.31,4079365,0.0312523248473605,-0.0312523270234638
"371",0.618847727313564,23.0339999999279,7.33600000007289,38.7330000000173,0,3.69316557953465e-12,0,15.6990000000894,31.39699999998,8.56800000002823,0,"model average","Bacteria","Pseudomonadota","Gammaproteobacteria","Burkholderiales","Burkholderiaceae","Cupriavidus",NA,25,"Socal","DC","rate",906.94858705418,3.49434670079762,28.2079515997474,52.355,24.3595833333333,55.17,41.5909090909091,2.815,17.2313257575758,10.3029042414489,8.05679877375985,46.5277114570401,"Boyd Deep Canyon","Hot variable",105.817,672.7351802,94.44,0,67.48,5502134,0.0394220746158288,-0.0394195634951296
"372",0.718658255913807,23.86499999969,8.74000000110813,38.9900000008976,0,2.35402021646159,0,15.1250000012075,30.2499999998068,8.25900000048958,0,"model average","Bacteria","Bacillota","Bacilli","Bacillales","Bacillaceae_H","Bacillus_I","Bacillus_I filamentosa",25,"Socal","DC","rate",906.94858705418,3.49434670079762,28.2079515997474,52.355,24.3595833333333,55.17,41.5909090909091,2.815,17.2313257575758,10.3029042414489,8.05679877375985,46.5277114570401,"Boyd Deep Canyon","Hot variable",105.817,672.7351802,94.44,0,36.41,5279192,0.0475145954367728,-0.0475145954285242
"373",0.472183525876817,24.4319999996927,1.94099999686173,46.9219999886509,0,0.673987747593807,0,22.4899999889581,44.9809999957125,12.3030000100788,0,"model average","Bacteria","Pseudomonadota","Gammaproteobacteria","Burkholderiales","Burkholderiaceae","Telluria",NA,25,"Socal","DC","rate",906.94858705418,3.49434670079762,28.2079515997474,52.355,24.3595833333333,55.17,41.5909090909091,2.815,17.2313257575758,10.3029042414489,8.05679877375985,46.5277114570401,"Boyd Deep Canyon","Hot variable",105.817,672.7351802,94.44,0,66.33,5083168,0.020994332213658,-0.0209952657229276
"374",1.22838481532761,24.3209999999574,6.06799999888814,42.5750000000005,2.36419118335362e-12,0.869685485700683,0,18.2540000000431,36.5070000011071,9.98100000056116,-4.77715199682793e-12,"model average","Bacteria","Pseudomonadota","Gammaproteobacteria","Pseudomonadales","Pseudomonadaceae","Stutzerimonas","Stutzerimonas stutzeri",25,"Socal","DC","rate",906.94858705418,3.49434670079762,28.2079515997474,52.355,24.3595833333333,55.17,41.5909090909091,2.815,17.2313257575758,10.3029042414489,8.05679877375985,46.5277114570401,"Boyd Deep Canyon","Hot variable",105.817,672.7351802,94.44,0,64.33,4479395,0.0672976943656194,-0.0672940076325578
"377",0.833194760259425,22.7789999995241,4.12500000092714,41.4329999999891,0,0.878246002242549,0,18.654000000465,37.3079999992227,10.1900000002194,0,"model average","Bacteria","Pseudomonadota","Gammaproteobacteria","Pseudomonadales","Pseudomonadaceae","Pseudomonas_E","Pseudomonas_E argentinensis_B",25,"Socal","DC","rate",906.94858705418,3.49434670079762,28.2079515997474,52.355,24.3595833333333,55.17,41.5909090909091,2.815,17.2313257575758,10.3029042414489,8.05679877375985,46.5277114570401,"Boyd Deep Canyon","Hot variable",105.817,672.7351802,94.44,0,64.17,5012220,0.04466574248537,-0.0446657424808971
"378",0.548660982486491,30.4720004659907,7.12399857079214,53.8199994138514,0.431065725456974,0.739319892367624,1.77321028901776,23.3479989478607,46.6960008421463,12.7759997780686,-0.308254180124901,"model average","Bacteria","Pseudomonadota","Gammaproteobacteria","Pseudomonadales","Pseudomonadaceae","Stutzerimonas",NA,25,"Socal","DC","rate",906.94858705418,3.49434670079762,28.2079515997474,52.355,24.3595833333333,55.17,41.5909090909091,2.815,17.2313257575758,10.3029042414489,8.05679877375985,46.5277114570401,"Boyd Deep Canyon","Hot variable",105.817,672.7351802,94.44,0,61.1,4162620,0.0234992692286581,-0.0234992721950916
"379",0.442837020229842,22.297999997041,-1.26000001851104,45.8569999878167,0,0.687880485638622,0,23.5589999907757,47.1170000087752,12.8710000052121,0,"model average","Bacteria","Pseudomonadota","Gammaproteobacteria","Pseudomonadales","Pseudomonadaceae","Pseudomonas_E","Pseudomonas_E argentinensis_B",25,"Socal","DC","rate",906.94858705418,3.49434670079762,28.2079515997474,52.355,24.3595833333333,55.17,41.5909090909091,2.815,17.2313257575758,10.3029042414489,8.05679877375985,46.5277114570401,"Boyd Deep Canyon","Hot variable",105.817,672.7351802,94.44,0,64.17,5011182,0.0187977341004117,-0.0187969362198409
"380",0.443646927525944,28.358000000571,-10.0349999777209,66.7509999796328,0.26569243360254,0.38331762980795,1.42195897073614,38.3929999781967,76.7859999739308,20.9660000124532,-0.11762519587322,"model average","Bacteria","Pseudomonadota","Gammaproteobacteria","Pseudomonadales","Pseudomonadaceae","Pseudomonas_E",NA,25,"Socal","PF","rate",938.555104164586,1.15039600856014,22.4426452267961,46.4522053400349,22.9916666666667,47.0532678872054,35.1813596576904,0.6010625471705,12.1896929910237,9.7531604807609,9.33748101263716,49.4953178183152,"Pinyon crest","Hot variable",268.615,2262.297431,285.23,0,61.37,5502154,0.011555411866142,-0.0115554118659103
"381",0.542383209525998,20.2359999975675,-1.5099999909778,41.9819999986687,0,0.83490599063553,0,21.7460000011012,43.4919999896937,11.1749999992407,0,"model average","Bacteria","Pseudomonadota","Gammaproteobacteria","Xanthomonadales","Xanthomonadaceae","Stenotrophomonas","Stenotrophomonas hibiscicola",25,"Socal","PF","rate",938.555104164586,1.15039600856014,22.4426452267961,46.4522053400349,22.9916666666667,47.0532678872054,35.1813596576904,0.6010625471705,12.1896929910237,9.7531604807609,9.33748101263716,49.4953178183152,"Pinyon crest","Hot variable",268.615,2262.297431,285.23,0,66.68,4276284,0.0249417460595833,-0.0249417460451822
"382",0.590282886765592,27.2849999992774,-1.7799999898175,56.3509999979807,7.32073990437082e-11,0.45921938684662,3.09336979550754e-10,29.0659999987034,58.1309999888576,15.8730000012854,9.35846154970003e-12,"model average","Bacteria","Pseudomonadota","Gammaproteobacteria","Pseudomonadales","Pseudomonadaceae","Pseudomonas_E",NA,25,"Socal","PF","rate",938.555104164586,1.15039600856014,22.4426452267961,46.4522053400349,22.9916666666667,47.0532678872054,35.1813596576904,0.6010625471705,12.1896929910237,9.7531604807609,9.33748101263716,49.4953178183152,"Pinyon crest","Hot variable",268.615,2262.297431,285.23,0,60.79,5552201,0.0203090619985228,-0.020308363269522
"383",0.586566526133857,19.2049999434554,-4.88899977130698,43.297999958727,0,0.783147419586482,0,24.0930000152717,48.1869997672993,10.7829999843935,0,"model average","Bacteria","Pseudomonadota","Gammaproteobacteria","Pseudomonadales","Pseudomonadaceae","Pseudomonas_E",NA,25,"Socal","PF","rate",938.555104164586,1.15039600856014,22.4426452267961,46.4522053400349,22.9916666666667,47.0532678872054,35.1813596576904,0.6010625471705,12.1896929910237,9.7531604807609,9.33748101263716,49.4953178183152,"Pinyon crest","Hot variable",268.615,2262.297431,285.23,0,60.79,5550208,0.0243449212699404,-0.0243459314224902
"384",0.450708111556192,28.3530000890764,-2.56700015362807,59.2739997312613,0.0966123896804824,0.790349618791775,1.1406262344624,30.920999642185,61.8409999659071,16.889999994046,-0.693737229111293,"model average","Bacteria","Bacillota","Bacilli","Bacillales","Bacillaceae_H","Priestia",NA,25,"Socal","PF","rate",938.555104164586,1.15039600856014,22.4426452267961,46.4522053400349,22.9916666666667,47.0532678872054,35.1813596576904,0.6010625471705,12.1896929910237,9.7531604807609,9.33748101263716,49.4953178183152,"Pinyon crest","Hot variable",268.615,2262.297431,285.23,0,36.95,6100682,0.0145765882282791,-0.0145761170974984
"385",0.882706107203777,23.4809999997573,6.15099999851991,40.8110000001065,0,0.920024806343769,0,17.3300000003492,34.6600000015523,9.50400000088867,0,"model average","Bacteria","Pseudomonadota","Gammaproteobacteria","Pseudomonadales","Pseudomonadaceae","Pseudomonas_E","Pseudomonas_E fluorescens_AO",25,"Socal","PF","rate",938.555104164586,1.15039600856014,22.4426452267961,46.4522053400349,22.9916666666667,47.0532678872054,35.1813596576904,0.6010625471705,12.1896929910237,9.7531604807609,9.33748101263716,49.4953178183152,"Pinyon crest","Hot variable",268.615,2262.297431,285.23,0,60.01,5993553,0.0509351475557271,-0.0509351475583376
"386",0.555544426295964,23.5939999985023,2.11499997791117,45.0729999948908,0,1.29681080239266,0,21.4789999963885,42.9580000189069,11.7490000063619,0,"model average","Bacteria","Pseudomonadota","Gammaproteobacteria","Pseudomonadales","Pseudomonadaceae","Pseudomonas_E",NA,25,"Socal","PF","rate",938.555104164586,1.15039600856014,22.4426452267961,46.4522053400349,22.9916666666667,47.0532678872054,35.1813596576904,0.6010625471705,12.1896929910237,9.7531604807609,9.33748101263716,49.4953178183152,"Pinyon crest","Hot variable",268.615,2262.297431,285.23,0,60.83,5511885,0.0258645386546573,-0.0258645386838016
"388",0.694591728755809,30.9640000021423,8.13399998245394,53.7949999914664,0.651315887758538,0.861495103162932,2.38226174188442,22.8309999893241,45.6610000090124,12.4610000034961,-0.210179215404394,"model average","Bacteria","Pseudomonadota","Gammaproteobacteria","Burkholderiales","Burkholderiaceae","Cupriavidus","Cupriavidus cauae",25,"Socal","SJ","rate",926.413179407278,7.50788374682882,11.8043521249233,67.15,20.879103030303,51.77,24.6593257575758,-15.38,3.78022272727273,13.8883811819414,6.70411838281345,31.0932286378303,"James San Jacinto","Cold variable",429.868,2758.558564,321.57,0,68.08,5485872,0.03042451722106,-0.0304231846647367
"389",0.910979152577585,31.1850025666295,11.189999304129,51.1799968258955,0.283493200929786,1.03896811220845,1.46712767102387,19.994994259266,39.9899984004768,10.9189995669709,-0.755475010454782,"model average","Bacteria","Pseudomonadota","Gammaproteobacteria","Enterobacterales","Enterobacteriaceae","Enterobacter","Enterobacter hormaechei_A",25,"Socal","SJ","rate",926.413179407278,7.50788374682882,11.8043521249233,67.15,20.879103030303,51.77,24.6593257575758,-15.38,3.78022272727273,13.8883811819414,6.70411838281345,31.0932286378303,"James San Jacinto","Cold variable",429.868,2758.558564,321.57,0,55.77,4610735,0.0455603402819181,-0.045560360796574
"390",0.773170855597839,29.5070000053487,8.4729999568613,50.5399999839315,0.461995331876814,0,1.84687982552852,21.0329999785828,42.0670000270702,11.5190000085478,0,"model average","Bacteria","Pseudomonadota","Gammaproteobacteria","Pseudomonadales","Pseudomonadaceae","Pseudomonas_E","Pseudomonas_E sp022662375",25,"Socal","SJ","rate",926.413179407278,7.50788374682882,11.8043521249233,67.15,20.879103030303,51.77,24.6593257575758,-15.38,3.78022272727273,13.8883811819414,6.70411838281345,31.0932286378303,"James San Jacinto","Cold variable",429.868,2758.558564,321.57,0,59.14,6612270,0.0367581465159044,-0.0367598942797096
"391",1.05636025812371,22.795999999993,5.91600000000665,39.675,0,0.936109579851949,0,16.879000000007,33.7589999999964,9.22100000000195,0,"model average","Bacteria","Pseudomonadota","Gammaproteobacteria","Pseudomonadales","Pseudomonadaceae","Pseudomonas_E","Pseudomonas_E fluorescens_M",25,"Socal","SJ","rate",926.413179407278,7.50788374682882,11.8043521249233,67.15,20.879103030303,51.77,24.6593257575758,-15.38,3.78022272727273,13.8883811819414,6.70411838281345,31.0932286378303,"James San Jacinto","Cold variable",429.868,2758.558564,321.57,0,59.41,6621549,0.0625805840121187,-0.0625842916122562
"392",0.65148576053486,24.5650000000017,8.87400000000406,40.2570000000011,0,1.35163701531208,0,15.6919999999994,31.382999999997,8.6050000000039,0,"model average","Bacteria","Pseudomonadota","Gammaproteobacteria","Pseudomonadales","Pseudomonadaceae","Pseudomonas_E",NA,25,"Socal","SJ","rate",926.413179407278,7.50788374682882,11.8043521249233,67.15,20.879103030303,51.77,24.6593257575758,-15.38,3.78022272727273,13.8883811819414,6.70411838281345,31.0932286378303,"James San Jacinto","Cold variable",429.868,2758.558564,321.57,0,59.15,6548024,0.0415197094216403,-0.0415170635059193
"394",0.679473914524239,23.8149999997657,4.79299999809693,42.836999999873,0,1.44569430149352,0,19.0220000001074,38.0440000018319,10.3880000005009,0,"model average","Bacteria","Pseudomonadota","Gammaproteobacteria","Enterobacterales","Enterobacteriaceae","Serratia_J",NA,25,"Socal","SJ","rate",926.413179407278,7.50788374682882,11.8043521249233,67.15,20.879103030303,51.77,24.6593257575758,-15.38,3.78022272727273,13.8883811819414,6.70411838281345,31.0932286378303,"James San Jacinto","Cold variable",429.868,2758.558564,321.57,0,55.48,5712711,0.0357204244803191,-0.0357204244832513
"396",0.465804948271525,24.3629999993581,4.81599999995744,43.9109999960759,0,1.37069436478051,0,19.5479999967178,39.0949999965606,10.6920000030902,0,"model average","Bacteria","Pseudomonadota","Gammaproteobacteria","Burkholderiales","Burkholderiaceae","Paraburkholderia",NA,25,"Socal","SJ","rate",926.413179407278,7.50788374682882,11.8043521249233,67.15,20.879103030303,51.77,24.6593257575758,-15.38,3.78022272727273,13.8883811819414,6.70411838281345,31.0932286378303,"James San Jacinto","Cold variable",429.868,2758.558564,321.57,0,63.06,7593717,0.0238299968427793,-0.0238287777956689
"397",0.522441973889743,26.0940001658941,2.86299990298622,49.3259993232499,1.3880350557246e-08,0.697913186179069,7.28063026477296e-08,23.2319991573558,46.462999579236,12.6810003577808,-5.24519799243224e-08,"model average","Bacteria","Pseudomonadota","Gammaproteobacteria","Pseudomonadales","Pseudomonadaceae","Pseudomonas_E",NA,25,"Socal","SJ","rate",926.413179407278,7.50788374682882,11.8043521249233,67.15,20.879103030303,51.77,24.6593257575758,-15.38,3.78022272727273,13.8883811819414,6.70411838281345,31.0932286378303,"James San Jacinto","Cold variable",429.868,2758.558564,321.57,0,58.79,6483963,0.0224890003864322,-0.0224880334383245
"398",0.64910279823408,25.3530000000214,9.78700000009268,40.9180000000333,0,1.46119841876163,0,15.5650000000119,31.1309999999337,8.52200000062774,0,"model average","Bacteria","Pseudomonadota","Gammaproteobacteria","Enterobacterales","Enterobacteriaceae","Rahnella",NA,25,"Socal","SJ","rate",926.413179407278,7.50788374682882,11.8043521249233,67.15,20.879103030303,51.77,24.6593257575758,-15.38,3.78022272727273,13.8883811819414,6.70411838281345,31.0932286378303,"James San Jacinto","Cold variable",429.868,2758.558564,321.57,0,51.88,4793082,0.0417000384322917,-0.0417027175222347
"399",0.721935762761737,23.6709999996439,3.72800001092818,43.6149999928104,0,1.06385500055858,0,19.9439999931665,39.8869999818146,10.903000002629,0,"model average","Bacteria","Pseudomonadota","Gammaproteobacteria","Pseudomonadales","Pseudomonadaceae","Pseudomonas_E",NA,25,"Socal","SJ","rate",926.413179407278,7.50788374682882,11.8043521249233,67.15,20.879103030303,51.77,24.6593257575758,-15.38,3.78022272727273,13.8883811819414,6.70411838281345,31.0932286378303,"James San Jacinto","Cold variable",429.868,2758.558564,321.57,0,60.27,7039957,0.0361999580389223,-0.0361981429507169
"400",0.811106455026367,23.7779999999994,10.2270000000032,37.3290000000034,0,2.29113125013391e-13,0,13.5510000000039,27.1020000000001,7.40800000000395,0,"model average","Bacteria","Pseudomonadota","Gammaproteobacteria","Pseudomonadales","Pseudomonadaceae","Pseudomonas_E",NA,25,"Socal","SJ","rate",926.413179407278,7.50788374682882,11.8043521249233,67.15,20.879103030303,51.77,24.6593257575758,-15.38,3.78022272727273,13.8883811819414,6.70411838281345,31.0932286378303,"James San Jacinto","Cold variable",429.868,2758.558564,321.57,0,58.84,6205674,0.0598558375785252,-0.0598558375784907
