"seqID","rmax","topt","ctmin","ctmax","e","eh","q10","thermal_safety_margin","thermal_tolerance","breadth","skewness","model_name","Domain","Phylum","Class","Order","Family","Genus","Species","temperature_of_isolation","Area","Site_initials","metric","Seasonality","MMTR_sd","MAT","MATR","MMTR","MATmax","MMTmax","MATmin","MMTmin","MATmax_sd","MATmin_sd","Isothermality","Site","Climate profile","Annual_precipitation","Precipitation_seasonality","MAPmax","MAPmin","GC%","Total length","subopt_slope","superopt_slope"
"1",1.85251303963233,26.138,11.103,41.174,0,1.35566761147393,0,15.036,30.071,8.211,0,"model average","Bacteria","Pseudomonadota","Gammaproteobacteria","Pseudomonadales","Pseudomonadaceae","Pseudomonas_E","Pseudomonas_E sp002901475",15,"Bay","J","auc",715.135157089093,3.39091988539475,18.9919945272543,39.822,13.3560833333333,43,26.8227083333333,3.178,13.466625,9.7690587842505,6.34725910229779,33.539458925552,"Jepson Prairie","Hot stable",454.142,3696.476858,282.51,0,54.6,8731465,0.123213371442124,-0.1232051768843
"2",1.39228403865715,26.616,11.3,41.933,0,1.3008713091595,0,15.317,30.633,8.391,0,"model average","Bacteria","Pseudomonadota","Gammaproteobacteria","Pseudomonadales","Pseudomonadaceae","Pseudomonas_E",NA,15,"Bay","J","auc",715.135157089093,3.39091988539475,18.9919945272543,39.822,13.3560833333333,43,26.8227083333333,3.178,13.466625,9.7690587842505,6.34725910229779,33.539458925552,"Jepson Prairie","Hot stable",454.142,3696.476858,282.51,0,60.59,5736540,0.090903893879417,-0.0908979590427074
"3",1.14281645693452,26.159,7.178,45.139,0,1.16021494310692,0,18.98,37.961,10.364,0,"model average","Bacteria","Pseudomonadota","Gammaproteobacteria","Pseudomonadales","Pseudomonadaceae","Pseudomonas_E",NA,15,"Bay","J","auc",715.135157089093,3.39091988539475,18.9919945272543,39.822,13.3560833333333,43,26.8227083333333,3.178,13.466625,9.7690587842505,6.34725910229779,33.539458925552,"Jepson Prairie","Hot stable",454.142,3696.476858,282.51,0,59.23,6632668,0.0602084430185196,-0.0602116152231043
"4",0.987874610324394,25.666,5.697,45.635,0,0.985271519555184,0,19.969,39.938,10.918,0,"model average","Bacteria","Pseudomonadota","Gammaproteobacteria","Pseudomonadales","Pseudomonadaceae","Pseudomonas_E",NA,15,"Bay","J","auc",715.135157089093,3.39091988539475,18.9919945272543,39.822,13.3560833333333,43,26.8227083333333,3.178,13.466625,9.7690587842505,6.34725910229779,33.539458925552,"Jepson Prairie","Hot stable",454.142,3696.476858,282.51,0,60.04,5599294,0.049470409651179,-0.049470409651179
"5",0.726297785531418,25.991,9.135,42.846,0,1.41310625641501,0,16.855,33.711,9.199,0,"model average","Bacteria","Pseudomonadota","Gammaproteobacteria","Pseudomonadales","Pseudomonadaceae","Pseudomonas_E",NA,15,"Bay","J","auc",715.135157089093,3.39091988539475,18.9919945272543,39.822,13.3560833333333,43,26.8227083333333,3.178,13.466625,9.7690587842505,6.34725910229779,33.539458925552,"Jepson Prairie","Hot stable",454.142,3696.476858,282.51,0,59.23,6631547,0.0430883830998705,-0.0430909395153615
"6",0.741122810898775,23.974,4.798,43.149,0,1.43112903180061,0,19.175,38.351,10.465,0,"model average","Bacteria","Pseudomonadota","Gammaproteobacteria","Pseudomonadales","Pseudomonadaceae","Pseudomonas_E",NA,15,"Bay","J","auc",715.135157089093,3.39091988539475,18.9919945272543,39.822,13.3560833333333,43,26.8227083333333,3.178,13.466625,9.7690587842505,6.34725910229779,33.539458925552,"Jepson Prairie","Hot stable",454.142,3696.476858,282.51,0,59.23,6631052,0.0386484569721931,-0.0386504725370939
"7",0.794208491144675,27.174,6.739,47.609,0,0.630034794900501,0,20.435,40.87,11.158,0,"model average","Bacteria","Pseudomonadota","Gammaproteobacteria","Pseudomonadales","Pseudomonadaceae","Pseudomonas_E",NA,15,"Bay","J","auc",715.135157089093,3.39091988539475,18.9919945272543,39.822,13.3560833333333,43,26.8227083333333,3.178,13.466625,9.7690587842505,6.34725910229779,33.539458925552,"Jepson Prairie","Hot stable",454.142,3696.476858,282.51,0,60.34,5873126,0.0388651084484793,-0.0388651084484793
"8",1.37268448081714,25.486,9.508,41.465,0,1.24919195587566,0,15.979,31.957,8.77,0,"model average","Bacteria","Pseudomonadota","Gammaproteobacteria","Pseudomonadales","Pseudomonadaceae","Pseudomonas_E","Pseudomonas_E lurida",15,"Bay","J","auc",715.135157089093,3.39091988539475,18.9919945272543,39.822,13.3560833333333,43,26.8227083333333,3.178,13.466625,9.7690587842505,6.34725910229779,33.539458925552,"Jepson Prairie","Hot stable",454.142,3696.476858,282.51,0,60.83,6190088,0.085910907548951,-0.0859055310605882
"9",1.25013278518212,26.775,13.3,40.249,0,1.37402042781483,0,13.474,26.949,7.367,0,"model average","Bacteria","Pseudomonadota","Gammaproteobacteria","Pseudomonadales","Pseudomonadaceae","Pseudomonas_E","Pseudomonas_E rhodesiae",15,"Bay","J","auc",715.135157089093,3.39091988539475,18.9919945272543,39.822,13.3560833333333,43,26.8227083333333,3.178,13.466625,9.7690587842505,6.34725910229779,33.539458925552,"Jepson Prairie","Hot stable",454.142,3696.476858,282.51,0,60.65,5605055,0.0927742326665766,-0.0927811180927801
"10",1.52758318979157,22.51,10.272,34.749,0,1.22963243987551,0,12.239,24.477,6.745,0,"model average","Bacteria","Pseudomonadota","Gammaproteobacteria","Pseudomonadales","Pseudomonadaceae","Pseudomonas_E","Pseudomonas_E sp002901475",15,"Bay","J","auc",715.135157089093,3.39091988539475,18.9919945272543,39.822,13.3560833333333,43,26.8227083333333,3.178,13.466625,9.7690587842505,6.34725910229779,33.539458925552,"Jepson Prairie","Hot stable",454.142,3696.476858,282.51,0,58.4,7010671,0.124822944091483,-0.1248127453053
"11",1.65426474990816,27.733,13.693,41.773,0,1.15912252885907,0,14.04,28.08,7.68,0,"model average","Bacteria","Pseudomonadota","Gammaproteobacteria","Pseudomonadales","Pseudomonadaceae","Pseudomonas_E","Pseudomonas_E fluorescens_BG",15,"Bay","J","auc",715.135157089093,3.39091988539475,18.9919945272543,39.822,13.3560833333333,43,26.8227083333333,3.178,13.466625,9.7690587842505,6.34725910229779,33.539458925552,"Jepson Prairie","Hot stable",454.142,3696.476858,282.51,0,57.34,10724477,0.117825124637333,-0.117825124637333
"12",1.86837837283421,24.909,8.193,41.625,0,1.33808454526516,0,16.716,33.432,9.125,0,"model average","Bacteria","Pseudomonadota","Gammaproteobacteria","Pseudomonadales","Pseudomonadaceae","Pseudomonas_E","Pseudomonas_E chlororaphis_G",15,"Bay","J","auc",715.135157089093,3.39091988539475,18.9919945272543,39.822,13.3560833333333,43,26.8227083333333,3.178,13.466625,9.7690587842505,6.34725910229779,33.539458925552,"Jepson Prairie","Hot stable",454.142,3696.476858,282.51,0,62.35,7112102,0.111771857671345,-0.111771857671345
"13",1.98688283233161,26.524,7.681,45.366,0,0.926423615738808,0,18.842,37.685,10.325,0,"model average","Bacteria","Pseudomonadota","Gammaproteobacteria","Pseudomonadales","Pseudomonadaceae","Pseudomonas_E","Pseudomonas_E moraviensis_B",15,"Bay","J","auc",715.135157089093,3.39091988539475,18.9919945272543,39.822,13.3560833333333,43,26.8227083333333,3.178,13.466625,9.7690587842505,6.34725910229779,33.539458925552,"Jepson Prairie","Hot stable",454.142,3696.476858,282.51,0,59.93,6102439,0.105444081745561,-0.105449677971108
"14",1.29378756241195,26.2,9.719,42.68,0,1.20611894073829,0,16.48,32.961,9.003,0,"model average","Bacteria","Pseudomonadota","Gammaproteobacteria","Pseudomonadales","Pseudomonadaceae","Pseudomonas_E","Pseudomonas_E sp003851685",15,"Bay","J","auc",715.135157089093,3.39091988539475,18.9919945272543,39.822,13.3560833333333,43,26.8227083333333,3.178,13.466625,9.7690587842505,6.34725910229779,33.539458925552,"Jepson Prairie","Hot stable",454.142,3696.476858,282.51,0,61.03,5874240,0.078501763388869,-0.0785065268453853
"15",1.29793896914623,25.3,2.378,48.222,0,0.895236869246112,0,22.922,45.844,12.524,0,"model average","Bacteria","Pseudomonadota","Gammaproteobacteria","Pseudomonadales","Pseudomonadaceae","Pseudomonas_E","Pseudomonas_E sp003851685",15,"Bay","J","auc",715.135157089093,3.39091988539475,18.9919945272543,39.822,13.3560833333333,43,26.8227083333333,3.178,13.466625,9.7690587842505,6.34725910229779,33.539458925552,"Jepson Prairie","Hot stable",454.142,3696.476858,282.51,0,60.72,5848934,0.0566241588494124,-0.0566241588494124
"16",1.35132064698764,27.195,10.751,43.638,0,1.07376664355912,0,16.443,32.887,8.983,0,"model average","Bacteria","Pseudomonadota","Gammaproteobacteria","Pseudomonadales","Pseudomonadaceae","Pseudomonas_E","Pseudomonas_E sp003851685",15,"Bay","J","auc",715.135157089093,3.39091988539475,18.9919945272543,39.822,13.3560833333333,43,26.8227083333333,3.178,13.466625,9.7690587842505,6.34725910229779,33.539458925552,"Jepson Prairie","Hot stable",454.142,3696.476858,282.51,0,60.81,5883718,0.0821771252120919,-0.0821821229086931
"17",1.37341484844964,26.77,14.292,39.247,0,1.64321690614396,0,12.477,24.955,6.824,0,"model average","Bacteria","Pseudomonadota","Gammaproteobacteria","Pseudomonadales","Pseudomonadaceae","Pseudomonas_E","Pseudomonas_E sp003851685",15,"Bay","J","auc",715.135157089093,3.39091988539475,18.9919945272543,39.822,13.3560833333333,43,26.8227083333333,3.178,13.466625,9.7690587842505,6.34725910229779,33.539458925552,"Jepson Prairie","Hot stable",454.142,3696.476858,282.51,0,60.72,5847214,0.11006690562988,-0.110075727214045
"18",1.05661056826758,26.445,10.544,42.346,0,1.25806001576372,0,15.901,31.802,8.72,0,"model average","Bacteria","Pseudomonadota","Gammaproteobacteria","Pseudomonadales","Pseudomonadaceae","Pseudomonas_E","Pseudomonas_E sp009764265",15,"Bay","QR","auc",952.839348727993,5.12058986245278,21.6727287327151,49.956,19.9221333333333,51.59,32.7491666666667,1.634,12.8270333333333,12.5018491231168,7.74440653253966,39.8793605039101,"Quail Ridge","Hot variable",602.291,5044.004692,435.86,0,60.32,6502804,0.0664493156573536,-0.0664493156573536
"19",1.59906060034796,25.58,9.47,41.689,0,1.37029870742792,0,16.109,32.219,8.829,0,"model average","Bacteria","Pseudomonadota","Gammaproteobacteria","Pseudomonadales","Pseudomonadaceae","Pseudomonas_E","Pseudomonas_E sp016651305",15,"Bay","QR","auc",952.839348727993,5.12058986245278,21.6727287327151,49.956,19.9221333333333,51.59,32.7491666666667,1.634,12.8270333333333,12.5018491231168,7.74440653253966,39.8793605039101,"Quail Ridge","Hot variable",602.291,5044.004692,435.86,0,59.16,6719708,0.0992588827031633,-0.0992650444067267
"20",1.05408142170132,26.356,9.898,42.813,0,1.28918193904178,0,16.457,32.915,9.008,0,"model average","Bacteria","Pseudomonadota","Gammaproteobacteria","Pseudomonadales","Pseudomonadaceae","Pseudomonas_E",NA,15,"Bay","QR","auc",952.839348727993,5.12058986245278,21.6727287327151,49.956,19.9221333333333,51.59,32.7491666666667,1.634,12.8270333333333,12.5018491231168,7.74440653253966,39.8793605039101,"Quail Ridge","Hot variable",602.291,5044.004692,435.86,0,60.1,5653679,0.0640467506198396,-0.0640506423832606
"21",1.50046777578658,24.955,12.536,37.373,0,2.08867458834067,0,12.418,24.837,6.778,0,"model average","Bacteria","Pseudomonadota","Gammaproteobacteria","Pseudomonadales","Pseudomonadaceae","Pseudomonas_E","Pseudomonas_E sp002874965",15,"Bay","QR","auc",952.839348727993,5.12058986245278,21.6727287327151,49.956,19.9221333333333,51.59,32.7491666666667,1.634,12.8270333333333,12.5018491231168,7.74440653253966,39.8793605039101,"Quail Ridge","Hot variable",602.291,5044.004692,435.86,0,60.99,7092743,0.120820337852209,-0.120830067304444
"22",1.331344438322,24.991,6.918,43.064,0,1.24907964649144,0,18.073,36.146,9.864,0,"model average","Bacteria","Pseudomonadota","Gammaproteobacteria","Pseudomonadales","Pseudomonadaceae","Pseudomonas_E","Pseudomonas_E fluorescens_BG",15,"Bay","QR","auc",952.839348727993,5.12058986245278,21.6727287327151,49.956,19.9221333333333,51.59,32.7491666666667,1.634,12.8270333333333,12.5018491231168,7.74440653253966,39.8793605039101,"Quail Ridge","Hot variable",602.291,5044.004692,435.86,0,57.34,10721312,0.0736648281039119,-0.0736648281039119
"23",1.48934367444081,27.171,10.336,44.007,0,0.980961932901379,0,16.836,33.671,9.195,0,"model average","Bacteria","Pseudomonadota","Gammaproteobacteria","Pseudomonadales","Pseudomonadaceae","Pseudomonas_E","Pseudomonas_E sp002874965",15,"Bay","QR","auc",952.839348727993,5.12058986245278,21.6727287327151,49.956,19.9221333333333,51.59,32.7491666666667,1.634,12.8270333333333,12.5018491231168,7.74440653253966,39.8793605039101,"Quail Ridge","Hot variable",602.291,5044.004692,435.86,0,60.99,7092990,0.0884671027288868,-0.0884618480898557
"24",1.40785452674253,26.528,11.524,41.532,0,1.31940376126638,0,15.004,30.008,8.238,0,"model average","Bacteria","Pseudomonadota","Gammaproteobacteria","Pseudomonadales","Pseudomonadaceae","Pseudomonas_E","Pseudomonas_E fluorescens_BG",15,"Bay","QR","auc",952.839348727993,5.12058986245278,21.6727287327151,49.956,19.9221333333333,51.59,32.7491666666667,1.634,12.8270333333333,12.5018491231168,7.74440653253966,39.8793605039101,"Quail Ridge","Hot variable",602.291,5044.004692,435.86,0,59.3,5707464,0.0938319465970761,-0.0938319465970761
"25",0.959724194214798,24.944,7.893,41.994,0,1.5725272548799,0,17.05,34.101,9.306,0,"model average","Bacteria","Pseudomonadota","Gammaproteobacteria","Pseudomonadales","Pseudomonadaceae","Pseudomonas_E",NA,15,"Bay","QR","auc",952.839348727993,5.12058986245278,21.6727287327151,49.956,19.9221333333333,51.59,32.7491666666667,1.634,12.8270333333333,12.5018491231168,7.74440653253966,39.8793605039101,"Quail Ridge","Hot variable",602.291,5044.004692,435.86,0,59.38,6336199,0.0562855078420502,-0.0562888090448562
"26",2.13145723625551,28.36,14.996,41.724,0.68675195799423,4.50043729677753,2.48842720893313,13.364,26.728,7.32599999999999,-3.8136853387833,"model average","Bacteria","Pseudomonadota","Gammaproteobacteria","Pseudomonadales","Pseudomonadaceae","Pseudomonas_E",NA,15,"Bay","QR","auc",952.839348727993,5.12058986245278,21.6727287327151,49.956,19.9221333333333,51.59,32.7491666666667,1.634,12.8270333333333,12.5018491231168,7.74440653253966,39.8793605039101,"Quail Ridge","Hot variable",602.291,5044.004692,435.86,0,60.19,6143789,0.159492460061023,-0.159492460061023
"27",1.94781810066142,27.22,10.68,43.76,0,1.16914500328207,0,16.54,33.08,9.037,0,"model average","Bacteria","Pseudomonadota","Gammaproteobacteria","Pseudomonadales","Pseudomonadaceae","Pseudomonas_E",NA,15,"Bay","QR","auc",952.839348727993,5.12058986245278,21.6727287327151,49.956,19.9221333333333,51.59,32.7491666666667,1.634,12.8270333333333,12.5018491231168,7.74440653253966,39.8793605039101,"Quail Ridge","Hot variable",602.291,5044.004692,435.86,0,59.96,5864607,0.117764093147607,-0.117764093147607
"28",1.82371580718076,26.991,10.427,43.556,0,1.11993384865457,0,16.565,33.129,9.04,0,"model average","Bacteria","Pseudomonadota","Gammaproteobacteria","Pseudomonadales","Pseudomonadaceae","Pseudomonas_E","Pseudomonas_E neoaurantiaca",15,"Bay","QR","auc",952.839348727993,5.12058986245278,21.6727287327151,49.956,19.9221333333333,51.59,32.7491666666667,1.634,12.8270333333333,12.5018491231168,7.74440653253966,39.8793605039101,"Quail Ridge","Hot variable",602.291,5044.004692,435.86,0,60.65,6197997,0.110101171648199,-0.11009452503355
"29",2.2965700986297,27.682,10.641,44.723,0,0.954489534387727,0,17.041,34.082,9.321,0,"model average","Bacteria","Pseudomonadota","Gammaproteobacteria","Pseudomonadales","Pseudomonadaceae","Pseudomonas_E","Pseudomonas_E alvandae",15,"Bay","QR","auc",952.839348727993,5.12058986245278,21.6727287327151,49.956,19.9221333333333,51.59,32.7491666666667,1.634,12.8270333333333,12.5018491231168,7.74440653253966,39.8793605039101,"Quail Ridge","Hot variable",602.291,5044.004692,435.86,0,60.87,6234758,0.134767331648947,-0.134767331648947
"31",2.10373957264919,28.922,13.805,44.038,0.619083340430366,3.20940029993813,2.26962315300924,15.116,30.233,8.251,-2.59031695950777,"model average","Bacteria","Pseudomonadota","Gammaproteobacteria","Pseudomonadales","Pseudomonadaceae","Pseudomonas_E",NA,15,"Bay","M","auc",803.896535580864,2.75745090239664,18.9795917698631,40.786,13.4634523809524,43.33,26.2285714285714,2.544,12.765119047619,9.27213277123266,7.16336482893367,33.0099847520041,"McLaughlin","Hot stable",825.463,6810.513893,529.12,0,60.84,5907334,0.139163826992736,-0.139173033385101
"32",1.02202971891404,24.658,6.883,42.434,0,0.950775107798272,0,17.776,35.551,9.723,0,"model average","Bacteria","Pseudomonadota","Gammaproteobacteria","Pseudomonadales","Pseudomonadaceae","Pseudomonas_E",NA,15,"Bay","M","auc",803.896535580864,2.75745090239664,18.9795917698631,40.786,13.4634523809524,43.33,26.2285714285714,2.544,12.765119047619,9.27213277123266,7.16336482893367,33.0099847520041,"McLaughlin","Hot stable",825.463,6810.513893,529.12,0,60.84,5908357,0.0574981557757547,-0.0574949211810329
"33",1.37701508326575,26.244,7.795,44.693,0,0.907424059653449,0,18.449,36.898,10.08,0,"model average","Bacteria","Pseudomonadota","Gammaproteobacteria","Pseudomonadales","Pseudomonadaceae","Pseudomonas_E",NA,15,"Bay","M","auc",803.896535580864,2.75745090239664,18.9795917698631,40.786,13.4634523809524,43.33,26.2285714285714,2.544,12.765119047619,9.27213277123266,7.16336482893367,33.0099847520041,"McLaughlin","Hot stable",825.463,6810.513893,529.12,0,60.84,5904064,0.0746390093374031,-0.0746390093374031
"34",0.990585418964418,24.155,6.434,41.876,0,2.0975882639573,0,17.721,35.442,9.676,0,"model average","Bacteria","Pseudomonadota","Gammaproteobacteria","Pseudomonadales","Pseudomonadaceae","Pseudomonas_E",NA,15,"Bay","M","auc",803.896535580864,2.75745090239664,18.9795917698631,40.786,13.4634523809524,43.33,26.2285714285714,2.544,12.765119047619,9.27213277123266,7.16336482893367,33.0099847520041,"McLaughlin","Hot stable",825.463,6810.513893,529.12,0,60.84,5909557,0.0558989571110218,-0.0558989571110219
"35",1.46089432814412,24.048,-2.481,50.578,0,0.854311964991871,0,26.53,53.059,14.48,0,"model average","Bacteria","Pseudomonadota","Gammaproteobacteria","Pseudomonadales","Pseudomonadaceae","Pseudomonas_E",NA,15,"Bay","M","auc",803.896535580864,2.75745090239664,18.9795917698631,40.786,13.4634523809524,43.33,26.2285714285714,2.544,12.765119047619,9.27213277123266,7.16336482893367,33.0099847520041,"McLaughlin","Hot stable",825.463,6810.513893,529.12,0,60.96,5701218,0.0550678249517177,-0.0550657492704154
"36",1.44877617230233,24.557,9.75,39.364,0,2.13712285923972,0,14.807,29.614,8.126,0,"model average","Bacteria","Pseudomonadota","Gammaproteobacteria","Pseudomonadales","Pseudomonadaceae","Pseudomonas_E",NA,15,"Bay","M","auc",803.896535580864,2.75745090239664,18.9795917698631,40.786,13.4634523809524,43.33,26.2285714285714,2.544,12.765119047619,9.27213277123266,7.16336482893367,33.0099847520041,"McLaughlin","Hot stable",825.463,6810.513893,529.12,0,58.73,6285471,0.0978440043426981,-0.0978440043426981
"37",1.78968934006963,26.221,9.593,42.849,0,1.17836160375039,0,16.628,33.256,9.085,0,"model average","Bacteria","Pseudomonadota","Gammaproteobacteria","Pseudomonadales","Pseudomonadaceae","Pseudomonas_E",NA,15,"Bay","M","auc",803.896535580864,2.75745090239664,18.9795917698631,40.786,13.4634523809524,43.33,26.2285714285714,2.544,12.765119047619,9.27213277123266,7.16336482893367,33.0099847520041,"McLaughlin","Hot stable",825.463,6810.513893,529.12,0,59.93,6822146,0.107631064473757,-0.107631064473757
"38",1.81860167134548,26.732,11.452,42.012,0,1.37836248564148,0,15.28,30.56,8.355,0,"model average","Bacteria","Pseudomonadota","Gammaproteobacteria","Pseudomonadales","Pseudomonadaceae","Pseudomonas_E","Pseudomonas_E migulae_B",15,"Bay","M","auc",803.896535580864,2.75745090239664,18.9795917698631,40.786,13.4634523809524,43.33,26.2285714285714,2.544,12.765119047619,9.27213277123266,7.16336482893367,33.0099847520041,"McLaughlin","Hot stable",825.463,6810.513893,529.12,0,59.67,6439847,0.119018433988579,-0.119018433988579
"39",1.54233145800893,28.125,14.037,42.213,0.751923123586029,3.77621391716728,2.70432469538226,14.088,28.176,7.692,-3.02429079358125,"model average","Bacteria","Pseudomonadota","Gammaproteobacteria","Pseudomonadales","Pseudomonadaceae","Pseudomonas_E","Pseudomonas_E neoaurantiaca",15,"Bay","M","auc",803.896535580864,2.75745090239664,18.9795917698631,40.786,13.4634523809524,43.33,26.2285714285714,2.544,12.765119047619,9.27213277123266,7.16336482893367,33.0099847520041,"McLaughlin","Hot stable",825.463,6810.513893,529.12,0,60.73,6096569,0.10947838287968,-0.10947838287968
"40",0.890389116066398,24.718,11.047,38.39,0,2.26619953020012,0,13.672,27.343,7.481,0,"model average","Bacteria","Pseudomonadota","Gammaproteobacteria","Pseudomonadales","Pseudomonadaceae","Pseudomonas_E",NA,15,"Bay","M","auc",803.896535580864,2.75745090239664,18.9795917698631,40.786,13.4634523809524,43.33,26.2285714285714,2.544,12.765119047619,9.27213277123266,7.16336482893367,33.0099847520041,"McLaughlin","Hot stable",825.463,6810.513893,529.12,0,58.97,6597824,0.0651297722234217,-0.0651250084893504
"41",2.05947934813041,25.579,5.968,45.189,0,1.01971544016198,0,19.61,39.221,10.733,0,"model average","Bacteria","Pseudomonadota","Gammaproteobacteria","Pseudomonadales","Pseudomonadaceae","Pseudomonas_E","Pseudomonas_E kilonensis",15,"Bay","M","auc",803.896535580864,2.75745090239664,18.9795917698631,40.786,13.4634523809524,43.33,26.2285714285714,2.544,12.765119047619,9.27213277123266,7.16336482893367,33.0099847520041,"McLaughlin","Hot stable",825.463,6810.513893,529.12,0,60.92,6540918,0.105016539091857,-0.105021894346273
"43",2.18851433450271,24.921,9.241,40.601,0,1.39775143653971,0,15.68,31.36,8.558,0,"model average","Bacteria","Pseudomonadota","Gammaproteobacteria","Pseudomonadales","Pseudomonadaceae","Pseudomonas_E",NA,15,"Bay","B","auc",361.343704295491,1.37798271591651,13.9218645890257,27.3,12.0775,27.3,20.059375,0,7.981875,4.12335094374941,4.02268050055861,44.2399267399267,"Bodega","Cold stable",781.287,5840.866166,472.48,0,59.06,6729796,0.139573618271857,-0.139573618271857
"44",1.83182927635862,24.046,7.088,41.003,0,1.7233834589045,0,16.957,33.915,9.255,0,"model average","Bacteria","Pseudomonadota","Gammaproteobacteria","Pseudomonadales","Pseudomonadaceae","Pseudomonas_E","Pseudomonas_E sp009764645",15,"Bay","B","auc",361.343704295491,1.37798271591651,13.9218645890257,27.3,12.0775,27.3,20.059375,0,7.981875,4.12335094374941,4.02268050055861,44.2399267399267,"Bodega","Cold stable",781.287,5840.866166,472.48,0,59.31,6202971,0.108021540061247,-0.108027910382651
"45",1.77973612466708,24.76,8.361,41.158,0,1.51668191295184,0,16.398,32.797,8.961,0,"model average","Bacteria","Pseudomonadota","Gammaproteobacteria","Pseudomonadales","Pseudomonadaceae","Pseudomonas_E",NA,15,"Bay","B","auc",361.343704295491,1.37798271591651,13.9218645890257,27.3,12.0775,27.3,20.059375,0,7.981875,4.12335094374941,4.02268050055861,44.2399267399267,"Bodega","Cold stable",781.287,5840.866166,472.48,0,59.03,6867831,0.108527112913414,-0.108533731227411
"46",1.61692514559736,24.603,6.591,42.614,0,1.35001549901081,0,18.011,36.023,9.86,0,"model average","Bacteria","Pseudomonadota","Gammaproteobacteria","Pseudomonadales","Pseudomonadaceae","Pseudomonas_E",NA,15,"Bay","B","auc",361.343704295491,1.37798271591651,13.9218645890257,27.3,12.0775,27.3,20.059375,0,7.981875,4.12335094374941,4.02268050055861,44.2399267399267,"Bodega","Cold stable",781.287,5840.866166,472.48,0,59.02,6932158,0.0897693285363846,-0.0897743126754406
"47",2.40546736063459,25.99,9.87,42.111,0,1.27404999976093,0,16.121,32.241,8.798,0,"model average","Bacteria","Pseudomonadota","Gammaproteobacteria","Pseudomonadales","Pseudomonadaceae","Pseudomonas_E",NA,15,"Bay","B","auc",361.343704295491,1.37798271591651,13.9218645890257,27.3,12.0775,27.3,20.059375,0,7.981875,4.12335094374941,4.02268050055861,44.2399267399267,"Bodega","Cold stable",781.287,5840.866166,472.48,0,59.23,6658523,0.149222540982295,-0.149213284575063
"49",1.3796132925997,28.251,15.07,41.432,0.781331463825021,4.23879193817944,2.81269415125534,13.181,26.362,7.21,-3.45746047435442,"model average","Bacteria","Pseudomonadota","Gammaproteobacteria","Pseudomonadales","Pseudomonadaceae","Pseudomonas_E","Pseudomonas_E paracarnis",15,"Bay","B","auc",361.343704295491,1.37798271591651,13.9218645890257,27.3,12.0775,27.3,20.059375,0,7.981875,4.12335094374941,4.02268050055861,44.2399267399267,"Bodega","Cold stable",781.287,5840.866166,472.48,0,60.02,5915924,0.104666815309893,-0.104666815309893
"51",2.36582473450047,25.645,10.977,40.312,0,1.52024523770703,0,14.667,29.335,8.034,0,"model average","Bacteria","Pseudomonadota","Gammaproteobacteria","Pseudomonadales","Pseudomonadaceae","Pseudomonas_E","Pseudomonas_E sp002878485",15,"Bay","P","auc",350.860278656857,0.449009410021076,13.1830690263973,16.286,5.10191666666667,21.78,15.62375,5.494,10.5218333333333,3.48432865781232,3.73557827042785,31.3270088828851,"Point Reyes","Cold stable",931.663,7586.705926,563.18,0,60.21,6374205,0.161291569027848,-0.161302565930352
"52",2.09732897026811,26.098,12.832,39.364,0,1.69086050293014,0,13.266,26.532,7.242,0,"model average","Bacteria","Pseudomonadota","Gammaproteobacteria","Pseudomonadales","Pseudomonadaceae","Pseudomonas_E","Pseudomonas_E sp002878485",15,"Bay","P","auc",350.860278656857,0.449009410021076,13.1830690263973,16.286,5.10191666666667,21.78,15.62375,5.494,10.5218333333333,3.48432865781232,3.73557827042785,31.3270088828851,"Point Reyes","Cold stable",931.663,7586.705926,563.18,0,60.13,6410550,0.158098068013577,-0.158098068013577
"53",1.3120325764461,26.818,13.04,40.596,0,1.3331803739738,0,13.778,27.556,7.528,0,"model average","Bacteria","Pseudomonadota","Gammaproteobacteria","Pseudomonadales","Pseudomonadaceae","Pseudomonas_E","Pseudomonas_E shirazensis",15,"Bay","P","auc",350.860278656857,0.449009410021076,13.1830690263973,16.286,5.10191666666667,21.78,15.62375,5.494,10.5218333333333,3.48432865781232,3.73557827042785,31.3270088828851,"Point Reyes","Cold stable",931.663,7586.705926,563.18,0,61.85,5102710,0.0952266349576208,-0.0952266349576209
"54",1.90061496210926,26.78,13.555,40.005,0,1.29732041688292,0,13.225,26.45,7.23,0,"model average","Bacteria","Pseudomonadota","Gammaproteobacteria","Pseudomonadales","Pseudomonadaceae","Pseudomonas_E","Pseudomonas_E shirazensis",15,"Bay","P","auc",350.860278656857,0.449009410021076,13.1830690263973,16.286,5.10191666666667,21.78,15.62375,5.494,10.5218333333333,3.48432865781232,3.73557827042785,31.3270088828851,"Point Reyes","Cold stable",931.663,7586.705926,563.18,0,61,11122102,0.143713796756844,-0.143713796756844
"55",2.74524773301521,27.984,14.694,41.273,0,1.15712381191446,0,13.289,26.579,7.253,0,"model average","Bacteria","Pseudomonadota","Gammaproteobacteria","Pseudomonadales","Pseudomonadaceae","Pseudomonas_E","Pseudomonas_E fluorescens_G",15,"Bay","P","auc",350.860278656857,0.449009410021076,13.1830690263973,16.286,5.10191666666667,21.78,15.62375,5.494,10.5218333333333,3.48432865781232,3.73557827042785,31.3270088828851,"Point Reyes","Cold stable",931.663,7586.705926,563.18,0,60.05,6187987,0.206564915952988,-0.20658046000566
"56",2.6007028601069,28.577,15.871,41.283,0.822684633321268,5.38346111514276,2.96823504298779,12.706,25.412,6.982,-4.56077648182149,"model average","Bacteria","Pseudomonadota","Gammaproteobacteria","Pseudomonadales","Pseudomonadaceae","Pseudomonas_E",NA,15,"Bay","P","auc",350.860278656857,0.449009410021076,13.1830690263973,16.286,5.10191666666667,21.78,15.62375,5.494,10.5218333333333,3.48432865781232,3.73557827042785,31.3270088828851,"Point Reyes","Cold stable",931.663,7586.705926,563.18,0,59.1,6340489,0.204683052109783,-0.204683052109783
"57",2.87223872713566,25.405,11.53,39.28,0,1.66710871988677,0,13.875,27.75,7.612,0,"model average","Bacteria","Pseudomonadota","Gammaproteobacteria","Pseudomonadales","Pseudomonadaceae","Pseudomonas_E","Pseudomonas_E sp002843605",15,"Bay","P","auc",350.860278656857,0.449009410021076,13.1830690263973,16.286,5.10191666666667,21.78,15.62375,5.494,10.5218333333333,3.48432865781232,3.73557827042785,31.3270088828851,"Point Reyes","Cold stable",931.663,7586.705926,563.18,0,60.8,6513947,0.207008196550318,-0.207008196550318
"59",2.84146878749871,26.306,12.541,40.07,0,1.43734156450645,0,13.764,27.529,7.535,0,"model average","Bacteria","Pseudomonadota","Gammaproteobacteria","Enterobacterales","Enterobacteriaceae","Serratia_J","Serratia_J quinivorans",15,"Bay","P","auc",350.860278656857,0.449009410021076,13.1830690263973,16.286,5.10191666666667,21.78,15.62375,5.494,10.5218333333333,3.48432865781232,3.73557827042785,31.3270088828851,"Point Reyes","Cold stable",931.663,7586.705926,563.18,0,55.21,5277702,0.206427082273789,-0.206442079882208
"60",1.60548338498109,26.513,11.002,42.025,0,1.15497839990709,0,15.512,31.023,8.517,0,"model average","Bacteria","Pseudomonadota","Gammaproteobacteria","Pseudomonadales","Pseudomonadaceae","Pseudomonas_E",NA,25,"Bay","J","auc",715.135157089093,3.39091988539475,18.9919945272543,39.822,13.3560833333333,43,26.8227083333333,3.178,13.466625,9.7690587842505,6.34725910229779,33.539458925552,"Jepson Prairie","Hot stable",454.142,3696.476858,282.51,0,59.8,5975621,0.103506117270395,-0.103499444622298
"61",1.58135162979929,27.744,15.027,40.46,0,1.31996212334704,0,12.716,25.433,6.957,0,"model average","Bacteria","Pseudomonadota","Gammaproteobacteria","Pseudomonadales","Pseudomonadaceae","Pseudomonas_E","Pseudomonas_E seleniipraecipitans",25,"Bay","J","auc",715.135157089093,3.39091988539475,18.9919945272543,39.822,13.3560833333333,43,26.8227083333333,3.178,13.466625,9.7690587842505,6.34725910229779,33.539458925552,"Jepson Prairie","Hot stable",454.142,3696.476858,282.51,0,61.62,4406510,0.124349424376763,-0.124359203350054
"63",1.17323869592265,27.255,11.915,42.595,0,1.02945927401188,0,15.34,30.68,8.386,0,"model average","Bacteria","Pseudomonadota","Gammaproteobacteria","Pseudomonadales","Moraxellaceae","Acinetobacter","Acinetobacter calcoaceticus",25,"Bay","J","auc",715.135157089093,3.39091988539475,18.9919945272543,39.822,13.3560833333333,43,26.8227083333333,3.178,13.466625,9.7690587842505,6.34725910229779,33.539458925552,"Jepson Prairie","Hot stable",454.142,3696.476858,282.51,0,38.5,4050276,0.076482313945414,-0.076482313945414
"64",0.96328703223202,25.765,6.493,45.036,0,1.07361998104889,0,19.271,38.543,10.528,0,"model average","Bacteria","Pseudomonadota","Gammaproteobacteria","Pseudomonadales","Pseudomonadaceae","Pseudomonas_E","Pseudomonas_E fluorescens_G",25,"Bay","J","auc",715.135157089093,3.39091988539475,18.9919945272543,39.822,13.3560833333333,43,26.8227083333333,3.178,13.466625,9.7690587842505,6.34725910229779,33.539458925552,"Jepson Prairie","Hot stable",454.142,3696.476858,282.51,0,59.96,6254002,0.0499837604935668,-0.0499863542230305
"65",0.932009529693053,24.557,4.243,44.87,0,1.11704911358294,0,20.313,40.627,11.119,0,"model average","Bacteria","Pseudomonadota","Gammaproteobacteria","Pseudomonadales","Pseudomonadaceae","Pseudomonas_E","Pseudomonas_E shirazensis",25,"Bay","J","auc",715.135157089093,3.39091988539475,18.9919945272543,39.822,13.3560833333333,43,26.8227083333333,3.178,13.466625,9.7690587842505,6.34725910229779,33.539458925552,"Jepson Prairie","Hot stable",454.142,3696.476858,282.51,0,61.91,5173871,0.04588015800399,-0.0458824166638632
"66",0.842056038768658,27.929,0.646999999999998,55.211,0,0.446217308652322,0,27.282,54.564,14.891,0,"model average","Bacteria","Pseudomonadota","Gammaproteobacteria","Pseudomonadales","Pseudomonadaceae","Pseudomonas_E","Pseudomonas_E shirazensis",25,"Bay","J","auc",715.135157089093,3.39091988539475,18.9919945272543,39.822,13.3560833333333,43,26.8227083333333,3.178,13.466625,9.7690587842505,6.34725910229779,33.539458925552,"Jepson Prairie","Hot stable",454.142,3696.476858,282.51,0,61.97,5071127,0.0308648940242159,-0.0308648940242159
"67",0.888896146695144,26.929,9.381,44.478,0,0.883340731190525,0,17.549,35.097,9.579,0,"model average","Bacteria","Pseudomonadota","Gammaproteobacteria","Pseudomonadales","Pseudomonadaceae","Pseudomonas_E",NA,25,"Bay","J","auc",715.135157089093,3.39091988539475,18.9919945272543,39.822,13.3560833333333,43,26.8227083333333,3.178,13.466625,9.7690587842505,6.34725910229779,33.539458925552,"Jepson Prairie","Hot stable",454.142,3696.476858,282.51,0,60.29,6081011,0.0506551257519458,-0.0506522392555213
"68",1.0491625501334,27.712,14.703,40.72,0,1.1924712552604,0,13.008,26.017,7.121,0,"model average","Bacteria","Pseudomonadota","Gammaproteobacteria","Pseudomonadales","Pseudomonadaceae","Pseudomonas_E","Pseudomonas_E sp001984065",25,"Bay","J","auc",715.135157089093,3.39091988539475,18.9919945272543,39.822,13.3560833333333,43,26.8227083333333,3.178,13.466625,9.7690587842505,6.34725910229779,33.539458925552,"Jepson Prairie","Hot stable",454.142,3696.476858,282.51,0,60.42,6732001,0.0806489776411254,-0.0806551775932811
"69",0.974327460236897,26.298,8.105,44.491,0,1.001883273535,0,18.193,36.386,9.946,0,"model average","Bacteria","Pseudomonadota","Gammaproteobacteria","Pseudomonadales","Pseudomonadaceae","Pseudomonas_E","Pseudomonas_E sp003851685",25,"Bay","J","auc",715.135157089093,3.39091988539475,18.9919945272543,39.822,13.3560833333333,43,26.8227083333333,3.178,13.466625,9.7690587842505,6.34725910229779,33.539458925552,"Jepson Prairie","Hot stable",454.142,3696.476858,282.51,0,60.73,5985341,0.0535550739425547,-0.0535550739425547
"70",1.45176919739558,28.202,14.14,42.265,0.721935518634962,4.72142621633958,2.59907813579497,14.063,28.125,7.685,-3.99949069770462,"model average","Bacteria","Pseudomonadota","Gammaproteobacteria","Pseudomonadales","Pseudomonadaceae","Pseudomonas_E",NA,25,"Bay","J","auc",715.135157089093,3.39091988539475,18.9919945272543,39.822,13.3560833333333,43,26.8227083333333,3.178,13.466625,9.7690587842505,6.34725910229779,33.539458925552,"Jepson Prairie","Hot stable",454.142,3696.476858,282.51,0,60.31,6072132,0.103240591480272,-0.103233250188123
"71",1.65114817416617,26.191,9.994,42.389,0,1.06656880255046,0,16.198,32.395,8.848,0,"model average","Bacteria","Pseudomonadota","Gammaproteobacteria","Pseudomonadales","Pseudomonadaceae","Pseudomonas_E",NA,25,"Bay","J","auc",715.135157089093,3.39091988539475,18.9919945272543,39.822,13.3560833333333,43,26.8227083333333,3.178,13.466625,9.7690587842505,6.34725910229779,33.539458925552,"Jepson Prairie","Hot stable",454.142,3696.476858,282.51,0,60.26,6090507,0.101941604875358,-0.101935311406727
"72",2.08955683227896,27.762,9.415,46.109,0,0.735960976812288,0,18.347,36.694,10.024,0,"model average","Bacteria","Pseudomonadota","Gammaproteobacteria","Pseudomonadales","Pseudomonadaceae","Pseudomonas_E",NA,25,"Bay","QR","auc",952.839348727993,5.12058986245278,21.6727287327151,49.956,19.9221333333333,51.59,32.7491666666667,1.634,12.8270333333333,12.5018491231168,7.74440653253966,39.8793605039101,"Quail Ridge","Hot variable",602.291,5044.004692,435.86,0,60.1,5654300,0.113890926706217,-0.113890926706217
"73",1.1044009296656,25.457,6.371,44.543,0,0.957133085460572,0,19.086,38.172,10.454,0,"model average","Bacteria","Pseudomonadota","Gammaproteobacteria","Pseudomonadales","Pseudomonadaceae","Pseudomonas_E","Pseudomonas_E shirazensis",25,"Bay","QR","auc",952.839348727993,5.12058986245278,21.6727287327151,49.956,19.9221333333333,51.59,32.7491666666667,1.634,12.8270333333333,12.5018491231168,7.74440653253966,39.8793605039101,"Quail Ridge","Hot variable",602.291,5044.004692,435.86,0,61.77,5224557,0.0578644519367914,-0.0578644519367914
"74",1.55052102503151,27.833,13.441,42.225,0,1.10865533892087,0,14.392,28.784,7.861,0,"model average","Bacteria","Pseudomonadota","Gammaproteobacteria","Pseudomonadales","Pseudomonadaceae","Pseudomonas_E","Pseudomonas_E sp009764265",25,"Bay","QR","auc",952.839348727993,5.12058986245278,21.6727287327151,49.956,19.9221333333333,51.59,32.7491666666667,1.634,12.8270333333333,12.5018491231168,7.74440653253966,39.8793605039101,"Quail Ridge","Hot variable",602.291,5044.004692,435.86,0,60.45,6686755,0.107734923918254,-0.107734923918254
"75",1.67339533389627,28.311,10.334,46.289,0.721374874639419,1.29852049213074,2.59516287584024,17.978,35.955,9.831,-0.57714561749132,"model average","Bacteria","Pseudomonadota","Gammaproteobacteria","Pseudomonadales","Pseudomonadaceae","Pseudomonas_E","Pseudomonas_E fluorescens_BG",25,"Bay","QR","auc",952.839348727993,5.12058986245278,21.6727287327151,49.956,19.9221333333333,51.59,32.7491666666667,1.634,12.8270333333333,12.5018491231168,7.74440653253966,39.8793605039101,"Quail Ridge","Hot variable",602.291,5044.004692,435.86,0,59.34,5659138,0.0930853498301313,-0.0930801720934626
"78",1.46046405766357,27.191,11.921,42.46,0,1.05436119167392,0,15.269,30.539,8.341,0,"model average","Bacteria","Pseudomonadota","Gammaproteobacteria","Pseudomonadales","Pseudomonadaceae","Pseudomonas_E",NA,25,"Bay","QR","auc",952.839348727993,5.12058986245278,21.6727287327151,49.956,19.9221333333333,51.59,32.7491666666667,1.634,12.8270333333333,12.5018491231168,7.74440653253966,39.8793605039101,"Quail Ridge","Hot variable",602.291,5044.004692,435.86,0,59.83,5782607,0.0956427018771166,-0.0956489657255596
"80",1.59470932276912,25.742,12.654,38.831,0,1.55473758837835,0,13.089,26.177,7.161,0,"model average","Bacteria","Pseudomonadota","Gammaproteobacteria","Pseudomonadales","Pseudomonadaceae","Pseudomonas_E",NA,25,"Bay","QR","auc",952.839348727993,5.12058986245278,21.6727287327151,49.956,19.9221333333333,51.59,32.7491666666667,1.634,12.8270333333333,12.5018491231168,7.74440653253966,39.8793605039101,"Quail Ridge","Hot variable",602.291,5044.004692,435.86,0,59.96,5864300,0.121845149967078,-0.121835840993897
"82",1.63584593637914,27.934,11.938,43.929,0,0.974659288527363,0,15.995,31.991,8.731,0,"model average","Bacteria","Pseudomonadota","Gammaproteobacteria","Pseudomonadales","Pseudomonadaceae","Pseudomonas_E",NA,25,"Bay","QR","auc",952.839348727993,5.12058986245278,21.6727287327151,49.956,19.9221333333333,51.59,32.7491666666667,1.634,12.8270333333333,12.5018491231168,7.74440653253966,39.8793605039101,"Quail Ridge","Hot variable",602.291,5044.004692,435.86,0,60.83,5911358,0.102265937508073,-0.102272331127173
"83",1.13175507238612,26.639,10.002,43.276,0,1.06155422757964,0,16.637,33.274,9.106,0,"model average","Bacteria","Pseudomonadota","Gammaproteobacteria","Pseudomonadales","Pseudomonadaceae","Pseudomonas_E",NA,25,"Bay","QR","auc",952.839348727993,5.12058986245278,21.6727287327151,49.956,19.9221333333333,51.59,32.7491666666667,1.634,12.8270333333333,12.5018491231168,7.74440653253966,39.8793605039101,"Quail Ridge","Hot variable",602.291,5044.004692,435.86,0,60.84,5911809,0.0680263913197163,-0.0680263913197163
"84",1.23412160896903,25.398,9.016,41.779,0,1.35204653705894,0,16.381,32.763,8.973,0,"model average","Bacteria","Pseudomonadota","Gammaproteobacteria","Pseudomonadales","Pseudomonadaceae","Pseudomonas_E",NA,25,"Bay","M","auc",803.896535580864,2.75745090239664,18.9795917698631,40.786,13.4634523809524,43.33,26.2285714285714,2.544,12.765119047619,9.27213277123266,7.16336482893367,33.0099847520041,"McLaughlin","Hot stable",825.463,6810.513893,529.12,0,60.96,5703032,0.0753340012800043,-0.0753386001446206
"85",1.82074826806271,28.221,16.468,39.973,0.9340827276342,4.23040290950044,3.43223936179032,11.752,23.505,6.428,-3.29632018186624,"model average","Bacteria","Pseudomonadota","Gammaproteobacteria","Pseudomonadales","Pseudomonadaceae","Pseudomonas_E",NA,25,"Bay","M","auc",803.896535580864,2.75745090239664,18.9795917698631,40.786,13.4634523809524,43.33,26.2285714285714,2.544,12.765119047619,9.27213277123266,7.16336482893367,33.0099847520041,"McLaughlin","Hot stable",825.463,6810.513893,529.12,0,60.96,5702402,0.154917745942543,-0.154930928187773
"86",2.58598987162773,29.062,17.612,40.512,1.09523906692181,2.54884259909691,4.22413803977223,11.45,22.9,6.25,-1.4536035321751,"model average","Bacteria","Pseudomonadota","Gammaproteobacteria","Pseudomonadales","Pseudomonadaceae","Pseudomonas_E",NA,25,"Bay","M","auc",803.896535580864,2.75745090239664,18.9795917698631,40.786,13.4634523809524,43.33,26.2285714285714,2.544,12.765119047619,9.27213277123266,7.16336482893367,33.0099847520041,"McLaughlin","Hot stable",825.463,6810.513893,529.12,0,58.74,6283611,0.225850643810282,-0.225850643810282
"89",1.45065668496526,28.248,14.107,42.388,0.755015723867903,4.29787142554957,2.71316927423404,14.14,28.281,7.73200000000001,-3.54285570168167,"model average","Bacteria","Pseudomonadota","Gammaproteobacteria","Pseudomonadales","Pseudomonadaceae","Pseudomonas_E",NA,25,"Bay","M","auc",803.896535580864,2.75745090239664,18.9795917698631,40.786,13.4634523809524,43.33,26.2285714285714,2.544,12.765119047619,9.27213277123266,7.16336482893367,33.0099847520041,"McLaughlin","Hot stable",825.463,6810.513893,529.12,0,60.14,5701059,0.102585155573528,-0.102592410535025
"90",1.92139588252296,29.483,13.983,44.982,0.736592460186652,2.07912451831082,2.64889258548711,15.499,30.999,8.51,-1.34253205812417,"model average","Bacteria","Pseudomonadota","Gammaproteobacteria","Pseudomonadales","Pseudomonadaceae","Pseudomonas_E","Pseudomonas_E kilonensis",25,"Bay","M","auc",803.896535580864,2.75745090239664,18.9795917698631,40.786,13.4634523809524,43.33,26.2285714285714,2.544,12.765119047619,9.27213277123266,7.16336482893367,33.0099847520041,"McLaughlin","Hot stable",825.463,6810.513893,529.12,0,60.93,6538802,0.123961024678901,-0.123969022680364
"91",0.906569834686069,25.383,5.856,44.911,0,0.822342987070334,0,19.528,39.055,10.683,0,"model average","Bacteria","Pseudomonadota","Gammaproteobacteria","Pseudomonadales","Pseudomonadaceae","Pseudomonas_E",NA,25,"Bay","M","auc",803.896535580864,2.75745090239664,18.9795917698631,40.786,13.4634523809524,43.33,26.2285714285714,2.544,12.765119047619,9.27213277123266,7.16336482893367,33.0099847520041,"McLaughlin","Hot stable",825.463,6810.513893,529.12,0,60.25,6068428,0.0464264779375259,-0.046424100506251
"94",1.55083763042704,26.582,6.261,46.902,0,0.907558935594244,0,20.32,40.641,11.119,0,"model average","Bacteria","Pseudomonadota","Gammaproteobacteria","Pseudomonadales","Pseudomonadaceae","Pseudomonas_E","Pseudomonas_E edaphica",25,"Bay","B","auc",361.343704295491,1.37798271591651,13.9218645890257,27.3,12.0775,27.3,20.059375,0,7.981875,4.12335094374941,4.02268050055861,44.2399267399267,"Bodega","Cold stable",781.287,5840.866166,472.48,0,58.76,11169374,0.0763169937713223,-0.0763207495288898
"95",1.12843711389691,24.975,7.094,42.856,0,1.45202581468913,0,17.881,35.762,9.759,0,"model average","Bacteria","Pseudomonadota","Gammaproteobacteria","Pseudomonadales","Pseudomonadaceae","Pseudomonas_E","Pseudomonas_E sp009764645",25,"Bay","B","auc",361.343704295491,1.37798271591651,13.9218645890257,27.3,12.0775,27.3,20.059375,0,7.981875,4.12335094374941,4.02268050055861,44.2399267399267,"Bodega","Cold stable",781.287,5840.866166,472.48,0,59.25,6330989,0.0631081658686265,-0.0631081658686265
"96",1.46691641563209,26.61,5.471,47.75,0,0.791170933399806,0,21.14,42.279,11.561,0,"model average","Bacteria","Pseudomonadota","Gammaproteobacteria","Pseudomonadales","Pseudomonadaceae","Pseudomonas_E","Pseudomonas_E sp009764645",25,"Bay","B","auc",361.343704295491,1.37798271591651,13.9218645890257,27.3,12.0775,27.3,20.059375,0,7.981875,4.12335094374941,4.02268050055861,44.2399267399267,"Bodega","Cold stable",781.287,5840.866166,472.48,0,59.29,6079305,0.0693938415077388,-0.0693905589229939
"97",1.87173925388393,26.692,12.414,40.97,0,1.45929250497061,0,14.278,28.556,7.814,0,"model average","Bacteria","Pseudomonadota","Gammaproteobacteria","Pseudomonadales","Pseudomonadaceae","Pseudomonas_E",NA,25,"Bay","B","auc",361.343704295491,1.37798271591651,13.9218645890257,27.3,12.0775,27.3,20.059375,0,7.981875,4.12335094374941,4.02268050055861,44.2399267399267,"Bodega","Cold stable",781.287,5840.866166,472.48,0,60.29,6683766,0.131092537742256,-0.131092537742256
"98",1.45742948544178,27.25,11.762,42.739,0,1.14266179796864,0,15.489,30.977,8.467,0,"model average","Bacteria","Pseudomonadota","Gammaproteobacteria","Pseudomonadales","Pseudomonadaceae","Pseudomonas_E",NA,25,"Bay","B","auc",361.343704295491,1.37798271591651,13.9218645890257,27.3,12.0775,27.3,20.059375,0,7.981875,4.12335094374941,4.02268050055861,44.2399267399267,"Bodega","Cold stable",781.287,5840.866166,472.48,0,59.23,6656003,0.0941005607852389,-0.0940944854698031
"99",1.04778541825113,24.38,9.534,39.227,0,2.45782191666939,0,14.847,29.693,8.135,0,"model average","Bacteria","Pseudomonadota","Gammaproteobacteria","Pseudomonadales","Pseudomonadaceae","Pseudomonas_E","Pseudomonas_E paracarnis",25,"Bay","B","auc",361.343704295491,1.37798271591651,13.9218645890257,27.3,12.0775,27.3,20.059375,0,7.981875,4.12335094374941,4.02268050055861,44.2399267399267,"Bodega","Cold stable",781.287,5840.866166,472.48,0,59.86,5954965,0.0705769512495709,-0.0705721976325945
"100",1.70764149380582,27.172,7.856,46.489,0,0.838797966042576,0,19.317,38.633,10.548,0,"model average","Bacteria","Pseudomonadota","Gammaproteobacteria","Enterobacterales","Enterobacteriaceae","UBA7405","UBA7405 sp002469605",25,"Bay","B","auc",361.343704295491,1.37798271591651,13.9218645890257,27.3,12.0775,27.3,20.059375,0,7.981875,4.12335094374941,4.02268050055861,44.2399267399267,"Bodega","Cold stable",781.287,5840.866166,472.48,0,56.91,4604797,0.0884055443055405,-0.0884009677385629
"101",2.76747217163141,27.049,7.715,46.384,0,0.884423372465626,0,19.335,38.669,10.553,0,"model average","Bacteria","Pseudomonadota","Gammaproteobacteria","Pseudomonadales","Pseudomonadaceae","Pseudomonas_E","Pseudomonas_E sp009764645",25,"Bay","B","auc",361.343704295491,1.37798271591651,13.9218645890257,27.3,12.0775,27.3,20.059375,0,7.981875,4.12335094374941,4.02268050055861,44.2399267399267,"Bodega","Cold stable",781.287,5840.866166,472.48,0,59.22,6319954,0.143140176457609,-0.143132773293582
"102",1.49317914129536,26.93,8.199,45.66,0,0.904842409132497,0,18.73,37.461,10.223,0,"model average","Bacteria","Pseudomonadota","Gammaproteobacteria","Enterobacterales","Enterobacteriaceae","UBA7405","UBA7405 sp002469605",25,"Bay","B","auc",361.343704295491,1.37798271591651,13.9218645890257,27.3,12.0775,27.3,20.059375,0,7.981875,4.12335094374941,4.02268050055861,44.2399267399267,"Bodega","Cold stable",781.287,5840.866166,472.48,0,56.9,4605564,0.0797170007631926,-0.0797212568764207
"103",1.47677498346002,24.612,7.544,41.68,0,1.79275529143306,0,17.068,34.136,9.346,0,"model average","Bacteria","Pseudomonadota","Gammaproteobacteria","Enterobacterales","Enterobacteriaceae","Buttiauxella","Buttiauxella davisae_A",25,"Bay","P","auc",350.860278656857,0.449009410021076,13.1830690263973,16.286,5.10191666666667,21.78,15.62375,5.494,10.5218333333333,3.48432865781232,3.73557827042785,31.3270088828851,"Point Reyes","Cold stable",931.663,7586.705926,563.18,0,53.88,4952236,0.0865230245758156,-0.0865230245758156
"104",1.7330046749435,25.911,13.049,38.773,0,1.78325756392591,0,12.862,25.724,7.022,0,"model average","Bacteria","Pseudomonadota","Gammaproteobacteria","Pseudomonadales","Pseudomonadaceae","Pseudomonas_E","Pseudomonas_E sp002878485",25,"Bay","P","auc",350.860278656857,0.449009410021076,13.1830690263973,16.286,5.10191666666667,21.78,15.62375,5.494,10.5218333333333,3.48432865781232,3.73557827042785,31.3270088828851,"Point Reyes","Cold stable",931.663,7586.705926,563.18,0,60.13,6413803,0.134738351340655,-0.134738351340655
"106",2.51915855295761,26.325,9.981,42.669,0,1.25025387679025,0,16.344,32.688,8.942,0,"model average","Bacteria","Pseudomonadota","Gammaproteobacteria","Pseudomonadales","Pseudomonadaceae","Pseudomonas_E","Pseudomonas_E sp002980155",25,"Bay","P","auc",350.860278656857,0.449009410021076,13.1830690263973,16.286,5.10191666666667,21.78,15.62375,5.494,10.5218333333333,3.48432865781232,3.73557827042785,31.3270088828851,"Point Reyes","Cold stable",931.663,7586.705926,563.18,0,60.67,6354388,0.154133538482477,-0.154133538482477
"107",1.95712503241607,25.396,5.689,45.102,0,1.1918596910327,0,19.706,39.413,10.782,0,"model average","Bacteria","Pseudomonadota","Gammaproteobacteria","Pseudomonadales","Pseudomonadaceae","Pseudomonas_E","Pseudomonas_E sp002980155",25,"Bay","P","auc",350.860278656857,0.449009410021076,13.1830690263973,16.286,5.10191666666667,21.78,15.62375,5.494,10.5218333333333,3.48432865781232,3.73557827042785,31.3270088828851,"Point Reyes","Cold stable",931.663,7586.705926,563.18,0,60.67,6354778,0.0993111601165104,-0.0993161997572349
"108",1.12073054769873,26.096,8.139,44.053,0,1.08294403970672,0,17.957,35.914,9.802,0,"model average","Bacteria","Pseudomonadota","Gammaproteobacteria","Pseudomonadales","Pseudomonadaceae","Pseudomonas_E","Pseudomonas_E edaphica",25,"Bay","P","auc",350.860278656857,0.449009410021076,13.1830690263973,16.286,5.10191666666667,21.78,15.62375,5.494,10.5218333333333,3.48432865781232,3.73557827042785,31.3270088828851,"Point Reyes","Cold stable",931.663,7586.705926,563.18,0,60.13,6504976,0.0624119033078315,-0.0624119033078315
"141",1.93900720762181,26.145,10.993,41.297,0,1.29828047911703,0,15.152,30.304,8.274,0,"model average","Bacteria","Pseudomonadota","Gammaproteobacteria","Pseudomonadales","Pseudomonadaceae","Stutzerimonas",NA,15,"Sierras","W","auc",878.106767977053,6.62465039416759,3.72997453836007,63.16,36.9024583333333,43.2,26.5604583333333,-19.96,-10.342,12.3358156459296,7.18459930806105,58.4269447962846,"White Mountain","Cold variable",131.682,770.7204333,148.04,0,59.18,4518988,0.127970380650859,-0.127970380650859
"142",1.49217178657763,26.891,11.562,42.22,0,1.22919737687896,0,15.329,30.658,8.369,0,"model average","Bacteria","Pseudomonadota","Gammaproteobacteria","Pseudomonadales","Pseudomonadaceae","Stutzerimonas",NA,15,"Sierras","W","auc",878.106767977053,6.62465039416759,3.72997453836007,63.16,36.9024583333333,43.2,26.5604583333333,-19.96,-10.342,12.3358156459296,7.18459930806105,58.4269447962846,"White Mountain","Cold variable",131.682,770.7204333,148.04,0,59.18,4519903,0.0973430612941242,-0.0973430612941242
"144",0.992172191163112,25.831,5.49,46.171,0,0.89988598978567,0,20.34,40.681,11.106,0,"model average","Bacteria","Pseudomonadota","Gammaproteobacteria","Pseudomonadales","Pseudomonadaceae","Pseudomonas_E",NA,15,"Sierras","W","auc",878.106767977053,6.62465039416759,3.72997453836007,63.16,36.9024583333333,43.2,26.5604583333333,-19.96,-10.342,12.3358156459296,7.18459930806105,58.4269447962846,"White Mountain","Cold variable",131.682,770.7204333,148.04,0,60.08,5092518,0.0487769623500866,-0.0487793604308315
"145",0.848945219064719,28.393,13.809,42.977,0.691362602302182,3.15244308365428,2.50275151820215,14.584,29.168,7.995,-2.4610804813521,"model average","Bacteria","Pseudomonadota","Gammaproteobacteria","Pseudomonadales","Pseudomonadaceae","Pseudomonas_E",NA,15,"Sierras","W","auc",878.106767977053,6.62465039416759,3.72997453836007,63.16,36.9024583333333,43.2,26.5604583333333,-19.96,-10.342,12.3358156459296,7.18459930806105,58.4269447962846,"White Mountain","Cold variable",131.682,770.7204333,148.04,0,60.08,5094419,0.0582107253884201,-0.0582107253884201
"146",0.794883204048532,25.681,6.558,44.804,0,1.06872997208539,0,19.123,38.246,10.455,0,"model average","Bacteria","Pseudomonadota","Gammaproteobacteria","Pseudomonadales","Pseudomonadaceae","Pseudomonas_E",NA,15,"Sierras","W","auc",878.106767977053,6.62465039416759,3.72997453836007,63.16,36.9024583333333,43.2,26.5604583333333,-19.96,-10.342,12.3358156459296,7.18459930806105,58.4269447962846,"White Mountain","Cold variable",131.682,770.7204333,148.04,0,60.18,4960484,0.0415668673350694,-0.0415668673350694
"147",0.874720380099378,29.602,3.591,55.613,0.542344346499574,0.822071764962774,2.04959495088648,26.011,52.022,14.217,-0.2797274184632,"model average","Bacteria","Pseudomonadota","Gammaproteobacteria","Pseudomonadales","Pseudomonadaceae","Pseudomonas_E",NA,15,"Sierras","W","auc",878.106767977053,6.62465039416759,3.72997453836007,63.16,36.9024583333333,43.2,26.5604583333333,-19.96,-10.342,12.3358156459296,7.18459930806105,58.4269447962846,"White Mountain","Cold variable",131.682,770.7204333,148.04,0,60.08,5092380,0.0336288639459989,-0.0336288639459989
"148",1.36749392366989,25.215,9.992,40.439,0,1.39710786346881,0,15.224,30.447,8.319,0,"model average","Bacteria","Pseudomonadota","Gammaproteobacteria","Pseudomonadales","Pseudomonadaceae","Pseudomonas_E","Pseudomonas_E sp012935755",15,"Sierras","S","auc",925.997056708761,7.77846259026206,11.2878606063651,59.31,25.7524223333333,46.1,26.1615,-13.21,0.409077666666667,13.6358050487579,6.29129382540128,43.4200342831451,"SNARL","Cold variable",358.009,2285.278729,282.69,0,59.75,6874345,0.0898307773546535,-0.089824876751832
"149",1.29881345040792,26.524,13.755,39.293,0,1.53503169162182,0,12.769,25.538,7.028,0,"model average","Bacteria","Pseudomonadota","Gammaproteobacteria","Pseudomonadales","Pseudomonadaceae","Pseudomonas_E",NA,15,"Sierras","S","auc",925.997056708761,7.77846259026206,11.2878606063651,59.31,25.7524223333333,46.1,26.1615,-13.21,0.409077666666667,13.6358050487579,6.29129382540128,43.4200342831451,"SNARL","Cold variable",358.009,2285.278729,282.69,0,60.64,6232833,0.101716144600824,-0.101716144600824
"150",0.854468518465205,24.653,4.529,44.777,0,0.837641121689445,0,20.124,40.248,11.004,0,"model average","Bacteria","Pseudomonadota","Gammaproteobacteria","Pseudomonadales","Pseudomonadaceae","Pseudomonas_E",NA,15,"Sierras","S","auc",925.997056708761,7.77846259026206,11.2878606063651,59.31,25.7524223333333,46.1,26.1615,-13.21,0.409077666666667,13.6358050487579,6.29129382540128,43.4200342831451,"SNARL","Cold variable",358.009,2285.278729,282.69,0,60.65,6508476,0.0424601728515805,-0.0424601728515804
"151",1.73838046893215,27.709,13.672,41.746,0,1.15207660434172,0,14.037,28.074,7.681,0,"model average","Bacteria","Pseudomonadota","Gammaproteobacteria","Pseudomonadales","Pseudomonadaceae","Pseudomonas_E","Pseudomonas_E migulae_B",15,"Sierras","S","auc",925.997056708761,7.77846259026206,11.2878606063651,59.31,25.7524223333333,46.1,26.1615,-13.21,0.409077666666667,13.6358050487579,6.29129382540128,43.4200342831451,"SNARL","Cold variable",358.009,2285.278729,282.69,0,59.69,6423646,0.123842734838794,-0.123842734838794
"153",2.04600830099778,26.863,7.987,45.74,0,0.863369824631644,0,18.877,37.753,10.306,0,"model average","Bacteria","Pseudomonadota","Gammaproteobacteria","Pseudomonadales","Pseudomonadaceae","Pseudomonas_E",NA,15,"Sierras","S","auc",925.997056708761,7.77846259026206,11.2878606063651,59.31,25.7524223333333,46.1,26.1615,-13.21,0.409077666666667,13.6358050487579,6.29129382540128,43.4200342831451,"SNARL","Cold variable",358.009,2285.278729,282.69,0,58.89,6938378,0.108392048156271,-0.108386306139629
"154",1.38422462402568,26.702,10.437,42.966,0,1.11967100394157,0,16.264,32.529,8.895,0,"model average","Bacteria","Pseudomonadota","Gammaproteobacteria","Pseudomonadales","Pseudomonadaceae","Pseudomonas_E",NA,15,"Sierras","S","auc",925.997056708761,7.77846259026206,11.2878606063651,59.31,25.7524223333333,46.1,26.1615,-13.21,0.409077666666667,13.6358050487579,6.29129382540128,43.4200342831451,"SNARL","Cold variable",358.009,2285.278729,282.69,0,58.89,6939116,0.0851044957900818,-0.0851097284816577
"155",1.26666127835271,24.779,2.186,47.372,0,1.00569443973842,0,22.593,45.186,12.338,0,"model average","Bacteria","Pseudomonadota","Gammaproteobacteria","Pseudomonadales","Pseudomonadaceae","Pseudomonas_E",NA,15,"Sierras","S","auc",925.997056708761,7.77846259026206,11.2878606063651,59.31,25.7524223333333,46.1,26.1615,-13.21,0.409077666666667,13.6358050487579,6.29129382540128,43.4200342831451,"SNARL","Cold variable",358.009,2285.278729,282.69,0,58.89,6936443,0.0560643242753379,-0.0560643242753379
"156",1.59805726344077,28.307,12.187,44.426,0.736991710636242,2.01178485641094,2.65044578337096,16.119,32.239,8.817,-1.2747931457747,"model average","Bacteria","Pseudomonadota","Gammaproteobacteria","Pseudomonadales","Pseudomonadaceae","Pseudomonas_E","Pseudomonas_E sp003851685",15,"Sierras","S","auc",925.997056708761,7.77846259026206,11.2878606063651,59.31,25.7524223333333,46.1,26.1615,-13.21,0.409077666666667,13.6358050487579,6.29129382540128,43.4200342831451,"SNARL","Cold variable",358.009,2285.278729,282.69,0,60.35,6525576,0.0991350659702711,-0.0991412161697853
"157",1.35569986064434,26.693,13.487,39.9,0,1.52514019873781,0,13.207,26.413,7.231,0,"model average","Bacteria","Pseudomonadota","Gammaproteobacteria","Pseudomonadales","Pseudomonadaceae","Pseudomonas_E","Pseudomonas_E sp003851685",15,"Sierras","S","auc",925.997056708761,7.77846259026206,11.2878606063651,59.31,25.7524223333333,46.1,26.1615,-13.21,0.409077666666667,13.6358050487579,6.29129382540128,43.4200342831451,"SNARL","Cold variable",358.009,2285.278729,282.69,0,60.41,6058597,0.102657872228104,-0.102650099238611
"158",1.13408974557644,28.268,12.067,44.469,0.705468144963729,2.12363912641633,2.54380985766113,16.201,32.402,8.856,-1.4181709814526,"model average","Bacteria","Pseudomonadota","Gammaproteobacteria","Pseudomonadales","Pseudomonadaceae","Pseudomonas_E","Pseudomonas_E sp003851685",15,"Sierras","S","auc",925.997056708761,7.77846259026206,11.2878606063651,59.31,25.7524223333333,46.1,26.1615,-13.21,0.409077666666667,13.6358050487579,6.29129382540128,43.4200342831451,"SNARL","Cold variable",358.009,2285.278729,282.69,0,60.41,6053607,0.0700012187875094,-0.0700012187875094
"159",1.60370788392142,25.694,9.287,42.1,0,1.29269110266993,0,16.406,32.813,8.973,0,"model average","Bacteria","Pseudomonadota","Gammaproteobacteria","Pseudomonadales","Pseudomonadaceae","Pseudomonas_E","Pseudomonas_E sp003851685",15,"Sierras","S","auc",925.997056708761,7.77846259026206,11.2878606063651,59.31,25.7524223333333,46.1,26.1615,-13.21,0.409077666666667,13.6358050487579,6.29129382540128,43.4200342831451,"SNARL","Cold variable",358.009,2285.278729,282.69,0,60.41,6055931,0.0977453455184629,-0.0977513034207863
"160",1.11392146393074,27.891,10.515,45.267,0,0.90937787936245,0,17.376,34.752,9.486,0,"model average","Bacteria","Pseudomonadota","Gammaproteobacteria","Pseudomonadales","Pseudomonadaceae","Pseudomonas_E","Pseudomonas_E sp003851685",15,"Sierras","S","auc",925.997056708761,7.77846259026206,11.2878606063651,59.31,25.7524223333333,46.1,26.1615,-13.21,0.409077666666667,13.6358050487579,6.29129382540128,43.4200342831451,"SNARL","Cold variable",358.009,2285.278729,282.69,0,60.41,6055184,0.0641068982464745,-0.0641068982464744
"161",1.57420171533328,25.468,11.4,39.537,0,1.42724710515658,0,14.069,28.137,7.731,0,"model average","Bacteria","Pseudomonadota","Gammaproteobacteria","Pseudomonadales","Pseudomonadaceae","Pseudomonas_E",NA,15,"Sierras","S","auc",925.997056708761,7.77846259026206,11.2878606063651,59.31,25.7524223333333,46.1,26.1615,-13.21,0.409077666666667,13.6358050487579,6.29129382540128,43.4200342831451,"SNARL","Cold variable",358.009,2285.278729,282.69,0,59.97,5594078,0.111899467965118,-0.111891514345958
"162",1.40128884359131,24.713,7.782,41.644,0,1.48640377756715,0,16.931,33.862,9.257,0,"model average","Bacteria","Pseudomonadota","Gammaproteobacteria","Pseudomonadales","Pseudomonadaceae","Pseudomonas_E",NA,15,"Sierras","S","auc",925.997056708761,7.77846259026206,11.2878606063651,59.31,25.7524223333333,46.1,26.1615,-13.21,0.409077666666667,13.6358050487579,6.29129382540128,43.4200342831451,"SNARL","Cold variable",358.009,2285.278729,282.69,0,58.94,6391489,0.0827646827471094,-0.0827646827471095
"163",1.6313793847602,27.515,10.61,44.42,0,0.927834118535297,0,16.905,33.81,9.273,0,"model average","Bacteria","Pseudomonadota","Gammaproteobacteria","Pseudomonadales","Pseudomonadaceae","Pseudomonas_E",NA,15,"Sierras","S","auc",925.997056708761,7.77846259026206,11.2878606063651,59.31,25.7524223333333,46.1,26.1615,-13.21,0.409077666666667,13.6358050487579,6.29129382540128,43.4200342831451,"SNARL","Cold variable",358.009,2285.278729,282.69,0,60.55,6374157,0.0965027734256255,-0.0965027734256255
"164",1.44396999987036,26.435,11.816,41.054,0,1.37816874847752,0,14.619,29.238,8.022,0,"model average","Bacteria","Pseudomonadota","Gammaproteobacteria","Pseudomonadales","Pseudomonadaceae","Pseudomonas_E","Pseudomonas_E kilonensis",15,"Sierras","V","auc",610.4999145523,1.48871291169835,7.40092911594768,20.456,6.29616666666667,20.44,10.5924583333333,-0.016,4.29629166666667,7.3578366739095,4.65435294600812,30.7790705253552,"Valentine","Cold stable",588.816,3803.06494,446.73,0,60.94,6297093,0.0987735139113729,-0.0987735139113728
"166",1.90981860267057,26.981,12.335,41.628,0,1.40068131375284,0,14.647,29.293,7.993,0,"model average","Bacteria","Pseudomonadota","Gammaproteobacteria","Pseudomonadales","Pseudomonadaceae","Pseudomonas_E",NA,15,"Sierras","V","auc",610.4999145523,1.48871291169835,7.40092911594768,20.456,6.29616666666667,20.44,10.5924583333333,-0.016,4.29629166666667,7.3578366739095,4.65435294600812,30.7790705253552,"Valentine","Cold stable",588.816,3803.06494,446.73,0,58.68,6318401,0.130398648277384,-0.130389745522672
"167",2.20759127068824,28.802,14.661,42.942,0.648792904656177,3.11850164257909,2.36924209503373,14.14,28.281,7.727,-2.46970873792292,"model average","Bacteria","Pseudomonadota","Gammaproteobacteria","Pseudomonadales","Pseudomonadaceae","Pseudomonas_E","Pseudomonas_E sp001952855",15,"Sierras","V","auc",610.4999145523,1.48871291169835,7.40092911594768,20.456,6.29616666666667,20.44,10.5924583333333,-0.016,4.29629166666667,7.3578366739095,4.65435294600812,30.7790705253552,"Valentine","Cold stable",588.816,3803.06494,446.73,0,59.6,13091729,0.156112811731012,-0.156123852241035
"168",1.88869102040584,27.437,11.207,43.668,0,1.05349120068206,0,16.231,32.461,8.899,0,"model average","Bacteria","Pseudomonadota","Gammaproteobacteria","Pseudomonadales","Pseudomonadaceae","Pseudomonas_E",NA,15,"Sierras","V","auc",610.4999145523,1.48871291169835,7.40092911594768,20.456,6.29616666666667,20.44,10.5924583333333,-0.016,4.29629166666667,7.3578366739095,4.65435294600812,30.7790705253552,"Valentine","Cold stable",588.816,3803.06494,446.73,0,58.68,6317699,0.116370364781629,-0.116363195145453
"169",2.58091545048705,28.92,12.744,45.095,0.687723444889073,2.08145933191805,2.48719827123881,16.175,32.351,8.83,-1.39373588702898,"model average","Bacteria","Pseudomonadota","Gammaproteobacteria","Pseudomonadales","Pseudomonadaceae","Pseudomonas_E","Pseudomonas_E sp001952855",15,"Sierras","V","auc",610.4999145523,1.48871291169835,7.40092911594768,20.456,6.29616666666667,20.44,10.5924583333333,-0.016,4.29629166666667,7.3578366739095,4.65435294600812,30.7790705253552,"Valentine","Cold stable",588.816,3803.06494,446.73,0,60.42,6806225,0.159552142092424,-0.159562006212492
"170",1.48382551130766,27.306,12.673,41.94,0,1.07783395953283,0,14.634,29.267,8.008,0,"model average","Bacteria","Pseudomonadota","Gammaproteobacteria","Pseudomonadales","Pseudomonadaceae","Pseudomonas_E","Pseudomonas_E sp002840155",15,"Sierras","V","auc",610.4999145523,1.48871291169835,7.40092911594768,20.456,6.29616666666667,20.44,10.5924583333333,-0.016,4.29629166666667,7.3578366739095,4.65435294600812,30.7790705253552,"Valentine","Cold stable",588.816,3803.06494,446.73,0,60.86,4418978,0.101402686483131,-0.101395757230262
"171",2.15016532695073,29.042,14.598,43.485,0.709157124659131,3.0730976393762,2.55634710361913,14.443,28.887,7.883,-2.36394051471707,"model average","Bacteria","Pseudomonadota","Gammaproteobacteria","Enterobacterales","Aeromonadaceae","Aeromonas","Aeromonas rivipollensis",15,"Sierras","V","auc",610.4999145523,1.48871291169835,7.40092911594768,20.456,6.29616666666667,20.44,10.5924583333333,-0.016,4.29629166666667,7.3578366739095,4.65435294600812,30.7790705253552,"Valentine","Cold stable",588.816,3803.06494,446.73,0,61.73,4570654,0.148862179932895,-0.148872486806808
"172",1.02661424991716,25.063,7.224,42.902,0,0.907769176385975,0,17.839,35.678,9.737,0,"model average","Bacteria","Pseudomonadota","Gammaproteobacteria","Enterobacterales","Shewanellaceae","Shewanella","Shewanella sp002966515",15,"Sierras","V","auc",610.4999145523,1.48871291169835,7.40092911594768,20.456,6.29616666666667,20.44,10.5924583333333,-0.016,4.29629166666667,7.3578366739095,4.65435294600812,30.7790705253552,"Valentine","Cold stable",588.816,3803.06494,446.73,0,45.38,5105062,0.0575488676448882,-0.0575488676448882
"173",1.40214294518238,26.56,8.097,45.022,0,0.849738800815162,0,18.462,36.925,10.112,0,"model average","Bacteria","Pseudomonadota","Gammaproteobacteria","Pseudomonadales","Pseudomonadaceae","Pseudomonas_E",NA,15,"Sierras","V","auc",610.4999145523,1.48871291169835,7.40092911594768,20.456,6.29616666666667,20.44,10.5924583333333,-0.016,4.29629166666667,7.3578366739095,4.65435294600812,30.7790705253552,"Valentine","Cold stable",588.816,3803.06494,446.73,0,58.99,6600286,0.0759433973450891,-0.0759475108429412
"174",0.731089936428421,21.411,1.064,41.757,0,0.827792691764431,0,20.346,40.693,11.133,0,"model average","Bacteria","Pseudomonadota","Gammaproteobacteria","Pseudomonadales","Pseudomonadaceae","Pseudomonas_E",NA,15,"Sierras","V","auc",610.4999145523,1.48871291169835,7.40092911594768,20.456,6.29616666666667,20.44,10.5924583333333,-0.016,4.29629166666667,7.3578366739095,4.65435294600812,30.7790705253552,"Valentine","Cold stable",588.816,3803.06494,446.73,0,58.77,7521888,0.035931092368822,-0.0359328583715925
"175",1.35914306983442,23.772,-3.222,50.765,0,0.886816860680118,0,26.993,53.987,14.739,0,"model average","Bacteria","Pseudomonadota","Gammaproteobacteria","Pseudomonadales","Pseudomonadaceae","Pseudomonas_E",NA,15,"Sierras","V","auc",610.4999145523,1.48871291169835,7.40092911594768,20.456,6.29616666666667,20.44,10.5924583333333,-0.016,4.29629166666667,7.3578366739095,4.65435294600812,30.7790705253552,"Valentine","Cold stable",588.816,3803.06494,446.73,0,59.83,6677017,0.0503498210652152,-0.050351686356997
"176",1.43763491329666,25.277,9.857,40.697,0,1.63416686924416,0,15.42,30.84,8.432,0,"model average","Bacteria","Pseudomonadota","Gammaproteobacteria","Pseudomonadales","Pseudomonadaceae","Pseudomonas_E","Pseudomonas_E sp003852235",15,"Sierras","Y","auc",859.082637534857,3.79811451163056,10.5631138734117,29.865,12.5751666666667,29.84,17.64775,-0.025,5.07258333333333,11.4399160687083,6.04756402436451,42.1067023829455,"Yosemite Mariposa Grove","Cold stable",718.176,5693.717777,529.24,0,60.37,5911009,0.0932318361411582,-0.0932318361411582
"177",1.64038710440043,26.976,7.39,46.561,0,0.844480407352766,0,19.585,39.171,10.689,0,"model average","Bacteria","Pseudomonadota","Gammaproteobacteria","Pseudomonadales","Pseudomonadaceae","Pseudomonas_E","Pseudomonas_E cedrina",15,"Sierras","Y","auc",859.082637534857,3.79811451163056,10.5631138734117,29.865,12.5751666666667,29.84,17.64775,-0.025,5.07258333333333,11.4399160687083,6.04756402436451,42.1067023829455,"Yosemite Mariposa Grove","Cold stable",718.176,5693.717777,529.24,0,60.93,6070913,0.0837530432145629,-0.083757319601758
"178",1.80547162123588,26.801,11.446,42.157,0,1.35055186725263,0,15.356,30.711,8.389,0,"model average","Bacteria","Pseudomonadota","Gammaproteobacteria","Pseudomonadales","Pseudomonadaceae","Pseudomonas_E","Pseudomonas_E fluorescens_AO",15,"Sierras","Y","auc",859.082637534857,3.79811451163056,10.5631138734117,29.865,12.5751666666667,29.84,17.64775,-0.025,5.07258333333333,11.4399160687083,6.04756402436451,42.1067023829455,"Yosemite Mariposa Grove","Cold stable",718.176,5693.717777,529.24,0,60.1,5923549,0.117582000731741,-0.117574343659539
"179",1.59673731109725,27.894,13.842,41.945,0,1.13604532312506,0,14.051,28.103,7.671,0,"model average","Bacteria","Pseudomonadota","Gammaproteobacteria","Pseudomonadales","Pseudomonadaceae","Pseudomonas_E",NA,15,"Sierras","Y","auc",859.082637534857,3.79811451163056,10.5631138734117,29.865,12.5751666666667,29.84,17.64775,-0.025,5.07258333333333,11.4399160687083,6.04756402436451,42.1067023829455,"Yosemite Mariposa Grove","Cold stable",718.176,5693.717777,529.24,0,59.8,6237842,0.113630608532398,-0.113638695544605
"180",0.841010397230601,24.958,11.429,38.488,0,2.17454435851928,0,13.53,27.059,7.385,0,"model average","Bacteria","Pseudomonadota","Gammaproteobacteria","Pseudomonadales","Pseudomonadaceae","Pseudomonas_E",NA,15,"Sierras","Y","auc",859.082637534857,3.79811451163056,10.5631138734117,29.865,12.5751666666667,29.84,17.64775,-0.025,5.07258333333333,11.4399160687083,6.04756402436451,42.1067023829455,"Yosemite Mariposa Grove","Cold stable",718.176,5693.717777,529.24,0,58.58,6868945,0.0621635299896963,-0.0621589354937621
"181",2.01987507522317,26.085,9.416,42.754,0,1.12042853165979,0,16.669,33.338,9.098,0,"model average","Bacteria","Pseudomonadota","Gammaproteobacteria","Enterobacterales","Enterobacteriaceae","Pantoea","Pantoea sp900115075",15,"Sierras","Y","auc",859.082637534857,3.79811451163056,10.5631138734117,29.865,12.5751666666667,29.84,17.64775,-0.025,5.07258333333333,11.4399160687083,6.04756402436451,42.1067023829455,"Yosemite Mariposa Grove","Cold stable",718.176,5693.717777,529.24,0,58.07,11534464,0.121175539937799,-0.121175539937799
"182",2.82612610075102,26.044,4.797,47.29,0,0.919611265702048,0,21.246,42.493,11.596,0,"model average","Bacteria","Pseudomonadota","Gammaproteobacteria","Pseudomonadales","Pseudomonadaceae","Pseudomonas_E","Pseudomonas_E yamanorum",15,"Sierras","Y","auc",859.082637534857,3.79811451163056,10.5631138734117,29.865,12.5751666666667,29.84,17.64775,-0.025,5.07258333333333,11.4399160687083,6.04756402436451,42.1067023829455,"Yosemite Mariposa Grove","Cold stable",718.176,5693.717777,529.24,0,60.66,6821537,0.133012947745612,-0.133019208356915
"183",1.87426051017409,27.15,10.401,43.898,0,1.11706947263652,0,16.748,33.497,9.145,0,"model average","Bacteria","Pseudomonadota","Gammaproteobacteria","Pseudomonadales","Pseudomonadaceae","Pseudomonas_E",NA,15,"Sierras","Y","auc",859.082637534857,3.79811451163056,10.5631138734117,29.865,12.5751666666667,29.84,17.64775,-0.025,5.07258333333333,11.4399160687083,6.04756402436451,42.1067023829455,"Yosemite Mariposa Grove","Cold stable",718.176,5693.717777,529.24,0,60.67,6614733,0.111902830627147,-0.111909512190954
"184",1.88429904734146,23.99,7.673,40.307,0,1.9278312350981,0,16.317,32.634,8.906,0,"model average","Bacteria","Pseudomonadota","Gammaproteobacteria","Pseudomonadales","Pseudomonadaceae","Pseudomonas_E","Pseudomonas_E cedrina",15,"Sierras","Y","auc",859.082637534857,3.79811451163056,10.5631138734117,29.865,12.5751666666667,29.84,17.64775,-0.025,5.07258333333333,11.4399160687083,6.04756402436451,42.1067023829455,"Yosemite Mariposa Grove","Cold stable",718.176,5693.717777,529.24,0,60.16,12761192,0.115480728524941,-0.115480728524941
"185",1.79698345208907,24.328,8.696,39.959,0,1.79381447250375,0,15.631,31.263,8.554,0,"model average","Bacteria","Pseudomonadota","Gammaproteobacteria","Pseudomonadales","Pseudomonadaceae","Pseudomonas_E",NA,15,"Sierras","Y","auc",859.082637534857,3.79811451163056,10.5631138734117,29.865,12.5751666666667,29.84,17.64775,-0.025,5.07258333333333,11.4399160687083,6.04756402436451,42.1067023829455,"Yosemite Mariposa Grove","Cold stable",718.176,5693.717777,529.24,0,58.76,7743327,0.114955440896179,-0.114962795220336
"186",1.71122340055094,24.905,6.664,43.146,0,1.21679224976883,0,18.241,36.482,9.957,0,"model average","Bacteria","Pseudomonadota","Gammaproteobacteria","Pseudomonadales","Pseudomonadaceae","Pseudomonas_E",NA,15,"Sierras","Y","auc",859.082637534857,3.79811451163056,10.5631138734117,29.865,12.5751666666667,29.84,17.64775,-0.025,5.07258333333333,11.4399160687083,6.04756402436451,42.1067023829455,"Yosemite Mariposa Grove","Cold stable",718.176,5693.717777,529.24,0,59.08,7531643,0.0938119292007532,-0.0938119292007532
"187",2.43834113792524,26.002,9.606,42.398,0,1.24020027341924,0,16.396,32.792,8.948,0,"model average","Bacteria","Pseudomonadota","Gammaproteobacteria","Pseudomonadales","Pseudomonadaceae","Pseudomonas_E",NA,15,"Sierras","Y","auc",859.082637534857,3.79811451163056,10.5631138734117,29.865,12.5751666666667,29.84,17.64775,-0.025,5.07258333333333,11.4399160687083,6.04756402436451,42.1067023829455,"Yosemite Mariposa Grove","Cold stable",718.176,5693.717777,529.24,0,59.69,6293804,0.148715609778314,-0.148715609778314
"189",1.42523026765466,27.974,14.523,41.425,0,1.1971568881373,0,13.451,26.902,7.341,0,"model average","Bacteria","Pseudomonadota","Gammaproteobacteria","Pseudomonadales","Pseudomonadaceae","Pseudomonas_E",NA,15,"Sierras","ME","auc",935.631316849688,1.63672921752998,22.79544596832,33.333333332,10.68981481525,42.11111111,28.5138888891667,8.777777778,17.8240740739167,11.0156537183636,8.2615369570573,32.0694444470328,"Merced","Hot stable",284.939,2385.060297,154.83,0,59.99,5858238,0.105957197803484,-0.105957197803484
"190",1.84630675828295,26.984,11.377,42.592,0,1.17886170130224,0,15.608,31.215,8.518,0,"model average","Bacteria","Pseudomonadota","Gammaproteobacteria","Pseudomonadales","Pseudomonadaceae","Pseudomonas_E",NA,15,"Sierras","ME","auc",935.631316849688,1.63672921752998,22.79544596832,33.333333332,10.68981481525,42.11111111,28.5138888891667,8.777777778,17.8240740739167,11.0156537183636,8.2615369570573,32.0694444470328,"Merced","Hot stable",284.939,2385.060297,154.83,0,60.82,5907140,0.118299914031073,-0.118292334590143
"191",2.42851759536815,25.869,10.803,40.935,0,1.37984489039874,0,15.066,30.132,8.226,0,"model average","Bacteria","Pseudomonadota","Gammaproteobacteria","Enterobacterales","Enterobacteriaceae","Pantoea","Pantoea sp900115075",15,"Sierras","ME","auc",935.631316849688,1.63672921752998,22.79544596832,33.333333332,10.68981481525,42.11111111,28.5138888891667,8.777777778,17.8240740739167,11.0156537183636,8.2615369570573,32.0694444470328,"Merced","Hot stable",284.939,2385.060297,154.83,0,54.59,4971816,0.161191928538972,-0.161191928538972
"192",2.12536471047816,26.115,13.14,39.09,0,1.67442779187942,0,12.975,25.95,7.084,0,"model average","Bacteria","Pseudomonadota","Gammaproteobacteria","Pseudomonadales","Pseudomonadaceae","Pseudomonas_E",NA,15,"Sierras","ME","auc",935.631316849688,1.63672921752998,22.79544596832,33.333333332,10.68981481525,42.11111111,28.5138888891667,8.777777778,17.8240740739167,11.0156537183636,8.2615369570573,32.0694444470328,"Merced","Hot stable",284.939,2385.060297,154.83,0,60.25,5998545,0.163804601963635,-0.163804601963635
"193",1.32753542294387,26.423,13.115,39.731,0,1.48332714772375,0,13.308,26.616,7.308,0,"model average","Bacteria","Pseudomonadota","Gammaproteobacteria","Pseudomonadales","Pseudomonadaceae","Pseudomonas_E",NA,15,"Sierras","ME","auc",935.631316849688,1.63672921752998,22.79544596832,33.333333332,10.68981481525,42.11111111,28.5138888891667,8.777777778,17.8240740739167,11.0156537183636,8.2615369570573,32.0694444470328,"Merced","Hot stable",284.939,2385.060297,154.83,0,59.84,5943258,0.099754690632993,-0.0997546906329929
"196",2.50777204721218,28.602,16.404,40.799,0.990245722583839,5.31970422021509,3.69160252951935,12.197,24.395,6.701,-4.32945849763125,"model average","Bacteria","Pseudomonadota","Gammaproteobacteria","Enterobacterales","Enterobacteriaceae","Enterobacter","Enterobacter cancerogenus",15,"Sierras","ME","auc",935.631316849688,1.63672921752998,22.79544596832,33.333333332,10.68981481525,42.11111111,28.5138888891667,8.777777778,17.8240740739167,11.0156537183636,8.2615369570573,32.0694444470328,"Merced","Hot stable",284.939,2385.060297,154.83,0,55.43,4990047,0.205588788917214,-0.20560564460213
"197",2.98917971580275,25.806,13.788,37.824,0,1.75350132089725,0,12.018,24.036,6.569,0,"model average","Bacteria","Pseudomonadota","Gammaproteobacteria","Pseudomonadales","Pseudomonadaceae","Pseudomonas_E","Pseudomonas_E sp003851685",15,"Sierras","ME","auc",935.631316849688,1.63672921752998,22.79544596832,33.333333332,10.68981481525,42.11111111,28.5138888891667,8.777777778,17.8240740739167,11.0156537183636,8.2615369570573,32.0694444470328,"Merced","Hot stable",284.939,2385.060297,154.83,0,61.02,5886291,0.248725221817503,-0.248725221817503
"199",2.93749384568893,26.415,12.578,40.251,0,1.39253702775274,0,13.836,27.673,7.593,0,"model average","Bacteria","Pseudomonadota","Gammaproteobacteria","Pseudomonadales","Pseudomonadaceae","Pseudomonas_E","Pseudomonas_E fluorescens_T",15,"Sierras","ME","auc",935.631316849688,1.63672921752998,22.79544596832,33.333333332,10.68981481525,42.11111111,28.5138888891667,8.777777778,17.8240740739167,11.0156537183636,8.2615369570573,32.0694444470328,"Merced","Hot stable",284.939,2385.060297,154.83,0,61.05,6287437,0.212292682350866,-0.212308025852048
"200",2.30074195634733,29.256,17.091,41.421,1.04821825978094,4.08304789277179,3.98139386826116,12.165,24.33,6.657,-3.03482963299085,"model average","Bacteria","Pseudomonadota","Gammaproteobacteria","Pseudomonadales","Pseudomonadaceae","Pseudomonas_E","Pseudomonas_E sp003851685",15,"Sierras","ME","auc",935.631316849688,1.63672921752998,22.79544596832,33.333333332,10.68981481525,42.11111111,28.5138888891667,8.777777778,17.8240740739167,11.0156537183636,8.2615369570573,32.0694444470328,"Merced","Hot stable",284.939,2385.060297,154.83,0,61.02,5884185,0.189127986547253,-0.189127986547253
"202",2.16146256863244,28.552,15.564,41.541,0.837332425529709,5.32532428763825,3.02386879064219,12.989,25.977,7.14100000000001,-4.48799186210854,"model average","Bacteria","Pseudomonadota","Gammaproteobacteria","Pseudomonadales","Pseudomonadaceae","Pseudomonas_E",NA,15,"Sierras","ME","auc",935.631316849688,1.63672921752998,22.79544596832,33.333333332,10.68981481525,42.11111111,28.5138888891667,8.777777778,17.8240740739167,11.0156537183636,8.2615369570573,32.0694444470328,"Merced","Hot stable",284.939,2385.060297,154.83,0,60.26,6036913,0.166419969866988,-0.166407157489602
"203",1.9178070272295,29.718,17.687,41.748,0.642529985126348,6.16186606111655,2.34756801586889,12.03,24.061,6.588,-5.5193360759902,"model average","Bacteria","Pseudomonadota","Gammaproteobacteria","Pseudomonadales","Pseudomonadaceae","Pseudomonas_E",NA,15,"Sierras","ME","auc",935.631316849688,1.63672921752998,22.79544596832,33.333333332,10.68981481525,42.11111111,28.5138888891667,8.777777778,17.8240740739167,11.0156537183636,8.2615369570573,32.0694444470328,"Merced","Hot stable",284.939,2385.060297,154.83,0,60.26,6036961,0.159405454844111,-0.159418705505362
"205",1.60059884704187,27.0150111705323,11.1070025073825,42.9239991044189,6.07576668371132e-06,1.09946878183017,2.24645404683569e-05,15.9089879338866,31.8169975994714,8.68204530447438,-1.86005072667497e-05,"model average","Bacteria","Pseudomonadota","Gammaproteobacteria","Pseudomonadales","Pseudomonadaceae","Pseudomonas_E","Pseudomonas_E sp014268655",25,"Sierras","W","auc",878.106767977053,6.62465039416759,3.72997453836007,63.16,36.9024583333333,43.2,26.5604583333333,-19.96,-10.342,12.3358156459296,7.18459930806105,58.4269447962846,"White Mountain","Cold variable",131.682,770.7204333,148.04,0,60.64,5844296,0.10061591497304,-0.100609721604763
"206",1.50640327226572,27.9649549263977,14.4589407246098,41.4709935791818,5.87960859722025e-07,1.24546814992701,2.12001620437917e-06,13.5060386527841,27.0120525097304,7.3711256860978,-1.00593988425939e-06,"model average","Bacteria","Pseudomonadota","Gammaproteobacteria","Pseudomonadales","Pseudomonadaceae","Pseudomonas_E","Pseudomonas_E sp014268655",25,"Sierras","W","auc",878.106767977053,6.62465039416759,3.72997453836007,63.16,36.9024583333333,43.2,26.5604583333333,-19.96,-10.342,12.3358156459296,7.18459930806105,58.4269447962846,"White Mountain","Cold variable",131.682,770.7204333,148.04,0,60.64,5845253,0.111535738801926,-0.111535536880401
"207",1.68430025265381,27.4750002927129,12.8329967786988,42.1160032653073,0,1.20383129196209,0,14.6410029725943,29.2830065592197,8.04301546897072,0,"model average","Bacteria","Pseudomonadota","Gammaproteobacteria","Pseudomonadales","Pseudomonadaceae","Pseudomonas_E","Pseudomonas_E sp014268655",25,"Sierras","W","auc",878.106767977053,6.62465039416759,3.72997453836007,63.16,36.9024583333333,43.2,26.5604583333333,-19.96,-10.342,12.3358156459296,7.18459930806105,58.4269447962846,"White Mountain","Cold variable",131.682,770.7204333,148.04,0,60.64,5847527,0.1150320890882,-0.11503995018692
"208",1.12838354659274,26.351870902444,10.2520813647732,42.4528156968575,0,1.2833295481539,0,16.1009447944135,32.2007361350848,8.81332292768913,0,"model average","Bacteria","Pseudomonadota","Gammaproteobacteria","Pseudomonadales","Pseudomonadaceae","Pseudomonas_E","Pseudomonas_E sp014268655",25,"Sierras","W","auc",878.106767977053,6.62465039416759,3.72997453836007,63.16,36.9024583333333,43.2,26.5604583333333,-19.96,-10.342,12.3358156459296,7.18459930806105,58.4269447962846,"White Mountain","Cold variable",131.682,770.7204333,148.04,0,60.64,5847041,0.0700868507599129,-0.0700818219676309
"209",1.05217579295832,26.8819175410436,12.8799786310398,40.8841023992673,0,1.33749407179197,0,14.0021848582237,28.0041244011777,7.64518041453345,0,"model average","Bacteria","Pseudomonadota","Gammaproteobacteria","Pseudomonadales","Pseudomonadaceae","Stutzerimonas",NA,25,"Sierras","W","auc",878.106767977053,6.62465039416759,3.72997453836007,63.16,36.9024583333333,43.2,26.5604583333333,-19.96,-10.342,12.3358156459296,7.18459930806105,58.4269447962846,"White Mountain","Cold variable",131.682,770.7204333,148.04,0,59.18,4520268,0.0751450066823663,-0.0751436867611672
"210",0.919275572815682,25.1550012456722,8.56909652285504,41.7420414691584,0,1.38777235489189,0,16.5870402234862,33.1729461563286,9.05708272117103,0,"model average","Bacteria","Pseudomonadota","Gammaproteobacteria","Pseudomonadales","Pseudomonadaceae","Stutzerimonas",NA,25,"Sierras","W","auc",878.106767977053,6.62465039416759,3.72997453836007,63.16,36.9024583333333,43.2,26.5604583333333,-19.96,-10.342,12.3358156459296,7.18459930806105,58.4269447962846,"White Mountain","Cold variable",131.682,770.7204333,148.04,0,59.18,4520843,0.0554251087401363,-0.0554213144979323
"211",0.988100390969913,28.1479194081442,13.4228663234107,42.8720245126,0.654469308918162,4.55315791828288,2.37856236173159,14.7241051044559,29.4491459410554,8.04135648713983,-3.8986358881704,"model average","Bacteria","Pseudomonadota","Gammaproteobacteria","Pseudomonadales","Pseudomonadaceae","Pseudomonas_E",NA,25,"Sierras","W","auc",878.106767977053,6.62465039416759,3.72997453836007,63.16,36.9024583333333,43.2,26.5604583333333,-19.96,-10.342,12.3358156459296,7.18459930806105,58.4269447962846,"White Mountain","Cold variable",131.682,770.7204333,148.04,0,60.08,5094203,0.0671033500038344,-0.0671076703106999
"212",0.840906744733817,23.8879624112376,7.30719583453273,40.4701171000462,0,1.63131511483797,0,16.5821546888086,33.1629214066807,9.05205821273366,0,"model average","Bacteria","Pseudomonadota","Gammaproteobacteria","Pseudomonadales","Pseudomonadaceae","Pseudomonas_E",NA,25,"Sierras","W","auc",878.106767977053,6.62465039416759,3.72997453836007,63.16,36.9024583333333,43.2,26.5604583333333,-19.96,-10.342,12.3358156459296,7.18459930806105,58.4269447962846,"White Mountain","Cold variable",131.682,770.7204333,148.04,0,60.08,5094451,0.0507157941608833,-0.0507115486807845
"214",0.893891234937595,24.8149783709192,7.89010018052375,41.7399549721127,0,1.42763753894851,0,16.9249766011935,33.8498547908839,9.24403820556386,0,"model average","Bacteria","Pseudomonadota","Gammaproteobacteria","Pseudomonadales","Pseudomonadaceae","Pseudomonas_E","Pseudomonas_E sp012935755",25,"Sierras","S","auc",925.997056708761,7.77846259026206,11.2878606063651,59.31,25.7524223333333,46.1,26.1615,-13.21,0.409077666666667,13.6358050487579,6.29129382540128,43.4200342831451,"SNARL","Cold variable",358.009,2285.278729,282.69,0,59.75,6875273,0.0528152241263906,-0.0528149170306422
"215",1.53197201578263,27.9959345144423,14.7789184195865,41.2129960803983,8.10954583223641e-07,1.1890198059661,2.9276498242134e-06,13.2170615659561,26.4340769030028,7.21216338309428,-4.58633642601608e-06,"model average","Bacteria","Pseudomonadota","Gammaproteobacteria","Pseudomonadales","Pseudomonadaceae","Pseudomonas_E",NA,25,"Sierras","S","auc",925.997056708761,7.77846259026206,11.2878606063651,59.31,25.7524223333333,46.1,26.1615,-13.21,0.409077666666667,13.6358050487579,6.29129382540128,43.4200342831451,"SNARL","Cold variable",358.009,2285.278729,282.69,0,60.66,6213211,0.115909067885518,-0.115908669119665
"216",1.57724324335504,24.9039863230992,10.7970321619983,39.0120549926454,0,1.65849445709388,0,14.1080686695462,28.2150228388804,7.7010294791128,0,"model average","Bacteria","Pseudomonadota","Gammaproteobacteria","Pseudomonadales","Pseudomonadaceae","Pseudomonas_E",NA,25,"Sierras","S","auc",925.997056708761,7.77846259026206,11.2878606063651,59.31,25.7524223333333,46.1,26.1615,-13.21,0.409077666666667,13.6358050487579,6.29129382540128,43.4200342831451,"SNARL","Cold variable",358.009,2285.278729,282.69,0,60.5,6497820,0.11180607984849,-0.111797247397845
"217",1.8045286937349,24.7410010828699,7.52000328846557,41.9619995729968,0,1.30311041116923,0,17.2209984901268,34.4419962598124,9.41200245493542,0,"model average","Bacteria","Pseudomonadota","Gammaproteobacteria","Pseudomonadales","Pseudomonadaceae","Pseudomonas_E","Pseudomonas_E gregormendelii",25,"Sierras","S","auc",925.997056708761,7.77846259026206,11.2878606063651,59.31,25.7524223333333,46.1,26.1615,-13.21,0.409077666666667,13.6358050487579,6.29129382540128,43.4200342831451,"SNARL","Cold variable",358.009,2285.278729,282.69,0,59.77,6223118,0.10478653532615,-0.104786531092809
"219",1.40726493876107,26.7009965823225,13.1390011109335,40.264000098408,0,1.4400553220071,0,13.5630035160854,27.1249989787388,7.42400587570799,0,"model average","Bacteria","Pseudomonadota","Gammaproteobacteria","Pseudomonadales","Pseudomonadaceae","Pseudomonas_E","Pseudomonas_E sp003851685",25,"Sierras","S","auc",925.997056708761,7.77846259026206,11.2878606063651,59.31,25.7524223333333,46.1,26.1615,-13.21,0.409077666666667,13.6358050487579,6.29129382540128,43.4200342831451,"SNARL","Cold variable",358.009,2285.278729,282.69,0,60.41,6055673,0.103765330236977,-0.103757618074203
"221",1.00786917061518,27.285003314512,14.4389724435574,40.1310287810317,5.36938483479537e-06,1.32865977173659,1.93113327455502e-05,12.8460254665197,25.6920555528395,7.03208147802251,-8.00595571304894e-05,"model average","Bacteria","Pseudomonadota","Gammaproteobacteria","Pseudomonadales","Pseudomonadaceae","Pseudomonas_E","Pseudomonas_E sp003851685",25,"Sierras","S","auc",925.997056708761,7.77846259026206,11.2878606063651,59.31,25.7524223333333,46.1,26.1615,-13.21,0.409077666666667,13.6358050487579,6.29129382540128,43.4200342831451,"SNARL","Cold variable",358.009,2285.278729,282.69,0,60.41,6051985,0.0784576326135113,-0.0784576656213213
"222",1.26896965921545,26.8659999998084,11.1710000008061,42.5619999993889,1.30394757116917e-11,1.25659181425747,4.68591931728902e-11,15.6959999995805,31.3909999985824,8.57000000116621,-1.2364927727953e-11,"model average","Bacteria","Pseudomonadota","Gammaproteobacteria","Pseudomonadales","Pseudomonadaceae","Pseudomonas_E","Pseudomonas_E sp003851685",25,"Sierras","S","auc",925.997056708761,7.77846259026206,11.2878606063651,59.31,25.7524223333333,46.1,26.1615,-13.21,0.409077666666667,13.6358050487579,6.29129382540128,43.4200342831451,"SNARL","Cold variable",358.009,2285.278729,282.69,0,60.41,6053497,0.0808518419430466,-0.0808466908288331
"223",1.4318982862239,25.4319999998117,9.46800000064467,41.3959999997488,0,1.52600831983701,0,15.9639999999371,31.9279999991033,8.75200000043433,0,"model average","Bacteria","Pseudomonadota","Gammaproteobacteria","Pseudomonadales","Pseudomonadaceae","Pseudomonas_E","Pseudomonas_E gregormendelii",25,"Sierras","V","auc",610.4999145523,1.48871291169835,7.40092911594768,20.456,6.29616666666667,20.44,10.5924583333333,-0.016,4.29629166666667,7.3578366739095,4.65435294600812,30.7790705253552,"Valentine","Cold stable",588.816,3803.06494,446.73,0,59.78,6223643,0.0896954576734286,-0.0896954576691018
"224",1.22101523859864,27.6509018725382,10.541704399325,44.7587352370964,3.34751394401485e-06,0.91970228474891,1.22172624772108e-05,17.1078333645582,34.2170382794204,9.36300119158216,-5.23658979392314e-06,"model average","Bacteria","Pseudomonadota","Gammaproteobacteria","Pseudomonadales","Pseudomonadaceae","Pseudomonas_E",NA,25,"Sierras","V","auc",610.4999145523,1.48871291169835,7.40092911594768,20.456,6.29616666666667,20.44,10.5924583333333,-0.016,4.29629166666667,7.3578366739095,4.65435294600812,30.7790705253552,"Valentine","Cold stable",588.816,3803.06494,446.73,0,58.71,6299511,0.0713660147128646,-0.0713717051469639
"225",1.56564630319921,25.3879956070202,12.4020041333846,38.3750161234366,0,1.81237735760596,0,12.9870205164164,25.9730119880023,7.1270089035493,0,"model average","Bacteria","Pseudomonadota","Gammaproteobacteria","Pseudomonadales","Pseudomonadaceae","Pseudomonas_E","Pseudomonas_E yamanorum",25,"Sierras","V","auc",610.4999145523,1.48871291169835,7.40092911594768,20.456,6.29616666666667,20.44,10.5924583333333,-0.016,4.29629166666667,7.3578366739095,4.65435294600812,30.7790705253552,"Valentine","Cold stable",588.816,3803.06494,446.73,0,60.58,6973745,0.120564248511776,-0.120554695453059
"226",1.35461761291161,25.830875598492,9.43820814923799,42.2238020952015,0,1.33626792476684,0,16.3929264967096,32.7855947005152,8.95228050458988,0,"model average","Bacteria","Pseudomonadota","Gammaproteobacteria","Pseudomonadales","Pseudomonadaceae","Pseudomonas_E",NA,25,"Sierras","V","auc",610.4999145523,1.48871291169835,7.40092911594768,20.456,6.29616666666667,20.44,10.5924583333333,-0.016,4.29629166666667,7.3578366739095,4.65435294600812,30.7790705253552,"Valentine","Cold stable",588.816,3803.06494,446.73,0,58.99,6599886,0.0826355818603064,-0.0826342760204237
"227",1.49445702578911,26.9789666646952,10.8750846184134,43.0838839208959,1.1297526151371e-06,1.1832595827576,4.0627578846932e-06,16.1049172562007,32.2087999437342,8.78918159574985,-8.38473480594291e-07,"model average","Bacteria","Pseudomonadota","Gammaproteobacteria","Pseudomonadales","Pseudomonadaceae","Pseudomonas_E",NA,25,"Sierras","V","auc",610.4999145523,1.48871291169835,7.40092911594768,20.456,6.29616666666667,20.44,10.5924583333333,-0.016,4.29629166666667,7.3578366739095,4.65435294600812,30.7790705253552,"Valentine","Cold stable",588.816,3803.06494,446.73,0,59.83,6676337,0.0928010414814335,-0.0927950763120944
"228",1.15576585583474,25.3439785409754,12.1590093481523,38.5300549018425,0,2.03079150179045,0,13.1860763608672,26.3710455361609,7.22703156430599,0,"model average","Bacteria","Pseudomonadota","Gammaproteobacteria","Pseudomonadales","Pseudomonadaceae","Pseudomonas_E",NA,25,"Sierras","V","auc",610.4999145523,1.48871291169835,7.40092911594768,20.456,6.29616666666667,20.44,10.5924583333333,-0.016,4.29629166666667,7.3578366739095,4.65435294600812,30.7790705253552,"Valentine","Cold stable",588.816,3803.06494,446.73,0,59.83,6674461,0.0876578351403241,-0.087650474955898
"229",1.13486430749079,25.2609999991905,8.18500000233769,42.3380000001936,0,1.31131418638082,0,17.0770000010031,34.1529999978559,9.33300000092559,0,"model average","Bacteria","Pseudomonadota","Gammaproteobacteria","Pseudomonadales","Pseudomonadaceae","Pseudomonas_E",NA,25,"Sierras","V","auc",610.4999145523,1.48871291169835,7.40092911594768,20.456,6.29616666666667,20.44,10.5924583333333,-0.016,4.29629166666667,7.3578366739095,4.65435294600812,30.7790705253552,"Valentine","Cold stable",588.816,3803.06494,446.73,0,60.66,6817515,0.0664596104298402,-0.0664557186522298
"230",1.63511172039668,28.0209913858728,15.6749862800218,40.36701168377,0.827814341019039,3.04355441449313,2.98934105823924,12.3460202978972,24.6920253874195,6.73802031545227,-2.21573418018188,"model average","Bacteria","Pseudomonadota","Gammaproteobacteria","Pseudomonadales","Pseudomonadaceae","Pseudomonas_E","Pseudomonas_E fluorescens_AO",25,"Sierras","Y","auc",859.082637534857,3.79811451163056,10.5631138734117,29.865,12.5751666666667,29.84,17.64775,-0.025,5.07258333333333,11.4399160687083,6.04756402436451,42.1067023829455,"Yosemite Mariposa Grove","Cold stable",718.176,5693.717777,529.24,0,60.1,5921362,0.132440551123843,-0.132440388152867
"231",2.51054131977354,29.0979912947784,17.3159355982784,40.8800115627708,0.955953810350529,2.31207298221591,3.53308855232238,11.7820202679924,23.5640764657752,6.43303818532368,-1.35611361114128,"model average","Bacteria","Pseudomonadota","Gammaproteobacteria","Enterobacterales","Enterobacteriaceae","Pantoea","Pantoea agglomerans",25,"Sierras","Y","auc",859.082637534857,3.79811451163056,10.5631138734117,29.865,12.5751666666667,29.84,17.64775,-0.025,5.07258333333333,11.4399160687083,6.04756402436451,42.1067023829455,"Yosemite Mariposa Grove","Cold stable",718.176,5693.717777,529.24,0,55.34,5078433,0.213081773201881,-0.213082413938278
"235",1.78150280661124,28.024954045107,13.1369337785787,42.9120018799245,0.71542447607658,2.64988845491349,2.57769049940921,14.8870478348175,29.7750689758559,8.1251659330605,-1.934415355041,"model average","Bacteria","Pseudomonadota","Gammaproteobacteria","Pseudomonadales","Pseudomonadaceae","Pseudomonas_E","Pseudomonas_E sp003851685",25,"Sierras","Y","auc",859.082637534857,3.79811451163056,10.5631138734117,29.865,12.5751666666667,29.84,17.64775,-0.025,5.07258333333333,11.4399160687083,6.04756402436451,42.1067023829455,"Yosemite Mariposa Grove","Cold stable",718.176,5693.717777,529.24,0,58.66,10103211,0.119660154588617,-0.119667970868254
"237",1.23632034993709,27.3479553842244,11.2799774392593,43.415877069906,2.03757547703408e-06,1.06517187361207,7.44813692104362e-06,16.0679216856816,32.1359012808211,8.79524057255101,-7.56439053207805e-06,"model average","Bacteria","Pseudomonadota","Gammaproteobacteria","Pseudomonadales","Pseudomonadaceae","Pseudomonas_E","Pseudomonas_E sp019956415",25,"Sierras","Y","auc",859.082637534857,3.79811451163056,10.5631138734117,29.865,12.5751666666667,29.84,17.64775,-0.025,5.07258333333333,11.4399160687083,6.04756402436451,42.1067023829455,"Yosemite Mariposa Grove","Cold stable",718.176,5693.717777,529.24,0,58.49,6469853,0.0769431196739034,-0.0769433890780533
"238",1.07196413161429,23.6939678888524,8.22911395557734,39.1589823560635,0,1.94134498605051,0,15.4650144672111,30.929868289606,8.46102688467855,0,"model average","Bacteria","Pseudomonadota","Gammaproteobacteria","Pseudomonadales","Pseudomonadaceae","Pseudomonas_E","Pseudomonas_E sp002874965",25,"Sierras","Y","auc",859.082637534857,3.79811451163056,10.5631138734117,29.865,12.5751666666667,29.84,17.64775,-0.025,5.07258333333333,11.4399160687083,6.04756402436451,42.1067023829455,"Yosemite Mariposa Grove","Cold stable",718.176,5693.717777,529.24,0,60.9,7265188,0.0693161497832056,-0.0693154302498111
"239",1.53543227507969,27.3230706785054,8.51777398557605,46.1266819143276,3.44022438793526e-05,0.88757114626031,0.000136295311676227,18.8036112358222,37.6089906573024,10.2847206073723,-9.1174802440209e-05,"model average","Bacteria","Pseudomonadota","Gammaproteobacteria","Pseudomonadales","Pseudomonadaceae","Pseudomonas_E",NA,25,"Sierras","Y","auc",859.082637534857,3.79811451163056,10.5631138734117,29.865,12.5751666666667,29.84,17.64775,-0.025,5.07258333333333,11.4399160687083,6.04756402436451,42.1067023829455,"Yosemite Mariposa Grove","Cold stable",718.176,5693.717777,529.24,0,58.51,6987797,0.0816489258399736,-0.0816562444215281
"240",1.17244639432384,25.3109451975484,10.6570601968238,39.9659887680976,0,1.88774808626531,0,14.6550435705492,29.3089278990852,8.02107430909171,0,"model average","Bacteria","Pseudomonadota","Gammaproteobacteria","Enterobacterales","Enterobacteriaceae","Erwinia","Erwinia billingiae",25,"Sierras","Y","auc",859.082637534857,3.79811451163056,10.5631138734117,29.865,12.5751666666667,29.84,17.64775,-0.025,5.07258333333333,11.4399160687083,6.04756402436451,42.1067023829455,"Yosemite Mariposa Grove","Cold stable",718.176,5693.717777,529.24,0,55.04,4974360,0.080009253127472,-0.0800029279121346
"241",1.65557237575361,26.5660035017937,10.5390063338175,42.5930020798988,0,1.25758060438441,0,16.0269985781051,32.0539958926047,8.78701864286082,0,"model average","Bacteria","Pseudomonadota","Gammaproteobacteria","Pseudomonadales","Pseudomonadaceae","Pseudomonas_E",NA,25,"Sierras","Y","auc",859.082637534857,3.79811451163056,10.5631138734117,29.865,12.5751666666667,29.84,17.64775,-0.025,5.07258333333333,11.4399160687083,6.04756402436451,42.1067023829455,"Yosemite Mariposa Grove","Cold stable",718.176,5693.717777,529.24,0,59.71,6904226,0.103298974748784,-0.103298965660066
"244",1.11790728387125,25.8339946818079,14.1059991243676,37.562002756733,0,2.20999779305031,0,11.7280080749251,23.4560036188214,6.40900604999243,0,"model average","Bacteria","Pseudomonadota","Gammaproteobacteria","Pseudomonadales","Pseudomonadaceae","Pseudomonas_E","Pseudomonas_E sp003851685",25,"Sierras","ME","auc",935.631316849688,1.63672921752998,22.79544596832,33.333333332,10.68981481525,42.11111111,28.5138888891667,8.777777778,17.8240740739167,11.0156537183636,8.2615369570573,32.0694444470328,"Merced","Hot stable",284.939,2385.060297,154.83,0,61.02,5880230,0.0953195521260275,-0.0953194503899921
"245",1.86797363058745,27.8370349009383,9.72012929438246,45.9521340349099,1.37040794648266e-05,0.823638375339712,5.06738952602035e-05,18.1150991339716,36.2320412772398,9.89258680889284,-1.89139258306501e-05,"model average","Bacteria","Pseudomonadota","Gammaproteobacteria","Enterobacterales","Enterobacteriaceae","Enterobacter","Enterobacter cancerogenus",25,"Sierras","ME","auc",935.631316849688,1.63672921752998,22.79544596832,33.333333332,10.68981481525,42.11111111,28.5138888891667,8.777777778,17.8240740739167,11.0156537183636,8.2615369570573,32.0694444470328,"Merced","Hot stable",284.939,2385.060297,154.83,0,55.43,4989513,0.103106660218592,-0.103116942213383
"246",2.87705126855342,27.1263000704579,8.25353350973752,45.9964356588411,9.67751104493718e-05,0.896148390370948,0.000360414207389858,18.8701355883832,37.7430127306302,10.3026847544999,-0.000104468391434674,"model average","Bacteria","Pseudomonadota","Gammaproteobacteria","Pseudomonadales","Pseudomonadaceae","Pseudomonas_E","Pseudomonas_E alvandae",25,"Sierras","ME","auc",935.631316849688,1.63672921752998,22.79544596832,33.333333332,10.68981481525,42.11111111,28.5138888891667,8.777777778,17.8240740739167,11.0156537183636,8.2615369570573,32.0694444470328,"Merced","Hot stable",284.939,2385.060297,154.83,0,61.04,6294455,0.152444595724582,-0.152465850342092
"248",1.43653819551632,24.9009925962417,7.62802624473767,42.1730003673678,0,1.56329794935403,0,17.2720077711261,34.5449793347991,9.42904368415604,0,"model average","Bacteria","Pseudomonadota","Gammaproteobacteria","Pseudomonadales","Pseudomonadaceae","Pseudomonas_E",NA,25,"Sierras","ME","auc",935.631316849688,1.63672921752998,22.79544596832,33.333333332,10.68981481525,42.11111111,28.5138888891667,8.777777778,17.8240740739167,11.0156537183636,8.2615369570573,32.0694444470328,"Merced","Hot stable",284.939,2385.060297,154.83,0,59.92,5968476,0.0831668496471791,-0.0831714653300356
"249",1.60284799704173,26.2429980817191,12.5040016066431,39.9820036160383,0,1.52266100385824,0,13.7390055343191,27.4780020092905,7.51300276860519,0,"model average","Bacteria","Pseudomonadota","Gammaproteobacteria","Pseudomonadales","Pseudomonadaceae","Pseudomonas_E",NA,25,"Sierras","ME","auc",935.631316849688,1.63672921752998,22.79544596832,33.333333332,10.68981481525,42.11111111,28.5138888891667,8.777777778,17.8240740739167,11.0156537183636,8.2615369570573,32.0694444470328,"Merced","Hot stable",284.939,2385.060297,154.83,0,60.24,6074402,0.116664124628714,-0.116664047702573
"250",1.98094588589624,25.4740007315981,9.78501363907087,41.1630158813744,0,1.61791379981258,0,15.6890151497764,31.3780029536266,8.61003080158016,0,"model average","Bacteria","Pseudomonadota","Gammaproteobacteria","Pseudomonadales","Pseudomonadaceae","Pseudomonas_E",NA,25,"Sierras","ME","auc",935.631316849688,1.63672921752998,22.79544596832,33.333333332,10.68981481525,42.11111111,28.5138888891667,8.777777778,17.8240740739167,11.0156537183636,8.2615369570573,32.0694444470328,"Merced","Hot stable",284.939,2385.060297,154.83,0,60.26,6033038,0.126263465844763,-0.126263240043113
"251",1.83545978553299,27.1058871074791,13.2444443072697,40.8550632055463,1.21738205539339,1.37747154305098,5.27450583048125,13.7491760980673,27.6106188982767,7.55490191011219,-0.160089487657595,"model average","Bacteria","Pseudomonadota","Gammaproteobacteria","Pseudomonadales","Pseudomonadaceae","Pseudomonas_E","Pseudomonas_E marvdashtae",35,"Sierras","W","auc",878.106767977053,6.62465039416759,3.72997453836007,63.16,36.9024583333333,43.2,26.5604583333333,-19.96,-10.342,12.3358156459296,7.18459930806105,58.4269447962846,"White Mountain","Cold variable",131.682,770.7204333,148.04,0,60.64,5842276,0.132414771823411,-0.133495983500496
"252",1.37694533474542,27.6205268057795,12.7122584652425,42.1525394804752,0.93277525770362,1.20514678340381,3.58025676455184,14.5320126746957,29.4402810152326,8.11656222463677,-0.272371525700194,"model average","Bacteria","Pseudomonadota","Gammaproteobacteria","Pseudomonadales","Pseudomonadaceae","Pseudomonas_E","Pseudomonas_E marvdashtae",35,"Sierras","W","auc",878.106767977053,6.62465039416759,3.72997453836007,63.16,36.9024583333333,43.2,26.5604583333333,-19.96,-10.342,12.3358156459296,7.18459930806105,58.4269447962846,"White Mountain","Cold variable",131.682,770.7204333,148.04,0,60.64,5842350,0.0923611853028815,-0.0947525553114241
"253",1.55376198805777,28.6779974231667,16.8063664043789,40.5478217831024,0.790163009552183,8.96867640544509,2.86649140817065,11.8698243599357,23.7414553787235,6.50800165234863,-8.17851339589291,"model average","Bacteria","Pseudomonadota","Gammaproteobacteria","Pseudomonadales","Pseudomonadaceae","Pseudomonas_E","Pseudomonas_E marvdashtae",35,"Sierras","W","auc",878.106767977053,6.62465039416759,3.72997453836007,63.16,36.9024583333333,43.2,26.5604583333333,-19.96,-10.342,12.3358156459296,7.18459930806105,58.4269447962846,"White Mountain","Cold variable",131.682,770.7204333,148.04,0,58.3,9664885,0.130880245991374,-0.130900166754126
"254",1.04588422280769,25.5300298913009,7.10589424962999,43.3290287994213,0.657740428702749,1.07423410366978,2.44175155512748,17.7989989081204,36.2231345497913,10.3656910932458,-0.416493674967027,"model average","Bacteria","Pseudomonadota","Gammaproteobacteria","Pseudomonadales","Pseudomonadaceae","Pseudomonas_E","Pseudomonas_E marvdashtae",35,"Sierras","W","auc",878.106767977053,6.62465039416759,3.72997453836007,63.16,36.9024583333333,43.2,26.5604583333333,-19.96,-10.342,12.3358156459296,7.18459930806105,58.4269447962846,"White Mountain","Cold variable",131.682,770.7204333,148.04,0,58.32,10458649,0.0567670713649195,-0.0587608453827439
"256",0.686676835161429,25.572333963288,9.93636000337475,41.027182079866,0.634110352372277,1.89155587935493,2.38473526752199,15.4548481165779,31.0942155286117,8.58175836650014,-1.25744552698265,"model average","Bacteria","Pseudomonadota","Gammaproteobacteria","Pseudomonadales","Pseudomonadaceae","Stutzerimonas",NA,35,"Sierras","W","auc",878.106767977053,6.62465039416759,3.72997453836007,63.16,36.9024583333333,43.2,26.5604583333333,-19.96,-10.342,12.3358156459296,7.18459930806105,58.4269447962846,"White Mountain","Cold variable",131.682,770.7204333,148.04,0,59.18,4520386,0.0439164734427096,-0.0444311603699844
"258",1.43436020949371,24.6089734975874,8.92514100322625,40.2929798226777,0.952521467087581,1.54755768987807,3.6669626628315,15.6840063250903,31.3678390198959,8.59313264206575,-0.595036222790487,"model average","Bacteria","Pseudomonadota","Gammaproteobacteria","Pseudomonadales","Pseudomonadaceae","Stutzerimonas",NA,35,"Sierras","W","auc",878.106767977053,6.62465039416759,3.72997453836007,63.16,36.9024583333333,43.2,26.5604583333333,-19.96,-10.342,12.3358156459296,7.18459930806105,58.4269447962846,"White Mountain","Cold variable",131.682,770.7204333,148.04,0,59.18,4519335,0.091454700884456,-0.0914536872635093
"260",0.882184640752347,23.6463179109464,4.79703082166103,42.525456680724,0.674460563368226,0.975808835810019,2.50017242399128,18.8791387697776,37.7293983350957,10.3522524145447,-0.301348272441793,"model average","Bacteria","Pseudomonadota","Gammaproteobacteria","Pseudomonadales","Pseudomonadaceae","Pseudomonas_E","Pseudomonas_E marvdashtae",35,"Sierras","W","auc",878.106767977053,6.62465039416759,3.72997453836007,63.16,36.9024583333333,43.2,26.5604583333333,-19.96,-10.342,12.3358156459296,7.18459930806105,58.4269447962846,"White Mountain","Cold variable",131.682,770.7204333,148.04,0,60.64,5843934,0.0468020162552362,-0.0467280129411719
"261",1.78908770634723,28.0181781287029,16.2248572711042,39.7792807819588,0.95008650830287,5.69735578479104,3.50437420653321,11.7611026532559,23.5544235108546,6.42939701245867,-4.74726927648817,"model average","Bacteria","Pseudomonadota","Gammaproteobacteria","Pseudomonadales","Pseudomonadaceae","Pseudomonas_E",NA,35,"Sierras","S","auc",925.997056708761,7.77846259026206,11.2878606063651,59.31,25.7524223333333,46.1,26.1615,-13.21,0.409077666666667,13.6358050487579,6.29129382540128,43.4200342831451,"SNARL","Cold variable",358.009,2285.278729,282.69,0,59.58,7029129,0.151703470799277,-0.15211904521996
"262",1.99793791368619,25.456987604281,11.6778588974731,39.2364545223299,1.256747603976,1.68893303692153,5.5115729634469,13.7794669180489,27.5585956248569,7.57386896706929,-0.432185432945533,"model average","Bacteria","Pseudomonadota","Gammaproteobacteria","Enterobacterales","Enterobacteriaceae","Pantoea","Pantoea agglomerans",35,"Sierras","S","auc",925.997056708761,7.77846259026206,11.2878606063651,59.31,25.7524223333333,46.1,26.1615,-13.21,0.409077666666667,13.6358050487579,6.29129382540128,43.4200342831451,"SNARL","Cold variable",358.009,2285.278729,282.69,0,58.95,16776604,0.144997405583349,-0.144993846682792
"263",2.12185286628362,25.5780072890771,8.94404550815906,42.180986053071,0.882531633200889,1.19823249977585,3.31016065880367,16.6029787639939,33.236940544912,9.14687597272454,-0.31570086657496,"model average","Bacteria","Pseudomonadota","Gammaproteobacteria","Enterobacterales","Enterobacteriaceae","Pantoea","Pantoea agglomerans",35,"Sierras","S","auc",925.997056708761,7.77846259026206,11.2878606063651,59.31,25.7524223333333,46.1,26.1615,-13.21,0.409077666666667,13.6358050487579,6.29129382540128,43.4200342831451,"SNARL","Cold variable",358.009,2285.278729,282.69,0,58.39,11428339,0.127561485004597,-0.127799529014949
"264",1.35330369638452,25.9034667471089,11.1109054086668,40.696312135774,1.12663655981651,1.37116692921175,4.60489448387412,14.7928453886652,29.5854067271072,8.08717445864858,-0.24453036939524,"model average","Bacteria","Pseudomonadota","Gammaproteobacteria","Enterobacterales","Enterobacteriaceae","Mixta",NA,35,"Sierras","S","auc",925.997056708761,7.77846259026206,11.2878606063651,59.31,25.7524223333333,46.1,26.1615,-13.21,0.409077666666667,13.6358050487579,6.29129382540128,43.4200342831451,"SNARL","Cold variable",358.009,2285.278729,282.69,0,53.59,4571946,0.0914854206396041,-0.0914836639488897
"265",1.50852242768887,27.6039454490161,13.5586898038673,41.5819559358226,1.44571815440814,1.07838545534088,7.01694406337151,13.9780104868065,28.0232661319553,7.69407295206904,0.367332699067254,"model average","Bacteria","Pseudomonadota","Gammaproteobacteria","Enterobacterales","Enterobacteriaceae","Mixta",NA,35,"Sierras","S","auc",925.997056708761,7.77846259026206,11.2878606063651,59.31,25.7524223333333,46.1,26.1615,-13.21,0.409077666666667,13.6358050487579,6.29129382540128,43.4200342831451,"SNARL","Cold variable",358.009,2285.278729,282.69,0,53.59,4574432,0.107404412265711,-0.10792111145665
"266",1.63754982841489,26.7249661115239,15.4739524734568,37.9750359206579,1.50581383778107,1.8785382822282,7.80763555888484,11.250069809134,22.501083447201,6.16206581683676,-0.372724444447129,"model average","Bacteria","Pseudomonadota","Gammaproteobacteria","Enterobacterales","Enterobacteriaceae","Pantoea","Pantoea brenneri",35,"Sierras","S","auc",925.997056708761,7.77846259026206,11.2878606063651,59.31,25.7524223333333,46.1,26.1615,-13.21,0.409077666666667,13.6358050487579,6.29129382540128,43.4200342831451,"SNARL","Cold variable",358.009,2285.278729,282.69,0,58.41,11797786,0.145546870805875,-0.145559081516575
"267",1.21784735681862,25.057273004097,13.2777364185093,39.9894053491007,2.00874605657379,2.33080600787549,15.6880697305931,14.9897328638151,26.646590798063,9.70545123985886,-0.322059951301704,"model average","Bacteria","Pseudomonadota","Gammaproteobacteria","Enterobacterales","Enterobacteriaceae","Pantoea","Pantoea sp900115075",35,"Sierras","S","auc",925.997056708761,7.77846259026206,11.2878606063651,59.31,25.7524223333333,46.1,26.1615,-13.21,0.409077666666667,13.6358050487579,6.29129382540128,43.4200342831451,"SNARL","Cold variable",358.009,2285.278729,282.69,0,58.22,17883633,0.103386695051201,-0.0815588375913446
"268",1.36497107777895,28.5460002308166,13.7519997046532,43.3399992794721,0.890182091473851,2.50574869023801,3.26278620879875,14.7939990486555,29.5879995748189,8.12100061313178,-1.61556659876416,"model average","Bacteria","Pseudomonadota","Gammaproteobacteria","Pseudomonadales","Pseudomonadaceae","Pseudomonas_E",NA,35,"Sierras","S","auc",925.997056708761,7.77846259026206,11.2878606063651,59.31,25.7524223333333,46.1,26.1615,-13.21,0.409077666666667,13.6358050487579,6.29129382540128,43.4200342831451,"SNARL","Cold variable",358.009,2285.278729,282.69,0,59.8,12437310,0.0922651770469373,-0.0922651862616552
"269",1.75329986039754,26.6099999999974,13.1840000000014,40.035999999994,2.12414012538822,1.39370160294772,18.1354001304889,13.4259999999966,26.8519999999926,7.36600000001433,0.730438522440507,"model average","Bacteria","Pseudomonadota","Gammaproteobacteria","Pseudomonadales","Pseudomonadaceae","Pseudomonas_E",NA,35,"Sierras","S","auc",925.997056708761,7.77846259026206,11.2878606063651,59.31,25.7524223333333,46.1,26.1615,-13.21,0.409077666666667,13.6358050487579,6.29129382540128,43.4200342831451,"SNARL","Cold variable",358.009,2285.278729,282.69,0,58.89,6935437,0.130589889795774,-0.130589889795768
"270",1.06165876610502,26.7089489869566,11.3910872293558,42.0278415291839,1.23554074817961,1.24530558052347,5.39858543663179,15.3188925422272,30.6367547477318,8.37919465571862,-0.00976483449353453,"model average","Bacteria","Pseudomonadota","Gammaproteobacteria","Pseudomonadales","Pseudomonadaceae","Pseudomonas_E",NA,35,"Sierras","S","auc",925.997056708761,7.77846259026206,11.2878606063651,59.31,25.7524223333333,46.1,26.1615,-13.21,0.409077666666667,13.6358050487579,6.29129382540128,43.4200342831451,"SNARL","Cold variable",358.009,2285.278729,282.69,0,60.49,5948224,0.0693085486019757,-0.069303884936754
"271",1.62033951799623,25.979986729402,14.4159409833018,37.543024452103,2.13539345402829,1.82879647392306,17.7302735514419,11.5630377227009,23.1270834688012,6.31109380287162,0.306596980105223,"model average","Bacteria","Pseudomonadota","Gammaproteobacteria","Pseudomonadales","Pseudomonadaceae","Pseudomonas_E","Pseudomonas_E sp003851685",35,"Sierras","S","auc",925.997056708761,7.77846259026206,11.2878606063651,59.31,25.7524223333333,46.1,26.1615,-13.21,0.409077666666667,13.6358050487579,6.29129382540128,43.4200342831451,"SNARL","Cold variable",358.009,2285.278729,282.69,0,60.42,6037764,0.140118739891933,-0.140130954931948
"272",1.57629719147225,24.4812159097266,8.85107898858751,40.1375098736096,0.935118667027815,1.46610388708366,3.55632970921976,15.656293963883,31.2864203539604,8.62666363444413,-0.53098522005584,"model average","Bacteria","Pseudomonadota","Gammaproteobacteria","Pseudomonadales","Pseudomonadaceae","Pseudomonas_E","Pseudomonas_E sp003851685",35,"Sierras","S","auc",925.997056708761,7.77846259026206,11.2878606063651,59.31,25.7524223333333,46.1,26.1615,-13.21,0.409077666666667,13.6358050487579,6.29129382540128,43.4200342831451,"SNARL","Cold variable",358.009,2285.278729,282.69,0,60.41,6053322,0.100849864554953,-0.100681374219758
"273",1.71415605074691,26.6743775898,10.3342810379484,42.6093336659788,1.13288370609843,0.989147549126523,4.64835116467922,15.9349560761788,32.2750526280304,9.3691216805771,0.143736156971908,"model average","Bacteria","Pseudomonadota","Gammaproteobacteria","Pseudomonadales","Pseudomonadaceae","Pseudomonas_E","Pseudomonas_E sp003851685",35,"Sierras","S","auc",925.997056708761,7.77846259026206,11.2878606063651,59.31,25.7524223333333,46.1,26.1615,-13.21,0.409077666666667,13.6358050487579,6.29129382540128,43.4200342831451,"SNARL","Cold variable",358.009,2285.278729,282.69,0,60.14,6476590,0.104904891186378,-0.107572059976331
"274",1.62745518319142,26.6020001651529,14.6029567813182,38.6020131173622,1.47274414675906,1.7580591163843,7.46309653408023,12.0000129522093,23.999056336044,6.5930443777857,-0.285314969625235,"model average","Bacteria","Pseudomonadota","Gammaproteobacteria","Enterobacterales","Enterobacteriaceae","Pantoea","Pantoea sp900115075",35,"Sierras","S","auc",925.997056708761,7.77846259026206,11.2878606063651,59.31,25.7524223333333,46.1,26.1615,-13.21,0.409077666666667,13.6358050487579,6.29129382540128,43.4200342831451,"SNARL","Cold variable",358.009,2285.278729,282.69,0,57.95,11331136,0.135632077585781,-0.135621118883192
"275",0.993226385900733,24.7709026509057,11.0500781413239,38.4919380277538,0.975228219094311,2.46375024568417,3.78226691063481,13.7210353768481,27.4418595475025,7.50216251944824,-1.48852202658986,"model average","Bacteria","Pseudomonadota","Gammaproteobacteria","Pseudomonadales","Pseudomonadaceae","Pseudomonas_E",NA,35,"Sierras","S","auc",925.997056708761,7.77846259026206,11.2878606063651,59.31,25.7524223333333,46.1,26.1615,-13.21,0.409077666666667,13.6358050487579,6.29129382540128,43.4200342831451,"SNARL","Cold variable",358.009,2285.278729,282.69,0,60.6,7751327,0.072388243520433,-0.0723871310452732
"276",1.95411789473648,27.1014408024627,12.1723508232306,42.0051768629843,0.773756439923714,1.26299393240686,2.86571709548535,14.9037360605216,29.8328260397537,8.15076081449931,-0.489237492483145,"model average","Bacteria","Pseudomonadota","Gammaproteobacteria","Pseudomonadales","Pseudomonadaceae","Pseudomonas_E",NA,35,"Sierras","S","auc",925.997056708761,7.77846259026206,11.2878606063651,59.31,25.7524223333333,46.1,26.1615,-13.21,0.409077666666667,13.6358050487579,6.29129382540128,43.4200342831451,"SNARL","Cold variable",358.009,2285.278729,282.69,0,60.55,6377838,0.130893302770287,-0.131115975672216
"277",1.99130955131634,27.4917829835497,12.9630854613962,41.9416165399728,1.06623411238796,1.17790232705027,4.24785046665624,14.4498335564231,28.9785310785766,7.98495903814092,-0.111668214662312,"model average","Bacteria","Pseudomonadota","Gammaproteobacteria","Enterobacterales","Enterobacteriaceae","Pantoea","Pantoea sp900115075",35,"Sierras","S","auc",925.997056708761,7.77846259026206,11.2878606063651,59.31,25.7524223333333,46.1,26.1615,-13.21,0.409077666666667,13.6358050487579,6.29129382540128,43.4200342831451,"SNARL","Cold variable",358.009,2285.278729,282.69,0,57.94,11335617,0.137060431486028,-0.137808476723331
"278",1.89827688741876,26.2651644240222,11.2564043064312,41.2701795103272,0.955361729723294,1.40483665569592,3.66605454765474,15.0050150863049,30.0137752038959,8.21472934400402,-0.449474925972622,"model average","Bacteria","Pseudomonadota","Gammaproteobacteria","Enterobacterales","Enterobacteriaceae","Pantoea","Pantoea sp900115075",35,"Sierras","V","auc",610.4999145523,1.48871291169835,7.40092911594768,20.456,6.29616666666667,20.44,10.5924583333333,-0.016,4.29629166666667,7.3578366739095,4.65435294600812,30.7790705253552,"Valentine","Cold stable",588.816,3803.06494,446.73,0,57.57,9377456,0.126477928392891,-0.126509495425387
"279",2.32055030221631,28.2552893748811,13.4771483730294,42.7840008738912,0.909709563024956,2.24288122308466,3.33644505848618,14.5287114990101,29.3068525008618,8.05281051888917,-1.3331716600597,"model average","Bacteria","Pseudomonadota","Gammaproteobacteria","Enterobacterales","Enterobacteriaceae","Pantoea","Pantoea brenneri",35,"Sierras","V","auc",610.4999145523,1.48871291169835,7.40092911594768,20.456,6.29616666666667,20.44,10.5924583333333,-0.016,4.29629166666667,7.3578366739095,4.65435294600812,30.7790705253552,"Valentine","Cold stable",588.816,3803.06494,446.73,0,58.74,12889110,0.15702586014882,-0.159721686425835
"280",1.56186298676432,27.1389305578257,13.793850382096,40.4838420379712,2.05468174689163,1.22925245355549,16.4986775517633,13.3449114801455,26.6899916558753,7.28830032534948,0.825429293336144,"model average","Bacteria","Pseudomonadota","Gammaproteobacteria","Enterobacterales","Enterobacteriaceae","Pantoea","Pantoea sp900115075",35,"Sierras","V","auc",610.4999145523,1.48871291169835,7.40092911594768,20.456,6.29616666666667,20.44,10.5924583333333,-0.016,4.29629166666667,7.3578366739095,4.65435294600812,30.7790705253552,"Valentine","Cold stable",588.816,3803.06494,446.73,0,54.6,4973702,0.117036613208577,-0.11703809269084
"281",2.02323820258773,27.9300951348116,13.670343901525,42.1874691314098,1.40292516266623,0.992281418282161,6.78487137460323,14.2573739965982,28.5171234429576,7.78360966899752,0.410643424535031,"model average","Bacteria","Pseudomonadota","Gammaproteobacteria","Enterobacterales","Enterobacteriaceae","Pantoea","Pantoea sp900115075",35,"Sierras","V","auc",610.4999145523,1.48871291169835,7.40092911594768,20.456,6.29616666666667,20.44,10.5924583333333,-0.016,4.29629166666667,7.3578366739095,4.65435294600812,30.7790705253552,"Valentine","Cold stable",588.816,3803.06494,446.73,0,58.07,11492808,0.14188453707838,-0.141908194529404
"282",1.11378262421654,23.7799319551568,4.69071804931313,42.9051482634308,0.711996236777103,0.787099081050227,2.65729534475506,19.125216308274,38.2154515607336,10.4512536810546,-0.0751028442731236,"model average","Bacteria","Pseudomonadota","Gammaproteobacteria","Pseudomonadales","Pseudomonadaceae","Pseudomonas_E","Pseudomonas_E fluorescens_AO",35,"Sierras","Y","auc",859.082637534857,3.79811451163056,10.5631138734117,29.865,12.5751666666667,29.84,17.64775,-0.025,5.07258333333333,11.4399160687083,6.04756402436451,42.1067023829455,"Yosemite Mariposa Grove","Cold stable",718.176,5693.717777,529.24,0,60.1,5921519,0.0583461754742862,-0.058236341292239
"283",1.44550045188269,24.7111096258953,7.33693190398934,42.0909246158949,0.793967471967958,1.16566097337159,2.93670279583081,17.3798149899997,34.7540015355321,9.51162113788213,-0.371693501403635,"model average","Bacteria","Pseudomonadota","Gammaproteobacteria","Pseudomonadales","Pseudomonadaceae","Pseudomonas_E","Pseudomonas_E fluorescens_AO",35,"Sierras","Y","auc",859.082637534857,3.79811451163056,10.5631138734117,29.865,12.5751666666667,29.84,17.64775,-0.025,5.07258333333333,11.4399160687083,6.04756402436451,42.1067023829455,"Yosemite Mariposa Grove","Cold stable",718.176,5693.717777,529.24,0,60.1,5924526,0.083198207996926,-0.0831712220592932
"284",1.04044602794072,24.8848589428671,10.5311271209179,39.2388253870712,0.869768556056082,2.32994201331859,3.27425789196052,14.3539664442041,28.7076957327769,7.83726074419219,-1.46017345726251,"model average","Bacteria","Pseudomonadota","Gammaproteobacteria","Enterobacterales","Enterobacteriaceae","Pantoea","Pantoea agglomerans",35,"Sierras","Y","auc",859.082637534857,3.79811451163056,10.5631138734117,29.865,12.5751666666667,29.84,17.64775,-0.025,5.07258333333333,11.4399160687083,6.04756402436451,42.1067023829455,"Yosemite Mariposa Grove","Cold stable",718.176,5693.717777,529.24,0,55.35,5233743,0.0724860991445937,-0.0724849143256034
"289",1.67849003326719,27.7079547322692,15.4717848214663,39.9450010129011,1.21154757988046,1.35311480563144,5.22057460162444,12.2370573801415,24.473200584409,6.70119406165629,-0.141567225750981,"model average","Bacteria","Pseudomonadota","Gammaproteobacteria","Pseudomonadales","Pseudomonadaceae","Pseudomonas_E",NA,35,"Sierras","ME","auc",935.631316849688,1.63672921752998,22.79544596832,33.333333332,10.68981481525,42.11111111,28.5138888891667,8.777777778,17.8240740739167,11.0156537183636,8.2615369570573,32.0694444470328,"Merced","Hot stable",284.939,2385.060297,154.83,0,59.99,5859377,0.137174462720177,-0.137164638816788
"290",0.87975233896,24.1459867777128,10.1748631576999,38.1243106507371,0.948055747900728,2.30857530349677,3.6194858776027,13.9783238730244,27.9494476574863,7.63434838543323,-1.36051955559604,"model average","Bacteria","Pseudomonadota","Gammaproteobacteria","Pseudomonadales","Pseudomonadaceae","Pseudomonas_E",NA,35,"Sierras","ME","auc",935.631316849688,1.63672921752998,22.79544596832,33.333333332,10.68981481525,42.11111111,28.5138888891667,8.777777778,17.8240740739167,11.0156537183636,8.2615369570573,32.0694444470328,"Merced","Hot stable",284.939,2385.060297,154.83,0,59.33,6580490,0.0629693332395829,-0.0629368976532134
"291",2.00440959776593,25.4287783921981,5.3412695014957,45.0459600158169,0.530907314042419,1.07438395043796,2.05920727639089,19.6171816236188,39.7043405914198,10.9249975076564,-0.543476636395544,"model average","Bacteria","Pseudomonadota","Gammaproteobacteria","Enterobacterales","Enterobacteriaceae","Erwinia","Erwinia sp003937915",35,"Sierras","ME","auc",935.631316849688,1.63672921752998,22.79544596832,33.333333332,10.68981481525,42.11111111,28.5138888891667,8.777777778,17.8240740739167,11.0156537183636,8.2615369570573,32.0694444470328,"Merced","Hot stable",284.939,2385.060297,154.83,0,55.87,4728248,0.0997838810512577,-0.102176226749751
"292",2.75654579586436,26.7705285876648,9.36591843015647,44.0276580197511,0.736766632357174,1.18333108443037,2.73369718532157,17.2571294320863,34.6617395895946,9.49204178034691,-0.4465644520732,"model average","Bacteria","Pseudomonadota","Gammaproteobacteria","Pseudomonadales","Pseudomonadaceae","Pseudomonas_E",NA,35,"Sierras","ME","auc",935.631316849688,1.63672921752998,22.79544596832,33.333333332,10.68981481525,42.11111111,28.5138888891667,8.777777778,17.8240740739167,11.0156537183636,8.2615369570573,32.0694444470328,"Merced","Hot stable",284.939,2385.060297,154.83,0,58.66,10120632,0.158380209089325,-0.159733738262349
"293",2.23998969780175,25.9007482045733,13.5872694924149,38.2141444683629,1.55685725418968,1.85364099314325,8.2490443877774,12.3133962637896,24.6268749759481,6.72340682295462,-0.296783738953565,"model average","Bacteria","Pseudomonadota","Gammaproteobacteria","Pseudomonadales","Pseudomonadaceae","Pseudomonas_E",NA,35,"Sierras","ME","auc",935.631316849688,1.63672921752998,22.79544596832,33.333333332,10.68981481525,42.11111111,28.5138888891667,8.777777778,17.8240740739167,11.0156537183636,8.2615369570573,32.0694444470328,"Merced","Hot stable",284.939,2385.060297,154.83,0,58.96,8933851,0.18191363709347,-0.181914855155678
"294",1.90755561389631,24.8328410220293,10.0692319653029,39.6004528732706,0.972621610245607,1.7412677998538,3.74250799648966,14.7676118512414,29.5312829674208,8.07519143120392,-0.768646189608192,"model average","Bacteria","Pseudomonadota","Gammaproteobacteria","Enterobacterales","Enterobacteriaceae","Pantoea","Pantoea sp900115075",35,"Sierras","ME","auc",935.631316849688,1.63672921752998,22.79544596832,33.333333332,10.68981481525,42.11111111,28.5138888891667,8.777777778,17.8240740739167,11.0156537183636,8.2615369570573,32.0694444470328,"Merced","Hot stable",284.939,2385.060297,154.83,0,54.59,4972672,0.129206592139286,-0.129171570400936
"295",1.77265741920056,24.2639616083294,7.77949329669876,40.7488672706233,0.791620291322257,1.57365528796916,2.94477379328496,16.4849056622939,32.9693739805061,9.01230663920216,-0.782034996646903,"model average","Bacteria","Pseudomonadota","Gammaproteobacteria","Enterobacterales","Enterobacteriaceae","Enterobacter","Enterobacter cancerogenus",35,"Sierras","ME","auc",935.631316849688,1.63672921752998,22.79544596832,33.333333332,10.68981481525,42.11111111,28.5138888891667,8.777777778,17.8240740739167,11.0156537183636,8.2615369570573,32.0694444470328,"Merced","Hot stable",284.939,2385.060297,154.83,0,55.44,4990368,0.107535007237683,-0.107532154294045
"296",1.77761988343893,24.8638009538404,9.77349785677972,39.9545259370764,1.0440818189047,1.64656052263009,4.15561455616136,15.090724983236,30.1810280802967,8.24042936740977,-0.602479629512591,"model average","Bacteria","Pseudomonadota","Gammaproteobacteria","Pseudomonadales","Moraxellaceae","Acinetobacter","Acinetobacter calcoaceticus_C",35,"Sierras","ME","auc",935.631316849688,1.63672921752998,22.79544596832,33.333333332,10.68981481525,42.11111111,28.5138888891667,8.777777778,17.8240740739167,11.0156537183636,8.2615369570573,32.0694444470328,"Merced","Hot stable",284.939,2385.060297,154.83,0,38.6,3863008,0.117798819016775,-0.117795525755963
"297",2.41299614188887,26.0497458190339,8.94118781489726,42.9558698180518,0.854078083592515,1.13253702924548,3.19307659370949,16.9061239990179,34.0146820031545,9.52065429929953,-0.278458945652963,"model average","Bacteria","Pseudomonadota","Gammaproteobacteria","Enterobacterales","Enterobacteriaceae","Enterobacter","Enterobacter cancerogenus",35,"Sierras","ME","auc",935.631316849688,1.63672921752998,22.79544596832,33.333333332,10.68981481525,42.11111111,28.5138888891667,8.777777778,17.8240740739167,11.0156537183636,8.2615369570573,32.0694444470328,"Merced","Hot stable",284.939,2385.060297,154.83,0,55.43,4990009,0.141040299323031,-0.142729116504117
"299",1.35710282176739,27.1378644437613,13.5943607639957,40.676277871964,1.0499522183841,1.40670363804173,4.15973363014173,13.5384134282027,27.0819171079683,7.398796863257,-0.356751419657626,"model average","Bacteria","Pseudomonadota","Gammaproteobacteria","Pseudomonadales","Pseudomonadaceae","Pseudomonas_E","Pseudomonas_E fluorescens_T",35,"Sierras","ME","auc",935.631316849688,1.63672921752998,22.79544596832,33.333333332,10.68981481525,42.11111111,28.5138888891667,8.777777778,17.8240740739167,11.0156537183636,8.2615369570573,32.0694444470328,"Merced","Hot stable",284.939,2385.060297,154.83,0,61.04,6215565,0.100203230556576,-0.100240905551039
"301",2.42094240725116,24.3770115748414,8.6619869989369,40.0929934102709,0.805826448684717,1.76633123324298,3.00374278707897,15.7159818354294,31.4310065163926,8.60803106755727,-0.960504784558262,"model average","Bacteria","Pseudomonadota","Gammaproteobacteria","Pseudomonadales","Pseudomonadaceae","Pseudomonas_E",NA,35,"Sierras","ME","auc",935.631316849688,1.63672921752998,22.79544596832,33.333333332,10.68981481525,42.11111111,28.5138888891667,8.777777778,17.8240740739167,11.0156537183636,8.2615369570573,32.0694444470328,"Merced","Hot stable",284.939,2385.060297,154.83,0,59.22,8081048,0.154052728047472,-0.154043344704909
"302",2.13167632573819,25.4248891759977,11.6251409034781,39.2248563812105,1.04517041034045,1.91206741730386,4.130435975345,13.7999672052128,27.5997154777324,7.57645000002878,-0.866897006963411,"model average","Bacteria","Pseudomonadota","Gammaproteobacteria","Enterobacterales","Enterobacteriaceae","Pantoea","Pantoea brenneri",35,"Sierras","ME","auc",935.631316849688,1.63672921752998,22.79544596832,33.333333332,10.68981481525,42.11111111,28.5138888891667,8.777777778,17.8240740739167,11.0156537183636,8.2615369570573,32.0694444470328,"Merced","Hot stable",284.939,2385.060297,154.83,0,55.79,4956051,0.154472116711226,-0.154469666053479
"303",1.57311908677533,26.584,10.89,42.277,0,1.12975744628892,0,15.693,31.387,8.602,0,"model average","Bacteria","Pseudomonadota","Gammaproteobacteria","Pseudomonadales","Pseudomonadaceae","Pseudomonas_E","Pseudomonas_E fluorescens_T",15,"Socal","EC","auc",612.552815413915,2.34800864305104,23.5139073837586,39.949,19.4345138888889,45.02,34.5314583333333,5.071,15.0969444444444,6.82367095271885,5.94156129651531,48.6483113191541,"Elliot Chaparral","Hot stable",306.113,2320.016785,191.05,0,60.81,6565648,0.100236975071704,-0.100243362440281
"304",1.58749062423563,27.8,14.765,40.836,0,1.28506990157856,0,13.036,26.071,7.125,0,"model average","Bacteria","Pseudomonadota","Gammaproteobacteria","Pseudomonadales","Pseudomonadaceae","Pseudomonas_E","Pseudomonas_E fluorescens_T",15,"Socal","EC","auc",612.552815413915,2.34800864305104,23.5139073837586,39.949,19.4345138888889,45.02,34.5314583333333,5.071,15.0969444444444,6.82367095271885,5.94156129651531,48.6483113191541,"Elliot Chaparral","Hot stable",306.113,2320.016785,191.05,0,60.81,6565558,0.121786775929086,-0.121777433586655
"306",1.13625282971747,27.368,11.919,42.818,0,0.99393326452189,0,15.45,30.899,8.461,0,"model average","Bacteria","Pseudomonadota","Gammaproteobacteria","Pseudomonadales","Pseudomonadaceae","Pseudomonas_E",NA,15,"Socal","EC","auc",612.552815413915,2.34800864305104,23.5139073837586,39.949,19.4345138888889,45.02,34.5314583333333,5.071,15.0969444444444,6.82367095271885,5.94156129651531,48.6483113191541,"Elliot Chaparral","Hot stable",306.113,2320.016785,191.05,0,62.86,5867319,0.0735486329029368,-0.0735438724736227
"307",0.915969012763851,25.736,5.964,45.508,0,1.04010025005586,0,19.772,39.544,10.803,0,"model average","Bacteria","Pseudomonadota","Gammaproteobacteria","Pseudomonadales","Pseudomonadaceae","Pseudomonas_E",NA,15,"Socal","EC","auc",612.552815413915,2.34800864305104,23.5139073837586,39.949,19.4345138888889,45.02,34.5314583333333,5.071,15.0969444444444,6.82367095271885,5.94156129651531,48.6483113191541,"Elliot Chaparral","Hot stable",306.113,2320.016785,191.05,0,62.86,5869436,0.04632657357697,-0.04632657357697
"308",0.895541714147326,24.442,3.775,45.109,0,1.09596915252771,0,20.667,41.334,11.312,0,"model average","Bacteria","Pseudomonadota","Gammaproteobacteria","Pseudomonadales","Pseudomonadaceae","Pseudomonas_E",NA,15,"Socal","EC","auc",612.552815413915,2.34800864305104,23.5139073837586,39.949,19.4345138888889,45.02,34.5314583333333,5.071,15.0969444444444,6.82367095271885,5.94156129651531,48.6483113191541,"Elliot Chaparral","Hot stable",306.113,2320.016785,191.05,0,62.86,5867946,0.0433319646851176,-0.0433319646851176
"310",0.844712216765081,26.753,9.279,44.227,0,0.919081480890619,0,17.474,34.948,9.548,0,"model average","Bacteria","Pseudomonadota","Gammaproteobacteria","Pseudomonadales","Pseudomonadaceae","Pseudomonas_E",NA,15,"Socal","EC","auc",612.552815413915,2.34800864305104,23.5139073837586,39.949,19.4345138888889,45.02,34.5314583333333,5.071,15.0969444444444,6.82367095271885,5.94156129651531,48.6483113191541,"Elliot Chaparral","Hot stable",306.113,2320.016785,191.05,0,60.31,6025956,0.0483410905782924,-0.0483410905782924
"311",0.955722101162399,27.94,15.194,40.686,0,1.16856572772266,0,12.746,25.492,6.957,0,"model average","Bacteria","Pseudomonadota","Gammaproteobacteria","Pseudomonadales","Pseudomonadaceae","Pseudomonas_E","Pseudomonas_E sp002080045",15,"Socal","EC","auc",612.552815413915,2.34800864305104,23.5139073837586,39.949,19.4345138888889,45.02,34.5314583333333,5.071,15.0969444444444,6.82367095271885,5.94156129651531,48.6483113191541,"Elliot Chaparral","Hot stable",306.113,2320.016785,191.05,0,59.42,6669342,0.0749821199719441,-0.0749821199719441
"312",1.02866929713849,25.983,7.806,44.159,0,1.0634367664909,0,18.176,36.353,9.921,0,"model average","Bacteria","Pseudomonadota","Gammaproteobacteria","Pseudomonadales","Pseudomonadaceae","Stutzerimonas",NA,15,"Socal","AB","auc",961.717534693791,4.03963204624225,28.8874276818206,57.684,26.9699259259259,59.67,43.2555555555556,1.986,16.2856296296296,10.6954996504411,8.66158447721526,46.7546042679528,"Anza Borrego HQ","Hot variable",85.4,507.9528116,77.43,0,61.05,4441242,0.0565918081717825,-0.0565949217175666
"313",1.55460039663876,28.274,14.185,42.363,0.716733152656531,4.77983079935922,2.58110659668519,14.089,28.178,7.708,-4.06309764670269,"model average","Bacteria","Pseudomonadota","Gammaproteobacteria","Enterobacterales","Enterobacteriaceae","Siccibacter","Siccibacter colletis",15,"Socal","AB","auc",961.717534693791,4.03963204624225,28.8874276818206,57.684,26.9699259259259,59.67,43.2555555555556,1.986,16.2856296296296,10.6954996504411,8.66158447721526,46.7546042679528,"Anza Borrego HQ","Hot variable",85.4,507.9528116,77.43,0,57.31,4080896,0.110341429245423,-0.110341429245423
"314",1.55847386522823,25.784,9.188,42.379,0,1.07917358556395,0,16.595,33.191,9.067,0,"model average","Bacteria","Pseudomonadota","Gammaproteobacteria","Pseudomonadales","Pseudomonadaceae","Pseudomonas_E",NA,15,"Socal","AB","auc",961.717534693791,4.03963204624225,28.8874276818206,57.684,26.9699259259259,59.67,43.2555555555556,1.986,16.2856296296296,10.6954996504411,8.66158447721526,46.7546042679528,"Anza Borrego HQ","Hot variable",85.4,507.9528116,77.43,0,61.26,5753886,0.093906595880226,-0.0939122546085104
"315",2.02261109970377,28.034,9.298,46.771,0.436318321087309,2.63168178949382,0,18.737,37.473,10.227,-2.19536346840651,"model average","Bacteria","Pseudomonadota","Gammaproteobacteria","Pseudomonadales","Pseudomonadaceae","Pseudomonas_E",NA,15,"Socal","AB","auc",961.717534693791,4.03963204624225,28.8874276818206,57.684,26.9699259259259,59.67,43.2555555555556,1.986,16.2856296296296,10.6954996504411,8.66158447721526,46.7546042679528,"Anza Borrego HQ","Hot variable",85.4,507.9528116,77.43,0,61.26,5749119,0.107953197037989,-0.107947435539508
"316",1.09110822311539,24.978,4.917,45.038,0,0.898931486361964,0,20.06,40.121,10.949,0,"model average","Bacteria","Pseudomonadota","Gammaproteobacteria","Pseudomonadales","Pseudomonadaceae","Pseudomonas_E",NA,15,"Socal","AB","auc",961.717534693791,4.03963204624225,28.8874276818206,57.684,26.9699259259259,59.67,43.2555555555556,1.986,16.2856296296296,10.6954996504411,8.66158447721526,46.7546042679528,"Anza Borrego HQ","Hot variable",85.4,507.9528116,77.43,0,61.26,5752554,0.0543895231102831,-0.0543922344524123
"317",1.45283228207482,27.971,13.68,42.263,0,1.10310632650288,0,14.292,28.583,7.8,0,"model average","Bacteria","Pseudomonadota","Gammaproteobacteria","Enterobacterales","Enterobacteriaceae","Mixta",NA,15,"Socal","DC","auc",906.94858705418,3.49434670079762,28.2079515997474,52.355,24.3595833333333,55.17,41.5909090909091,2.815,17.2313257575758,10.3029042414489,8.05679877375985,46.5277114570401,"Boyd Deep Canyon","Hot variable",105.817,672.7351802,94.44,0,54.24,4536178,0.101660645306474,-0.101653532191073
"319",0.784017310288865,27.358,11.886,42.83,0,0.943933531356312,0,15.472,30.944,8.472,0,"model average","Bacteria","Pseudomonadota","Gammaproteobacteria","Pseudomonadales","Pseudomonadaceae","Pseudomonas_E","Pseudomonas_E argentinensis_B",15,"Socal","DC","auc",906.94858705418,3.49434670079762,28.2079515997474,52.355,24.3595833333333,55.17,41.5909090909091,2.815,17.2313257575758,10.3029042414489,8.05679877375985,46.5277114570401,"Boyd Deep Canyon","Hot variable",105.817,672.7351802,94.44,0,64.17,5009909,0.050673300820118,-0.050673300820118
"321",1.33166332606285,27.403,11.881,42.925,0,1.02370739670409,0,15.522,31.044,8.507,0,"model average","Bacteria","Pseudomonadota","Gammaproteobacteria","Enterobacterales","Enterobacteriaceae","Mixta",NA,15,"Socal","DC","auc",906.94858705418,3.49434670079762,28.2079515997474,52.355,24.3595833333333,55.17,41.5909090909091,2.815,17.2313257575758,10.3029042414489,8.05679877375985,46.5277114570401,"Boyd Deep Canyon","Hot variable",105.817,672.7351802,94.44,0,54.18,4614040,0.0857919936904297,-0.0857919936904297
"323",1.58638492707172,25.774,12.563,38.985,0,1.50521194199789,0,13.211,26.422,7.223,0,"model average","Bacteria","Pseudomonadota","Gammaproteobacteria","Pseudomonadales","Pseudomonadaceae","Pseudomonas_E","Pseudomonas_E fluorescens_AO",15,"Socal","PF","auc",938.555104164586,1.15039600856014,22.4426452267961,46.4522053400349,22.9916666666667,47.0532678872054,35.1813596576904,0.6010625471705,12.1896929910237,9.7531604807609,9.33748101263716,49.4953178183152,"Pinyon crest","Hot variable",268.615,2262.297431,285.23,0,60.01,5986162,0.120080609119046,-0.120080609119046
"324",1.2978703576631,25.045,7.743,42.348,0,1.48230936699857,0,17.303,34.605,9.443,0,"model average","Bacteria","Pseudomonadota","Gammaproteobacteria","Enterobacterales","Enterobacteriaceae","Pantoea","Pantoea brenneri",15,"Socal","PF","auc",938.555104164586,1.15039600856014,22.4426452267961,46.4522053400349,22.9916666666667,47.0532678872054,35.1813596576904,0.6010625471705,12.1896929910237,9.7531604807609,9.33748101263716,49.4953178183152,"Pinyon crest","Hot variable",268.615,2262.297431,285.23,0,55.78,4926697,0.0750127359648076,-0.0750084007202855
"325",1.76942973291824,28.65,12.53,44.771,0.875534981225657,1.48155634635092,3.17926790349061,16.121,32.241,8.823,-0.606021365125262,"model average","Bacteria","Pseudomonadota","Gammaproteobacteria","Pseudomonadales","Pseudomonadaceae","Pseudomonas_E","Pseudomonas_E fluorescens_AO",15,"Socal","PF","auc",938.555104164586,1.15039600856014,22.4426452267961,46.4522053400349,22.9916666666667,47.0532678872054,35.1813596576904,0.6010625471705,12.1896929910237,9.7531604807609,9.33748101263716,49.4953178183152,"Pinyon crest","Hot variable",268.615,2262.297431,285.23,0,60.01,5994741,0.109766112463911,-0.109759303574111
"326",1.0376116142507,26.864,9.872,43.855,0,1.02723922224975,0,16.991,33.983,9.277,0,"model average","Bacteria","Pseudomonadota","Gammaproteobacteria","Pseudomonadales","Pseudomonadaceae","Pseudomonas_E","Pseudomonas_E fluorescens_AO",15,"Socal","PF","auc",938.555104164586,1.15039600856014,22.4426452267961,46.4522053400349,22.9916666666667,47.0532678872054,35.1813596576904,0.6010625471705,12.1896929910237,9.7531604807609,9.33748101263716,49.4953178183152,"Pinyon crest","Hot variable",268.615,2262.297431,285.23,0,60.01,5994311,0.0610647136446975,-0.0610683075893532
"327",1.15766028650064,25.408,8.586,42.23,0,1.35339999840474,0,16.822,33.644,9.214,0,"model average","Bacteria","Pseudomonadota","Gammaproteobacteria","Pseudomonadales","Pseudomonadaceae","Pseudomonas_E",NA,15,"Socal","PF","auc",938.555104164586,1.15039600856014,22.4426452267961,46.4522053400349,22.9916666666667,47.0532678872054,35.1813596576904,0.6010625471705,12.1896929910237,9.7531604807609,9.33748101263716,49.4953178183152,"Pinyon crest","Hot variable",268.615,2262.297431,285.23,0,60.83,5512624,0.0688182312745595,-0.0688182312745595
"329",2.6587309762037,29.245,17.726,40.764,1.15013624579755,2.32065042854195,4.52984796853733,11.519,23.038,6.30400000000001,-1.1705141827444,"model average","Bacteria","Pseudomonadota","Gammaproteobacteria","Enterobacterales","Enterobacteriaceae","Mixta",NA,15,"Socal","PF","auc",938.555104164586,1.15039600856014,22.4426452267961,46.4522053400349,22.9916666666667,47.0532678872054,35.1813596576904,0.6010625471705,12.1896929910237,9.7531604807609,9.33748101263716,49.4953178183152,"Pinyon crest","Hot variable",268.615,2262.297431,285.23,0,54.38,4367082,0.230812655282898,-0.230812655282898
"332",1.33590703002669,28.513,14.669,42.357,0.792433162926743,3.73489477169523,2.85073030712583,13.844,27.688,7.613,-2.94246160876848,"model average","Bacteria","Pseudomonadota","Gammaproteobacteria","Pseudomonadales","Pseudomonadaceae","Pseudomonas_E",NA,15,"Socal","SJ","auc",926.413179407278,7.50788374682882,11.8043521249233,67.15,20.879103030303,51.77,24.6593257575758,-15.38,3.78022272727273,13.8883811819414,6.70411838281345,31.0932286378303,"James San Jacinto","Cold variable",429.868,2758.558564,321.57,0,61.36,6456822,0.0964971850640487,-0.0964971850640487
"333",1.95078997518303,29.519,14.105,44.932,0.748649461351793,2.05872526028421,2.69146365647101,15.413,30.827,8.463,-1.31007579893241,"model average","Bacteria","Pseudomonadota","Gammaproteobacteria","Enterobacterales","Enterobacteriaceae","Enterobacter","Enterobacter hormaechei_A",15,"Socal","SJ","auc",926.413179407278,7.50788374682882,11.8043521249233,67.15,20.879103030303,51.77,24.6593257575758,-15.38,3.78022272727273,13.8883811819414,6.70411838281345,31.0932286378303,"James San Jacinto","Cold variable",429.868,2758.558564,321.57,0,55.77,4611872,0.126559619513626,-0.126567830739183
"334",0.942704401702151,25.748,6.207,45.289,0,0.815809353763233,0,19.541,39.082,10.676,0,"model average","Bacteria","Pseudomonadota","Gammaproteobacteria","Pseudomonadales","Pseudomonadaceae","Pseudomonas_E",NA,15,"Socal","SJ","auc",926.413179407278,7.50788374682882,11.8043521249233,67.15,20.879103030303,51.77,24.6593257575758,-15.38,3.78022272727273,13.8883811819414,6.70411838281345,31.0932286378303,"James San Jacinto","Cold variable",429.868,2758.558564,321.57,0,58.84,7585375,0.0482423827696715,-0.0482423827696715
"335",1.32341637264972,27.869,8.567,47.171,0,0.77926969295427,0,19.302,38.604,10.538,0,"model average","Bacteria","Pseudomonadota","Gammaproteobacteria","Pseudomonadales","Pseudomonadaceae","Pseudomonas_E",NA,15,"Socal","SJ","auc",926.413179407278,7.50788374682882,11.8043521249233,67.15,20.879103030303,51.77,24.6593257575758,-15.38,3.78022272727273,13.8883811819414,6.70411838281345,31.0932286378303,"James San Jacinto","Cold variable",429.868,2758.558564,321.57,0,58.66,7971505,0.0685636914646006,-0.0685636914646006
"336",1.03333890477256,23.613,6.972,40.254,0,1.73315217174965,0,16.641,33.282,9.113,0,"model average","Bacteria","Pseudomonadota","Gammaproteobacteria","Pseudomonadales","Pseudomonadaceae","Pseudomonas_E","Pseudomonas_E fluorescens_M",15,"Socal","SJ","auc",926.413179407278,7.50788374682882,11.8043521249233,67.15,20.879103030303,51.77,24.6593257575758,-15.38,3.78022272727273,13.8883811819414,6.70411838281345,31.0932286378303,"James San Jacinto","Cold variable",429.868,2758.558564,321.57,0,59.41,6618386,0.0620959620679382,-0.0620959620679382
"337",1.61269446080607,26.622,6.248,46.995,0,0.916048287138621,0,20.373,40.747,11.143,0,"model average","Bacteria","Pseudomonadota","Gammaproteobacteria","Pseudomonadales","Pseudomonadaceae","Pseudomonas_E",NA,15,"Socal","SJ","auc",926.413179407278,7.50788374682882,11.8043521249233,67.15,20.879103030303,51.77,24.6593257575758,-15.38,3.78022272727273,13.8883811819414,6.70411838281345,31.0932286378303,"James San Jacinto","Cold variable",429.868,2758.558564,321.57,0,59.04,6718838,0.0791545332681884,-0.0791584185346326
"338",1.13838060251978,24.974,6.979,42.968,0,1.5102693236344,0,17.994,35.989,9.821,0,"model average","Bacteria","Pseudomonadota","Gammaproteobacteria","Pseudomonadales","Pseudomonadaceae","Pseudomonas_E",NA,15,"Socal","SJ","auc",926.413179407278,7.50788374682882,11.8043521249233,67.15,20.879103030303,51.77,24.6593257575758,-15.38,3.78022272727273,13.8883811819414,6.70411838281345,31.0932286378303,"James San Jacinto","Cold variable",429.868,2758.558564,321.57,0,59.33,6377176,0.0632609392897905,-0.0632644549583072
"339",1.42658622637802,27.292,4.175,50.409,0,0.673941459539253,0,23.117,46.234,12.63,0,"model average","Bacteria","Pseudomonadota","Gammaproteobacteria","Enterobacterales","Enterobacteriaceae","Serratia_J",NA,15,"Socal","SJ","auc",926.413179407278,7.50788374682882,11.8043521249233,67.15,20.879103030303,51.77,24.6593257575758,-15.38,3.78022272727273,13.8883811819414,6.70411838281345,31.0932286378303,"James San Jacinto","Cold variable",429.868,2758.558564,321.57,0,55.52,5545714,0.0617115640601298,-0.0617115640601298
"340",1.91378488842668,26.356,11.021,41.691,0,1.43944648674428,0,15.335,30.67,8.397,0,"model average","Bacteria","Pseudomonadota","Gammaproteobacteria","Pseudomonadales","Pseudomonadaceae","Pseudomonas_E",NA,15,"Socal","SJ","auc",926.413179407278,7.50788374682882,11.8043521249233,67.15,20.879103030303,51.77,24.6593257575758,-15.38,3.78022272727273,13.8883811819414,6.70411838281345,31.0932286378303,"James San Jacinto","Cold variable",429.868,2758.558564,321.57,0,58.68,6439258,0.124798492887296,-0.124798492887296
"341",1.43930720354649,27.61,11.961,43.259,0,1.07188099165532,0,15.649,31.298,8.574,0,"model average","Bacteria","Pseudomonadota","Gammaproteobacteria","Enterobacterales","Enterobacteriaceae","Rahnella",NA,15,"Socal","SJ","auc",926.413179407278,7.50788374682882,11.8043521249233,67.15,20.879103030303,51.77,24.6593257575758,-15.38,3.78022272727273,13.8883811819414,6.70411838281345,31.0932286378303,"James San Jacinto","Cold variable",429.868,2758.558564,321.57,0,51.88,4792970,0.0919743883664445,-0.0919743883664445
"342",1.01476843852591,24.294,9.383,39.206,0,2.56423434984298,0,14.912,29.823,8.158,0,"model average","Bacteria","Pseudomonadota","Gammaproteobacteria","Pseudomonadales","Pseudomonadaceae","Pseudomonas_E",NA,15,"Socal","SJ","auc",926.413179407278,7.50788374682882,11.8043521249233,67.15,20.879103030303,51.77,24.6593257575758,-15.38,3.78022272727273,13.8883811819414,6.70411838281345,31.0932286378303,"James San Jacinto","Cold variable",429.868,2758.558564,321.57,0,58.69,6470142,0.0680550223677761,-0.0680504585921345
"343",1.62587920580855,27.225,7.297,47.154,0,0.808903456961842,0,19.929,39.857,10.885,0,"model average","Bacteria","Pseudomonadota","Gammaproteobacteria","Pseudomonadales","Pseudomonadaceae","Pseudomonas_E","Pseudomonas_E sp002874965",15,"Socal","SJ","auc",926.413179407278,7.50788374682882,11.8043521249233,67.15,20.879103030303,51.77,24.6593257575758,-15.38,3.78022272727273,13.8883811819414,6.70411838281345,31.0932286378303,"James San Jacinto","Cold variable",429.868,2758.558564,321.57,0,60.97,7282789,0.081587675923753,-0.0815835820065507
"344",2.7811741943757,26.967,7.483,46.452,0,0.889557713873881,0,19.485,38.969,10.635,0,"model average","Bacteria","Pseudomonadota","Gammaproteobacteria","Pseudomonadales","Pseudomonadaceae","Pseudomonas_E",NA,15,"Socal","SJ","auc",926.413179407278,7.50788374682882,11.8043521249233,67.15,20.879103030303,51.77,24.6593257575758,-15.38,3.78022272727273,13.8883811819414,6.70411838281345,31.0932286378303,"James San Jacinto","Cold variable",429.868,2758.558564,321.57,0,58.84,6207843,0.14274143884088,-0.142734113131932
"347",1.64950737145835,25.939,12.79,39.089,0,1.73181030394487,0,13.15,26.299,7.177,0,"model average","Bacteria","Pseudomonadota","Gammaproteobacteria","Pseudomonadales","Pseudomonadaceae","Pseudomonas_E",NA,15,"Socal","SJ","auc",926.413179407278,7.50788374682882,11.8043521249233,67.15,20.879103030303,51.77,24.6593257575758,-15.38,3.78022272727273,13.8883811819414,6.70411838281345,31.0932286378303,"James San Jacinto","Cold variable",429.868,2758.558564,321.57,0,58.91,6428391,0.125447362647985,-0.125437822924589
"348",1.53719354622576,27.108999999503,10.6720000013125,43.5469999984702,7.05759667614546e-12,0.95029159128169,2.58490400084531e-11,16.4379999989673,32.8749999971552,8.97300000149978,-1.61945629594425e-11,"model average","Bacteria","Pseudomonadota","Gammaproteobacteria","Pseudomonadales","Pseudomonadaceae","Pseudomonas_E","Pseudomonas_E alvandae",25,"Socal","EC","auc",612.552815413915,2.34800864305104,23.5139073837586,39.949,19.4345138888889,45.02,34.5314583333333,5.071,15.0969444444444,6.82367095271885,5.94156129651531,48.6483113191541,"Elliot Chaparral","Hot stable",306.113,2320.016785,191.05,0,60.81,6564542,0.0935203228323286,-0.0935146335516694
"349",1.49615038103617,28.0789999997355,13.808999999425,42.3479999997913,0.791849135031237,2.13024846914574,2.85057363709224,14.2690000000558,28.5390000003615,7.7890000009264,-1.33839933387247,"model average","Bacteria","Pseudomonadota","Gammaproteobacteria","Pseudomonadales","Pseudomonadaceae","Pseudomonas_E","Pseudomonas_E alvandae",25,"Socal","EC","auc",612.552815413915,2.34800864305104,23.5139073837586,39.949,19.4345138888889,45.02,34.5314583333333,5.071,15.0969444444444,6.82367095271885,5.94156129651531,48.6483113191541,"Elliot Chaparral","Hot stable",306.113,2320.016785,191.05,0,60.81,6565942,0.104845857113077,-0.104853204921881
"357",0.909778227711353,25.6179999994021,8.13600000227358,43.0989999998961,0,1.159009709313,0,17.481000000494,34.9629999976368,9.56900000156636,0,"model average","Bacteria","Pseudomonadota","Gammaproteobacteria","Pseudomonadales","Pseudomonadaceae","Pseudomonas_E",NA,25,"Socal","EC","auc",612.552815413915,2.34800864305104,23.5139073837586,39.949,19.4345138888889,45.02,34.5314583333333,5.071,15.0969444444444,6.82367095271885,5.94156129651531,48.6483113191541,"Elliot Chaparral","Hot stable",306.113,2320.016785,191.05,0,60.07,6625541,0.0520408550429463,-0.0520438320282389
"359",1.54635213595997,26.006,9.63,42.381,0,1.09025175107509,0,16.375,32.751,8.937,0,"model average","Bacteria","Pseudomonadota","Gammaproteobacteria","Pseudomonadales","Pseudomonadaceae","Pseudomonas_E","Pseudomonas_E sp002080045",25,"Socal","AB","auc",961.717534693791,4.03963204624225,28.8874276818206,57.684,26.9699259259259,59.67,43.2555555555556,1.986,16.2856296296296,10.6954996504411,8.66158447721526,46.7546042679528,"Anza Borrego HQ","Hot variable",85.4,507.9528116,77.43,0,59.42,6666421,0.0944279516340969,-0.094433718226563
"360",1.83777675410653,26.3469999995799,8.28899999750912,44.4049999983624,0,0.908244981896955,0,18.0579999987825,36.116000001053,9.87800000479676,0,"model average","Bacteria","Pseudomonadota","Gammaproteobacteria","Pseudomonadales","Pseudomonadaceae","Stutzerimonas","Stutzerimonas balearica",25,"Socal","AB","auc",961.717534693791,4.03963204624225,28.8874276818206,57.684,26.9699259259259,59.67,43.2555555555556,1.986,16.2856296296296,10.6954996504411,8.66158447721526,46.7546042679528,"Anza Borrego HQ","Hot variable",85.4,507.9528116,77.43,0,64.98,4132925,0.101770780479332,-0.101770780497864
"362",1.43541472674802,28.014,13.229,42.798,0.805937006871585,2.34754849481338,2.90136255695552,14.784,29.569,8.069,-1.54161148794179,"model average","Bacteria","Pseudomonadota","Gammaproteobacteria","Pseudomonadales","Pseudomonadaceae","Stutzerimonas",NA,25,"Socal","AB","auc",961.717534693791,4.03963204624225,28.8874276818206,57.684,26.9699259259259,59.67,43.2555555555556,1.986,16.2856296296296,10.6954996504411,8.66158447721526,46.7546042679528,"Anza Borrego HQ","Hot variable",85.4,507.9528116,77.43,0,61.05,4439571,0.0970858793877592,-0.0970924463438866
"363",1.72330183040217,28.345,10.598,46.092,0.742702286067591,1.31769984488346,2.6695770588717,17.747,35.494,9.708,-0.574997558815865,"model average","Bacteria","Pseudomonadota","Gammaproteobacteria","Pseudomonadales","Pseudomonadaceae","Stutzerimonas",NA,25,"Socal","AB","auc",961.717534693791,4.03963204624225,28.8874276818206,57.684,26.9699259259259,59.67,43.2555555555556,1.986,16.2856296296296,10.6954996504411,8.66158447721526,46.7546042679528,"Anza Borrego HQ","Hot variable",85.4,507.9528116,77.43,0,61.16,4542354,0.0971038389813585,-0.0971038389813585
"364",0.874888450822981,27.836,13.121,42.551,0,0.949921643773771,0,14.715,29.43,8.038,0,"model average","Bacteria","Pseudomonadota","Gammaproteobacteria","Pseudomonadales","Pseudomonadaceae","Stutzerimonas",NA,25,"Socal","AB","auc",961.717534693791,4.03963204624225,28.8874276818206,57.684,26.9699259259259,59.67,43.2555555555556,1.986,16.2856296296296,10.6954996504411,8.66158447721526,46.7546042679528,"Anza Borrego HQ","Hot variable",85.4,507.9528116,77.43,0,61.05,4439553,0.0594555522135903,-0.0594555522135903
"367",1.16649812998873,28.2479999980611,11.4140000101866,45.0829999901856,0.806917970514971,1.29389225726773,2.90222993672166,16.8349999921245,33.668999979999,9.20000000883609,-0.486974283491922,"model average","Bacteria","Pseudomonadota","Gammaproteobacteria","Enterobacterales","Enterobacteriaceae","Siccibacter","Siccibacter colletis",25,"Socal","AB","auc",961.717534693791,4.03963204624225,28.8874276818206,57.684,26.9699259259259,59.67,43.2555555555556,1.986,16.2856296296296,10.6954996504411,8.66158447721526,46.7546042679528,"Anza Borrego HQ","Hot variable",85.4,507.9528116,77.43,0,57.31,4080386,0.0692941743393701,-0.069290058243803
"369",1.19744161210337,25.2299999993256,8.5910000013968,41.8699999989888,0,1.48578224840079,0,16.6399999996632,33.2789999975854,9.09200000134794,0,"model average","Bacteria","Pseudomonadota","Gammaproteobacteria","Pseudomonadales","Pseudomonadaceae","Pseudomonas_E",NA,25,"Socal","DC","auc",906.94858705418,3.49434670079762,28.2079515997474,52.355,24.3595833333333,55.17,41.5909090909091,2.815,17.2313257575758,10.3029042414489,8.05679877375985,46.5277114570401,"Boyd Deep Canyon","Hot variable",105.817,672.7351802,94.44,0,61.26,5749474,0.0719659602291259,-0.0719616353442071
"370",1.68063269024034,28.1999999999872,12.8420000000024,43.557999999989,0.845048403367315,1.73779529828471,3.05480608790777,15.3580000000018,30.7159999999866,8.39100000005821,-0.892746894899504,"model average","Bacteria","Pseudomonadota","Gammaproteobacteria","Enterobacterales","Enterobacteriaceae","Siccibacter","Siccibacter colletis",25,"Socal","DC","auc",906.94858705418,3.49434670079762,28.2079515997474,52.355,24.3595833333333,55.17,41.5909090909091,2.815,17.2313257575758,10.3029042414489,8.05679877375985,46.5277114570401,"Boyd Deep Canyon","Hot variable",105.817,672.7351802,94.44,0,57.31,4079365,0.10943043952611,-0.109430439525989
"374",2.52255463174151,29.2949999999867,17.3249999997642,41.2650000000416,1.10166228759875,2.0041265609863,4.25873830780311,11.970000000055,23.9400000002787,6.55700000015158,-0.902464273387548,"model average","Bacteria","Pseudomonadota","Gammaproteobacteria","Pseudomonadales","Pseudomonadaceae","Stutzerimonas","Stutzerimonas stutzeri",25,"Socal","DC","auc",906.94858705418,3.49434670079762,28.2079515997474,52.355,24.3595833333333,55.17,41.5909090909091,2.815,17.2313257575758,10.3029042414489,8.05679877375985,46.5277114570401,"Boyd Deep Canyon","Hot variable",105.817,672.7351802,94.44,0,64.33,4479395,0.210739735312834,-0.210739735315784
"377",1.26197267664568,27.8079999996042,14.9489999995443,40.6660000000871,7.57760803436473e-12,1.17271030868891,2.72366465424648e-11,12.8580000004829,25.7170000005171,7.02700000105933,-4.95292926387641e-11,"model average","Bacteria","Pseudomonadota","Gammaproteobacteria","Pseudomonadales","Pseudomonadaceae","Pseudomonas_E","Pseudomonas_E argentinensis_B",25,"Socal","DC","auc",906.94858705418,3.49434670079762,28.2079515997474,52.355,24.3595833333333,55.17,41.5909090909091,2.815,17.2313257575758,10.3029042414489,8.05679877375985,46.5277114570401,"Boyd Deep Canyon","Hot variable",105.817,672.7351802,94.44,0,64.17,5012220,0.0981392547351895,-0.0981468872762704
"378",2.05942111549485,28.8240000002081,13.3529999935687,44.2959999985826,0.727576186166281,2.86319813761104,2.61755324659647,15.4719999983744,30.9430000050138,8.45100000279735,-2.13562195144476,"model average","Bacteria","Pseudomonadota","Gammaproteobacteria","Pseudomonadales","Pseudomonadaceae","Stutzerimonas",NA,25,"Socal","DC","auc",906.94858705418,3.49434670079762,28.2079515997474,52.355,24.3595833333333,55.17,41.5909090909091,2.815,17.2313257575758,10.3029042414489,8.05679877375985,46.5277114570401,"Boyd Deep Canyon","Hot variable",105.817,672.7351802,94.44,0,61.1,4162620,0.133114932105943,-0.133106328574923
"379",0.853248208157799,25.8980000013169,5.38200000463295,46.413999991076,0,0.688400542834269,0,20.5159999897591,41.0319999874764,11.2000000064884,0,"model average","Bacteria","Pseudomonadota","Gammaproteobacteria","Pseudomonadales","Pseudomonadaceae","Pseudomonas_E","Pseudomonas_E argentinensis_B",25,"Socal","DC","auc",906.94858705418,3.49434670079762,28.2079515997474,52.355,24.3595833333333,55.17,41.5909090909091,2.815,17.2313257575758,10.3029042414489,8.05679877375985,46.5277114570401,"Boyd Deep Canyon","Hot variable",105.817,672.7351802,94.44,0,64.17,5011182,0.0415894037968274,-0.0415894038108653
"380",1.16038265854407,26.9369999998797,8.62199999982888,45.2519999987262,8.07523411756194e-11,0.928944976867001,3.00591985957926e-10,18.3149999988465,36.6299999990307,9.9960000030062,-2.82554146434767e-10,"model average","Bacteria","Pseudomonadota","Gammaproteobacteria","Pseudomonadales","Pseudomonadaceae","Pseudomonas_E",NA,25,"Socal","PF","auc",938.555104164586,1.15039600856014,22.4426452267961,46.4522053400349,22.9916666666667,47.0532678872054,35.1813596576904,0.6010625471705,12.1896929910237,9.7531604807609,9.33748101263716,49.4953178183152,"Pinyon crest","Hot variable",268.615,2262.297431,285.23,0,61.37,5502154,0.0633569565132869,-0.063356956517453
"382",1.43952656558006,27.2300000008571,5.80500000033141,48.6549999925796,1.41713485425625e-10,0.732685741041709,5.60536976904722e-10,21.4249999917225,42.8499999927778,11.7020000041552,-2.11303343249247e-10,"model average","Bacteria","Pseudomonadota","Gammaproteobacteria","Pseudomonadales","Pseudomonadaceae","Pseudomonas_E",NA,25,"Socal","PF","auc",938.555104164586,1.15039600856014,22.4426452267961,46.4522053400349,22.9916666666667,47.0532678872054,35.1813596576904,0.6010625471705,12.1896929910237,9.7531604807609,9.33748101263716,49.4953178183152,"Pinyon crest","Hot variable",268.615,2262.297431,285.23,0,60.79,5552201,0.0671891045761839,-0.0671891046037908
"383",1.12860137563462,24.8689999988601,7.75500000270564,41.9819999984528,0,1.56219072307448,0,17.1129999995927,34.2269999956643,9.34400000236872,0,"model average","Bacteria","Pseudomonadota","Gammaproteobacteria","Pseudomonadales","Pseudomonadaceae","Pseudomonas_E",NA,25,"Socal","PF","auc",938.555104164586,1.15039600856014,22.4426452267961,46.4522053400349,22.9916666666667,47.0532678872054,35.1813596576904,0.6010625471705,12.1896929910237,9.7531604807609,9.33748101263716,49.4953178183152,"Pinyon crest","Hot variable",268.615,2262.297431,285.23,0,60.79,5550208,0.0659460895108226,-0.0659499430644236
"385",1.92093868684873,27.3939999999928,10.5379999979767,44.2499999970045,2.50555161446724e-10,0.980330957053489,9.14677399342586e-10,16.8559999970118,33.7119999991822,9.2310000051772,-4.00633459387854e-10,"model average","Bacteria","Pseudomonadota","Gammaproteobacteria","Pseudomonadales","Pseudomonadaceae","Pseudomonas_E","Pseudomonas_E fluorescens_AO",25,"Socal","PF","auc",938.555104164586,1.15039600856014,22.4426452267961,46.4522053400349,22.9916666666667,47.0532678872054,35.1813596576904,0.6010625471705,12.1896929910237,9.7531604807609,9.33748101263716,49.4953178183152,"Pinyon crest","Hot variable",268.615,2262.297431,285.23,0,60.01,5993553,0.113961716102217,-0.113961716136051
"386",1.44694513191612,26.8389999993004,11.604999999962,42.0739999993473,0,1.18022606867938,0,15.2350000000468,30.4689999993728,8.32000000193544,0,"model average","Bacteria","Pseudomonadota","Gammaproteobacteria","Pseudomonadales","Pseudomonadaceae","Pseudomonas_E",NA,25,"Socal","PF","auc",938.555104164586,1.15039600856014,22.4426452267961,46.4522053400349,22.9916666666667,47.0532678872054,35.1813596576904,0.6010625471705,12.1896929910237,9.7531604807609,9.33748101263716,49.4953178183152,"Pinyon crest","Hot variable",268.615,2262.297431,285.23,0,60.83,5511885,0.0949813005106315,-0.094975066092003
"389",2.69003852629298,27.4460000019855,7.74299999215208,47.1489999905792,3.06230292012197e-10,0.754273277996544,0,19.7029999885938,39.4059999983959,10.7880000058922,-2.94068926356506e-10,"model average","Bacteria","Pseudomonadota","Gammaproteobacteria","Enterobacterales","Enterobacteriaceae","Enterobacter","Enterobacter hormaechei_A",25,"Socal","SJ","auc",926.413179407278,7.50788374682882,11.8043521249233,67.15,20.879103030303,51.77,24.6593257575758,-15.38,3.78022272727273,13.8883811819414,6.70411838281345,31.0932286378303,"James San Jacinto","Cold variable",429.868,2758.558564,321.57,0,55.77,4610735,0.136529387654186,-0.136529387801364
"390",1.57086650311132,26.5149999997436,8.37700000073744,44.6529999988773,2.16773744642336e-11,0.950132832853956,8.17941975000561e-11,18.1379999991337,36.2759999982059,9.94300000202523,-6.31758336506741e-11,"model average","Bacteria","Pseudomonadota","Gammaproteobacteria","Pseudomonadales","Pseudomonadaceae","Pseudomonas_E","Pseudomonas_E sp022662375",25,"Socal","SJ","auc",926.413179407278,7.50788374682882,11.8043521249233,67.15,20.879103030303,51.77,24.6593257575758,-15.38,3.78022272727273,13.8883811819414,6.70411838281345,31.0932286378303,"James San Jacinto","Cold variable",429.868,2758.558564,321.57,0,59.14,6612270,0.0866063790493656,-0.0866063790487566
"391",1.32123910144053,24.6519999992925,6.79300000259017,42.5100000002871,0,1.56851159434046,0,17.8580000009945,35.7169999978024,9.76900000219164,0,"model average","Bacteria","Pseudomonadota","Gammaproteobacteria","Pseudomonadales","Pseudomonadaceae","Pseudomonas_E","Pseudomonas_E fluorescens_M",25,"Socal","SJ","auc",926.413179407278,7.50788374682882,11.8043521249233,67.15,20.879103030303,51.77,24.6593257575758,-15.38,3.78022272727273,13.8883811819414,6.70411838281345,31.0932286378303,"James San Jacinto","Cold variable",429.868,2758.558564,321.57,0,59.41,6621549,0.0739816955979897,-0.0739858383563077
"392",1.56356519874958,25.9969999999294,12.5170000000526,39.4760000000074,0,1.61565168109818,0,13.479000000078,26.9589999999546,7.35700000009679,0,"model average","Bacteria","Pseudomonadota","Gammaproteobacteria","Pseudomonadales","Pseudomonadaceae","Pseudomonas_E",NA,25,"Socal","SJ","auc",926.413179407278,7.50788374682882,11.8043521249233,67.15,20.879103030303,51.77,24.6593257575758,-15.38,3.78022272727273,13.8883811819414,6.70411838281345,31.0932286378303,"James San Jacinto","Cold variable",429.868,2758.558564,321.57,0,59.15,6548024,0.115991483587824,-0.116000088933937
"394",2.66999926125383,26.6999999991478,9.87800000224585,43.5209999993257,0,1.06428519724323,0,16.8210000001779,33.6429999971189,9.1990000030092,0,"model average","Bacteria","Pseudomonadota","Gammaproteobacteria","Enterobacterales","Enterobacteriaceae","Serratia_J",NA,25,"Socal","SJ","auc",926.413179407278,7.50788374682882,11.8043521249233,67.15,20.879103030303,51.77,24.6593257575758,-15.38,3.78022272727273,13.8883811819414,6.70411838281345,31.0932286378303,"James San Jacinto","Cold variable",429.868,2758.558564,321.57,0,55.48,5712711,0.158720678976671,-0.158730114810391
"397",1.70606013899353,27.354999999614,9.67500000055371,45.0349999960228,7.5906211904494e-11,0.876030752162691,2.86230286712066e-10,17.6799999964088,35.3599999956167,9.67400000334101,-1.8421715687103e-10,"model average","Bacteria","Pseudomonadota","Gammaproteobacteria","Pseudomonadales","Pseudomonadaceae","Pseudomonas_E",NA,25,"Socal","SJ","auc",926.413179407278,7.50788374682882,11.8043521249233,67.15,20.879103030303,51.77,24.6593257575758,-15.38,3.78022272727273,13.8883811819414,6.70411838281345,31.0932286378303,"James San Jacinto","Cold variable",429.868,2758.558564,321.57,0,58.79,6483963,0.0964966142015955,-0.0964966142160673
"398",2.32263589962422,27.0749999998289,15.4059999998578,38.7440000000944,0,1.60341711246641,0,11.6690000002655,23.3380000002329,6.37000000028114,0,"model average","Bacteria","Pseudomonadota","Gammaproteobacteria","Enterobacterales","Enterobacteriaceae","Rahnella",NA,25,"Socal","SJ","auc",926.413179407278,7.50788374682882,11.8043521249233,67.15,20.879103030303,51.77,24.6593257575758,-15.38,3.78022272727273,13.8883811819414,6.70411838281345,31.0932286378303,"James San Jacinto","Cold variable",429.868,2758.558564,321.57,0,51.88,4793082,0.199043268457449,-0.199043268452427
"399",1.72525220786701,27.3079999999951,15.5719999999641,39.0440000000219,0,1.47757651180484,0,11.7360000000267,23.4720000000562,6.43200000005019,0,"model average","Bacteria","Pseudomonadota","Gammaproteobacteria","Pseudomonadales","Pseudomonadaceae","Pseudomonas_E",NA,25,"Socal","SJ","auc",926.413179407278,7.50788374682882,11.8043521249233,67.15,20.879103030303,51.77,24.6593257575758,-15.38,3.78022272727273,13.8883811819414,6.70411838281345,31.0932286378303,"James San Jacinto","Cold variable",429.868,2758.558564,321.57,0,60.27,7039957,0.147005130185962,-0.147005130186015
"400",1.46490481583993,26.2299999998883,14.4409999999444,38.0200000002662,0,1.89513737965987,0,11.7900000003779,23.5790000003212,6.4490000001796,0,"model average","Bacteria","Pseudomonadota","Gammaproteobacteria","Pseudomonadales","Pseudomonadaceae","Pseudomonas_E",NA,25,"Socal","SJ","auc",926.413179407278,7.50788374682882,11.8043521249233,67.15,20.879103030303,51.77,24.6593257575758,-15.38,3.78022272727273,13.8883811819414,6.70411838281345,31.0932286378303,"James San Jacinto","Cold variable",429.868,2758.558564,321.57,0,58.84,6205674,0.124260311803113,-0.124249772331889
