"curve_id","temp","derivative","moving_avg","rate","od","auc","average_exponential_interval","average_max_percap_time","average_time_to_stationary","lag_time","Domain","Phylum","Class","Order","Family","Genus","Species","temperature_of_isolation","Area","Site_initials"
"1",15,29,21,0.253672429015842,0.0619930434782609,0.303183093152174,8.78979862383895,4.3,1.99,-2.49979862383895,"Bacteria","Pseudomonadota","Gammaproteobacteria","Pseudomonadales","Pseudomonadaceae","Pseudomonas_E","Pseudomonas_E sp002901475",15,"Bay","J"
"1",23,29,21,0.606152359633461,0.336710869565218,3.05113315783696,4.88624444274339,4.3,1.99,1.40375555725661,"Bacteria","Pseudomonadota","Gammaproteobacteria","Pseudomonadales","Pseudomonadaceae","Pseudomonas_E","Pseudomonas_E sp002901475",15,"Bay","J"
"1",28,29,21,0.765046822667587,0.301126086956522,3.16648792379348,3.086508791015,4.3,1.99,3.203491208985,"Bacteria","Pseudomonadota","Gammaproteobacteria","Pseudomonadales","Pseudomonadaceae","Pseudomonas_E","Pseudomonas_E sp002901475",15,"Bay","J"
"1",33,29,21,0.462315310935159,0.138758695652174,1.11282752013152,6.4884813472967,5.045,1.99,0.5465186527033,"Bacteria","Pseudomonadota","Gammaproteobacteria","Pseudomonadales","Pseudomonadaceae","Pseudomonas_E","Pseudomonas_E sp002901475",15,"Bay","J"
"1",38,29,21,0,0.00083878043478261,0.00754379991304349,105.460085731879,8.36,1.99,-91.2200857318788,"Bacteria","Pseudomonadota","Gammaproteobacteria","Pseudomonadales","Pseudomonadaceae","Pseudomonas_E","Pseudomonas_E sp002901475",15,"Bay","J"
"1",43,29,21,0,0.00501058695652174,0.0911630827173913,4.98927449833577,4.47,1.99,1.47072550166424,"Bacteria","Pseudomonadota","Gammaproteobacteria","Pseudomonadales","Pseudomonadaceae","Pseudomonas_E","Pseudomonas_E sp002901475",15,"Bay","J"
"2",15,29,21,0.212015623456387,0.0198375434782609,0.0587469833369564,4.160695587945,16.8,1.99,14.629304412055,"Bacteria","Pseudomonadota","Gammaproteobacteria","Pseudomonadales","Pseudomonadaceae","Pseudomonas_E","",15,"Bay","J"
"2",23,29,21,0.510406142151108,0.203745652173913,1.46349137641305,2.19450065871968,7.695,1.99,7.49049934128031,"Bacteria","Pseudomonadota","Gammaproteobacteria","Pseudomonadales","Pseudomonadaceae","Pseudomonas_E","",15,"Bay","J"
"2",28,29,21,0.718071182568943,0.199015217391305,2.19320520459783,2.89585921637275,4.465,1.99,3.55914078362725,"Bacteria","Pseudomonadota","Gammaproteobacteria","Pseudomonadales","Pseudomonadaceae","Pseudomonas_E","",15,"Bay","J"
"2",33,29,21,0.325095922746223,0.0805739130434784,0.488077428776087,4.31583320355031,6.785,1.99,4.45916679644969,"Bacteria","Pseudomonadota","Gammaproteobacteria","Pseudomonadales","Pseudomonadaceae","Pseudomonas_E","",15,"Bay","J"
"2",38,29,21,0,0.00161545869565217,0.0259466803804348,395.686759779413,5.215,1.99,-387.736759779413,"Bacteria","Pseudomonadota","Gammaproteobacteria","Pseudomonadales","Pseudomonadaceae","Pseudomonas_E","",15,"Bay","J"
"2",43,29,21,0,0.00408650000000001,0.0674017457608696,9.84391952587915,14.98,1.99,7.12608047412085,"Bacteria","Pseudomonadota","Gammaproteobacteria","Pseudomonadales","Pseudomonadaceae","Pseudomonas_E","",15,"Bay","J"
"3",15,29,21,0.0755906069686835,0.0119551304347826,0.0607956346119565,0.415,5.955,1.99,7.53,"Bacteria","Pseudomonadota","Gammaproteobacteria","Pseudomonadales","Pseudomonadaceae","Pseudomonas_E","",15,"Bay","J"
"3",23,29,21,0.332087205697758,0.133317391304348,0.877239747413044,5.10916773434416,5.625,1.99,2.50583226565584,"Bacteria","Pseudomonadota","Gammaproteobacteria","Pseudomonadales","Pseudomonadaceae","Pseudomonas_E","",15,"Bay","J"
"3",28,29,21,0.516793968067622,0.172013043478261,1.34892756496739,3.50781457743957,4.3,1.99,2.78218542256043,"Bacteria","Pseudomonadota","Gammaproteobacteria","Pseudomonadales","Pseudomonadaceae","Pseudomonas_E","",15,"Bay","J"
"3",33,29,21,0.077358758309283,0.0187317391304348,0.203431529891305,4.55332564200952,4.3,1.99,1.73667435799048,"Bacteria","Pseudomonadota","Gammaproteobacteria","Pseudomonadales","Pseudomonadaceae","Pseudomonas_E","",15,"Bay","J"
"3",38,29,21,0,0.00165036086956522,0.019607351,2.72917996642364,12.165,1.99,11.4258200335764,"Bacteria","Pseudomonadota","Gammaproteobacteria","Pseudomonadales","Pseudomonadaceae","Pseudomonas_E","",15,"Bay","J"
"3",43,29,21,0.0392095506210169,0.0109551956521739,0.153487749891305,-3.04044375615727,9.6,1.99,14.6304437561573,"Bacteria","Pseudomonadota","Gammaproteobacteria","Pseudomonadales","Pseudomonadaceae","Pseudomonas_E","",15,"Bay","J"
"4",15,29,21,0.0640948834217625,0.00962510869565217,0.0694294977891306,6.7162408362374,7.445,1.99,2.71875916376262,"Bacteria","Pseudomonadota","Gammaproteobacteria","Pseudomonadales","Pseudomonadaceae","Pseudomonas_E","",15,"Bay","J"
"4",23,29,21,0.364147342422809,0.200458695652174,1.35417651240217,9.84685807536454,12.33,1.99,4.47314192463545,"Bacteria","Pseudomonadota","Gammaproteobacteria","Pseudomonadales","Pseudomonadaceae","Pseudomonas_E","",15,"Bay","J"
"4",28,29,21,0.335253925136603,0.144049565217391,0.909523082489128,7.03155213388302,7.86,1.99,2.81844786611698,"Bacteria","Pseudomonadota","Gammaproteobacteria","Pseudomonadales","Pseudomonadaceae","Pseudomonas_E","",15,"Bay","J"
"4",33,29,21,0.361069370458416,0.102118260869565,0.824364922402174,6.07011621969129,6.205,1.99,2.12488378030872,"Bacteria","Pseudomonadota","Gammaproteobacteria","Pseudomonadales","Pseudomonadaceae","Pseudomonas_E","",15,"Bay","J"
"4",38,29,21,0,0.00286169565217392,0.0356623007608695,-27.3473115269147,4.47,1.99,33.8073115269147,"Bacteria","Pseudomonadota","Gammaproteobacteria","Pseudomonadales","Pseudomonadaceae","Pseudomonas_E","",15,"Bay","J"
"4",43,29,21,0,0.00201476086956521,0.0255540754565217,27.0447568741393,14.98,1.99,-10.0747568741393,"Bacteria","Pseudomonadota","Gammaproteobacteria","Pseudomonadales","Pseudomonadaceae","Pseudomonas_E","",15,"Bay","J"
"5",15,29,21,0.0642395778237845,0.0153511913043478,0.105445037647826,3.59210836498661,5.955,1.99,4.35289163501339,"Bacteria","Pseudomonadota","Gammaproteobacteria","Pseudomonadales","Pseudomonadaceae","Pseudomonas_E","",15,"Bay","J"
"5",23,29,21,0.364467664873652,0.118465217391305,0.828630024500001,2.30994993759618,4.8,1.99,4.48005006240382,"Bacteria","Pseudomonadota","Gammaproteobacteria","Pseudomonadales","Pseudomonadaceae","Pseudomonas_E","",15,"Bay","J"
"5",28,29,21,0.393454220011456,0.180604347826087,1.5091630025,7.33146714546228,6.37,1.99,1.02853285453772,"Bacteria","Pseudomonadota","Gammaproteobacteria","Pseudomonadales","Pseudomonadaceae","Pseudomonas_E","",15,"Bay","J"
"5",33,29,21,0.099519148379635,0.0205882608695652,0.210317078152174,5.08407277735873,4.88,1.99,2.36592722264127,"Bacteria","Pseudomonadota","Gammaproteobacteria","Pseudomonadales","Pseudomonadaceae","Pseudomonas_E","",15,"Bay","J"
"5",38,29,21,0,0.00161486973913043,0.0159664673965217,2.99237642942842,11.585,1.99,10.5826235705716,"Bacteria","Pseudomonadota","Gammaproteobacteria","Pseudomonadales","Pseudomonadaceae","Pseudomonas_E","",15,"Bay","J"
"5",43,29,21,0,0.00713845652173914,0.122341131086957,40.6992221700213,14.735,1.99,-23.9742221700213,"Bacteria","Pseudomonadota","Gammaproteobacteria","Pseudomonadales","Pseudomonadaceae","Pseudomonas_E","",15,"Bay","J"
"6",15,29,21,0.07060864980594,0.0168835434782609,0.148914702423913,4.67287967259801,4.3,1.99,1.61712032740198,"Bacteria","Pseudomonadota","Gammaproteobacteria","Pseudomonadales","Pseudomonadaceae","Pseudomonas_E","",15,"Bay","J"
"6",23,29,21,0.402148316692331,0.149915217391305,1.11628296861956,9.45579292584113,6.535,1.99,-0.930792925841135,"Bacteria","Pseudomonadota","Gammaproteobacteria","Pseudomonadales","Pseudomonadaceae","Pseudomonas_E","",15,"Bay","J"
"6",28,29,21,0.431383505450361,0.15370652173913,1.30748597902174,9.03045857200724,6.12,1.99,-0.92045857200724,"Bacteria","Pseudomonadota","Gammaproteobacteria","Pseudomonadales","Pseudomonadaceae","Pseudomonas_E","",15,"Bay","J"
"6",33,29,21,0.080514370315268,0.0203273913043478,0.213535075760869,4.79420091364195,4.3,1.99,1.49579908635805,"Bacteria","Pseudomonadota","Gammaproteobacteria","Pseudomonadales","Pseudomonadaceae","Pseudomonas_E","",15,"Bay","J"
"6",38,29,21,0,0.00127555217391304,0.00997452567391303,-10.7594858945874,8.855,1.99,21.6044858945874,"Bacteria","Pseudomonadota","Gammaproteobacteria","Pseudomonadales","Pseudomonadaceae","Pseudomonas_E","",15,"Bay","J"
"6",43,29,21,0,0.00289954347826087,0.0414165739673913,5.43492696246774,14.815,1.99,11.3700730375323,"Bacteria","Pseudomonadota","Gammaproteobacteria","Pseudomonadales","Pseudomonadaceae","Pseudomonas_E","",15,"Bay","J"
"7",15,29,21,0.162999675389556,0.0103215217391304,0.148488837173913,7.1329853910848,4.3,1.99,-0.842985391084795,"Bacteria","Pseudomonadota","Gammaproteobacteria","Pseudomonadales","Pseudomonadaceae","Pseudomonas_E","",15,"Bay","J"
"7",23,29,21,0.426247783438035,0.161719565217391,1.41606691175217,8.33985023298643,6.535,1.99,0.185149767013575,"Bacteria","Pseudomonadota","Gammaproteobacteria","Pseudomonadales","Pseudomonadaceae","Pseudomonas_E","",15,"Bay","J"
"7",28,29,21,0.433509463406831,0.132369565217392,1.25412105397065,9.64321492117809,4.465,1.99,-3.18821492117807,"Bacteria","Pseudomonadota","Gammaproteobacteria","Pseudomonadales","Pseudomonadaceae","Pseudomonas_E","",15,"Bay","J"
"7",33,29,21,0.391983662688813,0.0779710869565217,0.83229857898913,6.65437519399544,4.465,1.99,-0.19937519399544,"Bacteria","Pseudomonadota","Gammaproteobacteria","Pseudomonadales","Pseudomonadaceae","Pseudomonas_E","",15,"Bay","J"
"7",38,29,21,0,0.000879041304347825,0.0147979783152174,8.0560864767728,4.47,1.99,-1.5960864767728,"Bacteria","Pseudomonadota","Gammaproteobacteria","Pseudomonadales","Pseudomonadaceae","Pseudomonas_E","",15,"Bay","J"
"7",43,29,21,0,0.00182189130434783,0.0276658170434783,130.033749351221,14.815,1.99,-113.228749351221,"Bacteria","Pseudomonadota","Gammaproteobacteria","Pseudomonadales","Pseudomonadaceae","Pseudomonas_E","",15,"Bay","J"
"8",15,29,21,0.295198830472673,0.0903867391304348,0.630324034217391,9.21697349021166,4.3,1.99,-2.92697349021166,"Bacteria","Pseudomonadota","Gammaproteobacteria","Pseudomonadales","Pseudomonadaceae","Pseudomonas_E","Pseudomonas_E lurida",15,"Bay","J"
"8",23,29,21,0.491017041372001,0.21588695652174,2.19754389056467,5.43057102558722,5.875,1.99,2.43442897441278,"Bacteria","Pseudomonadota","Gammaproteobacteria","Pseudomonadales","Pseudomonadaceae","Pseudomonas_E","Pseudomonas_E lurida",15,"Bay","J"
"8",28,29,21,0.490719463273584,0.164320434782609,1.90992074121739,3.06772412545068,4.465,1.99,3.38727587454932,"Bacteria","Pseudomonadota","Gammaproteobacteria","Pseudomonadales","Pseudomonadaceae","Pseudomonas_E","Pseudomonas_E lurida",15,"Bay","J"
"8",33,29,21,0.368413086137539,0.218215217391304,1.39646658404348,4.77844593251685,6.205,1.99,3.41655406748314,"Bacteria","Pseudomonadota","Gammaproteobacteria","Pseudomonadales","Pseudomonadaceae","Pseudomonas_E","Pseudomonas_E lurida",15,"Bay","J"
"8",38,29,21,0,0.00164797826086957,0.0153795181184782,-9.99018685589695,4.885,1.99,16.865186855897,"Bacteria","Pseudomonadota","Gammaproteobacteria","Pseudomonadales","Pseudomonadaceae","Pseudomonas_E","Pseudomonas_E lurida",15,"Bay","J"
"8",43,29,21,0,0.00482780434782609,0.0728329631521739,-41.3705957997131,12.165,1.99,55.525595799713,"Bacteria","Pseudomonadota","Gammaproteobacteria","Pseudomonadales","Pseudomonadaceae","Pseudomonas_E","Pseudomonas_E lurida",15,"Bay","J"
"9",15,29,21,0.61356823801078,0.110119347826087,0.449247428097827,-0.325,10.1,1.99,12.415,"Bacteria","Pseudomonadota","Gammaproteobacteria","Pseudomonadales","Pseudomonadaceae","Pseudomonas_E","Pseudomonas_E rhodesiae",15,"Bay","J"
"9",23,29,21,0.65657338918801,0.227632608695652,2.65967454613043,5.50279029609511,5.955,1.99,2.44220970390489,"Bacteria","Pseudomonadota","Gammaproteobacteria","Pseudomonadales","Pseudomonadaceae","Pseudomonas_E","Pseudomonas_E rhodesiae",15,"Bay","J"
"9",28,29,21,0.703946610228658,0.242895652173913,3.02789585097826,2.52448108058481,5.045,1.99,4.51051891941519,"Bacteria","Pseudomonadota","Gammaproteobacteria","Pseudomonadales","Pseudomonadaceae","Pseudomonas_E","Pseudomonas_E rhodesiae",15,"Bay","J"
"9",33,29,21,0.587842491039063,0.156134782608696,1.52406565248913,4.70675722316552,6.29,1.99,3.57324277683448,"Bacteria","Pseudomonadota","Gammaproteobacteria","Pseudomonadales","Pseudomonadaceae","Pseudomonas_E","Pseudomonas_E rhodesiae",15,"Bay","J"
"9",38,29,21,0,0.00388973913043479,0.0549804680021739,0.663843027511815,11.92,1.99,13.2461569724882,"Bacteria","Pseudomonadota","Gammaproteobacteria","Pseudomonadales","Pseudomonadaceae","Pseudomonas_E","Pseudomonas_E rhodesiae",15,"Bay","J"
"9",43,29,21,0,0.00260465217391304,0.0404374488478261,3.73825636953948,15.145,1.99,13.3967436304605,"Bacteria","Pseudomonadota","Gammaproteobacteria","Pseudomonadales","Pseudomonadaceae","Pseudomonas_E","Pseudomonas_E rhodesiae",15,"Bay","J"
"11",15,29,21,0.37023845570443,0.0441484782608696,0.14476737925,-0.325,9.435,1.99,11.75,"Bacteria","Pseudomonadota","Gammaproteobacteria","Pseudomonadales","Pseudomonadaceae","Pseudomonas_E","Pseudomonas_E fluorescens_BG",15,"Bay","J"
"11",23,29,21,0.602337227038475,0.210541304347826,2.30992495621739,4.86943515315047,4.385,1.99,1.50556484684953,"Bacteria","Pseudomonadota","Gammaproteobacteria","Pseudomonadales","Pseudomonadaceae","Pseudomonas_E","Pseudomonas_E fluorescens_BG",15,"Bay","J"
"11",28,29,21,0.532119809404717,0.232204347826087,2.75927577140217,6.00697501293834,5.21,1.99,1.19302498706166,"Bacteria","Pseudomonadota","Gammaproteobacteria","Pseudomonadales","Pseudomonadaceae","Pseudomonas_E","Pseudomonas_E fluorescens_BG",15,"Bay","J"
"11",33,29,21,0.435641072517493,0.327171739130435,2.79802094299348,7.72036980831476,4.3,1.99,-1.43036980831475,"Bacteria","Pseudomonadota","Gammaproteobacteria","Pseudomonadales","Pseudomonadaceae","Pseudomonas_E","Pseudomonas_E fluorescens_BG",15,"Bay","J"
"11",38,29,21,0,0.000306436956521739,0.00149568500228261,5.66357750435295,10.76,1.99,13.3764224956471,"Bacteria","Pseudomonadota","Gammaproteobacteria","Pseudomonadales","Pseudomonadaceae","Pseudomonas_E","Pseudomonas_E fluorescens_BG",15,"Bay","J"
"11",43,29,21,0,0.00256297826086957,0.0152742105434783,7.96254591302532,7.86,1.99,5.44745408697468,"Bacteria","Pseudomonadota","Gammaproteobacteria","Pseudomonadales","Pseudomonadaceae","Pseudomonas_E","Pseudomonas_E fluorescens_BG",15,"Bay","J"
"12",15,29,21,0.534379674643956,0.145034565217391,0.851064023760872,-0.329999999999999,10.095,1.99,12.415,"Bacteria","Pseudomonadota","Gammaproteobacteria","Pseudomonadales","Pseudomonadaceae","Pseudomonas_E","Pseudomonas_E chlororaphis_G",15,"Bay","J"
"12",23,29,21,0.718980617085775,0.324726086956521,3.39460393062391,3.16182966207818,5.21,1.99,4.03817033792182,"Bacteria","Pseudomonadota","Gammaproteobacteria","Pseudomonadales","Pseudomonadaceae","Pseudomonas_E","Pseudomonas_E chlororaphis_G",15,"Bay","J"
"12",28,29,21,0.591274551173433,0.28694347826087,3.52470064988043,2.96514733636968,5.045,1.99,4.06985266363032,"Bacteria","Pseudomonadota","Gammaproteobacteria","Pseudomonadales","Pseudomonadaceae","Pseudomonas_E","Pseudomonas_E chlororaphis_G",15,"Bay","J"
"12",33,29,21,0.531857102767443,0.203310869565218,1.99177423858696,4.12401978508688,4.55,1.99,2.41598021491312,"Bacteria","Pseudomonadota","Gammaproteobacteria","Pseudomonadales","Pseudomonadaceae","Pseudomonas_E","Pseudomonas_E chlororaphis_G",15,"Bay","J"
"12",38,29,21,0,0.00188410669565218,0.0302021249821739,2.54228052552813,4.47,1.99,3.91771947447187,"Bacteria","Pseudomonadota","Gammaproteobacteria","Pseudomonadales","Pseudomonadaceae","Pseudomonas_E","Pseudomonas_E chlororaphis_G",15,"Bay","J"
"12",43,29,21,0,0.00106234934782608,0.0127189288445652,4.77350905008785,15.81,1.99,13.0264909499121,"Bacteria","Pseudomonadota","Gammaproteobacteria","Pseudomonadales","Pseudomonadaceae","Pseudomonas_E","Pseudomonas_E chlororaphis_G",15,"Bay","J"
"13",15,29,21,0.467307195089134,0.120698043478261,0.250772002156522,0.415,7.28,1.99,8.855,"Bacteria","Pseudomonadota","Gammaproteobacteria","Pseudomonadales","Pseudomonadaceae","Pseudomonas_E","Pseudomonas_E moraviensis_B",15,"Bay","J"
"13",23,29,21,0.573762338666488,0.357539130434782,3.22969690961304,5.35790040904716,8.025,1.99,4.65709959095284,"Bacteria","Pseudomonadota","Gammaproteobacteria","Pseudomonadales","Pseudomonadaceae","Pseudomonas_E","Pseudomonas_E moraviensis_B",15,"Bay","J"
"13",28,29,21,0.584484940372672,0.247473913043478,2.97715696121739,5.76671460948181,5.295,1.99,1.51828539051818,"Bacteria","Pseudomonadota","Gammaproteobacteria","Pseudomonadales","Pseudomonadaceae","Pseudomonas_E","Pseudomonas_E moraviensis_B",15,"Bay","J"
"13",33,29,21,0.481636102443314,0.112942608695653,1.52018796816304,4.83737743573037,4.3,1.99,1.45262256426963,"Bacteria","Pseudomonadota","Gammaproteobacteria","Pseudomonadales","Pseudomonadaceae","Pseudomonas_E","Pseudomonas_E moraviensis_B",15,"Bay","J"
"13",38,29,21,0,0.0026167652173913,0.0293106942847826,2.68563212746925,4.885,1.99,4.18936787253076,"Bacteria","Pseudomonadota","Gammaproteobacteria","Pseudomonadales","Pseudomonadaceae","Pseudomonas_E","Pseudomonas_E moraviensis_B",15,"Bay","J"
"13",43,29,21,0,0.00369519565217391,0.0651107566304348,8.14025704370452,8.935,1.99,2.78474295629546,"Bacteria","Pseudomonadota","Gammaproteobacteria","Pseudomonadales","Pseudomonadaceae","Pseudomonas_E","Pseudomonas_E moraviensis_B",15,"Bay","J"
"14",15,29,21,0,0.0106613478260869,0.0283749444282608,-0.325,12,1.99,14.315,"Bacteria","Pseudomonadota","Gammaproteobacteria","Pseudomonadales","Pseudomonadaceae","Pseudomonas_E","Pseudomonas_E sp003851685",15,"Bay","J"
"14",23,29,21,0.429849581752596,0.201584782608696,1.53762217181142,7.19755794772619,11.42,1.99,6.21244205227381,"Bacteria","Pseudomonadota","Gammaproteobacteria","Pseudomonadales","Pseudomonadaceae","Pseudomonas_E","Pseudomonas_E sp003851685",15,"Bay","J"
"14",28,29,21,0.452146349324125,0.169815217391305,1.79969575369565,4.94459674162467,9.68,1.99,6.72540325837533,"Bacteria","Pseudomonadota","Gammaproteobacteria","Pseudomonadales","Pseudomonadaceae","Pseudomonas_E","Pseudomonas_E sp003851685",15,"Bay","J"
"14",33,29,21,0.325332739670206,0.0933054347826088,1.15438132315217,5.26677539779575,6.455,1.99,3.17822460220424,"Bacteria","Pseudomonadota","Gammaproteobacteria","Pseudomonadales","Pseudomonadaceae","Pseudomonas_E","Pseudomonas_E sp003851685",15,"Bay","J"
"14",38,29,21,0,0.00226593478260869,0.0174752015108696,120.891519179531,12.08,1.99,-106.821519179531,"Bacteria","Pseudomonadota","Gammaproteobacteria","Pseudomonadales","Pseudomonadaceae","Pseudomonas_E","Pseudomonas_E sp003851685",15,"Bay","J"
"14",43,29,21,0,0.00176256956521739,0.0177913094586956,39.7559455092418,5.875,1.99,-31.8909455092418,"Bacteria","Pseudomonadota","Gammaproteobacteria","Pseudomonadales","Pseudomonadaceae","Pseudomonas_E","Pseudomonas_E sp003851685",15,"Bay","J"
"15",15,29,21,0.52949261420575,0.142885,0.482218266032609,-0.33,9.35,1.99,11.67,"Bacteria","Pseudomonadota","Gammaproteobacteria","Pseudomonadales","Pseudomonadaceae","Pseudomonas_E","Pseudomonas_E sp003851685",15,"Bay","J"
"15",23,29,21,0.451303146245427,0.218693478260869,2.19918725913044,4.29053863485707,8.025,1.99,5.72446136514293,"Bacteria","Pseudomonadota","Gammaproteobacteria","Pseudomonadales","Pseudomonadaceae","Pseudomonas_E","Pseudomonas_E sp003851685",15,"Bay","J"
"15",28,29,21,0.753614001776578,0.235769565217392,2.6667514866087,4.72060098607516,5.625,1.99,2.89439901392483,"Bacteria","Pseudomonadota","Gammaproteobacteria","Pseudomonadales","Pseudomonadaceae","Pseudomonas_E","Pseudomonas_E sp003851685",15,"Bay","J"
"15",33,29,21,0.496098674045342,0.168108695652174,1.75372323645761,5.43611345463055,5.045,1.99,1.59888654536945,"Bacteria","Pseudomonadota","Gammaproteobacteria","Pseudomonadales","Pseudomonadaceae","Pseudomonas_E","Pseudomonas_E sp003851685",15,"Bay","J"
"15",38,29,21,0,0.00159123913043479,0.0272770181521739,13.1106336895519,6.535,1.99,-2.35063368955187,"Bacteria","Pseudomonadota","Gammaproteobacteria","Pseudomonadales","Pseudomonadaceae","Pseudomonas_E","Pseudomonas_E sp003851685",15,"Bay","J"
"15",43,29,21,0,0.00444326086956522,0.05329502,-1.32085946686629,19.615,1.99,22.9258594668663,"Bacteria","Pseudomonadota","Gammaproteobacteria","Pseudomonadales","Pseudomonadaceae","Pseudomonas_E","Pseudomonas_E sp003851685",15,"Bay","J"
"16",15,29,21,0.43938619351303,0.110345434782609,0.350087205456521,1.24494205366457,7.78,1.99,8.52505794633542,"Bacteria","Pseudomonadota","Gammaproteobacteria","Pseudomonadales","Pseudomonadaceae","Pseudomonas_E","Pseudomonas_E sp003851685",15,"Bay","J"
"16",23,29,21,0.469734906202947,0.227469565217392,2.27364888066086,7.37289857608143,7.86,1.99,2.47710142391857,"Bacteria","Pseudomonadota","Gammaproteobacteria","Pseudomonadales","Pseudomonadaceae","Pseudomonas_E","Pseudomonas_E sp003851685",15,"Bay","J"
"16",28,29,21,0.772670971894476,0.236676086956521,2.68315831520218,5.4762841658875,4.715,1.99,1.2287158341125,"Bacteria","Pseudomonadota","Gammaproteobacteria","Pseudomonadales","Pseudomonadaceae","Pseudomonas_E","Pseudomonas_E sp003851685",15,"Bay","J"
"16",33,29,21,0.354462967226826,0.100798043478261,0.64620685508913,3.01833759090148,5.875,1.99,4.84666240909852,"Bacteria","Pseudomonadota","Gammaproteobacteria","Pseudomonadales","Pseudomonadaceae","Pseudomonas_E","Pseudomonas_E sp003851685",15,"Bay","J"
"16",38,29,21,0,0.000476065217391305,0.0069767144945652,20.6053288377982,4.385,1.99,-14.1453288377982,"Bacteria","Pseudomonadota","Gammaproteobacteria","Pseudomonadales","Pseudomonadaceae","Pseudomonas_E","Pseudomonas_E sp003851685",15,"Bay","J"
"16",43,29,21,0,0.0047428,0.08171195375,10.9052206360448,13.57,1.99,4.65477936395519,"Bacteria","Pseudomonadota","Gammaproteobacteria","Pseudomonadales","Pseudomonadaceae","Pseudomonas_E","Pseudomonas_E sp003851685",15,"Bay","J"
"17",15,29,21,0.273969214807277,0.1115715,0.501645731478261,-0.022219180816405,7.035,1.99,9.04721918081641,"Bacteria","Pseudomonadota","Gammaproteobacteria","Pseudomonadales","Pseudomonadaceae","Pseudomonas_E","Pseudomonas_E sp003851685",15,"Bay","J"
"17",23,29,21,0.543296648355655,0.214423913043478,2.18411002502173,5.11858232024162,6.95,1.99,3.82141767975838,"Bacteria","Pseudomonadota","Gammaproteobacteria","Pseudomonadales","Pseudomonadaceae","Pseudomonas_E","Pseudomonas_E sp003851685",15,"Bay","J"
"17",28,29,21,0.793352117466115,0.230486956521739,2.58621111236956,3.36456211579732,4.715,1.99,3.34043788420268,"Bacteria","Pseudomonadota","Gammaproteobacteria","Pseudomonadales","Pseudomonadaceae","Pseudomonas_E","Pseudomonas_E sp003851685",15,"Bay","J"
"17",33,29,21,0.518686808715567,0.159323913043478,1.5305815641087,2.49782925687584,5.21,1.99,4.70217074312416,"Bacteria","Pseudomonadota","Gammaproteobacteria","Pseudomonadales","Pseudomonadaceae","Pseudomonas_E","Pseudomonas_E sp003851685",15,"Bay","J"
"17",38,29,21,0,0.00220208478260869,0.0196487710869565,5.03585520427982,9.02,1.99,10.5241447957202,"Bacteria","Pseudomonadota","Gammaproteobacteria","Pseudomonadales","Pseudomonadaceae","Pseudomonas_E","Pseudomonas_E sp003851685",15,"Bay","J"
"17",43,29,21,0.00103650758362267,0.0218993260869565,0.405743855793478,-10.5620578817516,7.115,1.99,19.6670578817516,"Bacteria","Pseudomonadota","Gammaproteobacteria","Pseudomonadales","Pseudomonadaceae","Pseudomonas_E","Pseudomonas_E sp003851685",15,"Bay","J"
"18",15,29,21,0.322928201489648,0.0487028260869566,0.316197114705435,6.22929692810888,8.445,1.99,4.20570307189112,"Bacteria","Pseudomonadota","Gammaproteobacteria","Pseudomonadales","Pseudomonadaceae","Pseudomonas_E","Pseudomonas_E sp009764265",15,"Bay","QR"
"18",23,29,21,0.443363215514095,0.126138913043478,0.981235863260868,4.786571768159,7.695,1.99,4.898428231841,"Bacteria","Pseudomonadota","Gammaproteobacteria","Pseudomonadales","Pseudomonadaceae","Pseudomonas_E","Pseudomonas_E sp009764265",15,"Bay","QR"
"18",28,29,21,0.637884281165345,0.140982608695652,1.26610696357608,1.47886441764685,5.38,1.99,5.89113558235315,"Bacteria","Pseudomonadota","Gammaproteobacteria","Pseudomonadales","Pseudomonadaceae","Pseudomonas_E","Pseudomonas_E sp009764265",15,"Bay","QR"
"18",33,29,21,0,3.81978260869565e-06,9.8643054347826e-06,1.99,4.3,1.99,4.3,"Bacteria","Pseudomonadota","Gammaproteobacteria","Pseudomonadales","Pseudomonadaceae","Pseudomonas_E","Pseudomonas_E sp009764265",15,"Bay","QR"
"18",38,29,21,0,0.00083145652173913,0.00887944182608695,-18.4064264814023,11.665,1.99,39.4264264814023,"Bacteria","Pseudomonadota","Gammaproteobacteria","Pseudomonadales","Pseudomonadaceae","Pseudomonas_E","Pseudomonas_E sp009764265",15,"Bay","QR"
"18",43,29,21,0,0.00107066956521739,0.0133547143913044,10.0688415203805,10.595,1.99,2.51615847961949,"Bacteria","Pseudomonadota","Gammaproteobacteria","Pseudomonadales","Pseudomonadaceae","Pseudomonas_E","Pseudomonas_E sp009764265",15,"Bay","QR"
"19",15,29,21,0.223100084924903,0.144899695652174,0.407499304467391,0.25,9.85,1.99,11.59,"Bacteria","Pseudomonadota","Gammaproteobacteria","Pseudomonadales","Pseudomonadaceae","Pseudomonas_E","Pseudomonas_E sp016651305",15,"Bay","QR"
"19",23,29,21,0.701360381235999,0.339978260869565,2.9789721245576,3.15156596134348,7.28,1.99,6.11843403865652,"Bacteria","Pseudomonadota","Gammaproteobacteria","Pseudomonadales","Pseudomonadaceae","Pseudomonas_E","Pseudomonas_E sp016651305",15,"Bay","QR"
"19",28,29,21,0.75788537338242,0.245558695652174,2.72429863854348,2.79681968387072,4.3,1.99,3.49318031612928,"Bacteria","Pseudomonadota","Gammaproteobacteria","Pseudomonadales","Pseudomonadaceae","Pseudomonas_E","Pseudomonas_E sp016651305",15,"Bay","QR"
"19",33,29,21,0.386561084629776,0.156347826086957,1.38234507156522,7.1963115431799,6.7,1.99,1.4936884568201,"Bacteria","Pseudomonadota","Gammaproteobacteria","Pseudomonadales","Pseudomonadaceae","Pseudomonas_E","Pseudomonas_E sp016651305",15,"Bay","QR"
"19",38,29,21,0,0.0034354347826087,0.0451466165728261,-12.6109274555748,4.385,1.99,18.9859274555748,"Bacteria","Pseudomonadota","Gammaproteobacteria","Pseudomonadales","Pseudomonadaceae","Pseudomonas_E","Pseudomonas_E sp016651305",15,"Bay","QR"
"19",43,29,21,0,0.00324963043478261,0.0529542354782609,6.69474164589985,13.655,1.99,8.95025835410015,"Bacteria","Pseudomonadota","Gammaproteobacteria","Pseudomonadales","Pseudomonadaceae","Pseudomonas_E","Pseudomonas_E sp016651305",15,"Bay","QR"
"20",15,29,21,0.156664858279752,0.0344963043478261,0.208453875423913,1.97594352093212,8.275,1.99,8.28905647906787,"Bacteria","Pseudomonadota","Gammaproteobacteria","Pseudomonadales","Pseudomonadaceae","Pseudomonas_E","",15,"Bay","QR"
"20",23,29,21,0.329766671877732,0.0945128260869566,0.615932602766303,7.6997304772502,11.335,1.99,5.62526952274979,"Bacteria","Pseudomonadota","Gammaproteobacteria","Pseudomonadales","Pseudomonadaceae","Pseudomonas_E","",15,"Bay","QR"
"20",28,29,21,0.205923730905128,0.042395652173913,0.317848591760869,7.91901312178903,4.3,1.99,-1.62901312178903,"Bacteria","Pseudomonadota","Gammaproteobacteria","Pseudomonadales","Pseudomonadaceae","Pseudomonas_E","",15,"Bay","QR"
"20",33,29,21,0.316591928367723,0.0511080434782609,0.307290061445652,0.165,5.46,1.99,7.285,"Bacteria","Pseudomonadota","Gammaproteobacteria","Pseudomonadales","Pseudomonadaceae","Pseudomonas_E","",15,"Bay","QR"
"20",38,29,21,0.0160549181668236,0.00535739130434785,0.0752162652173915,5.08513857737401,4.385,1.99,1.37486142262599,"Bacteria","Pseudomonadota","Gammaproteobacteria","Pseudomonadales","Pseudomonadaceae","Pseudomonas_E","",15,"Bay","QR"
"20",43,29,21,0,0.000574482173913045,0.0063801806695652,6.69191914824609,11.75,1.99,7.04808085175391,"Bacteria","Pseudomonadota","Gammaproteobacteria","Pseudomonadales","Pseudomonadaceae","Pseudomonas_E","",15,"Bay","QR"
"21",15,29,21,0.223478300847801,0.0787696086956524,0.189254319702174,-0.33,7.945,1.99,10.265,"Bacteria","Pseudomonadota","Gammaproteobacteria","Pseudomonadales","Pseudomonadaceae","Pseudomonas_E","Pseudomonas_E sp002874965",15,"Bay","QR"
"21",23,29,21,0.409764111369972,0.248497826086956,2.69039756782609,7.37732621229249,10.175,1.99,4.78767378770751,"Bacteria","Pseudomonadota","Gammaproteobacteria","Pseudomonadales","Pseudomonadaceae","Pseudomonas_E","Pseudomonas_E sp002874965",15,"Bay","QR"
"21",28,29,21,0.61608953475099,0.195752173913044,2.2194108445,3.00704519807906,4.88,1.99,3.86295480192094,"Bacteria","Pseudomonadota","Gammaproteobacteria","Pseudomonadales","Pseudomonadaceae","Pseudomonas_E","Pseudomonas_E sp002874965",15,"Bay","QR"
"21",33,29,21,0,0,0,NA,NA,1.99,NA,"Bacteria","Pseudomonadota","Gammaproteobacteria","Pseudomonadales","Pseudomonadaceae","Pseudomonas_E","Pseudomonas_E sp002874965",15,"Bay","QR"
"21",38,29,21,0,0.000840391304347825,0.0146720725,5.70262395780938,4.385,1.99,0.757376042190622,"Bacteria","Pseudomonadota","Gammaproteobacteria","Pseudomonadales","Pseudomonadaceae","Pseudomonas_E","Pseudomonas_E sp002874965",15,"Bay","QR"
"21",43,29,21,0,0.0012500652173913,0.0153443125978261,0.638434981593335,19.86,1.99,21.2115650184067,"Bacteria","Pseudomonadota","Gammaproteobacteria","Pseudomonadales","Pseudomonadaceae","Pseudomonas_E","Pseudomonas_E sp002874965",15,"Bay","QR"
"22",15,29,21,0.269805154107252,0.0504223913043478,0.23176433525,4.05360329511938,6.785,1.99,4.72139670488061,"Bacteria","Pseudomonadota","Gammaproteobacteria","Pseudomonadales","Pseudomonadaceae","Pseudomonas_E","Pseudomonas_E fluorescens_BG",15,"Bay","QR"
"22",23,29,21,0.480526283416054,0.267834782608696,2.91520529353261,5.37106729569222,5.045,1.99,1.66393270430778,"Bacteria","Pseudomonadota","Gammaproteobacteria","Pseudomonadales","Pseudomonadaceae","Pseudomonas_E","Pseudomonas_E fluorescens_BG",15,"Bay","QR"
"22",28,29,21,0.612494935535251,0.20444347826087,2.65314291477174,6.69332518372661,4.55,1.99,-0.15332518372661,"Bacteria","Pseudomonadota","Gammaproteobacteria","Pseudomonadales","Pseudomonadaceae","Pseudomonas_E","Pseudomonas_E fluorescens_BG",15,"Bay","QR"
"22",33,29,21,0.496481084700487,0.310376086956522,3.05964382053261,6.09884917818875,4.3,1.99,0.19115082181125,"Bacteria","Pseudomonadota","Gammaproteobacteria","Pseudomonadales","Pseudomonadaceae","Pseudomonas_E","Pseudomonas_E fluorescens_BG",15,"Bay","QR"
"22",38,29,21,0,0.00065561956521739,0.0069978032445652,34.8060678789722,4.47,1.99,-28.3460678789722,"Bacteria","Pseudomonadota","Gammaproteobacteria","Pseudomonadales","Pseudomonadaceae","Pseudomonas_E","Pseudomonas_E fluorescens_BG",15,"Bay","QR"
"22",43,29,21,0,0.00728618695652172,0.0270815434430435,-20.1752650315818,10.755,1.99,32.9202650315818,"Bacteria","Pseudomonadota","Gammaproteobacteria","Pseudomonadales","Pseudomonadaceae","Pseudomonas_E","Pseudomonas_E fluorescens_BG",15,"Bay","QR"
"23",15,29,21,0.211352709284718,0.0907041304347824,0.256672457652174,5.02655656279685,17.955,1.99,14.9184434372032,"Bacteria","Pseudomonadota","Gammaproteobacteria","Pseudomonadales","Pseudomonadaceae","Pseudomonas_E","Pseudomonas_E sp002874965",15,"Bay","QR"
"23",23,29,21,0.458221406318131,0.249028260869565,2.66274476663044,6.08803637908578,7.695,1.99,3.59696362091422,"Bacteria","Pseudomonadota","Gammaproteobacteria","Pseudomonadales","Pseudomonadaceae","Pseudomonas_E","Pseudomonas_E sp002874965",15,"Bay","QR"
"23",28,29,21,0.592548986135686,0.207989130434783,2.25372832633479,5.30163564749846,4.3,1.99,0.98836435250154,"Bacteria","Pseudomonadota","Gammaproteobacteria","Pseudomonadales","Pseudomonadaceae","Pseudomonas_E","Pseudomonas_E sp002874965",15,"Bay","QR"
"23",33,29,21,0,0,0,NA,4.47,1.99,NA,"Bacteria","Pseudomonadota","Gammaproteobacteria","Pseudomonadales","Pseudomonadaceae","Pseudomonas_E","Pseudomonas_E sp002874965",15,"Bay","QR"
"23",38,29,21,0,0.00059207391304348,0.0098635956521739,7.10893037790315,4.385,1.99,-0.648930377903148,"Bacteria","Pseudomonadota","Gammaproteobacteria","Pseudomonadales","Pseudomonadaceae","Pseudomonas_E","Pseudomonas_E sp002874965",15,"Bay","QR"
"23",43,29,21,0,0.00115689130434783,0.0172018748913043,3.82857581931592,16.22,1.99,14.3814241806841,"Bacteria","Pseudomonadota","Gammaproteobacteria","Pseudomonadales","Pseudomonadaceae","Pseudomonas_E","Pseudomonas_E sp002874965",15,"Bay","QR"
"24",15,29,21,0.143000013881036,0.0326984782608696,0.108144939003261,4.73121776180961,9.1,1.99,6.35878223819039,"Bacteria","Pseudomonadota","Gammaproteobacteria","Pseudomonadales","Pseudomonadaceae","Pseudomonas_E","Pseudomonas_E fluorescens_BG",15,"Bay","QR"
"24",23,29,21,0.635918717339777,0.46995,2.51033957767391,-0.33,4.715,1.99,7.035,"Bacteria","Pseudomonadota","Gammaproteobacteria","Pseudomonadales","Pseudomonadaceae","Pseudomonas_E","Pseudomonas_E fluorescens_BG",15,"Bay","QR"
"24",28,29,21,0.592248259847776,0.275647826086956,2.62536293467392,2.67112579956787,7.78,1.99,7.09887420043212,"Bacteria","Pseudomonadota","Gammaproteobacteria","Pseudomonadales","Pseudomonadaceae","Pseudomonas_E","Pseudomonas_E fluorescens_BG",15,"Bay","QR"
"24",33,29,21,0.273896989603324,0.163226086956522,1.06904186665217,5.97143994923645,4.3,1.99,0.31856005076355,"Bacteria","Pseudomonadota","Gammaproteobacteria","Pseudomonadales","Pseudomonadaceae","Pseudomonas_E","Pseudomonas_E fluorescens_BG",15,"Bay","QR"
"24",38,29,21,0,0.00146647826086957,0.0255967681521739,6.85898708680871,4.385,1.99,-0.398987086808706,"Bacteria","Pseudomonadota","Gammaproteobacteria","Pseudomonadales","Pseudomonadaceae","Pseudomonas_E","Pseudomonas_E fluorescens_BG",15,"Bay","QR"
"24",43,29,21,0,0.00207032608695652,0.0184896777934783,-90.7962415015894,7.53,1.99,103.546241501589,"Bacteria","Pseudomonadota","Gammaproteobacteria","Pseudomonadales","Pseudomonadaceae","Pseudomonas_E","Pseudomonas_E fluorescens_BG",15,"Bay","QR"
"25",15,29,21,0,0.00538341304347825,0.020200495576087,-0.32,13.905,1.99,10.59,"Bacteria","Pseudomonadota","Gammaproteobacteria","Pseudomonadales","Pseudomonadaceae","Pseudomonas_E","",15,"Bay","QR"
"25",23,29,21,0.477899318122106,0.135136956521739,0.616115958173913,0.005,5.71,1.99,7.695,"Bacteria","Pseudomonadota","Gammaproteobacteria","Pseudomonadales","Pseudomonadaceae","Pseudomonas_E","",15,"Bay","QR"
"25",28,29,21,0.445995999346187,0.076012608695652,0.498678350478261,2.32365889794145,6.7,1.99,6.36634110205855,"Bacteria","Pseudomonadota","Gammaproteobacteria","Pseudomonadales","Pseudomonadaceae","Pseudomonas_E","",15,"Bay","QR"
"25",33,29,21,0.230676601174071,0.0558841304347826,0.301672929346739,0.91,4.385,1.99,5.465,"Bacteria","Pseudomonadota","Gammaproteobacteria","Pseudomonadales","Pseudomonadaceae","Pseudomonas_E","",15,"Bay","QR"
"25",38,29,21,0,0.00082908695652174,0.00424110475869565,-39.9391944627926,4.965,1.99,47.5591944627926,"Bacteria","Pseudomonadota","Gammaproteobacteria","Pseudomonadales","Pseudomonadaceae","Pseudomonas_E","",15,"Bay","QR"
"25",43,29,21,0.0853459333668885,0.0109992086956522,0.157356669040217,4.93049957842488,4.465,1.99,1.52450042157512,"Bacteria","Pseudomonadota","Gammaproteobacteria","Pseudomonadales","Pseudomonadaceae","Pseudomonas_E","",15,"Bay","QR"
"26",15,29,21,0.172846519940248,0.0913761304347825,0.287587379315217,5.19172167161425,16.8,1.99,13.5982783283857,"Bacteria","Pseudomonadota","Gammaproteobacteria","Pseudomonadales","Pseudomonadaceae","Pseudomonas_E","",15,"Bay","QR"
"26",23,29,21,0.542305470256047,0.185582608695653,1.84071549657826,2.58599117831535,4.88,1.99,4.28400882168465,"Bacteria","Pseudomonadota","Gammaproteobacteria","Pseudomonadales","Pseudomonadaceae","Pseudomonas_E","",15,"Bay","QR"
"26",28,29,21,0.497146223374236,0.145095652173913,1.77155119113044,5.97175811192022,5.46,1.99,1.47824188807978,"Bacteria","Pseudomonadota","Gammaproteobacteria","Pseudomonadales","Pseudomonadaceae","Pseudomonas_E","",15,"Bay","QR"
"26",33,29,21,0.484844039538744,0.232854347826086,2.04562170097826,4.18206701161997,4.715,1.99,2.52293298838004,"Bacteria","Pseudomonadota","Gammaproteobacteria","Pseudomonadales","Pseudomonadaceae","Pseudomonas_E","",15,"Bay","QR"
"26",38,29,21,0,0.00108343478260869,0.0124023158152174,-14.1351547462925,8.36,1.99,28.3751547462925,"Bacteria","Pseudomonadota","Gammaproteobacteria","Pseudomonadales","Pseudomonadaceae","Pseudomonas_E","",15,"Bay","QR"
"26",43,29,21,0,0.00299954347826087,0.0358502516086956,-13.882666549358,15.64,1.99,31.512666549358,"Bacteria","Pseudomonadota","Gammaproteobacteria","Pseudomonadales","Pseudomonadaceae","Pseudomonas_E","",15,"Bay","QR"
"27",15,29,21,0,0.0174679326086957,0.0409214040804348,0.499999999999999,12.33,1.99,13.82,"Bacteria","Pseudomonadota","Gammaproteobacteria","Pseudomonadales","Pseudomonadaceae","Pseudomonas_E","",15,"Bay","QR"
"27",23,29,21,0.474288860589558,0.185852173913044,1.34529803845652,-0.08,4.3,1.99,6.37,"Bacteria","Pseudomonadota","Gammaproteobacteria","Pseudomonadales","Pseudomonadaceae","Pseudomonas_E","",15,"Bay","QR"
"27",28,29,21,0.391216641888605,0.104634565217391,0.812438500507607,2.10010053794857,6.205,1.99,6.09489946205144,"Bacteria","Pseudomonadota","Gammaproteobacteria","Pseudomonadales","Pseudomonadaceae","Pseudomonas_E","",15,"Bay","QR"
"27",33,29,21,0.297942630432605,0.0692036956521739,0.622345494217392,4.78795378845659,4.3,1.99,1.50204621154341,"Bacteria","Pseudomonadota","Gammaproteobacteria","Pseudomonadales","Pseudomonadaceae","Pseudomonas_E","",15,"Bay","QR"
"27",38,29,21,0,0.00187028260869565,0.0224991485869565,4.38861018235731,19.7,1.99,17.3013898176427,"Bacteria","Pseudomonadota","Gammaproteobacteria","Pseudomonadales","Pseudomonadaceae","Pseudomonas_E","",15,"Bay","QR"
"27",43,29,21,0,0.00147052391304348,0.0179706767828261,22.5562123287214,5.38,1.99,-15.1862123287214,"Bacteria","Pseudomonadota","Gammaproteobacteria","Pseudomonadales","Pseudomonadaceae","Pseudomonas_E","",15,"Bay","QR"
"28",15,29,21,0.252336047642828,0.0449876086956521,0.251092286663043,2.20914952157149,8.44,1.99,8.22085047842851,"Bacteria","Pseudomonadota","Gammaproteobacteria","Pseudomonadales","Pseudomonadaceae","Pseudomonas_E","Pseudomonas_E neoaurantiaca",15,"Bay","QR"
"28",23,29,21,0.506917578444873,0.184780434782608,1.82600282504348,6.44105576028077,6.95,1.99,2.49894423971922,"Bacteria","Pseudomonadota","Gammaproteobacteria","Pseudomonadales","Pseudomonadaceae","Pseudomonas_E","Pseudomonas_E neoaurantiaca",15,"Bay","QR"
"28",28,29,21,0.615321251673928,0.215454347826087,2.55043526301087,5.47645483139623,4.3,1.99,0.81354516860377,"Bacteria","Pseudomonadota","Gammaproteobacteria","Pseudomonadales","Pseudomonadaceae","Pseudomonas_E","Pseudomonas_E neoaurantiaca",15,"Bay","QR"
"28",33,29,21,0.400261755818625,0.210791304347826,2.23525709168478,5.05727978824389,4.3,1.99,1.23272021175611,"Bacteria","Pseudomonadota","Gammaproteobacteria","Pseudomonadales","Pseudomonadaceae","Pseudomonas_E","Pseudomonas_E neoaurantiaca",15,"Bay","QR"
"28",38,29,21,0.112658083977701,0.0237915217391305,0.267399365869565,6.83424068838687,7.61,1.99,2.76575931161312,"Bacteria","Pseudomonadota","Gammaproteobacteria","Pseudomonadales","Pseudomonadaceae","Pseudomonas_E","Pseudomonas_E neoaurantiaca",15,"Bay","QR"
"28",43,29,21,0.00466991825436673,0.0110884565217391,0.155642347826087,4.29782558880873,15.555,1.99,13.2471744111913,"Bacteria","Pseudomonadota","Gammaproteobacteria","Pseudomonadales","Pseudomonadaceae","Pseudomonas_E","Pseudomonas_E neoaurantiaca",15,"Bay","QR"
"29",15,29,21,0.283684906982695,0.0330680434782609,0.156606400311956,7.08123736579318,10.26,1.99,5.16876263420682,"Bacteria","Pseudomonadota","Gammaproteobacteria","Pseudomonadales","Pseudomonadaceae","Pseudomonas_E","Pseudomonas_E alvandae",15,"Bay","QR"
"29",23,29,21,0.546708187279521,0.202334782608696,1.98309776935869,8.17519318836077,10.095,1.99,3.90980681163924,"Bacteria","Pseudomonadota","Gammaproteobacteria","Pseudomonadales","Pseudomonadaceae","Pseudomonas_E","Pseudomonas_E alvandae",15,"Bay","QR"
"29",28,29,21,0.552704105137474,0.175004347826087,1.99430022689131,5.19618702975895,4.385,1.99,1.17881297024105,"Bacteria","Pseudomonadota","Gammaproteobacteria","Pseudomonadales","Pseudomonadaceae","Pseudomonas_E","Pseudomonas_E alvandae",15,"Bay","QR"
"29",33,29,21,0.457211680970606,0.134654347826087,1.40342065632609,7.54177505475209,4.3,1.99,-1.25177505475209,"Bacteria","Pseudomonadota","Gammaproteobacteria","Pseudomonadales","Pseudomonadaceae","Pseudomonas_E","Pseudomonas_E alvandae",15,"Bay","QR"
"29",38,29,21,0,0.00661741304347826,0.108647112478261,6.70874029859234,5.71,1.99,0.991259701407662,"Bacteria","Pseudomonadota","Gammaproteobacteria","Pseudomonadales","Pseudomonadaceae","Pseudomonas_E","Pseudomonas_E alvandae",15,"Bay","QR"
"29",43,29,21,0.0428761724413057,0.0225021739130435,0.354361356521739,103.434948969081,9.845,1.99,-91.5999489690812,"Bacteria","Pseudomonadota","Gammaproteobacteria","Pseudomonadales","Pseudomonadaceae","Pseudomonas_E","Pseudomonas_E alvandae",15,"Bay","QR"
"30",13,29,21,0.196603053061266,0.0564341304347826,0.29712937348913,5.43036335280243,4.55,1.99,1.10963664719757,"Bacteria","Pseudomonadota","Gammaproteobacteria","Enterobacterales","Enterobacteriaceae","Pantoea","Pantoea agglomerans",15,"Bay","QR"
"30",15,29,21,0.24560794227672,0.0767623913043478,0.343620926338587,3.29853976860694,8.275,1.99,6.96646023139306,"Bacteria","Pseudomonadota","Gammaproteobacteria","Enterobacterales","Enterobacteriaceae","Pantoea","Pantoea agglomerans",15,"Bay","QR"
"30",19,29,21,0.395720265696377,0.121008695652174,1.3061174836087,5.30731387691436,4.3,1.99,0.982686123085635,"Bacteria","Pseudomonadota","Gammaproteobacteria","Enterobacterales","Enterobacteriaceae","Pantoea","Pantoea agglomerans",15,"Bay","QR"
"30",21,29,21,0.51580361185281,0.172604347826087,1.72408352315217,7.79159844869272,4.3,1.99,-1.50159844869272,"Bacteria","Pseudomonadota","Gammaproteobacteria","Enterobacterales","Enterobacteriaceae","Pantoea","Pantoea agglomerans",15,"Bay","QR"
"30",23,29,21,0.56457394670327,0.327878260869565,3.62933381171195,5.1173464779099,4.465,1.99,1.33765352209009,"Bacteria","Pseudomonadota","Gammaproteobacteria","Enterobacterales","Enterobacteriaceae","Pantoea","Pantoea agglomerans",15,"Bay","QR"
"30",28,29,21,0.614267897080905,0.303469565217392,3.72172814265218,8.02923880389487,4.3,1.99,-1.73923880389487,"Bacteria","Pseudomonadota","Gammaproteobacteria","Enterobacterales","Enterobacteriaceae","Pantoea","Pantoea agglomerans",15,"Bay","QR"
"30",33,29,21,0.587534036431513,0.312606521739131,3.42673664573913,5.00247056104577,4.3,1.99,1.28752943895422,"Bacteria","Pseudomonadota","Gammaproteobacteria","Enterobacterales","Enterobacteriaceae","Pantoea","Pantoea agglomerans",15,"Bay","QR"
"30",35,29,21,0.379187727278871,0.13943597826087,1.48821106848674,6.40152855134877,7.28,1.99,2.86847144865123,"Bacteria","Pseudomonadota","Gammaproteobacteria","Enterobacterales","Enterobacteriaceae","Pantoea","Pantoea agglomerans",15,"Bay","QR"
"30",37,29,21,0.319694268764591,0.126352388826087,1.0078122098687,4.36295728449367,4.63,1.99,2.25704271550633,"Bacteria","Pseudomonadota","Gammaproteobacteria","Enterobacterales","Enterobacteriaceae","Pantoea","Pantoea agglomerans",15,"Bay","QR"
"30",38,29,21,0,0.00379013043478261,0.0306161616804348,-41.8674110518775,8.19,1.99,52.0474110518776,"Bacteria","Pseudomonadota","Gammaproteobacteria","Enterobacterales","Enterobacteriaceae","Pantoea","Pantoea agglomerans",15,"Bay","QR"
"30",40,29,21,0,0.00648173897826086,0.0602187192022826,16.3591066145827,4.965,1.99,-9.40410661458269,"Bacteria","Pseudomonadota","Gammaproteobacteria","Enterobacterales","Enterobacteriaceae","Pantoea","Pantoea agglomerans",15,"Bay","QR"
"30",42,29,21,0,0.00583978260869565,0.064999029965,27.0148780127907,9.77,1.99,-15.2548780127907,"Bacteria","Pseudomonadota","Gammaproteobacteria","Enterobacterales","Enterobacteriaceae","Pantoea","Pantoea agglomerans",15,"Bay","QR"
"30",43,29,21,0,0.0117145434782609,0.191417245494565,-24.7418850030323,16.3,1.99,43.0318850030323,"Bacteria","Pseudomonadota","Gammaproteobacteria","Enterobacterales","Enterobacteriaceae","Pantoea","Pantoea agglomerans",15,"Bay","QR"
"31",15,29,21,0,0.0138093260869565,0.0372321227173913,-0.325,12.745,1.99,15.06,"Bacteria","Pseudomonadota","Gammaproteobacteria","Pseudomonadales","Pseudomonadaceae","Pseudomonas_E","",15,"Bay","M"
"31",23,29,21,0.481452133700396,0.108749565217391,0.831201189705437,2.58982053422362,5.295,1.99,4.69517946577638,"Bacteria","Pseudomonadota","Gammaproteobacteria","Pseudomonadales","Pseudomonadaceae","Pseudomonas_E","",15,"Bay","M"
"31",28,29,21,0.312159211421005,0.0513563043478261,0.303522539369565,2.54912980082779,6.54,1.99,5.98087019917221,"Bacteria","Pseudomonadota","Gammaproteobacteria","Pseudomonadales","Pseudomonadaceae","Pseudomonas_E","",15,"Bay","M"
"31",33,29,21,0.397413144499461,0.0573069565217391,0.367638553493478,0,4.47,1.99,6.46,"Bacteria","Pseudomonadota","Gammaproteobacteria","Pseudomonadales","Pseudomonadaceae","Pseudomonas_E","",15,"Bay","M"
"31",38,29,21,0,0.00148260869565218,0.0211863416304348,5.01068171613046,4.3,1.99,1.27931828386954,"Bacteria","Pseudomonadota","Gammaproteobacteria","Pseudomonadales","Pseudomonadaceae","Pseudomonas_E","",15,"Bay","M"
"31",43,29,21,0.000543492264562785,0.0106475326086956,0.199151126302174,6.18634017194773,16.385,1.99,12.1886598280523,"Bacteria","Pseudomonadota","Gammaproteobacteria","Pseudomonadales","Pseudomonadaceae","Pseudomonas_E","",15,"Bay","M"
"32",15,29,21,0.0758705101730565,0.0108287913043478,0.0676112016086958,5.96505913193215,17.295,1.99,13.3199408680678,"Bacteria","Pseudomonadota","Gammaproteobacteria","Pseudomonadales","Pseudomonadaceae","Pseudomonas_E","",15,"Bay","M"
"32",23,29,21,0.360874924405988,0.0713121739130435,0.412081212238261,0,4.3,1.99,6.29,"Bacteria","Pseudomonadota","Gammaproteobacteria","Pseudomonadales","Pseudomonadaceae","Pseudomonas_E","",15,"Bay","M"
"32",28,29,21,0.373663201128979,0.0695910869565217,0.430755188280435,-0.08,5.46,1.99,7.53,"Bacteria","Pseudomonadota","Gammaproteobacteria","Pseudomonadales","Pseudomonadaceae","Pseudomonas_E","",15,"Bay","M"
"32",33,29,21,0.401055031840296,0.0832210869565218,0.601606563797826,6.06819838801869,4.3,1.99,0.22180161198132,"Bacteria","Pseudomonadota","Gammaproteobacteria","Pseudomonadales","Pseudomonadaceae","Pseudomonas_E","",15,"Bay","M"
"32",38,29,21,0,0.00057655,0.0070596240369565,11.7756346113325,4.3,1.99,-5.4856346113325,"Bacteria","Pseudomonadota","Gammaproteobacteria","Pseudomonadales","Pseudomonadaceae","Pseudomonas_E","",15,"Bay","M"
"32",43,29,21,0,0.000678239130434785,0.00892284064130435,24.6894744396342,17.54,1.99,-5.15947443963424,"Bacteria","Pseudomonadota","Gammaproteobacteria","Pseudomonadales","Pseudomonadaceae","Pseudomonas_E","",15,"Bay","M"
"33",15,29,21,0.107001444661245,0.0189093913043478,0.0883681237173911,0.17,9.435,1.99,11.255,"Bacteria","Pseudomonadota","Gammaproteobacteria","Pseudomonadales","Pseudomonadaceae","Pseudomonas_E","",15,"Bay","M"
"33",23,29,21,0.335556131205028,0.15687347826087,1.54030877380435,6.78378952558348,10.84,1.99,6.04621047441652,"Bacteria","Pseudomonadota","Gammaproteobacteria","Pseudomonadales","Pseudomonadaceae","Pseudomonas_E","",15,"Bay","M"
"33",28,29,21,0.355446334332712,0.114863043478261,0.982860905423911,2.69482197209115,4.3,1.99,3.59517802790885,"Bacteria","Pseudomonadota","Gammaproteobacteria","Pseudomonadales","Pseudomonadaceae","Pseudomonas_E","",15,"Bay","M"
"33",33,29,21,0.328675974691658,0.088439347826087,0.655020784943478,6.24973742264402,4.3,1.99,0.0402625773559749,"Bacteria","Pseudomonadota","Gammaproteobacteria","Pseudomonadales","Pseudomonadaceae","Pseudomonas_E","",15,"Bay","M"
"33",38,29,21,0.0418093856875819,0.00870208478260869,0.118053028619565,4.92428826321114,4.715,1.99,2.19571173678886,"Bacteria","Pseudomonadota","Gammaproteobacteria","Pseudomonadales","Pseudomonadaceae","Pseudomonas_E","",15,"Bay","M"
"33",43,29,21,0,0.00062823695652174,0.00963958679347825,43.3340713747419,17.21,1.99,-24.1340713747419,"Bacteria","Pseudomonadota","Gammaproteobacteria","Pseudomonadales","Pseudomonadaceae","Pseudomonas_E","",15,"Bay","M"
"34",15,29,21,0.174872148694225,0.0208354347826087,0.123747966819565,4.20103717466299,7.45,1.99,5.238962825337,"Bacteria","Pseudomonadota","Gammaproteobacteria","Pseudomonadales","Pseudomonadaceae","Pseudomonas_E","",15,"Bay","M"
"34",23,29,21,0.38649929004484,0.0975104347826088,0.742915430641304,2.28107317629608,8.275,1.99,7.98392682370392,"Bacteria","Pseudomonadota","Gammaproteobacteria","Pseudomonadales","Pseudomonadaceae","Pseudomonas_E","",15,"Bay","M"
"34",28,29,21,0.135177187736171,0.0550217391304348,0.455946724347826,10.4393190703045,15.39,1.99,6.94068092969547,"Bacteria","Pseudomonadota","Gammaproteobacteria","Pseudomonadales","Pseudomonadaceae","Pseudomonas_E","",15,"Bay","M"
"34",33,29,21,0.42753277823443,0.0749217391304347,0.488260629007609,0.83,5.79,1.99,6.95,"Bacteria","Pseudomonadota","Gammaproteobacteria","Pseudomonadales","Pseudomonadaceae","Pseudomonas_E","",15,"Bay","M"
"34",38,29,21,0,0.000686934782608695,0.0080746259130435,12.7396114608737,4.385,1.99,-6.27961146087373,"Bacteria","Pseudomonadota","Gammaproteobacteria","Pseudomonadales","Pseudomonadaceae","Pseudomonas_E","",15,"Bay","M"
"34",43,29,21,0,0.000369580434782609,0.00463591827173913,17.8767850629577,6.7,1.99,-6.78678506295769,"Bacteria","Pseudomonadota","Gammaproteobacteria","Pseudomonadales","Pseudomonadaceae","Pseudomonas_E","",15,"Bay","M"
"35",15,29,21,0.094859144469209,0.0141277173913044,0.106545913945652,3.21407205329271,12.745,1.99,11.5209279467073,"Bacteria","Pseudomonadota","Gammaproteobacteria","Pseudomonadales","Pseudomonadaceae","Pseudomonas_E","",15,"Bay","M"
"35",23,29,21,0.119761660980507,0.0291054152173913,0.244493059102174,3.43357453595344,10.51,1.99,9.06642546404656,"Bacteria","Pseudomonadota","Gammaproteobacteria","Pseudomonadales","Pseudomonadaceae","Pseudomonas_E","",15,"Bay","M"
"35",28,29,21,0.176379381525734,0.0213,0.185757806195652,5.71211179382805,4.3,1.99,0.577888206171945,"Bacteria","Pseudomonadota","Gammaproteobacteria","Pseudomonadales","Pseudomonadaceae","Pseudomonas_E","",15,"Bay","M"
"35",33,29,21,0.118584173725177,0.0598057391304347,0.624729456770651,4.20022293072131,9.35,1.99,7.13977706927869,"Bacteria","Pseudomonadota","Gammaproteobacteria","Pseudomonadales","Pseudomonadaceae","Pseudomonas_E","",15,"Bay","M"
"35",38,29,21,0.022525361339611,0.0139,0.253625519565218,5.30569469753484,4.3,1.99,0.984305302465156,"Bacteria","Pseudomonadota","Gammaproteobacteria","Pseudomonadales","Pseudomonadaceae","Pseudomonas_E","",15,"Bay","M"
"35",43,29,21,0,0.000237058695652174,0.00329652838478261,-86.5952292496445,10.84,1.99,105.965229249644,"Bacteria","Pseudomonadota","Gammaproteobacteria","Pseudomonadales","Pseudomonadaceae","Pseudomonas_E","",15,"Bay","M"
"36",15,29,21,0.241584527875947,0.0236266521739131,0.0520375003652173,-0.24,13.905,1.99,16.135,"Bacteria","Pseudomonadota","Gammaproteobacteria","Pseudomonadales","Pseudomonadaceae","Pseudomonas_E","",15,"Bay","M"
"36",23,29,21,0.568272968037663,0.201476086956521,1.76832972591304,0.58,4.3,1.99,5.71,"Bacteria","Pseudomonadota","Gammaproteobacteria","Pseudomonadales","Pseudomonadaceae","Pseudomonas_E","",15,"Bay","M"
"36",28,29,21,0.529511777904969,0.135610217391304,1.55851887011956,4.03589388707531,4.715,1.99,2.66910611292469,"Bacteria","Pseudomonadota","Gammaproteobacteria","Pseudomonadales","Pseudomonadaceae","Pseudomonas_E","",15,"Bay","M"
"36",33,29,21,0.282422987540451,0.0929067391304346,0.720082794363043,4.60149380425622,6.535,1.99,3.92350619574378,"Bacteria","Pseudomonadota","Gammaproteobacteria","Pseudomonadales","Pseudomonadaceae","Pseudomonas_E","",15,"Bay","M"
"36",38,29,21,0,0.00172958260869565,0.0299159637173913,27.6888645641359,6.285,1.99,-17.7588645641359,"Bacteria","Pseudomonadota","Gammaproteobacteria","Pseudomonadales","Pseudomonadaceae","Pseudomonas_E","",15,"Bay","M"
"36",43,29,21,0,0.00170994565217391,0.0213024964413043,-8.83034239021439,4.72,1.99,15.5403423902144,"Bacteria","Pseudomonadota","Gammaproteobacteria","Pseudomonadales","Pseudomonadaceae","Pseudomonas_E","",15,"Bay","M"
"37",15,29,21,0.202097149156516,0.0291202173913044,0.207193180989131,4.35616888890959,6.205,1.99,3.83883111109041,"Bacteria","Pseudomonadota","Gammaproteobacteria","Pseudomonadales","Pseudomonadaceae","Pseudomonas_E","",15,"Bay","M"
"37",23,29,21,0.494032875363761,0.144960869565217,1.20893112171087,3.96022765504566,4.3,1.99,2.32977234495434,"Bacteria","Pseudomonadota","Gammaproteobacteria","Pseudomonadales","Pseudomonadaceae","Pseudomonas_E","",15,"Bay","M"
"37",28,29,21,0.699382402765473,0.17691304347826,1.89443083383261,4.89944436857944,4.3,1.99,1.39055563142056,"Bacteria","Pseudomonadota","Gammaproteobacteria","Pseudomonadales","Pseudomonadaceae","Pseudomonas_E","",15,"Bay","M"
"37",33,29,21,0.155280234503765,0.0159021739130435,0.243607494347826,4.41860478364931,4.3,1.99,1.87139521635069,"Bacteria","Pseudomonadota","Gammaproteobacteria","Pseudomonadales","Pseudomonadaceae","Pseudomonas_E","",15,"Bay","M"
"37",38,29,21,0.0165756591225515,0.0221847091304348,0.411846844119565,2.45832594935638,4.3,1.99,3.83167405064362,"Bacteria","Pseudomonadota","Gammaproteobacteria","Pseudomonadales","Pseudomonadaceae","Pseudomonas_E","",15,"Bay","M"
"37",43,29,21,0.0712255191055468,0.0119776086956522,0.218291380869566,4.60390966058516,4.3,1.99,1.68609033941484,"Bacteria","Pseudomonadota","Gammaproteobacteria","Pseudomonadales","Pseudomonadaceae","Pseudomonas_E","",15,"Bay","M"
"38",15,29,21,0.148842453143756,0.0200941086956522,0.0804028949500002,1.34187206044598,9.93,1.99,10.578127939554,"Bacteria","Pseudomonadota","Gammaproteobacteria","Pseudomonadales","Pseudomonadaceae","Pseudomonas_E","Pseudomonas_E migulae_B",15,"Bay","M"
"38",23,29,21,0.401296223657126,0.0873389130434781,0.638231064293478,4.07377484736536,7.775,1.99,5.69122515263464,"Bacteria","Pseudomonadota","Gammaproteobacteria","Pseudomonadales","Pseudomonadaceae","Pseudomonas_E","Pseudomonas_E migulae_B",15,"Bay","M"
"38",28,29,21,0.251895280208286,0.119174347826087,1.13590412402174,8.12025723992636,9.185,1.99,3.05474276007364,"Bacteria","Pseudomonadota","Gammaproteobacteria","Pseudomonadales","Pseudomonadaceae","Pseudomonas_E","Pseudomonas_E migulae_B",15,"Bay","M"
"38",33,29,21,0.109445407603044,0.0157286956521739,0.116337428356522,0.67,4.47,1.99,5.79,"Bacteria","Pseudomonadota","Gammaproteobacteria","Pseudomonadales","Pseudomonadaceae","Pseudomonas_E","Pseudomonas_E migulae_B",15,"Bay","M"
"38",38,29,21,0,2.37152173913043e-06,7.95352717391305e-06,25.4842614561076,4.47,1.99,-19.0242614561076,"Bacteria","Pseudomonadota","Gammaproteobacteria","Pseudomonadales","Pseudomonadaceae","Pseudomonas_E","Pseudomonas_E migulae_B",15,"Bay","M"
"38",43,29,21,0,0.000151088065217391,0.000795723040978262,29.4041844984875,11.09,1.99,-16.3241844984876,"Bacteria","Pseudomonadota","Gammaproteobacteria","Pseudomonadales","Pseudomonadaceae","Pseudomonas_E","Pseudomonas_E migulae_B",15,"Bay","M"
"39",15,29,21,0.277968737986948,0.0392571739130435,0.183129874353261,3.95535711623021,8.11,1.99,6.14464288376979,"Bacteria","Pseudomonadota","Gammaproteobacteria","Pseudomonadales","Pseudomonadaceae","Pseudomonas_E","Pseudomonas_E neoaurantiaca",15,"Bay","M"
"39",23,29,21,0.581938983985104,0.157654347826087,1.65953195303261,3.80811679735364,4.3,1.99,2.48188320264637,"Bacteria","Pseudomonadota","Gammaproteobacteria","Pseudomonadales","Pseudomonadaceae","Pseudomonas_E","Pseudomonas_E neoaurantiaca",15,"Bay","M"
"39",28,29,21,0.549963147946577,0.210767391304348,2.59571245554348,6.14428957723734,5.79,1.99,1.63571042276266,"Bacteria","Pseudomonadota","Gammaproteobacteria","Pseudomonadales","Pseudomonadaceae","Pseudomonas_E","Pseudomonas_E neoaurantiaca",15,"Bay","M"
"39",33,29,21,0.524637367665343,0.179419565217391,2.4422186345924,8.18655479524762,5.21,1.99,-0.986554795247615,"Bacteria","Pseudomonadota","Gammaproteobacteria","Pseudomonadales","Pseudomonadaceae","Pseudomonas_E","Pseudomonas_E neoaurantiaca",15,"Bay","M"
"39",38,29,21,0.138852586684814,0.0267871739130435,0.319647897173913,4.98032237221688,4.3,1.99,1.30967762778312,"Bacteria","Pseudomonadota","Gammaproteobacteria","Pseudomonadales","Pseudomonadaceae","Pseudomonas_E","Pseudomonas_E neoaurantiaca",15,"Bay","M"
"39",43,29,21,0,0.00560278260869566,0.0689660935869565,25.4400870140851,14.07,1.99,-9.3800870140851,"Bacteria","Pseudomonadota","Gammaproteobacteria","Pseudomonadales","Pseudomonadaceae","Pseudomonas_E","Pseudomonas_E neoaurantiaca",15,"Bay","M"
"40",15,29,21,0.052220452373639,0.0123487173913044,0.0964130398695655,4.0748323463482,15.475,1.99,13.3901676536518,"Bacteria","Pseudomonadota","Gammaproteobacteria","Pseudomonadales","Pseudomonadaceae","Pseudomonas_E","",15,"Bay","M"
"40",23,29,21,0.145460406267968,0.066741304347826,0.403937459021739,4.58628841492631,12.74,1.99,10.1437115850737,"Bacteria","Pseudomonadota","Gammaproteobacteria","Pseudomonadales","Pseudomonadaceae","Pseudomonas_E","",15,"Bay","M"
"40",28,29,21,0.444436586989039,0.0693947826086957,0.457621459195652,0.989754765657578,8.03,1.99,9.0302452343424,"Bacteria","Pseudomonadota","Gammaproteobacteria","Pseudomonadales","Pseudomonadaceae","Pseudomonas_E","",15,"Bay","M"
"40",33,29,21,0.382692977918363,0.0701210869565217,0.385422809497826,0.665,5.625,1.99,6.95,"Bacteria","Pseudomonadota","Gammaproteobacteria","Pseudomonadales","Pseudomonadaceae","Pseudomonas_E","",15,"Bay","M"
"40",38,29,21,0,0.00315108695652174,0.0405914638043479,5.58561546071922,4.3,1.99,0.70438453928078,"Bacteria","Pseudomonadota","Gammaproteobacteria","Pseudomonadales","Pseudomonadaceae","Pseudomonas_E","",15,"Bay","M"
"40",43,29,21,0,0.0020169652173913,0.029450710048913,-27.3995667360238,11.59,1.99,40.9795667360239,"Bacteria","Pseudomonadota","Gammaproteobacteria","Pseudomonadales","Pseudomonadaceae","Pseudomonas_E","",15,"Bay","M"
"41",15,29,21,0.311903226306201,0.109786739130435,0.576573430736957,7.22694736017796,8.28,1.99,3.04305263982203,"Bacteria","Pseudomonadota","Gammaproteobacteria","Pseudomonadales","Pseudomonadaceae","Pseudomonas_E","Pseudomonas_E kilonensis",15,"Bay","M"
"41",23,29,21,0.569110448744162,0.240043478260869,2.53430269355434,6.37294240106323,7.86,1.99,3.47705759893678,"Bacteria","Pseudomonadota","Gammaproteobacteria","Pseudomonadales","Pseudomonadaceae","Pseudomonas_E","Pseudomonas_E kilonensis",15,"Bay","M"
"41",28,29,21,0.628674324492607,0.187182608695652,2.24458684129348,7.55675893586474,4.3,1.99,-1.26675893586473,"Bacteria","Pseudomonadota","Gammaproteobacteria","Pseudomonadales","Pseudomonadaceae","Pseudomonas_E","Pseudomonas_E kilonensis",15,"Bay","M"
"41",33,29,21,0.47236460119199,0.134910869565217,1.52991576354565,4.92089347442191,4.55,1.99,1.61910652557809,"Bacteria","Pseudomonadota","Gammaproteobacteria","Pseudomonadales","Pseudomonadaceae","Pseudomonas_E","Pseudomonas_E kilonensis",15,"Bay","M"
"41",38,29,21,0,0.00152543152173913,0.0239292815434783,2.05153238534619,7.53,1.99,7.46846761465381,"Bacteria","Pseudomonadota","Gammaproteobacteria","Pseudomonadales","Pseudomonadaceae","Pseudomonas_E","Pseudomonas_E kilonensis",15,"Bay","M"
"41",43,29,21,0,0.00857761521739132,0.148518146630435,-1.16683465275472,11.75,1.99,14.9068346527547,"Bacteria","Pseudomonadota","Gammaproteobacteria","Pseudomonadales","Pseudomonadaceae","Pseudomonas_E","Pseudomonas_E kilonensis",15,"Bay","M"
"42",15,29,21,0.408140722834378,0.211741086956522,1.28422437073696,5.3514881835156,12.08,1.99,8.71851181648438,"Bacteria","Pseudomonadota","Gammaproteobacteria","Pseudomonadales","Pseudomonadaceae","Pseudomonas_E","Pseudomonas_E viridiflava_D",15,"Bay","B"
"42",23,29,21,0.567305449964549,0.304634782608696,3.11405045028261,8.35920571360014,4.3,1.99,-2.06920571360014,"Bacteria","Pseudomonadota","Gammaproteobacteria","Pseudomonadales","Pseudomonadaceae","Pseudomonas_E","Pseudomonas_E viridiflava_D",15,"Bay","B"
"42",28,29,21,0.647785650515785,0.287991304347826,3.489131261125,7.48453223949528,4.3,1.99,-1.19453223949529,"Bacteria","Pseudomonadota","Gammaproteobacteria","Pseudomonadales","Pseudomonadaceae","Pseudomonas_E","Pseudomonas_E viridiflava_D",15,"Bay","B"
"42",33,29,21,0,0.0004118,0.00441442594456522,4.16688362246341,9.77,1.99,7.59311637753659,"Bacteria","Pseudomonadota","Gammaproteobacteria","Pseudomonadales","Pseudomonadaceae","Pseudomonas_E","Pseudomonas_E viridiflava_D",15,"Bay","B"
"42",38,29,21,0,0.00275958260869565,0.0193204407391304,4.34768801659346,12.08,1.99,17.5023119834065,"Bacteria","Pseudomonadota","Gammaproteobacteria","Pseudomonadales","Pseudomonadaceae","Pseudomonas_E","Pseudomonas_E viridiflava_D",15,"Bay","B"
"42",43,29,21,0,0.008893,0.132806353369565,-18.6684268260151,14.15,1.99,34.8084268260152,"Bacteria","Pseudomonadota","Gammaproteobacteria","Pseudomonadales","Pseudomonadaceae","Pseudomonas_E","Pseudomonas_E viridiflava_D",15,"Bay","B"
"43",15,29,21,0.429337644593784,0.153723695652174,0.606515824205434,5.95412503428494,7.945,1.99,3.98087496571506,"Bacteria","Pseudomonadota","Gammaproteobacteria","Pseudomonadales","Pseudomonadaceae","Pseudomonas_E","",15,"Bay","B"
"43",23,29,21,0.354185593593831,0.309817391304347,3.15141133645652,9.31660804988718,10.175,1.99,2.84839195011281,"Bacteria","Pseudomonadota","Gammaproteobacteria","Pseudomonadales","Pseudomonadaceae","Pseudomonas_E","",15,"Bay","B"
"43",28,29,21,0.500788695543433,0.191384782608696,2.44551542196739,7.22755852477767,7.28,1.99,2.04244147522233,"Bacteria","Pseudomonadota","Gammaproteobacteria","Pseudomonadales","Pseudomonadaceae","Pseudomonas_E","",15,"Bay","B"
"43",33,29,21,0.26467552615938,0.0817004347826089,0.546809181047826,2.842024898751,4.3,1.99,3.447975101249,"Bacteria","Pseudomonadota","Gammaproteobacteria","Pseudomonadales","Pseudomonadaceae","Pseudomonas_E","",15,"Bay","B"
"43",38,29,21,0,0.00639502173913043,0.0383772564576087,-163.101994609556,11.915,1.99,177.006994609556,"Bacteria","Pseudomonadota","Gammaproteobacteria","Pseudomonadales","Pseudomonadaceae","Pseudomonas_E","",15,"Bay","B"
"43",43,29,21,0,0.00508419565217391,0.0570883552336955,-1.53293967457689,11.175,1.99,14.6979396745769,"Bacteria","Pseudomonadota","Gammaproteobacteria","Pseudomonadales","Pseudomonadaceae","Pseudomonas_E","",15,"Bay","B"
"44",15,29,21,0.573553430953175,0.113447608695652,0.348130360503261,-0.33,10.18,1.99,12.5,"Bacteria","Pseudomonadota","Gammaproteobacteria","Pseudomonadales","Pseudomonadaceae","Pseudomonas_E","Pseudomonas_E sp009764645",15,"Bay","B"
"44",23,29,21,0.614673513670182,0.213297826086957,2.32838411070652,4.93262031310187,6.455,1.99,3.51237968689813,"Bacteria","Pseudomonadota","Gammaproteobacteria","Pseudomonadales","Pseudomonadaceae","Pseudomonas_E","Pseudomonas_E sp009764645",15,"Bay","B"
"44",28,29,21,0.655121187103374,0.178369565217391,2.19216288167391,5.47038314449717,5.045,1.99,1.56461685550283,"Bacteria","Pseudomonadota","Gammaproteobacteria","Pseudomonadales","Pseudomonadaceae","Pseudomonas_E","Pseudomonas_E sp009764645",15,"Bay","B"
"44",33,29,21,0.071041827505025,0.0108534782608695,0.134534647717391,4.43963496738416,4.8,1.99,2.35036503261584,"Bacteria","Pseudomonadota","Gammaproteobacteria","Pseudomonadales","Pseudomonadaceae","Pseudomonas_E","Pseudomonas_E sp009764645",15,"Bay","B"
"44",38,29,21,0,0.00123331739130435,0.0136410166956522,5.91593261055012,12.08,1.99,15.9340673894499,"Bacteria","Pseudomonadota","Gammaproteobacteria","Pseudomonadales","Pseudomonadaceae","Pseudomonas_E","Pseudomonas_E sp009764645",15,"Bay","B"
"44",43,29,21,0,0.0037394347826087,0.0668085175,7.20391998394935,18.37,1.99,13.1560800160506,"Bacteria","Pseudomonadota","Gammaproteobacteria","Pseudomonadales","Pseudomonadaceae","Pseudomonas_E","Pseudomonas_E sp009764645",15,"Bay","B"
"45",15,29,21,0.16744635062155,0.116660695652174,0.452089397336956,3.10224645227436,14.73,1.99,13.6177535477257,"Bacteria","Pseudomonadota","Gammaproteobacteria","Pseudomonadales","Pseudomonadaceae","Pseudomonas_E","",15,"Bay","B"
"45",23,29,21,0.68647276788052,0.255967391304348,2.43149305757174,9.38770745496429,8.19,1.99,0.792292545035726,"Bacteria","Pseudomonadota","Gammaproteobacteria","Pseudomonadales","Pseudomonadaceae","Pseudomonas_E","",15,"Bay","B"
"45",28,29,21,0.75726985467121,0.177584782608696,1.8469110295,2.38940219144459,5.295,1.99,4.8955978085554,"Bacteria","Pseudomonadota","Gammaproteobacteria","Pseudomonadales","Pseudomonadaceae","Pseudomonas_E","",15,"Bay","B"
"45",33,29,21,0,0.00328,0.0444090116304348,8.23601602834724,10.76,1.99,4.51398397165276,"Bacteria","Pseudomonadota","Gammaproteobacteria","Pseudomonadales","Pseudomonadaceae","Pseudomonas_E","",15,"Bay","B"
"45",38,29,21,0,0.000903997826086958,0.0106169288804348,3.28876031543333,11.835,1.99,18.0712396845667,"Bacteria","Pseudomonadota","Gammaproteobacteria","Pseudomonadales","Pseudomonadaceae","Pseudomonas_E","",15,"Bay","B"
"45",43,29,21,0,0.00125173913043478,0.0183071645760869,21.6977391326384,13.99,1.99,-5.71773913263835,"Bacteria","Pseudomonadota","Gammaproteobacteria","Pseudomonadales","Pseudomonadaceae","Pseudomonas_E","",15,"Bay","B"
"46",15,29,21,0.230870632672336,0.138849782608696,0.767552199456524,7.22595994789871,15.39,1.99,10.1540400521013,"Bacteria","Pseudomonadota","Gammaproteobacteria","Pseudomonadales","Pseudomonadaceae","Pseudomonas_E","",15,"Bay","B"
"46",23,29,21,0.614266461697227,0.271645652173913,2.71549531628261,5.39347111321742,4.3,1.99,0.89652888678258,"Bacteria","Pseudomonadota","Gammaproteobacteria","Pseudomonadales","Pseudomonadaceae","Pseudomonas_E","",15,"Bay","B"
"46",28,29,21,0.6037096152334,0.159510869565217,1.52379531245652,3.66834890643852,4.8,1.99,3.12165109356148,"Bacteria","Pseudomonadota","Gammaproteobacteria","Pseudomonadales","Pseudomonadaceae","Pseudomonas_E","",15,"Bay","B"
"46",33,29,21,0,0.00316486304347826,0.0270767151456522,3.02357269333672,12.33,1.99,11.2964273066633,"Bacteria","Pseudomonadota","Gammaproteobacteria","Pseudomonadales","Pseudomonadaceae","Pseudomonas_E","",15,"Bay","B"
"46",38,29,21,0.05440873176557,0.00939945826086958,0.121430656257609,1.03275000866142,4.3,1.99,5.25724999133857,"Bacteria","Pseudomonadota","Gammaproteobacteria","Pseudomonadales","Pseudomonadaceae","Pseudomonas_E","",15,"Bay","B"
"46",43,29,21,0,0.00084477391304348,0.0126824146257609,333.849471758581,9.52,1.99,-322.339471758581,"Bacteria","Pseudomonadota","Gammaproteobacteria","Pseudomonadales","Pseudomonadaceae","Pseudomonas_E","",15,"Bay","B"
"47",15,29,21,0.226218912742753,0.113708565217392,0.394999522529348,-0.325,10.015,1.99,12.33,"Bacteria","Pseudomonadota","Gammaproteobacteria","Pseudomonadales","Pseudomonadaceae","Pseudomonas_E","",15,"Bay","B"
"47",23,29,21,0.589810978485857,0.270891304347826,2.65501866818478,2.70303301223844,4.3,1.99,3.58696698776156,"Bacteria","Pseudomonadota","Gammaproteobacteria","Pseudomonadales","Pseudomonadaceae","Pseudomonas_E","",15,"Bay","B"
"47",28,29,21,0.614582984984477,0.18085652173913,2.24984180921739,6.46458495263356,4.3,1.99,-0.174584952633562,"Bacteria","Pseudomonadota","Gammaproteobacteria","Pseudomonadales","Pseudomonadaceae","Pseudomonas_E","",15,"Bay","B"
"47",33,29,21,0.427050941547364,0.0991506521739131,0.448178037706522,0.58,6.7,1.99,8.11,"Bacteria","Pseudomonadota","Gammaproteobacteria","Pseudomonadales","Pseudomonadaceae","Pseudomonas_E","",15,"Bay","B"
"47",38,29,21,0,1.53158695652174e-05,6.7635775e-05,6.16106894381974,8.19,1.99,7.90893105618026,"Bacteria","Pseudomonadota","Gammaproteobacteria","Pseudomonadales","Pseudomonadaceae","Pseudomonas_E","",15,"Bay","B"
"47",43,29,21,0.220100747155792,0.0170202173913044,0.059490871608913,3.65548243146879,9.35,1.99,12.7345175685312,"Bacteria","Pseudomonadota","Gammaproteobacteria","Pseudomonadales","Pseudomonadaceae","Pseudomonas_E","",15,"Bay","B"
"48",15,29,21,0.417207157708741,0.177437608695652,1.08143074381522,4.01871375143378,7.035,1.99,5.00628624856621,"Bacteria","Pseudomonadota","Gammaproteobacteria","Pseudomonadales","Pseudomonadaceae","Pseudomonas_E","Pseudomonas_E viridiflava_D",15,"Bay","B"
"48",23,29,21,0.574869285959179,0.377676086956522,3.83016138022826,3.66144547225802,6.535,1.99,4.86355452774198,"Bacteria","Pseudomonadota","Gammaproteobacteria","Pseudomonadales","Pseudomonadaceae","Pseudomonas_E","Pseudomonas_E viridiflava_D",15,"Bay","B"
"48",28,29,21,0.583562207880923,0.246034782608695,2.8431183823913,2.84826473322298,5.79,1.99,4.93173526677702,"Bacteria","Pseudomonadota","Gammaproteobacteria","Pseudomonadales","Pseudomonadaceae","Pseudomonas_E","Pseudomonas_E viridiflava_D",15,"Bay","B"
"48",33,29,21,0.129417522695615,0.0134926086956522,0.0523078515836955,7.87648898308964,5.545,1.99,0.90351101691036,"Bacteria","Pseudomonadota","Gammaproteobacteria","Pseudomonadales","Pseudomonadaceae","Pseudomonas_E","Pseudomonas_E viridiflava_D",15,"Bay","B"
"48",38,29,21,0,0.00330054347826087,0.0381407211956521,0.693928279471344,12.08,1.99,21.1560717205287,"Bacteria","Pseudomonadota","Gammaproteobacteria","Pseudomonadales","Pseudomonadaceae","Pseudomonas_E","Pseudomonas_E viridiflava_D",15,"Bay","B"
"48",43,29,21,0,0.00710408695652173,0.101095864130435,34.5326668524373,16.22,1.99,-16.3226668524373,"Bacteria","Pseudomonadota","Gammaproteobacteria","Pseudomonadales","Pseudomonadaceae","Pseudomonas_E","Pseudomonas_E viridiflava_D",15,"Bay","B"
"49",15,29,21,0,0.0158116776086957,0.0261889700565217,-0.245000000000001,15.64,1.99,17.875,"Bacteria","Pseudomonadota","Gammaproteobacteria","Pseudomonadales","Pseudomonadaceae","Pseudomonas_E","Pseudomonas_E paracarnis",15,"Bay","B"
"49",23,29,21,0.627297385607946,0.155613043478261,1.41706504140217,0.58,4.55,1.99,5.96,"Bacteria","Pseudomonadota","Gammaproteobacteria","Pseudomonadales","Pseudomonadaceae","Pseudomonas_E","Pseudomonas_E paracarnis",15,"Bay","B"
"49",28,29,21,0.623797401594602,0.188741304347826,2.3841143775,3.74674129343683,5.955,1.99,4.19825870656317,"Bacteria","Pseudomonadota","Gammaproteobacteria","Pseudomonadales","Pseudomonadaceae","Pseudomonas_E","Pseudomonas_E paracarnis",15,"Bay","B"
"49",33,29,21,0.620397555620979,0.153141304347826,1.666326405775,2.91499186684001,5.295,1.99,4.37000813315998,"Bacteria","Pseudomonadota","Gammaproteobacteria","Pseudomonadales","Pseudomonadaceae","Pseudomonas_E","Pseudomonas_E paracarnis",15,"Bay","B"
"49",38,29,21,0,0.00166026826086956,0.0247373171391304,6.4625718424713,4.385,1.99,-0.087571842471295,"Bacteria","Pseudomonadota","Gammaproteobacteria","Pseudomonadales","Pseudomonadaceae","Pseudomonas_E","Pseudomonas_E paracarnis",15,"Bay","B"
"49",43,29,21,0,0.00306819565217391,0.0549799305434783,4.07806370837371,6.87,1.99,4.78193629162629,"Bacteria","Pseudomonadota","Gammaproteobacteria","Pseudomonadales","Pseudomonadaceae","Pseudomonas_E","Pseudomonas_E paracarnis",15,"Bay","B"
"50",15,29,21,0.367637710042165,0.209370217391305,1.28624935061304,5.82102183201956,9.845,1.99,6.01397816798044,"Bacteria","Pseudomonadota","Gammaproteobacteria","Pseudomonadales","Pseudomonadaceae","Pseudomonas_E","Pseudomonas_E viridiflava_D",15,"Bay","B"
"50",23,29,21,0.642797136390586,0.329373913043478,3.34670582165217,1.82,4.3,1.99,4.47,"Bacteria","Pseudomonadota","Gammaproteobacteria","Pseudomonadales","Pseudomonadaceae","Pseudomonas_E","Pseudomonas_E viridiflava_D",15,"Bay","B"
"50",28,29,21,0.581923860027023,0.279430434782609,3.30398042891304,6.47619474490976,7.695,1.99,3.20880525509024,"Bacteria","Pseudomonadota","Gammaproteobacteria","Pseudomonadales","Pseudomonadaceae","Pseudomonas_E","Pseudomonas_E viridiflava_D",15,"Bay","B"
"50",33,29,21,0,0.00366685652173913,0.0464642538260869,6.19358025090305,15.225,1.99,11.021419749097,"Bacteria","Pseudomonadota","Gammaproteobacteria","Pseudomonadales","Pseudomonadaceae","Pseudomonas_E","Pseudomonas_E viridiflava_D",15,"Bay","B"
"50",38,29,21,0,0.0095178260869565,0.0874177023913045,-19.8797311216973,15.56,1.99,37.4297311216973,"Bacteria","Pseudomonadota","Gammaproteobacteria","Pseudomonadales","Pseudomonadaceae","Pseudomonas_E","Pseudomonas_E viridiflava_D",15,"Bay","B"
"50",43,29,21,0,0.00617989130434782,0.0849062384782607,-4.46211707672585,16.385,1.99,22.8371170767258,"Bacteria","Pseudomonadota","Gammaproteobacteria","Pseudomonadales","Pseudomonadaceae","Pseudomonas_E","Pseudomonas_E viridiflava_D",15,"Bay","B"
"51",15,29,21,0.274879446599539,0.105367,0.456339793945652,1.68924922318543,11.665,1.99,11.9657507768146,"Bacteria","Pseudomonadota","Gammaproteobacteria","Pseudomonadales","Pseudomonadaceae","Pseudomonas_E","Pseudomonas_E sp002878485",15,"Bay","P"
"51",23,29,21,0.474873276296905,0.310115217391304,3.12014777539348,4.39934669248609,5.625,1.99,3.21565330751391,"Bacteria","Pseudomonadota","Gammaproteobacteria","Pseudomonadales","Pseudomonadaceae","Pseudomonas_E","Pseudomonas_E sp002878485",15,"Bay","P"
"51",28,29,21,0.650842357904825,0.232526086956521,2.86183167303261,5.107250090734,4.715,1.99,1.597749909266,"Bacteria","Pseudomonadota","Gammaproteobacteria","Pseudomonadales","Pseudomonadaceae","Pseudomonas_E","Pseudomonas_E sp002878485",15,"Bay","P"
"51",33,29,21,0.39147037314639,0.112325,0.907707730402173,8.75267424439054,5.625,1.99,-1.13767424439055,"Bacteria","Pseudomonadota","Gammaproteobacteria","Pseudomonadales","Pseudomonadaceae","Pseudomonas_E","Pseudomonas_E sp002878485",15,"Bay","P"
"51",38,29,21,0,0.00363367391304348,0.0384615013278261,192.056259718796,4.3,1.99,-185.766259718797,"Bacteria","Pseudomonadota","Gammaproteobacteria","Pseudomonadales","Pseudomonadaceae","Pseudomonas_E","Pseudomonas_E sp002878485",15,"Bay","P"
"51",43,29,21,0,0.00217480434782609,0.0367187892391305,18.6902314657786,5.13,1.99,-11.5702314657786,"Bacteria","Pseudomonadota","Gammaproteobacteria","Pseudomonadales","Pseudomonadaceae","Pseudomonas_E","Pseudomonas_E sp002878485",15,"Bay","P"
"52",15,29,21,0.063813941370652,0.0175469347826087,0.13675247526413,2.53667181739879,7.86,1.99,7.31332818260121,"Bacteria","Pseudomonadota","Gammaproteobacteria","Pseudomonadales","Pseudomonadaceae","Pseudomonas_E","Pseudomonas_E sp002878485",15,"Bay","P"
"52",23,29,21,0.472709201357871,0.281584782608696,2.02057511733152,10.6250906367584,4.3,1.99,-4.33509063675835,"Bacteria","Pseudomonadota","Gammaproteobacteria","Pseudomonadales","Pseudomonadaceae","Pseudomonas_E","Pseudomonas_E sp002878485",15,"Bay","P"
"52",28,29,21,0.550395808186163,0.251906521739131,2.78579571884783,4.47494016302316,6.37,1.99,3.88505983697684,"Bacteria","Pseudomonadota","Gammaproteobacteria","Pseudomonadales","Pseudomonadaceae","Pseudomonas_E","Pseudomonas_E sp002878485",15,"Bay","P"
"52",33,29,21,0.309990530123983,0.0798197826086956,0.648385699456521,2.80433631573763,5.625,1.99,4.81066368426237,"Bacteria","Pseudomonadota","Gammaproteobacteria","Pseudomonadales","Pseudomonadaceae","Pseudomonas_E","Pseudomonas_E sp002878485",15,"Bay","P"
"52",38,29,21,0,0.00079021739130435,0.0123771743586957,4.21464038767193,4.465,1.99,2.40535961232807,"Bacteria","Pseudomonadota","Gammaproteobacteria","Pseudomonadales","Pseudomonadaceae","Pseudomonas_E","Pseudomonas_E sp002878485",15,"Bay","P"
"52",43,29,21,0,0.00422129347826087,0.0705701471304346,-45.2141436189915,13.24,1.99,60.4441436189916,"Bacteria","Pseudomonadota","Gammaproteobacteria","Pseudomonadales","Pseudomonadaceae","Pseudomonas_E","Pseudomonas_E sp002878485",15,"Bay","P"
"53",15,29,21,0.0589564189630695,0.0323467086956521,0.21551423121087,4.07831766740388,18.95,1.99,16.8616823325961,"Bacteria","Pseudomonadota","Gammaproteobacteria","Pseudomonadales","Pseudomonadaceae","Pseudomonas_E","Pseudomonas_E shirazensis",15,"Bay","P"
"53",23,29,21,0.458505777755908,0.138569565217391,1.28684230948913,7.57760703921084,8.69,1.99,3.10239296078916,"Bacteria","Pseudomonadota","Gammaproteobacteria","Pseudomonadales","Pseudomonadaceae","Pseudomonas_E","Pseudomonas_E shirazensis",15,"Bay","P"
"53",28,29,21,0.515500416730409,0.108943913043478,1.29425679365217,4.98456135254843,4.55,1.99,1.55543864745157,"Bacteria","Pseudomonadota","Gammaproteobacteria","Pseudomonadales","Pseudomonadaceae","Pseudomonas_E","Pseudomonas_E shirazensis",15,"Bay","P"
"53",33,29,21,0.392194729283487,0.0870089130434782,1.29136911092391,4.79742596116097,5.625,1.99,2.81757403883903,"Bacteria","Pseudomonadota","Gammaproteobacteria","Pseudomonadales","Pseudomonadaceae","Pseudomonas_E","Pseudomonas_E shirazensis",15,"Bay","P"
"53",38,29,21,0,0.00221410434782609,0.029177892673913,-25.380308579626,8.19,1.99,35.5603085796259,"Bacteria","Pseudomonadota","Gammaproteobacteria","Pseudomonadales","Pseudomonadaceae","Pseudomonas_E","Pseudomonas_E shirazensis",15,"Bay","P"
"53",43,29,21,0,0.00997906521739128,0.100403931956522,-4.67993131161935,12.085,1.99,18.7549313116193,"Bacteria","Pseudomonadota","Gammaproteobacteria","Pseudomonadales","Pseudomonadaceae","Pseudomonas_E","Pseudomonas_E shirazensis",15,"Bay","P"
"54",15,29,21,0,0.0154687804347826,0.0689094136283696,3.82775305826009,11.67,1.99,9.83224694173991,"Bacteria","Pseudomonadota","Gammaproteobacteria","Pseudomonadales","Pseudomonadaceae","Pseudomonas_E","Pseudomonas_E shirazensis",15,"Bay","P"
"54",23,29,21,0.449665476944712,0.182956521739131,1.57120990845652,2.67378440096322,6.865,1.99,6.18121559903678,"Bacteria","Pseudomonadota","Gammaproteobacteria","Pseudomonadales","Pseudomonadaceae","Pseudomonas_E","Pseudomonas_E shirazensis",15,"Bay","P"
"54",28,29,21,0.48514411678272,0.170486956521739,1.73572702771413,6.77774430356301,7.78,1.99,2.99225569643699,"Bacteria","Pseudomonadota","Gammaproteobacteria","Pseudomonadales","Pseudomonadaceae","Pseudomonas_E","Pseudomonas_E shirazensis",15,"Bay","P"
"54",33,29,21,0.504434275156773,0.0763126086956522,1.13333894902174,5.92028866055896,4.635,1.99,0.70471133944104,"Bacteria","Pseudomonadota","Gammaproteobacteria","Pseudomonadales","Pseudomonadaceae","Pseudomonas_E","Pseudomonas_E shirazensis",15,"Bay","P"
"54",38,29,21,0,0.00388360869565217,0.0353236832641304,-22.3237943487485,5.13,1.99,29.4437943487485,"Bacteria","Pseudomonadota","Gammaproteobacteria","Pseudomonadales","Pseudomonadaceae","Pseudomonas_E","Pseudomonas_E shirazensis",15,"Bay","P"
"54",43,29,21,0,0.00641041304347826,0.104391365326087,-8.46399695330357,15.64,1.99,26.0939969533036,"Bacteria","Pseudomonadota","Gammaproteobacteria","Pseudomonadales","Pseudomonadaceae","Pseudomonas_E","Pseudomonas_E shirazensis",15,"Bay","P"
"55",15,29,21,0.17478726365211,0.0202325717391304,0.0742363236706521,-0.117273310397748,10.76,1.99,12.8672733103977,"Bacteria","Pseudomonadota","Gammaproteobacteria","Pseudomonadales","Pseudomonadaceae","Pseudomonas_E","Pseudomonas_E fluorescens_G",15,"Bay","P"
"55",23,29,21,0.419647053398825,0.192126086956522,1.57531129413044,2.07719774591677,6.535,1.99,6.44780225408322,"Bacteria","Pseudomonadota","Gammaproteobacteria","Pseudomonadales","Pseudomonadaceae","Pseudomonas_E","Pseudomonas_E fluorescens_G",15,"Bay","P"
"55",28,29,21,0.517503053274085,0.176047826086956,1.8090443238587,3.00451799086026,5.295,1.99,4.28048200913975,"Bacteria","Pseudomonadota","Gammaproteobacteria","Pseudomonadales","Pseudomonadaceae","Pseudomonas_E","Pseudomonas_E fluorescens_G",15,"Bay","P"
"55",33,29,21,0.536307862852991,0.217526086956521,1.79536693041305,2.6726789833899,4.3,1.99,3.6173210166101,"Bacteria","Pseudomonadota","Gammaproteobacteria","Pseudomonadales","Pseudomonadaceae","Pseudomonas_E","Pseudomonas_E fluorescens_G",15,"Bay","P"
"55",38,29,21,0,0.00525197826086957,0.0232890548260869,-20.8260709696797,8.19,1.99,34.8960709696797,"Bacteria","Pseudomonadota","Gammaproteobacteria","Pseudomonadales","Pseudomonadaceae","Pseudomonas_E","Pseudomonas_E fluorescens_G",15,"Bay","P"
"55",43,29,21,0,0.00322780434782609,0.050469169673913,-1.12167815964869,12.33,1.99,15.4416781596487,"Bacteria","Pseudomonadota","Gammaproteobacteria","Pseudomonadales","Pseudomonadaceae","Pseudomonas_E","Pseudomonas_E fluorescens_G",15,"Bay","P"
"56",15,29,21,0.254610394516226,0.0285832608695652,0.171203089576087,8.19532338405348,18.54,1.99,12.3346766159465,"Bacteria","Pseudomonadota","Gammaproteobacteria","Pseudomonadales","Pseudomonadaceae","Pseudomonas_E","",15,"Bay","P"
"56",23,29,21,0.421854406282417,0.106398043478261,0.548809429347826,3.56743692904052,6.12,1.99,4.54256307095948,"Bacteria","Pseudomonadota","Gammaproteobacteria","Pseudomonadales","Pseudomonadaceae","Pseudomonas_E","",15,"Bay","P"
"56",28,29,21,0.315052568026934,0.181032608695652,1.43465613976087,9.24849551674039,8.355,1.99,1.09650448325961,"Bacteria","Pseudomonadota","Gammaproteobacteria","Pseudomonadales","Pseudomonadaceae","Pseudomonas_E","",15,"Bay","P"
"56",33,29,21,0.255599272428481,0.0382330434782609,0.176971586521739,12.1684000306356,19.86,1.99,9.68159996936442,"Bacteria","Pseudomonadota","Gammaproteobacteria","Pseudomonadales","Pseudomonadaceae","Pseudomonas_E","",15,"Bay","P"
"56",38,29,21,0,0.00110749869565218,0.0133043876434783,25.6628515245498,4.8,1.99,-18.8728515245498,"Bacteria","Pseudomonadota","Gammaproteobacteria","Pseudomonadales","Pseudomonadaceae","Pseudomonas_E","",15,"Bay","P"
"56",43,29,21,0.058248004272302,0.00901328260869567,0.104235046195652,5.72811791164738,13.575,1.99,9.83688208835261,"Bacteria","Pseudomonadota","Gammaproteobacteria","Pseudomonadales","Pseudomonadaceae","Pseudomonas_E","",15,"Bay","P"
"57",15,29,21,0.399989474714211,0.147691086956522,0.783010261130435,1.93145032550602,8.775,1.99,8.83354967449397,"Bacteria","Pseudomonadota","Gammaproteobacteria","Pseudomonadales","Pseudomonadaceae","Pseudomonas_E","Pseudomonas_E sp002843605",15,"Bay","P"
"57",23,29,21,0.665841548881069,0.262295652173913,2.88593733873152,2.72065135870688,4.55,1.99,3.81934864129312,"Bacteria","Pseudomonadota","Gammaproteobacteria","Pseudomonadales","Pseudomonadaceae","Pseudomonas_E","Pseudomonas_E sp002843605",15,"Bay","P"
"57",28,29,21,0.577860536190191,0.204493478260869,2.67561091172826,5.16430522680251,5.46,1.99,2.28569477319749,"Bacteria","Pseudomonadota","Gammaproteobacteria","Pseudomonadales","Pseudomonadaceae","Pseudomonas_E","Pseudomonas_E sp002843605",15,"Bay","P"
"57",33,29,21,0,0.00312904347826087,0.0327971881282609,4.54469361352271,5.13,1.99,2.57530638647729,"Bacteria","Pseudomonadota","Gammaproteobacteria","Pseudomonadales","Pseudomonadaceae","Pseudomonas_E","Pseudomonas_E sp002843605",15,"Bay","P"
"57",38,29,21,0,0.000840014521739131,0.0108603210082609,-32.0839341444844,5.295,1.99,40.3639341444844,"Bacteria","Pseudomonadota","Gammaproteobacteria","Pseudomonadales","Pseudomonadaceae","Pseudomonas_E","Pseudomonas_E sp002843605",15,"Bay","P"
"57",43,29,21,0,0.00447206521739131,0.0697999196739131,-6.93648835780558,16.55,1.99,25.4764883578056,"Bacteria","Pseudomonadota","Gammaproteobacteria","Pseudomonadales","Pseudomonadaceae","Pseudomonas_E","Pseudomonas_E sp002843605",15,"Bay","P"
"59",13,29,21,0.186012336749968,0.101029347826087,0.537675579194566,6.01721828494718,4.3,1.99,0.272781715052823,"Bacteria","Pseudomonadota","Gammaproteobacteria","Enterobacterales","Enterobacteriaceae","Serratia_J","Serratia_J quinivorans",15,"Bay","P"
"59",15,29,21,0.24189211266116,0.06723,0.344616913391304,9.70432679879397,14.4,1.99,6.68567320120603,"Bacteria","Pseudomonadota","Gammaproteobacteria","Enterobacterales","Enterobacteriaceae","Serratia_J","Serratia_J quinivorans",15,"Bay","P"
"59",19,29,21,0.300952380531033,0.123330434782609,1.12082162473913,7.87323809005273,7.94,1.99,2.05676190994727,"Bacteria","Pseudomonadota","Gammaproteobacteria","Enterobacterales","Enterobacteriaceae","Serratia_J","Serratia_J quinivorans",15,"Bay","P"
"59",21,29,21,0.14760020720554,0.2755,3.05705466304348,5.44501991782998,4.3,1.99,0.844980082170015,"Bacteria","Pseudomonadota","Gammaproteobacteria","Enterobacterales","Enterobacteriaceae","Serratia_J","Serratia_J quinivorans",15,"Bay","P"
"59",23,29,21,0.525814864723769,0.392817391304347,3.25479144503587,6.62556681160565,4.3,1.99,-0.33556681160565,"Bacteria","Pseudomonadota","Gammaproteobacteria","Enterobacterales","Enterobacteriaceae","Serratia_J","Serratia_J quinivorans",15,"Bay","P"
"59",28,29,21,0.615960781380151,0.34871304347826,3.35696121545652,7.68383753259222,4.3,1.99,-1.39383753259222,"Bacteria","Pseudomonadota","Gammaproteobacteria","Enterobacterales","Enterobacteriaceae","Serratia_J","Serratia_J quinivorans",15,"Bay","P"
"59",33,29,21,0.410147937564733,0.309593478260869,1.72267531298913,5.64261801297774,7.28,1.99,3.62738198702225,"Bacteria","Pseudomonadota","Gammaproteobacteria","Enterobacterales","Enterobacteriaceae","Serratia_J","Serratia_J quinivorans",15,"Bay","P"
"59",35,29,21,0,0.00178977541304348,0.0166231654966304,3.61028511366927,7.115,1.99,5.49471488633073,"Bacteria","Pseudomonadota","Gammaproteobacteria","Enterobacterales","Enterobacteriaceae","Serratia_J","Serratia_J quinivorans",15,"Bay","P"
"59",37,29,21,0.0147966107011864,0.0184723189565217,0.172017410911739,4.24783427909218,12.74,1.99,10.4821657209078,"Bacteria","Pseudomonadota","Gammaproteobacteria","Enterobacterales","Enterobacteriaceae","Serratia_J","Serratia_J quinivorans",15,"Bay","P"
"59",38,29,21,0,0.000876193260869563,0.0108180296423913,12.3082394753956,4.3,1.99,-6.0182394753956,"Bacteria","Pseudomonadota","Gammaproteobacteria","Enterobacterales","Enterobacteriaceae","Serratia_J","Serratia_J quinivorans",15,"Bay","P"
"59",40,29,21,0,0.00174590593478261,0.013902629366413,12.3741292771662,4.385,1.99,-5.99912927716623,"Bacteria","Pseudomonadota","Gammaproteobacteria","Enterobacterales","Enterobacteriaceae","Serratia_J","Serratia_J quinivorans",15,"Bay","P"
"59",42,29,21,0,0.00680601465217391,0.0502092491886957,-308.775301453448,4.3,1.99,315.065301453448,"Bacteria","Pseudomonadota","Gammaproteobacteria","Enterobacterales","Enterobacteriaceae","Serratia_J","Serratia_J quinivorans",15,"Bay","P"
"59",43,29,21,0,0.0015668847826087,0.0161748863773913,-8.24984630001718,10.59,1.99,20.8298463000172,"Bacteria","Pseudomonadota","Gammaproteobacteria","Enterobacterales","Enterobacteriaceae","Serratia_J","Serratia_J quinivorans",15,"Bay","P"
"60",15,29,21,0,0.00976113043478261,0.0603159691304348,5.56768146095803,4.3,1.99,0.722318539041969,"Bacteria","Pseudomonadota","Gammaproteobacteria","Pseudomonadales","Pseudomonadaceae","Pseudomonas_E","",25,"Bay","J"
"60",23,29,21,0.245531780084219,0.114430434782609,0.874687175217391,7.80448829854342,7.94,1.99,2.12551170145658,"Bacteria","Pseudomonadota","Gammaproteobacteria","Pseudomonadales","Pseudomonadaceae","Pseudomonas_E","",25,"Bay","J"
"60",28,29,21,0.24477643579502,0.134130434782609,1.11593795173913,5.99937984687518,6.95,1.99,2.94062015312482,"Bacteria","Pseudomonadota","Gammaproteobacteria","Pseudomonadales","Pseudomonadaceae","Pseudomonas_E","",25,"Bay","J"
"60",33,29,21,0.240933039225069,0.108661304347826,0.930961997391304,5.74223552043889,9.1,1.99,5.34776447956111,"Bacteria","Pseudomonadota","Gammaproteobacteria","Pseudomonadales","Pseudomonadaceae","Pseudomonas_E","",25,"Bay","J"
"60",38,29,21,0,0.00215134782608696,0.0282996489130435,-21.1050013261672,11.75,1.99,34.8450013261672,"Bacteria","Pseudomonadota","Gammaproteobacteria","Pseudomonadales","Pseudomonadaceae","Pseudomonas_E","",25,"Bay","J"
"60",43,29,21,0,0.000466795652173913,0.00633768,15.5521590191598,19.86,1.99,6.29784098084022,"Bacteria","Pseudomonadota","Gammaproteobacteria","Pseudomonadales","Pseudomonadaceae","Pseudomonas_E","",25,"Bay","J"
"61",15,29,21,0,0.00969139130434783,0.135235833782609,11.9813481634936,4.3,1.99,-5.69134816349358,"Bacteria","Pseudomonadota","Gammaproteobacteria","Pseudomonadales","Pseudomonadaceae","Pseudomonas_E","Pseudomonas_E seleniipraecipitans",25,"Bay","J"
"61",23,29,21,0,0.0127530434782609,0.093197463156087,5.28052069984425,4.3,1.99,1.00947930015575,"Bacteria","Pseudomonadota","Gammaproteobacteria","Pseudomonadales","Pseudomonadaceae","Pseudomonas_E","Pseudomonas_E seleniipraecipitans",25,"Bay","J"
"61",28,29,21,0.106365170163293,0.0590913043478261,0.494916739565217,10.6620290032677,11.42,1.99,2.74797099673229,"Bacteria","Pseudomonadota","Gammaproteobacteria","Pseudomonadales","Pseudomonadaceae","Pseudomonas_E","Pseudomonas_E seleniipraecipitans",25,"Bay","J"
"61",33,29,21,0.175876702239955,0.105024347826087,0.916316215434783,9.45428272760918,9.43,1.99,1.96571727239082,"Bacteria","Pseudomonadota","Gammaproteobacteria","Pseudomonadales","Pseudomonadaceae","Pseudomonas_E","Pseudomonas_E seleniipraecipitans",25,"Bay","J"
"61",38,29,21,0,0.00497308695652174,0.0839533010869565,29.4254066470911,8.11,1.99,-19.3254066470911,"Bacteria","Pseudomonadota","Gammaproteobacteria","Pseudomonadales","Pseudomonadaceae","Pseudomonas_E","Pseudomonas_E seleniipraecipitans",25,"Bay","J"
"61",43,29,21,0,0.00255552173913043,0.0442963263043478,8.18914985765398,4.97,1.99,-1.22914985765398,"Bacteria","Pseudomonadota","Gammaproteobacteria","Pseudomonadales","Pseudomonadaceae","Pseudomonas_E","Pseudomonas_E seleniipraecipitans",25,"Bay","J"
"62",15,29,21,0.309747110629562,0.265165217391304,1.66339108876087,5.95356004551836,4.3,1.99,0.336439954481639,"Bacteria","Pseudomonadota","Gammaproteobacteria","Enterobacterales","Enterobacteriaceae","Enterobacter","Enterobacter mori",25,"Bay","J"
"62",23,29,21,0.406834158539299,0.198034782608696,2.83077506652174,4.82980325926769,4.3,1.99,1.46019674073231,"Bacteria","Pseudomonadota","Gammaproteobacteria","Enterobacterales","Enterobacteriaceae","Enterobacter","Enterobacter mori",25,"Bay","J"
"62",28,29,21,0.413041159872734,0.294708695652174,3.94034821086957,4.34638518186775,4.3,1.99,1.94361481813225,"Bacteria","Pseudomonadota","Gammaproteobacteria","Enterobacterales","Enterobacteriaceae","Enterobacter","Enterobacter mori",25,"Bay","J"
"62",33,29,21,0.437882735067654,0.334021739130435,5.51998445217391,5.50708600023841,4.3,1.99,0.782913999761593,"Bacteria","Pseudomonadota","Gammaproteobacteria","Enterobacterales","Enterobacteriaceae","Enterobacter","Enterobacter mori",25,"Bay","J"
"62",38,29,21,0.274825492578089,0.226365217391304,1.21881602826087,7.81756791530669,18.37,1.99,12.5424320846933,"Bacteria","Pseudomonadota","Gammaproteobacteria","Enterobacterales","Enterobacteriaceae","Enterobacter","Enterobacter mori",25,"Bay","J"
"62",43,29,21,0.326869969623226,0.0724273913043478,0.603243443913043,6.08379663762916,12.41,1.99,8.31620336237084,"Bacteria","Pseudomonadota","Gammaproteobacteria","Enterobacterales","Enterobacteriaceae","Enterobacter","Enterobacter mori",25,"Bay","J"
"63",15,29,21,0.137747664726333,0.0201313043478261,0.236135848782609,13.6812997328839,4.3,1.99,-7.39129973288393,"Bacteria","Pseudomonadota","Gammaproteobacteria","Pseudomonadales","Moraxellaceae","Acinetobacter","Acinetobacter calcoaceticus",25,"Bay","J"
"63",23,29,21,0.193193400711155,0.0169934782608696,0.266444920217391,4.1135312323627,4.3,1.99,2.1764687676373,"Bacteria","Pseudomonadota","Gammaproteobacteria","Pseudomonadales","Moraxellaceae","Acinetobacter","Acinetobacter calcoaceticus",25,"Bay","J"
"63",28,29,21,0.279498444403682,0.0237004347826087,0.362974677173913,4.18820875638092,4.63,1.99,2.43179124361908,"Bacteria","Pseudomonadota","Gammaproteobacteria","Pseudomonadales","Moraxellaceae","Acinetobacter","Acinetobacter calcoaceticus",25,"Bay","J"
"63",33,29,21,0.12670502518125,0.0128886956521739,0.219909875869565,4.84209934846636,4.3,1.99,1.44790065153364,"Bacteria","Pseudomonadota","Gammaproteobacteria","Pseudomonadales","Moraxellaceae","Acinetobacter","Acinetobacter calcoaceticus",25,"Bay","J"
"63",38,29,21,0.0319368090873602,0.0192369565217391,0.355778910869565,4.15155474167793,4.63,1.99,2.46844525832207,"Bacteria","Pseudomonadota","Gammaproteobacteria","Pseudomonadales","Moraxellaceae","Acinetobacter","Acinetobacter calcoaceticus",25,"Bay","J"
"63",43,29,21,0.090027238363447,0.172678260869565,1.497334285,40.0293036378178,4.3,1.99,-33.7393036378178,"Bacteria","Pseudomonadota","Gammaproteobacteria","Pseudomonadales","Moraxellaceae","Acinetobacter","Acinetobacter calcoaceticus",25,"Bay","J"
"64",15,29,21,0.256155541350504,0.228060869565217,1.18436650945652,5.70582201414486,4.3,1.99,0.584177985855137,"Bacteria","Pseudomonadota","Gammaproteobacteria","Pseudomonadales","Pseudomonadaceae","Pseudomonas_E","Pseudomonas_E fluorescens_G",25,"Bay","J"
"64",23,29,21,0.316451596290768,0.174795652173913,1.64512136217391,10.3382961123721,11.75,1.99,3.40170388762794,"Bacteria","Pseudomonadota","Gammaproteobacteria","Pseudomonadales","Pseudomonadaceae","Pseudomonas_E","Pseudomonas_E fluorescens_G",25,"Bay","J"
"64",28,29,21,0.253753588833711,0.121539130434783,1.31007228978261,4.49875191328987,4.3,1.99,1.79124808671013,"Bacteria","Pseudomonadota","Gammaproteobacteria","Pseudomonadales","Pseudomonadaceae","Pseudomonas_E","Pseudomonas_E fluorescens_G",25,"Bay","J"
"64",33,29,21,0.37323441404491,0.10924347826087,1.50921155891304,4.53706200458126,4.3,1.99,1.75293799541874,"Bacteria","Pseudomonadota","Gammaproteobacteria","Pseudomonadales","Pseudomonadaceae","Pseudomonas_E","Pseudomonas_E fluorescens_G",25,"Bay","J"
"64",38,29,21,0,0.00863221739130435,0.160924127173913,6.3043319935624,5.13,1.99,0.815668006437604,"Bacteria","Pseudomonadota","Gammaproteobacteria","Pseudomonadales","Pseudomonadaceae","Pseudomonas_E","Pseudomonas_E fluorescens_G",25,"Bay","J"
"64",43,29,21,0,0.00625121739130435,0.100893652391304,9.22332542766841,19.86,1.99,12.6266745723316,"Bacteria","Pseudomonadota","Gammaproteobacteria","Pseudomonadales","Pseudomonadaceae","Pseudomonas_E","Pseudomonas_E fluorescens_G",25,"Bay","J"
"65",15,29,21,0.134571792084912,0.122882608695652,1.56374018043478,4.60267906961768,4.8,1.99,2.18732093038232,"Bacteria","Pseudomonadota","Gammaproteobacteria","Pseudomonadales","Pseudomonadaceae","Pseudomonas_E","Pseudomonas_E shirazensis",25,"Bay","J"
"65",23,29,21,0.0987991738841218,0.0660704347826087,0.738529223913043,7.83167508618171,19.86,1.99,14.0183249138183,"Bacteria","Pseudomonadota","Gammaproteobacteria","Pseudomonadales","Pseudomonadaceae","Pseudomonas_E","Pseudomonas_E shirazensis",25,"Bay","J"
"65",28,29,21,0,0.018482652173913,0.08155027,5.16217074777065,19.86,1.99,16.6878292522294,"Bacteria","Pseudomonadota","Gammaproteobacteria","Pseudomonadales","Pseudomonadaceae","Pseudomonas_E","Pseudomonas_E shirazensis",25,"Bay","J"
"65",33,29,21,0,0.00305234782608696,0.0471761417391304,4.18729229400077,16.88,1.99,14.6827077059992,"Bacteria","Pseudomonadota","Gammaproteobacteria","Pseudomonadales","Pseudomonadaceae","Pseudomonas_E","Pseudomonas_E shirazensis",25,"Bay","J"
"65",38,29,21,0,0.00688491304347826,0.129023018478261,4.70709530560063,5.46,1.99,2.74290469439937,"Bacteria","Pseudomonadota","Gammaproteobacteria","Pseudomonadales","Pseudomonadaceae","Pseudomonas_E","Pseudomonas_E shirazensis",25,"Bay","J"
"65",43,29,21,0,0.00831039130434783,0.118576497391304,-33.9018814391973,19.86,1.99,55.7518814391973,"Bacteria","Pseudomonadota","Gammaproteobacteria","Pseudomonadales","Pseudomonadaceae","Pseudomonas_E","Pseudomonas_E shirazensis",25,"Bay","J"
"66",15,29,21,0.146809813801503,0.0974178260869565,1.36218584347826,4.41004713159633,4.3,1.99,1.87995286840367,"Bacteria","Pseudomonadota","Gammaproteobacteria","Pseudomonadales","Pseudomonadaceae","Pseudomonas_E","Pseudomonas_E shirazensis",25,"Bay","J"
"66",23,29,21,0.00130353491153762,0.0517021739130435,0.855131745652174,26.9170393782013,16.72,1.99,-8.20703937820132,"Bacteria","Pseudomonadota","Gammaproteobacteria","Pseudomonadales","Pseudomonadaceae","Pseudomonas_E","Pseudomonas_E shirazensis",25,"Bay","J"
"66",28,29,21,0,0.00549217391304348,0.102679035652174,3.99373787489297,6.79,1.99,4.78626212510703,"Bacteria","Pseudomonadota","Gammaproteobacteria","Pseudomonadales","Pseudomonadaceae","Pseudomonas_E","Pseudomonas_E shirazensis",25,"Bay","J"
"66",33,29,21,0.00985880759662333,0.137734782608696,2.48199093478261,4.68288042442022,7.12,1.99,4.42711957557978,"Bacteria","Pseudomonadota","Gammaproteobacteria","Pseudomonadales","Pseudomonadaceae","Pseudomonas_E","Pseudomonas_E shirazensis",25,"Bay","J"
"66",38,29,21,0,0.00488613043478261,0.0881787141304348,21.9407118966378,19.2,1.99,-0.750711896637782,"Bacteria","Pseudomonadota","Gammaproteobacteria","Pseudomonadales","Pseudomonadaceae","Pseudomonas_E","Pseudomonas_E shirazensis",25,"Bay","J"
"66",43,29,21,0.0935234561974072,0.220478260869565,3.96835041304348,5.73269632323196,4.3,1.99,0.557303676768036,"Bacteria","Pseudomonadota","Gammaproteobacteria","Pseudomonadales","Pseudomonadaceae","Pseudomonas_E","Pseudomonas_E shirazensis",25,"Bay","J"
"67",15,29,21,0.310873223042885,0.209995652173913,0.911015097891304,14.7874650384248,19.03,1.99,6.23253496157525,"Bacteria","Pseudomonadota","Gammaproteobacteria","Pseudomonadales","Pseudomonadaceae","Pseudomonas_E","",25,"Bay","J"
"67",23,29,21,0.343588068814728,0.251673913043478,2.08893555521739,7.8394864171837,10.92,1.99,5.0705135828163,"Bacteria","Pseudomonadota","Gammaproteobacteria","Pseudomonadales","Pseudomonadaceae","Pseudomonas_E","",25,"Bay","J"
"67",28,29,21,0.399660237827358,0.257747826086957,2.24975694608696,6.01171557866693,7.61,1.99,3.58828442133307,"Bacteria","Pseudomonadota","Gammaproteobacteria","Pseudomonadales","Pseudomonadaceae","Pseudomonas_E","",25,"Bay","J"
"67",33,29,21,0.406920409887511,0.102299565217391,1.24194648782609,4.24145241275468,4.3,1.99,2.04854758724532,"Bacteria","Pseudomonadota","Gammaproteobacteria","Pseudomonadales","Pseudomonadaceae","Pseudomonas_E","",25,"Bay","J"
"67",38,29,21,0.0101462210904865,0.0418452173913043,0.783219476086957,6.51725432609424,4.3,1.99,-0.227254326094236,"Bacteria","Pseudomonadota","Gammaproteobacteria","Pseudomonadales","Pseudomonadaceae","Pseudomonas_E","",25,"Bay","J"
"67",43,29,21,0,0.00534939130434783,0.0850338697826087,7.07876231321393,19.7,1.99,14.6112376867861,"Bacteria","Pseudomonadota","Gammaproteobacteria","Pseudomonadales","Pseudomonadaceae","Pseudomonas_E","",25,"Bay","J"
"68",15,29,21,0,0.0056524347826087,0.0369579859826087,11.0208139962496,4.3,1.99,-4.73081399624963,"Bacteria","Pseudomonadota","Gammaproteobacteria","Pseudomonadales","Pseudomonadaceae","Pseudomonas_E","Pseudomonas_E sp001984065",25,"Bay","J"
"68",23,29,21,0.253064944574124,0.110065217391304,1.24352715956522,7.85077287380898,10.1,1.99,4.23922712619102,"Bacteria","Pseudomonadota","Gammaproteobacteria","Pseudomonadales","Pseudomonadaceae","Pseudomonas_E","Pseudomonas_E sp001984065",25,"Bay","J"
"68",28,29,21,0.383153538814414,0.09869,1.17995687847826,4.95457247235975,9.1,1.99,6.13542752764025,"Bacteria","Pseudomonadota","Gammaproteobacteria","Pseudomonadales","Pseudomonadaceae","Pseudomonas_E","Pseudomonas_E sp001984065",25,"Bay","J"
"68",33,29,21,0.227561017962547,0.0835930434782609,0.775865276956522,9.77126901783532,11.75,1.99,3.96873098216468,"Bacteria","Pseudomonadota","Gammaproteobacteria","Pseudomonadales","Pseudomonadaceae","Pseudomonas_E","Pseudomonas_E sp001984065",25,"Bay","J"
"68",38,29,21,0.00323784135254257,0.025015652173913,0.461560302173913,21.0187653550779,4.3,1.99,-14.7287653550779,"Bacteria","Pseudomonadota","Gammaproteobacteria","Pseudomonadales","Pseudomonadaceae","Pseudomonas_E","Pseudomonas_E sp001984065",25,"Bay","J"
"68",43,29,21,0,0.00862330434782609,0.150266565434783,-0.959020667935679,19.86,1.99,22.8090206679357,"Bacteria","Pseudomonadota","Gammaproteobacteria","Pseudomonadales","Pseudomonadaceae","Pseudomonas_E","Pseudomonas_E sp001984065",25,"Bay","J"
"69",15,29,21,0.221992203612574,0.0884221739130435,1.15163805804348,4.43795559576104,4.3,1.99,1.85204440423896,"Bacteria","Pseudomonadota","Gammaproteobacteria","Pseudomonadales","Pseudomonadaceae","Pseudomonas_E","Pseudomonas_E sp003851685",25,"Bay","J"
"69",23,29,21,0.280393082102545,0.14305652173913,1.23124910826087,8.66579707424694,14.23,1.99,7.55420292575306,"Bacteria","Pseudomonadota","Gammaproteobacteria","Pseudomonadales","Pseudomonadaceae","Pseudomonas_E","Pseudomonas_E sp003851685",25,"Bay","J"
"69",28,29,21,0.427372470000898,0.312073913043478,3.30145829130435,4.9556716078703,7.28,1.99,4.31432839212969,"Bacteria","Pseudomonadota","Gammaproteobacteria","Pseudomonadales","Pseudomonadaceae","Pseudomonas_E","Pseudomonas_E sp003851685",25,"Bay","J"
"69",33,29,21,0.377946871364332,0.181217391304348,1.38803252543478,6.51873756895131,9.93,1.99,5.40126243104869,"Bacteria","Pseudomonadota","Gammaproteobacteria","Pseudomonadales","Pseudomonadaceae","Pseudomonas_E","Pseudomonas_E sp003851685",25,"Bay","J"
"69",38,29,21,0,0.0283773913043478,0.527921041304348,-12.4852793598192,11.59,1.99,26.0652793598192,"Bacteria","Pseudomonadota","Gammaproteobacteria","Pseudomonadales","Pseudomonadaceae","Pseudomonas_E","Pseudomonas_E sp003851685",25,"Bay","J"
"69",43,29,21,0,0.00565373913043478,0.093137782826087,-1.40201725997398,19.86,1.99,23.252017259974,"Bacteria","Pseudomonadota","Gammaproteobacteria","Pseudomonadales","Pseudomonadaceae","Pseudomonas_E","Pseudomonas_E sp003851685",25,"Bay","J"
"70",15,29,21,0.121784567036641,0.0415265217391304,0.303508734130435,9.57504260029432,4.3,1.99,-3.28504260029432,"Bacteria","Pseudomonadota","Gammaproteobacteria","Pseudomonadales","Pseudomonadaceae","Pseudomonas_E","",25,"Bay","J"
"70",23,29,21,0.241802578719167,0.1313,1.455205005,9.65617425909431,11.75,1.99,4.08382574090569,"Bacteria","Pseudomonadota","Gammaproteobacteria","Pseudomonadales","Pseudomonadaceae","Pseudomonas_E","",25,"Bay","J"
"70",28,29,21,0.285761547894246,0.21084347826087,1.4987090173913,5.19778070089851,10.92,1.99,7.71221929910149,"Bacteria","Pseudomonadota","Gammaproteobacteria","Pseudomonadales","Pseudomonadaceae","Pseudomonas_E","",25,"Bay","J"
"70",33,29,21,0.241752891706175,0.221778260869565,2.51182055652174,4.88591068384563,4.3,1.99,1.40408931615437,"Bacteria","Pseudomonadota","Gammaproteobacteria","Pseudomonadales","Pseudomonadaceae","Pseudomonas_E","",25,"Bay","J"
"70",38,29,21,0.035585003862194,0.0144573913043478,0.252582759565217,4.43755246916412,4.47,1.99,2.02244753083588,"Bacteria","Pseudomonadota","Gammaproteobacteria","Pseudomonadales","Pseudomonadaceae","Pseudomonas_E","",25,"Bay","J"
"70",43,29,21,0,0.00328417391304348,0.0348511523913044,-10.7994317567286,19.86,1.99,32.6494317567286,"Bacteria","Pseudomonadota","Gammaproteobacteria","Pseudomonadales","Pseudomonadaceae","Pseudomonas_E","",25,"Bay","J"
"71",15,29,21,0.305720789576025,0.10938652173913,0.404917525304348,6.78600181941226,4.3,1.99,-0.496001819412256,"Bacteria","Pseudomonadota","Gammaproteobacteria","Pseudomonadales","Pseudomonadaceae","Pseudomonas_E","",25,"Bay","J"
"71",23,29,21,0.45995187505339,0.176247826086957,1.68759916652174,6.73066492223677,8.44,1.99,3.69933507776323,"Bacteria","Pseudomonadota","Gammaproteobacteria","Pseudomonadales","Pseudomonadaceae","Pseudomonas_E","",25,"Bay","J"
"71",28,29,21,0.481510042510206,0.212817391304348,2.32875684391304,5.25782887957505,7.61,1.99,4.34217112042495,"Bacteria","Pseudomonadota","Gammaproteobacteria","Pseudomonadales","Pseudomonadaceae","Pseudomonas_E","",25,"Bay","J"
"71",33,29,21,0.401308639831066,0.226952173913043,2.54592868652174,4.92949296724052,5.79,1.99,2.85050703275948,"Bacteria","Pseudomonadota","Gammaproteobacteria","Pseudomonadales","Pseudomonadaceae","Pseudomonas_E","",25,"Bay","J"
"71",38,29,21,0.0321513588197667,0.0111626086956522,0.194293051086957,4.33931851314775,4.47,1.99,2.12068148685225,"Bacteria","Pseudomonadota","Gammaproteobacteria","Pseudomonadales","Pseudomonadaceae","Pseudomonas_E","",25,"Bay","J"
"71",43,29,21,0,0.0058624347826087,0.083919087173913,5.1480028802352,19.2,1.99,16.0419971197648,"Bacteria","Pseudomonadota","Gammaproteobacteria","Pseudomonadales","Pseudomonadaceae","Pseudomonas_E","",25,"Bay","J"
"72",15,29,21,0.319789476469796,0.195782608695652,1.36582407702174,5.91814823095675,4.3,1.99,0.371851769043253,"Bacteria","Pseudomonadota","Gammaproteobacteria","Pseudomonadales","Pseudomonadaceae","Pseudomonas_E","",25,"Bay","QR"
"72",23,29,21,0.328312553472505,0.169121739130435,2.03320960782609,5.72420021099109,7.61,1.99,3.87579978900891,"Bacteria","Pseudomonadota","Gammaproteobacteria","Pseudomonadales","Pseudomonadaceae","Pseudomonas_E","",25,"Bay","QR"
"72",28,29,21,0.20242136476381,0.0496695652173913,0.372046179782609,9.88903194172037,14.23,1.99,6.33096805827963,"Bacteria","Pseudomonadota","Gammaproteobacteria","Pseudomonadales","Pseudomonadaceae","Pseudomonas_E","",25,"Bay","QR"
"72",33,29,21,0.260930804004897,0.228239130434783,2.67558961956522,4.29447626630742,4.3,1.99,1.99552373369258,"Bacteria","Pseudomonadota","Gammaproteobacteria","Pseudomonadales","Pseudomonadaceae","Pseudomonas_E","",25,"Bay","QR"
"72",38,29,21,0,0.00177052173913043,0.0324980619565217,6.40745447383994,4.47,1.99,0.0525455261600563,"Bacteria","Pseudomonadota","Gammaproteobacteria","Pseudomonadales","Pseudomonadaceae","Pseudomonas_E","",25,"Bay","QR"
"72",43,29,21,0,0.000723317391304348,0.00975707130434783,3.44342440277375,19.86,1.99,18.4065755972262,"Bacteria","Pseudomonadota","Gammaproteobacteria","Pseudomonadales","Pseudomonadaceae","Pseudomonas_E","",25,"Bay","QR"
"73",15,29,21,0.258954391418587,0.170439130434783,2.00700030869565,4.80751055958161,10.59,1.99,7.77248944041839,"Bacteria","Pseudomonadota","Gammaproteobacteria","Pseudomonadales","Pseudomonadaceae","Pseudomonas_E","Pseudomonas_E shirazensis",25,"Bay","QR"
"73",23,29,21,0.392334586208082,0.222695652173913,2.12613640956522,4.14212661219758,10.92,1.99,8.76787338780242,"Bacteria","Pseudomonadota","Gammaproteobacteria","Pseudomonadales","Pseudomonadaceae","Pseudomonas_E","Pseudomonas_E shirazensis",25,"Bay","QR"
"73",28,29,21,0,0.00371091304347826,0.0679183834782609,4.03491632520203,5.96,1.99,3.91508367479797,"Bacteria","Pseudomonadota","Gammaproteobacteria","Pseudomonadales","Pseudomonadaceae","Pseudomonas_E","Pseudomonas_E shirazensis",25,"Bay","QR"
"73",33,29,21,0.143926453258403,0.185565217391304,1.9904261673913,7.40370598308687,16.22,1.99,10.8062940169131,"Bacteria","Pseudomonadota","Gammaproteobacteria","Pseudomonadales","Pseudomonadaceae","Pseudomonas_E","Pseudomonas_E shirazensis",25,"Bay","QR"
"73",38,29,21,0,0.00783478260869565,0.119599735869565,29.7999774372327,4.3,1.99,-23.5099774372327,"Bacteria","Pseudomonadota","Gammaproteobacteria","Pseudomonadales","Pseudomonadaceae","Pseudomonas_E","Pseudomonas_E shirazensis",25,"Bay","QR"
"73",43,29,21,0,0.00267730434782609,0.0462643045652174,3.75317039467659,19.86,1.99,18.0968296053234,"Bacteria","Pseudomonadota","Gammaproteobacteria","Pseudomonadales","Pseudomonadaceae","Pseudomonas_E","Pseudomonas_E shirazensis",25,"Bay","QR"
"74",15,29,21,0.270356704369933,0.154101739130435,0.64726763326087,15.3889966468939,19.53,1.99,6.13100335310607,"Bacteria","Pseudomonadota","Gammaproteobacteria","Pseudomonadales","Pseudomonadaceae","Pseudomonas_E","Pseudomonas_E sp009764265",25,"Bay","QR"
"74",23,29,21,0.349058361513262,0.137847826086957,1.47589566369565,4.99112648757583,5.46,1.99,2.45887351242417,"Bacteria","Pseudomonadota","Gammaproteobacteria","Pseudomonadales","Pseudomonadaceae","Pseudomonas_E","Pseudomonas_E sp009764265",25,"Bay","QR"
"74",28,29,21,0.422647960491647,0.120721739130435,1.33574298304348,6.60942503096327,9.43,1.99,4.81057496903673,"Bacteria","Pseudomonadota","Gammaproteobacteria","Pseudomonadales","Pseudomonadaceae","Pseudomonas_E","Pseudomonas_E sp009764265",25,"Bay","QR"
"74",33,29,21,0,0.00851647826086956,0.15625014173913,6.01421370166531,4.3,1.99,0.275786298334687,"Bacteria","Pseudomonadota","Gammaproteobacteria","Pseudomonadales","Pseudomonadaceae","Pseudomonas_E","Pseudomonas_E sp009764265",25,"Bay","QR"
"74",38,29,21,0,0.000127559043478261,0.00143217538347826,6.69238522261024,4.47,1.99,-0.232385222610237,"Bacteria","Pseudomonadota","Gammaproteobacteria","Pseudomonadales","Pseudomonadaceae","Pseudomonas_E","Pseudomonas_E sp009764265",25,"Bay","QR"
"74",43,29,21,0,0,0,NA,4.3,1.99,NA,"Bacteria","Pseudomonadota","Gammaproteobacteria","Pseudomonadales","Pseudomonadaceae","Pseudomonas_E","Pseudomonas_E sp009764265",25,"Bay","QR"
"75",15,29,21,0.330572258872928,0.0594204347826087,0.225603039691304,11.4898539156812,19.86,1.99,10.3601460843188,"Bacteria","Pseudomonadota","Gammaproteobacteria","Pseudomonadales","Pseudomonadaceae","Pseudomonas_E","Pseudomonas_E fluorescens_BG",25,"Bay","QR"
"75",23,29,21,0,0.000128222173913043,0.000787863354347826,-0.32,4.97,1.99,7.28,"Bacteria","Pseudomonadota","Gammaproteobacteria","Pseudomonadales","Pseudomonadaceae","Pseudomonas_E","Pseudomonas_E fluorescens_BG",25,"Bay","QR"
"75",28,29,21,0.558877783716728,0.161086956521739,2.13363248695652,4.86990317271174,5.79,1.99,2.91009682728826,"Bacteria","Pseudomonadota","Gammaproteobacteria","Pseudomonadales","Pseudomonadaceae","Pseudomonas_E","Pseudomonas_E fluorescens_BG",25,"Bay","QR"
"75",33,29,21,0.353420776690613,0.103954782608696,1.12318370130435,5.84577381091461,6.62,1.99,2.76422618908539,"Bacteria","Pseudomonadota","Gammaproteobacteria","Pseudomonadales","Pseudomonadaceae","Pseudomonas_E","Pseudomonas_E fluorescens_BG",25,"Bay","QR"
"75",38,29,21,0,0.00669917391304348,0.101478888043478,-29.517566379314,8.61,1.99,40.117566379314,"Bacteria","Pseudomonadota","Gammaproteobacteria","Pseudomonadales","Pseudomonadaceae","Pseudomonas_E","Pseudomonas_E fluorescens_BG",25,"Bay","QR"
"75",43,29,21,0,0.000962417391304348,0.00561169923869565,8.53111998144593,19.86,1.99,13.3188800185541,"Bacteria","Pseudomonadota","Gammaproteobacteria","Pseudomonadales","Pseudomonadaceae","Pseudomonas_E","Pseudomonas_E fluorescens_BG",25,"Bay","QR"
"76",15,29,21,0,0.00503365217391304,0.0748556530652174,7.89924578206931,8.28,1.99,2.37075421793069,"Bacteria","Pseudomonadota","Gammaproteobacteria","Burkholderiales","Burkholderiaceae_B","Comamonas","",25,"Bay","QR"
"76",23,29,21,0,0.00945460869565217,0.16506714173913,4.93998414429077,7.12,1.99,4.17001585570923,"Bacteria","Pseudomonadota","Gammaproteobacteria","Burkholderiales","Burkholderiaceae_B","Comamonas","",25,"Bay","QR"
"76",28,29,21,0,0.00259873913043478,0.044978492173913,7.61128909476097,12.74,1.99,7.11871090523903,"Bacteria","Pseudomonadota","Gammaproteobacteria","Burkholderiales","Burkholderiaceae_B","Comamonas","",25,"Bay","QR"
"76",33,29,21,0,0.00377839130434783,0.0543654026086956,8.58392885057341,16.39,1.99,9.79607114942659,"Bacteria","Pseudomonadota","Gammaproteobacteria","Burkholderiales","Burkholderiaceae_B","Comamonas","",25,"Bay","QR"
"76",38,29,21,0,0.000545973913043478,0.00902491952173913,7.53859940875344,4.47,1.99,-1.07859940875344,"Bacteria","Pseudomonadota","Gammaproteobacteria","Burkholderiales","Burkholderiaceae_B","Comamonas","",25,"Bay","QR"
"76",43,29,21,0,0,0,NA,4.3,1.99,NA,"Bacteria","Pseudomonadota","Gammaproteobacteria","Burkholderiales","Burkholderiaceae_B","Comamonas","",25,"Bay","QR"
"77",15,29,21,0.277286701704693,0.0930426086956522,0.318037212391304,12.3549027216487,19.86,1.99,9.49509727835128,"Bacteria","Pseudomonadota","Gammaproteobacteria","Pseudomonadales","Pseudomonadaceae","Pseudomonas_E","",25,"Bay","QR"
"77",23,29,21,0.286749684631218,0.136591304347826,1.08526226184783,4.30001824906619,4.3,1.99,1.98998175093381,"Bacteria","Pseudomonadota","Gammaproteobacteria","Pseudomonadales","Pseudomonadaceae","Pseudomonas_E","",25,"Bay","QR"
"77",28,29,21,0.248418087123471,0.100515217391304,0.907746758695652,5.45852149427023,5.79,1.99,2.32147850572977,"Bacteria","Pseudomonadota","Gammaproteobacteria","Pseudomonadales","Pseudomonadaceae","Pseudomonas_E","",25,"Bay","QR"
"77",33,29,21,0.245820301640554,0.106649130434783,1.05859629478261,4.37333451887596,4.3,1.99,1.91666548112404,"Bacteria","Pseudomonadota","Gammaproteobacteria","Pseudomonadales","Pseudomonadaceae","Pseudomonas_E","",25,"Bay","QR"
"77",38,29,21,0,0.00530669565217391,0.0622678521086956,6.37346119626841,7.28,1.99,2.89653880373159,"Bacteria","Pseudomonadota","Gammaproteobacteria","Pseudomonadales","Pseudomonadaceae","Pseudomonas_E","",25,"Bay","QR"
"77",43,29,21,0,0,0,NA,4.3,1.99,NA,"Bacteria","Pseudomonadota","Gammaproteobacteria","Pseudomonadales","Pseudomonadaceae","Pseudomonas_E","",25,"Bay","QR"
"78",15,29,21,0.197452365690626,0.0516960869565217,0.293878568217391,10.5867331029172,14.23,1.99,5.63326689708278,"Bacteria","Pseudomonadota","Gammaproteobacteria","Pseudomonadales","Pseudomonadaceae","Pseudomonas_E","",25,"Bay","QR"
"78",23,29,21,0.378954939471426,0.0987665217391304,0.961264477260869,4.31518730877607,5.13,1.99,2.80481269122393,"Bacteria","Pseudomonadota","Gammaproteobacteria","Pseudomonadales","Pseudomonadaceae","Pseudomonas_E","",25,"Bay","QR"
"78",28,29,21,0.228276179501168,0.113291304347826,1.46020038913043,4.48442948845599,4.3,1.99,1.80557051154401,"Bacteria","Pseudomonadota","Gammaproteobacteria","Pseudomonadales","Pseudomonadaceae","Pseudomonas_E","",25,"Bay","QR"
"78",33,29,21,0.275425060524078,0.102139130434783,1.4572589726087,4.51258981469534,4.3,1.99,1.77741018530466,"Bacteria","Pseudomonadota","Gammaproteobacteria","Pseudomonadales","Pseudomonadaceae","Pseudomonas_E","",25,"Bay","QR"
"78",38,29,21,0,0.000313886956521739,0.00435508981869565,5.59596718382416,4.47,1.99,0.864032816175837,"Bacteria","Pseudomonadota","Gammaproteobacteria","Pseudomonadales","Pseudomonadaceae","Pseudomonas_E","",25,"Bay","QR"
"78",43,29,21,0,0,0,NA,4.3,1.99,NA,"Bacteria","Pseudomonadota","Gammaproteobacteria","Pseudomonadales","Pseudomonadaceae","Pseudomonas_E","",25,"Bay","QR"
"79",15,29,21,0,0.00703939130434783,0.0858988452173913,5.5772543941522,19.86,1.99,16.2727456058478,"Bacteria","Pseudomonadota","Gammaproteobacteria","Pseudomonadales","Pseudomonadaceae","Pseudomonas_E","",25,"Bay","QR"
"79",23,29,21,0.304501319894581,0.145786956521739,1.49654056043478,8.96016587085547,10.92,1.99,3.94983412914453,"Bacteria","Pseudomonadota","Gammaproteobacteria","Pseudomonadales","Pseudomonadaceae","Pseudomonas_E","",25,"Bay","QR"
"79",28,29,21,0.33329418266756,0.101173913043478,1.00454431565217,6.74281904456165,7.94,1.99,3.18718095543835,"Bacteria","Pseudomonadota","Gammaproteobacteria","Pseudomonadales","Pseudomonadaceae","Pseudomonas_E","",25,"Bay","QR"
"79",33,29,21,0.232380704108492,0.116530434782609,1.20207787347826,5.83626518200534,7.61,1.99,3.76373481799466,"Bacteria","Pseudomonadota","Gammaproteobacteria","Pseudomonadales","Pseudomonadaceae","Pseudomonas_E","",25,"Bay","QR"
"79",38,29,21,0,0.00133813043478261,0.0230738716304348,9.46512089400936,4.3,1.99,-3.17512089400936,"Bacteria","Pseudomonadota","Gammaproteobacteria","Pseudomonadales","Pseudomonadaceae","Pseudomonas_E","",25,"Bay","QR"
"79",43,29,21,0,6.87302173913043e-05,0.000356264713260869,1.99,19.86,1.99,19.86,"Bacteria","Pseudomonadota","Gammaproteobacteria","Pseudomonadales","Pseudomonadaceae","Pseudomonas_E","",25,"Bay","QR"
"80",15,29,21,0.17878663552648,0.0422917391304348,0.255270099565217,12.192934077004,18.37,1.99,8.16706592299601,"Bacteria","Pseudomonadota","Gammaproteobacteria","Pseudomonadales","Pseudomonadaceae","Pseudomonas_E","",25,"Bay","QR"
"80",23,29,21,0.314365294578357,0.14984347826087,1.44606419934783,10.2474405072096,10.92,1.99,2.66255949279039,"Bacteria","Pseudomonadota","Gammaproteobacteria","Pseudomonadales","Pseudomonadaceae","Pseudomonas_E","",25,"Bay","QR"
"80",28,29,21,0.275728610797606,0.090504347826087,0.850512116956522,7.4123057336203,8.11,1.99,2.6876942663797,"Bacteria","Pseudomonadota","Gammaproteobacteria","Pseudomonadales","Pseudomonadaceae","Pseudomonas_E","",25,"Bay","QR"
"80",33,29,21,0.271699768142008,0.148330434782609,1.76771938913043,4.78004278505164,5.13,1.99,2.33995721494836,"Bacteria","Pseudomonadota","Gammaproteobacteria","Pseudomonadales","Pseudomonadaceae","Pseudomonas_E","",25,"Bay","QR"
"80",38,29,21,0,0.000260684347826087,0.00199113097782609,76.6778145195788,4.47,1.99,-70.2178145195788,"Bacteria","Pseudomonadota","Gammaproteobacteria","Pseudomonadales","Pseudomonadaceae","Pseudomonas_E","",25,"Bay","QR"
"80",43,29,21,0,0,0,NA,4.3,1.99,NA,"Bacteria","Pseudomonadota","Gammaproteobacteria","Pseudomonadales","Pseudomonadaceae","Pseudomonas_E","",25,"Bay","QR"
"81",15,29,21,0.264973247698581,0.111152173913043,1.05912621443478,7.59380117520121,7.94,1.99,2.33619882479879,"Bacteria","Pseudomonadota","Gammaproteobacteria","Pseudomonadales","Pseudomonadaceae","Pseudomonas_E","Pseudomonas_E paracarnis",25,"Bay","QR"
"81",23,29,21,0.334127283572945,0.129365217391304,0.822714128478261,6.96978495237607,11.75,1.99,6.77021504762393,"Bacteria","Pseudomonadota","Gammaproteobacteria","Pseudomonadales","Pseudomonadaceae","Pseudomonas_E","Pseudomonas_E paracarnis",25,"Bay","QR"
"81",28,29,21,0,0.00234339130434783,0.0352680356521739,-6.02690579366507,17.71,1.99,25.7269057936651,"Bacteria","Pseudomonadota","Gammaproteobacteria","Pseudomonadales","Pseudomonadaceae","Pseudomonas_E","Pseudomonas_E paracarnis",25,"Bay","QR"
"81",33,29,21,0,0.00702191304347826,0.120112315652174,6.79303938516928,18.04,1.99,13.2369606148307,"Bacteria","Pseudomonadota","Gammaproteobacteria","Pseudomonadales","Pseudomonadaceae","Pseudomonas_E","Pseudomonas_E paracarnis",25,"Bay","QR"
"81",38,29,21,0,0.0057555652173913,0.0883974097826087,-42.7573133163034,4.3,1.99,49.0473133163034,"Bacteria","Pseudomonadota","Gammaproteobacteria","Pseudomonadales","Pseudomonadaceae","Pseudomonas_E","Pseudomonas_E paracarnis",25,"Bay","QR"
"81",43,29,21,0,0.0055015652173913,0.0758398263043478,0.444132068217691,19.86,1.99,21.4058679317823,"Bacteria","Pseudomonadota","Gammaproteobacteria","Pseudomonadales","Pseudomonadaceae","Pseudomonas_E","Pseudomonas_E paracarnis",25,"Bay","QR"
"82",15,29,21,0.194350034905537,0.0405917391304348,0.260409912391304,10.3479536546012,19.03,1.99,10.6720463453988,"Bacteria","Pseudomonadota","Gammaproteobacteria","Pseudomonadales","Pseudomonadaceae","Pseudomonas_E","",25,"Bay","QR"
"82",23,29,21,0.278498777777772,0.0900965217391304,0.942468516086956,6.99901864065559,7.28,1.99,2.27098135934441,"Bacteria","Pseudomonadota","Gammaproteobacteria","Pseudomonadales","Pseudomonadaceae","Pseudomonas_E","",25,"Bay","QR"
"82",28,29,21,0.183743916155234,0.0582608695652174,0.400040319869565,4.43797255453155,4.63,1.99,2.18202744546845,"Bacteria","Pseudomonadota","Gammaproteobacteria","Pseudomonadales","Pseudomonadaceae","Pseudomonas_E","",25,"Bay","QR"
"82",33,29,21,0.189342100947241,0.120208695652174,0.812679032173913,7.43819529092403,11.75,1.99,6.30180470907597,"Bacteria","Pseudomonadota","Gammaproteobacteria","Pseudomonadales","Pseudomonadaceae","Pseudomonas_E","",25,"Bay","QR"
"82",38,29,21,0,0.00885313043478261,0.115156257608696,10.9007571112862,4.3,1.99,-4.61075711128621,"Bacteria","Pseudomonadota","Gammaproteobacteria","Pseudomonadales","Pseudomonadaceae","Pseudomonas_E","",25,"Bay","QR"
"82",43,29,21,0,0,0,NA,4.47,1.99,NA,"Bacteria","Pseudomonadota","Gammaproteobacteria","Pseudomonadales","Pseudomonadaceae","Pseudomonas_E","",25,"Bay","QR"
"83",15,29,21,0.158248490128014,0.0565091304347826,0.372735742608696,5.33868599449923,4.3,1.99,0.95131400550077,"Bacteria","Pseudomonadota","Gammaproteobacteria","Pseudomonadales","Pseudomonadaceae","Pseudomonas_E","",25,"Bay","QR"
"83",23,29,21,0.310120921706983,0.0789791304347826,0.802693518847826,4.63491000598497,4.3,1.99,1.65508999401503,"Bacteria","Pseudomonadota","Gammaproteobacteria","Pseudomonadales","Pseudomonadaceae","Pseudomonas_E","",25,"Bay","QR"
"83",28,29,21,0.214444554542212,0.0672739130434783,0.485979080869565,11.8185206475618,14.23,1.99,4.40147935243815,"Bacteria","Pseudomonadota","Gammaproteobacteria","Pseudomonadales","Pseudomonadaceae","Pseudomonas_E","",25,"Bay","QR"
"83",33,29,21,0.175222264612732,0.150534782608696,1.14453805869565,10.1513304074757,16.88,1.99,8.71866959252427,"Bacteria","Pseudomonadota","Gammaproteobacteria","Pseudomonadales","Pseudomonadaceae","Pseudomonas_E","",25,"Bay","QR"
"83",38,29,21,0,0.00324726086956522,0.0540403158260869,5.00583455756264,4.3,1.99,1.28416544243736,"Bacteria","Pseudomonadota","Gammaproteobacteria","Pseudomonadales","Pseudomonadaceae","Pseudomonas_E","",25,"Bay","QR"
"83",43,29,21,0,0.00131023043478261,0.00422217473521739,-18.7287702101132,14.9,1.99,35.6187702101132,"Bacteria","Pseudomonadota","Gammaproteobacteria","Pseudomonadales","Pseudomonadaceae","Pseudomonas_E","",25,"Bay","QR"
"84",15,29,21,0.254157506445523,0.125286086956522,0.723355446956522,5.88650982892205,4.3,1.99,0.403490171077947,"Bacteria","Pseudomonadota","Gammaproteobacteria","Pseudomonadales","Pseudomonadaceae","Pseudomonas_E","",25,"Bay","M"
"84",23,29,21,0.128483425329285,0.0226704347826087,0.188309217645652,6.47257653773077,4.3,1.99,-0.182576537730771,"Bacteria","Pseudomonadota","Gammaproteobacteria","Pseudomonadales","Pseudomonadaceae","Pseudomonas_E","",25,"Bay","M"
"84",28,29,21,0.105395738730471,0.0268565217391304,0.239777023913043,14.1061540946168,17.54,1.99,5.42384590538324,"Bacteria","Pseudomonadota","Gammaproteobacteria","Pseudomonadales","Pseudomonadaceae","Pseudomonas_E","",25,"Bay","M"
"84",33,29,21,0.27031165371145,0.0719147826086957,0.365581514782609,12.1817910207656,16.88,1.99,6.68820897923439,"Bacteria","Pseudomonadota","Gammaproteobacteria","Pseudomonadales","Pseudomonadaceae","Pseudomonas_E","",25,"Bay","M"
"84",38,29,21,0,0.00414739130434783,0.0643421489130435,10.1658210544471,19.86,1.99,11.6841789455529,"Bacteria","Pseudomonadota","Gammaproteobacteria","Pseudomonadales","Pseudomonadaceae","Pseudomonas_E","",25,"Bay","M"
"84",43,29,21,0,0.000362447826086956,0.00431952180434783,4.20663446589653,19.03,1.99,16.8133655341035,"Bacteria","Pseudomonadota","Gammaproteobacteria","Pseudomonadales","Pseudomonadaceae","Pseudomonas_E","",25,"Bay","M"
"85",15,29,21,0.322421403498049,0.118060869565217,1.02005596695652,5.48989654856875,4.3,1.99,0.800103451431252,"Bacteria","Pseudomonadota","Gammaproteobacteria","Pseudomonadales","Pseudomonadaceae","Pseudomonas_E","",25,"Bay","M"
"85",23,29,21,0.223135150326188,0.0329878260869565,0.354897775434783,4.7051786450594,4.3,1.99,1.5848213549406,"Bacteria","Pseudomonadota","Gammaproteobacteria","Pseudomonadales","Pseudomonadaceae","Pseudomonas_E","",25,"Bay","M"
"85",28,29,21,0.0920290800676856,0.0240521739130435,0.226771010434783,5.83382727401389,6.12,1.99,2.27617272598611,"Bacteria","Pseudomonadota","Gammaproteobacteria","Pseudomonadales","Pseudomonadaceae","Pseudomonas_E","",25,"Bay","M"
"85",33,29,21,0.224110205310896,0.0498234782608696,0.345756524347826,7.60605356914418,9.43,1.99,3.81394643085582,"Bacteria","Pseudomonadota","Gammaproteobacteria","Pseudomonadales","Pseudomonadaceae","Pseudomonas_E","",25,"Bay","M"
"85",38,29,21,0,0.00313395652173913,0.0488371489130435,-2.9350505868694,18.87,1.99,23.7950505868694,"Bacteria","Pseudomonadota","Gammaproteobacteria","Pseudomonadales","Pseudomonadaceae","Pseudomonas_E","",25,"Bay","M"
"85",43,29,21,0,0.00162317391304348,0.0294115436956522,5.91522349138687,7.45,1.99,3.52477650861313,"Bacteria","Pseudomonadota","Gammaproteobacteria","Pseudomonadales","Pseudomonadaceae","Pseudomonas_E","",25,"Bay","M"
"86",15,29,21,0.170379704579375,0.119960869565217,1.45136085869565,6.98041440717614,6.79,1.99,1.79958559282386,"Bacteria","Pseudomonadota","Gammaproteobacteria","Pseudomonadales","Pseudomonadaceae","Pseudomonas_E","",25,"Bay","M"
"86",23,29,21,0.350328845695528,0.088295652173913,1.03504075847826,5.44059329361479,6.12,1.99,2.66940670638521,"Bacteria","Pseudomonadota","Gammaproteobacteria","Pseudomonadales","Pseudomonadaceae","Pseudomonas_E","",25,"Bay","M"
"86",28,29,21,0.299700740722938,0.0945304347826087,1.31066679282609,4.57079039504468,4.63,1.99,2.04920960495532,"Bacteria","Pseudomonadota","Gammaproteobacteria","Pseudomonadales","Pseudomonadaceae","Pseudomonas_E","",25,"Bay","M"
"86",33,29,21,0.220891371736961,0.0780478260869565,1.10710140913043,5.12107317219844,5.46,1.99,2.32892682780156,"Bacteria","Pseudomonadota","Gammaproteobacteria","Pseudomonadales","Pseudomonadaceae","Pseudomonas_E","",25,"Bay","M"
"86",38,29,21,0,0.00121653913043478,0.0204191212173913,6.02043177411485,19.2,1.99,15.1695682258852,"Bacteria","Pseudomonadota","Gammaproteobacteria","Pseudomonadales","Pseudomonadaceae","Pseudomonas_E","",25,"Bay","M"
"86",43,29,21,0,0,0,NA,4.3,1.99,NA,"Bacteria","Pseudomonadota","Gammaproteobacteria","Pseudomonadales","Pseudomonadaceae","Pseudomonas_E","",25,"Bay","M"
"87",15,29,21,0.212878247725588,0.137495652173913,1.39494149347826,4.2999740421467,5.79,1.99,3.4800259578533,"Bacteria","Pseudomonadota","Gammaproteobacteria","Pseudomonadales","Pseudomonadaceae","Pseudomonas_E","",25,"Bay","M"
"87",23,29,21,0.313306089952674,0.108804347826087,1.61109174065217,4.21096681694361,4.3,1.99,2.07903318305639,"Bacteria","Pseudomonadota","Gammaproteobacteria","Pseudomonadales","Pseudomonadaceae","Pseudomonas_E","",25,"Bay","M"
"87",28,29,21,0.325524835873141,0.0909186956521739,1.37619008695652,4.71932037666197,4.3,1.99,1.57067962333803,"Bacteria","Pseudomonadota","Gammaproteobacteria","Pseudomonadales","Pseudomonadaceae","Pseudomonas_E","",25,"Bay","M"
"87",33,29,21,0.288459483916208,0.079145652173913,1.04344377130435,5.39345725632574,6.12,1.99,2.71654274367426,"Bacteria","Pseudomonadota","Gammaproteobacteria","Pseudomonadales","Pseudomonadaceae","Pseudomonas_E","",25,"Bay","M"
"87",38,29,21,0,0.000651252173913044,0.00207108152695652,5.79110548331097,18.87,1.99,15.068894516689,"Bacteria","Pseudomonadota","Gammaproteobacteria","Pseudomonadales","Pseudomonadaceae","Pseudomonas_E","",25,"Bay","M"
"87",43,29,21,0,0.000360586956521739,0.00485219457543478,5.03550394751036,6.95,1.99,3.90449605248964,"Bacteria","Pseudomonadota","Gammaproteobacteria","Pseudomonadales","Pseudomonadaceae","Pseudomonas_E","",25,"Bay","M"
"88",15,29,21,0.478743390475951,0.113133913043478,0.73687640826087,5.79549276163141,14.23,1.99,10.4245072383686,"Bacteria","Pseudomonadota","Gammaproteobacteria","Pseudomonadales","Pseudomonadaceae","Pseudomonas_E","",25,"Bay","M"
"88",23,29,21,0.452351562956421,0.188486956521739,2.1496640223913,6.40777614621108,8.77,1.99,4.35222385378892,"Bacteria","Pseudomonadota","Gammaproteobacteria","Pseudomonadales","Pseudomonadaceae","Pseudomonas_E","",25,"Bay","M"
"88",28,29,21,0.424356241861688,0.18124347826087,2.23086533652174,5.46737222000611,8.11,1.99,4.63262777999389,"Bacteria","Pseudomonadota","Gammaproteobacteria","Pseudomonadales","Pseudomonadaceae","Pseudomonas_E","",25,"Bay","M"
"88",33,29,21,0.0783630886217824,0.0234539130434783,0.324409099130435,7.4902897773175,7.28,1.99,1.7797102226825,"Bacteria","Pseudomonadota","Gammaproteobacteria","Pseudomonadales","Pseudomonadaceae","Pseudomonas_E","",25,"Bay","M"
"88",38,29,21,0,0,0,NA,4.3,1.99,NA,"Bacteria","Pseudomonadota","Gammaproteobacteria","Pseudomonadales","Pseudomonadaceae","Pseudomonas_E","",25,"Bay","M"
"88",43,29,21,0,0,0,NA,4.3,1.99,NA,"Bacteria","Pseudomonadota","Gammaproteobacteria","Pseudomonadales","Pseudomonadaceae","Pseudomonas_E","",25,"Bay","M"
"89",15,29,21,0.243715282112391,0.104745652173913,0.725428884782609,11.1541269548808,17.54,1.99,8.37587304511915,"Bacteria","Pseudomonadota","Gammaproteobacteria","Pseudomonadales","Pseudomonadaceae","Pseudomonas_E","",25,"Bay","M"
"89",23,29,21,0.417473504742114,0.127486956521739,1.59525396891304,5.351594977973,6.62,1.99,3.258405022027,"Bacteria","Pseudomonadota","Gammaproteobacteria","Pseudomonadales","Pseudomonadaceae","Pseudomonas_E","",25,"Bay","M"
"89",28,29,21,0.343944077450188,0.122986956521739,1.67610222304348,5.93946162493251,7.28,1.99,3.33053837506749,"Bacteria","Pseudomonadota","Gammaproteobacteria","Pseudomonadales","Pseudomonadaceae","Pseudomonas_E","",25,"Bay","M"
"89",33,29,21,0.283537093146452,0.100386956521739,1.54354812391304,4.23471742778421,4.3,1.99,2.05528257221579,"Bacteria","Pseudomonadota","Gammaproteobacteria","Pseudomonadales","Pseudomonadaceae","Pseudomonas_E","",25,"Bay","M"
"89",38,29,21,0,0.00341182608695652,0.0577062576086956,66.8712889848706,4.3,1.99,-60.5812889848706,"Bacteria","Pseudomonadota","Gammaproteobacteria","Pseudomonadales","Pseudomonadaceae","Pseudomonas_E","",25,"Bay","M"
"89",43,29,21,0,0.000723336956521739,0.00312192990108696,5.18351474072619,9.93,1.99,6.73648525927381,"Bacteria","Pseudomonadota","Gammaproteobacteria","Pseudomonadales","Pseudomonadaceae","Pseudomonas_E","",25,"Bay","M"
"90",15,29,21,0.199769623743009,0.10122347826087,0.672555817369565,4.21982045558239,5.79,1.99,3.56017954441761,"Bacteria","Pseudomonadota","Gammaproteobacteria","Pseudomonadales","Pseudomonadaceae","Pseudomonas_E","Pseudomonas_E kilonensis",25,"Bay","M"
"90",23,29,21,0.420573637531256,0.14154347826087,1.57193237695652,6.48895904912401,7.61,1.99,3.11104095087599,"Bacteria","Pseudomonadota","Gammaproteobacteria","Pseudomonadales","Pseudomonadaceae","Pseudomonas_E","Pseudomonas_E kilonensis",25,"Bay","M"
"90",28,29,21,0.534541912318104,0.140839130434783,1.91634946956522,4.55269332526625,5.46,1.99,2.89730667473375,"Bacteria","Pseudomonadota","Gammaproteobacteria","Pseudomonadales","Pseudomonadaceae","Pseudomonas_E","Pseudomonas_E kilonensis",25,"Bay","M"
"90",33,29,21,0.318080087710451,0.128986956521739,2.07289704608696,5.02128005055112,4.3,1.99,1.26871994944888,"Bacteria","Pseudomonadota","Gammaproteobacteria","Pseudomonadales","Pseudomonadaceae","Pseudomonas_E","Pseudomonas_E kilonensis",25,"Bay","M"
"90",38,29,21,0.128760969204009,0.0197604347826087,0.300521961304348,4.72781815615334,4.3,1.99,1.56218184384666,"Bacteria","Pseudomonadota","Gammaproteobacteria","Pseudomonadales","Pseudomonadaceae","Pseudomonas_E","Pseudomonas_E kilonensis",25,"Bay","M"
"90",43,29,21,0,0.00749995652173913,0.108582108913043,-148.282646141546,4.3,1.99,154.572646141546,"Bacteria","Pseudomonadota","Gammaproteobacteria","Pseudomonadales","Pseudomonadaceae","Pseudomonas_E","Pseudomonas_E kilonensis",25,"Bay","M"
"91",15,29,21,0.21575643400043,0.133426086956522,1.19020993130435,10.2126284879187,14.73,1.99,6.50737151208128,"Bacteria","Pseudomonadota","Gammaproteobacteria","Pseudomonadales","Pseudomonadaceae","Pseudomonas_E","",25,"Bay","M"
"91",23,29,21,0.274010129758825,0.130113043478261,1.63283115413043,7.16920850292018,8.44,1.99,3.26079149707982,"Bacteria","Pseudomonadota","Gammaproteobacteria","Pseudomonadales","Pseudomonadaceae","Pseudomonas_E","",25,"Bay","M"
"91",28,29,21,0.312919031968853,0.099845652173913,1.48431903608696,5.04069189557392,4.3,1.99,1.24930810442608,"Bacteria","Pseudomonadota","Gammaproteobacteria","Pseudomonadales","Pseudomonadaceae","Pseudomonas_E","",25,"Bay","M"
"91",33,29,21,0.3898893775138,0.0966804347826087,1.44566818478261,4.73969989554694,4.3,1.99,1.55030010445306,"Bacteria","Pseudomonadota","Gammaproteobacteria","Pseudomonadales","Pseudomonadaceae","Pseudomonas_E","",25,"Bay","M"
"91",38,29,21,0,0.008935,0.156748801086957,8.46880664045555,4.3,1.99,-2.17880664045555,"Bacteria","Pseudomonadota","Gammaproteobacteria","Pseudomonadales","Pseudomonadaceae","Pseudomonas_E","",25,"Bay","M"
"91",43,29,21,0,0.000992923043478261,0.00252094933695652,3.32560579798329,14.23,1.99,12.8943942020167,"Bacteria","Pseudomonadota","Gammaproteobacteria","Pseudomonadales","Pseudomonadaceae","Pseudomonas_E","",25,"Bay","M"
"92",15,29,21,0.198076112533703,0.204230434782609,1.26467511108696,11.2175804795132,15.06,1.99,5.83241952048676,"Bacteria","Pseudomonadota","Gammaproteobacteria","Enterobacterales","Enterobacteriaceae","UBA7405","UBA7405 sp002469605",25,"Bay","M"
"92",23,29,21,0.416325058512273,0.12394347826087,1.72719905717391,4.31793904983507,4.3,1.99,1.97206095016493,"Bacteria","Pseudomonadota","Gammaproteobacteria","Enterobacterales","Enterobacteriaceae","UBA7405","UBA7405 sp002469605",25,"Bay","M"
"92",28,29,21,0.466211428743818,0.165991304347826,2.50865547195652,5.08608861535759,4.3,1.99,1.20391138464241,"Bacteria","Pseudomonadota","Gammaproteobacteria","Enterobacterales","Enterobacteriaceae","UBA7405","UBA7405 sp002469605",25,"Bay","M"
"92",33,29,21,0.414134898438347,0.289521739130435,4.65837265391304,5.83629979771903,4.3,1.99,0.453700202280975,"Bacteria","Pseudomonadota","Gammaproteobacteria","Enterobacterales","Enterobacteriaceae","UBA7405","UBA7405 sp002469605",25,"Bay","M"
"92",38,29,21,0.376658091805551,0.199469565217391,2.78038896304348,4.77737920590142,5.13,1.99,2.34262079409858,"Bacteria","Pseudomonadota","Gammaproteobacteria","Enterobacterales","Enterobacteriaceae","UBA7405","UBA7405 sp002469605",25,"Bay","M"
"92",43,29,21,0.352898401456283,0.083604347826087,0.82137964,4.3205474744798,6.29,1.99,3.9594525255202,"Bacteria","Pseudomonadota","Gammaproteobacteria","Enterobacterales","Enterobacteriaceae","UBA7405","UBA7405 sp002469605",25,"Bay","M"
"93",15,29,21,0.286647469613843,0.0901747826086956,0.686887739130435,4.13499640845484,7.94,1.99,5.79500359154516,"Bacteria","Pseudomonadota","Gammaproteobacteria","Enterobacterales","Enterobacteriaceae","Scandinavium","",25,"Bay","B"
"93",23,29,21,0.402170643475179,0.1853,2.22741554434783,5.28652743058607,4.3,1.99,1.00347256941393,"Bacteria","Pseudomonadota","Gammaproteobacteria","Enterobacterales","Enterobacteriaceae","Scandinavium","",25,"Bay","B"
"93",28,29,21,0.458575619440166,0.241973913043478,2.81525123847826,4.90465884316468,4.3,1.99,1.38534115683532,"Bacteria","Pseudomonadota","Gammaproteobacteria","Enterobacterales","Enterobacteriaceae","Scandinavium","",25,"Bay","B"
"93",33,29,21,0.290786265490932,0.164288260869565,0.772538032173913,10.4402092628495,19.53,1.99,11.0797907371505,"Bacteria","Pseudomonadota","Gammaproteobacteria","Enterobacterales","Enterobacteriaceae","Scandinavium","",25,"Bay","B"
"93",38,29,21,0,0.00912508695652174,0.155948735869565,5.96697193253117,4.3,1.99,0.323028067468833,"Bacteria","Pseudomonadota","Gammaproteobacteria","Enterobacterales","Enterobacteriaceae","Scandinavium","",25,"Bay","B"
"93",43,29,21,0,0.00294069565217391,0.0425898697826087,-10.7195671959997,19.86,1.99,32.5695671959997,"Bacteria","Pseudomonadota","Gammaproteobacteria","Enterobacterales","Enterobacteriaceae","Scandinavium","",25,"Bay","B"
"94",15,29,21,0.262982731558179,0.313373913043478,2.41902823086956,4.25284463152802,5.46,1.99,3.19715536847198,"Bacteria","Pseudomonadota","Gammaproteobacteria","Pseudomonadales","Pseudomonadaceae","Pseudomonas_E","Pseudomonas_E edaphica",25,"Bay","B"
"94",23,29,21,0.392578060383164,0.234330434782609,2.95521597565217,4.04447039470661,4.3,1.99,2.24552960529339,"Bacteria","Pseudomonadota","Gammaproteobacteria","Pseudomonadales","Pseudomonadaceae","Pseudomonas_E","Pseudomonas_E edaphica",25,"Bay","B"
"94",28,29,21,0.379902661908808,0.1852,2.56505549,4.39708223003304,4.63,1.99,2.22291776996696,"Bacteria","Pseudomonadota","Gammaproteobacteria","Pseudomonadales","Pseudomonadaceae","Pseudomonas_E","Pseudomonas_E edaphica",25,"Bay","B"
"94",33,29,21,0.507312375540262,0.329326086956522,4.68114027608696,4.63720103151182,4.3,1.99,1.65279896848818,"Bacteria","Pseudomonadota","Gammaproteobacteria","Pseudomonadales","Pseudomonadaceae","Pseudomonas_E","Pseudomonas_E edaphica",25,"Bay","B"
"94",38,29,21,0.431197150694608,0.260295652173913,3.68810231521739,5.19699186866598,4.3,1.99,1.09300813133402,"Bacteria","Pseudomonadota","Gammaproteobacteria","Pseudomonadales","Pseudomonadaceae","Pseudomonas_E","Pseudomonas_E edaphica",25,"Bay","B"
"94",43,29,21,0.404838432716973,0.0937247826086957,0.929023099347826,5.01001559232568,6.95,1.99,3.92998440767432,"Bacteria","Pseudomonadota","Gammaproteobacteria","Pseudomonadales","Pseudomonadaceae","Pseudomonas_E","Pseudomonas_E edaphica",25,"Bay","B"
"95",15,29,21,0.233020087780854,0.148339130434783,1.40171964195652,4.57634794948027,5.13,1.99,2.54365205051973,"Bacteria","Pseudomonadota","Gammaproteobacteria","Pseudomonadales","Pseudomonadaceae","Pseudomonas_E","Pseudomonas_E sp009764645",25,"Bay","B"
"95",23,29,21,0.347753131636967,0.179421739130435,2.11568518217391,6.1867805683791,6.62,1.99,2.4232194316209,"Bacteria","Pseudomonadota","Gammaproteobacteria","Pseudomonadales","Pseudomonadaceae","Pseudomonas_E","Pseudomonas_E sp009764645",25,"Bay","B"
"95",28,29,21,0.241615183349881,0.102437391304348,1.49752594565217,4.58519724343456,4.3,1.99,1.70480275656544,"Bacteria","Pseudomonadota","Gammaproteobacteria","Pseudomonadales","Pseudomonadaceae","Pseudomonas_E","Pseudomonas_E sp009764645",25,"Bay","B"
"95",33,29,21,0.213636286309377,0.0457717391304348,0.748359402173913,5.04571854288811,4.3,1.99,1.24428145711189,"Bacteria","Pseudomonadota","Gammaproteobacteria","Pseudomonadales","Pseudomonadaceae","Pseudomonas_E","Pseudomonas_E sp009764645",25,"Bay","B"
"95",38,29,21,0,0.00482130434782609,0.0605691923913044,4.37219919885127,4.47,1.99,2.08780080114873,"Bacteria","Pseudomonadota","Gammaproteobacteria","Pseudomonadales","Pseudomonadaceae","Pseudomonas_E","Pseudomonas_E sp009764645",25,"Bay","B"
"95",43,29,21,0,5.86501304347826e-05,0.000484231405434783,6.75439130019294,6.95,1.99,2.18560869980706,"Bacteria","Pseudomonadota","Gammaproteobacteria","Pseudomonadales","Pseudomonadaceae","Pseudomonas_E","Pseudomonas_E sp009764645",25,"Bay","B"
"96",15,29,21,0.246713681703784,0.132817391304348,1.53089596521739,4.56851934892982,4.3,1.99,1.72148065107019,"Bacteria","Pseudomonadota","Gammaproteobacteria","Pseudomonadales","Pseudomonadaceae","Pseudomonas_E","Pseudomonas_E sp009764645",25,"Bay","B"
"96",23,29,21,0.269112617937054,0.123204347826087,1.50816734086956,4.36282178887677,4.63,1.99,2.25717821112323,"Bacteria","Pseudomonadota","Gammaproteobacteria","Pseudomonadales","Pseudomonadaceae","Pseudomonas_E","Pseudomonas_E sp009764645",25,"Bay","B"
"96",28,29,21,0.292514439762266,0.11045652173913,1.31939342108696,4.21520344361233,4.3,1.99,2.07479655638767,"Bacteria","Pseudomonadota","Gammaproteobacteria","Pseudomonadales","Pseudomonadaceae","Pseudomonas_E","Pseudomonas_E sp009764645",25,"Bay","B"
"96",33,29,21,0.241340705382333,0.0469630434782609,0.76328628173913,5.06090691553846,4.3,1.99,1.22909308446154,"Bacteria","Pseudomonadota","Gammaproteobacteria","Pseudomonadales","Pseudomonadaceae","Pseudomonas_E","Pseudomonas_E sp009764645",25,"Bay","B"
"96",38,29,21,0,0,0,NA,4.3,1.99,NA,"Bacteria","Pseudomonadota","Gammaproteobacteria","Pseudomonadales","Pseudomonadaceae","Pseudomonas_E","Pseudomonas_E sp009764645",25,"Bay","B"
"96",43,29,21,0,0,0,NA,4.3,1.99,NA,"Bacteria","Pseudomonadota","Gammaproteobacteria","Pseudomonadales","Pseudomonadaceae","Pseudomonas_E","Pseudomonas_E sp009764645",25,"Bay","B"
"97",15,29,21,0.194289340525457,0.0550786956521739,0.357016735652174,12.4009799227234,14.23,1.99,3.81902007727659,"Bacteria","Pseudomonadota","Gammaproteobacteria","Pseudomonadales","Pseudomonadaceae","Pseudomonas_E","",25,"Bay","B"
"97",23,29,21,0.363486529945156,0.111278260869565,0.92331132773913,5.94316312795552,4.3,1.99,0.34683687204448,"Bacteria","Pseudomonadota","Gammaproteobacteria","Pseudomonadales","Pseudomonadaceae","Pseudomonas_E","",25,"Bay","B"
"97",28,29,21,0.248383646258507,0.110031739130435,0.90932182826087,8.22132073850022,11.92,1.99,5.68867926149978,"Bacteria","Pseudomonadota","Gammaproteobacteria","Pseudomonadales","Pseudomonadaceae","Pseudomonas_E","",25,"Bay","B"
"97",33,29,21,0.248258876704511,0.0742973913043478,0.630002950869565,4.54923454046044,4.3,1.99,1.74076545953956,"Bacteria","Pseudomonadota","Gammaproteobacteria","Pseudomonadales","Pseudomonadaceae","Pseudomonas_E","",25,"Bay","B"
"97",38,29,21,0,0.00272473913043478,0.0434770184782609,11.4739884695827,4.3,1.99,-5.1839884695827,"Bacteria","Pseudomonadota","Gammaproteobacteria","Pseudomonadales","Pseudomonadaceae","Pseudomonas_E","",25,"Bay","B"
"97",43,29,21,0,0.00162613043478261,0.0298695219565217,17.2667862328713,4.63,1.99,-10.6467862328713,"Bacteria","Pseudomonadota","Gammaproteobacteria","Pseudomonadales","Pseudomonadaceae","Pseudomonas_E","",25,"Bay","B"
"98",15,29,21,0.158200827433455,0.0734395652173913,1.14293773913043,4.85467692935755,5.96,1.99,3.09532307064245,"Bacteria","Pseudomonadota","Gammaproteobacteria","Pseudomonadales","Pseudomonadaceae","Pseudomonas_E","",25,"Bay","B"
"98",23,29,21,0.32069901637114,0.0774826086956522,1.05700163,4.60599774269084,4.3,1.99,1.68400225730916,"Bacteria","Pseudomonadota","Gammaproteobacteria","Pseudomonadales","Pseudomonadaceae","Pseudomonas_E","",25,"Bay","B"
"98",28,29,21,0.283792641382554,0.0784304347826087,1.32987157173913,4.68961867936071,4.3,1.99,1.60038132063929,"Bacteria","Pseudomonadota","Gammaproteobacteria","Pseudomonadales","Pseudomonadaceae","Pseudomonas_E","",25,"Bay","B"
"98",33,29,21,0.361425228155602,0.149513043478261,2.25489861521739,4.33387962369737,4.3,1.99,1.95612037630263,"Bacteria","Pseudomonadota","Gammaproteobacteria","Pseudomonadales","Pseudomonadaceae","Pseudomonas_E","",25,"Bay","B"
"98",38,29,21,0,0.002567,0.0460242358695652,4.12891315921395,5.63,1.99,3.49108684078605,"Bacteria","Pseudomonadota","Gammaproteobacteria","Pseudomonadales","Pseudomonadaceae","Pseudomonas_E","",25,"Bay","B"
"98",43,29,21,0,0.00232330434782609,0.0306436703695652,0.404689369739465,19.86,1.99,21.4453106302605,"Bacteria","Pseudomonadota","Gammaproteobacteria","Pseudomonadales","Pseudomonadaceae","Pseudomonas_E","",25,"Bay","B"
"99",15,29,21,0.243616004134261,0.074774347826087,0.985268397608696,4.49951000925003,6.95,1.99,4.44048999074997,"Bacteria","Pseudomonadota","Gammaproteobacteria","Pseudomonadales","Pseudomonadaceae","Pseudomonas_E","Pseudomonas_E paracarnis",25,"Bay","B"
"99",23,29,21,0.233837068842647,0.113130869565217,1.38615995869565,4.63182453676205,5.13,1.99,2.48817546323795,"Bacteria","Pseudomonadota","Gammaproteobacteria","Pseudomonadales","Pseudomonadaceae","Pseudomonas_E","Pseudomonas_E paracarnis",25,"Bay","B"
"99",28,29,21,0.180463212332802,0.0822078260869565,0.732308767391304,9.80272392624408,15.72,1.99,7.90727607375592,"Bacteria","Pseudomonadota","Gammaproteobacteria","Pseudomonadales","Pseudomonadaceae","Pseudomonas_E","Pseudomonas_E paracarnis",25,"Bay","B"
"99",33,29,21,0.269117876330691,0.10063652173913,0.812994295434783,5.98560202964088,11.75,1.99,7.75439797035912,"Bacteria","Pseudomonadota","Gammaproteobacteria","Pseudomonadales","Pseudomonadaceae","Pseudomonas_E","Pseudomonas_E paracarnis",25,"Bay","B"
"99",38,29,21,0,0.0119204347826087,0.208920217826087,-84.6127770468708,6.46,1.99,93.0627770468708,"Bacteria","Pseudomonadota","Gammaproteobacteria","Pseudomonadales","Pseudomonadaceae","Pseudomonas_E","Pseudomonas_E paracarnis",25,"Bay","B"
"99",43,29,21,0,0.00480591304347826,0.0757708915217391,-5.35076716148322,15.39,1.99,22.7307671614832,"Bacteria","Pseudomonadota","Gammaproteobacteria","Pseudomonadales","Pseudomonadaceae","Pseudomonas_E","Pseudomonas_E paracarnis",25,"Bay","B"
"100",15,29,21,0.229344869760551,0.238904347826087,1.43119986782609,9.82745868840686,12.74,1.99,4.90254131159314,"Bacteria","Pseudomonadota","Gammaproteobacteria","Enterobacterales","Enterobacteriaceae","UBA7405","UBA7405 sp002469605",25,"Bay","B"
"100",23,29,21,0.431449649299015,0.152752173913043,2.1818319626087,4.51704794463277,4.3,1.99,1.77295205536723,"Bacteria","Pseudomonadota","Gammaproteobacteria","Enterobacterales","Enterobacteriaceae","UBA7405","UBA7405 sp002469605",25,"Bay","B"
"100",28,29,21,0.444799604257065,0.193321739130435,3.02811057608696,5.1505712415871,4.3,1.99,1.1394287584129,"Bacteria","Pseudomonadota","Gammaproteobacteria","Enterobacterales","Enterobacteriaceae","UBA7405","UBA7405 sp002469605",25,"Bay","B"
"100",33,29,21,0.347137155565366,0.317104347826087,5.17256156304348,5.89859628269797,4.3,1.99,0.391403717302025,"Bacteria","Pseudomonadota","Gammaproteobacteria","Enterobacterales","Enterobacteriaceae","UBA7405","UBA7405 sp002469605",25,"Bay","B"
"100",38,29,21,0.363977183328143,0.237695652173913,3.64124485869565,4.98410778575498,4.3,1.99,1.30589221424502,"Bacteria","Pseudomonadota","Gammaproteobacteria","Enterobacterales","Enterobacteriaceae","UBA7405","UBA7405 sp002469605",25,"Bay","B"
"100",43,29,21,0.312560346779637,0.0673347826086957,0.618067055652174,4.77076986749089,8.94,1.99,6.15923013250911,"Bacteria","Pseudomonadota","Gammaproteobacteria","Enterobacterales","Enterobacteriaceae","UBA7405","UBA7405 sp002469605",25,"Bay","B"
"101",15,29,21,0.392548515925154,0.232686956521739,1.15097714608696,8.22051345164923,16.22,1.99,9.98948654835077,"Bacteria","Pseudomonadota","Gammaproteobacteria","Pseudomonadales","Pseudomonadaceae","Pseudomonas_E","Pseudomonas_E sp009764645",25,"Bay","B"
"101",23,29,21,0.367103635417429,0.188626086956522,2.19045480086957,7.04509748446322,7.94,1.99,2.88490251553678,"Bacteria","Pseudomonadota","Gammaproteobacteria","Pseudomonadales","Pseudomonadaceae","Pseudomonas_E","Pseudomonas_E sp009764645",25,"Bay","B"
"101",28,29,21,0.423838082587448,0.184295652173913,2.28926809521739,5.24675513870607,6.62,1.99,3.36324486129393,"Bacteria","Pseudomonadota","Gammaproteobacteria","Pseudomonadales","Pseudomonadaceae","Pseudomonas_E","Pseudomonas_E sp009764645",25,"Bay","B"
"101",33,29,21,0.122282521129865,0.0139786956521739,0.213912520869565,4.43387912390549,4.63,1.99,2.18612087609451,"Bacteria","Pseudomonadota","Gammaproteobacteria","Pseudomonadales","Pseudomonadaceae","Pseudomonas_E","Pseudomonas_E sp009764645",25,"Bay","B"
"101",38,29,21,0,8.59412173913043e-05,0.000615932500869565,15.4362605136107,4.47,1.99,-8.97626051361068,"Bacteria","Pseudomonadota","Gammaproteobacteria","Pseudomonadales","Pseudomonadaceae","Pseudomonas_E","Pseudomonas_E sp009764645",25,"Bay","B"
"101",43,29,21,0,0,0,NA,4.3,1.99,NA,"Bacteria","Pseudomonadota","Gammaproteobacteria","Pseudomonadales","Pseudomonadaceae","Pseudomonas_E","Pseudomonas_E sp009764645",25,"Bay","B"
"102",15,29,21,0.215952472047234,0.214965217391304,1.39405741130435,9.4807394950581,12.41,1.99,4.9192605049419,"Bacteria","Pseudomonadota","Gammaproteobacteria","Enterobacterales","Enterobacteriaceae","UBA7405","UBA7405 sp002469605",25,"Bay","B"
"102",23,29,21,0.44641447270839,0.151434782608696,2.02985722043478,4.47630027294463,4.8,1.99,2.31369972705537,"Bacteria","Pseudomonadota","Gammaproteobacteria","Enterobacterales","Enterobacteriaceae","UBA7405","UBA7405 sp002469605",25,"Bay","B"
"102",28,29,21,0.462932506270831,0.213569565217391,3.29657774434783,5.26162616424253,4.3,1.99,1.02837383575747,"Bacteria","Pseudomonadota","Gammaproteobacteria","Enterobacterales","Enterobacteriaceae","UBA7405","UBA7405 sp002469605",25,"Bay","B"
"102",33,29,21,0.459001611011879,0.333921739130435,5.35901859521739,5.97436634806257,4.3,1.99,0.315633651937433,"Bacteria","Pseudomonadota","Gammaproteobacteria","Enterobacterales","Enterobacteriaceae","UBA7405","UBA7405 sp002469605",25,"Bay","B"
"102",38,29,21,0.431992260497033,0.241973913043478,3.38982486521739,4.02588564505945,4.63,1.99,2.59411435494055,"Bacteria","Pseudomonadota","Gammaproteobacteria","Enterobacterales","Enterobacteriaceae","UBA7405","UBA7405 sp002469605",25,"Bay","B"
"102",43,29,21,0.374419756884127,0.0494404347826087,0.258153781521739,5.682291292683,14.23,1.99,10.537708707317,"Bacteria","Pseudomonadota","Gammaproteobacteria","Enterobacterales","Enterobacteriaceae","UBA7405","UBA7405 sp002469605",25,"Bay","B"
"103",15,29,21,0.301786936108926,0.223291304347826,1.62360547652174,5.96799917181147,8.77,1.99,4.79200082818853,"Bacteria","Pseudomonadota","Gammaproteobacteria","Enterobacterales","Enterobacteriaceae","Buttiauxella","Buttiauxella davisae_A",25,"Bay","P"
"103",23,29,21,0.259734827753286,0.0937673913043478,0.865271733478261,6.21441959956013,8.61,1.99,4.38558040043987,"Bacteria","Pseudomonadota","Gammaproteobacteria","Enterobacterales","Enterobacteriaceae","Buttiauxella","Buttiauxella davisae_A",25,"Bay","P"
"103",28,29,21,0.29514551258186,0.101447826086957,1.44331884434783,4.82342070967667,5.46,1.99,2.62657929032333,"Bacteria","Pseudomonadota","Gammaproteobacteria","Enterobacterales","Enterobacteriaceae","Buttiauxella","Buttiauxella davisae_A",25,"Bay","P"
"103",33,29,21,0.278503007096127,0.141887391304348,0.646642725652174,8.6426254580766,19.53,1.99,12.8773745419234,"Bacteria","Pseudomonadota","Gammaproteobacteria","Enterobacterales","Enterobacteriaceae","Buttiauxella","Buttiauxella davisae_A",25,"Bay","P"
"103",38,29,21,0,0.00891378260869565,0.15891349673913,26.5667097000081,4.47,1.99,-20.1067097000081,"Bacteria","Pseudomonadota","Gammaproteobacteria","Enterobacterales","Enterobacteriaceae","Buttiauxella","Buttiauxella davisae_A",25,"Bay","P"
"103",43,29,21,0,0.00301026086956522,0.0456369567391304,8.97225378765394,14.9,1.99,7.91774621234606,"Bacteria","Pseudomonadota","Gammaproteobacteria","Enterobacterales","Enterobacteriaceae","Buttiauxella","Buttiauxella davisae_A",25,"Bay","P"
"104",15,29,21,0.231483364064511,0.0845308695652174,0.603187606956522,4.54885302233559,8.94,1.99,6.38114697766441,"Bacteria","Pseudomonadota","Gammaproteobacteria","Pseudomonadales","Pseudomonadaceae","Pseudomonas_E","Pseudomonas_E sp002878485",25,"Bay","P"
"104",23,29,21,0.243790921261035,0.127652173913043,1.07475301869565,8.05656838467375,8.77,1.99,2.70343161532625,"Bacteria","Pseudomonadota","Gammaproteobacteria","Pseudomonadales","Pseudomonadaceae","Pseudomonas_E","Pseudomonas_E sp002878485",25,"Bay","P"
"104",28,29,21,0.333885095024391,0.152534782608696,1.61893385826087,5.55338518097603,6.12,1.99,2.55661481902397,"Bacteria","Pseudomonadota","Gammaproteobacteria","Pseudomonadales","Pseudomonadaceae","Pseudomonas_E","Pseudomonas_E sp002878485",25,"Bay","P"
"104",33,29,21,0.271513556034308,0.0936191304347826,1.04723049,6.02234793059243,6.12,1.99,2.08765206940757,"Bacteria","Pseudomonadota","Gammaproteobacteria","Pseudomonadales","Pseudomonadaceae","Pseudomonas_E","Pseudomonas_E sp002878485",25,"Bay","P"
"104",38,29,21,0,0.000528334782608696,0.00687960813913044,41.2919622787947,4.47,1.99,-34.8319622787947,"Bacteria","Pseudomonadota","Gammaproteobacteria","Pseudomonadales","Pseudomonadaceae","Pseudomonas_E","Pseudomonas_E sp002878485",25,"Bay","P"
"104",43,29,21,0,0.00022943347826087,0.00175517937869565,4.06504276751677,12.74,1.99,10.6649572324832,"Bacteria","Pseudomonadota","Gammaproteobacteria","Pseudomonadales","Pseudomonadaceae","Pseudomonas_E","Pseudomonas_E sp002878485",25,"Bay","P"
"105",15,29,21,0.233121412132435,0.169447826086957,1.73770447391304,6.94994167548001,13.9,1.99,8.94005832451999,"Bacteria","Pseudomonadota","Gammaproteobacteria","Pseudomonadales","Pseudomonadaceae","Pseudomonas_E","Pseudomonas_E shirazensis",25,"Bay","P"
"105",23,29,21,0.335201016509351,0.164113043478261,1.97035311,7.29729894626091,8.61,1.99,3.30270105373909,"Bacteria","Pseudomonadota","Gammaproteobacteria","Pseudomonadales","Pseudomonadaceae","Pseudomonas_E","Pseudomonas_E shirazensis",25,"Bay","P"
"105",28,29,21,0.400660952941268,0.121578260869565,1.52997307282609,4.62513552959024,4.63,1.99,1.99486447040976,"Bacteria","Pseudomonadota","Gammaproteobacteria","Pseudomonadales","Pseudomonadaceae","Pseudomonas_E","Pseudomonas_E shirazensis",25,"Bay","P"
"105",33,29,21,0.209647932275153,0.0635495652173913,1.09570944565217,5.59361625833506,4.3,1.99,0.696383741664937,"Bacteria","Pseudomonadota","Gammaproteobacteria","Pseudomonadales","Pseudomonadaceae","Pseudomonas_E","Pseudomonas_E shirazensis",25,"Bay","P"
"105",38,29,21,0.0251997222782779,0.0182021739130435,0.325763563043478,6.70901733075174,4.3,1.99,-0.419017330751744,"Bacteria","Pseudomonadota","Gammaproteobacteria","Pseudomonadales","Pseudomonadaceae","Pseudomonas_E","Pseudomonas_E shirazensis",25,"Bay","P"
"105",43,29,21,0,0.003832,0.0556314784782609,5.68820074155606,14.9,1.99,11.2017992584439,"Bacteria","Pseudomonadota","Gammaproteobacteria","Pseudomonadales","Pseudomonadaceae","Pseudomonas_E","Pseudomonas_E shirazensis",25,"Bay","P"
"106",15,29,21,0.408209591396994,0.191330434782609,1.58448193978261,5.82999386252776,12.08,1.99,8.24000613747224,"Bacteria","Pseudomonadota","Gammaproteobacteria","Pseudomonadales","Pseudomonadaceae","Pseudomonas_E","Pseudomonas_E sp002980155",25,"Bay","P"
"106",23,29,21,0.351572487850528,0.135817391304348,1.78111283695652,7.33008359219962,7.61,1.99,2.26991640780038,"Bacteria","Pseudomonadota","Gammaproteobacteria","Pseudomonadales","Pseudomonadaceae","Pseudomonas_E","Pseudomonas_E sp002980155",25,"Bay","P"
"106",28,29,21,0.404185508674048,0.128295652173913,1.638480905,5.73227581640276,6.12,1.99,2.37772418359724,"Bacteria","Pseudomonadota","Gammaproteobacteria","Pseudomonadales","Pseudomonadaceae","Pseudomonas_E","Pseudomonas_E sp002980155",25,"Bay","P"
"106",33,29,21,0.283955104955214,0.150352173913043,2.05383010434783,4.88956978288831,7.94,1.99,5.04043021711169,"Bacteria","Pseudomonadota","Gammaproteobacteria","Pseudomonadales","Pseudomonadaceae","Pseudomonas_E","Pseudomonas_E sp002980155",25,"Bay","P"
"106",38,29,21,0,0.00191782608695652,0.032591975,-98.9083653025759,4.47,1.99,105.368365302576,"Bacteria","Pseudomonadota","Gammaproteobacteria","Pseudomonadales","Pseudomonadaceae","Pseudomonas_E","Pseudomonas_E sp002980155",25,"Bay","P"
"106",43,29,21,0,1.16547826086957e-05,7.55007782608697e-05,0.838574948911864,12.08,1.99,13.2314250510881,"Bacteria","Pseudomonadota","Gammaproteobacteria","Pseudomonadales","Pseudomonadaceae","Pseudomonas_E","Pseudomonas_E sp002980155",25,"Bay","P"
"107",15,29,21,0.375390927468467,0.177104347826087,1.53585510382609,9.11179181429677,10.92,1.99,3.79820818570323,"Bacteria","Pseudomonadota","Gammaproteobacteria","Pseudomonadales","Pseudomonadaceae","Pseudomonas_E","Pseudomonas_E sp002980155",25,"Bay","P"
"107",23,29,21,0.312011817421795,0.121286956521739,1.71654757326087,6.84336013615508,6.95,1.99,2.09663986384492,"Bacteria","Pseudomonadota","Gammaproteobacteria","Pseudomonadales","Pseudomonadaceae","Pseudomonas_E","Pseudomonas_E sp002980155",25,"Bay","P"
"107",28,29,21,0.409526274199882,0.131934782608696,1.60270186782609,4.25241182017546,4.3,1.99,2.03758817982454,"Bacteria","Pseudomonadota","Gammaproteobacteria","Pseudomonadales","Pseudomonadaceae","Pseudomonas_E","Pseudomonas_E sp002980155",25,"Bay","P"
"107",33,29,21,0.267331061540696,0.151291304347826,1.99023733913044,5.96581324418416,7.28,1.99,3.30418675581584,"Bacteria","Pseudomonadota","Gammaproteobacteria","Pseudomonadales","Pseudomonadaceae","Pseudomonas_E","Pseudomonas_E sp002980155",25,"Bay","P"
"107",38,29,21,0,0.000977347826086957,0.0154626728913043,105.145825483889,11.09,1.99,-92.0658254838892,"Bacteria","Pseudomonadota","Gammaproteobacteria","Pseudomonadales","Pseudomonadaceae","Pseudomonas_E","Pseudomonas_E sp002980155",25,"Bay","P"
"107",43,29,21,0,0,0,NA,4.3,1.99,NA,"Bacteria","Pseudomonadota","Gammaproteobacteria","Pseudomonadales","Pseudomonadaceae","Pseudomonas_E","Pseudomonas_E sp002980155",25,"Bay","P"
"108",15,29,21,0.214603656100808,0.0831613043478261,1.2751187826087,4.81569528848246,4.3,1.99,1.47430471151754,"Bacteria","Pseudomonadota","Gammaproteobacteria","Pseudomonadales","Pseudomonadaceae","Pseudomonas_E","Pseudomonas_E edaphica",25,"Bay","P"
"108",23,29,21,0.298328959614605,0.144008695652174,1.78538411217391,4.76094721199209,5.46,1.99,2.68905278800791,"Bacteria","Pseudomonadota","Gammaproteobacteria","Pseudomonadales","Pseudomonadaceae","Pseudomonas_E","Pseudomonas_E edaphica",25,"Bay","P"
"108",28,29,21,0.38473774395836,0.119973913043478,1.87589943913043,4.14490976577671,4.8,1.99,2.64509023422329,"Bacteria","Pseudomonadota","Gammaproteobacteria","Pseudomonadales","Pseudomonadaceae","Pseudomonas_E","Pseudomonas_E edaphica",25,"Bay","P"
"108",33,29,21,0.140587482876702,0.0969813043478261,1.4022290326087,5.44304391475484,5.46,1.99,2.00695608524516,"Bacteria","Pseudomonadota","Gammaproteobacteria","Pseudomonadales","Pseudomonadaceae","Pseudomonas_E","Pseudomonas_E edaphica",25,"Bay","P"
"108",38,29,21,0,0,0,NA,4.3,1.99,NA,"Bacteria","Pseudomonadota","Gammaproteobacteria","Pseudomonadales","Pseudomonadaceae","Pseudomonas_E","Pseudomonas_E edaphica",25,"Bay","P"
"108",43,29,21,0,0,0,NA,4.3,1.99,NA,"Bacteria","Pseudomonadota","Gammaproteobacteria","Pseudomonadales","Pseudomonadaceae","Pseudomonas_E","Pseudomonas_E edaphica",25,"Bay","P"
"141",15,29,21,0,0.00402806521739131,0.0175936821706522,5.03451006069557,5.46,1.99,2.41548993930443,"Bacteria","Pseudomonadota","Gammaproteobacteria","Pseudomonadales","Pseudomonadaceae","Stutzerimonas","",15,"Sierras","W"
"141",23,29,21,0.047147190237104,0.0165139130434783,0.177396059565218,13.0210710586943,19.86,1.99,8.82892894130574,"Bacteria","Pseudomonadota","Gammaproteobacteria","Pseudomonadales","Pseudomonadaceae","Stutzerimonas","",15,"Sierras","W"
"141",28,29,21,0.183831643070182,0.0690686956521739,0.683016425543479,9.32222669829583,12.66,1.99,5.32777330170415,"Bacteria","Pseudomonadota","Gammaproteobacteria","Pseudomonadales","Pseudomonadaceae","Stutzerimonas","",15,"Sierras","W"
"141",33,29,21,0.308823562792935,0.0606186956521739,0.472473057826087,6.67504250625008,10.92,1.99,6.23495749374992,"Bacteria","Pseudomonadota","Gammaproteobacteria","Pseudomonadales","Pseudomonadaceae","Stutzerimonas","",15,"Sierras","W"
"141",38,29,21,0,0.000136619130434783,7.21897847826086e-05,1.71350929731053,6.205,1.99,6.48149070268947,"Bacteria","Pseudomonadota","Gammaproteobacteria","Pseudomonadales","Pseudomonadaceae","Stutzerimonas","",15,"Sierras","W"
"141",43,29,21,0,0.00196447826086957,0.0350302893478261,9.78390864733445,18.87,1.99,11.0760913526655,"Bacteria","Pseudomonadota","Gammaproteobacteria","Pseudomonadales","Pseudomonadaceae","Stutzerimonas","",15,"Sierras","W"
"142",15,29,21,0,0.00447160869565217,0.059255225978261,4.79466140341755,16.72,1.99,13.9153385965824,"Bacteria","Pseudomonadota","Gammaproteobacteria","Pseudomonadales","Pseudomonadaceae","Stutzerimonas","",15,"Sierras","W"
"142",23,29,21,0.0747296037235975,0.0160504347826087,0.102778344108696,4.75556224863345,4.3,1.99,1.53443775136655,"Bacteria","Pseudomonadota","Gammaproteobacteria","Pseudomonadales","Pseudomonadaceae","Stutzerimonas","",15,"Sierras","W"
"142",28,29,21,0.302135226992909,0.0472645652173913,0.277545486195653,6.53318010796538,11.585,1.99,7.04181989203462,"Bacteria","Pseudomonadota","Gammaproteobacteria","Pseudomonadales","Pseudomonadaceae","Stutzerimonas","",15,"Sierras","W"
"142",33,29,21,0.359883870934266,0.0702926086956522,0.722260313826087,8.35471486549706,8.11,1.99,1.74528513450294,"Bacteria","Pseudomonadota","Gammaproteobacteria","Pseudomonadales","Pseudomonadaceae","Stutzerimonas","",15,"Sierras","W"
"142",38,29,21,0,6.9108695652174e-05,2.36243913043479e-05,NA,4.3,1.99,NA,"Bacteria","Pseudomonadota","Gammaproteobacteria","Pseudomonadales","Pseudomonadaceae","Stutzerimonas","",15,"Sierras","W"
"142",43,29,21,0,0.00025272652173913,0.000764503038043478,-4.87858523494679,6.95,1.99,13.8185852349468,"Bacteria","Pseudomonadota","Gammaproteobacteria","Pseudomonadales","Pseudomonadaceae","Stutzerimonas","",15,"Sierras","W"
"143",15,29,21,0,0.00497163043478261,0.050699165652174,5.30869532690765,15.06,1.99,11.7413046730924,"Bacteria","Pseudomonadota","Gammaproteobacteria","Pseudomonadales","Pseudomonadaceae","Stutzerimonas","",15,"Sierras","W"
"143",23,29,21,0.135185238071625,0.00810304347826085,0.0259982162608695,-0.33,10.92,1.99,13.24,"Bacteria","Pseudomonadota","Gammaproteobacteria","Pseudomonadales","Pseudomonadaceae","Stutzerimonas","",15,"Sierras","W"
"143",28,29,21,0.357751059610977,0.0458013043478261,0.233568257959783,1.49881002846643,5.545,1.99,6.03618997153357,"Bacteria","Pseudomonadota","Gammaproteobacteria","Pseudomonadales","Pseudomonadaceae","Stutzerimonas","",15,"Sierras","W"
"143",33,29,21,0.240899362224528,0.0355404347826087,0.277076188434783,4.90993050668503,4.3,1.99,1.38006949331497,"Bacteria","Pseudomonadota","Gammaproteobacteria","Pseudomonadales","Pseudomonadaceae","Stutzerimonas","",15,"Sierras","W"
"143",38,29,21,0,0,0,NA,NA,1.99,NA,"Bacteria","Pseudomonadota","Gammaproteobacteria","Pseudomonadales","Pseudomonadaceae","Stutzerimonas","",15,"Sierras","W"
"143",43,29,21,0,0.00156282608695652,0.0157610867608696,4.75181033811882,15.89,1.99,13.1281896618812,"Bacteria","Pseudomonadota","Gammaproteobacteria","Pseudomonadales","Pseudomonadaceae","Stutzerimonas","",15,"Sierras","W"
"144",15,29,21,0.0251909776316134,0.0183110869565218,0.276938947826087,5.06501213544442,4.3,1.99,1.22498786455558,"Bacteria","Pseudomonadota","Gammaproteobacteria","Pseudomonadales","Pseudomonadaceae","Pseudomonas_E","",15,"Sierras","W"
"144",23,29,21,0.17983646303827,0.0119028260869565,0.0326553869706522,-0.33,9.1,1.99,11.42,"Bacteria","Pseudomonadota","Gammaproteobacteria","Pseudomonadales","Pseudomonadaceae","Pseudomonas_E","",15,"Sierras","W"
"144",28,29,21,0.243035946972905,0.046795,0.210511753608696,10.5069720022757,10.425,1.99,1.90802799772437,"Bacteria","Pseudomonadota","Gammaproteobacteria","Pseudomonadales","Pseudomonadaceae","Pseudomonas_E","",15,"Sierras","W"
"144",33,29,21,0,0.00706852173913043,0.117249992173913,4.99379399674224,4.3,1.99,1.29620600325776,"Bacteria","Pseudomonadota","Gammaproteobacteria","Pseudomonadales","Pseudomonadaceae","Pseudomonas_E","",15,"Sierras","W"
"144",38,29,21,0,9.9532608695652e-05,3.34803152173913e-05,NA,4.3,1.99,NA,"Bacteria","Pseudomonadota","Gammaproteobacteria","Pseudomonadales","Pseudomonadaceae","Pseudomonas_E","",15,"Sierras","W"
"144",43,29,21,0,3.54630434782609e-05,6.79089086956522e-05,-8.61,7.61,1.99,18.21,"Bacteria","Pseudomonadota","Gammaproteobacteria","Pseudomonadales","Pseudomonadaceae","Pseudomonas_E","",15,"Sierras","W"
"145",15,29,21,0.0288027773073029,0.00772608695652175,0.0979736989130435,9.68899968697686,19.86,1.99,12.1610003130231,"Bacteria","Pseudomonadota","Gammaproteobacteria","Pseudomonadales","Pseudomonadaceae","Pseudomonas_E","",15,"Sierras","W"
"145",23,29,21,0,0.00791141304347825,0.0242738568804348,-0.33,8.11,1.99,10.43,"Bacteria","Pseudomonadota","Gammaproteobacteria","Pseudomonadales","Pseudomonadaceae","Pseudomonas_E","",15,"Sierras","W"
"145",28,29,21,0.270371902849222,0.0422991304347826,0.168291340570652,6.14444598240715,10.92,1.99,6.76555401759286,"Bacteria","Pseudomonadota","Gammaproteobacteria","Pseudomonadales","Pseudomonadaceae","Pseudomonas_E","",15,"Sierras","W"
"145",33,29,21,0,0.0055445652173913,0.0564278332434783,5.86782444576537,4.3,1.99,0.422175554234631,"Bacteria","Pseudomonadota","Gammaproteobacteria","Pseudomonadales","Pseudomonadaceae","Pseudomonas_E","",15,"Sierras","W"
"145",38,29,21,0,0.00304219565217391,0.0361413025,-20.4472094789079,12.25,1.99,34.6872094789079,"Bacteria","Pseudomonadota","Gammaproteobacteria","Pseudomonadales","Pseudomonadaceae","Pseudomonas_E","",15,"Sierras","W"
"145",43,29,21,0,8.28695652173913e-06,2.88610217391304e-05,-0.33,7.61,1.99,9.93,"Bacteria","Pseudomonadota","Gammaproteobacteria","Pseudomonadales","Pseudomonadaceae","Pseudomonas_E","",15,"Sierras","W"
"146",15,29,21,0.0353414202538075,0.0127523913043479,0.182905941304348,5.84322391849743,5.96,1.99,2.10677608150257,"Bacteria","Pseudomonadota","Gammaproteobacteria","Pseudomonadales","Pseudomonadaceae","Pseudomonas_E","",15,"Sierras","W"
"146",23,29,21,0,0,0,NA,NA,1.99,NA,"Bacteria","Pseudomonadota","Gammaproteobacteria","Pseudomonadales","Pseudomonadaceae","Pseudomonas_E","",15,"Sierras","W"
"146",28,29,21,0,0.00394847826086957,0.0343544672054348,3.31604871324472,6.455,1.99,5.12895128675528,"Bacteria","Pseudomonadota","Gammaproteobacteria","Pseudomonadales","Pseudomonadaceae","Pseudomonas_E","",15,"Sierras","W"
"146",33,29,21,0,0.00274030434782609,0.0496708878260869,4.46616852284092,9.77,1.99,7.29383147715908,"Bacteria","Pseudomonadota","Gammaproteobacteria","Pseudomonadales","Pseudomonadaceae","Pseudomonas_E","",15,"Sierras","W"
"146",38,29,21,0,0.00280958695652174,0.0427846068478261,7.65866705013774,18.87,1.99,13.2013329498623,"Bacteria","Pseudomonadota","Gammaproteobacteria","Pseudomonadales","Pseudomonadaceae","Pseudomonas_E","",15,"Sierras","W"
"146",43,29,21,0,2.32326086956522e-05,0.00014219827826087,4.87223260200194,8.28,1.99,5.39776739799806,"Bacteria","Pseudomonadota","Gammaproteobacteria","Pseudomonadales","Pseudomonadaceae","Pseudomonas_E","",15,"Sierras","W"
"147",15,29,21,0,0.00859286956521741,0.0407446656413043,1.76091402632147,13.325,1.99,13.5540859736785,"Bacteria","Pseudomonadota","Gammaproteobacteria","Pseudomonadales","Pseudomonadaceae","Pseudomonas_E","",15,"Sierras","W"
"147",23,29,21,0.121071108078005,0.010094347826087,0.0452825131195652,4.75912340993348,8.94,1.99,6.17087659006652,"Bacteria","Pseudomonadota","Gammaproteobacteria","Pseudomonadales","Pseudomonadaceae","Pseudomonas_E","",15,"Sierras","W"
"147",28,29,21,0.208933550303567,0.0781832608695652,0.721233711304348,5.81344751585988,15.72,1.99,11.8965524841401,"Bacteria","Pseudomonadota","Gammaproteobacteria","Pseudomonadales","Pseudomonadaceae","Pseudomonas_E","",15,"Sierras","W"
"147",33,29,21,0.0173370730340221,0.0103622608695652,0.148741304347826,5.7920577508239,7.12,1.99,3.3179422491761,"Bacteria","Pseudomonadota","Gammaproteobacteria","Pseudomonadales","Pseudomonadaceae","Pseudomonas_E","",15,"Sierras","W"
"147",38,29,21,0,0.00432615217391304,0.0600100606847826,-6.32182487376742,12.495,1.99,20.8068248737675,"Bacteria","Pseudomonadota","Gammaproteobacteria","Pseudomonadales","Pseudomonadaceae","Pseudomonas_E","",15,"Sierras","W"
"147",43,29,21,0,0.000395791304347826,0.00698402319130435,22.2353300145189,10.43,1.99,-9.81533001451891,"Bacteria","Pseudomonadota","Gammaproteobacteria","Pseudomonadales","Pseudomonadaceae","Pseudomonas_E","",15,"Sierras","W"
"148",15,29,21,0.358678345392253,0.115990434782609,0.559653917391304,7.36890284943615,15.89,1.99,10.5110971505638,"Bacteria","Pseudomonadota","Gammaproteobacteria","Pseudomonadales","Pseudomonadaceae","Pseudomonas_E","Pseudomonas_E sp012935755",15,"Sierras","S"
"148",23,29,21,0.447845060809092,0.159730434782609,1.2484063,5.58434814733415,10.92,1.99,7.32565185266585,"Bacteria","Pseudomonadota","Gammaproteobacteria","Pseudomonadales","Pseudomonadaceae","Pseudomonas_E","Pseudomonas_E sp012935755",15,"Sierras","S"
"148",28,29,21,0.413546298786238,0.0964171739130434,0.692601814798913,4.9583761441233,8.025,1.99,5.05662385587669,"Bacteria","Pseudomonadota","Gammaproteobacteria","Pseudomonadales","Pseudomonadaceae","Pseudomonas_E","Pseudomonas_E sp012935755",15,"Sierras","S"
"148",33,29,21,0,0.00111968695652174,0.0189196071086957,8.93857283782281,4.3,1.99,-2.64857283782281,"Bacteria","Pseudomonadota","Gammaproteobacteria","Pseudomonadales","Pseudomonadaceae","Pseudomonas_E","Pseudomonas_E sp012935755",15,"Sierras","S"
"148",38,29,21,0,7.77358695652175e-05,3.23771565217392e-05,1.99,4.3,1.99,4.3,"Bacteria","Pseudomonadota","Gammaproteobacteria","Pseudomonadales","Pseudomonadaceae","Pseudomonas_E","Pseudomonas_E sp012935755",15,"Sierras","S"
"148",43,29,21,0,8.41058695652174e-05,0.000140383970652174,-0.330000000000002,17.21,1.99,19.53,"Bacteria","Pseudomonadota","Gammaproteobacteria","Pseudomonadales","Pseudomonadaceae","Pseudomonas_E","Pseudomonas_E sp012935755",15,"Sierras","S"
"149",15,29,21,0.0314579774135392,0.0084371739130435,0.0995505304347825,4.93706099172721,4.3,1.99,1.35293900827279,"Bacteria","Pseudomonadota","Gammaproteobacteria","Pseudomonadales","Pseudomonadaceae","Pseudomonas_E","",15,"Sierras","S"
"149",23,29,21,0.0354107222008007,0.0208789130434783,0.244184697826087,5.4744792501358,4.3,1.99,0.815520749864198,"Bacteria","Pseudomonadota","Gammaproteobacteria","Pseudomonadales","Pseudomonadaceae","Pseudomonas_E","",15,"Sierras","S"
"149",28,29,21,0.263925254526607,0.0620271739130435,0.286799398341305,3.06014668832494,5.295,1.99,4.22485331167506,"Bacteria","Pseudomonadota","Gammaproteobacteria","Pseudomonadales","Pseudomonadaceae","Pseudomonas_E","",15,"Sierras","S"
"149",33,29,21,0.307351689210909,0.067285652173913,0.726528718065217,4.67705551079931,4.3,1.99,1.61294448920069,"Bacteria","Pseudomonadota","Gammaproteobacteria","Pseudomonadales","Pseudomonadaceae","Pseudomonas_E","",15,"Sierras","S"
"149",38,29,21,0,0.00073893043478261,0.0106848462717391,38.7834364254145,5.295,1.99,-30.5034364254145,"Bacteria","Pseudomonadota","Gammaproteobacteria","Pseudomonadales","Pseudomonadaceae","Pseudomonas_E","",15,"Sierras","S"
"149",43,29,21,0,0.00802804347826087,0.122762215217391,-10.4387542956956,13.9,1.99,26.3287542956956,"Bacteria","Pseudomonadota","Gammaproteobacteria","Pseudomonadales","Pseudomonadaceae","Pseudomonas_E","",15,"Sierras","S"
"150",15,29,21,0,0.0152953260869565,0.0719719030652174,4.26345871378025,13.405,1.99,11.1315412862197,"Bacteria","Pseudomonadota","Gammaproteobacteria","Pseudomonadales","Pseudomonadaceae","Pseudomonas_E","",15,"Sierras","S"
"150",23,29,21,0,0,0,NA,NA,1.99,NA,"Bacteria","Pseudomonadota","Gammaproteobacteria","Pseudomonadales","Pseudomonadaceae","Pseudomonas_E","",15,"Sierras","S"
"150",28,29,21,0.288289165093853,0.0317447826086956,0.1669336725,2.60327724588076,15.06,1.99,14.4467227541192,"Bacteria","Pseudomonadota","Gammaproteobacteria","Pseudomonadales","Pseudomonadaceae","Pseudomonas_E","",15,"Sierras","S"
"150",33,29,21,0,0.00122969565217391,0.0169712349782609,5.59743120654038,4.3,1.99,0.692568793459616,"Bacteria","Pseudomonadota","Gammaproteobacteria","Pseudomonadales","Pseudomonadaceae","Pseudomonas_E","",15,"Sierras","S"
"150",38,29,21,0,5.3898260869565e-05,1.83318652173913e-05,NA,4.3,1.99,NA,"Bacteria","Pseudomonadota","Gammaproteobacteria","Pseudomonadales","Pseudomonadaceae","Pseudomonas_E","",15,"Sierras","S"
"150",43,29,21,0,0,0,NA,NA,1.99,NA,"Bacteria","Pseudomonadota","Gammaproteobacteria","Pseudomonadales","Pseudomonadaceae","Pseudomonas_E","",15,"Sierras","S"
"151",15,29,21,0.443838750758746,0.0760578260869565,0.412054628858695,4.39564357507376,11.505,1.99,9.09935642492624,"Bacteria","Pseudomonadota","Gammaproteobacteria","Pseudomonadales","Pseudomonadaceae","Pseudomonas_E","Pseudomonas_E migulae_B",15,"Sierras","S"
"151",23,29,21,0.491386437997484,0.124134782608696,0.794740759369565,6.45680539277411,8.77,1.99,4.30319460722589,"Bacteria","Pseudomonadota","Gammaproteobacteria","Pseudomonadales","Pseudomonadaceae","Pseudomonas_E","Pseudomonas_E migulae_B",15,"Sierras","S"
"151",28,29,21,0.33880511591642,0.104649130434783,1.09993539695652,6.67243098099405,8.355,1.99,3.67256901900595,"Bacteria","Pseudomonadota","Gammaproteobacteria","Pseudomonadales","Pseudomonadaceae","Pseudomonas_E","Pseudomonas_E migulae_B",15,"Sierras","S"
"151",33,29,21,0,0.013714347826087,0.0824517499956521,5.20203467364017,5.46,1.99,2.24796532635983,"Bacteria","Pseudomonadota","Gammaproteobacteria","Pseudomonadales","Pseudomonadaceae","Pseudomonas_E","Pseudomonas_E migulae_B",15,"Sierras","S"
"151",38,29,21,0,0,0,NA,NA,1.99,NA,"Bacteria","Pseudomonadota","Gammaproteobacteria","Pseudomonadales","Pseudomonadaceae","Pseudomonas_E","Pseudomonas_E migulae_B",15,"Sierras","S"
"151",43,29,21,0,0.00227891304347826,0.0349038175434783,7.40130666218808,4.3,1.99,-1.11130666218808,"Bacteria","Pseudomonadota","Gammaproteobacteria","Pseudomonadales","Pseudomonadaceae","Pseudomonas_E","Pseudomonas_E migulae_B",15,"Sierras","S"
"152",15,29,21,0.0402130641073768,0.0168176086956522,0.26233219673913,5.23346249341881,4.3,1.99,1.05653750658119,"Bacteria","Bacteroidota","Bacteroidia","Flavobacteriales","Weeksellaceae","Chryseobacterium","",15,"Sierras","S"
"152",23,29,21,0,0,0,NA,NA,1.99,NA,"Bacteria","Bacteroidota","Bacteroidia","Flavobacteriales","Weeksellaceae","Chryseobacterium","",15,"Sierras","S"
"152",28,29,21,0,5.02652173913045e-06,3.14487391304348e-06,NA,4.3,1.99,NA,"Bacteria","Bacteroidota","Bacteroidia","Flavobacteriales","Weeksellaceae","Chryseobacterium","",15,"Sierras","S"
"152",33,29,21,0,0,0,NA,NA,1.99,NA,"Bacteria","Bacteroidota","Bacteroidia","Flavobacteriales","Weeksellaceae","Chryseobacterium","",15,"Sierras","S"
"152",38,29,21,0,0,0,NA,NA,1.99,NA,"Bacteria","Bacteroidota","Bacteroidia","Flavobacteriales","Weeksellaceae","Chryseobacterium","",15,"Sierras","S"
"152",43,29,21,0,0.00560482608695652,0.0973989180434783,8.76937880645228,4.3,1.99,-2.47937880645228,"Bacteria","Bacteroidota","Bacteroidia","Flavobacteriales","Weeksellaceae","Chryseobacterium","",15,"Sierras","S"
"153",15,29,21,0.33111859950257,0.0385176086956522,0.144493352336956,-0.33,9.765,1.99,12.085,"Bacteria","Pseudomonadota","Gammaproteobacteria","Pseudomonadales","Pseudomonadaceae","Pseudomonas_E","",15,"Sierras","S"
"153",23,29,21,0.406743083444431,0.0748060869565217,0.471068101565217,0.66,4.3,1.99,5.63,"Bacteria","Pseudomonadota","Gammaproteobacteria","Pseudomonadales","Pseudomonadaceae","Pseudomonas_E","",15,"Sierras","S"
"153",28,29,21,0.218667352445877,0.0890728260869566,0.713696712529891,8.52452608934963,8.605,1.99,2.07047391065039,"Bacteria","Pseudomonadota","Gammaproteobacteria","Pseudomonadales","Pseudomonadaceae","Pseudomonas_E","",15,"Sierras","S"
"153",33,29,21,0,0.00249247826086957,0.0391663613043478,7.57210501367882,6.95,1.99,1.36789498632118,"Bacteria","Pseudomonadota","Gammaproteobacteria","Pseudomonadales","Pseudomonadaceae","Pseudomonas_E","",15,"Sierras","S"
"153",38,29,21,0,0,0,NA,4.3,1.99,NA,"Bacteria","Pseudomonadota","Gammaproteobacteria","Pseudomonadales","Pseudomonadaceae","Pseudomonas_E","",15,"Sierras","S"
"153",43,29,21,0,0,0,NA,NA,1.99,NA,"Bacteria","Pseudomonadota","Gammaproteobacteria","Pseudomonadales","Pseudomonadaceae","Pseudomonas_E","",15,"Sierras","S"
"154",15,29,21,0.319735045472201,0.0380915217391305,0.161293776083696,2.90555613470499,9.02,1.99,8.10444386529501,"Bacteria","Pseudomonadota","Gammaproteobacteria","Pseudomonadales","Pseudomonadaceae","Pseudomonas_E","",15,"Sierras","S"
"154",23,29,21,0.423283128240327,0.0844408695652174,0.617451721380435,5.5329827852142,4.47,1.99,0.9270172147858,"Bacteria","Pseudomonadota","Gammaproteobacteria","Pseudomonadales","Pseudomonadaceae","Pseudomonas_E","",15,"Sierras","S"
"154",28,29,21,0.346594563471808,0.0740534782608696,0.458366740627174,4.04138621231639,4.3,1.99,2.24861378768361,"Bacteria","Pseudomonadota","Gammaproteobacteria","Pseudomonadales","Pseudomonadaceae","Pseudomonas_E","",15,"Sierras","S"
"154",33,29,21,0,0.000996726086956522,0.0118358248217391,5.51261419144043,4.3,1.99,0.777385808559573,"Bacteria","Pseudomonadota","Gammaproteobacteria","Pseudomonadales","Pseudomonadaceae","Pseudomonas_E","",15,"Sierras","S"
"154",38,29,21,0,0,0,NA,4.3,1.99,NA,"Bacteria","Pseudomonadota","Gammaproteobacteria","Pseudomonadales","Pseudomonadaceae","Pseudomonas_E","",15,"Sierras","S"
"154",43,29,21,0,0,0,NA,NA,1.99,NA,"Bacteria","Pseudomonadota","Gammaproteobacteria","Pseudomonadales","Pseudomonadaceae","Pseudomonas_E","",15,"Sierras","S"
"155",15,29,21,0.080668139562801,0.042504347826087,0.239325826,2.30837937292373,9.68,1.99,9.36162062707627,"Bacteria","Pseudomonadota","Gammaproteobacteria","Pseudomonadales","Pseudomonadaceae","Pseudomonas_E","",15,"Sierras","S"
"155",23,29,21,0.426901250845722,0.0798534782608696,0.551371902369565,7.26315660986189,4.3,1.99,-0.97315660986189,"Bacteria","Pseudomonadota","Gammaproteobacteria","Pseudomonadales","Pseudomonadaceae","Pseudomonas_E","",15,"Sierras","S"
"155",28,29,21,0.311053189272017,0.0768469565217391,0.487385873067934,6.7443424246919,4.3,1.99,-0.454342424691907,"Bacteria","Pseudomonadota","Gammaproteobacteria","Pseudomonadales","Pseudomonadaceae","Pseudomonas_E","",15,"Sierras","S"
"155",33,29,21,0,0.000921882608695652,0.0112933538043478,4.15269932565032,19.86,1.99,17.6973006743497,"Bacteria","Pseudomonadota","Gammaproteobacteria","Pseudomonadales","Pseudomonadaceae","Pseudomonas_E","",15,"Sierras","S"
"155",38,29,21,0,0,0,NA,NA,1.99,NA,"Bacteria","Pseudomonadota","Gammaproteobacteria","Pseudomonadales","Pseudomonadaceae","Pseudomonas_E","",15,"Sierras","S"
"155",43,29,21,0,0,0,NA,NA,1.99,NA,"Bacteria","Pseudomonadota","Gammaproteobacteria","Pseudomonadales","Pseudomonadaceae","Pseudomonas_E","",15,"Sierras","S"
"156",15,29,21,0.156577460854044,0.0184219782608695,0.0502835721336956,-0.330000000000001,12.66,1.99,14.98,"Bacteria","Pseudomonadota","Gammaproteobacteria","Pseudomonadales","Pseudomonadaceae","Pseudomonas_E","Pseudomonas_E sp003851685",15,"Sierras","S"
"156",23,29,21,0.317255297379418,0.0907413043478261,0.595314452652174,6.53537571793724,4.3,1.99,-0.245375717937235,"Bacteria","Pseudomonadota","Gammaproteobacteria","Pseudomonadales","Pseudomonadaceae","Pseudomonas_E","Pseudomonas_E sp003851685",15,"Sierras","S"
"156",28,29,21,0.360372336968215,0.0549597826086956,0.332513701668478,3.0644661504732,4.3,1.99,3.2255338495268,"Bacteria","Pseudomonadota","Gammaproteobacteria","Pseudomonadales","Pseudomonadaceae","Pseudomonas_E","Pseudomonas_E sp003851685",15,"Sierras","S"
"156",33,29,21,0,0.000231523913043478,0.00176888927065217,6.25106828681815,6.62,1.99,2.35893171318185,"Bacteria","Pseudomonadota","Gammaproteobacteria","Pseudomonadales","Pseudomonadaceae","Pseudomonas_E","Pseudomonas_E sp003851685",15,"Sierras","S"
"156",38,29,21,0,0,0,NA,4.3,1.99,NA,"Bacteria","Pseudomonadota","Gammaproteobacteria","Pseudomonadales","Pseudomonadaceae","Pseudomonas_E","Pseudomonas_E sp003851685",15,"Sierras","S"
"156",43,29,21,0,0.000101895652173913,0.000387712956521739,7.10768857905699,4.3,1.99,-0.817688579056986,"Bacteria","Pseudomonadota","Gammaproteobacteria","Pseudomonadales","Pseudomonadaceae","Pseudomonas_E","Pseudomonas_E sp003851685",15,"Sierras","S"
"157",15,29,21,0.362468983650786,0.064042152173913,0.277711414586956,3.79213607086204,14.73,1.99,12.9278639291379,"Bacteria","Pseudomonadota","Gammaproteobacteria","Pseudomonadales","Pseudomonadaceae","Pseudomonas_E","Pseudomonas_E sp003851685",15,"Sierras","S"
"157",23,29,21,0.602407384187406,0.144623695652174,0.720598060214129,1.08786655019986,9.765,1.99,10.6671334498001,"Bacteria","Pseudomonadota","Gammaproteobacteria","Pseudomonadales","Pseudomonadaceae","Pseudomonas_E","Pseudomonas_E sp003851685",15,"Sierras","S"
"157",28,29,21,0.483846856307512,0.23284347826087,2.08528783561956,5.60871132809159,4.88,1.99,1.26128867190841,"Bacteria","Pseudomonadota","Gammaproteobacteria","Pseudomonadales","Pseudomonadaceae","Pseudomonas_E","Pseudomonas_E sp003851685",15,"Sierras","S"
"157",33,29,21,0.278483032309774,0.113104347826087,0.995989820869565,9.55460675066203,9.93,1.99,2.36539324933797,"Bacteria","Pseudomonadota","Gammaproteobacteria","Pseudomonadales","Pseudomonadaceae","Pseudomonas_E","Pseudomonas_E sp003851685",15,"Sierras","S"
"157",38,29,21,0.0076583819333663,0.00749684347826087,0.122578276043478,32.377708481303,4.3,1.99,-26.087708481303,"Bacteria","Pseudomonadota","Gammaproteobacteria","Pseudomonadales","Pseudomonadaceae","Pseudomonas_E","Pseudomonas_E sp003851685",15,"Sierras","S"
"157",43,29,21,0,0.018624347826087,0.308644932608696,-34.9036336817844,5.63,1.99,42.5236336817844,"Bacteria","Pseudomonadota","Gammaproteobacteria","Pseudomonadales","Pseudomonadaceae","Pseudomonas_E","Pseudomonas_E sp003851685",15,"Sierras","S"
"158",15,29,21,0.205658209175658,0.0364508565217391,0.0948976107630432,0.76712732239972,11.255,1.99,12.4778726776003,"Bacteria","Pseudomonadota","Gammaproteobacteria","Pseudomonadales","Pseudomonadaceae","Pseudomonas_E","Pseudomonas_E sp003851685",15,"Sierras","S"
"158",23,29,21,0.609881193976767,0.141882391304348,0.800395150152173,0.255,9.435,1.99,11.17,"Bacteria","Pseudomonadota","Gammaproteobacteria","Pseudomonadales","Pseudomonadaceae","Pseudomonas_E","Pseudomonas_E sp003851685",15,"Sierras","S"
"158",28,29,21,0.428893575453829,0.188665217391304,1.55037087852174,3.73880235810465,5.295,1.99,3.54619764189535,"Bacteria","Pseudomonadota","Gammaproteobacteria","Pseudomonadales","Pseudomonadaceae","Pseudomonas_E","Pseudomonas_E sp003851685",15,"Sierras","S"
"158",33,29,21,0.367869571938589,0.062255652173913,0.758586184347826,7.13026810743984,8.44,1.99,3.29973189256016,"Bacteria","Pseudomonadota","Gammaproteobacteria","Pseudomonadales","Pseudomonadaceae","Pseudomonas_E","Pseudomonas_E sp003851685",15,"Sierras","S"
"158",38,29,21,0,0.00169239782608695,0.0310684331630435,7.82585745111112,4.385,1.99,-1.36585745111112,"Bacteria","Pseudomonadota","Gammaproteobacteria","Pseudomonadales","Pseudomonadaceae","Pseudomonas_E","Pseudomonas_E sp003851685",15,"Sierras","S"
"158",43,29,21,0.000113327570470603,0.0107878260869565,0.189885210217391,1566.8345941967,4.47,1.99,-1560.3745941967,"Bacteria","Pseudomonadota","Gammaproteobacteria","Pseudomonadales","Pseudomonadaceae","Pseudomonas_E","Pseudomonas_E sp003851685",15,"Sierras","S"
"159",15,29,21,0.194045452768661,0.0382995782608695,0.098709097278261,0.142761378680766,10.76,1.99,12.6072386213192,"Bacteria","Pseudomonadota","Gammaproteobacteria","Pseudomonadales","Pseudomonadaceae","Pseudomonas_E","Pseudomonas_E sp003851685",15,"Sierras","S"
"159",23,29,21,0.635826467773029,0.134380434782609,0.783797138489131,-0.245,9.435,1.99,11.67,"Bacteria","Pseudomonadota","Gammaproteobacteria","Pseudomonadales","Pseudomonadaceae","Pseudomonas_E","Pseudomonas_E sp003851685",15,"Sierras","S"
"159",28,29,21,0.467334889769356,0.177434782608695,1.54872820239946,4.9291101130741,4.3,1.99,1.3608898869259,"Bacteria","Pseudomonadota","Gammaproteobacteria","Pseudomonadales","Pseudomonadaceae","Pseudomonas_E","Pseudomonas_E sp003851685",15,"Sierras","S"
"159",33,29,21,0.423029782217106,0.0796995652173913,0.952781242,8.57919431915016,7.94,1.99,1.35080568084984,"Bacteria","Pseudomonadota","Gammaproteobacteria","Pseudomonadales","Pseudomonadaceae","Pseudomonas_E","Pseudomonas_E sp003851685",15,"Sierras","S"
"159",38,29,21,0,0.00105058695652174,0.0177101398913043,9.47370988329558,4.465,1.99,-2.85370988329558,"Bacteria","Pseudomonadota","Gammaproteobacteria","Pseudomonadales","Pseudomonadaceae","Pseudomonas_E","Pseudomonas_E sp003851685",15,"Sierras","S"
"159",43,29,21,0,0.00728578260869565,0.12047006326087,-28.3946031960937,4.3,1.99,34.6846031960937,"Bacteria","Pseudomonadota","Gammaproteobacteria","Pseudomonadales","Pseudomonadaceae","Pseudomonas_E","Pseudomonas_E sp003851685",15,"Sierras","S"
"160",15,29,21,0.182684011340257,0.0493017391304348,0.172245169641304,5.25080414077045,16.385,1.99,13.1241958592296,"Bacteria","Pseudomonadota","Gammaproteobacteria","Pseudomonadales","Pseudomonadaceae","Pseudomonas_E","Pseudomonas_E sp003851685",15,"Sierras","S"
"160",23,29,21,0.468205867201067,0.221604347826087,1.42842646682609,1.82,4.3,1.99,4.47,"Bacteria","Pseudomonadota","Gammaproteobacteria","Pseudomonadales","Pseudomonadaceae","Pseudomonas_E","Pseudomonas_E sp003851685",15,"Sierras","S"
"160",28,29,21,0.480601159380666,0.247573913043478,2.13523677831087,6.01339625968416,5.21,1.99,1.18660374031584,"Bacteria","Pseudomonadota","Gammaproteobacteria","Pseudomonadales","Pseudomonadaceae","Pseudomonas_E","Pseudomonas_E sp003851685",15,"Sierras","S"
"160",33,29,21,0.302577245704182,0.0713086956521739,0.864774377391304,4.43627452253335,4.63,1.99,2.18372547746665,"Bacteria","Pseudomonadota","Gammaproteobacteria","Pseudomonadales","Pseudomonadaceae","Pseudomonas_E","Pseudomonas_E sp003851685",15,"Sierras","S"
"160",38,29,21,0,0.00429612565217391,0.0799444745195653,11.0963835857711,5.955,1.99,-1.49638358577115,"Bacteria","Pseudomonadota","Gammaproteobacteria","Pseudomonadales","Pseudomonadaceae","Pseudomonas_E","Pseudomonas_E sp003851685",15,"Sierras","S"
"160",43,29,21,0,0.00941517391304348,0.152819762826087,0.0752066815276962,19.86,1.99,21.7747933184723,"Bacteria","Pseudomonadota","Gammaproteobacteria","Pseudomonadales","Pseudomonadaceae","Pseudomonas_E","Pseudomonas_E sp003851685",15,"Sierras","S"
"161",15,29,21,0,0.00319516956521739,0.0111439779771739,1.99,8.44,1.99,12.58,"Bacteria","Pseudomonadota","Gammaproteobacteria","Pseudomonadales","Pseudomonadaceae","Pseudomonas_E","",15,"Sierras","S"
"161",23,29,21,0.309217732596238,0.0146979217391305,0.114031684771739,1.58496452867499,4.3,1.99,4.70503547132501,"Bacteria","Pseudomonadota","Gammaproteobacteria","Pseudomonadales","Pseudomonadaceae","Pseudomonas_E","",15,"Sierras","S"
"161",28,29,21,0.205073810233347,0.0748828260869566,0.528003277815217,7.16433599522759,9.35,1.99,4.17566400477241,"Bacteria","Pseudomonadota","Gammaproteobacteria","Pseudomonadales","Pseudomonadaceae","Pseudomonas_E","",15,"Sierras","S"
"161",33,29,21,0,0.00525334782608696,0.0721074834782609,4.8586526897808,4.3,1.99,1.4313473102192,"Bacteria","Pseudomonadota","Gammaproteobacteria","Pseudomonadales","Pseudomonadaceae","Pseudomonas_E","",15,"Sierras","S"
"161",38,29,21,0,0,0,NA,4.3,1.99,NA,"Bacteria","Pseudomonadota","Gammaproteobacteria","Pseudomonadales","Pseudomonadaceae","Pseudomonas_E","",15,"Sierras","S"
"161",43,29,21,0,0,0,NA,4.3,1.99,NA,"Bacteria","Pseudomonadota","Gammaproteobacteria","Pseudomonadales","Pseudomonadaceae","Pseudomonas_E","",15,"Sierras","S"
"162",15,29,21,0.218650131048249,0.0222827826086956,0.111568210891304,6.74667428690215,17.625,1.99,11.4633257130978,"Bacteria","Pseudomonadota","Gammaproteobacteria","Pseudomonadales","Pseudomonadaceae","Pseudomonas_E","",15,"Sierras","S"
"162",23,29,21,0.427050883944608,0.100286956521739,0.645621879363043,1.33,4.47,1.99,5.13,"Bacteria","Pseudomonadota","Gammaproteobacteria","Pseudomonadales","Pseudomonadaceae","Pseudomonas_E","",15,"Sierras","S"
"162",28,29,21,0.354913001153576,0.0904247826086957,0.706165382793478,9.16577131669562,10.175,1.99,2.99922868330439,"Bacteria","Pseudomonadota","Gammaproteobacteria","Pseudomonadales","Pseudomonadaceae","Pseudomonas_E","",15,"Sierras","S"
"162",33,29,21,0,0.00631847826086957,0.0675190206521739,7.53242638316569,9.6,1.99,4.05757361683431,"Bacteria","Pseudomonadota","Gammaproteobacteria","Pseudomonadales","Pseudomonadaceae","Pseudomonas_E","",15,"Sierras","S"
"162",38,29,21,0,1.01913043478261e-06,8.6626086956522e-08,NA,4.465,1.99,NA,"Bacteria","Pseudomonadota","Gammaproteobacteria","Pseudomonadales","Pseudomonadaceae","Pseudomonas_E","",15,"Sierras","S"
"162",43,29,21,0,0,0,NA,NA,1.99,NA,"Bacteria","Pseudomonadota","Gammaproteobacteria","Pseudomonadales","Pseudomonadaceae","Pseudomonas_E","",15,"Sierras","S"
"163",15,29,21,0,0.00401076086956522,0.0218772379130435,1.49,5.13,1.99,5.63,"Bacteria","Pseudomonadota","Gammaproteobacteria","Pseudomonadales","Pseudomonadaceae","Pseudomonas_E","",15,"Sierras","S"
"163",23,29,21,0.112241010399728,0.0108334782608696,0.0424677730815217,-0.32,6.79,1.99,9.1,"Bacteria","Pseudomonadota","Gammaproteobacteria","Pseudomonadales","Pseudomonadaceae","Pseudomonas_E","",15,"Sierras","S"
"163",28,29,21,0.270140727014453,0.0689608695652174,0.404420111482065,5.86552454773881,4.88,1.99,1.00447545226119,"Bacteria","Pseudomonadota","Gammaproteobacteria","Pseudomonadales","Pseudomonadaceae","Pseudomonas_E","",15,"Sierras","S"
"163",33,29,21,0.296696751995947,0.132652173913043,1.19224643391304,8.48719266463368,9.43,1.99,2.93280733536632,"Bacteria","Pseudomonadota","Gammaproteobacteria","Pseudomonadales","Pseudomonadaceae","Pseudomonas_E","",15,"Sierras","S"
"163",38,29,21,0,0.00139342673913044,0.00652248260108696,-11.3799660458806,6.205,1.99,19.5749660458806,"Bacteria","Pseudomonadota","Gammaproteobacteria","Pseudomonadales","Pseudomonadaceae","Pseudomonas_E","",15,"Sierras","S"
"163",43,29,21,0,0.00320630434782609,0.0332677154347826,-1.62784593749302,19.86,1.99,23.477845937493,"Bacteria","Pseudomonadota","Gammaproteobacteria","Pseudomonadales","Pseudomonadaceae","Pseudomonas_E","",15,"Sierras","S"
"164",15,29,21,0.321275073230903,0.0299521739130435,0.110739950667392,2.88062704367584,9.02,1.99,8.12937295632416,"Bacteria","Pseudomonadota","Gammaproteobacteria","Pseudomonadales","Pseudomonadaceae","Pseudomonas_E","Pseudomonas_E kilonensis",15,"Sierras","V"
"164",23,29,21,0.427479821533092,0.0946965217391304,0.603036356908696,1.16,4.3,1.99,5.13,"Bacteria","Pseudomonadota","Gammaproteobacteria","Pseudomonadales","Pseudomonadaceae","Pseudomonas_E","Pseudomonas_E kilonensis",15,"Sierras","V"
"164",28,29,21,0.376883458284111,0.123036956521739,1.18347658847826,5.28938451902054,5.79,1.99,2.49061548097947,"Bacteria","Pseudomonadota","Gammaproteobacteria","Pseudomonadales","Pseudomonadaceae","Pseudomonas_E","Pseudomonas_E kilonensis",15,"Sierras","V"
"164",33,29,21,0.421484405217702,0.106665217391304,1.09031170847826,4.69705609357155,4.63,1.99,1.92294390642845,"Bacteria","Pseudomonadota","Gammaproteobacteria","Pseudomonadales","Pseudomonadaceae","Pseudomonas_E","Pseudomonas_E kilonensis",15,"Sierras","V"
"164",38,29,21,0,0.000328545652173913,0.00450122037608696,5.90693925209325,4.385,1.99,0.553060747906752,"Bacteria","Pseudomonadota","Gammaproteobacteria","Pseudomonadales","Pseudomonadaceae","Pseudomonas_E","Pseudomonas_E kilonensis",15,"Sierras","V"
"164",43,29,21,0,0.00575152173913043,0.106025533043478,7.49018204742633,4.3,1.99,-1.20018204742633,"Bacteria","Pseudomonadota","Gammaproteobacteria","Pseudomonadales","Pseudomonadaceae","Pseudomonas_E","Pseudomonas_E kilonensis",15,"Sierras","V"
"165",15,29,21,0,2.86673913043479e-05,0.000109079423913044,-0.33,7.45,1.99,9.77,"Bacteria","Pseudomonadota","Gammaproteobacteria","Xanthomonadales","Xanthomonadaceae","Stenotrophomonas","Stenotrophomonas rhizophila",15,"Sierras","V"
"165",23,29,21,0.0181430261568794,0.00610565217391305,0.1040748975,6.2234942691701,4.3,1.99,0.0665057308299026,"Bacteria","Pseudomonadota","Gammaproteobacteria","Xanthomonadales","Xanthomonadaceae","Stenotrophomonas","Stenotrophomonas rhizophila",15,"Sierras","V"
"165",28,29,21,0,9.5108695652174e-07,3.61888586956522e-06,-0.33,6.62,1.99,8.94,"Bacteria","Pseudomonadota","Gammaproteobacteria","Xanthomonadales","Xanthomonadaceae","Stenotrophomonas","Stenotrophomonas rhizophila",15,"Sierras","V"
"165",33,29,21,0,0,0,NA,NA,1.99,NA,"Bacteria","Pseudomonadota","Gammaproteobacteria","Xanthomonadales","Xanthomonadaceae","Stenotrophomonas","Stenotrophomonas rhizophila",15,"Sierras","V"
"165",38,29,21,0,0,0,NA,NA,1.99,NA,"Bacteria","Pseudomonadota","Gammaproteobacteria","Xanthomonadales","Xanthomonadaceae","Stenotrophomonas","Stenotrophomonas rhizophila",15,"Sierras","V"
"165",43,29,21,0,0,0,NA,NA,1.99,NA,"Bacteria","Pseudomonadota","Gammaproteobacteria","Xanthomonadales","Xanthomonadaceae","Stenotrophomonas","Stenotrophomonas rhizophila",15,"Sierras","V"
"166",15,29,21,0.421816792097588,0.0666139130434782,0.279691753554348,4.93943644029985,12.575,1.99,9.62556355970017,"Bacteria","Pseudomonadota","Gammaproteobacteria","Pseudomonadales","Pseudomonadaceae","Pseudomonas_E","",15,"Sierras","V"
"166",23,29,21,0.490538010909017,0.1665,1.07754891076739,3.94436068602582,4.63,1.99,2.67563931397418,"Bacteria","Pseudomonadota","Gammaproteobacteria","Pseudomonadales","Pseudomonadaceae","Pseudomonas_E","",15,"Sierras","V"
"166",28,29,21,0.562376732146147,0.144706521739131,1.29667957145435,6.49370956097076,4.3,1.99,-0.203709560970761,"Bacteria","Pseudomonadota","Gammaproteobacteria","Pseudomonadales","Pseudomonadaceae","Pseudomonas_E","",15,"Sierras","V"
"166",33,29,21,0,0.00734460869565217,0.0720199665652174,4.70759809342597,4.3,1.99,1.58240190657403,"Bacteria","Pseudomonadota","Gammaproteobacteria","Pseudomonadales","Pseudomonadaceae","Pseudomonas_E","",15,"Sierras","V"
"166",38,29,21,0,0,0,NA,4.3,1.99,NA,"Bacteria","Pseudomonadota","Gammaproteobacteria","Pseudomonadales","Pseudomonadaceae","Pseudomonas_E","",15,"Sierras","V"
"166",43,29,21,0,0.0015354347826087,0.0255632390869565,10.2196020213046,19.86,1.99,11.6303979786954,"Bacteria","Pseudomonadota","Gammaproteobacteria","Pseudomonadales","Pseudomonadaceae","Pseudomonas_E","",15,"Sierras","V"
"167",15,29,21,0.368352571622143,0.084283695652174,0.258670147163043,6.3336801285331,14.565,1.99,10.2213198714669,"Bacteria","Pseudomonadota","Gammaproteobacteria","Pseudomonadales","Pseudomonadaceae","Pseudomonas_E","Pseudomonas_E sp001952855",15,"Sierras","V"
"167",23,29,21,0.414117195415914,0.226286956521739,1.5696902113913,4.12165306528128,5.46,1.99,3.32834693471872,"Bacteria","Pseudomonadota","Gammaproteobacteria","Pseudomonadales","Pseudomonadaceae","Pseudomonas_E","Pseudomonas_E sp001952855",15,"Sierras","V"
"167",28,29,21,0.494773844503614,0.22209347826087,1.96095503875815,6.89618042969796,4.3,1.99,-0.60618042969796,"Bacteria","Pseudomonadota","Gammaproteobacteria","Pseudomonadales","Pseudomonadaceae","Pseudomonas_E","Pseudomonas_E sp001952855",15,"Sierras","V"
"167",33,29,21,0.13103784868483,0.0249665217391304,0.178833300391304,4.78790059257879,4.3,1.99,1.50209940742121,"Bacteria","Pseudomonadota","Gammaproteobacteria","Pseudomonadales","Pseudomonadaceae","Pseudomonas_E","Pseudomonas_E sp001952855",15,"Sierras","V"
"167",38,29,21,0,0,0,NA,4.3,1.99,NA,"Bacteria","Pseudomonadota","Gammaproteobacteria","Pseudomonadales","Pseudomonadaceae","Pseudomonas_E","Pseudomonas_E sp001952855",15,"Sierras","V"
"167",43,29,21,0,0.00190195652173913,0.0309737202173913,4.81188282748733,18.7,1.99,15.8781171725127,"Bacteria","Pseudomonadota","Gammaproteobacteria","Pseudomonadales","Pseudomonadaceae","Pseudomonas_E","Pseudomonas_E sp001952855",15,"Sierras","V"
"168",15,29,21,0.186512450787732,0.0465457173913044,0.161458986184783,3.7442568665778,14.645,1.99,12.8907431334222,"Bacteria","Pseudomonadota","Gammaproteobacteria","Pseudomonadales","Pseudomonadaceae","Pseudomonas_E","",15,"Sierras","V"
"168",23,29,21,0.452162988329093,0.112858695652174,0.589675838239131,4.28846959871268,11.75,1.99,9.45153040128732,"Bacteria","Pseudomonadota","Gammaproteobacteria","Pseudomonadales","Pseudomonadaceae","Pseudomonas_E","",15,"Sierras","V"
"168",28,29,21,0.519499918013567,0.181160869565217,1.40593675641304,6.69499049082533,4.3,1.99,-0.404990490825323,"Bacteria","Pseudomonadota","Gammaproteobacteria","Pseudomonadales","Pseudomonadaceae","Pseudomonas_E","",15,"Sierras","V"
"168",33,29,21,0,0.00910521739130435,0.0879559121086956,4.47200795609994,4.3,1.99,1.81799204390006,"Bacteria","Pseudomonadota","Gammaproteobacteria","Pseudomonadales","Pseudomonadaceae","Pseudomonas_E","",15,"Sierras","V"
"168",38,29,21,0,0.0027358,0.0101626832173913,18.2066239725846,4.3,1.99,-11.9166239725846,"Bacteria","Pseudomonadota","Gammaproteobacteria","Pseudomonadales","Pseudomonadaceae","Pseudomonas_E","",15,"Sierras","V"
"168",43,29,21,0,0.000852739130434783,0.0126082601673913,4.43378763176806,4.3,1.99,1.85621236823194,"Bacteria","Pseudomonadota","Gammaproteobacteria","Pseudomonadales","Pseudomonadaceae","Pseudomonas_E","",15,"Sierras","V"
"169",15,29,21,0.48482437500627,0.14017347826087,0.579693394413043,4.93171827903035,14.065,1.99,11.1232817209697,"Bacteria","Pseudomonadota","Gammaproteobacteria","Pseudomonadales","Pseudomonadaceae","Pseudomonas_E","Pseudomonas_E sp001952855",15,"Sierras","V"
"169",23,29,21,0.579022244644184,0.210207826086957,1.03716154243913,2.00648870411772,7.695,1.99,7.67851129588228,"Bacteria","Pseudomonadota","Gammaproteobacteria","Pseudomonadales","Pseudomonadaceae","Pseudomonas_E","Pseudomonas_E sp001952855",15,"Sierras","V"
"169",28,29,21,0.493704677516463,0.246780434782608,2.07430226809783,6.07462552288372,8.935,1.99,4.85037447711628,"Bacteria","Pseudomonadota","Gammaproteobacteria","Pseudomonadales","Pseudomonadaceae","Pseudomonas_E","Pseudomonas_E sp001952855",15,"Sierras","V"
"169",33,29,21,0.126846927775761,0.0304578260869565,0.227754298478261,9.46023794572081,10.59,1.99,3.11976205427919,"Bacteria","Pseudomonadota","Gammaproteobacteria","Pseudomonadales","Pseudomonadaceae","Pseudomonas_E","Pseudomonas_E sp001952855",15,"Sierras","V"
"169",38,29,21,0,0.000593386956521739,0.00131566792336957,-3.47623902121712,5.13,1.99,10.5962390212171,"Bacteria","Pseudomonadota","Gammaproteobacteria","Pseudomonadales","Pseudomonadaceae","Pseudomonas_E","Pseudomonas_E sp001952855",15,"Sierras","V"
"169",43,29,21,0,0.00205282608695652,0.0214007371630435,6.3014743673661,4.3,1.99,-0.0114743673660964,"Bacteria","Pseudomonadota","Gammaproteobacteria","Pseudomonadales","Pseudomonadaceae","Pseudomonas_E","Pseudomonas_E sp001952855",15,"Sierras","V"
"170",15,29,21,0,0.00140673913043478,0.000858803260869564,22.2624010363616,11.17,1.99,-2.23240103636158,"Bacteria","Pseudomonadota","Gammaproteobacteria","Pseudomonadales","Pseudomonadaceae","Pseudomonas_E","Pseudomonas_E sp002840155",15,"Sierras","V"
"170",23,29,21,0,0,0,NA,NA,1.99,NA,"Bacteria","Pseudomonadota","Gammaproteobacteria","Pseudomonadales","Pseudomonadaceae","Pseudomonas_E","Pseudomonas_E sp002840155",15,"Sierras","V"
"170",28,29,21,0,0,0,NA,NA,1.99,NA,"Bacteria","Pseudomonadota","Gammaproteobacteria","Pseudomonadales","Pseudomonadaceae","Pseudomonas_E","Pseudomonas_E sp002840155",15,"Sierras","V"
"170",33,29,21,0,0,0,NA,NA,1.99,NA,"Bacteria","Pseudomonadota","Gammaproteobacteria","Pseudomonadales","Pseudomonadaceae","Pseudomonas_E","Pseudomonas_E sp002840155",15,"Sierras","V"
"170",38,29,21,0,0,0,NA,NA,1.99,NA,"Bacteria","Pseudomonadota","Gammaproteobacteria","Pseudomonadales","Pseudomonadaceae","Pseudomonas_E","Pseudomonas_E sp002840155",15,"Sierras","V"
"170",43,29,21,0,0,0,NA,NA,1.99,NA,"Bacteria","Pseudomonadota","Gammaproteobacteria","Pseudomonadales","Pseudomonadaceae","Pseudomonas_E","Pseudomonas_E sp002840155",15,"Sierras","V"
"171",13,29,21,0.102576270609099,0.0127232608695652,0.111688874815217,5.47396071182184,5.545,1.99,2.06103928817816,"Bacteria","Pseudomonadota","Gammaproteobacteria","Enterobacterales","Aeromonadaceae","Aeromonas","Aeromonas rivipollensis",15,"Sierras","V"
"171",15,29,21,0.189852769964571,0.0577444478260872,0.203694300157609,0.499999999999999,10.51,1.99,12,"Bacteria","Pseudomonadota","Gammaproteobacteria","Enterobacterales","Aeromonadaceae","Aeromonas","Aeromonas rivipollensis",15,"Sierras","V"
"171",19,29,21,0.258567943364925,0.0857060869565217,0.690545773695652,6.4218839574688,8.11,1.99,3.6781160425312,"Bacteria","Pseudomonadota","Gammaproteobacteria","Enterobacterales","Aeromonadaceae","Aeromonas","Aeromonas rivipollensis",15,"Sierras","V"
"171",21,29,21,0.465649690148343,0.0876182608695652,0.771379096384783,4.61065859941512,4.97,1.99,2.34934140058488,"Bacteria","Pseudomonadota","Gammaproteobacteria","Enterobacterales","Aeromonadaceae","Aeromonas","Aeromonas rivipollensis",15,"Sierras","V"
"171",23,29,21,0.491757649408615,0.172541086956521,1.21393624326087,3.60444761445147,11.17,1.99,9.55555238554853,"Bacteria","Pseudomonadota","Gammaproteobacteria","Enterobacterales","Aeromonadaceae","Aeromonas","Aeromonas rivipollensis",15,"Sierras","V"
"171",28,29,21,0.659428027072089,0.117778260869565,1.42798938965217,7.92162783022966,4.3,1.99,-1.63162783022966,"Bacteria","Pseudomonadota","Gammaproteobacteria","Enterobacterales","Aeromonadaceae","Aeromonas","Aeromonas rivipollensis",15,"Sierras","V"
"171",33,29,21,0.561215426134716,0.264739130434783,3.453374345,5.44728806298523,4.3,1.99,0.842711937014773,"Bacteria","Pseudomonadota","Gammaproteobacteria","Enterobacterales","Aeromonadaceae","Aeromonas","Aeromonas rivipollensis",15,"Sierras","V"
"171",37,29,21,0.358910042186529,0.293861376086957,3.87383179780109,4.90688818844336,4.3,1.99,1.38311181155664,"Bacteria","Pseudomonadota","Gammaproteobacteria","Enterobacterales","Aeromonadaceae","Aeromonas","Aeromonas rivipollensis",15,"Sierras","V"
"171",38,29,21,0,0.000578299347826087,0.00100180078369565,0.06583506152172,8.025,1.99,9.94916493847827,"Bacteria","Pseudomonadota","Gammaproteobacteria","Enterobacterales","Aeromonadaceae","Aeromonas","Aeromonas rivipollensis",15,"Sierras","V"
"171",40,29,21,0,0.00358413032608695,0.041626718725,12.7506857465874,11.5,1.99,0.739314253412647,"Bacteria","Pseudomonadota","Gammaproteobacteria","Enterobacterales","Aeromonadaceae","Aeromonas","Aeromonas rivipollensis",15,"Sierras","V"
"171",42,29,21,0,0.00631217539130435,0.0662396131791304,6.88223067682959,4.3,1.99,-0.592230676829587,"Bacteria","Pseudomonadota","Gammaproteobacteria","Enterobacterales","Aeromonadaceae","Aeromonas","Aeromonas rivipollensis",15,"Sierras","V"
"171",43,29,21,0,4.07608695652174e-06,6.13858695652174e-06,-0.32,13.08,1.99,15.39,"Bacteria","Pseudomonadota","Gammaproteobacteria","Enterobacterales","Aeromonadaceae","Aeromonas","Aeromonas rivipollensis",15,"Sierras","V"
"172",15,29,21,0,0.00449158695652174,0.0211516782375,3.97764221582915,4.88,1.99,3.47235778417085,"Bacteria","Pseudomonadota","Gammaproteobacteria","Enterobacterales","Shewanellaceae","Shewanella","Shewanella sp002966515",15,"Sierras","V"
"172",23,29,21,0,0,0,NA,NA,1.99,NA,"Bacteria","Pseudomonadota","Gammaproteobacteria","Enterobacterales","Shewanellaceae","Shewanella","Shewanella sp002966515",15,"Sierras","V"
"172",28,29,21,0,0.00141628260869565,0.0062840439293478,4.84522581888339,9.1,1.99,6.24477418111661,"Bacteria","Pseudomonadota","Gammaproteobacteria","Enterobacterales","Shewanellaceae","Shewanella","Shewanella sp002966515",15,"Sierras","V"
"172",33,29,21,0,0.000848847826086957,0.00532902561847826,6.05795779639123,7.45,1.99,3.38204220360877,"Bacteria","Pseudomonadota","Gammaproteobacteria","Enterobacterales","Shewanellaceae","Shewanella","Shewanella sp002966515",15,"Sierras","V"
"172",38,29,21,0,0,0,NA,NA,1.99,NA,"Bacteria","Pseudomonadota","Gammaproteobacteria","Enterobacterales","Shewanellaceae","Shewanella","Shewanella sp002966515",15,"Sierras","V"
"172",43,29,21,0,0.000228399130434783,0.00115029173478261,2.97365187604959,5.13,1.99,4.14634812395041,"Bacteria","Pseudomonadota","Gammaproteobacteria","Enterobacterales","Shewanellaceae","Shewanella","Shewanella sp002966515",15,"Sierras","V"
"173",15,29,21,0.192995481048878,0.0188395652173913,0.0529315756494563,4.33771810190843,12.495,1.99,4.60228189809157,"Bacteria","Pseudomonadota","Gammaproteobacteria","Pseudomonadales","Pseudomonadaceae","Pseudomonas_E","",15,"Sierras","V"
"173",23,29,21,0.193061510232682,0.0405316441304348,0.199703513243478,4.01261545284566,12.66,1.99,4.26738454715434,"Bacteria","Pseudomonadota","Gammaproteobacteria","Pseudomonadales","Pseudomonadaceae","Pseudomonas_E","",15,"Sierras","V"
"173",28,29,21,0.337970362091351,0.0823076086956522,0.583940219178261,6.55137832666622,7.695,1.99,3.13362167333378,"Bacteria","Pseudomonadota","Gammaproteobacteria","Pseudomonadales","Pseudomonadaceae","Pseudomonas_E","",15,"Sierras","V"
"173",33,29,21,0,0.000608160869565217,0.00866893540434783,5.5704197546145,7.45,1.99,3.8695802453855,"Bacteria","Pseudomonadota","Gammaproteobacteria","Pseudomonadales","Pseudomonadaceae","Pseudomonas_E","",15,"Sierras","V"
"173",38,29,21,0,0,0,NA,4.3,1.99,NA,"Bacteria","Pseudomonadota","Gammaproteobacteria","Pseudomonadales","Pseudomonadaceae","Pseudomonas_E","",15,"Sierras","V"
"173",43,29,21,0,0.0026044347826087,0.0481803289130435,4.95936192123917,13.08,1.99,10.1106380787608,"Bacteria","Pseudomonadota","Gammaproteobacteria","Pseudomonadales","Pseudomonadaceae","Pseudomonas_E","",15,"Sierras","V"
"174",15,29,21,0,0.000802845652173915,0.00016602372826087,NA,4.385,1.99,NA,"Bacteria","Pseudomonadota","Gammaproteobacteria","Pseudomonadales","Pseudomonadaceae","Pseudomonas_E","",15,"Sierras","V"
"174",23,29,21,0,2.92782608695652e-05,4.60710869565214e-06,NA,19.53,1.99,NA,"Bacteria","Pseudomonadota","Gammaproteobacteria","Pseudomonadales","Pseudomonadaceae","Pseudomonas_E","",15,"Sierras","V"
"174",28,29,21,0,0.00375067934782609,0.011620493375,-0.33,14.485,1.99,11.92,"Bacteria","Pseudomonadota","Gammaproteobacteria","Pseudomonadales","Pseudomonadaceae","Pseudomonas_E","",15,"Sierras","V"
"174",33,29,21,0,0,0,NA,NA,1.99,NA,"Bacteria","Pseudomonadota","Gammaproteobacteria","Pseudomonadales","Pseudomonadaceae","Pseudomonas_E","",15,"Sierras","V"
"174",38,29,21,0,0.000443417391304348,0.000418630184782609,-3.05310613486093,4.3,1.99,9.34310613486093,"Bacteria","Pseudomonadota","Gammaproteobacteria","Pseudomonadales","Pseudomonadaceae","Pseudomonas_E","",15,"Sierras","V"
"174",43,29,21,0,0,0,NA,NA,1.99,NA,"Bacteria","Pseudomonadota","Gammaproteobacteria","Pseudomonadales","Pseudomonadaceae","Pseudomonas_E","",15,"Sierras","V"
"175",15,29,21,0.133061845321002,0.0439158039130435,0.226537149995652,3.49773934606618,16.715,1.99,15.2072606539338,"Bacteria","Pseudomonadota","Gammaproteobacteria","Pseudomonadales","Pseudomonadaceae","Pseudomonas_E","",15,"Sierras","V"
"175",23,29,21,0.183700786879288,0.0550257130434784,0.269505448021739,7.49700754722948,13.24,1.99,1.44299245277052,"Bacteria","Pseudomonadota","Gammaproteobacteria","Pseudomonadales","Pseudomonadaceae","Pseudomonas_E","",15,"Sierras","V"
"175",28,29,21,0.322730733037658,0.10544,0.809750289541848,4.31429942358597,9.265,1.99,6.94070057641401,"Bacteria","Pseudomonadota","Gammaproteobacteria","Pseudomonadales","Pseudomonadaceae","Pseudomonas_E","",15,"Sierras","V"
"175",33,29,21,0,0.00292508695652174,0.0466653645,5.18982967548424,4.3,1.99,1.10017032451576,"Bacteria","Pseudomonadota","Gammaproteobacteria","Pseudomonadales","Pseudomonadaceae","Pseudomonas_E","",15,"Sierras","V"
"175",38,29,21,0,0,0,NA,4.3,1.99,NA,"Bacteria","Pseudomonadota","Gammaproteobacteria","Pseudomonadales","Pseudomonadaceae","Pseudomonas_E","",15,"Sierras","V"
"175",43,29,21,0,5.43478260869565e-07,2.0679347826087e-06,-0.33,6.29,1.99,8.61,"Bacteria","Pseudomonadota","Gammaproteobacteria","Pseudomonadales","Pseudomonadaceae","Pseudomonas_E","",15,"Sierras","V"
"176",15,29,21,0.225255281493094,0.0623688695652174,0.229834414248913,5.59295355996005,14.48,1.99,10.8770464400399,"Bacteria","Pseudomonadota","Gammaproteobacteria","Pseudomonadales","Pseudomonadaceae","Pseudomonas_E","Pseudomonas_E sp003852235",15,"Sierras","Y"
"176",23,29,21,0.596833341029215,0.140526086956522,0.923406650608697,2.06039899218165,8.605,1.99,8.53460100781835,"Bacteria","Pseudomonadota","Gammaproteobacteria","Pseudomonadales","Pseudomonadaceae","Pseudomonas_E","Pseudomonas_E sp003852235",15,"Sierras","Y"
"176",28,29,21,0.599525950758727,0.186497826086956,1.72367588935,7.42536700381805,9.1,1.99,3.66463299618195,"Bacteria","Pseudomonadota","Gammaproteobacteria","Pseudomonadales","Pseudomonadaceae","Pseudomonas_E","Pseudomonas_E sp003852235",15,"Sierras","Y"
"176",33,29,21,0.415645130859249,0.146430434782609,1.55395955565217,5.65629425142942,7.28,1.99,3.61370574857058,"Bacteria","Pseudomonadota","Gammaproteobacteria","Pseudomonadales","Pseudomonadaceae","Pseudomonas_E","Pseudomonas_E sp003852235",15,"Sierras","Y"
"176",38,29,21,0,0.00256739565217391,0.0264867205126087,55.2862065708756,12.33,1.99,-40.9662065708754,"Bacteria","Pseudomonadota","Gammaproteobacteria","Pseudomonadales","Pseudomonadaceae","Pseudomonas_E","Pseudomonas_E sp003852235",15,"Sierras","Y"
"176",43,29,21,0,0.00459730434782609,0.0809787023913043,4.84710189966575,7.78,1.99,4.92289810033425,"Bacteria","Pseudomonadota","Gammaproteobacteria","Pseudomonadales","Pseudomonadaceae","Pseudomonas_E","Pseudomonas_E sp003852235",15,"Sierras","Y"
"177",15,29,21,0.270569845218831,0.0873473913043478,0.610910365086957,7.73689426229795,8.19,1.99,2.44310573770205,"Bacteria","Pseudomonadota","Gammaproteobacteria","Pseudomonadales","Pseudomonadaceae","Pseudomonas_E","Pseudomonas_E cedrina",15,"Sierras","Y"
"177",23,29,21,0.515794019588666,0.183686956521739,1.4572864873913,3.28055180976137,10.51,1.99,9.21944819023864,"Bacteria","Pseudomonadota","Gammaproteobacteria","Pseudomonadales","Pseudomonadaceae","Pseudomonas_E","Pseudomonas_E cedrina",15,"Sierras","Y"
"177",28,29,21,0.428843093415081,0.245458695652174,2.47557083119565,7.7407844749006,9.6,1.99,3.84921552509938,"Bacteria","Pseudomonadota","Gammaproteobacteria","Pseudomonadales","Pseudomonadaceae","Pseudomonas_E","Pseudomonas_E cedrina",15,"Sierras","Y"
"177",33,29,21,0.247490848201408,0.0667352173913043,0.742183226956522,5.66586789072422,6.29,1.99,2.61413210927577,"Bacteria","Pseudomonadota","Gammaproteobacteria","Pseudomonadales","Pseudomonadaceae","Pseudomonas_E","Pseudomonas_E cedrina",15,"Sierras","Y"
"177",38,29,21,0,0.000372230434782609,0.000404784673913044,2.16,7.12,1.99,6.95,"Bacteria","Pseudomonadota","Gammaproteobacteria","Pseudomonadales","Pseudomonadaceae","Pseudomonas_E","Pseudomonas_E cedrina",15,"Sierras","Y"
"177",43,29,21,0.061612983106045,0.101459130434783,1.84686185869565,7.21971398067884,4.3,1.99,-0.929713980678843,"Bacteria","Pseudomonadota","Gammaproteobacteria","Pseudomonadales","Pseudomonadaceae","Pseudomonas_E","Pseudomonas_E cedrina",15,"Sierras","Y"
"178",15,29,21,0.265787652086202,0.130232173913043,0.915526578152173,10.4037468640606,17.295,1.99,8.88125313593935,"Bacteria","Pseudomonadota","Gammaproteobacteria","Pseudomonadales","Pseudomonadaceae","Pseudomonas_E","Pseudomonas_E fluorescens_AO",15,"Sierras","Y"
"178",23,29,21,0.574615770485603,0.185830434782608,1.19678605164131,3.49566284221196,9.93,1.99,8.42433715778804,"Bacteria","Pseudomonadota","Gammaproteobacteria","Pseudomonadales","Pseudomonadaceae","Pseudomonas_E","Pseudomonas_E fluorescens_AO",15,"Sierras","Y"
"178",28,29,21,0.422685048829909,0.234084782608696,2.25582449558696,5.61301987888152,5.875,1.99,2.25198012111848,"Bacteria","Pseudomonadota","Gammaproteobacteria","Pseudomonadales","Pseudomonadaceae","Pseudomonas_E","Pseudomonas_E fluorescens_AO",15,"Sierras","Y"
"178",33,29,21,0.342208536335246,0.143973913043478,1.67267068413043,4.89865778708892,5.79,1.99,2.88134221291108,"Bacteria","Pseudomonadota","Gammaproteobacteria","Pseudomonadales","Pseudomonadaceae","Pseudomonas_E","Pseudomonas_E fluorescens_AO",15,"Sierras","Y"
"178",38,29,21,0.0393149082123172,0.00858478260869565,0.143950134891305,6.52369005195301,5.3,1.99,0.76630994804699,"Bacteria","Pseudomonadota","Gammaproteobacteria","Pseudomonadales","Pseudomonadaceae","Pseudomonas_E","Pseudomonas_E fluorescens_AO",15,"Sierras","Y"
"178",43,29,21,0.0218434023770961,0.0326178260869565,0.324630218043478,63.4074317253335,5.3,1.99,-56.1174317253335,"Bacteria","Pseudomonadota","Gammaproteobacteria","Pseudomonadales","Pseudomonadaceae","Pseudomonas_E","Pseudomonas_E fluorescens_AO",15,"Sierras","Y"
"179",15,29,21,0.0377892955634838,0.00906753478260871,0.065134115423913,4.68301084628598,14.23,1.99,11.536989153714,"Bacteria","Pseudomonadota","Gammaproteobacteria","Pseudomonadales","Pseudomonadaceae","Pseudomonas_E","",15,"Sierras","Y"
"179",23,29,21,0.139262029467481,0.0336593478260869,0.185067753445652,4.17741301783844,8.77,1.99,6.58258698216156,"Bacteria","Pseudomonadota","Gammaproteobacteria","Pseudomonadales","Pseudomonadaceae","Pseudomonas_E","",15,"Sierras","Y"
"179",28,29,21,0.389570139474682,0.0873786956521737,0.549273987902174,6.6827673373922,11.005,1.99,6.31223266260782,"Bacteria","Pseudomonadota","Gammaproteobacteria","Pseudomonadales","Pseudomonadaceae","Pseudomonas_E","",15,"Sierras","Y"
"179",33,29,21,0.34043956471246,0.0831404347826087,0.770468790434783,8.63313489399912,9.43,1.99,2.78686510600088,"Bacteria","Pseudomonadota","Gammaproteobacteria","Pseudomonadales","Pseudomonadaceae","Pseudomonas_E","",15,"Sierras","Y"
"179",38,29,21,0,5.84935869565215e-05,8.82547532608695e-05,2.47050640431939,8.44,1.99,12.0994935956806,"Bacteria","Pseudomonadota","Gammaproteobacteria","Pseudomonadales","Pseudomonadaceae","Pseudomonas_E","",15,"Sierras","Y"
"179",43,29,21,0,0.0017784347826087,0.0324842408695652,7.79870076871478,12.74,1.99,6.93129923128522,"Bacteria","Pseudomonadota","Gammaproteobacteria","Pseudomonadales","Pseudomonadaceae","Pseudomonas_E","",15,"Sierras","Y"
"180",15,29,21,0.259246063380424,0.0466413043478261,0.451763156532609,2.78659339313792,7.115,1.99,6.31840660686209,"Bacteria","Pseudomonadota","Gammaproteobacteria","Pseudomonadales","Pseudomonadaceae","Pseudomonas_E","",15,"Sierras","Y"
"180",23,29,21,0.479520845547808,0.0857652173913044,0.422353427108696,2.10036821298115,10.51,1.99,10.3996317870189,"Bacteria","Pseudomonadota","Gammaproteobacteria","Pseudomonadales","Pseudomonadaceae","Pseudomonas_E","",15,"Sierras","Y"
"180",28,29,21,0.380960207187034,0.0812936956521739,0.554236122134783,4.498338030328,4.3,1.99,1.79166196967199,"Bacteria","Pseudomonadota","Gammaproteobacteria","Pseudomonadales","Pseudomonadaceae","Pseudomonas_E","",15,"Sierras","Y"
"180",33,29,21,0,0.00149908695652174,0.0256886539565217,12.0962645685454,9.43,1.99,-0.676264568545411,"Bacteria","Pseudomonadota","Gammaproteobacteria","Pseudomonadales","Pseudomonadaceae","Pseudomonas_E","",15,"Sierras","Y"
"180",38,29,21,0,0.00149667391304348,0.027106512173913,3.49214274322298,4.8,1.99,3.79785725677702,"Bacteria","Pseudomonadota","Gammaproteobacteria","Pseudomonadales","Pseudomonadaceae","Pseudomonas_E","",15,"Sierras","Y"
"180",43,29,21,0,0.000315363913043478,0.000206640358695652,0.181078380860555,4.3,1.99,6.10892161913945,"Bacteria","Pseudomonadota","Gammaproteobacteria","Pseudomonadales","Pseudomonadaceae","Pseudomonas_E","",15,"Sierras","Y"
"181",13,29,21,0.102304406211698,0.0215945652173913,0.104414072967391,10.1378763999563,15.64,1.99,7.4921236000437,"Bacteria","Pseudomonadota","Gammaproteobacteria","Enterobacterales","Enterobacteriaceae","Pantoea","Pantoea sp900115075",15,"Sierras","Y"
"181",15,29,21,0.383065558125795,0.0543260869565217,0.189825700782609,11.7013406216886,18.37,1.99,8.65865937831136,"Bacteria","Pseudomonadota","Gammaproteobacteria","Enterobacterales","Enterobacteriaceae","Pantoea","Pantoea sp900115075",15,"Sierras","Y"
"181",19,29,21,0.366928768793149,0.153565217391304,0.871845973852174,5.46046436212479,5.13,1.99,1.65953563787521,"Bacteria","Pseudomonadota","Gammaproteobacteria","Enterobacterales","Enterobacteriaceae","Pantoea","Pantoea sp900115075",15,"Sierras","Y"
"181",21,29,21,0.411437585670916,0.222508695652174,1.37965194291304,5.54197479399562,4.63,1.99,1.07802520600438,"Bacteria","Pseudomonadota","Gammaproteobacteria","Enterobacterales","Enterobacteriaceae","Pantoea","Pantoea sp900115075",15,"Sierras","Y"
"181",23,29,21,0.566601253757838,0.205328260869566,1.31399655228261,3.05255935738731,10.345,1.99,9.28244064261269,"Bacteria","Pseudomonadota","Gammaproteobacteria","Enterobacterales","Enterobacteriaceae","Pantoea","Pantoea sp900115075",15,"Sierras","Y"
"181",28,29,21,0.465656447265287,0.151882608695653,1.34261025431522,5.01128124202318,5.79,1.99,2.76871875797683,"Bacteria","Pseudomonadota","Gammaproteobacteria","Enterobacterales","Enterobacteriaceae","Pantoea","Pantoea sp900115075",15,"Sierras","Y"
"181",33,29,21,0,0.00316847826086957,0.0559653919565217,5.41961884126779,4.3,1.99,0.870381158732205,"Bacteria","Pseudomonadota","Gammaproteobacteria","Enterobacterales","Enterobacteriaceae","Pantoea","Pantoea sp900115075",15,"Sierras","Y"
"181",35,29,21,0,0.000738695652173913,0.00247224239782609,44.2419067492549,4.63,1.99,-37.6219067492549,"Bacteria","Pseudomonadota","Gammaproteobacteria","Enterobacterales","Enterobacteriaceae","Pantoea","Pantoea sp900115075",15,"Sierras","Y"
"181",37,29,21,0.0153247625013736,0.0103453631304348,0.142898931611522,5.48602695313313,4.3,1.99,0.803973046866866,"Bacteria","Pseudomonadota","Gammaproteobacteria","Enterobacterales","Enterobacteriaceae","Pantoea","Pantoea sp900115075",15,"Sierras","Y"
"181",38,29,21,0,5.3213043478261e-06,5.7973695652174e-07,NA,4.3,1.99,NA,"Bacteria","Pseudomonadota","Gammaproteobacteria","Enterobacterales","Enterobacteriaceae","Pantoea","Pantoea sp900115075",15,"Sierras","Y"
"181",40,29,21,0,0.00104836945652174,0.0078158370676087,23.8786375468917,14.73,1.99,-7.15863754689172,"Bacteria","Pseudomonadota","Gammaproteobacteria","Enterobacterales","Enterobacteriaceae","Pantoea","Pantoea sp900115075",15,"Sierras","Y"
"181",42,29,21,0,7.38420869565217e-05,8.8921372173913e-05,-0.33,11.75,1.99,14.07,"Bacteria","Pseudomonadota","Gammaproteobacteria","Enterobacterales","Enterobacteriaceae","Pantoea","Pantoea sp900115075",15,"Sierras","Y"
"181",43,29,21,0,0.00141933913043478,0.00469393452826087,4.64205576708623,19.86,1.99,17.2079442329138,"Bacteria","Pseudomonadota","Gammaproteobacteria","Enterobacterales","Enterobacteriaceae","Pantoea","Pantoea sp900115075",15,"Sierras","Y"
"182",15,29,21,0.399209089758136,0.18216152173913,1.38992905333207,6.30332481324065,9.515,1.99,5.20167518675935,"Bacteria","Pseudomonadota","Gammaproteobacteria","Pseudomonadales","Pseudomonadaceae","Pseudomonas_E","Pseudomonas_E yamanorum",15,"Sierras","Y"
"182",23,29,21,0.688553320300417,0.159647826086957,1.01990627217391,-0.33,6.62,1.99,8.94,"Bacteria","Pseudomonadota","Gammaproteobacteria","Pseudomonadales","Pseudomonadaceae","Pseudomonas_E","Pseudomonas_E yamanorum",15,"Sierras","Y"
"182",28,29,21,0.48768276193262,0.246526086956522,2.6510845801087,5.42956679609249,6.95,1.99,3.51043320390751,"Bacteria","Pseudomonadota","Gammaproteobacteria","Pseudomonadales","Pseudomonadaceae","Pseudomonas_E","Pseudomonas_E yamanorum",15,"Sierras","Y"
"182",33,29,21,0.276693501092443,0.124086956521739,1.07747733021739,7.77187292614456,10.26,1.99,4.47812707385544,"Bacteria","Pseudomonadota","Gammaproteobacteria","Pseudomonadales","Pseudomonadaceae","Pseudomonas_E","Pseudomonas_E yamanorum",15,"Sierras","Y"
"182",38,29,21,0,0.0015278347826087,0.017018655173913,4.39079366703191,13.24,1.99,10.8392063329681,"Bacteria","Pseudomonadota","Gammaproteobacteria","Pseudomonadales","Pseudomonadaceae","Pseudomonas_E","Pseudomonas_E yamanorum",15,"Sierras","Y"
"182",43,29,21,0,0.00123978260869565,0.0170852050652174,4.92134063865568,7.78,1.99,4.84865936134432,"Bacteria","Pseudomonadota","Gammaproteobacteria","Pseudomonadales","Pseudomonadaceae","Pseudomonas_E","Pseudomonas_E yamanorum",15,"Sierras","Y"
"183",15,29,21,0.373576045121202,0.0934530434782606,0.310245324038044,5.1558070301655,12.25,1.99,9.0841929698345,"Bacteria","Pseudomonadota","Gammaproteobacteria","Pseudomonadales","Pseudomonadaceae","Pseudomonas_E","",15,"Sierras","Y"
"183",23,29,21,0.692428813550501,0.115634347826087,0.572799579630435,-0.16,9.93,1.99,12.08,"Bacteria","Pseudomonadota","Gammaproteobacteria","Pseudomonadales","Pseudomonadaceae","Pseudomonas_E","",15,"Sierras","Y"
"183",28,29,21,0.451639053719372,0.17989347826087,1.49673738359783,6.16296126911289,5.955,1.99,1.78203873088711,"Bacteria","Pseudomonadota","Gammaproteobacteria","Pseudomonadales","Pseudomonadaceae","Pseudomonas_E","",15,"Sierras","Y"
"183",33,29,21,0,0.00384295652173913,0.0618534063043478,8.99639880316976,9.6,1.99,2.59360119683023,"Bacteria","Pseudomonadota","Gammaproteobacteria","Pseudomonadales","Pseudomonadaceae","Pseudomonas_E","",15,"Sierras","Y"
"183",38,29,21,0,7.14565217391305e-05,9.51055956521737e-05,1.09311073799808,8.44,1.99,13.4768892620019,"Bacteria","Pseudomonadota","Gammaproteobacteria","Pseudomonadales","Pseudomonadaceae","Pseudomonas_E","",15,"Sierras","Y"
"183",43,29,21,0,0.000647721739130435,0.000611602495652174,-5.01186762838315,4.3,1.99,11.3018676283831,"Bacteria","Pseudomonadota","Gammaproteobacteria","Pseudomonadales","Pseudomonadaceae","Pseudomonas_E","",15,"Sierras","Y"
"184",15,29,21,0.251748354022562,0.0716371739130434,0.503909478902174,5.8632626233326,12.58,1.99,8.70673737666739,"Bacteria","Pseudomonadota","Gammaproteobacteria","Pseudomonadales","Pseudomonadaceae","Pseudomonas_E","Pseudomonas_E cedrina",15,"Sierras","Y"
"184",23,29,21,0.440541958318847,0.0959717391304347,0.709404541304346,2.42350595466265,9.435,1.99,9.00149404533735,"Bacteria","Pseudomonadota","Gammaproteobacteria","Pseudomonadales","Pseudomonadaceae","Pseudomonas_E","Pseudomonas_E cedrina",15,"Sierras","Y"
"184",28,29,21,0.401980163378638,0.147308695652174,1.58268631126087,5.69547477744552,5.79,1.99,2.08452522255447,"Bacteria","Pseudomonadota","Gammaproteobacteria","Pseudomonadales","Pseudomonadaceae","Pseudomonas_E","Pseudomonas_E cedrina",15,"Sierras","Y"
"184",33,29,21,0.254631182363082,0.0818926086956522,0.748749629565217,5.25648653837508,5.46,1.99,2.19351346162492,"Bacteria","Pseudomonadota","Gammaproteobacteria","Pseudomonadales","Pseudomonadaceae","Pseudomonas_E","Pseudomonas_E cedrina",15,"Sierras","Y"
"184",38,29,21,0.053552724024904,0.0208578478260869,0.250341191347826,9.49328356561737,11.17,1.99,3.66671643438265,"Bacteria","Pseudomonadota","Gammaproteobacteria","Pseudomonadales","Pseudomonadaceae","Pseudomonas_E","Pseudomonas_E cedrina",15,"Sierras","Y"
"184",43,29,21,0,0.0194852173913043,0.248581726086956,-8.9686735357408,13.9,1.99,24.8586735357408,"Bacteria","Pseudomonadota","Gammaproteobacteria","Pseudomonadales","Pseudomonadaceae","Pseudomonas_E","Pseudomonas_E cedrina",15,"Sierras","Y"
"185",15,29,21,0.159423307069733,0.0197541521739131,0.0742282287608697,NA,11.42,1.99,6.79,"Bacteria","Pseudomonadota","Gammaproteobacteria","Pseudomonadales","Pseudomonadaceae","Pseudomonas_E","",15,"Sierras","Y"
"185",23,29,21,0.183323276229804,0.0268878260869565,0.1229708325,-0.33,7.28,1.99,9.6,"Bacteria","Pseudomonadota","Gammaproteobacteria","Pseudomonadales","Pseudomonadaceae","Pseudomonas_E","",15,"Sierras","Y"
"185",28,29,21,0.335170175065365,0.0512645652173913,0.271890354298913,0.255,4.8,1.99,6.535,"Bacteria","Pseudomonadota","Gammaproteobacteria","Pseudomonadales","Pseudomonadaceae","Pseudomonas_E","",15,"Sierras","Y"
"185",33,29,21,0,0.00815765217391304,0.0885062096086956,5.52333511588556,4.3,1.99,0.766664884114437,"Bacteria","Pseudomonadota","Gammaproteobacteria","Pseudomonadales","Pseudomonadaceae","Pseudomonas_E","",15,"Sierras","Y"
"185",38,29,21,0,6.11304347826085e-06,2.6982902173913e-05,-0.33,8.44,1.99,14.9,"Bacteria","Pseudomonadota","Gammaproteobacteria","Pseudomonadales","Pseudomonadaceae","Pseudomonas_E","",15,"Sierras","Y"
"185",43,29,21,0,0.000658280434782609,0.0008814755,-9.95568595377014,4.3,1.99,16.2456859537701,"Bacteria","Pseudomonadota","Gammaproteobacteria","Pseudomonadales","Pseudomonadaceae","Pseudomonas_E","",15,"Sierras","Y"
"186",15,29,21,0.142569818621547,0.03282,0.257137833413043,6.2565168948579,13.99,1.99,5.5034831051421,"Bacteria","Pseudomonadota","Gammaproteobacteria","Pseudomonadales","Pseudomonadaceae","Pseudomonas_E","",15,"Sierras","Y"
"186",23,29,21,0.159111595370539,0.0276573913043478,0.191882350152174,3.78296630828844,4.3,1.99,2.50703369171156,"Bacteria","Pseudomonadota","Gammaproteobacteria","Pseudomonadales","Pseudomonadaceae","Pseudomonas_E","",15,"Sierras","Y"
"186",28,29,21,0.305247946174406,0.0854467391304346,0.568776645480434,5.50718356573699,4.635,1.99,1.11781643426301,"Bacteria","Pseudomonadota","Gammaproteobacteria","Pseudomonadales","Pseudomonadaceae","Pseudomonas_E","",15,"Sierras","Y"
"186",33,29,21,0,0.007362,0.0923126008695652,4.7951452660075,4.3,1.99,1.4948547339925,"Bacteria","Pseudomonadota","Gammaproteobacteria","Pseudomonadales","Pseudomonadaceae","Pseudomonas_E","",15,"Sierras","Y"
"186",38,29,21,0,0.000724043043478263,0.00787029046521738,4.2575039864506,8.355,1.99,10.1424960135494,"Bacteria","Pseudomonadota","Gammaproteobacteria","Pseudomonadales","Pseudomonadaceae","Pseudomonas_E","",15,"Sierras","Y"
"186",43,29,21,0,5.89704347826087e-05,1.53803956521739e-05,NA,4.3,1.99,NA,"Bacteria","Pseudomonadota","Gammaproteobacteria","Pseudomonadales","Pseudomonadaceae","Pseudomonas_E","",15,"Sierras","Y"
"187",15,29,21,0.088875701409855,0.0138337826086957,0.0846375391304346,11.2710924000474,12.08,1.99,10.5789075999526,"Bacteria","Pseudomonadota","Gammaproteobacteria","Pseudomonadales","Pseudomonadaceae","Pseudomonas_E","",15,"Sierras","Y"
"187",23,29,21,0.19402850578457,0.0464480434782608,0.241043782967392,10.2901356891031,13.9,1.99,5.59986431089689,"Bacteria","Pseudomonadota","Gammaproteobacteria","Pseudomonadales","Pseudomonadaceae","Pseudomonas_E","",15,"Sierras","Y"
"187",28,29,21,0.390887235202512,0.115712173913044,0.747791752659782,4.63366492773126,5.045,1.99,2.40133507226874,"Bacteria","Pseudomonadota","Gammaproteobacteria","Pseudomonadales","Pseudomonadaceae","Pseudomonas_E","",15,"Sierras","Y"
"187",33,29,21,0,0.00263921739130435,0.0459785189130435,-475.042291763672,7.28,1.99,484.312291763672,"Bacteria","Pseudomonadota","Gammaproteobacteria","Pseudomonadales","Pseudomonadaceae","Pseudomonas_E","",15,"Sierras","Y"
"187",38,29,21,0,0.0002846,0.00384531531086957,6.15304609977156,9.35,1.99,10.2369539002284,"Bacteria","Pseudomonadota","Gammaproteobacteria","Pseudomonadales","Pseudomonadaceae","Pseudomonas_E","",15,"Sierras","Y"
"187",43,29,21,0,0,0,NA,NA,1.99,NA,"Bacteria","Pseudomonadota","Gammaproteobacteria","Pseudomonadales","Pseudomonadaceae","Pseudomonas_E","",15,"Sierras","Y"
"188",15,29,21,0.265036641603757,0.0312663695652174,0.294984157925544,2.99827060187994,5.955,1.99,4.94672939812006,"Bacteria","Pseudomonadota","Gammaproteobacteria","Pseudomonadales","Pseudomonadaceae","Pseudomonas_E","",15,"Sierras","ME"
"188",23,29,21,0,0.00092214347826087,0.000327225152173912,NA,19.03,1.99,NA,"Bacteria","Pseudomonadota","Gammaproteobacteria","Pseudomonadales","Pseudomonadaceae","Pseudomonas_E","",15,"Sierras","ME"
"188",28,29,21,0.14635155253056,0.0218315217391305,0.165662121195652,4.21238617164036,4.8,1.99,2.57761382835964,"Bacteria","Pseudomonadota","Gammaproteobacteria","Pseudomonadales","Pseudomonadaceae","Pseudomonas_E","",15,"Sierras","ME"
"188",33,29,21,0,0.0010010652173913,0.00167653679565217,-0.330000000000002,14.07,1.99,16.39,"Bacteria","Pseudomonadota","Gammaproteobacteria","Pseudomonadales","Pseudomonadaceae","Pseudomonas_E","",15,"Sierras","ME"
"188",38,29,21,0,0.00168784782608696,0.0226542698913044,5.25052575350194,13.24,1.99,9.97947424649806,"Bacteria","Pseudomonadota","Gammaproteobacteria","Pseudomonadales","Pseudomonadaceae","Pseudomonas_E","",15,"Sierras","ME"
"188",43,29,21,0,0.000909352173913043,0.00634316802173913,5.21208862089755,10.59,1.99,7.36791137910245,"Bacteria","Pseudomonadota","Gammaproteobacteria","Pseudomonadales","Pseudomonadaceae","Pseudomonas_E","",15,"Sierras","ME"
"189",15,29,21,0.103741443235153,0.0345675804347826,0.218206646576087,5.01066585527345,15.56,1.99,12.5393341447265,"Bacteria","Pseudomonadota","Gammaproteobacteria","Pseudomonadales","Pseudomonadaceae","Pseudomonas_E","",15,"Sierras","ME"
"189",23,29,21,0.30909506002573,0.0337784347826087,0.186803621030435,-0.245,9.68,1.99,11.915,"Bacteria","Pseudomonadota","Gammaproteobacteria","Pseudomonadales","Pseudomonadaceae","Pseudomonas_E","",15,"Sierras","ME"
"189",28,29,21,0.140607660412296,0.0551341304347826,0.601767911956521,4.05990914234174,13.075,1.99,11.0050908576583,"Bacteria","Pseudomonadota","Gammaproteobacteria","Pseudomonadales","Pseudomonadaceae","Pseudomonas_E","",15,"Sierras","ME"
"189",33,29,21,0.240317987945004,0.0582839130434783,0.448082855652174,7.70851499948474,8.44,1.99,2.72148500051526,"Bacteria","Pseudomonadota","Gammaproteobacteria","Pseudomonadales","Pseudomonadaceae","Pseudomonas_E","",15,"Sierras","ME"
"189",38,29,21,0,0.000694804347826085,0.00828003705434785,-10.147319931872,11.335,1.99,30.507319931872,"Bacteria","Pseudomonadota","Gammaproteobacteria","Pseudomonadales","Pseudomonadaceae","Pseudomonas_E","",15,"Sierras","ME"
"189",43,29,21,0,0.00154413043478261,0.0273233156521739,4.57760987252867,13.9,1.99,11.3123901274713,"Bacteria","Pseudomonadota","Gammaproteobacteria","Pseudomonadales","Pseudomonadaceae","Pseudomonas_E","",15,"Sierras","ME"
"190",15,29,21,0.324503189291982,0.0375719565217392,0.14398744993913,8.65984690730651,12.91,1.99,6.24015309269351,"Bacteria","Pseudomonadota","Gammaproteobacteria","Pseudomonadales","Pseudomonadaceae","Pseudomonas_E","",15,"Sierras","ME"
"190",23,29,21,0.717421521951885,0.131024782608696,0.279426474173913,-0.33,13.24,1.99,15.56,"Bacteria","Pseudomonadota","Gammaproteobacteria","Pseudomonadales","Pseudomonadaceae","Pseudomonas_E","",15,"Sierras","ME"
"190",28,29,21,0.492321737624803,0.221017391304348,1.56986089062718,6.87882276872456,4.3,1.99,-0.588822768724565,"Bacteria","Pseudomonadota","Gammaproteobacteria","Pseudomonadales","Pseudomonadaceae","Pseudomonas_E","",15,"Sierras","ME"
"190",33,29,21,0.358614136714487,0.182282608695652,1.44649462934783,7.23748067918039,9.43,1.99,4.18251932081961,"Bacteria","Pseudomonadota","Gammaproteobacteria","Pseudomonadales","Pseudomonadaceae","Pseudomonas_E","",15,"Sierras","ME"
"190",38,29,21,0,0.00406963043478261,0.072242783695652,5.74325657711299,4.385,1.99,0.716743422887013,"Bacteria","Pseudomonadota","Gammaproteobacteria","Pseudomonadales","Pseudomonadaceae","Pseudomonas_E","",15,"Sierras","ME"
"190",43,29,21,0,0.00836308695652174,0.120409737173913,-17.2824536247569,7.45,1.99,26.7224536247569,"Bacteria","Pseudomonadota","Gammaproteobacteria","Pseudomonadales","Pseudomonadaceae","Pseudomonas_E","",15,"Sierras","ME"
"191",15,29,21,0.296400253900813,0.0552369565217391,0.28935928201087,9.78233317464268,14.645,1.99,6.85266682535729,"Bacteria","Pseudomonadota","Gammaproteobacteria","Enterobacterales","Enterobacteriaceae","Pantoea","Pantoea sp900115075",15,"Sierras","ME"
"191",23,29,21,0.538186988766509,0.189099130434783,1.11416270881522,2.3887468558579,6.95,1.99,6.5512531441421,"Bacteria","Pseudomonadota","Gammaproteobacteria","Enterobacterales","Enterobacteriaceae","Pantoea","Pantoea sp900115075",15,"Sierras","ME"
"191",28,29,21,0.378052492778575,0.239832608695652,1.84736752359782,7.63345240400969,9.1,1.99,3.45654759599031,"Bacteria","Pseudomonadota","Gammaproteobacteria","Enterobacterales","Enterobacteriaceae","Pantoea","Pantoea sp900115075",15,"Sierras","ME"
"191",33,29,21,0.345602725720316,0.222252173913043,2.33823978108696,5.97425597122856,6.12,1.99,2.13574402877143,"Bacteria","Pseudomonadota","Gammaproteobacteria","Enterobacterales","Enterobacteriaceae","Pantoea","Pantoea sp900115075",15,"Sierras","ME"
"191",38,29,21,0,0.00222573913043478,0.0294774194570652,-30.4986353288683,4.635,1.99,37.1236353288683,"Bacteria","Pseudomonadota","Gammaproteobacteria","Enterobacterales","Enterobacteriaceae","Pantoea","Pantoea sp900115075",15,"Sierras","ME"
"191",43,29,21,0,0.000380169565217391,0.000971512289130434,-14.2264367764833,4.47,1.99,20.6864367764833,"Bacteria","Pseudomonadota","Gammaproteobacteria","Enterobacterales","Enterobacteriaceae","Pantoea","Pantoea sp900115075",15,"Sierras","ME"
"192",15,29,21,0.248451071288261,0.104467173913043,0.450166408217392,5.41491502667622,10.345,1.99,6.92008497332379,"Bacteria","Pseudomonadota","Gammaproteobacteria","Pseudomonadales","Pseudomonadaceae","Pseudomonas_E","",15,"Sierras","ME"
"192",23,29,21,0.594748491672303,0.17820652173913,1.30940500940218,2.7328290214882,6.95,1.99,6.2071709785118,"Bacteria","Pseudomonadota","Gammaproteobacteria","Pseudomonadales","Pseudomonadaceae","Pseudomonas_E","",15,"Sierras","ME"
"192",28,29,21,0.453383568669615,0.209802173913044,2.07950287188098,5.63214272901103,6.865,1.99,3.22285727098896,"Bacteria","Pseudomonadota","Gammaproteobacteria","Pseudomonadales","Pseudomonadaceae","Pseudomonas_E","",15,"Sierras","ME"
"192",33,29,21,0.431845914184126,0.0958334782608696,1.32692873826087,4.46331931491703,4.8,1.99,2.32668068508297,"Bacteria","Pseudomonadota","Gammaproteobacteria","Pseudomonadales","Pseudomonadaceae","Pseudomonas_E","",15,"Sierras","ME"
"192",38,29,21,0,0.00264097826086957,0.0452027945652174,4.69666565941239,6.04,1.99,5.07333434058761,"Bacteria","Pseudomonadota","Gammaproteobacteria","Pseudomonadales","Pseudomonadaceae","Pseudomonas_E","",15,"Sierras","ME"
"192",43,29,21,0,0.00341934782608696,0.0427177806521739,4.49531308756103,18.04,1.99,15.534686912439,"Bacteria","Pseudomonadota","Gammaproteobacteria","Pseudomonadales","Pseudomonadaceae","Pseudomonas_E","",15,"Sierras","ME"
"193",15,29,21,0.184297117962437,0.0318326086956521,0.192322266521739,7.13930796343414,13.405,1.99,8.25569203656583,"Bacteria","Pseudomonadota","Gammaproteobacteria","Pseudomonadales","Pseudomonadaceae","Pseudomonas_E","",15,"Sierras","ME"
"193",23,29,21,0.397928278036012,0.0528986956521739,0.229615042310869,2.05659393031917,8.19,1.99,8.12340606968083,"Bacteria","Pseudomonadota","Gammaproteobacteria","Pseudomonadales","Pseudomonadaceae","Pseudomonas_E","",15,"Sierras","ME"
"193",28,29,21,0.300260421305877,0.0837863043478261,0.652178348432065,4.56656522709619,4.3,1.99,1.72343477290381,"Bacteria","Pseudomonadota","Gammaproteobacteria","Pseudomonadales","Pseudomonadaceae","Pseudomonas_E","",15,"Sierras","ME"
"193",33,29,21,0.132114297450563,0.0180621739130435,0.222485405652174,4.61668350365588,4.3,1.99,1.67331649634412,"Bacteria","Pseudomonadota","Gammaproteobacteria","Pseudomonadales","Pseudomonadaceae","Pseudomonas_E","",15,"Sierras","ME"
"193",38,29,21,0,4.57173913043478e-06,3.88597826086956e-07,NA,4.3,1.99,NA,"Bacteria","Pseudomonadota","Gammaproteobacteria","Pseudomonadales","Pseudomonadaceae","Pseudomonas_E","",15,"Sierras","ME"
"193",43,29,21,0,9.09019565217391e-05,0.000631213002173913,5.96794955892066,19.86,1.99,15.8820504410793,"Bacteria","Pseudomonadota","Gammaproteobacteria","Pseudomonadales","Pseudomonadaceae","Pseudomonas_E","",15,"Sierras","ME"
"194",15,29,21,0.117602816962714,0.0116755,0.0582526835108694,2.81445767630521,13.24,1.99,12.4155423236948,"Bacteria","Pseudomonadota","Gammaproteobacteria","Pseudomonadales","Pseudomonadaceae","Pseudomonas_E","Pseudomonas_E sp002080045",15,"Sierras","ME"
"194",23,29,21,0,0.0116013695652174,0.0250153858945652,1.51085388979907,10.84,1.99,11.3191461102009,"Bacteria","Pseudomonadota","Gammaproteobacteria","Pseudomonadales","Pseudomonadaceae","Pseudomonas_E","Pseudomonas_E sp002080045",15,"Sierras","ME"
"194",28,29,21,0.263731978616479,0.0442469565217391,0.26083895821413,3.38727545835806,6.87,1.99,5.47272454164194,"Bacteria","Pseudomonadota","Gammaproteobacteria","Pseudomonadales","Pseudomonadaceae","Pseudomonas_E","Pseudomonas_E sp002080045",15,"Sierras","ME"
"194",33,29,21,0.130845996241722,0.0238621739130435,0.168170731847826,5.16561504530227,4.3,1.99,1.12438495469773,"Bacteria","Pseudomonadota","Gammaproteobacteria","Pseudomonadales","Pseudomonadaceae","Pseudomonas_E","Pseudomonas_E sp002080045",15,"Sierras","ME"
"194",38,29,21,0,1.01913043478261e-06,4.28034782608696e-07,NA,4.3,1.99,NA,"Bacteria","Pseudomonadota","Gammaproteobacteria","Pseudomonadales","Pseudomonadaceae","Pseudomonas_E","Pseudomonas_E sp002080045",15,"Sierras","ME"
"194",43,29,21,0,0.00157021739130435,0.0263344775,5.21904028261301,4.47,1.99,1.24095971738699,"Bacteria","Pseudomonadota","Gammaproteobacteria","Pseudomonadales","Pseudomonadaceae","Pseudomonas_E","Pseudomonas_E sp002080045",15,"Sierras","ME"
"195",13,29,21,0.0977976807338757,0.0325621739130435,0.315134236206522,6.36965239401052,4.3,1.99,-0.079652394010525,"Bacteria","Pseudomonadota","Gammaproteobacteria","Enterobacterales","Enterobacteriaceae","Enterobacter","Enterobacter cancerogenus",15,"Sierras","ME"
"195",15,29,21,0.229134356664175,0.113008695652174,0.589378451934783,7.36880166780803,11.335,1.99,5.95619833219197,"Bacteria","Pseudomonadota","Gammaproteobacteria","Enterobacterales","Enterobacteriaceae","Enterobacter","Enterobacter cancerogenus",15,"Sierras","ME"
"195",19,29,21,0.266648781945413,0.119478260869565,1.02871969456522,4.73572005776706,4.3,1.99,1.55427994223294,"Bacteria","Pseudomonadota","Gammaproteobacteria","Enterobacterales","Enterobacteriaceae","Enterobacter","Enterobacter cancerogenus",15,"Sierras","ME"
"195",21,29,21,0.473547999602552,0.114049565217391,1.01023883882609,9.19561053755887,4.8,1.99,-2.40561053755887,"Bacteria","Pseudomonadota","Gammaproteobacteria","Enterobacterales","Enterobacteriaceae","Enterobacter","Enterobacter cancerogenus",15,"Sierras","ME"
"195",23,29,21,0.572388298814583,0.198510869565217,1.70157623,2.46905667800397,6.37,1.99,5.89094332199602,"Bacteria","Pseudomonadota","Gammaproteobacteria","Enterobacterales","Enterobacteriaceae","Enterobacter","Enterobacter cancerogenus",15,"Sierras","ME"
"195",28,29,21,0.564531183030651,0.224734782608696,2.92823832073913,4.24586415964731,4.465,1.99,2.20913584035269,"Bacteria","Pseudomonadota","Gammaproteobacteria","Enterobacterales","Enterobacteriaceae","Enterobacter","Enterobacter cancerogenus",15,"Sierras","ME"
"195",33,29,21,0.497678950837591,0.264026086956522,3.30979254304348,4.72758967254345,4.3,1.99,1.56241032745655,"Bacteria","Pseudomonadota","Gammaproteobacteria","Enterobacterales","Enterobacteriaceae","Enterobacter","Enterobacter cancerogenus",15,"Sierras","ME"
"195",37,29,21,0.408301086638491,0.298031230869565,3.86404498361783,4.5256933088401,4.3,1.99,1.7643066911599,"Bacteria","Pseudomonadota","Gammaproteobacteria","Enterobacterales","Enterobacteriaceae","Enterobacter","Enterobacter cancerogenus",15,"Sierras","ME"
"195",38,29,21,0,0.00323653195652174,0.054992650352174,5.78822951102743,4.8,1.99,1.00177048897257,"Bacteria","Pseudomonadota","Gammaproteobacteria","Enterobacterales","Enterobacteriaceae","Enterobacter","Enterobacter cancerogenus",15,"Sierras","ME"
"195",40,29,21,0,0.0153193112608696,0.165965207290869,11.8651852223341,8.525,1.99,-1.35018522233412,"Bacteria","Pseudomonadota","Gammaproteobacteria","Enterobacterales","Enterobacteriaceae","Enterobacter","Enterobacter cancerogenus",15,"Sierras","ME"
"195",42,29,21,0,0.00800434773913043,0.120374205373261,30.0176433046039,4.3,1.99,-23.7276433046039,"Bacteria","Pseudomonadota","Gammaproteobacteria","Enterobacterales","Enterobacteriaceae","Enterobacter","Enterobacter cancerogenus",15,"Sierras","ME"
"195",43,29,21,0.00270406245631116,0.0111521739130435,0.200748577391304,53.0646279549927,4.63,1.99,-46.4446279549927,"Bacteria","Pseudomonadota","Gammaproteobacteria","Enterobacterales","Enterobacteriaceae","Enterobacter","Enterobacter cancerogenus",15,"Sierras","ME"
"196",13,29,21,0.0710605462839665,0.00986639130434781,0.0559620036086956,-39.9905304607013,4.3,1.99,46.2805304607013,"Bacteria","Pseudomonadota","Gammaproteobacteria","Enterobacterales","Enterobacteriaceae","Enterobacter","Enterobacter cancerogenus",15,"Sierras","ME"
"196",15,29,21,0.18666083589094,0.0594521739130435,0.324764785434783,11.9868181024208,16.22,1.99,6.22318189757924,"Bacteria","Pseudomonadota","Gammaproteobacteria","Enterobacterales","Enterobacteriaceae","Enterobacter","Enterobacter cancerogenus",15,"Sierras","ME"
"196",23,29,21,0.605299268715153,0.238447826086956,2.00453422310326,2.60869357744605,5.79,1.99,5.17130642255395,"Bacteria","Pseudomonadota","Gammaproteobacteria","Enterobacterales","Enterobacteriaceae","Enterobacter","Enterobacter cancerogenus",15,"Sierras","ME"
"196",28,29,21,0.62784334468652,0.242136956521739,2.97133472320218,5.09026418264844,4.3,1.99,1.19973581735156,"Bacteria","Pseudomonadota","Gammaproteobacteria","Enterobacterales","Enterobacteriaceae","Enterobacter","Enterobacter cancerogenus",15,"Sierras","ME"
"196",33,29,21,0.51438844912824,0.290747826086957,3.57449719956522,4.52054795998806,4.3,1.99,1.76945204001194,"Bacteria","Pseudomonadota","Gammaproteobacteria","Enterobacterales","Enterobacteriaceae","Enterobacter","Enterobacter cancerogenus",15,"Sierras","ME"
"196",35,29,21,0,0.00117907395652173,0.00674442255032608,-1624.66047271075,13.74,1.99,1640.39047271075,"Bacteria","Pseudomonadota","Gammaproteobacteria","Enterobacterales","Enterobacteriaceae","Enterobacter","Enterobacter cancerogenus",15,"Sierras","ME"
"196",37,29,21,0.027615754288344,0.0436871738695652,0.538534424153261,20.7427830917042,7.94,1.99,-10.8127830917042,"Bacteria","Pseudomonadota","Gammaproteobacteria","Enterobacterales","Enterobacteriaceae","Enterobacter","Enterobacter cancerogenus",15,"Sierras","ME"
"196",38,29,21,0.030381150507396,0.00814652173913042,0.112909860109348,2.12311658473234,5.045,1.99,4.91188341526766,"Bacteria","Pseudomonadota","Gammaproteobacteria","Enterobacterales","Enterobacteriaceae","Enterobacter","Enterobacter cancerogenus",15,"Sierras","ME"
"196",40,29,21,0,0.000520703217391302,0.00141804862130435,36.453144846675,10.095,1.99,-24.3681448466749,"Bacteria","Pseudomonadota","Gammaproteobacteria","Enterobacterales","Enterobacteriaceae","Enterobacter","Enterobacter cancerogenus",15,"Sierras","ME"
"196",42,29,21,0,0.0040958692173913,0.0582027262345652,146.869739024858,4.3,1.99,-140.579739024858,"Bacteria","Pseudomonadota","Gammaproteobacteria","Enterobacterales","Enterobacteriaceae","Enterobacter","Enterobacter cancerogenus",15,"Sierras","ME"
"196",43,29,21,0,0.00955547826086956,0.168671447608696,-79.169280489126,12.58,1.99,93.739280489126,"Bacteria","Pseudomonadota","Gammaproteobacteria","Enterobacterales","Enterobacteriaceae","Enterobacter","Enterobacter cancerogenus",15,"Sierras","ME"
"197",15,29,21,0.174477518095182,0.0320126086956522,0.21336829826087,9.93034895778061,19.86,1.99,11.9196510422194,"Bacteria","Pseudomonadota","Gammaproteobacteria","Pseudomonadales","Pseudomonadaceae","Pseudomonas_E","Pseudomonas_E sp003851685",15,"Sierras","ME"
"197",23,29,21,0.657849561448834,0.221793478260869,1.78858641982609,3.25483497823197,8.52,1.99,7.25516502176803,"Bacteria","Pseudomonadota","Gammaproteobacteria","Pseudomonadales","Pseudomonadaceae","Pseudomonas_E","Pseudomonas_E sp003851685",15,"Sierras","ME"
"197",28,29,21,0.511453855218732,0.216021739130435,2.26516584434783,6.09367179428345,7.86,1.99,3.75632820571655,"Bacteria","Pseudomonadota","Gammaproteobacteria","Pseudomonadales","Pseudomonadaceae","Pseudomonas_E","Pseudomonas_E sp003851685",15,"Sierras","ME"
"197",33,29,21,0.463290752518991,0.158513043478261,2.128981545,4.24830506430712,5.13,1.99,2.87169493569288,"Bacteria","Pseudomonadota","Gammaproteobacteria","Pseudomonadales","Pseudomonadaceae","Pseudomonas_E","Pseudomonas_E sp003851685",15,"Sierras","ME"
"197",38,29,21,0,0.00234135652173913,0.0269817915042391,0.30598746854606,19.035,1.99,20.7190125314539,"Bacteria","Pseudomonadota","Gammaproteobacteria","Pseudomonadales","Pseudomonadaceae","Pseudomonas_E","Pseudomonas_E sp003851685",15,"Sierras","ME"
"197",43,29,21,0,0.00308891304347826,0.0443430632608696,-0.35769702229193,19.86,1.99,22.2076970222919,"Bacteria","Pseudomonadota","Gammaproteobacteria","Pseudomonadales","Pseudomonadaceae","Pseudomonas_E","Pseudomonas_E sp003851685",15,"Sierras","ME"
"198",15,29,21,0.240025123252018,0.0951454347826088,0.838471913804349,9.09426592449795,15.14,1.99,8.03573407550203,"Bacteria","Pseudomonadota","Gammaproteobacteria","Pseudomonadales","Pseudomonadaceae","Pseudomonas_E","Pseudomonas_E fluorescens_T",15,"Sierras","ME"
"198",23,29,21,0.616238087278477,0.104711739130435,1.02098334491087,3.15935740165228,8.605,1.99,7.43564259834772,"Bacteria","Pseudomonadota","Gammaproteobacteria","Pseudomonadales","Pseudomonadaceae","Pseudomonas_E","Pseudomonas_E fluorescens_T",15,"Sierras","ME"
"198",28,29,21,0.49177152455427,0.158845652173913,2.00036689404347,6.27034442041855,6.705,1.99,2.42465557958146,"Bacteria","Pseudomonadota","Gammaproteobacteria","Pseudomonadales","Pseudomonadaceae","Pseudomonas_E","Pseudomonas_E fluorescens_T",15,"Sierras","ME"
"198",33,29,21,0.372233574457915,0.157234782608696,1.5791372773913,4.45505459663438,4.3,1.99,1.83494540336562,"Bacteria","Pseudomonadota","Gammaproteobacteria","Pseudomonadales","Pseudomonadaceae","Pseudomonas_E","Pseudomonas_E fluorescens_T",15,"Sierras","ME"
"198",38,29,21,0.1079727420451,0.012904347826087,0.099671265173913,4.25616911145101,5.79,1.99,3.52383088854899,"Bacteria","Pseudomonadota","Gammaproteobacteria","Pseudomonadales","Pseudomonadaceae","Pseudomonas_E","Pseudomonas_E fluorescens_T",15,"Sierras","ME"
"198",43,29,21,0,0.00454108695652174,0.0415900462173913,-0.423966797480663,19.86,1.99,22.2739667974807,"Bacteria","Pseudomonadota","Gammaproteobacteria","Pseudomonadales","Pseudomonadaceae","Pseudomonas_E","Pseudomonas_E fluorescens_T",15,"Sierras","ME"
"199",15,29,21,0.24731770670709,0.100525652173913,0.492686395521739,7.9051708545043,12.495,1.99,6.57982914549568,"Bacteria","Pseudomonadota","Gammaproteobacteria","Pseudomonadales","Pseudomonadaceae","Pseudomonas_E","Pseudomonas_E fluorescens_T",15,"Sierras","ME"
"199",23,29,21,0.555512324625465,0.142534782608696,1.09130115739239,4.14006562201727,6.37,1.99,4.21993437798272,"Bacteria","Pseudomonadota","Gammaproteobacteria","Pseudomonadales","Pseudomonadaceae","Pseudomonas_E","Pseudomonas_E fluorescens_T",15,"Sierras","ME"
"199",28,29,21,0.473818539644723,0.149860869565217,1.56844158274348,5.00492737486739,4.3,1.99,1.28507262513261,"Bacteria","Pseudomonadota","Gammaproteobacteria","Pseudomonadales","Pseudomonadaceae","Pseudomonas_E","Pseudomonas_E fluorescens_T",15,"Sierras","ME"
"199",33,29,21,0.305143903137625,0.100156956521739,1.04654766521739,5.71627989281199,6.12,1.99,2.39372010718801,"Bacteria","Pseudomonadota","Gammaproteobacteria","Pseudomonadales","Pseudomonadaceae","Pseudomonas_E","Pseudomonas_E fluorescens_T",15,"Sierras","ME"
"199",38,29,21,0,0.00209452826086956,0.0289137905565218,3.06477635713903,7.86,1.99,6.78522364286099,"Bacteria","Pseudomonadota","Gammaproteobacteria","Pseudomonadales","Pseudomonadaceae","Pseudomonas_E","Pseudomonas_E fluorescens_T",15,"Sierras","ME"
"199",43,29,21,0,0.00127151304347826,0.00833842231304348,-38.0303977569677,19.86,1.99,59.8803977569677,"Bacteria","Pseudomonadota","Gammaproteobacteria","Pseudomonadales","Pseudomonadaceae","Pseudomonas_E","Pseudomonas_E fluorescens_T",15,"Sierras","ME"
"200",15,29,21,0.301423831446905,0.0564341304347827,0.188992692809783,7.31248509727195,12.66,1.99,7.33751490272805,"Bacteria","Pseudomonadota","Gammaproteobacteria","Pseudomonadales","Pseudomonadaceae","Pseudomonas_E","Pseudomonas_E sp003851685",15,"Sierras","ME"
"200",23,29,21,0.697200079680568,0.158597826086956,1.16949383729348,0.665,7.035,1.99,8.36,"Bacteria","Pseudomonadota","Gammaproteobacteria","Pseudomonadales","Pseudomonadaceae","Pseudomonas_E","Pseudomonas_E sp003851685",15,"Sierras","ME"
"200",28,29,21,0.624298674229569,0.220167391304347,2.02759541295109,6.52653912372646,4.3,1.99,-0.23653912372646,"Bacteria","Pseudomonadota","Gammaproteobacteria","Pseudomonadales","Pseudomonadaceae","Pseudomonas_E","Pseudomonas_E sp003851685",15,"Sierras","ME"
"200",33,29,21,0.426195918606652,0.162873913043478,2.00310339369565,5.47260258292543,6.12,1.99,2.63739741707457,"Bacteria","Pseudomonadota","Gammaproteobacteria","Pseudomonadales","Pseudomonadaceae","Pseudomonas_E","Pseudomonas_E sp003851685",15,"Sierras","ME"
"200",38,29,21,0,0.0087549347826087,0.158478763043478,4.13268383280111,9.935,1.99,7.7923161671989,"Bacteria","Pseudomonadota","Gammaproteobacteria","Pseudomonadales","Pseudomonadaceae","Pseudomonas_E","Pseudomonas_E sp003851685",15,"Sierras","ME"
"200",43,29,21,0,0.00371934782608696,0.0612534545652174,3.92000950906771,13.41,1.99,11.4799904909323,"Bacteria","Pseudomonadota","Gammaproteobacteria","Pseudomonadales","Pseudomonadaceae","Pseudomonas_E","Pseudomonas_E sp003851685",15,"Sierras","ME"
"202",15,29,21,0.182803360821346,0.0566147826086957,0.374833927826087,10.281548043384,15.805,1.99,7.51345195661596,"Bacteria","Pseudomonadota","Gammaproteobacteria","Pseudomonadales","Pseudomonadaceae","Pseudomonas_E","",15,"Sierras","ME"
"202",23,29,21,0.407890362802449,0.207376086956521,1.28511044440217,7.22285177348817,4.3,1.99,-0.93285177348817,"Bacteria","Pseudomonadota","Gammaproteobacteria","Pseudomonadales","Pseudomonadaceae","Pseudomonas_E","",15,"Sierras","ME"
"202",28,29,21,0.464678173113567,0.230404347826087,1.99282539543478,6.18178915800544,7.28,1.99,3.08821084199456,"Bacteria","Pseudomonadota","Gammaproteobacteria","Pseudomonadales","Pseudomonadaceae","Pseudomonas_E","",15,"Sierras","ME"
"202",33,29,21,0.377782783470248,0.179947826086957,1.80577276543478,4.11330418755155,7.28,1.99,5.15669581244845,"Bacteria","Pseudomonadota","Gammaproteobacteria","Pseudomonadales","Pseudomonadaceae","Pseudomonas_E","",15,"Sierras","ME"
"202",38,29,21,0,0.00353123913043478,0.0601993727173911,6.75419992532388,6.37,1.99,3.67580007467612,"Bacteria","Pseudomonadota","Gammaproteobacteria","Pseudomonadales","Pseudomonadaceae","Pseudomonas_E","",15,"Sierras","ME"
"202",43,29,21,0,0.00955434782608696,0.124246779130435,-0.263232613383312,19.86,1.99,22.1132326133833,"Bacteria","Pseudomonadota","Gammaproteobacteria","Pseudomonadales","Pseudomonadaceae","Pseudomonas_E","",15,"Sierras","ME"
"203",15,29,21,0.218986042963196,0.093826739130435,0.526239785358696,9.46219649650243,12.66,1.99,5.18780350349756,"Bacteria","Pseudomonadota","Gammaproteobacteria","Pseudomonadales","Pseudomonadaceae","Pseudomonas_E","",15,"Sierras","ME"
"203",23,29,21,0.387036421290629,0.159239130434783,0.940410323336956,2.42118847303932,4.3,1.99,3.86881152696068,"Bacteria","Pseudomonadota","Gammaproteobacteria","Pseudomonadales","Pseudomonadaceae","Pseudomonas_E","",15,"Sierras","ME"
"203",28,29,21,0.407133886842727,0.156580434782609,1.51889833270978,5.70711942987092,5.375,1.99,1.65788057012908,"Bacteria","Pseudomonadota","Gammaproteobacteria","Pseudomonadales","Pseudomonadaceae","Pseudomonas_E","",15,"Sierras","ME"
"203",33,29,21,0.388221686787175,0.184208695652174,1.89739950782609,6.12596180032385,7.45,1.99,3.31403819967615,"Bacteria","Pseudomonadota","Gammaproteobacteria","Pseudomonadales","Pseudomonadaceae","Pseudomonas_E","",15,"Sierras","ME"
"203",38,29,21,0,0.00313432304347826,0.0407195807326087,5.17393932778455,6.87,1.99,3.68606067221544,"Bacteria","Pseudomonadota","Gammaproteobacteria","Pseudomonadales","Pseudomonadaceae","Pseudomonas_E","",15,"Sierras","ME"
"203",43,29,21,0,0.00512195652173913,0.0744065547826087,-42.3446687676795,4.47,1.99,48.8046687676795,"Bacteria","Pseudomonadota","Gammaproteobacteria","Pseudomonadales","Pseudomonadaceae","Pseudomonas_E","",15,"Sierras","ME"
"205",15,29,21,0.353916666994221,0.136353913043478,1.10829672282608,11.176677257178,11.17,1.99,1.983322742822,"Bacteria","Pseudomonadota","Gammaproteobacteria","Pseudomonadales","Pseudomonadaceae","Pseudomonas_E","Pseudomonas_E sp014268655",25,"Sierras","W"
"205",23,29,21,0.308346623389398,0.0447478260869565,0.423175339130435,9.64034535412777,4.3,1.99,-3.35034535412778,"Bacteria","Pseudomonadota","Gammaproteobacteria","Pseudomonadales","Pseudomonadaceae","Pseudomonas_E","Pseudomonas_E sp014268655",25,"Sierras","W"
"205",28,29,21,0.386244842154331,0.157934782608696,1.77155966130435,6.97844262522826,7.12,1.99,2.13155737477174,"Bacteria","Pseudomonadota","Gammaproteobacteria","Pseudomonadales","Pseudomonadaceae","Pseudomonas_E","Pseudomonas_E sp014268655",25,"Sierras","W"
"205",33,29,21,0.334252637128384,0.126041304347826,1.31683118239131,4.86825641461525,5.375,1.99,2.49674358538475,"Bacteria","Pseudomonadota","Gammaproteobacteria","Pseudomonadales","Pseudomonadaceae","Pseudomonas_E","Pseudomonas_E sp014268655",25,"Sierras","W"
"205",35,29,21,0.345911577968943,0.0988626086956522,1.11992026826087,5.8468375397914,6.62,1.99,2.7631624602086,"Bacteria","Pseudomonadota","Gammaproteobacteria","Pseudomonadales","Pseudomonadaceae","Pseudomonas_E","Pseudomonas_E sp014268655",25,"Sierras","W"
"205",38,29,21,0,0.00195539130434783,0.0224941173913044,-53.4218596797744,4.3,1.99,59.7118596797744,"Bacteria","Pseudomonadota","Gammaproteobacteria","Pseudomonadales","Pseudomonadaceae","Pseudomonas_E","Pseudomonas_E sp014268655",25,"Sierras","W"
"205",40,29,21,0,0.00148969565217391,0.0191992793478261,-38.3226537562989,6.37,1.99,46.6826537562989,"Bacteria","Pseudomonadota","Gammaproteobacteria","Pseudomonadales","Pseudomonadaceae","Pseudomonas_E","Pseudomonas_E sp014268655",25,"Sierras","W"
"205",43,29,21,0,0.00176552173913044,0.0181180617391304,1.36901570417417,16.965,1.99,17.5859842958258,"Bacteria","Pseudomonadota","Gammaproteobacteria","Pseudomonadales","Pseudomonadaceae","Pseudomonas_E","Pseudomonas_E sp014268655",25,"Sierras","W"
"206",15,29,21,0.206890510066379,0.105318913043478,0.724538751956522,10.0992769294915,11.665,1.99,3.55572307050846,"Bacteria","Pseudomonadota","Gammaproteobacteria","Pseudomonadales","Pseudomonadaceae","Pseudomonas_E","Pseudomonas_E sp014268655",25,"Sierras","W"
"206",23,29,21,0.190177749845538,0.0342782608695652,0.30449092826087,4.05909262864076,4.63,1.99,2.56090737135924,"Bacteria","Pseudomonadota","Gammaproteobacteria","Pseudomonadales","Pseudomonadaceae","Pseudomonas_E","Pseudomonas_E sp014268655",25,"Sierras","W"
"206",28,29,21,0.430785097126937,0.156717391304348,1.76751988173913,4.50200226055057,6.12,1.99,3.60799773944943,"Bacteria","Pseudomonadota","Gammaproteobacteria","Pseudomonadales","Pseudomonadaceae","Pseudomonas_E","Pseudomonas_E sp014268655",25,"Sierras","W"
"206",33,29,21,0.326851717280552,0.104011086956522,1.00525074369565,6.07628350587057,7.61,1.99,3.52371649412944,"Bacteria","Pseudomonadota","Gammaproteobacteria","Pseudomonadales","Pseudomonadaceae","Pseudomonas_E","Pseudomonas_E sp014268655",25,"Sierras","W"
"206",35,29,21,0.265277762413194,0.128739130434783,0.933527642608696,7.74032559514612,10.43,1.99,4.67967440485388,"Bacteria","Pseudomonadota","Gammaproteobacteria","Pseudomonadales","Pseudomonadaceae","Pseudomonas_E","Pseudomonas_E sp014268655",25,"Sierras","W"
"206",38,29,21,0,0.000130434782608696,0.000722433043478261,11.3859096780421,17.05,1.99,7.65409032195795,"Bacteria","Pseudomonadota","Gammaproteobacteria","Pseudomonadales","Pseudomonadaceae","Pseudomonas_E","Pseudomonas_E sp014268655",25,"Sierras","W"
"206",40,29,21,0,0.000658608695652175,0.0108143160869565,57.0059817935883,4.3,1.99,-50.7159817935883,"Bacteria","Pseudomonadota","Gammaproteobacteria","Pseudomonadales","Pseudomonadaceae","Pseudomonas_E","Pseudomonas_E sp014268655",25,"Sierras","W"
"206",43,29,21,0,0.000765956521739129,0.0115387352173913,3.00453224443158,11.5,1.99,10.4854677555684,"Bacteria","Pseudomonadota","Gammaproteobacteria","Pseudomonadales","Pseudomonadaceae","Pseudomonas_E","Pseudomonas_E sp014268655",25,"Sierras","W"
"207",15,29,21,0.197940259982559,0.106677391304348,0.917273910869567,11.4447524103274,14.48,1.99,5.02524758967262,"Bacteria","Pseudomonadota","Gammaproteobacteria","Pseudomonadales","Pseudomonadaceae","Pseudomonas_E","Pseudomonas_E sp014268655",25,"Sierras","W"
"207",23,29,21,0.20361787301534,0.0510160869565217,0.684954219130435,4.5372511865298,4.63,1.99,2.0827488134702,"Bacteria","Pseudomonadota","Gammaproteobacteria","Pseudomonadales","Pseudomonadaceae","Pseudomonas_E","Pseudomonas_E sp014268655",25,"Sierras","W"
"207",28,29,21,0.461375305270152,0.167726086956522,1.81684355347826,6.56202088309982,7.61,1.99,3.03797911690018,"Bacteria","Pseudomonadota","Gammaproteobacteria","Pseudomonadales","Pseudomonadaceae","Pseudomonas_E","Pseudomonas_E sp014268655",25,"Sierras","W"
"207",33,29,21,0.300100192891122,0.094175652173913,1.05031322543478,6.03269252866255,6.785,1.99,2.74230747133745,"Bacteria","Pseudomonadota","Gammaproteobacteria","Pseudomonadales","Pseudomonadaceae","Pseudomonas_E","Pseudomonas_E sp014268655",25,"Sierras","W"
"207",35,29,21,0.313868268029656,0.117082608695652,1.00686998565217,7.34666961189431,8.77,1.99,3.41333038810569,"Bacteria","Pseudomonadota","Gammaproteobacteria","Pseudomonadales","Pseudomonadaceae","Pseudomonas_E","Pseudomonas_E sp014268655",25,"Sierras","W"
"207",38,29,21,0,0.00375860869565217,0.0520814,-21.9491641852272,5.3,1.99,29.2391641852272,"Bacteria","Pseudomonadota","Gammaproteobacteria","Pseudomonadales","Pseudomonadaceae","Pseudomonas_E","Pseudomonas_E sp014268655",25,"Sierras","W"
"207",40,29,21,0,0.0027175652173913,0.0191972104347826,20.0815901189953,4.3,1.99,-13.7915901189953,"Bacteria","Pseudomonadota","Gammaproteobacteria","Pseudomonadales","Pseudomonadaceae","Pseudomonas_E","Pseudomonas_E sp014268655",25,"Sierras","W"
"207",43,29,21,0,0.00255208695652174,0.0363081830434782,11.617772320367,10.26,1.99,0.632227679633,"Bacteria","Pseudomonadota","Gammaproteobacteria","Pseudomonadales","Pseudomonadaceae","Pseudomonas_E","Pseudomonas_E sp014268655",25,"Sierras","W"
"208",15,29,21,0.264730161379646,0.148679782608696,1.11661108652174,8.59991389312668,12.99,1.99,6.38008610687332,"Bacteria","Pseudomonadota","Gammaproteobacteria","Pseudomonadales","Pseudomonadaceae","Pseudomonas_E","Pseudomonas_E sp014268655",25,"Sierras","W"
"208",23,29,21,0.356632384221229,0.159882608695652,0.937901237391304,5.23401460591971,6.12,1.99,2.87598539408029,"Bacteria","Pseudomonadota","Gammaproteobacteria","Pseudomonadales","Pseudomonadaceae","Pseudomonas_E","Pseudomonas_E sp014268655",25,"Sierras","W"
"208",28,29,21,0.414791138125811,0.160617391304348,1.68742891043478,7.77658784533969,8.44,1.99,2.65341215466031,"Bacteria","Pseudomonadota","Gammaproteobacteria","Pseudomonadales","Pseudomonadaceae","Pseudomonas_E","Pseudomonas_E sp014268655",25,"Sierras","W"
"208",33,29,21,0.317377035259169,0.106338260869565,1.05491088304348,5.9692199726231,6.7,1.99,2.7207800273769,"Bacteria","Pseudomonadota","Gammaproteobacteria","Pseudomonadales","Pseudomonadaceae","Pseudomonas_E","Pseudomonas_E sp014268655",25,"Sierras","W"
"208",35,29,21,0.26301801037256,0.082824347826087,0.503703800869565,10.3920615898097,13.24,1.99,4.83793841019033,"Bacteria","Pseudomonadota","Gammaproteobacteria","Pseudomonadales","Pseudomonadaceae","Pseudomonas_E","Pseudomonas_E sp014268655",25,"Sierras","W"
"208",38,29,21,0,0.000432086956521739,0.00458927086956522,106.987789750459,7.61,1.99,-97.3877897504595,"Bacteria","Pseudomonadota","Gammaproteobacteria","Pseudomonadales","Pseudomonadaceae","Pseudomonas_E","Pseudomonas_E sp014268655",25,"Sierras","W"
"208",40,29,21,0,0.000669478260869565,0.0111439573913043,21.8413768456578,4.3,1.99,-15.5513768456578,"Bacteria","Pseudomonadota","Gammaproteobacteria","Pseudomonadales","Pseudomonadaceae","Pseudomonas_E","Pseudomonas_E sp014268655",25,"Sierras","W"
"208",43,29,21,0,0.00098704347826087,0.0148636539130435,18.7063374250455,14.73,1.99,-1.98633742504553,"Bacteria","Pseudomonadota","Gammaproteobacteria","Pseudomonadales","Pseudomonadaceae","Pseudomonas_E","Pseudomonas_E sp014268655",25,"Sierras","W"
"209",15,29,21,0.0408293093351901,0.0127285217391304,0.113344061956522,5.56959710587245,11.5,1.99,7.92040289412755,"Bacteria","Pseudomonadota","Gammaproteobacteria","Pseudomonadales","Pseudomonadaceae","Stutzerimonas","",25,"Sierras","W"
"209",23,29,21,0.136115133584116,0.0230782608695652,0.198972353043478,4.89429131675051,4.3,1.99,1.39570868324949,"Bacteria","Pseudomonadota","Gammaproteobacteria","Pseudomonadales","Pseudomonadaceae","Stutzerimonas","",25,"Sierras","W"
"209",28,29,21,0.107481781849683,0.0580552173913043,0.701526410869565,9.203328091662,12.08,1.99,4.866671908338,"Bacteria","Pseudomonadota","Gammaproteobacteria","Pseudomonadales","Pseudomonadaceae","Stutzerimonas","",25,"Sierras","W"
"209",33,29,21,0.238534882297981,0.0824928260869565,0.922009639565218,6.1214345081384,6.865,1.99,2.73356549186161,"Bacteria","Pseudomonadota","Gammaproteobacteria","Pseudomonadales","Pseudomonadaceae","Stutzerimonas","",25,"Sierras","W"
"209",35,29,21,0,0.00507634782608696,0.0893847943478261,6.22028098379939,4.3,1.99,0.0697190162006063,"Bacteria","Pseudomonadota","Gammaproteobacteria","Pseudomonadales","Pseudomonadaceae","Stutzerimonas","",25,"Sierras","W"
"209",38,29,21,0,0,0,NA,NA,1.99,NA,"Bacteria","Pseudomonadota","Gammaproteobacteria","Pseudomonadales","Pseudomonadaceae","Stutzerimonas","",25,"Sierras","W"
"209",40,29,21,0,0.00121960869565217,0.0105609163043478,5.68181342096487,4.3,1.99,0.6081865790351,"Bacteria","Pseudomonadota","Gammaproteobacteria","Pseudomonadales","Pseudomonadaceae","Stutzerimonas","",25,"Sierras","W"
"209",43,29,21,0,0.000211086956521739,0.00163671043478261,4.8149093264684,12.08,1.99,17.0350906735316,"Bacteria","Pseudomonadota","Gammaproteobacteria","Pseudomonadales","Pseudomonadaceae","Stutzerimonas","",25,"Sierras","W"
"210",15,29,21,0.0727265056977977,0.0261719565217391,0.359021627391304,7.63703231906705,6.205,1.99,0.557967680932953,"Bacteria","Pseudomonadota","Gammaproteobacteria","Pseudomonadales","Pseudomonadaceae","Stutzerimonas","",25,"Sierras","W"
"210",23,29,21,0.140842531765349,0.0326152173913043,0.398897466086956,5.05841054036297,4.3,1.99,1.23158945963703,"Bacteria","Pseudomonadota","Gammaproteobacteria","Pseudomonadales","Pseudomonadaceae","Stutzerimonas","",25,"Sierras","W"
"210",28,29,21,0.133595672202542,0.0573769565217391,0.604264236956522,4.52920009601822,4.63,1.99,2.09079990398178,"Bacteria","Pseudomonadota","Gammaproteobacteria","Pseudomonadales","Pseudomonadaceae","Stutzerimonas","",25,"Sierras","W"
"210",33,29,21,0.304950380280309,0.0715565217391304,0.852313777391304,5.96390439011583,5.955,1.99,1.98109560988417,"Bacteria","Pseudomonadota","Gammaproteobacteria","Pseudomonadales","Pseudomonadaceae","Stutzerimonas","",25,"Sierras","W"
"210",35,29,21,0,0.00626330434782609,0.11026851173913,6.03054479925641,4.3,1.99,0.259455200743591,"Bacteria","Pseudomonadota","Gammaproteobacteria","Pseudomonadales","Pseudomonadaceae","Stutzerimonas","",25,"Sierras","W"
"210",38,29,21,0,0,0,NA,NA,1.99,NA,"Bacteria","Pseudomonadota","Gammaproteobacteria","Pseudomonadales","Pseudomonadaceae","Stutzerimonas","",25,"Sierras","W"
"210",40,29,21,0,8.90434782608695e-05,0.000987847173913045,95.8090883717503,4.3,1.99,-89.5190883717503,"Bacteria","Pseudomonadota","Gammaproteobacteria","Pseudomonadales","Pseudomonadaceae","Stutzerimonas","",25,"Sierras","W"
"210",43,29,21,0,0.00296343478260869,0.0533431939130435,7.7495475523762,10.345,1.99,4.5854524476238,"Bacteria","Pseudomonadota","Gammaproteobacteria","Pseudomonadales","Pseudomonadaceae","Stutzerimonas","",25,"Sierras","W"
"211",15,29,21,0,0.00114856521739131,0.0118294534782608,9.49712660741343,4.3,1.99,-3.20712660741343,"Bacteria","Pseudomonadota","Gammaproteobacteria","Pseudomonadales","Pseudomonadaceae","Pseudomonas_E","",25,"Sierras","W"
"211",23,29,21,0.352031972403844,0.124593043478261,0.761600695217391,10.4164882771605,15.06,1.99,6.63351172283954,"Bacteria","Pseudomonadota","Gammaproteobacteria","Pseudomonadales","Pseudomonadaceae","Pseudomonas_E","",25,"Sierras","W"
"211",28,29,21,0.171983974242375,0.055194347826087,0.382034810434783,14.4161030999038,17.54,1.99,5.11389690009624,"Bacteria","Pseudomonadota","Gammaproteobacteria","Pseudomonadales","Pseudomonadaceae","Pseudomonas_E","",25,"Sierras","W"
"211",33,29,21,0,0.000946782608695652,0.0104379560869565,4.43632075901488,12.08,1.99,9.63367924098512,"Bacteria","Pseudomonadota","Gammaproteobacteria","Pseudomonadales","Pseudomonadaceae","Pseudomonas_E","",25,"Sierras","W"
"211",35,29,21,0,9.36521739130435e-05,3.89039130434783e-05,1.1109831267558,4.3,1.99,5.1790168732442,"Bacteria","Pseudomonadota","Gammaproteobacteria","Pseudomonadales","Pseudomonadaceae","Pseudomonas_E","",25,"Sierras","W"
"211",38,29,21,0,0.001676,0.0139568547826087,24.4547566357512,16.06,1.99,-6.4047566357512,"Bacteria","Pseudomonadota","Gammaproteobacteria","Pseudomonadales","Pseudomonadaceae","Pseudomonas_E","",25,"Sierras","W"
"211",40,29,21,0,0.00202217391304348,0.0246447373913043,20.6862063780992,6.37,1.99,-12.3262063780992,"Bacteria","Pseudomonadota","Gammaproteobacteria","Pseudomonadales","Pseudomonadaceae","Pseudomonas_E","",25,"Sierras","W"
"211",43,29,21,0,1.1304347826087e-06,4.30130434782609e-06,-0.33,6.62,1.99,8.94,"Bacteria","Pseudomonadota","Gammaproteobacteria","Pseudomonadales","Pseudomonadaceae","Pseudomonas_E","",25,"Sierras","W"
"212",15,29,21,0,0.000242478260869565,0.000595837826086957,-1.8262489733614,8.11,1.99,11.9262489733614,"Bacteria","Pseudomonadota","Gammaproteobacteria","Pseudomonadales","Pseudomonadaceae","Pseudomonas_E","",25,"Sierras","W"
"212",23,29,21,0.15688351822281,0.0818652173913043,0.636890630434782,9.66899841043829,19.2,1.99,11.5210015895617,"Bacteria","Pseudomonadota","Gammaproteobacteria","Pseudomonadales","Pseudomonadaceae","Pseudomonas_E","",25,"Sierras","W"
"212",28,29,21,0,0.00997678260869565,0.0479182678260869,14.4486011424592,18.04,1.99,5.58139885754075,"Bacteria","Pseudomonadota","Gammaproteobacteria","Pseudomonadales","Pseudomonadaceae","Pseudomonas_E","",25,"Sierras","W"
"212",33,29,21,0,0.000148217391304348,0.000525635869565215,3.32644482454471,7.61,1.99,9.58355517545529,"Bacteria","Pseudomonadota","Gammaproteobacteria","Pseudomonadales","Pseudomonadaceae","Pseudomonas_E","",25,"Sierras","W"
"212",35,29,21,0,0.00170391304347826,0.0180943813043478,628.454614609115,15.56,1.99,-610.904614609115,"Bacteria","Pseudomonadota","Gammaproteobacteria","Pseudomonadales","Pseudomonadaceae","Pseudomonas_E","",25,"Sierras","W"
"212",38,29,21,0,0.000237565217391304,0.000117728260869565,-0.162654573349238,13.41,1.99,15.5626545733492,"Bacteria","Pseudomonadota","Gammaproteobacteria","Pseudomonadales","Pseudomonadaceae","Pseudomonas_E","",25,"Sierras","W"
"212",40,29,21,0,0.000150260869565217,0.000855453695652175,7.1739947490449,4.3,1.99,-0.883994749044915,"Bacteria","Pseudomonadota","Gammaproteobacteria","Pseudomonadales","Pseudomonadaceae","Pseudomonas_E","",25,"Sierras","W"
"212",43,29,21,0,0.000182434782608695,0.00059457,-0.330000000000002,16.88,1.99,19.2,"Bacteria","Pseudomonadota","Gammaproteobacteria","Pseudomonadales","Pseudomonadaceae","Pseudomonas_E","",25,"Sierras","W"
"214",15,29,21,0.377620437583181,0.140421739130434,0.576527614999999,13.5382164561832,16.715,1.99,5.16678354381675,"Bacteria","Pseudomonadota","Gammaproteobacteria","Pseudomonadales","Pseudomonadaceae","Pseudomonas_E","Pseudomonas_E sp012935755",25,"Sierras","S"
"214",23,29,21,0.35427658935646,0.169669565217391,1.37285151391304,8.11227953862419,4.3,1.99,-1.82227953862419,"Bacteria","Pseudomonadota","Gammaproteobacteria","Pseudomonadales","Pseudomonadaceae","Pseudomonas_E","Pseudomonas_E sp012935755",25,"Sierras","S"
"214",28,29,21,0.254469788367378,0.05259,0.440287324347826,5.88337714538863,7.94,1.99,4.04662285461137,"Bacteria","Pseudomonadota","Gammaproteobacteria","Pseudomonadales","Pseudomonadaceae","Pseudomonas_E","Pseudomonas_E sp012935755",25,"Sierras","S"
"214",33,29,21,0.0304490352506608,0.0138564346086957,0.160995347063369,4.54383092260425,7.695,1.99,5.14116907739576,"Bacteria","Pseudomonadota","Gammaproteobacteria","Pseudomonadales","Pseudomonadaceae","Pseudomonas_E","Pseudomonas_E sp012935755",25,"Sierras","S"
"214",35,29,21,0,0.00356478260869565,0.0409919465217391,-6.54311156987619,14.57,1.99,23.1031115698762,"Bacteria","Pseudomonadota","Gammaproteobacteria","Pseudomonadales","Pseudomonadaceae","Pseudomonas_E","Pseudomonas_E sp012935755",25,"Sierras","S"
"214",38,29,21,0,0,0,NA,NA,1.99,NA,"Bacteria","Pseudomonadota","Gammaproteobacteria","Pseudomonadales","Pseudomonadaceae","Pseudomonas_E","Pseudomonas_E sp012935755",25,"Sierras","S"
"214",40,29,21,0.00302796606048022,0.00692591304347824,0.126717051956522,13.7931509929203,6.7,1.99,-5.10315099292034,"Bacteria","Pseudomonadota","Gammaproteobacteria","Pseudomonadales","Pseudomonadaceae","Pseudomonas_E","Pseudomonas_E sp012935755",25,"Sierras","S"
"214",43,29,21,0,0.000980956521739128,0.0147242539130435,3.92292799474332,4.635,1.99,2.70207200525668,"Bacteria","Pseudomonadota","Gammaproteobacteria","Pseudomonadales","Pseudomonadaceae","Pseudomonas_E","Pseudomonas_E sp012935755",25,"Sierras","S"
"215",15,29,21,0.169553106902445,0.0202002173913044,0.216569410869565,2.70067294924365,4.385,1.99,3.67432705075634,"Bacteria","Pseudomonadota","Gammaproteobacteria","Pseudomonadales","Pseudomonadaceae","Pseudomonas_E","",25,"Sierras","S"
"215",23,29,21,0.147032422291574,0.0414130434782609,0.440893844347826,4.50871895448942,6.12,1.99,3.60128104551058,"Bacteria","Pseudomonadota","Gammaproteobacteria","Pseudomonadales","Pseudomonadaceae","Pseudomonas_E","",25,"Sierras","S"
"215",28,29,21,0.180185060363009,0.101238695652174,0.736222384347826,9.53873788022154,9.93,1.99,2.38126211977846,"Bacteria","Pseudomonadota","Gammaproteobacteria","Pseudomonadales","Pseudomonadaceae","Pseudomonas_E","",25,"Sierras","S"
"215",33,29,21,0.255509262417041,0.0855710429565217,0.739947099602283,7.45672653601323,8.77,1.99,3.30327346398676,"Bacteria","Pseudomonadota","Gammaproteobacteria","Pseudomonadales","Pseudomonadaceae","Pseudomonas_E","",25,"Sierras","S"
"215",35,29,21,0.1319472916748,0.0278286956521739,0.286098607826087,6.0554919455606,10.1,1.99,6.0345080544394,"Bacteria","Pseudomonadota","Gammaproteobacteria","Pseudomonadales","Pseudomonadaceae","Pseudomonas_E","",25,"Sierras","S"
"215",38,29,21,0,0.000774,0.0104403908695652,25.3991366021984,4.3,1.99,-19.1091366021984,"Bacteria","Pseudomonadota","Gammaproteobacteria","Pseudomonadales","Pseudomonadaceae","Pseudomonas_E","",25,"Sierras","S"
"215",40,29,21,0,0.00079178260869565,0.00968980478260868,15.1879092693474,8.275,1.99,-4.92290926934737,"Bacteria","Pseudomonadota","Gammaproteobacteria","Pseudomonadales","Pseudomonadaceae","Pseudomonas_E","",25,"Sierras","S"
"215",43,29,21,0,5.85217391304348e-05,0.000482555217391304,10.9739784865716,15.145,1.99,6.16102151342837,"Bacteria","Pseudomonadota","Gammaproteobacteria","Pseudomonadales","Pseudomonadaceae","Pseudomonas_E","",25,"Sierras","S"
"216",15,29,21,0.257022197874408,0.0805286956521739,0.481086195652174,1.99,4.3,1.99,4.3,"Bacteria","Pseudomonadota","Gammaproteobacteria","Pseudomonadales","Pseudomonadaceae","Pseudomonas_E","",25,"Sierras","S"
"216",23,29,21,0.320438638983345,0.092675652173913,0.926375592608696,4.89333326788123,6.62,1.99,3.71666673211877,"Bacteria","Pseudomonadota","Gammaproteobacteria","Pseudomonadales","Pseudomonadaceae","Pseudomonas_E","",25,"Sierras","S"
"216",28,29,21,0.343238712983703,0.0422073913043478,0.138715428695652,-0.33,7.28,1.99,9.6,"Bacteria","Pseudomonadota","Gammaproteobacteria","Pseudomonadales","Pseudomonadaceae","Pseudomonas_E","",25,"Sierras","S"
"216",33,29,21,0.0834974622467004,0.0355671018405797,0.324900273286449,11.0207785013567,10.54,1.99,1.50922149864335,"Bacteria","Pseudomonadota","Gammaproteobacteria","Pseudomonadales","Pseudomonadaceae","Pseudomonas_E","",25,"Sierras","S"
"216",35,29,21,0,0.000347391304347826,0.00204529782608696,23.494277077791,16.39,1.99,-5.11427707779101,"Bacteria","Pseudomonadota","Gammaproteobacteria","Pseudomonadales","Pseudomonadaceae","Pseudomonas_E","",25,"Sierras","S"
"216",38,29,21,0,0.00106495652173913,0.0183160956521739,5.07369324219427,4.3,1.99,1.21630675780573,"Bacteria","Pseudomonadota","Gammaproteobacteria","Pseudomonadales","Pseudomonadaceae","Pseudomonas_E","",25,"Sierras","S"
"216",40,29,21,0,0.00506830434782609,0.0822296219565217,8.49418787548776,10.095,1.99,3.59081212451224,"Bacteria","Pseudomonadota","Gammaproteobacteria","Pseudomonadales","Pseudomonadaceae","Pseudomonas_E","",25,"Sierras","S"
"216",43,29,21,0,0.00299360869565218,0.0052867545652174,1.6662403752291,16.135,1.99,16.4587596247709,"Bacteria","Pseudomonadota","Gammaproteobacteria","Pseudomonadales","Pseudomonadaceae","Pseudomonas_E","",25,"Sierras","S"
"217",15,29,21,0.390566928958611,0.197276086956521,1.53291631978261,7.79731472246963,8.19,1.99,2.38268527753036,"Bacteria","Pseudomonadota","Gammaproteobacteria","Pseudomonadales","Pseudomonadaceae","Pseudomonas_E","Pseudomonas_E gregormendelii",25,"Sierras","S"
"217",23,29,21,0.428799113682202,0.119913043478261,1.45026210347826,6.88085035857143,7.94,1.99,3.04914964142857,"Bacteria","Pseudomonadota","Gammaproteobacteria","Pseudomonadales","Pseudomonadaceae","Pseudomonas_E","Pseudomonas_E gregormendelii",25,"Sierras","S"
"217",28,29,21,0.523677513570158,0.157647826086957,1.74635163869565,5.27295036159302,6.12,1.99,2.83704963840698,"Bacteria","Pseudomonadota","Gammaproteobacteria","Pseudomonadales","Pseudomonadaceae","Pseudomonas_E","Pseudomonas_E gregormendelii",25,"Sierras","S"
"217",33,29,21,0.0335334334233192,0.0146580869565218,0.194259313043478,5.30021605089513,6.12,1.99,2.80978394910487,"Bacteria","Pseudomonadota","Gammaproteobacteria","Pseudomonadales","Pseudomonadaceae","Pseudomonas_E","Pseudomonas_E gregormendelii",25,"Sierras","S"
"217",35,29,21,0,0.00556913043478261,0.0729440552173913,-23.8313329146636,4.47,1.99,30.2913329146636,"Bacteria","Pseudomonadota","Gammaproteobacteria","Pseudomonadales","Pseudomonadaceae","Pseudomonas_E","Pseudomonas_E gregormendelii",25,"Sierras","S"
"217",38,29,21,0,0,0,NA,NA,1.99,NA,"Bacteria","Pseudomonadota","Gammaproteobacteria","Pseudomonadales","Pseudomonadaceae","Pseudomonas_E","Pseudomonas_E gregormendelii",25,"Sierras","S"
"217",40,29,21,0,0.000673695652173915,0.0093375610869565,3.48062937455041,19.86,1.99,18.3693706254496,"Bacteria","Pseudomonadota","Gammaproteobacteria","Pseudomonadales","Pseudomonadaceae","Pseudomonas_E","Pseudomonas_E gregormendelii",25,"Sierras","S"
"217",43,29,21,0,0.000162173913043478,0.00193176413043478,10.4219306648127,4.3,1.99,-4.13193066481266,"Bacteria","Pseudomonadota","Gammaproteobacteria","Pseudomonadales","Pseudomonadaceae","Pseudomonas_E","Pseudomonas_E gregormendelii",25,"Sierras","S"
"218",15,29,21,0.165776159833818,0.0643843478260869,0.498728395652174,6.02035464279006,9.845,1.99,5.81464535720994,"Bacteria","Pseudomonadota","Gammaproteobacteria","Pseudomonadales","Pseudomonadaceae","Pseudomonas_E","",25,"Sierras","S"
"218",23,29,21,0,0.000212173913043478,0.00053900652173913,-1941.77349401822,6.62,1.99,1950.38349401822,"Bacteria","Pseudomonadota","Gammaproteobacteria","Pseudomonadales","Pseudomonadaceae","Pseudomonas_E","",25,"Sierras","S"
"218",28,29,21,0.211212038508182,0.02399,0.117363627826087,3.81559058944749,4.3,1.99,2.47440941055251,"Bacteria","Pseudomonadota","Gammaproteobacteria","Pseudomonadales","Pseudomonadaceae","Pseudomonas_E","",25,"Sierras","S"
"218",33,29,21,0,0.00496308695652174,0.0763087510869565,4.99853541769658,4.465,1.99,1.45646458230342,"Bacteria","Pseudomonadota","Gammaproteobacteria","Pseudomonadales","Pseudomonadaceae","Pseudomonas_E","",25,"Sierras","S"
"218",35,29,21,0,0.000529217391304348,0.00201367217391304,0.652992267660826,9.1,1.99,10.4370077323392,"Bacteria","Pseudomonadota","Gammaproteobacteria","Pseudomonadales","Pseudomonadaceae","Pseudomonas_E","",25,"Sierras","S"
"218",38,29,21,0,1.73913043478261e-06,8.58260869565218e-07,3.48,5.79,1.99,4.3,"Bacteria","Pseudomonadota","Gammaproteobacteria","Pseudomonadales","Pseudomonadaceae","Pseudomonas_E","",25,"Sierras","S"
"218",40,29,21,0,0,0,NA,NA,1.99,NA,"Bacteria","Pseudomonadota","Gammaproteobacteria","Pseudomonadales","Pseudomonadaceae","Pseudomonas_E","",25,"Sierras","S"
"218",43,29,21,0,0.00016795652173913,0.00265392152173913,5.65733644870485,4.3,1.99,0.632663551295146,"Bacteria","Pseudomonadota","Gammaproteobacteria","Pseudomonadales","Pseudomonadaceae","Pseudomonas_E","",25,"Sierras","S"
"219",15,29,21,0.129316307731677,0.0249069565217391,0.238272956086956,9.63024090013401,16.88,1.99,9.23975909986598,"Bacteria","Pseudomonadota","Gammaproteobacteria","Pseudomonadales","Pseudomonadaceae","Pseudomonas_E","Pseudomonas_E sp003851685",25,"Sierras","S"
"219",23,29,21,0.446892900927754,0.15215652173913,0.770044966086956,5.68692958218464,4.3,1.99,0.603070417815357,"Bacteria","Pseudomonadota","Gammaproteobacteria","Pseudomonadales","Pseudomonadaceae","Pseudomonas_E","Pseudomonas_E sp003851685",25,"Sierras","S"
"219",28,29,21,0,0,0,NA,NA,1.99,NA,"Bacteria","Pseudomonadota","Gammaproteobacteria","Pseudomonadales","Pseudomonadaceae","Pseudomonas_E","Pseudomonas_E sp003851685",25,"Sierras","S"
"219",33,29,21,0.133678526894784,0.0491127391304348,0.248583497826087,72.0195347318212,10.59,1.99,-59.4395347318212,"Bacteria","Pseudomonadota","Gammaproteobacteria","Pseudomonadales","Pseudomonadaceae","Pseudomonas_E","Pseudomonas_E sp003851685",25,"Sierras","S"
"219",35,29,21,0,7.74782608695652e-05,0.000453690434782609,-0.33,4.3,1.99,6.62,"Bacteria","Pseudomonadota","Gammaproteobacteria","Pseudomonadales","Pseudomonadaceae","Pseudomonas_E","Pseudomonas_E sp003851685",25,"Sierras","S"
"219",38,29,21,0,0.000681826086956522,0.0111431391304348,5.15995991067272,16.72,1.99,13.5500400893273,"Bacteria","Pseudomonadota","Gammaproteobacteria","Pseudomonadales","Pseudomonadaceae","Pseudomonas_E","Pseudomonas_E sp003851685",25,"Sierras","S"
"219",40,29,21,0,0.00134404347826086,0.0175951106521739,6.51237828292821,5.545,1.99,1.02262171707179,"Bacteria","Pseudomonadota","Gammaproteobacteria","Pseudomonadales","Pseudomonadaceae","Pseudomonas_E","Pseudomonas_E sp003851685",25,"Sierras","S"
"219",43,29,21,0,0.00102234782608695,0.0185955356521739,5.45187550294743,6.12,1.99,2.65812449705257,"Bacteria","Pseudomonadota","Gammaproteobacteria","Pseudomonadales","Pseudomonadaceae","Pseudomonas_E","Pseudomonas_E sp003851685",25,"Sierras","S"
"220",15,29,21,0.206273537325802,0.0568132608695652,0.368759827391304,5.43430867180052,9.765,1.99,6.32069132819948,"Bacteria","Pseudomonadota","Gammaproteobacteria","Pseudomonadales","Pseudomonadaceae","Pseudomonas_E","",25,"Sierras","S"
"220",23,29,21,0.0966060730360674,0.0349304347826087,0.470594456521739,7.02056921159684,10.26,1.99,5.22943078840316,"Bacteria","Pseudomonadota","Gammaproteobacteria","Pseudomonadales","Pseudomonadaceae","Pseudomonas_E","",25,"Sierras","S"
"220",28,29,21,0.22123769819338,0.0258508695652174,0.144685623913043,4.78550246067032,4.3,1.99,1.50449753932968,"Bacteria","Pseudomonadota","Gammaproteobacteria","Pseudomonadales","Pseudomonadaceae","Pseudomonas_E","",25,"Sierras","S"
"220",33,29,21,0.150832633410139,0.0242243043478261,0.137084964130435,5.85699061274662,10.01,1.99,6.14300938725336,"Bacteria","Pseudomonadota","Gammaproteobacteria","Pseudomonadales","Pseudomonadaceae","Pseudomonas_E","",25,"Sierras","S"
"220",38,29,21,0,2.35652173913043e-05,0.000175810869565218,2.18499792302973,4.47,1.99,4.27500207697027,"Bacteria","Pseudomonadota","Gammaproteobacteria","Pseudomonadales","Pseudomonadaceae","Pseudomonas_E","",25,"Sierras","S"
"220",40,29,21,0,5.5913043478261e-05,0.000831253695652175,10.8474293344815,7.61,1.99,-1.24742933448151,"Bacteria","Pseudomonadota","Gammaproteobacteria","Pseudomonadales","Pseudomonadaceae","Pseudomonas_E","",25,"Sierras","S"
"220",43,29,21,0,0.00190804347826087,0.0353908923913043,2.484973539836,5.545,1.99,5.050026460164,"Bacteria","Pseudomonadota","Gammaproteobacteria","Pseudomonadales","Pseudomonadaceae","Pseudomonas_E","",25,"Sierras","S"
"221",15,29,21,0.126194637209519,0.041724347826087,0.43138222826087,6.60199510315814,14.23,1.99,9.61800489684186,"Bacteria","Pseudomonadota","Gammaproteobacteria","Pseudomonadales","Pseudomonadaceae","Pseudomonas_E","Pseudomonas_E sp003851685",25,"Sierras","S"
"221",23,29,21,0.20854159128207,0.110721739130435,1.08131956086957,5.62463733064651,7.61,1.99,3.97536266935349,"Bacteria","Pseudomonadota","Gammaproteobacteria","Pseudomonadales","Pseudomonadaceae","Pseudomonas_E","Pseudomonas_E sp003851685",25,"Sierras","S"
"221",33,29,21,0.135149443204671,0.0983081739130436,0.552419703260869,28.3528286063901,8.855,1.99,-17.5078286063901,"Bacteria","Pseudomonadota","Gammaproteobacteria","Pseudomonadales","Pseudomonadaceae","Pseudomonas_E","Pseudomonas_E sp003851685",25,"Sierras","S"
"221",35,29,21,0,0.00583304347826087,0.104815576956522,4.34086475023573,4.8,1.99,2.44913524976427,"Bacteria","Pseudomonadota","Gammaproteobacteria","Pseudomonadales","Pseudomonadaceae","Pseudomonas_E","Pseudomonas_E sp003851685",25,"Sierras","S"
"221",38,29,21,0,0,0,NA,4.3,1.99,NA,"Bacteria","Pseudomonadota","Gammaproteobacteria","Pseudomonadales","Pseudomonadaceae","Pseudomonas_E","Pseudomonas_E sp003851685",25,"Sierras","S"
"221",40,29,21,0,0.000658478260869564,0.00897634021739133,2.01336008087229,8.195,1.99,8.1716399191277,"Bacteria","Pseudomonadota","Gammaproteobacteria","Pseudomonadales","Pseudomonadaceae","Pseudomonas_E","Pseudomonas_E sp003851685",25,"Sierras","S"
"221",43,29,21,0,0.000238391304347826,0.000614112391304351,62.4265572292575,10.925,1.99,-49.5115572292575,"Bacteria","Pseudomonadota","Gammaproteobacteria","Pseudomonadales","Pseudomonadaceae","Pseudomonas_E","Pseudomonas_E sp003851685",25,"Sierras","S"
"222",15,29,21,0.0968999102390494,0.0218860869565217,0.199297484130434,11.0006701361504,16.385,1.99,7.37432986384957,"Bacteria","Pseudomonadota","Gammaproteobacteria","Pseudomonadales","Pseudomonadaceae","Pseudomonas_E","Pseudomonas_E sp003851685",25,"Sierras","S"
"222",23,29,21,0.156333865780257,0.0344130434782609,0.334646763043478,4.57045122339644,5.13,1.99,2.54954877660356,"Bacteria","Pseudomonadota","Gammaproteobacteria","Pseudomonadales","Pseudomonadaceae","Pseudomonas_E","Pseudomonas_E sp003851685",25,"Sierras","S"
"222",28,29,21,0.238917532658384,0.0494030434782609,0.380324148695652,7.78150789425896,7.94,1.99,2.14849210574104,"Bacteria","Pseudomonadota","Gammaproteobacteria","Pseudomonadales","Pseudomonadaceae","Pseudomonas_E","Pseudomonas_E sp003851685",25,"Sierras","S"
"222",33,29,21,0.273157847089389,0.0459354347826087,0.347365571086957,8.65608870378168,10.425,1.99,3.75891129621832,"Bacteria","Pseudomonadota","Gammaproteobacteria","Pseudomonadales","Pseudomonadaceae","Pseudomonas_E","Pseudomonas_E sp003851685",25,"Sierras","S"
"222",38,29,21,0,0.00266730434782609,0.0424828347826087,3.90030613225884,14.57,1.99,12.6596938677412,"Bacteria","Pseudomonadota","Gammaproteobacteria","Pseudomonadales","Pseudomonadaceae","Pseudomonas_E","Pseudomonas_E sp003851685",25,"Sierras","S"
"222",40,29,21,0,0.000240173913043478,0.00356836021739131,19.2617819175373,4.3,1.99,-12.9717819175373,"Bacteria","Pseudomonadota","Gammaproteobacteria","Pseudomonadales","Pseudomonadaceae","Pseudomonas_E","Pseudomonas_E sp003851685",25,"Sierras","S"
"222",43,29,21,0,0.00147047826086956,0.0169081143478261,-2.22123017449376,10.675,1.99,14.8862301744938,"Bacteria","Pseudomonadota","Gammaproteobacteria","Pseudomonadales","Pseudomonadaceae","Pseudomonas_E","Pseudomonas_E sp003851685",25,"Sierras","S"
"223",15,29,21,0.366626999416377,0.162735434782609,1.05620992717391,9.21594797323593,15.805,1.99,8.57905202676405,"Bacteria","Pseudomonadota","Gammaproteobacteria","Pseudomonadales","Pseudomonadaceae","Pseudomonas_E","Pseudomonas_E gregormendelii",25,"Sierras","V"
"223",23,29,21,0.399329846049607,0.119339130434783,1.57355474173913,5.08597794163895,6.95,1.99,3.85402205836105,"Bacteria","Pseudomonadota","Gammaproteobacteria","Pseudomonadales","Pseudomonadaceae","Pseudomonas_E","Pseudomonas_E gregormendelii",25,"Sierras","V"
"223",28,29,21,0.468817605938986,0.160378260869565,1.59666066043478,6.41138681083734,6.95,1.99,2.52861318916266,"Bacteria","Pseudomonadota","Gammaproteobacteria","Pseudomonadales","Pseudomonadaceae","Pseudomonas_E","Pseudomonas_E gregormendelii",25,"Sierras","V"
"223",33,29,21,0.0544816477044609,0.0134136956521739,0.172304271956522,5.24231509060465,6.37,1.99,3.11768490939535,"Bacteria","Pseudomonadota","Gammaproteobacteria","Pseudomonadales","Pseudomonadaceae","Pseudomonas_E","Pseudomonas_E gregormendelii",25,"Sierras","V"
"223",38,29,21,0,0,0,NA,NA,1.99,NA,"Bacteria","Pseudomonadota","Gammaproteobacteria","Pseudomonadales","Pseudomonadaceae","Pseudomonas_E","Pseudomonas_E gregormendelii",25,"Sierras","V"
"223",40,29,21,0,0.00375747826086956,0.0571876323913043,4.76774898920531,8.605,1.99,5.8272510107947,"Bacteria","Pseudomonadota","Gammaproteobacteria","Pseudomonadales","Pseudomonadaceae","Pseudomonas_E","Pseudomonas_E gregormendelii",25,"Sierras","V"
"223",43,29,21,0,0.000221086956521739,0.00346883782608696,5.17206392704446,4.3,1.99,1.11793607295554,"Bacteria","Pseudomonadota","Gammaproteobacteria","Pseudomonadales","Pseudomonadaceae","Pseudomonas_E","Pseudomonas_E gregormendelii",25,"Sierras","V"
"224",15,29,21,0.203812220548251,0.0822882608695654,0.644256945652175,7.12678756531606,9.68,1.99,4.54321243468394,"Bacteria","Pseudomonadota","Gammaproteobacteria","Pseudomonadales","Pseudomonadaceae","Pseudomonas_E","",25,"Sierras","V"
"224",23,29,21,0.293629701099578,0.0964860869565217,0.862755839565217,6.99355577480277,4.3,1.99,-0.703555774802768,"Bacteria","Pseudomonadota","Gammaproteobacteria","Pseudomonadales","Pseudomonadaceae","Pseudomonas_E","",25,"Sierras","V"
"224",28,29,21,0.274429004078581,0.131517391304348,1.23939515130435,4.62039237534887,4.3,1.99,1.66960762465113,"Bacteria","Pseudomonadota","Gammaproteobacteria","Pseudomonadales","Pseudomonadaceae","Pseudomonas_E","",25,"Sierras","V"
"224",33,29,21,0,0.00515721739130435,0.0637482604347826,6.39191254458436,5.79,1.99,1.38808745541564,"Bacteria","Pseudomonadota","Gammaproteobacteria","Pseudomonadales","Pseudomonadaceae","Pseudomonas_E","",25,"Sierras","V"
"224",35,29,21,0,0.000964782608695652,0.0114537660869565,-88.0168943307712,4.3,1.99,94.3068943307712,"Bacteria","Pseudomonadota","Gammaproteobacteria","Pseudomonadales","Pseudomonadaceae","Pseudomonas_E","",25,"Sierras","V"
"224",38,29,21,0,0.00143686956521739,0.00515923695652174,14.4017952397387,19.86,1.99,7.44820476026131,"Bacteria","Pseudomonadota","Gammaproteobacteria","Pseudomonadales","Pseudomonadaceae","Pseudomonas_E","",25,"Sierras","V"
"224",40,29,21,0,0.000139521739130435,0.00209693869565218,6.80140286493036,4.3,1.99,-0.511402864930364,"Bacteria","Pseudomonadota","Gammaproteobacteria","Pseudomonadales","Pseudomonadaceae","Pseudomonas_E","",25,"Sierras","V"
"224",43,29,21,0,6.21304347826085e-05,0.000529765869565218,3.9474856424973,8.025,1.99,6.06751435750268,"Bacteria","Pseudomonadota","Gammaproteobacteria","Pseudomonadales","Pseudomonadaceae","Pseudomonas_E","",25,"Sierras","V"
"225",15,29,21,0,0.0149667391304348,0.0841475693478261,-14.3813812828531,15.06,1.99,31.4313812828532,"Bacteria","Pseudomonadota","Gammaproteobacteria","Pseudomonadales","Pseudomonadaceae","Pseudomonas_E","Pseudomonas_E yamanorum",25,"Sierras","V"
"225",23,29,21,0.440757842844675,0.17195652173913,1.92096721,4.45509424703507,4.3,1.99,1.83490575296493,"Bacteria","Pseudomonadota","Gammaproteobacteria","Pseudomonadales","Pseudomonadaceae","Pseudomonas_E","Pseudomonas_E yamanorum",25,"Sierras","V"
"225",28,29,21,0.642380166304517,0.196717391304348,2.08624836130435,7.94709876208938,8.77,1.99,2.81290123791061,"Bacteria","Pseudomonadota","Gammaproteobacteria","Pseudomonadales","Pseudomonadaceae","Pseudomonas_E","Pseudomonas_E yamanorum",25,"Sierras","V"
"225",33,29,21,0.233783407209419,0.11000347826087,0.889271168695652,6.71256788293366,10.92,1.99,6.19743211706634,"Bacteria","Pseudomonadota","Gammaproteobacteria","Pseudomonadales","Pseudomonadaceae","Pseudomonas_E","Pseudomonas_E yamanorum",25,"Sierras","V"
"225",35,29,21,0,0.00610286956521739,0.104483729130435,9.79534644124654,10.59,1.99,2.78465355875346,"Bacteria","Pseudomonadota","Gammaproteobacteria","Pseudomonadales","Pseudomonadaceae","Pseudomonas_E","Pseudomonas_E yamanorum",25,"Sierras","V"
"225",38,29,21,0,0.00275426086956522,0.0371207695652174,3.59445382318047,13.9,1.99,12.2955461768195,"Bacteria","Pseudomonadota","Gammaproteobacteria","Pseudomonadales","Pseudomonadaceae","Pseudomonas_E","Pseudomonas_E yamanorum",25,"Sierras","V"
"225",40,29,21,0,0.000137782608695652,0.00206340239130435,6.19565535752943,4.3,1.99,0.0943446424705678,"Bacteria","Pseudomonadota","Gammaproteobacteria","Pseudomonadales","Pseudomonadaceae","Pseudomonas_E","Pseudomonas_E yamanorum",25,"Sierras","V"
"225",43,29,21,0,0.000384739130434782,0.00444174413043479,432.640750054636,9.6,1.99,-421.050750054636,"Bacteria","Pseudomonadota","Gammaproteobacteria","Pseudomonadales","Pseudomonadaceae","Pseudomonas_E","Pseudomonas_E yamanorum",25,"Sierras","V"
"226",15,29,21,0.376743145834457,0.221560869565218,0.83360102,10.9488494928365,17.79,1.99,8.83115050716349,"Bacteria","Pseudomonadota","Gammaproteobacteria","Pseudomonadales","Pseudomonadaceae","Pseudomonas_E","",25,"Sierras","V"
"226",23,29,21,0.278357636659059,0.0841086956521739,0.426345291304348,4.24829168683797,6.46,1.99,4.20170831316203,"Bacteria","Pseudomonadota","Gammaproteobacteria","Pseudomonadales","Pseudomonadaceae","Pseudomonas_E","",25,"Sierras","V"
"226",28,29,21,0.267159468343466,0.108152173913043,0.893726692173913,4.73356902500705,4.3,1.99,1.55643097499295,"Bacteria","Pseudomonadota","Gammaproteobacteria","Pseudomonadales","Pseudomonadaceae","Pseudomonas_E","",25,"Sierras","V"
"226",33,29,21,0,0.000919478326086955,0.0134669384479348,3.65552666070551,5.21,1.99,3.54447333929448,"Bacteria","Pseudomonadota","Gammaproteobacteria","Pseudomonadales","Pseudomonadaceae","Pseudomonas_E","",25,"Sierras","V"
"226",35,29,21,0,0.000329478260869565,0.000500775652173913,0.397830082881013,13.9,1.99,15.492169917119,"Bacteria","Pseudomonadota","Gammaproteobacteria","Pseudomonadales","Pseudomonadaceae","Pseudomonas_E","",25,"Sierras","V"
"226",38,29,21,0,3.34782608695652e-05,0.000222171739130435,7.48697522042533,13.74,1.99,8.24302477957468,"Bacteria","Pseudomonadota","Gammaproteobacteria","Pseudomonadales","Pseudomonadaceae","Pseudomonas_E","",25,"Sierras","V"
"226",40,29,21,0,0.0020645652173913,0.0297637536956522,8.87684167427452,4.3,1.99,-2.58684167427452,"Bacteria","Pseudomonadota","Gammaproteobacteria","Pseudomonadales","Pseudomonadaceae","Pseudomonas_E","",25,"Sierras","V"
"226",43,29,21,0,0.000542260869565215,0.0094989191304348,5.17024131232502,5.13,1.99,1.94975868767498,"Bacteria","Pseudomonadota","Gammaproteobacteria","Pseudomonadales","Pseudomonadaceae","Pseudomonas_E","",25,"Sierras","V"
"227",15,29,21,0.217775416920444,0.0959934782608696,0.461075164565217,12.4764741746027,17.46,1.99,6.97352582539728,"Bacteria","Pseudomonadota","Gammaproteobacteria","Pseudomonadales","Pseudomonadaceae","Pseudomonas_E","",25,"Sierras","V"
"227",23,29,21,0.24475879895085,0.121265217391304,1.28063217,9.27773763446996,11.92,1.99,4.63226236553004,"Bacteria","Pseudomonadota","Gammaproteobacteria","Pseudomonadales","Pseudomonadaceae","Pseudomonas_E","",25,"Sierras","V"
"227",28,29,21,0.231940648450028,0.0352204347826087,0.17037820173913,0.5,4.3,1.99,5.79,"Bacteria","Pseudomonadota","Gammaproteobacteria","Pseudomonadales","Pseudomonadaceae","Pseudomonas_E","",25,"Sierras","V"
"227",33,29,21,0.0094118956146695,0.00591073936956524,0.097705807908261,8.31780935289465,7.695,1.99,1.36719064710537,"Bacteria","Pseudomonadota","Gammaproteobacteria","Pseudomonadales","Pseudomonadaceae","Pseudomonas_E","",25,"Sierras","V"
"227",35,29,21,0,0,0,NA,NA,1.99,NA,"Bacteria","Pseudomonadota","Gammaproteobacteria","Pseudomonadales","Pseudomonadaceae","Pseudomonas_E","",25,"Sierras","V"
"227",38,29,21,0,0,0,NA,4.3,1.99,NA,"Bacteria","Pseudomonadota","Gammaproteobacteria","Pseudomonadales","Pseudomonadaceae","Pseudomonas_E","",25,"Sierras","V"
"227",40,29,21,0,0.000165956521739131,0.00248505760869565,16.9928655198431,12.41,1.99,-2.59286551984312,"Bacteria","Pseudomonadota","Gammaproteobacteria","Pseudomonadales","Pseudomonadaceae","Pseudomonas_E","",25,"Sierras","V"
"227",43,29,21,0,0.000641869565217389,0.00889578,26.3374121768946,16.88,1.99,-7.4674121768946,"Bacteria","Pseudomonadota","Gammaproteobacteria","Pseudomonadales","Pseudomonadaceae","Pseudomonas_E","",25,"Sierras","V"
"228",15,29,21,0.238531228414165,0.137738478260869,0.735829770434782,11.563567953512,11.17,1.99,1.59643204648799,"Bacteria","Pseudomonadota","Gammaproteobacteria","Pseudomonadales","Pseudomonadaceae","Pseudomonas_E","",25,"Sierras","V"
"228",23,29,21,0.341221560819781,0.103780869565217,0.786512663478261,5.02296361680805,6.95,1.99,3.91703638319195,"Bacteria","Pseudomonadota","Gammaproteobacteria","Pseudomonadales","Pseudomonadaceae","Pseudomonas_E","",25,"Sierras","V"
"228",28,29,21,0.231474527321142,0.0467378260869565,0.317533150869565,9.04546065251379,4.3,1.99,-2.75546065251379,"Bacteria","Pseudomonadota","Gammaproteobacteria","Pseudomonadales","Pseudomonadaceae","Pseudomonas_E","",25,"Sierras","V"
"228",33,29,21,0,0.00293530465217392,0.0436456076439131,-20.2232413564055,8.275,1.99,30.4882413564055,"Bacteria","Pseudomonadota","Gammaproteobacteria","Pseudomonadales","Pseudomonadaceae","Pseudomonas_E","",25,"Sierras","V"
"228",35,29,21,0,0,0,NA,NA,1.99,NA,"Bacteria","Pseudomonadota","Gammaproteobacteria","Pseudomonadales","Pseudomonadaceae","Pseudomonas_E","",25,"Sierras","V"
"228",38,29,21,0,0,0,NA,NA,1.99,NA,"Bacteria","Pseudomonadota","Gammaproteobacteria","Pseudomonadales","Pseudomonadaceae","Pseudomonas_E","",25,"Sierras","V"
"228",40,29,21,0,2.82608695652174e-06,1.22441304347826e-05,4.09973501013187,10.59,1.99,8.48026498986813,"Bacteria","Pseudomonadota","Gammaproteobacteria","Pseudomonadales","Pseudomonadaceae","Pseudomonas_E","",25,"Sierras","V"
"228",43,29,21,0,0.000353,0.000138550652173913,NA,11.585,1.99,NA,"Bacteria","Pseudomonadota","Gammaproteobacteria","Pseudomonadales","Pseudomonadaceae","Pseudomonas_E","",25,"Sierras","V"
"229",15,29,21,0.177373102916869,0.0421415217391305,0.298331503913044,3.95840903806526,4.3,1.99,2.33159096193475,"Bacteria","Pseudomonadota","Gammaproteobacteria","Pseudomonadales","Pseudomonadaceae","Pseudomonas_E","",25,"Sierras","V"
"229",23,29,21,0.449866418169057,0.174934782608696,1.45095756130435,6.03279894907376,4.3,1.99,0.257201050926236,"Bacteria","Pseudomonadota","Gammaproteobacteria","Pseudomonadales","Pseudomonadaceae","Pseudomonas_E","",25,"Sierras","V"
"229",28,29,21,0.613412360574365,0.269791304347826,3.00145161478261,6.55031372498348,4.3,1.99,-0.260313724983476,"Bacteria","Pseudomonadota","Gammaproteobacteria","Pseudomonadales","Pseudomonadaceae","Pseudomonas_E","",25,"Sierras","V"
"229",33,29,21,0.187820628105965,0.0168139130434783,0.0705961234782609,-0.32,6.46,1.99,8.77,"Bacteria","Pseudomonadota","Gammaproteobacteria","Pseudomonadales","Pseudomonadaceae","Pseudomonas_E","",25,"Sierras","V"
"229",38,29,21,0,0,0,NA,NA,1.99,NA,"Bacteria","Pseudomonadota","Gammaproteobacteria","Pseudomonadales","Pseudomonadaceae","Pseudomonas_E","",25,"Sierras","V"
"229",40,29,21,0,0.000120695652173913,0.000852555652173915,16.4577095669472,17.88,1.99,3.41229043305279,"Bacteria","Pseudomonadota","Gammaproteobacteria","Pseudomonadales","Pseudomonadaceae","Pseudomonas_E","",25,"Sierras","V"
"229",43,29,21,0,0.000418652173913044,0.004181025,7.84392044807554,9.6,1.99,9.04607955192446,"Bacteria","Pseudomonadota","Gammaproteobacteria","Pseudomonadales","Pseudomonadaceae","Pseudomonas_E","",25,"Sierras","V"
"230",15,29,21,0.196458691859379,0.0426026086956522,0.314674459565217,4.54425422202656,9.77,1.99,7.21574577797344,"Bacteria","Pseudomonadota","Gammaproteobacteria","Pseudomonadales","Pseudomonadaceae","Pseudomonas_E","Pseudomonas_E fluorescens_AO",25,"Sierras","Y"
"230",23,29,21,0.357480828967038,0.139982608695652,1.16874435695652,4.63132088235899,4.3,1.99,1.65867911764101,"Bacteria","Pseudomonadota","Gammaproteobacteria","Pseudomonadales","Pseudomonadaceae","Pseudomonas_E","Pseudomonas_E fluorescens_AO",25,"Sierras","Y"
"230",28,29,21,0.146623777171543,0.2443,3.896661,4.53876477647445,4.3,1.99,1.75123522352555,"Bacteria","Pseudomonadota","Gammaproteobacteria","Pseudomonadales","Pseudomonadaceae","Pseudomonas_E","Pseudomonas_E fluorescens_AO",25,"Sierras","Y"
"230",33,29,21,0.255231499696867,0.0825276086956522,0.83753253521739,5.29616226817328,9.515,1.99,6.20883773182672,"Bacteria","Pseudomonadota","Gammaproteobacteria","Pseudomonadales","Pseudomonadaceae","Pseudomonas_E","Pseudomonas_E fluorescens_AO",25,"Sierras","Y"
"230",35,29,21,0.164248805388042,0.0303982608695652,0.233417587391304,12.3499327997416,17.54,1.99,7.18006720025839,"Bacteria","Pseudomonadota","Gammaproteobacteria","Pseudomonadales","Pseudomonadaceae","Pseudomonas_E","Pseudomonas_E fluorescens_AO",25,"Sierras","Y"
"230",38,29,21,0,0.00119339130434783,0.0162683130434783,59.7869991869002,16.39,1.99,-41.4069991869002,"Bacteria","Pseudomonadota","Gammaproteobacteria","Pseudomonadales","Pseudomonadaceae","Pseudomonas_E","Pseudomonas_E fluorescens_AO",25,"Sierras","Y"
"230",40,29,21,0,0.00190113043478261,0.0234509465217391,8.40032845261962,15.23,1.99,8.81967154738038,"Bacteria","Pseudomonadota","Gammaproteobacteria","Pseudomonadales","Pseudomonadaceae","Pseudomonas_E","Pseudomonas_E fluorescens_AO",25,"Sierras","Y"
"230",43,29,21,0,0.00214878260869565,0.0172864686956522,2.62266003256567,18.705,1.99,18.0723399674343,"Bacteria","Pseudomonadota","Gammaproteobacteria","Pseudomonadales","Pseudomonadaceae","Pseudomonas_E","Pseudomonas_E fluorescens_AO",25,"Sierras","Y"
"231",15,29,21,0.343477468805329,0.187652173913044,1.67479394934783,6.83585076361081,12.33,1.99,7.48414923638918,"Bacteria","Pseudomonadota","Gammaproteobacteria","Enterobacterales","Enterobacteriaceae","Pantoea","Pantoea agglomerans",25,"Sierras","Y"
"231",23,29,21,0.598138252859934,0.20695652173913,2.71599460565217,4.75670573746959,4.3,1.99,1.53329426253041,"Bacteria","Pseudomonadota","Gammaproteobacteria","Enterobacterales","Enterobacteriaceae","Pantoea","Pantoea agglomerans",25,"Sierras","Y"
"231",28,29,21,0.510195114381291,0.318673913043478,4.78998652304348,5.44749759398647,4.3,1.99,0.84250240601353,"Bacteria","Pseudomonadota","Gammaproteobacteria","Enterobacterales","Enterobacteriaceae","Pantoea","Pantoea agglomerans",25,"Sierras","Y"
"231",33,29,21,0.398206651117393,0.298326086956522,3.42954271956522,4.87190156014309,6.12,1.99,3.23809843985691,"Bacteria","Pseudomonadota","Gammaproteobacteria","Enterobacterales","Enterobacteriaceae","Pantoea","Pantoea agglomerans",25,"Sierras","Y"
"231",35,29,21,0.355448757259618,0.233021739130435,2.48288912391304,4.58201663006938,4.3,1.99,1.70798336993062,"Bacteria","Pseudomonadota","Gammaproteobacteria","Enterobacterales","Enterobacteriaceae","Pantoea","Pantoea agglomerans",25,"Sierras","Y"
"231",38,29,21,0,0,0,NA,NA,1.99,NA,"Bacteria","Pseudomonadota","Gammaproteobacteria","Enterobacterales","Enterobacteriaceae","Pantoea","Pantoea agglomerans",25,"Sierras","Y"
"231",40,29,21,0,0.00326230434782609,0.0363511884782609,5.10006506622607,4.3,1.99,1.18993493377393,"Bacteria","Pseudomonadota","Gammaproteobacteria","Enterobacterales","Enterobacteriaceae","Pantoea","Pantoea agglomerans",25,"Sierras","Y"
"231",43,29,21,0,0.00206539130434783,0.0258905586956522,-85.9734759941207,7.61,1.99,95.5734759941207,"Bacteria","Pseudomonadota","Gammaproteobacteria","Enterobacterales","Enterobacteriaceae","Pantoea","Pantoea agglomerans",25,"Sierras","Y"
"232",15,29,21,0.434893854947268,0.217793478260869,1.08374242304348,8.21550766706706,11.505,1.99,5.27949233293292,"Bacteria","Pseudomonadota","Gammaproteobacteria","Pseudomonadales","Pseudomonadaceae","Pseudomonas_E","Pseudomonas_E cedrina",25,"Sierras","Y"
"232",23,29,21,0.222602281461232,0.157360869565217,1.62024483565217,10.6602889115942,12.41,1.99,3.73971108840583,"Bacteria","Pseudomonadota","Gammaproteobacteria","Pseudomonadales","Pseudomonadaceae","Pseudomonas_E","Pseudomonas_E cedrina",25,"Sierras","Y"
"232",28,29,21,0.340080206296822,0.125886956521739,1.15076871347826,4.72265699845813,4.3,1.99,1.56734300154187,"Bacteria","Pseudomonadota","Gammaproteobacteria","Pseudomonadales","Pseudomonadaceae","Pseudomonas_E","Pseudomonas_E cedrina",25,"Sierras","Y"
"232",33,29,21,0.21404149988406,0.112245434782609,0.849613618695652,5.96596893009782,7.86,1.99,3.88403106990218,"Bacteria","Pseudomonadota","Gammaproteobacteria","Pseudomonadales","Pseudomonadaceae","Pseudomonas_E","Pseudomonas_E cedrina",25,"Sierras","Y"
"232",35,29,21,0.112700012787097,0.0547373913043478,0.562439052173913,4.63557713845004,6.95,1.99,4.30442286154996,"Bacteria","Pseudomonadota","Gammaproteobacteria","Pseudomonadales","Pseudomonadaceae","Pseudomonas_E","Pseudomonas_E cedrina",25,"Sierras","Y"
"232",38,29,21,0,0.021324347826087,0.231358246956522,-34.1691161168823,4.3,1.99,40.4591161168823,"Bacteria","Pseudomonadota","Gammaproteobacteria","Pseudomonadales","Pseudomonadaceae","Pseudomonas_E","Pseudomonas_E cedrina",25,"Sierras","Y"
"232",40,29,21,0,0.0041234347826087,0.0677129547826087,14.9117711830354,9.93,1.99,-2.99177118303542,"Bacteria","Pseudomonadota","Gammaproteobacteria","Pseudomonadales","Pseudomonadaceae","Pseudomonas_E","Pseudomonas_E cedrina",25,"Sierras","Y"
"232",43,29,21,0,0.00785452173913043,0.0696144002173912,4.12655573214879,12.08,1.99,9.94344426785118,"Bacteria","Pseudomonadota","Gammaproteobacteria","Pseudomonadales","Pseudomonadaceae","Pseudomonas_E","Pseudomonas_E cedrina",25,"Sierras","Y"
"233",15,29,21,0.263271135611374,0.154190652173913,1.05670901173913,9.81827011900844,17.295,1.99,9.46672988099158,"Bacteria","Pseudomonadota","Gammaproteobacteria","Enterobacterales","Enterobacteriaceae","Pantoea","Pantoea agglomerans",25,"Sierras","Y"
"233",23,29,21,0.132279051284101,0.0693260869565217,0.971277130434783,5.81715249969868,6.12,1.99,2.29284750030132,"Bacteria","Pseudomonadota","Gammaproteobacteria","Enterobacterales","Enterobacteriaceae","Pantoea","Pantoea agglomerans",25,"Sierras","Y"
"233",28,29,21,0.292304489921071,0.109560869565217,1.45395683347826,4.49382249613899,5.79,1.99,3.28617750386101,"Bacteria","Pseudomonadota","Gammaproteobacteria","Enterobacterales","Enterobacteriaceae","Pantoea","Pantoea agglomerans",25,"Sierras","Y"
"233",33,29,21,0.282248748724058,0.158021739130435,2.2297412673913,4.87796481428876,4.3,1.99,1.41203518571124,"Bacteria","Pseudomonadota","Gammaproteobacteria","Enterobacterales","Enterobacteriaceae","Pantoea","Pantoea agglomerans",25,"Sierras","Y"
"233",35,29,21,0.305810028976797,0.1239,1.35072894,4.62927065366943,4.3,1.99,1.66072934633057,"Bacteria","Pseudomonadota","Gammaproteobacteria","Enterobacterales","Enterobacteriaceae","Pantoea","Pantoea agglomerans",25,"Sierras","Y"
"233",38,29,21,0,0.00343452173913043,0.0591615086956522,3.81868924072114,5.63,1.99,3.80131075927886,"Bacteria","Pseudomonadota","Gammaproteobacteria","Enterobacterales","Enterobacteriaceae","Pantoea","Pantoea agglomerans",25,"Sierras","Y"
"233",40,29,21,0,0.00328695652173913,0.0503628613043478,-15.2385787882601,4.88,1.99,22.1085787882601,"Bacteria","Pseudomonadota","Gammaproteobacteria","Enterobacterales","Enterobacteriaceae","Pantoea","Pantoea agglomerans",25,"Sierras","Y"
"233",43,29,21,0,0.00459226086956522,0.0547276069565217,-3.88177596152347,16.715,1.99,22.5867759615235,"Bacteria","Pseudomonadota","Gammaproteobacteria","Enterobacterales","Enterobacteriaceae","Pantoea","Pantoea agglomerans",25,"Sierras","Y"
"234",15,29,21,0,0.0215590869565217,0.0960215139130433,2.7917220092639,17.46,1.99,16.6582779907361,"Bacteria","Pseudomonadota","Gammaproteobacteria","Xanthomonadales","Xanthomonadaceae","Stenotrophomonas","Stenotrophomonas rhizophila_A",25,"Sierras","Y"
"234",23,29,21,0,0.00445208695652174,0.0698137591304348,4.81258703600931,5.79,1.99,2.96741296399069,"Bacteria","Pseudomonadota","Gammaproteobacteria","Xanthomonadales","Xanthomonadaceae","Stenotrophomonas","Stenotrophomonas rhizophila_A",25,"Sierras","Y"
"234",28,29,21,0,0.000744782608695652,0.00813687826086956,5.78982190048254,19.86,1.99,16.0601780995175,"Bacteria","Pseudomonadota","Gammaproteobacteria","Xanthomonadales","Xanthomonadaceae","Stenotrophomonas","Stenotrophomonas rhizophila_A",25,"Sierras","Y"
"234",33,29,21,0,0.000422086956521739,0.00337089956521739,0.17,4.3,1.99,6.12,"Bacteria","Pseudomonadota","Gammaproteobacteria","Xanthomonadales","Xanthomonadaceae","Stenotrophomonas","Stenotrophomonas rhizophila_A",25,"Sierras","Y"
"234",35,29,21,0,0.00391608695652174,0.0635421204347826,14.0117188339271,19.86,1.99,7.83828116607294,"Bacteria","Pseudomonadota","Gammaproteobacteria","Xanthomonadales","Xanthomonadaceae","Stenotrophomonas","Stenotrophomonas rhizophila_A",25,"Sierras","Y"
"234",38,29,21,0,0,0,NA,NA,1.99,NA,"Bacteria","Pseudomonadota","Gammaproteobacteria","Xanthomonadales","Xanthomonadaceae","Stenotrophomonas","Stenotrophomonas rhizophila_A",25,"Sierras","Y"
"234",40,29,21,0.00545063408515795,0.0105663043478261,0.195261965869565,4.91096052410682,6.37,1.99,3.44903947589318,"Bacteria","Pseudomonadota","Gammaproteobacteria","Xanthomonadales","Xanthomonadaceae","Stenotrophomonas","Stenotrophomonas rhizophila_A",25,"Sierras","Y"
"234",43,29,21,0,3.04347826086957e-06,1.29576086956522e-05,0.79703549942354,14.4,1.99,15.5929645005764,"Bacteria","Pseudomonadota","Gammaproteobacteria","Xanthomonadales","Xanthomonadaceae","Stenotrophomonas","Stenotrophomonas rhizophila_A",25,"Sierras","Y"
"235",15,29,21,0.180031450334111,0.12210652173913,0.968443073913041,7.38848515151535,11.75,1.99,6.35151484848465,"Bacteria","Pseudomonadota","Gammaproteobacteria","Pseudomonadales","Pseudomonadaceae","Pseudomonas_E","Pseudomonas_E sp003851685",25,"Sierras","Y"
"235",23,29,21,0.303880997755288,0.248782608695652,2.28233441173913,4.46014265957425,4.3,1.99,1.82985734042575,"Bacteria","Pseudomonadota","Gammaproteobacteria","Pseudomonadales","Pseudomonadaceae","Pseudomonas_E","Pseudomonas_E sp003851685",25,"Sierras","Y"
"235",28,29,21,0.24205081124458,0.355491304347826,3.81047127608696,7.24034554847138,7.61,1.99,2.35965445152862,"Bacteria","Pseudomonadota","Gammaproteobacteria","Pseudomonadales","Pseudomonadaceae","Pseudomonas_E","Pseudomonas_E sp003851685",25,"Sierras","Y"
"235",33,29,21,0.321535259206185,0.215708695652174,2.11109144782609,6.02150895335794,7.115,1.99,3.08349104664206,"Bacteria","Pseudomonadota","Gammaproteobacteria","Pseudomonadales","Pseudomonadaceae","Pseudomonas_E","Pseudomonas_E sp003851685",25,"Sierras","Y"
"235",35,29,21,0.200769153336997,0.201365217391304,1.78836060869565,7.96144822467767,7.94,1.99,1.96855177532233,"Bacteria","Pseudomonadota","Gammaproteobacteria","Pseudomonadales","Pseudomonadaceae","Pseudomonas_E","Pseudomonas_E sp003851685",25,"Sierras","Y"
"235",38,29,21,0,0.000204086956521739,0.000367085217391304,-6.94,8.61,1.99,17.54,"Bacteria","Pseudomonadota","Gammaproteobacteria","Pseudomonadales","Pseudomonadaceae","Pseudomonas_E","Pseudomonas_E sp003851685",25,"Sierras","Y"
"235",40,29,21,0,0.000121173913043478,0.0014527752173913,5.24965412001336,19.03,1.99,15.7703458799866,"Bacteria","Pseudomonadota","Gammaproteobacteria","Pseudomonadales","Pseudomonadaceae","Pseudomonas_E","Pseudomonas_E sp003851685",25,"Sierras","Y"
"235",43,29,21,0,0.000310608695652174,0.00423271108695652,6.42907447275943,5.21,1.99,0.770925527240572,"Bacteria","Pseudomonadota","Gammaproteobacteria","Pseudomonadales","Pseudomonadaceae","Pseudomonas_E","Pseudomonas_E sp003851685",25,"Sierras","Y"
"236",15,29,21,0.148078386473775,0.0523067391304348,0.459341338043478,7.09943608566553,12.66,1.99,7.55056391433446,"Bacteria","Pseudomonadota","Gammaproteobacteria","Xanthomonadales","Xanthomonadaceae","Stenotrophomonas","Stenotrophomonas lactitubi",25,"Sierras","Y"
"236",23,29,21,0.382951611611015,0.222434782608696,1.45452522695652,10.7010614405135,14.23,1.99,5.51893855948654,"Bacteria","Pseudomonadota","Gammaproteobacteria","Xanthomonadales","Xanthomonadaceae","Stenotrophomonas","Stenotrophomonas lactitubi",25,"Sierras","Y"
"236",28,29,21,0,0.000934608695652174,0.0113613817391304,5.23042665343535,18.04,1.99,14.7995733465646,"Bacteria","Pseudomonadota","Gammaproteobacteria","Xanthomonadales","Xanthomonadaceae","Stenotrophomonas","Stenotrophomonas lactitubi",25,"Sierras","Y"
"236",33,29,21,0,0.00640060869565217,0.0112582030434783,-0.197006640996751,11.42,1.99,13.6070066409968,"Bacteria","Pseudomonadota","Gammaproteobacteria","Xanthomonadales","Xanthomonadaceae","Stenotrophomonas","Stenotrophomonas lactitubi",25,"Sierras","Y"
"236",35,29,21,0,0.0046595652173913,0.0512241204347826,7.6674941954905,8.61,1.99,2.9325058045095,"Bacteria","Pseudomonadota","Gammaproteobacteria","Xanthomonadales","Xanthomonadaceae","Stenotrophomonas","Stenotrophomonas lactitubi",25,"Sierras","Y"
"236",38,29,21,0,0.00548452173913043,0.0774997695652174,5.87791442574818,12.25,1.99,8.36208557425183,"Bacteria","Pseudomonadota","Gammaproteobacteria","Xanthomonadales","Xanthomonadaceae","Stenotrophomonas","Stenotrophomonas lactitubi",25,"Sierras","Y"
"236",40,29,21,0,4.09130434782608e-05,0.000427890434782609,4.80561427167363,19.53,1.99,16.7143857283264,"Bacteria","Pseudomonadota","Gammaproteobacteria","Xanthomonadales","Xanthomonadaceae","Stenotrophomonas","Stenotrophomonas lactitubi",25,"Sierras","Y"
"236",43,29,21,0,0.000991913043478261,0.01617941,2.29172529633088,4.88,1.99,4.57827470366912,"Bacteria","Pseudomonadota","Gammaproteobacteria","Xanthomonadales","Xanthomonadaceae","Stenotrophomonas","Stenotrophomonas lactitubi",25,"Sierras","Y"
"237",15,29,21,0.178538921544335,0.0692345652173913,0.521918594347826,6.62222066543652,15.39,1.99,10.7577793345635,"Bacteria","Pseudomonadota","Gammaproteobacteria","Pseudomonadales","Pseudomonadaceae","Pseudomonas_E","Pseudomonas_E sp019956415",25,"Sierras","Y"
"237",23,29,21,0.313836858295107,0.0720217391304348,0.548726887391304,4.80016363594864,4.3,1.99,1.48983636405136,"Bacteria","Pseudomonadota","Gammaproteobacteria","Pseudomonadales","Pseudomonadaceae","Pseudomonas_E","Pseudomonas_E sp019956415",25,"Sierras","Y"
"237",28,29,21,0.234092593327165,0.0536378260869565,0.344937553043478,5.40577073879766,4.3,1.99,0.884229261202341,"Bacteria","Pseudomonadota","Gammaproteobacteria","Pseudomonadales","Pseudomonadaceae","Pseudomonas_E","Pseudomonas_E sp019956415",25,"Sierras","Y"
"237",33,29,21,0,0.000857217391304348,0.00791489347826087,6.58321745612083,12.58,1.99,7.98678254387917,"Bacteria","Pseudomonadota","Gammaproteobacteria","Pseudomonadales","Pseudomonadaceae","Pseudomonas_E","Pseudomonas_E sp019956415",25,"Sierras","Y"
"237",35,29,21,0,0.000575913043478261,0.00990079434782609,6.11705761815348,4.3,1.99,0.172942381846515,"Bacteria","Pseudomonadota","Gammaproteobacteria","Pseudomonadales","Pseudomonadaceae","Pseudomonas_E","Pseudomonas_E sp019956415",25,"Sierras","Y"
"237",38,29,21,0,0.00261495652173913,0.0471677913043478,7.83754660219247,4.3,1.99,-1.54754660219247,"Bacteria","Pseudomonadota","Gammaproteobacteria","Pseudomonadales","Pseudomonadaceae","Pseudomonas_E","Pseudomonas_E sp019956415",25,"Sierras","Y"
"237",40,29,21,0,2.5e-05,0.000224525217391304,1.99,19.86,1.99,19.86,"Bacteria","Pseudomonadota","Gammaproteobacteria","Pseudomonadales","Pseudomonadaceae","Pseudomonas_E","Pseudomonas_E sp019956415",25,"Sierras","Y"
"237",43,29,21,0,1.63478260869571e-05,8.4865434782611e-05,49.4310285408472,4.3,1.99,-43.1410285408472,"Bacteria","Pseudomonadota","Gammaproteobacteria","Pseudomonadales","Pseudomonadaceae","Pseudomonas_E","Pseudomonas_E sp019956415",25,"Sierras","Y"
"238",15,29,21,0.30133993668385,0.220169565217392,1.68944144152174,10.0454992814969,13.9,1.99,5.84450071850308,"Bacteria","Pseudomonadota","Gammaproteobacteria","Pseudomonadales","Pseudomonadaceae","Pseudomonas_E","Pseudomonas_E sp002874965",25,"Sierras","Y"
"238",23,29,21,0.384008453498754,0.147830434782609,1.59500432695652,4.19009861121991,4.3,1.99,2.09990138878009,"Bacteria","Pseudomonadota","Gammaproteobacteria","Pseudomonadales","Pseudomonadaceae","Pseudomonas_E","Pseudomonas_E sp002874965",25,"Sierras","Y"
"238",28,29,21,0.525471450616449,0.185065217391304,1.5007551026087,6.11910400294681,4.3,1.99,0.170895997053186,"Bacteria","Pseudomonadota","Gammaproteobacteria","Pseudomonadales","Pseudomonadaceae","Pseudomonas_E","Pseudomonas_E sp002874965",25,"Sierras","Y"
"238",33,29,21,0.0920387996105629,0.0156101738695652,0.144103843193913,6.12617208610639,9.435,1.99,5.29882791389361,"Bacteria","Pseudomonadota","Gammaproteobacteria","Pseudomonadales","Pseudomonadaceae","Pseudomonas_E","Pseudomonas_E sp002874965",25,"Sierras","Y"
"238",35,29,21,0.0254261423007131,0.0143521739130435,0.259068791304348,9.16524870851296,4.3,1.99,-2.87524870851296,"Bacteria","Pseudomonadota","Gammaproteobacteria","Pseudomonadales","Pseudomonadaceae","Pseudomonas_E","Pseudomonas_E sp002874965",25,"Sierras","Y"
"238",38,29,21,0,0.0014504347826087,0.00152513347826087,0.379281110083739,4.3,1.99,5.91071888991626,"Bacteria","Pseudomonadota","Gammaproteobacteria","Pseudomonadales","Pseudomonadaceae","Pseudomonas_E","Pseudomonas_E sp002874965",25,"Sierras","Y"
"238",40,29,21,0,9.7e-05,0.00117977434782608,5.73857327229094,8.44,1.99,4.69142672770906,"Bacteria","Pseudomonadota","Gammaproteobacteria","Pseudomonadales","Pseudomonadaceae","Pseudomonas_E","Pseudomonas_E sp002874965",25,"Sierras","Y"
"238",43,29,21,0,0.00020204347826087,0.00182553608695652,4.15102748516048,4.635,1.99,2.47397251483952,"Bacteria","Pseudomonadota","Gammaproteobacteria","Pseudomonadales","Pseudomonadaceae","Pseudomonas_E","Pseudomonas_E sp002874965",25,"Sierras","Y"
"239",15,29,21,0.233100574458895,0.0997769565217391,0.471955306521739,12.7139730260339,19.86,1.99,9.13602697396609,"Bacteria","Pseudomonadota","Gammaproteobacteria","Pseudomonadales","Pseudomonadaceae","Pseudomonas_E","",25,"Sierras","Y"
"239",23,29,21,0.279579506875372,0.0739630434782609,0.666621944347826,4.7591696112324,6.95,1.99,4.1808303887676,"Bacteria","Pseudomonadota","Gammaproteobacteria","Pseudomonadales","Pseudomonadaceae","Pseudomonas_E","",25,"Sierras","Y"
"239",28,29,21,0.163523763255732,0.039094347826087,0.284363400869565,9.48059270173934,13.24,1.99,5.74940729826066,"Bacteria","Pseudomonadota","Gammaproteobacteria","Pseudomonadales","Pseudomonadaceae","Pseudomonas_E","",25,"Sierras","Y"
"239",33,29,21,0,0.00448747876086956,0.0578623798430435,12.5692882829482,9.1,1.99,-1.47928828294818,"Bacteria","Pseudomonadota","Gammaproteobacteria","Pseudomonadales","Pseudomonadaceae","Pseudomonas_E","",25,"Sierras","Y"
"239",35,29,21,0,0.0011604347826087,0.0127924465217391,20.7620703459703,7.61,1.99,-11.1620703459703,"Bacteria","Pseudomonadota","Gammaproteobacteria","Pseudomonadales","Pseudomonadaceae","Pseudomonas_E","",25,"Sierras","Y"
"239",38,29,21,0,0,0,NA,NA,1.99,NA,"Bacteria","Pseudomonadota","Gammaproteobacteria","Pseudomonadales","Pseudomonadaceae","Pseudomonas_E","",25,"Sierras","Y"
"239",40,29,21,0,0.00059895652173913,0.00676924782608695,5.35588497645838,16.06,1.99,12.6941150235416,"Bacteria","Pseudomonadota","Gammaproteobacteria","Pseudomonadales","Pseudomonadaceae","Pseudomonas_E","",25,"Sierras","Y"
"239",43,29,21,0,0.000848217391304346,0.00885369304347828,438.466368633723,13.24,1.99,-423.236368633723,"Bacteria","Pseudomonadota","Gammaproteobacteria","Pseudomonadales","Pseudomonadaceae","Pseudomonas_E","",25,"Sierras","Y"
"240",15,29,21,0.207827317396601,0.126007608695652,1.18760788413044,5.52198340571864,5.46,1.99,1.92801659428136,"Bacteria","Pseudomonadota","Gammaproteobacteria","Enterobacterales","Enterobacteriaceae","Erwinia","Erwinia billingiae",25,"Sierras","Y"
"240",23,29,21,0.448713001234092,0.155639130434783,1.18201993913043,4.18656381173234,4.3,1.99,2.10343618826766,"Bacteria","Pseudomonadota","Gammaproteobacteria","Enterobacterales","Enterobacteriaceae","Erwinia","Erwinia billingiae",25,"Sierras","Y"
"240",28,29,21,0.339206180941062,0.18974347826087,1.38259827130435,8.40091350478308,7.94,1.99,1.52908649521692,"Bacteria","Pseudomonadota","Gammaproteobacteria","Enterobacterales","Enterobacteriaceae","Erwinia","Erwinia billingiae",25,"Sierras","Y"
"240",33,29,21,0,0.003049,0.0497170215217392,7.8192102413781,4.3,1.99,-1.5292102413781,"Bacteria","Pseudomonadota","Gammaproteobacteria","Enterobacterales","Enterobacteriaceae","Erwinia","Erwinia billingiae",25,"Sierras","Y"
"240",35,29,21,0,0.00239086956521739,0.0245906204347826,-2.39223243172109,19.7,1.99,24.0822324317211,"Bacteria","Pseudomonadota","Gammaproteobacteria","Enterobacterales","Enterobacteriaceae","Erwinia","Erwinia billingiae",25,"Sierras","Y"
"240",38,29,21,0,0,0,NA,NA,1.99,NA,"Bacteria","Pseudomonadota","Gammaproteobacteria","Enterobacterales","Enterobacteriaceae","Erwinia","Erwinia billingiae",25,"Sierras","Y"
"240",40,29,21,0,4.95652173913043e-06,2.70902173913043e-05,9.1543372786092,5.46,1.99,-1.7043372786092,"Bacteria","Pseudomonadota","Gammaproteobacteria","Enterobacterales","Enterobacteriaceae","Erwinia","Erwinia billingiae",25,"Sierras","Y"
"240",43,29,21,0,0.00256591304347826,0.0271310680434783,4.97336903950048,8.77,1.99,5.78663096049953,"Bacteria","Pseudomonadota","Gammaproteobacteria","Enterobacterales","Enterobacteriaceae","Erwinia","Erwinia billingiae",25,"Sierras","Y"
"241",15,29,21,0.198924321445635,0.0577589999999999,0.183862680869565,6.88896833512245,12.08,1.99,7.18103166487752,"Bacteria","Pseudomonadota","Gammaproteobacteria","Pseudomonadales","Pseudomonadaceae","Pseudomonas_E","",25,"Sierras","Y"
"241",23,29,21,0.333830613086537,0.0552869565217391,0.270850567391304,2.60931868097579,4.3,1.99,3.68068131902421,"Bacteria","Pseudomonadota","Gammaproteobacteria","Pseudomonadales","Pseudomonadaceae","Pseudomonas_E","",25,"Sierras","Y"
"241",28,29,21,0.223162880449776,0.151778260869565,1.18593776434783,5.16167352470339,4.3,1.99,1.12832647529661,"Bacteria","Pseudomonadota","Gammaproteobacteria","Pseudomonadales","Pseudomonadaceae","Pseudomonas_E","",25,"Sierras","Y"
"241",33,29,21,0,0,0,NA,NA,1.99,NA,"Bacteria","Pseudomonadota","Gammaproteobacteria","Pseudomonadales","Pseudomonadaceae","Pseudomonas_E","",25,"Sierras","Y"
"241",35,29,21,0,0,0,NA,NA,1.99,NA,"Bacteria","Pseudomonadota","Gammaproteobacteria","Pseudomonadales","Pseudomonadaceae","Pseudomonas_E","",25,"Sierras","Y"
"241",38,29,21,0,0,0,NA,NA,1.99,NA,"Bacteria","Pseudomonadota","Gammaproteobacteria","Pseudomonadales","Pseudomonadaceae","Pseudomonas_E","",25,"Sierras","Y"
"241",40,29,21,0,0,0,NA,NA,1.99,NA,"Bacteria","Pseudomonadota","Gammaproteobacteria","Pseudomonadales","Pseudomonadaceae","Pseudomonas_E","",25,"Sierras","Y"
"241",43,29,21,0,3.56521739130435e-06,1.35834782608696e-05,0.33,4.3,1.99,5.96,"Bacteria","Pseudomonadota","Gammaproteobacteria","Pseudomonadales","Pseudomonadaceae","Pseudomonas_E","",25,"Sierras","Y"
"243",15,29,21,0.216134147956446,0.112708043478261,0.613252733695652,9.43212698471025,16.135,1.99,8.69287301528977,"Bacteria","Pseudomonadota","Gammaproteobacteria","Pseudomonadales","Pseudomonadaceae","Pseudomonas_E","Pseudomonas_E sp002080045",25,"Sierras","ME"
"243",23,29,21,0.215405628384856,0.0692695652173913,0.863250022608696,4.32247129284629,4.3,1.99,1.96752870715371,"Bacteria","Pseudomonadota","Gammaproteobacteria","Pseudomonadales","Pseudomonadaceae","Pseudomonas_E","Pseudomonas_E sp002080045",25,"Sierras","ME"
"243",28,29,21,0.137669168366115,0.0359117391304348,0.288193801304348,9.03551342452887,17.54,1.99,10.4944865754711,"Bacteria","Pseudomonadota","Gammaproteobacteria","Pseudomonadales","Pseudomonadaceae","Pseudomonas_E","Pseudomonas_E sp002080045",25,"Sierras","ME"
"243",33,29,21,0,0.00471373913043478,0.0286599995652174,4.1817489337863,9.27,1.99,7.0782510662137,"Bacteria","Pseudomonadota","Gammaproteobacteria","Pseudomonadales","Pseudomonadaceae","Pseudomonas_E","Pseudomonas_E sp002080045",25,"Sierras","ME"
"243",35,29,21,0,0,0,NA,NA,1.99,NA,"Bacteria","Pseudomonadota","Gammaproteobacteria","Pseudomonadales","Pseudomonadaceae","Pseudomonas_E","Pseudomonas_E sp002080045",25,"Sierras","ME"
"243",38,29,21,0,0,0,NA,NA,1.99,NA,"Bacteria","Pseudomonadota","Gammaproteobacteria","Pseudomonadales","Pseudomonadaceae","Pseudomonas_E","Pseudomonas_E sp002080045",25,"Sierras","ME"
"243",40,29,21,0,0,0,NA,4.3,1.99,NA,"Bacteria","Pseudomonadota","Gammaproteobacteria","Pseudomonadales","Pseudomonadaceae","Pseudomonas_E","Pseudomonas_E sp002080045",25,"Sierras","ME"
"243",43,29,21,0,0.00185291304347827,0.0232075760869565,5.7953314848376,17.625,1.99,13.8196685151624,"Bacteria","Pseudomonadota","Gammaproteobacteria","Pseudomonadales","Pseudomonadaceae","Pseudomonas_E","Pseudomonas_E sp002080045",25,"Sierras","ME"
"244",15,29,21,0,0.022741652173913,0.0747595971739133,2.5000489701984,16.8,1.99,16.2899510298016,"Bacteria","Pseudomonadota","Gammaproteobacteria","Pseudomonadales","Pseudomonadaceae","Pseudomonas_E","Pseudomonas_E sp003851685",25,"Sierras","ME"
"244",23,29,21,0.351422017456258,0.171447826086957,1.52446493304348,9.02150740587807,12.41,1.99,5.37849259412193,"Bacteria","Pseudomonadota","Gammaproteobacteria","Pseudomonadales","Pseudomonadaceae","Pseudomonas_E","Pseudomonas_E sp003851685",25,"Sierras","ME"
"244",28,29,21,0.584846810344031,0.270030434782609,2.48985787304348,7.97167723487506,9.43,1.99,3.44832276512494,"Bacteria","Pseudomonadota","Gammaproteobacteria","Pseudomonadales","Pseudomonadaceae","Pseudomonas_E","Pseudomonas_E sp003851685",25,"Sierras","ME"
"244",33,29,21,0.108655752125785,0.044314347826087,0.215277736739131,15.0891210577388,11.665,1.99,5.93087894226122,"Bacteria","Pseudomonadota","Gammaproteobacteria","Pseudomonadales","Pseudomonadaceae","Pseudomonas_E","Pseudomonas_E sp003851685",25,"Sierras","ME"
"244",35,29,21,0,0.00330739130434783,0.0386436639130435,4.17996106873656,7.61,1.99,5.42003893126344,"Bacteria","Pseudomonadota","Gammaproteobacteria","Pseudomonadales","Pseudomonadaceae","Pseudomonas_E","Pseudomonas_E sp003851685",25,"Sierras","ME"
"244",38,29,21,0,0,0,NA,NA,1.99,NA,"Bacteria","Pseudomonadota","Gammaproteobacteria","Pseudomonadales","Pseudomonadaceae","Pseudomonas_E","Pseudomonas_E sp003851685",25,"Sierras","ME"
"244",40,29,21,0,0,0,NA,NA,1.99,NA,"Bacteria","Pseudomonadota","Gammaproteobacteria","Pseudomonadales","Pseudomonadaceae","Pseudomonas_E","Pseudomonas_E sp003851685",25,"Sierras","ME"
"244",43,29,21,0,0.00200717391304348,0.0212331591304348,2.49516377303409,13.325,1.99,12.8198362269659,"Bacteria","Pseudomonadota","Gammaproteobacteria","Pseudomonadales","Pseudomonadaceae","Pseudomonas_E","Pseudomonas_E sp003851685",25,"Sierras","ME"
"245",15,29,21,0.15734463520364,0.0420321739130435,0.334046286956522,7.66992863780064,17.21,1.99,11.5300713621994,"Bacteria","Pseudomonadota","Gammaproteobacteria","Enterobacterales","Enterobacteriaceae","Enterobacter","Enterobacter cancerogenus",25,"Sierras","ME"
"245",23,29,21,0.286031636725641,0.100468260869565,1.27047744521739,4.36187251278295,4.3,1.99,1.92812748721705,"Bacteria","Pseudomonadota","Gammaproteobacteria","Enterobacterales","Enterobacteriaceae","Enterobacter","Enterobacter cancerogenus",25,"Sierras","ME"
"245",28,29,21,0.581305644329754,0.298604347826087,2.72466568826087,4.75864139103805,4.63,1.99,1.86135860896195,"Bacteria","Pseudomonadota","Gammaproteobacteria","Enterobacterales","Enterobacteriaceae","Enterobacter","Enterobacter cancerogenus",25,"Sierras","ME"
"245",33,29,21,0.453188215172739,0.524765217391304,3.88694498608696,5.30063563765595,6.12,1.99,2.80936436234405,"Bacteria","Pseudomonadota","Gammaproteobacteria","Enterobacterales","Enterobacteriaceae","Enterobacter","Enterobacter cancerogenus",25,"Sierras","ME"
"245",35,29,21,0.562113835651438,0.353408695652174,4.84802424608696,4.50385379073922,5.13,1.99,2.61614620926078,"Bacteria","Pseudomonadota","Gammaproteobacteria","Enterobacterales","Enterobacteriaceae","Enterobacter","Enterobacter cancerogenus",25,"Sierras","ME"
"245",38,29,21,0.19456247660918,0.109117391304348,0.682017520434782,12.9225910743817,17.21,1.99,6.27740892561827,"Bacteria","Pseudomonadota","Gammaproteobacteria","Enterobacterales","Enterobacteriaceae","Enterobacter","Enterobacter cancerogenus",25,"Sierras","ME"
"245",40,29,21,0.0928797701360485,0.0106716956521739,0.157211680434783,4.08298366258362,10.76,1.99,8.66701633741638,"Bacteria","Pseudomonadota","Gammaproteobacteria","Enterobacterales","Enterobacteriaceae","Enterobacter","Enterobacter cancerogenus",25,"Sierras","ME"
"245",43,29,21,0.00872415429645435,0.00752895652173914,0.129070382826087,-2.4648103268333,5.545,1.99,9.99981032683328,"Bacteria","Pseudomonadota","Gammaproteobacteria","Enterobacterales","Enterobacteriaceae","Enterobacter","Enterobacter cancerogenus",25,"Sierras","ME"
"246",15,29,21,0.137563190662864,0.0373191304347826,0.342825008695652,7.95516971270029,14.73,1.99,8.76483028729971,"Bacteria","Pseudomonadota","Gammaproteobacteria","Pseudomonadales","Pseudomonadaceae","Pseudomonas_E","Pseudomonas_E alvandae",25,"Sierras","ME"
"246",23,29,21,0.192654242195191,0.0937204347826087,1.11138537173913,5.0620173220048,6.12,1.99,3.0479826779952,"Bacteria","Pseudomonadota","Gammaproteobacteria","Pseudomonadales","Pseudomonadaceae","Pseudomonas_E","Pseudomonas_E alvandae",25,"Sierras","ME"
"246",28,29,21,0.281083989221235,0.104398260869565,0.842103144347826,5.51254379839318,4.3,1.99,0.77745620160682,"Bacteria","Pseudomonadota","Gammaproteobacteria","Pseudomonadales","Pseudomonadaceae","Pseudomonas_E","Pseudomonas_E alvandae",25,"Sierras","ME"
"246",33,29,21,0.321345592532771,0.110783043478261,0.842945119782609,5.07472259643356,6.37,1.99,3.28527740356644,"Bacteria","Pseudomonadota","Gammaproteobacteria","Pseudomonadales","Pseudomonadaceae","Pseudomonas_E","Pseudomonas_E alvandae",25,"Sierras","ME"
"246",35,29,21,0.267535048586857,0.0542330434782609,0.448637510869565,4.6411979112875,4.3,1.99,1.6488020887125,"Bacteria","Pseudomonadota","Gammaproteobacteria","Pseudomonadales","Pseudomonadaceae","Pseudomonas_E","Pseudomonas_E alvandae",25,"Sierras","ME"
"246",38,29,21,0,0.00350008695652174,0.044254552173913,130.909991672836,4.3,1.99,-124.619991672836,"Bacteria","Pseudomonadota","Gammaproteobacteria","Pseudomonadales","Pseudomonadaceae","Pseudomonas_E","Pseudomonas_E alvandae",25,"Sierras","ME"
"246",40,29,21,0,0.000557260869565215,0.0080263595652174,50.6647015103999,4.3,1.99,-44.3747015103999,"Bacteria","Pseudomonadota","Gammaproteobacteria","Pseudomonadales","Pseudomonadaceae","Pseudomonas_E","Pseudomonas_E alvandae",25,"Sierras","ME"
"246",43,29,21,0,0.00108204347826087,0.0126777654347826,33.0643786447011,13.405,1.99,-17.6693786447011,"Bacteria","Pseudomonadota","Gammaproteobacteria","Pseudomonadales","Pseudomonadaceae","Pseudomonas_E","Pseudomonas_E alvandae",25,"Sierras","ME"
"247",15,29,21,0.198344050353067,0.0474634782608696,0.369749145217391,6.07478060993461,13.57,1.99,9.48521939006539,"Bacteria","Pseudomonadota","Gammaproteobacteria","Pseudomonadales","Pseudomonadaceae","Pseudomonas_E","Pseudomonas_E alvandae",25,"Sierras","ME"
"247",23,29,21,0.475912289401827,0.172434782608696,1.4143556526087,5.27680486492977,4.3,1.99,1.01319513507023,"Bacteria","Pseudomonadota","Gammaproteobacteria","Pseudomonadales","Pseudomonadaceae","Pseudomonas_E","Pseudomonas_E alvandae",25,"Sierras","ME"
"247",28,29,21,0.684312691788686,0.255517391304348,1.95482669478261,1.49,4.3,1.99,4.8,"Bacteria","Pseudomonadota","Gammaproteobacteria","Pseudomonadales","Pseudomonadaceae","Pseudomonas_E","Pseudomonas_E alvandae",25,"Sierras","ME"
"247",33,29,21,0,0.00861382608695652,0.0616061795652174,9.73881138596841,19.86,1.99,12.1111886140316,"Bacteria","Pseudomonadota","Gammaproteobacteria","Pseudomonadales","Pseudomonadaceae","Pseudomonas_E","Pseudomonas_E alvandae",25,"Sierras","ME"
"247",38,29,21,0,0.00111313043478261,0.0156678347826087,-1359.1795683538,5.13,1.99,1366.2995683538,"Bacteria","Pseudomonadota","Gammaproteobacteria","Pseudomonadales","Pseudomonadaceae","Pseudomonas_E","Pseudomonas_E alvandae",25,"Sierras","ME"
"247",40,29,21,0,0.00153982608695652,0.0150438573913044,12.8796535354402,14.73,1.99,3.84034646455983,"Bacteria","Pseudomonadota","Gammaproteobacteria","Pseudomonadales","Pseudomonadaceae","Pseudomonas_E","Pseudomonas_E alvandae",25,"Sierras","ME"
"247",43,29,21,0,0.000376521739130434,0.00467263456521739,6.20135231568331,6.29,1.99,2.07864768431669,"Bacteria","Pseudomonadota","Gammaproteobacteria","Pseudomonadales","Pseudomonadaceae","Pseudomonas_E","Pseudomonas_E alvandae",25,"Sierras","ME"
"248",15,29,21,0.131925116580664,0.0351460869565217,0.325417182608696,4.41498744639517,10.92,1.99,8.49501255360483,"Bacteria","Pseudomonadota","Gammaproteobacteria","Pseudomonadales","Pseudomonadaceae","Pseudomonas_E","",25,"Sierras","ME"
"248",23,29,21,0.301041462678078,0.0720069565217391,0.466228267391304,10.2982457951549,16.88,1.99,8.57175420484509,"Bacteria","Pseudomonadota","Gammaproteobacteria","Pseudomonadales","Pseudomonadaceae","Pseudomonas_E","",25,"Sierras","ME"
"248",28,29,21,0.288968826956517,0.0419334782608696,0.198965217391304,6.28826316698969,4.3,1.99,0.00173683301031335,"Bacteria","Pseudomonadota","Gammaproteobacteria","Pseudomonadales","Pseudomonadaceae","Pseudomonas_E","",25,"Sierras","ME"
"248",33,29,21,0.200304279747217,0.0490245652173913,0.42653036,3.31163382650556,5.625,1.99,4.30336617349444,"Bacteria","Pseudomonadota","Gammaproteobacteria","Pseudomonadales","Pseudomonadaceae","Pseudomonas_E","",25,"Sierras","ME"
"248",35,29,21,0.0864221162353954,0.0216895652173913,0.236571839565217,8.11789440849664,10.92,1.99,4.79210559150336,"Bacteria","Pseudomonadota","Gammaproteobacteria","Pseudomonadales","Pseudomonadaceae","Pseudomonas_E","",25,"Sierras","ME"
"248",38,29,21,0,0.000480347826086957,0.00206962956521739,1.99,19.86,1.99,19.86,"Bacteria","Pseudomonadota","Gammaproteobacteria","Pseudomonadales","Pseudomonadaceae","Pseudomonas_E","",25,"Sierras","ME"
"248",40,29,21,0,0.00341634782608696,0.0333860226086957,0.265581973436458,19.86,1.99,21.5844180265635,"Bacteria","Pseudomonadota","Gammaproteobacteria","Pseudomonadales","Pseudomonadaceae","Pseudomonas_E","",25,"Sierras","ME"
"248",43,29,21,0,0.00427778260869565,0.0655864958695652,1.66455022976163,12.495,1.99,12.8204497702384,"Bacteria","Pseudomonadota","Gammaproteobacteria","Pseudomonadales","Pseudomonadaceae","Pseudomonas_E","",25,"Sierras","ME"
"249",15,29,21,0.128057054462702,0.0397973913043478,0.357115830869565,10.7309820531716,19.86,1.99,11.1190179468284,"Bacteria","Pseudomonadota","Gammaproteobacteria","Pseudomonadales","Pseudomonadaceae","Pseudomonas_E","",25,"Sierras","ME"
"249",23,29,21,0.203820684294454,0.135178260869565,1.22670967652174,7.57362983602389,7.94,1.99,2.35637016397611,"Bacteria","Pseudomonadota","Gammaproteobacteria","Pseudomonadales","Pseudomonadaceae","Pseudomonas_E","",25,"Sierras","ME"
"249",28,29,21,0.430966670065286,0.159378260869565,2.09163360521739,4.84202119482345,4.3,1.99,1.44797880517655,"Bacteria","Pseudomonadota","Gammaproteobacteria","Pseudomonadales","Pseudomonadaceae","Pseudomonas_E","",25,"Sierras","ME"
"249",33,29,21,0.338389241927972,0.0968328260869565,1.03960136021739,4.44141542446055,4.465,1.99,2.01358457553945,"Bacteria","Pseudomonadota","Gammaproteobacteria","Pseudomonadales","Pseudomonadaceae","Pseudomonas_E","",25,"Sierras","ME"
"249",35,29,21,0.190354256695333,0.052624347826087,0.420611032608696,7.60720308788015,10.1,1.99,4.48279691211985,"Bacteria","Pseudomonadota","Gammaproteobacteria","Pseudomonadales","Pseudomonadaceae","Pseudomonas_E","",25,"Sierras","ME"
"249",38,29,21,0,0.00116869565217391,0.0189176173913043,8.30656519339116,4.3,1.99,-2.01656519339116,"Bacteria","Pseudomonadota","Gammaproteobacteria","Pseudomonadales","Pseudomonadaceae","Pseudomonas_E","",25,"Sierras","ME"
"249",40,29,21,0,0.000466347826086956,0.00467019326086957,-22.9549217551524,18.54,1.99,43.4849217551524,"Bacteria","Pseudomonadota","Gammaproteobacteria","Pseudomonadales","Pseudomonadaceae","Pseudomonas_E","",25,"Sierras","ME"
"249",43,29,21,0,0.000795391304347826,0.00876315913043478,6.52682451032019,13.82,1.99,9.28317548967982,"Bacteria","Pseudomonadota","Gammaproteobacteria","Pseudomonadales","Pseudomonadaceae","Pseudomonas_E","",25,"Sierras","ME"
"250",15,29,21,0.211907803788426,0.0872030434782608,0.494139081956522,7.39954447224424,12.575,1.99,7.16545552775576,"Bacteria","Pseudomonadota","Gammaproteobacteria","Pseudomonadales","Pseudomonadaceae","Pseudomonas_E","",25,"Sierras","ME"
"250",23,29,21,0.273592543722028,0.0841086956521739,0.669098587391304,5.82297443839782,5.79,1.99,1.95702556160218,"Bacteria","Pseudomonadota","Gammaproteobacteria","Pseudomonadales","Pseudomonadaceae","Pseudomonas_E","",25,"Sierras","ME"
"250",28,29,21,0.21227580488074,0.28014347826087,4.11584854565217,4.46021033779438,4.3,1.99,1.82978966220562,"Bacteria","Pseudomonadota","Gammaproteobacteria","Pseudomonadales","Pseudomonadaceae","Pseudomonas_E","",25,"Sierras","ME"
"250",33,29,21,0.338111713755259,0.110877216985507,1.22510103660964,5.07906222757541,5.18333333333333,1.99,2.09427110575792,"Bacteria","Pseudomonadota","Gammaproteobacteria","Pseudomonadales","Pseudomonadaceae","Pseudomonas_E","",25,"Sierras","ME"
"250",35,29,21,0.154301953714769,0.100780869565217,1.05860416956522,4.22161805344797,5.79,1.99,3.55838194655203,"Bacteria","Pseudomonadota","Gammaproteobacteria","Pseudomonadales","Pseudomonadaceae","Pseudomonas_E","",25,"Sierras","ME"
"250",38,29,21,0,0.00209426086956522,0.0323792043478261,40.4047827514566,4.63,1.99,-33.7847827514566,"Bacteria","Pseudomonadota","Gammaproteobacteria","Pseudomonadales","Pseudomonadaceae","Pseudomonas_E","",25,"Sierras","ME"
"250",40,29,21,0,0.000898999999999998,0.00605865869565219,-2.55168523713164,11.42,1.99,23.0816852371316,"Bacteria","Pseudomonadota","Gammaproteobacteria","Pseudomonadales","Pseudomonadaceae","Pseudomonas_E","",25,"Sierras","ME"
"250",43,29,21,0,0.00482769565217391,0.0663829221739131,4.42472274527469,14.32,1.99,11.8852772547253,"Bacteria","Pseudomonadota","Gammaproteobacteria","Pseudomonadales","Pseudomonadaceae","Pseudomonas_E","",25,"Sierras","ME"
"251",13,29,21,0.0995316552375328,0.0228073913043478,0.218057668478261,15.0476041490909,17.54,1.99,4.48239585090906,"Bacteria","Pseudomonadota","Gammaproteobacteria","Pseudomonadales","Pseudomonadaceae","Pseudomonas_E","Pseudomonas_E marvdashtae",35,"Sierras","W"
"251",15,29,21,0.245841575146946,0.0346123913043478,0.354905763804348,8.00522292341954,4.3,1.99,-1.71522292341954,"Bacteria","Pseudomonadota","Gammaproteobacteria","Pseudomonadales","Pseudomonadaceae","Pseudomonas_E","Pseudomonas_E marvdashtae",35,"Sierras","W"
"251",19,29,21,0.232247147113264,0.139265217391304,1.14468309858695,10.7966969114942,16.55,1.99,7.74330308850577,"Bacteria","Pseudomonadota","Gammaproteobacteria","Pseudomonadales","Pseudomonadaceae","Pseudomonas_E","Pseudomonas_E marvdashtae",35,"Sierras","W"
"251",21,29,21,0.149003441794535,0.0278504347826087,0.236071329782609,9.59911983610176,13.24,1.99,5.63088016389824,"Bacteria","Pseudomonadota","Gammaproteobacteria","Pseudomonadales","Pseudomonadaceae","Pseudomonas_E","Pseudomonas_E marvdashtae",35,"Sierras","W"
"251",23,29,21,0.222886471062866,0.101306739130435,1.04823926217391,7.53314118169805,10.26,1.99,4.71685881830195,"Bacteria","Pseudomonadota","Gammaproteobacteria","Pseudomonadales","Pseudomonadaceae","Pseudomonas_E","Pseudomonas_E marvdashtae",35,"Sierras","W"
"251",28,29,21,0.26017371160709,0.0898617391304348,0.968413125543478,9.50007392243583,12.245,1.99,4.73492607756416,"Bacteria","Pseudomonadota","Gammaproteobacteria","Pseudomonadales","Pseudomonadaceae","Pseudomonas_E","Pseudomonas_E marvdashtae",35,"Sierras","W"
"251",33,29,21,0.331657236166941,0.0568186956521739,0.720300050978261,4.66773148382412,4.3,1.99,1.62226851617588,"Bacteria","Pseudomonadota","Gammaproteobacteria","Pseudomonadales","Pseudomonadaceae","Pseudomonas_E","Pseudomonas_E marvdashtae",35,"Sierras","W"
"251",35,29,21,0.145438008566732,0.047215652173913,0.59559387,6.65238261563959,8.025,1.99,3.36261738436041,"Bacteria","Pseudomonadota","Gammaproteobacteria","Pseudomonadales","Pseudomonadaceae","Pseudomonas_E","Pseudomonas_E marvdashtae",35,"Sierras","W"
"251",38,29,21,0,0.00652991302173916,0.0988027263993477,2.79113648236864,12.08,1.99,11.2788635176314,"Bacteria","Pseudomonadota","Gammaproteobacteria","Pseudomonadales","Pseudomonadaceae","Pseudomonas_E","Pseudomonas_E marvdashtae",35,"Sierras","W"
"251",40,29,21,0,0.00366813026086957,0.0470717801857609,-42.1575894129421,4.3,1.99,48.4475894129421,"Bacteria","Pseudomonadota","Gammaproteobacteria","Pseudomonadales","Pseudomonadaceae","Pseudomonas_E","Pseudomonas_E marvdashtae",35,"Sierras","W"
"252",13,29,21,0.122648072041747,0.0284204347826087,0.259996777173913,9.69517942469857,13.57,1.99,5.86482057530143,"Bacteria","Pseudomonadota","Gammaproteobacteria","Pseudomonadales","Pseudomonadaceae","Pseudomonas_E","Pseudomonas_E marvdashtae",35,"Sierras","W"
"252",15,29,21,0.110982345307847,0.0325232608695652,0.273421280021739,7.55317236655245,4.3,1.99,-1.26317236655245,"Bacteria","Pseudomonadota","Gammaproteobacteria","Pseudomonadales","Pseudomonadaceae","Pseudomonas_E","Pseudomonas_E marvdashtae",35,"Sierras","W"
"252",19,29,21,0.217112136014718,0.10973347826087,0.721454805652173,8.35663180751744,11.255,1.99,4.88836819248258,"Bacteria","Pseudomonadota","Gammaproteobacteria","Pseudomonadales","Pseudomonadaceae","Pseudomonas_E","Pseudomonas_E marvdashtae",35,"Sierras","W"
"252",21,29,21,0.160334398433974,0.0389765217391304,0.33066704673913,9.6763408756896,11.42,1.99,3.7336591243104,"Bacteria","Pseudomonadota","Gammaproteobacteria","Pseudomonadales","Pseudomonadaceae","Pseudomonas_E","Pseudomonas_E marvdashtae",35,"Sierras","W"
"252",23,29,21,0.255818037389479,0.112289130434783,1.31356873630435,7.70991292945068,8.935,1.99,3.21508707054932,"Bacteria","Pseudomonadota","Gammaproteobacteria","Pseudomonadales","Pseudomonadaceae","Pseudomonas_E","Pseudomonas_E marvdashtae",35,"Sierras","W"
"252",28,29,21,0.321721165013393,0.113465217391304,1.21137712923913,6.24393593227854,8.025,1.99,3.77106406772146,"Bacteria","Pseudomonadota","Gammaproteobacteria","Pseudomonadales","Pseudomonadaceae","Pseudomonas_E","Pseudomonas_E marvdashtae",35,"Sierras","W"
"252",33,29,21,0.327945269965797,0.0789515217391304,0.868960442608697,6.01050144858343,6.7,1.99,2.67949855141657,"Bacteria","Pseudomonadota","Gammaproteobacteria","Pseudomonadales","Pseudomonadaceae","Pseudomonas_E","Pseudomonas_E marvdashtae",35,"Sierras","W"
"252",35,29,21,0.13065370844681,0.059515652173913,0.65102961,8.47972088206531,11.5,1.99,5.01027911793469,"Bacteria","Pseudomonadota","Gammaproteobacteria","Pseudomonadales","Pseudomonadaceae","Pseudomonas_E","Pseudomonas_E marvdashtae",35,"Sierras","W"
"252",38,29,21,0,0.0091558477173913,0.14374686628,3.31199475614517,12.33,1.99,11.0080052438548,"Bacteria","Pseudomonadota","Gammaproteobacteria","Pseudomonadales","Pseudomonadaceae","Pseudomonas_E","Pseudomonas_E marvdashtae",35,"Sierras","W"
"252",40,29,21,0,0.000699760565217392,0.00195495170978261,-11.2195561597633,6.455,1.99,19.6645561597633,"Bacteria","Pseudomonadota","Gammaproteobacteria","Pseudomonadales","Pseudomonadaceae","Pseudomonas_E","Pseudomonas_E marvdashtae",35,"Sierras","W"
"253",13,29,21,0,0.000257247826086957,0.00243513554,4.27547080761762,10.76,1.99,8.47452919238238,"Bacteria","Pseudomonadota","Gammaproteobacteria","Pseudomonadales","Pseudomonadaceae","Pseudomonas_E","Pseudomonas_E marvdashtae",35,"Sierras","W"
"253",15,29,21,0,0.00315869565217392,0.048002852173913,11.9989638744288,4.3,1.99,-5.70896387442882,"Bacteria","Pseudomonadota","Gammaproteobacteria","Pseudomonadales","Pseudomonadaceae","Pseudomonas_E","Pseudomonas_E marvdashtae",35,"Sierras","W"
"253",23,29,21,0,0.00193948260869565,0.0194029392852174,7.52429219015148,7.28,1.99,1.74570780984851,"Bacteria","Pseudomonadota","Gammaproteobacteria","Pseudomonadales","Pseudomonadaceae","Pseudomonas_E","Pseudomonas_E marvdashtae",35,"Sierras","W"
"253",28,29,21,0,0.0003521,0.0024608826576087,-0.32,6.79,1.99,9.1,"Bacteria","Pseudomonadota","Gammaproteobacteria","Pseudomonadales","Pseudomonadaceae","Pseudomonas_E","Pseudomonas_E marvdashtae",35,"Sierras","W"
"253",33,29,21,0,0.00302208695652174,0.0508920110869565,-282.437950423803,13.57,1.99,297.997950423803,"Bacteria","Pseudomonadota","Gammaproteobacteria","Pseudomonadales","Pseudomonadaceae","Pseudomonas_E","Pseudomonas_E marvdashtae",35,"Sierras","W"
"253",35,29,21,0,0.013005652173913,0.161823229782609,-0.299803458852363,19.86,1.99,22.1498034588524,"Bacteria","Pseudomonadota","Gammaproteobacteria","Pseudomonadales","Pseudomonadaceae","Pseudomonas_E","Pseudomonas_E marvdashtae",35,"Sierras","W"
"253",38,29,21,0,0.00308245645652174,0.0444075932479348,2.51285513470285,12.66,1.99,12.1371448652972,"Bacteria","Pseudomonadota","Gammaproteobacteria","Pseudomonadales","Pseudomonadaceae","Pseudomonas_E","Pseudomonas_E marvdashtae",35,"Sierras","W"
"253",40,29,21,0,0.00465923971739131,0.0588931217272827,-48.2030630840469,13.655,1.99,63.848063084047,"Bacteria","Pseudomonadota","Gammaproteobacteria","Pseudomonadales","Pseudomonadaceae","Pseudomonas_E","Pseudomonas_E marvdashtae",35,"Sierras","W"
"254",13,29,21,0.111872679034213,0.0220247826086957,0.199690777173913,9.78711473760306,16.55,1.99,8.75288526239694,"Bacteria","Pseudomonadota","Gammaproteobacteria","Pseudomonadales","Pseudomonadaceae","Pseudomonas_E","Pseudomonas_E marvdashtae",35,"Sierras","W"
"254",15,29,21,0.132834350943877,0.0281515217391305,0.202794194565217,7.7554052516945,4.3,1.99,-1.4654052516945,"Bacteria","Pseudomonadota","Gammaproteobacteria","Pseudomonadales","Pseudomonadaceae","Pseudomonas_E","Pseudomonas_E marvdashtae",35,"Sierras","W"
"254",19,29,21,0.22004847853152,0.116923913043478,0.843930886086957,11.7117219038574,16.22,1.99,6.49827809614259,"Bacteria","Pseudomonadota","Gammaproteobacteria","Pseudomonadales","Pseudomonadaceae","Pseudomonas_E","Pseudomonas_E marvdashtae",35,"Sierras","W"
"254",23,29,21,0.214151194785557,0.100622391304348,0.82537435380435,8.43292855753316,12.575,1.99,6.13207144246683,"Bacteria","Pseudomonadota","Gammaproteobacteria","Pseudomonadales","Pseudomonadaceae","Pseudomonas_E","Pseudomonas_E marvdashtae",35,"Sierras","W"
"254",28,29,21,0.24941552843735,0.0985889130434784,1.03734980619565,9.97273884621863,12.745,1.99,4.76226115378138,"Bacteria","Pseudomonadota","Gammaproteobacteria","Pseudomonadales","Pseudomonadaceae","Pseudomonas_E","Pseudomonas_E marvdashtae",35,"Sierras","W"
"254",33,29,21,0.236625968384364,0.0725402173913043,0.939933316413045,5.76481744412511,7.945,1.99,4.1701825558749,"Bacteria","Pseudomonadota","Gammaproteobacteria","Pseudomonadales","Pseudomonadaceae","Pseudomonas_E","Pseudomonas_E marvdashtae",35,"Sierras","W"
"254",35,29,21,0.124654846561296,0.049224347826087,0.560523791086956,8.31139937951643,12.495,1.99,6.17360062048358,"Bacteria","Pseudomonadota","Gammaproteobacteria","Pseudomonadales","Pseudomonadaceae","Pseudomonas_E","Pseudomonas_E marvdashtae",35,"Sierras","W"
"254",38,29,21,0,0.00110032447826087,0.00314894995695652,-13.2411078697381,4.385,1.99,19.6161078697381,"Bacteria","Pseudomonadota","Gammaproteobacteria","Pseudomonadales","Pseudomonadaceae","Pseudomonas_E","Pseudomonas_E marvdashtae",35,"Sierras","W"
"254",40,29,21,0,0.000769239282608694,0.00507480492326087,-58.524369012376,5.465,1.99,66.144369012376,"Bacteria","Pseudomonadota","Gammaproteobacteria","Pseudomonadales","Pseudomonadaceae","Pseudomonas_E","Pseudomonas_E marvdashtae",35,"Sierras","W"
"255",13,29,21,0,0.00173378260869565,0.0244367634130435,8.47400261282917,4.3,1.99,-2.18400261282917,"Bacteria","Pseudomonadota","Gammaproteobacteria","Xanthomonadales","Xanthomonadaceae","Stenotrophomonas","Stenotrophomonas rhizophila_A",35,"Sierras","W"
"255",15,29,21,0,0,0,NA,NA,1.99,NA,"Bacteria","Pseudomonadota","Gammaproteobacteria","Xanthomonadales","Xanthomonadaceae","Stenotrophomonas","Stenotrophomonas rhizophila_A",35,"Sierras","W"
"255",19,29,21,0.00849042204595805,0.0118434782608696,0.218087273913043,5.98580934379103,18.21,1.99,14.214190656209,"Bacteria","Pseudomonadota","Gammaproteobacteria","Xanthomonadales","Xanthomonadaceae","Stenotrophomonas","Stenotrophomonas rhizophila_A",35,"Sierras","W"
"255",21,29,21,0,0,0,NA,NA,1.99,NA,"Bacteria","Pseudomonadota","Gammaproteobacteria","Xanthomonadales","Xanthomonadaceae","Stenotrophomonas","Stenotrophomonas rhizophila_A",35,"Sierras","W"
"255",23,29,21,0,0.0041894347826087,0.0640863587173913,8.24573680967756,11.005,1.99,4.74926319032244,"Bacteria","Pseudomonadota","Gammaproteobacteria","Xanthomonadales","Xanthomonadaceae","Stenotrophomonas","Stenotrophomonas rhizophila_A",35,"Sierras","W"
"255",28,29,21,0,0,0,NA,NA,1.99,NA,"Bacteria","Pseudomonadota","Gammaproteobacteria","Xanthomonadales","Xanthomonadaceae","Stenotrophomonas","Stenotrophomonas rhizophila_A",35,"Sierras","W"
"255",33,29,21,0,0.00760717391304348,0.133004750217391,4.48031596634767,6.46,1.99,3.96968403365233,"Bacteria","Pseudomonadota","Gammaproteobacteria","Xanthomonadales","Xanthomonadaceae","Stenotrophomonas","Stenotrophomonas rhizophila_A",35,"Sierras","W"
"255",35,29,21,0,0.00104517826086957,0.0172111278608696,6.8808352383666,4.3,1.99,-0.5908352383666,"Bacteria","Pseudomonadota","Gammaproteobacteria","Xanthomonadales","Xanthomonadaceae","Stenotrophomonas","Stenotrophomonas rhizophila_A",35,"Sierras","W"
"255",38,29,21,0,0.00343978260869565,0.0326767147195652,7.26266209789808,4.3,1.99,-0.972662097898085,"Bacteria","Pseudomonadota","Gammaproteobacteria","Xanthomonadales","Xanthomonadaceae","Stenotrophomonas","Stenotrophomonas rhizophila_A",35,"Sierras","W"
"255",40,29,21,0,0.00179184752173913,0.0114458877745652,-16.1502605183263,6.865,1.99,25.0052605183263,"Bacteria","Pseudomonadota","Gammaproteobacteria","Xanthomonadales","Xanthomonadaceae","Stenotrophomonas","Stenotrophomonas rhizophila_A",35,"Sierras","W"
"256",13,29,21,0,0.0111247826086957,0.105037477623913,9.26161635307723,4.3,1.99,-2.97161635307723,"Bacteria","Pseudomonadota","Gammaproteobacteria","Pseudomonadales","Pseudomonadaceae","Stutzerimonas","",35,"Sierras","W"
"256",15,29,21,0.0847832484896995,0.0149453913043478,0.119898643967391,5.33453895871805,4.3,1.99,0.95546104128194,"Bacteria","Pseudomonadota","Gammaproteobacteria","Pseudomonadales","Pseudomonadaceae","Stutzerimonas","",35,"Sierras","W"
"256",19,29,21,0.130897535066263,0.0490678260869565,0.504588238826087,6.5263456687165,12.08,1.99,7.54365433128348,"Bacteria","Pseudomonadota","Gammaproteobacteria","Pseudomonadales","Pseudomonadaceae","Stutzerimonas","",35,"Sierras","W"
"256",21,29,21,0,0.00938239130434783,0.155761683913043,8.7938763021204,4.3,1.99,-2.5038763021204,"Bacteria","Pseudomonadota","Gammaproteobacteria","Pseudomonadales","Pseudomonadaceae","Stutzerimonas","",35,"Sierras","W"
"256",23,29,21,0.170078792150469,0.0431608695652174,0.451112648336956,7.33750775998186,6.95,1.99,1.60249224001814,"Bacteria","Pseudomonadota","Gammaproteobacteria","Pseudomonadales","Pseudomonadaceae","Stutzerimonas","",35,"Sierras","W"
"256",28,29,21,0.208451574026148,0.0514041304347826,0.644398307934783,4.8722853698083,4.3,1.99,1.4177146301917,"Bacteria","Pseudomonadota","Gammaproteobacteria","Pseudomonadales","Pseudomonadaceae","Stutzerimonas","",35,"Sierras","W"
"256",33,29,21,0.172461753035135,0.0395991304347826,0.500556440543478,7.02969987583882,10.59,1.99,5.55030012416117,"Bacteria","Pseudomonadota","Gammaproteobacteria","Pseudomonadales","Pseudomonadaceae","Stutzerimonas","",35,"Sierras","W"
"256",35,29,21,0,0.000688219565217392,0.00856637951413043,4.75609616637418,8.025,1.99,8.98390383362582,"Bacteria","Pseudomonadota","Gammaproteobacteria","Pseudomonadales","Pseudomonadaceae","Stutzerimonas","",35,"Sierras","W"
"256",38,29,21,0.0314586605610293,0.00969573917391303,0.0697262874604348,-18.3149355008634,4.3,1.99,24.6049355008634,"Bacteria","Pseudomonadota","Gammaproteobacteria","Pseudomonadales","Pseudomonadaceae","Stutzerimonas","",35,"Sierras","W"
"256",40,29,21,0,0.00423315289130435,0.0456175398595652,-36.9977897267029,11.835,1.99,50.8227897267029,"Bacteria","Pseudomonadota","Gammaproteobacteria","Pseudomonadales","Pseudomonadaceae","Stutzerimonas","",35,"Sierras","W"
"257",13,29,21,0,0.00285882608695652,0.0487599132608696,8.20363014694212,4.3,1.99,-1.91363014694212,"Bacteria","Pseudomonadota","Gammaproteobacteria","Xanthomonadales","Xanthomonadaceae","Stenotrophomonas","Stenotrophomonas rhizophila_A",35,"Sierras","W"
"257",15,29,21,0,0.000469913043478261,0.00508398530434785,4.41799414341592,4.3,1.99,1.87200585658408,"Bacteria","Pseudomonadota","Gammaproteobacteria","Xanthomonadales","Xanthomonadaceae","Stenotrophomonas","Stenotrophomonas rhizophila_A",35,"Sierras","W"
"257",23,29,21,0,0.00575760869565217,0.0969165532608695,11.9467274071103,7.53,1.99,-2.4267274071103,"Bacteria","Pseudomonadota","Gammaproteobacteria","Xanthomonadales","Xanthomonadaceae","Stenotrophomonas","Stenotrophomonas rhizophila_A",35,"Sierras","W"
"257",28,29,21,0,0.00053741739130435,0.00595693142173915,8.48078852318478,6.95,1.99,0.459211476815224,"Bacteria","Pseudomonadota","Gammaproteobacteria","Xanthomonadales","Xanthomonadaceae","Stenotrophomonas","Stenotrophomonas rhizophila_A",35,"Sierras","W"
"257",33,29,21,0,0.00485473913043478,0.090219565978261,4.79659783559637,6.29,1.99,3.48340216440363,"Bacteria","Pseudomonadota","Gammaproteobacteria","Xanthomonadales","Xanthomonadaceae","Stenotrophomonas","Stenotrophomonas rhizophila_A",35,"Sierras","W"
"257",35,29,21,0,0.00730963043478263,0.0923581334782606,4.28093309661522,17.215,1.99,14.9240669033848,"Bacteria","Pseudomonadota","Gammaproteobacteria","Xanthomonadales","Xanthomonadaceae","Stenotrophomonas","Stenotrophomonas rhizophila_A",35,"Sierras","W"
"257",38,29,21,0,0.000214493565217391,0.00282048635695652,5.32386464058285,9.35,1.99,11.0661353594171,"Bacteria","Pseudomonadota","Gammaproteobacteria","Xanthomonadales","Xanthomonadaceae","Stenotrophomonas","Stenotrophomonas rhizophila_A",35,"Sierras","W"
"257",40,29,21,0,0.00252010895652174,0.0337832005228261,-23.6030843762936,10.18,1.99,35.7730843762936,"Bacteria","Pseudomonadota","Gammaproteobacteria","Xanthomonadales","Xanthomonadaceae","Stenotrophomonas","Stenotrophomonas rhizophila_A",35,"Sierras","W"
"258",13,29,21,0.0710162390039083,0.0319508695652174,0.422481325217391,6.41157678992844,4.3,1.99,-0.121576789928436,"Bacteria","Pseudomonadota","Gammaproteobacteria","Pseudomonadales","Pseudomonadaceae","Stutzerimonas","",35,"Sierras","W"
"258",15,29,21,0.0589936438345535,0.00991930434782609,0.075086722695435,5.2728407370697,5.79,1.99,2.50715926293031,"Bacteria","Pseudomonadota","Gammaproteobacteria","Pseudomonadales","Pseudomonadaceae","Stutzerimonas","",35,"Sierras","W"
"258",23,29,21,0.181692783519528,0.0308365217391304,0.40560098923913,6.86276390724742,6.7,1.99,1.82723609275258,"Bacteria","Pseudomonadota","Gammaproteobacteria","Pseudomonadales","Pseudomonadaceae","Stutzerimonas","",35,"Sierras","W"
"258",28,29,21,0.208837724190736,0.0581593478260869,0.645386346578261,6.89463028274998,4.3,1.99,-0.60463028274998,"Bacteria","Pseudomonadota","Gammaproteobacteria","Pseudomonadales","Pseudomonadaceae","Stutzerimonas","",35,"Sierras","W"
"258",33,29,21,0.0777014740729026,0.0632860869565217,0.827082752173913,9.07929750853656,13.24,1.99,6.15070249146344,"Bacteria","Pseudomonadota","Gammaproteobacteria","Pseudomonadales","Pseudomonadaceae","Stutzerimonas","",35,"Sierras","W"
"258",35,29,21,0,0.00932641304347825,0.125910517771739,4.24466193340558,15.475,1.99,13.2203380665944,"Bacteria","Pseudomonadota","Gammaproteobacteria","Pseudomonadales","Pseudomonadaceae","Stutzerimonas","",35,"Sierras","W"
"258",38,29,21,0,0.00235249895652174,0.00522052284086956,-14.8337718610057,9.845,1.99,26.6687718610057,"Bacteria","Pseudomonadota","Gammaproteobacteria","Pseudomonadales","Pseudomonadaceae","Stutzerimonas","",35,"Sierras","W"
"258",40,29,21,0,0.00636136930434784,0.0750417912394567,-61.9119278173155,4.3,1.99,68.2019278173155,"Bacteria","Pseudomonadota","Gammaproteobacteria","Pseudomonadales","Pseudomonadaceae","Stutzerimonas","",35,"Sierras","W"
"259",13,29,21,0,0.00401691304347826,0.0328080694956522,6.444932159122,4.3,1.99,-0.154932159122003,"Bacteria","Pseudomonadota","Gammaproteobacteria","Pseudomonadales","Pseudomonadaceae","Pseudomonas_E","",35,"Sierras","W"
"259",15,29,21,0,0.00291789847826087,0.0157235307430435,-9.99200722162641e-16,9.845,1.99,11.835,"Bacteria","Pseudomonadota","Gammaproteobacteria","Pseudomonadales","Pseudomonadaceae","Pseudomonas_E","",35,"Sierras","W"
"259",19,29,21,0.0107636614208073,0.0120669565217391,0.210818019347826,18.6234508157162,4.3,1.99,-12.3334508157162,"Bacteria","Pseudomonadota","Gammaproteobacteria","Pseudomonadales","Pseudomonadaceae","Pseudomonas_E","",35,"Sierras","W"
"259",21,29,21,0,0,0,NA,NA,1.99,NA,"Bacteria","Pseudomonadota","Gammaproteobacteria","Pseudomonadales","Pseudomonadaceae","Pseudomonas_E","",35,"Sierras","W"
"259",23,29,21,0,0.00521967391304348,0.0474649752065218,8.02506965035339,15.31,1.99,9.27493034964662,"Bacteria","Pseudomonadota","Gammaproteobacteria","Pseudomonadales","Pseudomonadaceae","Pseudomonas_E","",35,"Sierras","W"
"259",28,29,21,0.123733891335502,0.0208284347826087,0.127491775625,-0.87857969184146,10.675,1.99,13.5435796918415,"Bacteria","Pseudomonadota","Gammaproteobacteria","Pseudomonadales","Pseudomonadaceae","Pseudomonas_E","",35,"Sierras","W"
"259",33,29,21,0.00183868504098281,0.0135710673913044,0.249751733589022,-21.0668388206568,4.3,1.99,27.3568388206568,"Bacteria","Pseudomonadota","Gammaproteobacteria","Pseudomonadales","Pseudomonadaceae","Pseudomonas_E","",35,"Sierras","W"
"259",35,29,21,0,0.00468977565217392,0.0376063919513044,6.85242685041402,16.635,1.99,11.772573149586,"Bacteria","Pseudomonadota","Gammaproteobacteria","Pseudomonadales","Pseudomonadaceae","Pseudomonas_E","",35,"Sierras","W"
"259",38,29,21,0,9.04339130434785e-06,3.02953608695652e-06,NA,4.3,1.99,NA,"Bacteria","Pseudomonadota","Gammaproteobacteria","Pseudomonadales","Pseudomonadaceae","Pseudomonas_E","",35,"Sierras","W"
"259",40,29,21,0,0.00477900013043478,0.0678107258447825,-5.28786792973291,15.56,1.99,22.8378679297329,"Bacteria","Pseudomonadota","Gammaproteobacteria","Pseudomonadales","Pseudomonadaceae","Pseudomonas_E","",35,"Sierras","W"
"260",13,29,21,0.130488518758474,0.0389334782608696,0.379303590217391,9.0658275211478,11.26,1.99,4.1841724788522,"Bacteria","Pseudomonadota","Gammaproteobacteria","Pseudomonadales","Pseudomonadaceae","Pseudomonas_E","Pseudomonas_E marvdashtae",35,"Sierras","W"
"260",15,29,21,0.156029139430989,0.040449347826087,0.306648638729348,12.9431528888579,4.3,1.99,-6.65315288885788,"Bacteria","Pseudomonadota","Gammaproteobacteria","Pseudomonadales","Pseudomonadaceae","Pseudomonas_E","Pseudomonas_E marvdashtae",35,"Sierras","W"
"260",19,29,21,0.177116581965381,0.0566721739130435,0.574998705652174,7.71687828385181,9.93,1.99,4.20312171614819,"Bacteria","Pseudomonadota","Gammaproteobacteria","Pseudomonadales","Pseudomonadaceae","Pseudomonas_E","Pseudomonas_E marvdashtae",35,"Sierras","W"
"260",21,29,21,0.185330297425289,0.1136,1.09962491173913,6.63931268533989,7.61,1.99,2.96068731466011,"Bacteria","Pseudomonadota","Gammaproteobacteria","Pseudomonadales","Pseudomonadaceae","Pseudomonas_E","Pseudomonas_E marvdashtae",35,"Sierras","W"
"260",23,29,21,0.174737164010295,0.0780308695652174,0.814188041304348,5.48796572884339,7.28,1.99,3.78203427115661,"Bacteria","Pseudomonadota","Gammaproteobacteria","Pseudomonadales","Pseudomonadaceae","Pseudomonas_E","Pseudomonas_E marvdashtae",35,"Sierras","W"
"260",28,29,21,0.27033952487849,0.0553847826086956,0.553558888804348,5.27152580896223,7.78,1.99,4.49847419103777,"Bacteria","Pseudomonadota","Gammaproteobacteria","Pseudomonadales","Pseudomonadaceae","Pseudomonas_E","Pseudomonas_E marvdashtae",35,"Sierras","W"
"260",33,29,21,0.0478909843749816,0.0471599347826087,0.625553877282608,11.903522801281,9.185,1.99,-0.728522801281035,"Bacteria","Pseudomonadota","Gammaproteobacteria","Pseudomonadales","Pseudomonadaceae","Pseudomonas_E","Pseudomonas_E marvdashtae",35,"Sierras","W"
"260",35,29,21,0.151765322573214,0.0560873913043479,0.583684177826087,7.3199102476165,11.665,1.99,6.3350897523835,"Bacteria","Pseudomonadota","Gammaproteobacteria","Pseudomonadales","Pseudomonadaceae","Pseudomonas_E","Pseudomonas_E marvdashtae",35,"Sierras","W"
"260",38,29,21,0,0.00332376084782609,0.0463396333753261,-11.8041233375941,6.04,1.99,19.8341233375941,"Bacteria","Pseudomonadota","Gammaproteobacteria","Pseudomonadales","Pseudomonadaceae","Pseudomonas_E","Pseudomonas_E marvdashtae",35,"Sierras","W"
"260",40,29,21,0,0.00413532634782608,0.0568301762266304,-17.2568713191039,12.415,1.99,31.661871319104,"Bacteria","Pseudomonadota","Gammaproteobacteria","Pseudomonadales","Pseudomonadaceae","Pseudomonas_E","Pseudomonas_E marvdashtae",35,"Sierras","W"
"261",13,29,21,0.124798555870663,0.0551726086956522,0.497373128913043,6.07715593492218,4.3,1.99,0.212844065077822,"Bacteria","Pseudomonadota","Gammaproteobacteria","Pseudomonadales","Pseudomonadaceae","Pseudomonas_E","",35,"Sierras","S"
"261",15,29,21,0.234562309545644,0.0416754347826087,0.434543570543478,8.3365489668066,4.3,1.99,-2.04654896680659,"Bacteria","Pseudomonadota","Gammaproteobacteria","Pseudomonadales","Pseudomonadaceae","Pseudomonas_E","",35,"Sierras","S"
"261",19,29,21,0.168216481575391,0.0423113043478261,0.328525899706522,4.97538398484905,7.365,1.99,4.37961601515094,"Bacteria","Pseudomonadota","Gammaproteobacteria","Pseudomonadales","Pseudomonadaceae","Pseudomonas_E","",35,"Sierras","S"
"261",21,29,21,0.326249775800795,0.179886956521739,1.73637935326087,4.70518166447347,5.13,1.99,2.41481833552653,"Bacteria","Pseudomonadota","Gammaproteobacteria","Pseudomonadales","Pseudomonadaceae","Pseudomonas_E","",35,"Sierras","S"
"261",23,29,21,0.284668740382141,0.183269565217391,1.60650724347826,4.89543437658657,6.62,1.99,3.71456562341343,"Bacteria","Pseudomonadota","Gammaproteobacteria","Pseudomonadales","Pseudomonadaceae","Pseudomonas_E","",35,"Sierras","S"
"261",28,29,21,0.287550900068218,0.142423913043479,1.05283152607609,12.066212829261,15.31,1.99,5.23378717073896,"Bacteria","Pseudomonadota","Gammaproteobacteria","Pseudomonadales","Pseudomonadaceae","Pseudomonas_E","",35,"Sierras","S"
"261",33,29,21,0.218948472315031,0.0535882608695652,0.450198041304348,6.21637999435425,14.48,1.99,10.2536200056457,"Bacteria","Pseudomonadota","Gammaproteobacteria","Pseudomonadales","Pseudomonadaceae","Pseudomonas_E","",35,"Sierras","S"
"261",35,29,21,0.17254966207277,0.0372836956521739,0.396688467391304,7.8043926097754,12.825,1.99,7.0106073902246,"Bacteria","Pseudomonadota","Gammaproteobacteria","Pseudomonadales","Pseudomonadaceae","Pseudomonas_E","",35,"Sierras","S"
"261",38,29,21,0,0,0,NA,4.3,1.99,NA,"Bacteria","Pseudomonadota","Gammaproteobacteria","Pseudomonadales","Pseudomonadaceae","Pseudomonas_E","",35,"Sierras","S"
"261",40,29,21,0,0.00406358673913043,0.0562765377675,-5.21859003287354,17.625,1.99,24.8335900328735,"Bacteria","Pseudomonadota","Gammaproteobacteria","Pseudomonadales","Pseudomonadaceae","Pseudomonas_E","",35,"Sierras","S"
"262",13,29,21,0,0.0132160869565217,0.0883984213260869,11.463010285474,11.75,1.99,2.27698971452605,"Bacteria","Pseudomonadota","Gammaproteobacteria","Enterobacterales","Enterobacteriaceae","Pantoea","Pantoea agglomerans",35,"Sierras","S"
"262",15,29,21,0.273243466866701,0.0616302173913046,0.266388635065217,6.71241017228171,4.3,1.99,-0.422410172281714,"Bacteria","Pseudomonadota","Gammaproteobacteria","Enterobacterales","Enterobacteriaceae","Pantoea","Pantoea agglomerans",35,"Sierras","S"
"262",19,29,21,0.34953991130976,0.181739130434783,0.846773284730435,8.34636841163349,11.255,1.99,4.89863158836649,"Bacteria","Pseudomonadota","Gammaproteobacteria","Enterobacterales","Enterobacteriaceae","Pantoea","Pantoea agglomerans",35,"Sierras","S"
"262",23,29,21,0.376011457781882,0.164034782608696,1.21546703358695,8.56247795255006,11.17,1.99,4.59752204744994,"Bacteria","Pseudomonadota","Gammaproteobacteria","Enterobacterales","Enterobacteriaceae","Pantoea","Pantoea agglomerans",35,"Sierras","S"
"262",28,29,21,0.372177511297816,0.119130434782609,1.09983834198913,4.80096931152955,6.12,1.99,3.30903068847045,"Bacteria","Pseudomonadota","Gammaproteobacteria","Enterobacterales","Enterobacteriaceae","Pantoea","Pantoea agglomerans",35,"Sierras","S"
"262",33,29,21,0.367709046513644,0.0662893478260869,0.761876487282608,4.44215083833172,5.375,1.99,2.92284916166828,"Bacteria","Pseudomonadota","Gammaproteobacteria","Enterobacterales","Enterobacteriaceae","Pantoea","Pantoea agglomerans",35,"Sierras","S"
"262",35,29,21,0.132722883980245,0.0225504347826087,0.186847063108696,6.05058428766579,12.58,1.99,8.5194157123342,"Bacteria","Pseudomonadota","Gammaproteobacteria","Enterobacterales","Enterobacteriaceae","Pantoea","Pantoea agglomerans",35,"Sierras","S"
"262",38,29,21,0,0.000380086565217392,0.00181671183902174,-71.7102241361399,5.3,1.99,79.0002241361399,"Bacteria","Pseudomonadota","Gammaproteobacteria","Enterobacterales","Enterobacteriaceae","Pantoea","Pantoea agglomerans",35,"Sierras","S"
"262",40,29,21,0,0.00281793463043479,0.0344709163019565,-1.34485665702819,17.3,1.99,20.6348566570282,"Bacteria","Pseudomonadota","Gammaproteobacteria","Enterobacterales","Enterobacteriaceae","Pantoea","Pantoea agglomerans",35,"Sierras","S"
"263",13,29,21,0,0.0088075652173913,0.0322164212391304,-0.33,9.43,1.99,11.75,"Bacteria","Pseudomonadota","Gammaproteobacteria","Enterobacterales","Enterobacteriaceae","Pantoea","Pantoea agglomerans",35,"Sierras","S"
"263",15,29,21,0.185032316625945,0.065653695652174,0.441780479456521,9.51236583349699,4.3,1.99,-3.22236583349696,"Bacteria","Pseudomonadota","Gammaproteobacteria","Enterobacterales","Enterobacteriaceae","Pantoea","Pantoea agglomerans",35,"Sierras","S"
"263",19,29,21,0.266082974907186,0.0949130434782609,0.593482083417826,6.82919025743201,4.3,1.99,-0.539190257432008,"Bacteria","Pseudomonadota","Gammaproteobacteria","Enterobacterales","Enterobacteriaceae","Pantoea","Pantoea agglomerans",35,"Sierras","S"
"263",23,29,21,0.198655877539136,0.0901341304347825,0.674333431804347,7.0483258911604,6.12,1.99,1.0616741088396,"Bacteria","Pseudomonadota","Gammaproteobacteria","Enterobacterales","Enterobacteriaceae","Pantoea","Pantoea agglomerans",35,"Sierras","S"
"263",28,29,21,0.266626738519719,0.20535652173913,1.78657781674348,7.68967078967088,8.77,1.99,3.07032921032911,"Bacteria","Pseudomonadota","Gammaproteobacteria","Enterobacterales","Enterobacteriaceae","Pantoea","Pantoea agglomerans",35,"Sierras","S"
"263",33,29,21,0.351106711029229,0.15314347826087,1.8611794126087,4.82258157632736,4.3,1.99,1.46741842367264,"Bacteria","Pseudomonadota","Gammaproteobacteria","Enterobacterales","Enterobacteriaceae","Pantoea","Pantoea agglomerans",35,"Sierras","S"
"263",35,29,21,0.214998145870067,0.0597721739130435,0.328004544565217,12.6363364393727,17.295,1.99,6.64866356062728,"Bacteria","Pseudomonadota","Gammaproteobacteria","Enterobacterales","Enterobacteriaceae","Pantoea","Pantoea agglomerans",35,"Sierras","S"
"263",38,29,21,0,0.00274902189130435,0.030563649748587,220.034165268566,9.02,1.99,-209.024165268566,"Bacteria","Pseudomonadota","Gammaproteobacteria","Enterobacterales","Enterobacteriaceae","Pantoea","Pantoea agglomerans",35,"Sierras","S"
"263",40,29,21,0,0.0015005437173913,0.0106456093268478,-15.2802414609175,6.29,1.99,23.5602414609176,"Bacteria","Pseudomonadota","Gammaproteobacteria","Enterobacterales","Enterobacteriaceae","Pantoea","Pantoea agglomerans",35,"Sierras","S"
"264",13,29,21,0.095354774426062,0.018894347826087,0.177199948043478,8.48079788474524,15.39,1.99,8.89920211525476,"Bacteria","Pseudomonadota","Gammaproteobacteria","Enterobacterales","Enterobacteriaceae","Mixta","",35,"Sierras","S"
"264",15,29,21,0.244189865729825,0.045249347826087,0.264187697693478,4.12412828348589,4.385,1.99,2.25087171651411,"Bacteria","Pseudomonadota","Gammaproteobacteria","Enterobacterales","Enterobacteriaceae","Mixta","",35,"Sierras","S"
"264",19,29,21,0.25919389987569,0.0850143478260867,0.513171807467391,6.87015855287297,11.665,1.99,6.78484144712701,"Bacteria","Pseudomonadota","Gammaproteobacteria","Enterobacterales","Enterobacteriaceae","Mixta","",35,"Sierras","S"
"264",21,29,21,0.259761485944702,0.109241521739131,1.14099722902174,6.42619267446048,8.685,1.99,4.24880732553953,"Bacteria","Pseudomonadota","Gammaproteobacteria","Enterobacterales","Enterobacteriaceae","Mixta","",35,"Sierras","S"
"264",23,29,21,0.328629700509656,0.132552173913043,1.09739508152174,7.1171764469798,7.28,1.99,2.1528235530202,"Bacteria","Pseudomonadota","Gammaproteobacteria","Enterobacterales","Enterobacteriaceae","Mixta","",35,"Sierras","S"
"264",28,29,21,0.4829324377165,0.171847826086957,1.42885770422826,5.69681921701156,6.285,1.99,2.57818078298844,"Bacteria","Pseudomonadota","Gammaproteobacteria","Enterobacterales","Enterobacteriaceae","Mixta","",35,"Sierras","S"
"264",33,29,21,0.433980382873281,0.127071739130435,0.674467561842391,4.01527539018844,8.19,1.99,6.16472460981157,"Bacteria","Pseudomonadota","Gammaproteobacteria","Enterobacterales","Enterobacteriaceae","Mixta","",35,"Sierras","S"
"264",35,29,21,0.357998921311687,0.0891473913043478,0.333059824130435,12.277475813363,15.72,1.99,5.432524186637,"Bacteria","Pseudomonadota","Gammaproteobacteria","Enterobacterales","Enterobacteriaceae","Mixta","",35,"Sierras","S"
"264",38,29,21,0.0218927574970561,0.00680697806521739,0.107675514701739,4.99544247683333,5.21,1.99,2.20455752316667,"Bacteria","Pseudomonadota","Gammaproteobacteria","Enterobacterales","Enterobacteriaceae","Mixta","",35,"Sierras","S"
"264",40,29,21,0.0237236550916245,0.0092679345869565,0.154898933346196,45.5528907374699,7.78,1.99,-35.7828907374699,"Bacteria","Pseudomonadota","Gammaproteobacteria","Enterobacterales","Enterobacteriaceae","Mixta","",35,"Sierras","S"
"265",13,29,21,0.0430452295958894,0.0228552173913043,0.365659028260869,5.86038726805559,4.3,1.99,0.429612731944412,"Bacteria","Pseudomonadota","Gammaproteobacteria","Enterobacterales","Enterobacteriaceae","Mixta","",35,"Sierras","S"
"265",15,29,21,0.14518727721599,0.0325652173913044,0.218477437695652,3.98619691128188,4.8,1.99,2.80380308871812,"Bacteria","Pseudomonadota","Gammaproteobacteria","Enterobacterales","Enterobacteriaceae","Mixta","",35,"Sierras","S"
"265",19,29,21,0,0.000553352173913043,0.00366840625,-0.329999999999999,5.96,1.99,8.28,"Bacteria","Pseudomonadota","Gammaproteobacteria","Enterobacterales","Enterobacteriaceae","Mixta","",35,"Sierras","S"
"265",21,29,21,0.300901510838611,0.124983913043478,1.1387223448913,7.02961259407395,7.86,1.99,2.82038740592605,"Bacteria","Pseudomonadota","Gammaproteobacteria","Enterobacterales","Enterobacteriaceae","Mixta","",35,"Sierras","S"
"265",23,29,21,0.119920795285409,0.0396676739130435,0.244705332282609,9.07732976865745,10.59,1.99,3.50267023134254,"Bacteria","Pseudomonadota","Gammaproteobacteria","Enterobacterales","Enterobacteriaceae","Mixta","",35,"Sierras","S"
"265",28,29,21,0.116539565537651,0.149279326086957,1.15102542571413,7.04547208105947,12.08,1.99,7.02452791894054,"Bacteria","Pseudomonadota","Gammaproteobacteria","Enterobacterales","Enterobacteriaceae","Mixta","",35,"Sierras","S"
"265",33,29,21,0.248914837738556,0.123765217391304,1.47531294399674,5.46841133714893,4.3,1.99,0.821588662851073,"Bacteria","Pseudomonadota","Gammaproteobacteria","Enterobacterales","Enterobacteriaceae","Mixta","",35,"Sierras","S"
"265",35,29,21,0.165400411955987,0.0677786956521739,0.556099044130435,4.61735869853022,4.8,1.99,2.17264130146978,"Bacteria","Pseudomonadota","Gammaproteobacteria","Enterobacterales","Enterobacteriaceae","Mixta","",35,"Sierras","S"
"265",38,29,21,0.0954481493100655,0.0859281089130435,0.608252419467389,22.8085264713098,12.08,1.99,-8.73852647130985,"Bacteria","Pseudomonadota","Gammaproteobacteria","Enterobacterales","Enterobacteriaceae","Mixta","",35,"Sierras","S"
"265",40,29,21,0.0437537981334514,0.0164201098695652,0.281798623072935,17.6107180621703,7.115,1.99,-8.5057180621703,"Bacteria","Pseudomonadota","Gammaproteobacteria","Enterobacterales","Enterobacteriaceae","Mixta","",35,"Sierras","S"
"266",13,29,21,0,0,0,NA,4.3,1.99,NA,"Bacteria","Pseudomonadota","Gammaproteobacteria","Enterobacterales","Enterobacteriaceae","Pantoea","Pantoea brenneri",35,"Sierras","S"
"266",15,29,21,0,0.00340770869565217,0.00344681046532608,3.75940239282366,8.52,1.99,6.75059760717634,"Bacteria","Pseudomonadota","Gammaproteobacteria","Enterobacterales","Enterobacteriaceae","Pantoea","Pantoea brenneri",35,"Sierras","S"
"266",23,29,21,0,0.00255108695652174,0.0423505488586957,11.6812606974639,4.3,1.99,-5.39126069746394,"Bacteria","Pseudomonadota","Gammaproteobacteria","Enterobacterales","Enterobacteriaceae","Pantoea","Pantoea brenneri",35,"Sierras","S"
"266",28,29,21,0,0.000685,0.012080453826087,11.0453650629008,10.43,1.99,1.37463493709918,"Bacteria","Pseudomonadota","Gammaproteobacteria","Enterobacterales","Enterobacteriaceae","Pantoea","Pantoea brenneri",35,"Sierras","S"
"266",33,29,21,0,0.00075886956521739,0.0118517428043478,-95.4800918256139,5.79,1.99,103.260091825614,"Bacteria","Pseudomonadota","Gammaproteobacteria","Enterobacterales","Enterobacteriaceae","Pantoea","Pantoea brenneri",35,"Sierras","S"
"266",35,29,21,0,8.40308260869565e-05,0.00072226872847826,4.72383831443267,9.93,1.99,7.19616168556733,"Bacteria","Pseudomonadota","Gammaproteobacteria","Enterobacterales","Enterobacteriaceae","Pantoea","Pantoea brenneri",35,"Sierras","S"
"266",38,29,21,0,0.00749060908695652,0.109475822720217,-7.39088190654016,14.07,1.99,23.4508819065402,"Bacteria","Pseudomonadota","Gammaproteobacteria","Enterobacterales","Enterobacteriaceae","Pantoea","Pantoea brenneri",35,"Sierras","S"
"266",40,29,21,0,0.00186595673913044,0.0212132155143478,-17.1997987574828,10.18,1.99,35.2497987574828,"Bacteria","Pseudomonadota","Gammaproteobacteria","Enterobacterales","Enterobacteriaceae","Pantoea","Pantoea brenneri",35,"Sierras","S"
"267",13,29,21,0,0,0,NA,4.3,1.99,NA,"Bacteria","Pseudomonadota","Gammaproteobacteria","Enterobacterales","Enterobacteriaceae","Pantoea","Pantoea sp900115075",35,"Sierras","S"
"267",15,29,21,0,0.0029600007826087,0.00346899979782609,-1.96327872406931,4.3,1.99,8.25327872406931,"Bacteria","Pseudomonadota","Gammaproteobacteria","Enterobacterales","Enterobacteriaceae","Pantoea","Pantoea sp900115075",35,"Sierras","S"
"267",23,29,21,0,0.00198411673913043,0.0328247869858696,3.12324948579083,8.94,1.99,7.80675051420917,"Bacteria","Pseudomonadota","Gammaproteobacteria","Enterobacterales","Enterobacteriaceae","Pantoea","Pantoea sp900115075",35,"Sierras","S"
"267",28,29,21,0,1.58108695652174e-06,3.53372934782609e-06,NA,17.71,1.99,NA,"Bacteria","Pseudomonadota","Gammaproteobacteria","Enterobacterales","Enterobacteriaceae","Pantoea","Pantoea sp900115075",35,"Sierras","S"
"267",33,29,21,0,0,0,NA,NA,1.99,NA,"Bacteria","Pseudomonadota","Gammaproteobacteria","Enterobacterales","Enterobacteriaceae","Pantoea","Pantoea sp900115075",35,"Sierras","S"
"267",35,29,21,0,0.00126142173913043,0.00927206457173913,-0.61908480498876,10.01,1.99,12.6190848049888,"Bacteria","Pseudomonadota","Gammaproteobacteria","Enterobacterales","Enterobacteriaceae","Pantoea","Pantoea sp900115075",35,"Sierras","S"
"267",38,29,21,0,0,0,NA,4.3,1.99,NA,"Bacteria","Pseudomonadota","Gammaproteobacteria","Enterobacterales","Enterobacteriaceae","Pantoea","Pantoea sp900115075",35,"Sierras","S"
"267",40,29,21,0,9.7173739130435e-05,5.6955055e-05,-1.67119250194774,4.3,1.99,7.96119250194774,"Bacteria","Pseudomonadota","Gammaproteobacteria","Enterobacterales","Enterobacteriaceae","Pantoea","Pantoea sp900115075",35,"Sierras","S"
"268",13,29,21,0,0,0,NA,4.3,1.99,NA,"Bacteria","Pseudomonadota","Gammaproteobacteria","Pseudomonadales","Pseudomonadaceae","Pseudomonas_E","",35,"Sierras","S"
"268",15,29,21,0,0.00190357608695652,0.00240598540217391,0.35018134329663,4.3,1.99,5.93981865670337,"Bacteria","Pseudomonadota","Gammaproteobacteria","Pseudomonadales","Pseudomonadaceae","Pseudomonas_E","",35,"Sierras","S"
"268",23,29,21,0,0.000688725,0.0078990578123913,7.89727836700306,4.3,1.99,-1.60727836700307,"Bacteria","Pseudomonadota","Gammaproteobacteria","Pseudomonadales","Pseudomonadaceae","Pseudomonas_E","",35,"Sierras","S"
"268",28,29,21,0,0,0,NA,4.3,1.99,NA,"Bacteria","Pseudomonadota","Gammaproteobacteria","Pseudomonadales","Pseudomonadaceae","Pseudomonas_E","",35,"Sierras","S"
"268",33,29,21,0,0,0,NA,NA,1.99,NA,"Bacteria","Pseudomonadota","Gammaproteobacteria","Pseudomonadales","Pseudomonadaceae","Pseudomonas_E","",35,"Sierras","S"
"268",38,29,21,0,0.002056174,0.0223700624109783,-24.888249206406,9.1,1.99,40.778249206406,"Bacteria","Pseudomonadota","Gammaproteobacteria","Pseudomonadales","Pseudomonadaceae","Pseudomonas_E","",35,"Sierras","S"
"268",40,29,21,0,0.00089786960869565,0.00303572188206522,-16.0578516234979,6.12,1.99,25.9878516234979,"Bacteria","Pseudomonadota","Gammaproteobacteria","Pseudomonadales","Pseudomonadaceae","Pseudomonas_E","",35,"Sierras","S"
"269",13,29,21,0,0.000127739130434783,1.751e-05,NA,4.3,1.99,NA,"Bacteria","Pseudomonadota","Gammaproteobacteria","Pseudomonadales","Pseudomonadaceae","Pseudomonas_E","",35,"Sierras","S"
"269",15,29,21,0,0.00603055652173913,0.00665687991304348,-6.06726343386025,4.3,1.99,12.3572634338603,"Bacteria","Pseudomonadota","Gammaproteobacteria","Pseudomonadales","Pseudomonadaceae","Pseudomonas_E","",35,"Sierras","S"
"269",23,29,21,0,0.000494393043478261,0.00569888002586957,7.68428783621484,4.3,1.99,-1.39428783621485,"Bacteria","Pseudomonadota","Gammaproteobacteria","Pseudomonadales","Pseudomonadaceae","Pseudomonas_E","",35,"Sierras","S"
"269",28,29,21,0,0,0,NA,NA,1.99,NA,"Bacteria","Pseudomonadota","Gammaproteobacteria","Pseudomonadales","Pseudomonadaceae","Pseudomonas_E","",35,"Sierras","S"
"269",33,29,21,0,0.00463297826086956,0.0870623751086955,4.64167234539193,8.77,1.99,6.11832765460807,"Bacteria","Pseudomonadota","Gammaproteobacteria","Pseudomonadales","Pseudomonadaceae","Pseudomonas_E","",35,"Sierras","S"
"269",38,29,21,0,0.00235826089130435,0.0322439928748913,-15.0419573499496,15.97,1.99,33.0019573499495,"Bacteria","Pseudomonadota","Gammaproteobacteria","Pseudomonadales","Pseudomonadaceae","Pseudomonas_E","",35,"Sierras","S"
"269",40,29,21,0,0.00178097839130434,0.00874262777271742,12.5843785815893,16.635,1.99,6.04062141841075,"Bacteria","Pseudomonadota","Gammaproteobacteria","Pseudomonadales","Pseudomonadaceae","Pseudomonas_E","",35,"Sierras","S"
"270",13,29,21,0,1.90521739130435e-05,1.6194347826087e-06,NA,4.3,1.99,NA,"Bacteria","Pseudomonadota","Gammaproteobacteria","Pseudomonadales","Pseudomonadaceae","Pseudomonas_E","",35,"Sierras","S"
"270",15,29,21,0,0.00180440217391305,0.00179568879347826,-0.069867973705411,4.3,1.99,6.35986797370541,"Bacteria","Pseudomonadota","Gammaproteobacteria","Pseudomonadales","Pseudomonadaceae","Pseudomonas_E","",35,"Sierras","S"
"270",23,29,21,0,0.000189647239130435,0.00174896662315218,4.04441767761552,4.3,1.99,2.24558232238448,"Bacteria","Pseudomonadota","Gammaproteobacteria","Pseudomonadales","Pseudomonadaceae","Pseudomonas_E","",35,"Sierras","S"
"270",28,29,21,0,0,0,NA,4.3,1.99,NA,"Bacteria","Pseudomonadota","Gammaproteobacteria","Pseudomonadales","Pseudomonadaceae","Pseudomonas_E","",35,"Sierras","S"
"270",33,29,21,0,0.000156634565217392,0.00164204999565218,48.1327795172634,9.6,1.99,-36.5427795172634,"Bacteria","Pseudomonadota","Gammaproteobacteria","Pseudomonadales","Pseudomonadaceae","Pseudomonas_E","",35,"Sierras","S"
"270",35,29,21,0,3.09491304347826e-05,0.000308057468695652,3.12091441788343,4.3,1.99,3.16908558211657,"Bacteria","Pseudomonadota","Gammaproteobacteria","Pseudomonadales","Pseudomonadaceae","Pseudomonas_E","",35,"Sierras","S"
"270",38,29,21,0,0.000319217369565218,0.00074209234152174,-17.1916685193191,4.63,1.99,23.8116685193191,"Bacteria","Pseudomonadota","Gammaproteobacteria","Pseudomonadales","Pseudomonadaceae","Pseudomonas_E","",35,"Sierras","S"
"270",40,29,21,0,0.0028244562826087,0.0327904995398913,-61.9731686830986,12.33,1.99,76.2931686830987,"Bacteria","Pseudomonadota","Gammaproteobacteria","Pseudomonadales","Pseudomonadaceae","Pseudomonas_E","",35,"Sierras","S"
"271",13,29,21,0.154069497601193,0.0199986956521739,0.133284665652174,14.6731483821313,19.7,1.99,7.01685161786868,"Bacteria","Pseudomonadota","Gammaproteobacteria","Pseudomonadales","Pseudomonadaceae","Pseudomonas_E","Pseudomonas_E sp003851685",35,"Sierras","S"
"271",15,29,21,0.268546159808715,0.0428623913043478,0.341040969679348,5.78160513379387,7.45,1.99,3.65839486620612,"Bacteria","Pseudomonadota","Gammaproteobacteria","Pseudomonadales","Pseudomonadaceae","Pseudomonas_E","Pseudomonas_E sp003851685",35,"Sierras","S"
"271",19,29,21,0.27586696275996,0.0513504347826087,0.361242131413044,7.8194253816535,13.325,1.99,7.4955746183465,"Bacteria","Pseudomonadota","Gammaproteobacteria","Pseudomonadales","Pseudomonadaceae","Pseudomonas_E","Pseudomonas_E sp003851685",35,"Sierras","S"
"271",23,29,21,0.179936892104587,0.0994754978260871,0.501668002869565,6.86115751595546,6.95,1.99,2.07884248404454,"Bacteria","Pseudomonadota","Gammaproteobacteria","Pseudomonadales","Pseudomonadaceae","Pseudomonas_E","Pseudomonas_E sp003851685",35,"Sierras","S"
"271",28,29,21,0.22438469578367,0.0689042173913043,0.575550526934783,5.99037846765724,6.7,1.99,2.69962153234276,"Bacteria","Pseudomonadota","Gammaproteobacteria","Pseudomonadales","Pseudomonadaceae","Pseudomonas_E","Pseudomonas_E sp003851685",35,"Sierras","S"
"271",33,29,21,0,0.007273,0.0633772067391304,6.83542883206616,19.86,1.99,15.0145711679338,"Bacteria","Pseudomonadota","Gammaproteobacteria","Pseudomonadales","Pseudomonadaceae","Pseudomonas_E","Pseudomonas_E sp003851685",35,"Sierras","S"
"271",35,29,21,0,0.00384113804347826,0.0578901452826085,-21.081535947557,10.675,1.99,33.746535947557,"Bacteria","Pseudomonadota","Gammaproteobacteria","Pseudomonadales","Pseudomonadaceae","Pseudomonas_E","Pseudomonas_E sp003851685",35,"Sierras","S"
"271",38,29,21,0,0.00264760869565217,0.0492383822826087,4.05645183363739,11.005,1.99,15.6435481663626,"Bacteria","Pseudomonadota","Gammaproteobacteria","Pseudomonadales","Pseudomonadaceae","Pseudomonas_E","Pseudomonas_E sp003851685",35,"Sierras","S"
"271",40,29,21,0,0.000752913195652175,0.0097311835556522,28.8858179737702,8.44,1.99,-18.4558179737702,"Bacteria","Pseudomonadota","Gammaproteobacteria","Pseudomonadales","Pseudomonadaceae","Pseudomonas_E","Pseudomonas_E sp003851685",35,"Sierras","S"
"272",13,29,21,0.0729279795638463,0.0121942173913043,0.131306137826087,7.29939544926892,9.43,1.99,4.12060455073108,"Bacteria","Pseudomonadota","Gammaproteobacteria","Pseudomonadales","Pseudomonadaceae","Pseudomonas_E","Pseudomonas_E sp003851685",35,"Sierras","S"
"272",15,29,21,0.214338558056602,0.0420776086956522,0.340905259173913,5.70859045313485,11.5,1.99,7.78140954686516,"Bacteria","Pseudomonadota","Gammaproteobacteria","Pseudomonadales","Pseudomonadaceae","Pseudomonas_E","Pseudomonas_E sp003851685",35,"Sierras","S"
"272",21,29,21,0.274516279493404,0.171821739130435,1.66792103869565,4.65588467483814,4.3,1.99,1.63411532516186,"Bacteria","Pseudomonadota","Gammaproteobacteria","Pseudomonadales","Pseudomonadaceae","Pseudomonas_E","Pseudomonas_E sp003851685",35,"Sierras","S"
"272",23,29,21,0.475623030733442,0.193786956521739,0.998404036969565,4.84469373939622,4.3,1.99,1.44530626060378,"Bacteria","Pseudomonadota","Gammaproteobacteria","Pseudomonadales","Pseudomonadaceae","Pseudomonas_E","Pseudomonas_E sp003851685",35,"Sierras","S"
"272",28,29,21,0.538845690700945,0.139769565217391,1.22646998133065,11.0486162519679,4.3,1.99,-4.75861625196788,"Bacteria","Pseudomonadota","Gammaproteobacteria","Pseudomonadales","Pseudomonadaceae","Pseudomonas_E","Pseudomonas_E sp003851685",35,"Sierras","S"
"272",33,29,21,0.136198677578752,0.0193356739130435,0.124743922347826,5.32056157120028,12.99,1.99,9.65943842879973,"Bacteria","Pseudomonadota","Gammaproteobacteria","Pseudomonadales","Pseudomonadaceae","Pseudomonas_E","Pseudomonas_E sp003851685",35,"Sierras","S"
"272",35,29,21,0,0.00176993478260869,0.0266903726086956,16.7936735333172,4.3,1.99,-10.5036735333172,"Bacteria","Pseudomonadota","Gammaproteobacteria","Pseudomonadales","Pseudomonadaceae","Pseudomonas_E","Pseudomonas_E sp003851685",35,"Sierras","S"
"272",38,29,21,0,0.00601269552173915,0.099194559388152,-5.79102435560731,15.72,1.99,23.5010243556073,"Bacteria","Pseudomonadota","Gammaproteobacteria","Pseudomonadales","Pseudomonadaceae","Pseudomonas_E","Pseudomonas_E sp003851685",35,"Sierras","S"
"272",40,29,21,0,0.00313967484782609,0.0381520286656521,391.447793074056,12.085,1.99,-377.372793074056,"Bacteria","Pseudomonadota","Gammaproteobacteria","Pseudomonadales","Pseudomonadaceae","Pseudomonas_E","Pseudomonas_E sp003851685",35,"Sierras","S"
"273",13,29,21,0,0.0111074782608696,0.0830301167826087,7.31277673650842,9.1,1.99,3.77722326349158,"Bacteria","Pseudomonadota","Gammaproteobacteria","Pseudomonadales","Pseudomonadaceae","Pseudomonas_E","Pseudomonas_E sp003851685",35,"Sierras","S"
"273",15,29,21,0.0929418574157885,0.0283015652173913,0.190377327605435,8.91536377925581,12.08,1.99,5.15463622074418,"Bacteria","Pseudomonadota","Gammaproteobacteria","Pseudomonadales","Pseudomonadaceae","Pseudomonas_E","Pseudomonas_E sp003851685",35,"Sierras","S"
"273",21,29,21,0.23971017963413,0.160360869565217,1.53377088478261,4.69080903545226,4.3,1.99,1.59919096454774,"Bacteria","Pseudomonadota","Gammaproteobacteria","Pseudomonadales","Pseudomonadaceae","Pseudomonas_E","Pseudomonas_E sp003851685",35,"Sierras","S"
"273",23,29,21,0.446353420970525,0.170229565217391,0.672118124910869,8.18629197424332,10.26,1.99,4.06370802575668,"Bacteria","Pseudomonadota","Gammaproteobacteria","Pseudomonadales","Pseudomonadaceae","Pseudomonas_E","Pseudomonas_E sp003851685",35,"Sierras","S"
"273",28,29,21,0.42142910068949,0.150952173913043,1.236962245,6.20164457126299,9.93,1.99,5.71835542873701,"Bacteria","Pseudomonadota","Gammaproteobacteria","Pseudomonadales","Pseudomonadaceae","Pseudomonas_E","Pseudomonas_E sp003851685",35,"Sierras","S"
"273",33,29,21,0,0,0,NA,NA,1.99,NA,"Bacteria","Pseudomonadota","Gammaproteobacteria","Pseudomonadales","Pseudomonadaceae","Pseudomonas_E","Pseudomonas_E sp003851685",35,"Sierras","S"
"273",35,29,21,0,0.00341073913043478,0.0421467893695652,15.4479616919296,4.3,1.99,-9.15796169192964,"Bacteria","Pseudomonadota","Gammaproteobacteria","Pseudomonadales","Pseudomonadaceae","Pseudomonas_E","Pseudomonas_E sp003851685",35,"Sierras","S"
"273",38,29,21,0,0,0,NA,4.3,1.99,NA,"Bacteria","Pseudomonadota","Gammaproteobacteria","Pseudomonadales","Pseudomonadaceae","Pseudomonas_E","Pseudomonas_E sp003851685",35,"Sierras","S"
"273",40,29,21,0,0.00202445669565217,0.0188142549557609,-2.95712419599592,18.62,1.99,23.5671241959959,"Bacteria","Pseudomonadota","Gammaproteobacteria","Pseudomonadales","Pseudomonadaceae","Pseudomonas_E","Pseudomonas_E sp003851685",35,"Sierras","S"
"274",13,29,21,0,0,0,NA,NA,1.99,NA,"Bacteria","Pseudomonadota","Gammaproteobacteria","Enterobacterales","Enterobacteriaceae","Pantoea","Pantoea sp900115075",35,"Sierras","S"
"274",15,29,21,0,0,0,NA,NA,1.99,NA,"Bacteria","Pseudomonadota","Gammaproteobacteria","Enterobacterales","Enterobacteriaceae","Pantoea","Pantoea sp900115075",35,"Sierras","S"
"274",23,29,21,0,0.00161045652173913,0.0244397719565217,-22.2008482614521,9.1,1.99,33.2908482614521,"Bacteria","Pseudomonadota","Gammaproteobacteria","Enterobacterales","Enterobacteriaceae","Pantoea","Pantoea sp900115075",35,"Sierras","S"
"274",28,29,21,0,0,0,NA,4.3,1.99,NA,"Bacteria","Pseudomonadota","Gammaproteobacteria","Enterobacterales","Enterobacteriaceae","Pantoea","Pantoea sp900115075",35,"Sierras","S"
"274",33,29,21,0,0.00471830434782609,0.0892443589130435,5.16859305738074,13.24,1.99,10.0614069426193,"Bacteria","Pseudomonadota","Gammaproteobacteria","Enterobacterales","Enterobacteriaceae","Pantoea","Pantoea sp900115075",35,"Sierras","S"
"274",35,29,21,0,2.09478260869565e-06,1.7805652173913e-07,NA,4.3,1.99,NA,"Bacteria","Pseudomonadota","Gammaproteobacteria","Enterobacterales","Enterobacteriaceae","Pantoea","Pantoea sp900115075",35,"Sierras","S"
"274",38,29,21,0,0.00163252173913044,0.0300046431521739,5.86204243026702,4.3,1.99,0.427957569732984,"Bacteria","Pseudomonadota","Gammaproteobacteria","Enterobacterales","Enterobacteriaceae","Pantoea","Pantoea sp900115075",35,"Sierras","S"
"274",40,29,21,0,0.00044763047826087,0.0012270443101087,-18.4840404639728,4.88,1.99,25.9340404639728,"Bacteria","Pseudomonadota","Gammaproteobacteria","Enterobacterales","Enterobacteriaceae","Pantoea","Pantoea sp900115075",35,"Sierras","S"
"275",13,29,21,0.358413000831816,0.0403186956521739,0.102131264209783,6.11972873786732,4.3,1.99,0.170271262132684,"Bacteria","Pseudomonadota","Gammaproteobacteria","Pseudomonadales","Pseudomonadaceae","Pseudomonas_E","",35,"Sierras","S"
"275",15,29,21,0.423201891920778,0.0779615217391304,0.440892160940217,7.48769147104512,4.3,1.99,-1.19769147104512,"Bacteria","Pseudomonadota","Gammaproteobacteria","Pseudomonadales","Pseudomonadaceae","Pseudomonas_E","",35,"Sierras","S"
"275",23,29,21,0.267924044787622,0.103076086956522,0.827172129734349,9.32140990880221,8.19,1.99,0.858590091197822,"Bacteria","Pseudomonadota","Gammaproteobacteria","Pseudomonadales","Pseudomonadaceae","Pseudomonas_E","",35,"Sierras","S"
"275",28,29,21,0.411318089195617,0.143321739130435,1.21445195520652,5.04524649441963,6.12,1.99,3.06475350558036,"Bacteria","Pseudomonadota","Gammaproteobacteria","Pseudomonadales","Pseudomonadaceae","Pseudomonas_E","",35,"Sierras","S"
"275",33,29,21,0.109206641256297,0.0138381739130435,0.117660739317391,3.69043924004587,5.875,1.99,4.17456075995413,"Bacteria","Pseudomonadota","Gammaproteobacteria","Pseudomonadales","Pseudomonadaceae","Pseudomonas_E","",35,"Sierras","S"
"275",35,29,21,0,0.00402991304347826,0.0406965360934783,-9.02608873135436,5.045,1.99,16.0610887313544,"Bacteria","Pseudomonadota","Gammaproteobacteria","Pseudomonadales","Pseudomonadaceae","Pseudomonas_E","",35,"Sierras","S"
"275",38,29,21,0,0.00209930560869565,0.0264982439430435,20.6389906795803,13.9,1.99,-4.74899067958028,"Bacteria","Pseudomonadota","Gammaproteobacteria","Pseudomonadales","Pseudomonadaceae","Pseudomonas_E","",35,"Sierras","S"
"275",40,29,21,0,0.00133117428260869,0.0148456082219565,-38.626013849559,10.01,1.99,56.336013849559,"Bacteria","Pseudomonadota","Gammaproteobacteria","Pseudomonadales","Pseudomonadaceae","Pseudomonas_E","",35,"Sierras","S"
"276",13,29,21,0.146201531375208,0.03859,0.279645558695652,10.987556218062,13.57,1.99,4.57244378193799,"Bacteria","Pseudomonadota","Gammaproteobacteria","Pseudomonadales","Pseudomonadaceae","Pseudomonas_E","",35,"Sierras","S"
"276",15,29,21,0.132293404247452,0.0388515217391304,0.303090174021739,5.7248415399877,4.3,1.99,0.5651584600123,"Bacteria","Pseudomonadota","Gammaproteobacteria","Pseudomonadales","Pseudomonadaceae","Pseudomonas_E","",35,"Sierras","S"
"276",19,29,21,0.209285605300631,0.0758728260869565,0.846880704891307,4.78713594401684,4.3,1.99,1.50286405598316,"Bacteria","Pseudomonadota","Gammaproteobacteria","Pseudomonadales","Pseudomonadaceae","Pseudomonas_E","",35,"Sierras","S"
"276",23,29,21,0.228164516494494,0.118539782608695,1.28604691032609,6.56745158174721,8.025,1.99,3.44754841825279,"Bacteria","Pseudomonadota","Gammaproteobacteria","Pseudomonadales","Pseudomonadaceae","Pseudomonas_E","",35,"Sierras","S"
"276",28,29,21,0.3549538402464,0.2477,2.42563955304348,5.37209936352824,5.955,1.99,2.57290063647176,"Bacteria","Pseudomonadota","Gammaproteobacteria","Pseudomonadales","Pseudomonadaceae","Pseudomonas_E","",35,"Sierras","S"
"276",33,29,21,0.439865539642791,0.199419565217391,2.52806204304347,5.01685109897567,4.88,1.99,1.85314890102433,"Bacteria","Pseudomonadota","Gammaproteobacteria","Pseudomonadales","Pseudomonadaceae","Pseudomonas_E","",35,"Sierras","S"
"276",35,29,21,0.191150645385172,0.147113043478261,1.13716933304348,8.14017772357168,10.92,1.99,4.76982227642832,"Bacteria","Pseudomonadota","Gammaproteobacteria","Pseudomonadales","Pseudomonadaceae","Pseudomonas_E","",35,"Sierras","S"
"276",38,29,21,0.0572771366842425,0.0136517175217391,0.241445353283152,4.91493980480227,7.115,1.99,4.19006019519773,"Bacteria","Pseudomonadota","Gammaproteobacteria","Pseudomonadales","Pseudomonadaceae","Pseudomonas_E","",35,"Sierras","S"
"276",40,29,21,0.0399183058510528,0.0134222827173913,0.235303213797826,4.62157449273599,5.79,1.99,3.15842550726402,"Bacteria","Pseudomonadota","Gammaproteobacteria","Pseudomonadales","Pseudomonadaceae","Pseudomonas_E","",35,"Sierras","S"
"277",13,29,21,0.212541441419258,0.0182204347826087,0.081194001198913,3.60336120610291,5.46,1.99,3.84663879389709,"Bacteria","Pseudomonadota","Gammaproteobacteria","Enterobacterales","Enterobacteriaceae","Pantoea","Pantoea sp900115075",35,"Sierras","S"
"277",15,29,21,0.132160388152207,0.0674080434782608,0.503567063923913,5.18858413070493,9.02,1.99,5.82141586929507,"Bacteria","Pseudomonadota","Gammaproteobacteria","Enterobacterales","Enterobacteriaceae","Pantoea","Pantoea sp900115075",35,"Sierras","S"
"277",19,29,21,0.195416621819676,0.0504439130434782,0.311838487617392,2.41532976655715,4.385,1.99,3.95967023344285,"Bacteria","Pseudomonadota","Gammaproteobacteria","Enterobacterales","Enterobacteriaceae","Pantoea","Pantoea sp900115075",35,"Sierras","S"
"277",21,29,21,0.322029077232532,0.155484782608695,1.49151924141304,5.5602172763583,8.19,1.99,4.6197827236417,"Bacteria","Pseudomonadota","Gammaproteobacteria","Enterobacterales","Enterobacteriaceae","Pantoea","Pantoea sp900115075",35,"Sierras","S"
"277",23,29,21,0.189930451815874,0.0550406521739131,0.32912596448587,10.8160504945798,12.08,1.99,3.25394950542015,"Bacteria","Pseudomonadota","Gammaproteobacteria","Enterobacterales","Enterobacteriaceae","Pantoea","Pantoea sp900115075",35,"Sierras","S"
"277",28,29,21,0.254738294496025,0.252454347826087,2.38527897054348,4.98155926486418,4.3,1.99,1.30844073513581,"Bacteria","Pseudomonadota","Gammaproteobacteria","Enterobacterales","Enterobacteriaceae","Pantoea","Pantoea sp900115075",35,"Sierras","S"
"277",33,29,21,0.354926318304976,0.154957173913043,1.63908822330434,5.14505885608155,4.3,1.99,1.14494114391845,"Bacteria","Pseudomonadota","Gammaproteobacteria","Enterobacterales","Enterobacteriaceae","Pantoea","Pantoea sp900115075",35,"Sierras","S"
"277",35,29,21,0.160857095705799,0.0513721739130435,0.44540704673913,4.73675765389362,4.3,1.99,1.55324234610638,"Bacteria","Pseudomonadota","Gammaproteobacteria","Enterobacterales","Enterobacteriaceae","Pantoea","Pantoea sp900115075",35,"Sierras","S"
"277",38,29,21,0,0.00838721750000002,0.142614238040544,-107.685152109369,9.1,1.99,118.775152109369,"Bacteria","Pseudomonadota","Gammaproteobacteria","Enterobacterales","Enterobacteriaceae","Pantoea","Pantoea sp900115075",35,"Sierras","S"
"277",40,29,21,0,0.00335726126086956,0.051751836890326,187.019076921172,5.71,1.99,-177.909076921172,"Bacteria","Pseudomonadota","Gammaproteobacteria","Enterobacterales","Enterobacteriaceae","Pantoea","Pantoea sp900115075",35,"Sierras","S"
"278",13,29,21,0.112081013345198,0.0184986956521739,0.197835111956522,6.38693173250974,19.86,1.99,15.4630682674903,"Bacteria","Pseudomonadota","Gammaproteobacteria","Enterobacterales","Enterobacteriaceae","Pantoea","Pantoea sp900115075",35,"Sierras","V"
"278",15,29,21,0.225434567701466,0.0266558695652174,0.176549944152174,8.20509476250039,15.39,1.99,9.17490523749962,"Bacteria","Pseudomonadota","Gammaproteobacteria","Enterobacterales","Enterobacteriaceae","Pantoea","Pantoea sp900115075",35,"Sierras","V"
"278",21,29,21,0.321490909794968,0.147934782608696,1.37550569717391,4.57898674053433,4.8,1.99,2.21101325946566,"Bacteria","Pseudomonadota","Gammaproteobacteria","Enterobacterales","Enterobacteriaceae","Pantoea","Pantoea sp900115075",35,"Sierras","V"
"278",23,29,21,0.296590160701963,0.0744063043478261,0.478608452163043,7.36265927744438,9.68,1.99,4.30734072255562,"Bacteria","Pseudomonadota","Gammaproteobacteria","Enterobacterales","Enterobacteriaceae","Pantoea","Pantoea sp900115075",35,"Sierras","V"
"278",28,29,21,0.320973111294701,0.139495652173913,1.19213818086956,9.00073035356297,12.99,1.99,5.97926964643703,"Bacteria","Pseudomonadota","Gammaproteobacteria","Enterobacterales","Enterobacteriaceae","Pantoea","Pantoea sp900115075",35,"Sierras","V"
"278",33,29,21,0.352558373705743,0.0672926086956522,0.399348748164131,3.25065402462462,8.605,1.99,7.34434597537538,"Bacteria","Pseudomonadota","Gammaproteobacteria","Enterobacterales","Enterobacteriaceae","Pantoea","Pantoea sp900115075",35,"Sierras","V"
"278",35,29,21,0,0.00199827826086956,0.0194532183913044,10.6278391078033,19.615,1.99,10.9771608921967,"Bacteria","Pseudomonadota","Gammaproteobacteria","Enterobacterales","Enterobacteriaceae","Pantoea","Pantoea sp900115075",35,"Sierras","V"
"278",38,29,21,0,0.00477204393478261,0.0554699929254348,4.09881491410786,12.08,1.99,9.97118508589215,"Bacteria","Pseudomonadota","Gammaproteobacteria","Enterobacterales","Enterobacteriaceae","Pantoea","Pantoea sp900115075",35,"Sierras","V"
"278",40,29,21,0,0.00230073943478261,0.0302054905886956,655.543382285044,5.625,1.99,-646.603382285044,"Bacteria","Pseudomonadota","Gammaproteobacteria","Enterobacterales","Enterobacteriaceae","Pantoea","Pantoea sp900115075",35,"Sierras","V"
"279",13,29,21,0,0.000423329130434783,0.000425976223913043,-0.330000000000002,17.05,1.99,19.37,"Bacteria","Pseudomonadota","Gammaproteobacteria","Enterobacterales","Enterobacteriaceae","Pantoea","Pantoea brenneri",35,"Sierras","V"
"279",15,29,21,0.132841796214726,0.0630036956521739,0.51311789173913,10.5425329064452,16.385,1.99,7.83246709355476,"Bacteria","Pseudomonadota","Gammaproteobacteria","Enterobacterales","Enterobacteriaceae","Pantoea","Pantoea brenneri",35,"Sierras","V"
"279",19,29,21,0.169099404425027,0.143662826086957,1.31031494816304,6.45269429260106,8.195,1.99,3.73230570739894,"Bacteria","Pseudomonadota","Gammaproteobacteria","Enterobacterales","Enterobacteriaceae","Pantoea","Pantoea brenneri",35,"Sierras","V"
"279",23,29,21,0.173756681818442,0.133591956521739,1.17104059173913,7.35821942481198,12.08,1.99,6.71178057518802,"Bacteria","Pseudomonadota","Gammaproteobacteria","Enterobacterales","Enterobacteriaceae","Pantoea","Pantoea brenneri",35,"Sierras","V"
"279",28,29,21,0.227145714989469,0.218765217391304,2.32844705296739,5.24454937369083,4.3,1.99,1.04545062630917,"Bacteria","Pseudomonadota","Gammaproteobacteria","Enterobacterales","Enterobacteriaceae","Pantoea","Pantoea brenneri",35,"Sierras","V"
"279",33,29,21,0.286734998803266,0.240995652173913,3.67997113228261,4.86883252328195,4.3,1.99,1.42116747671805,"Bacteria","Pseudomonadota","Gammaproteobacteria","Enterobacterales","Enterobacteriaceae","Pantoea","Pantoea brenneri",35,"Sierras","V"
"279",35,29,21,0.191403153619501,0.0499678260869565,0.488325587717391,6.29036049768357,6.535,1.99,2.23463950231644,"Bacteria","Pseudomonadota","Gammaproteobacteria","Enterobacterales","Enterobacteriaceae","Pantoea","Pantoea brenneri",35,"Sierras","V"
"279",38,29,21,0,0.0065932387173913,0.105912032520761,-107.032820781819,9.02,1.99,118.042820781819,"Bacteria","Pseudomonadota","Gammaproteobacteria","Enterobacterales","Enterobacteriaceae","Pantoea","Pantoea brenneri",35,"Sierras","V"
"279",40,29,21,0,0.00183967386956521,0.0171138802847826,44.6411028345372,12.66,1.99,-29.9911028345371,"Bacteria","Pseudomonadota","Gammaproteobacteria","Enterobacterales","Enterobacteriaceae","Pantoea","Pantoea brenneri",35,"Sierras","V"
"280",13,29,21,0,6.68695652173913e-05,7.90130434782609e-06,NA,4.3,1.99,NA,"Bacteria","Pseudomonadota","Gammaproteobacteria","Enterobacterales","Enterobacteriaceae","Pantoea","Pantoea sp900115075",35,"Sierras","V"
"280",15,29,21,0,0.0108423586956522,0.0142136896195652,-1.03268802494907,6.37,1.99,9.39268802494906,"Bacteria","Pseudomonadota","Gammaproteobacteria","Enterobacterales","Enterobacteriaceae","Pantoea","Pantoea sp900115075",35,"Sierras","V"
"280",23,29,21,0,0.00085468695652174,0.0126331058086956,33.6208328934678,7.53,1.99,-24.1008328934678,"Bacteria","Pseudomonadota","Gammaproteobacteria","Enterobacterales","Enterobacteriaceae","Pantoea","Pantoea sp900115075",35,"Sierras","V"
"280",28,29,21,0,0.00676391304347825,0.122968842391304,-1825.45711615134,4.3,1.99,1831.74711615134,"Bacteria","Pseudomonadota","Gammaproteobacteria","Enterobacterales","Enterobacteriaceae","Pantoea","Pantoea sp900115075",35,"Sierras","V"
"280",33,29,21,0,0,0,NA,NA,1.99,NA,"Bacteria","Pseudomonadota","Gammaproteobacteria","Enterobacterales","Enterobacteriaceae","Pantoea","Pantoea sp900115075",35,"Sierras","V"
"280",35,29,21,0,0.000178419565217392,0.000947280297826085,39.022253103766,17.21,1.99,-19.822253103766,"Bacteria","Pseudomonadota","Gammaproteobacteria","Enterobacterales","Enterobacteriaceae","Pantoea","Pantoea sp900115075",35,"Sierras","V"
"280",38,29,21,0,4.08698695652174e-05,1.57911730434783e-05,0.566648022070978,4.3,1.99,5.72335197792902,"Bacteria","Pseudomonadota","Gammaproteobacteria","Enterobacterales","Enterobacteriaceae","Pantoea","Pantoea sp900115075",35,"Sierras","V"
"280",40,29,21,0,0.00289184817391304,0.0322303493908696,-45.8416889100103,12.83,1.99,60.6616889100103,"Bacteria","Pseudomonadota","Gammaproteobacteria","Enterobacterales","Enterobacteriaceae","Pantoea","Pantoea sp900115075",35,"Sierras","V"
"281",13,29,21,0,0.000439517391304348,0.000150885732173913,14.0983714440421,8.77,1.99,-3.33837144404209,"Bacteria","Pseudomonadota","Gammaproteobacteria","Enterobacterales","Enterobacteriaceae","Pantoea","Pantoea sp900115075",35,"Sierras","V"
"281",15,29,21,0,0.0060605058695652,0.00751626212065215,-10.8333436306197,4.3,1.99,17.1233436306197,"Bacteria","Pseudomonadota","Gammaproteobacteria","Enterobacterales","Enterobacteriaceae","Pantoea","Pantoea sp900115075",35,"Sierras","V"
"281",23,29,21,0,0.000201735652173913,0.000922557107608695,1.99,17.38,1.99,17.38,"Bacteria","Pseudomonadota","Gammaproteobacteria","Enterobacterales","Enterobacteriaceae","Pantoea","Pantoea sp900115075",35,"Sierras","V"
"281",28,29,21,0,0.000127395065217391,0.00177695435467391,2.08138022940539,7.78,1.99,7.6886197705946,"Bacteria","Pseudomonadota","Gammaproteobacteria","Enterobacterales","Enterobacteriaceae","Pantoea","Pantoea sp900115075",35,"Sierras","V"
"281",33,29,21,0,0,0,NA,NA,1.99,NA,"Bacteria","Pseudomonadota","Gammaproteobacteria","Enterobacterales","Enterobacteriaceae","Pantoea","Pantoea sp900115075",35,"Sierras","V"
"281",35,29,21,0,0,0,NA,4.3,1.99,NA,"Bacteria","Pseudomonadota","Gammaproteobacteria","Enterobacterales","Enterobacteriaceae","Pantoea","Pantoea sp900115075",35,"Sierras","V"
"281",38,29,21,0,0.000656174,0.00326785792380435,-80.3553008118329,7.45,1.99,89.7953008118329,"Bacteria","Pseudomonadota","Gammaproteobacteria","Enterobacterales","Enterobacteriaceae","Pantoea","Pantoea sp900115075",35,"Sierras","V"
"281",40,29,21,0,0.00304619567391304,0.0364859211873913,-2.90712171138335,17.46,1.99,22.3571217113833,"Bacteria","Pseudomonadota","Gammaproteobacteria","Enterobacterales","Enterobacteriaceae","Pantoea","Pantoea sp900115075",35,"Sierras","V"
"282",13,29,21,0.0967554341719684,0.0434334782608696,0.407469250869565,7.93402669438605,11.42,1.99,5.47597330561395,"Bacteria","Pseudomonadota","Gammaproteobacteria","Pseudomonadales","Pseudomonadaceae","Pseudomonas_E","Pseudomonas_E fluorescens_AO",35,"Sierras","Y"
"282",15,29,21,0.156074532365636,0.0589732608695653,0.411507826956522,5.00032996564549,11.42,1.99,8.40967003435451,"Bacteria","Pseudomonadota","Gammaproteobacteria","Pseudomonadales","Pseudomonadaceae","Pseudomonas_E","Pseudomonas_E fluorescens_AO",35,"Sierras","Y"
"282",19,29,21,0.35145446958558,0.192234782608696,1.26016520586956,8.82223936686065,15.64,1.99,8.80776063313935,"Bacteria","Pseudomonadota","Gammaproteobacteria","Pseudomonadales","Pseudomonadaceae","Pseudomonas_E","Pseudomonas_E fluorescens_AO",35,"Sierras","Y"
"282",23,29,21,0.368613636361905,0.192995652173913,1.45418230072826,7.14712668705092,9.68,1.99,4.52287331294908,"Bacteria","Pseudomonadota","Gammaproteobacteria","Pseudomonadales","Pseudomonadaceae","Pseudomonas_E","Pseudomonas_E fluorescens_AO",35,"Sierras","Y"
"282",28,29,21,0.277362950808851,0.103443260869565,1.0475797273587,4.68445407811287,5.295,1.99,2.60054592188713,"Bacteria","Pseudomonadota","Gammaproteobacteria","Pseudomonadales","Pseudomonadaceae","Pseudomonas_E","Pseudomonas_E fluorescens_AO",35,"Sierras","Y"
"282",33,29,21,0.26640606749235,0.084871086956522,0.894777231847826,5.02292024058644,5.21,1.99,2.17707975941356,"Bacteria","Pseudomonadota","Gammaproteobacteria","Pseudomonadales","Pseudomonadaceae","Pseudomonas_E","Pseudomonas_E fluorescens_AO",35,"Sierras","Y"
"282",35,29,21,0.207573782847735,0.0566286956521739,0.572660456086956,4.40875651482112,5.045,1.99,2.62624348517889,"Bacteria","Pseudomonadota","Gammaproteobacteria","Pseudomonadales","Pseudomonadaceae","Pseudomonas_E","Pseudomonas_E fluorescens_AO",35,"Sierras","Y"
"282",38,29,21,0.0168343972362929,0.00794356528260872,0.118595992403369,4.66859597111256,4.465,1.99,1.78640402888744,"Bacteria","Pseudomonadota","Gammaproteobacteria","Pseudomonadales","Pseudomonadaceae","Pseudomonas_E","Pseudomonas_E fluorescens_AO",35,"Sierras","Y"
"282",40,29,21,0.00079217957913591,0.0138788039565217,0.221488793497718,118.740006226089,13.82,1.99,-102.930006226089,"Bacteria","Pseudomonadota","Gammaproteobacteria","Pseudomonadales","Pseudomonadaceae","Pseudomonas_E","Pseudomonas_E fluorescens_AO",35,"Sierras","Y"
"283",13,29,21,0.189259316630344,0.0662582608695652,0.378366733695652,8.86317249851033,19.86,1.99,12.9868275014897,"Bacteria","Pseudomonadota","Gammaproteobacteria","Pseudomonadales","Pseudomonadaceae","Pseudomonas_E","Pseudomonas_E fluorescens_AO",35,"Sierras","Y"
"283",15,29,21,0.190525158382584,0.0315493478260869,0.212217767695652,10.786474302472,18.95,1.99,10.153525697528,"Bacteria","Pseudomonadota","Gammaproteobacteria","Pseudomonadales","Pseudomonadaceae","Pseudomonas_E","Pseudomonas_E fluorescens_AO",35,"Sierras","Y"
"283",19,29,21,0.477160991818151,0.210836956521739,1.24630070623913,8.23738317910057,9.515,1.99,3.26761682089943,"Bacteria","Pseudomonadota","Gammaproteobacteria","Pseudomonadales","Pseudomonadaceae","Pseudomonas_E","Pseudomonas_E fluorescens_AO",35,"Sierras","Y"
"283",23,29,21,0.464004509355341,0.192589130434782,1.75553296125,7.68446504504212,10.675,1.99,4.98053495495789,"Bacteria","Pseudomonadota","Gammaproteobacteria","Pseudomonadales","Pseudomonadaceae","Pseudomonas_E","Pseudomonas_E fluorescens_AO",35,"Sierras","Y"
"283",28,29,21,0.377284646661243,0.128380434782609,1.13595188654348,4.88240694310156,4.715,1.99,1.82259305689845,"Bacteria","Pseudomonadota","Gammaproteobacteria","Pseudomonadales","Pseudomonadaceae","Pseudomonas_E","Pseudomonas_E fluorescens_AO",35,"Sierras","Y"
"283",33,29,21,0.316593567429006,0.0895878260869566,0.994608701739129,4.65024467787258,5.79,1.99,3.12975532212742,"Bacteria","Pseudomonadota","Gammaproteobacteria","Pseudomonadales","Pseudomonadaceae","Pseudomonas_E","Pseudomonas_E fluorescens_AO",35,"Sierras","Y"
"283",35,29,21,0.210562734070513,0.0381047826086957,0.263538639390217,6.34409920818918,7.695,1.99,3.34090079181082,"Bacteria","Pseudomonadota","Gammaproteobacteria","Pseudomonadales","Pseudomonadaceae","Pseudomonas_E","Pseudomonas_E fluorescens_AO",35,"Sierras","Y"
"283",38,29,21,0,0.00196758682608696,0.0222359815117391,-226.422010489495,9.02,1.99,237.432010489495,"Bacteria","Pseudomonadota","Gammaproteobacteria","Pseudomonadales","Pseudomonadaceae","Pseudomonas_E","Pseudomonas_E fluorescens_AO",35,"Sierras","Y"
"283",40,29,21,0,0.00966358726086959,0.137957408527826,-12.8256573071083,14.98,1.99,29.7956573071083,"Bacteria","Pseudomonadota","Gammaproteobacteria","Pseudomonadales","Pseudomonadaceae","Pseudomonas_E","Pseudomonas_E fluorescens_AO",35,"Sierras","Y"
"284",13,29,21,0,0.00187765217391304,0.0186850587608696,1.13453303082171,19.86,1.99,20.7154669691783,"Bacteria","Pseudomonadota","Gammaproteobacteria","Enterobacterales","Enterobacteriaceae","Pantoea","Pantoea agglomerans",35,"Sierras","Y"
"284",15,29,21,0,0.0137176739130435,0.0285371186782609,-22.4530530698893,10.51,1.99,34.9530530698893,"Bacteria","Pseudomonadota","Gammaproteobacteria","Enterobacterales","Enterobacteriaceae","Pantoea","Pantoea agglomerans",35,"Sierras","Y"
"284",23,29,21,0,0.000931608695652175,0.0162226291304348,7.00109720549849,8.94,1.99,3.92890279450151,"Bacteria","Pseudomonadota","Gammaproteobacteria","Enterobacterales","Enterobacteriaceae","Pantoea","Pantoea agglomerans",35,"Sierras","Y"
"284",28,29,21,0,0,0,NA,NA,1.99,NA,"Bacteria","Pseudomonadota","Gammaproteobacteria","Enterobacterales","Enterobacteriaceae","Pantoea","Pantoea agglomerans",35,"Sierras","Y"
"284",33,29,21,0,0,0,NA,NA,1.99,NA,"Bacteria","Pseudomonadota","Gammaproteobacteria","Enterobacterales","Enterobacteriaceae","Pantoea","Pantoea agglomerans",35,"Sierras","Y"
"284",35,29,21,0,0.000422428260869565,0.00693742569565215,6.12334108318525,4.3,1.99,0.166658916814751,"Bacteria","Pseudomonadota","Gammaproteobacteria","Enterobacterales","Enterobacteriaceae","Pantoea","Pantoea agglomerans",35,"Sierras","Y"
"284",38,29,21,0,0,0,NA,NA,1.99,NA,"Bacteria","Pseudomonadota","Gammaproteobacteria","Enterobacterales","Enterobacteriaceae","Pantoea","Pantoea agglomerans",35,"Sierras","Y"
"284",40,29,21,0,0.00413750015217391,0.0503200965060869,-39.0535809490958,12.58,1.99,53.6235809490958,"Bacteria","Pseudomonadota","Gammaproteobacteria","Enterobacterales","Enterobacteriaceae","Pantoea","Pantoea agglomerans",35,"Sierras","Y"
"289",13,29,21,0.11133637976225,0.0186682608695652,0.1380868825,7.32893480516033,9.1,1.99,3.76106519483967,"Bacteria","Pseudomonadota","Gammaproteobacteria","Pseudomonadales","Pseudomonadaceae","Pseudomonas_E","",35,"Sierras","ME"
"289",15,29,21,0.110160828312023,0.0215538260869565,0.180754244565217,6.44881155056554,12.91,1.99,8.45118844943446,"Bacteria","Pseudomonadota","Gammaproteobacteria","Pseudomonadales","Pseudomonadaceae","Pseudomonas_E","",35,"Sierras","ME"
"289",23,29,21,0.148135907824224,0.0447906521739131,0.332277250891304,7.75537755339169,11.505,1.99,5.73962244660832,"Bacteria","Pseudomonadota","Gammaproteobacteria","Pseudomonadales","Pseudomonadaceae","Pseudomonas_E","",35,"Sierras","ME"
"289",28,29,21,0.067442635967796,0.0181747826086956,0.189352474406522,2.29570723769949,7.2,1.99,6.89429276230051,"Bacteria","Pseudomonadota","Gammaproteobacteria","Pseudomonadales","Pseudomonadaceae","Pseudomonas_E","",35,"Sierras","ME"
"289",33,29,21,0.113412405743064,0.0318926086956522,0.358149542391304,7.88037016984917,14.48,1.99,8.58962983015084,"Bacteria","Pseudomonadota","Gammaproteobacteria","Pseudomonadales","Pseudomonadaceae","Pseudomonas_E","",35,"Sierras","ME"
"289",35,29,21,0,0.00233821304347826,0.022003882373913,-7.98539047383221,5.71,1.99,15.6853904738322,"Bacteria","Pseudomonadota","Gammaproteobacteria","Pseudomonadales","Pseudomonadaceae","Pseudomonas_E","",35,"Sierras","ME"
"289",38,29,21,0,0.010625674,0.0779475833053258,-31.2285816307032,15.725,1.99,48.9435816307032,"Bacteria","Pseudomonadota","Gammaproteobacteria","Pseudomonadales","Pseudomonadaceae","Pseudomonas_E","",35,"Sierras","ME"
"289",40,29,21,0,0.00335706547826087,0.0228174052811956,-20.360482181533,12.575,1.99,34.9254821815329,"Bacteria","Pseudomonadota","Gammaproteobacteria","Pseudomonadales","Pseudomonadaceae","Pseudomonas_E","",35,"Sierras","ME"
"290",13,29,21,0.172073717899948,0.0171465217391304,0.0971101278891305,0.5,5.46,1.99,6.95,"Bacteria","Pseudomonadota","Gammaproteobacteria","Pseudomonadales","Pseudomonadaceae","Pseudomonas_E","",35,"Sierras","ME"
"290",15,29,21,0.109998716875412,0.0239430934782608,0.106001760771739,4.48748101686919,12.825,1.99,10.3275189831308,"Bacteria","Pseudomonadota","Gammaproteobacteria","Pseudomonadales","Pseudomonadaceae","Pseudomonas_E","",35,"Sierras","ME"
"290",19,29,21,0.267913216401041,0.0829252173913043,0.649908958183696,8.11434933621661,7.86,1.99,1.7356506637834,"Bacteria","Pseudomonadota","Gammaproteobacteria","Pseudomonadales","Pseudomonadaceae","Pseudomonas_E","",35,"Sierras","ME"
"290",23,29,21,0.238950352828281,0.0590971739130435,0.490743259619565,6.80223103533075,7.86,1.99,3.04776896466926,"Bacteria","Pseudomonadota","Gammaproteobacteria","Pseudomonadales","Pseudomonadaceae","Pseudomonas_E","",35,"Sierras","ME"
"290",28,29,21,0.300714415419955,0.0703793478260869,0.502492530925,4.00165026908352,4.3,1.99,2.28834973091648,"Bacteria","Pseudomonadota","Gammaproteobacteria","Pseudomonadales","Pseudomonadaceae","Pseudomonas_E","",35,"Sierras","ME"
"290",33,29,21,0,0,0,NA,NA,1.99,NA,"Bacteria","Pseudomonadota","Gammaproteobacteria","Pseudomonadales","Pseudomonadaceae","Pseudomonas_E","",35,"Sierras","ME"
"290",35,29,21,0.0499255212849019,0.0162958043478261,0.178734228891304,5.76700543430197,10.84,1.99,7.062994565698,"Bacteria","Pseudomonadota","Gammaproteobacteria","Pseudomonadales","Pseudomonadaceae","Pseudomonas_E","",35,"Sierras","ME"
"290",38,29,21,0,0.00117016567391305,0.00946920527847828,12.6186626338829,12.415,1.99,1.78633736611709,"Bacteria","Pseudomonadota","Gammaproteobacteria","Pseudomonadales","Pseudomonadaceae","Pseudomonas_E","",35,"Sierras","ME"
"290",40,29,21,0,0.000715391217391305,0.00107410476380435,-7.72928200419389,4.3,1.99,14.0192820041939,"Bacteria","Pseudomonadota","Gammaproteobacteria","Pseudomonadales","Pseudomonadaceae","Pseudomonas_E","",35,"Sierras","ME"
"291",13,29,21,0.213286788714681,0.156860434782609,0.828510097826087,10.9874773600105,19.86,1.99,10.8625226399895,"Bacteria","Pseudomonadota","Gammaproteobacteria","Enterobacterales","Enterobacteriaceae","Erwinia","Erwinia sp003937915",35,"Sierras","ME"
"291",15,29,21,0.0907531232483065,0.174760869565217,1.94504936304348,9.84111883280769,16.72,1.99,8.86888116719231,"Bacteria","Pseudomonadota","Gammaproteobacteria","Enterobacterales","Enterobacteriaceae","Erwinia","Erwinia sp003937915",35,"Sierras","ME"
"291",19,29,21,0.224109378648321,0.162892608695652,0.970733076956522,6.74234732161625,11.75,1.99,6.99765267838375,"Bacteria","Pseudomonadota","Gammaproteobacteria","Enterobacterales","Enterobacteriaceae","Erwinia","Erwinia sp003937915",35,"Sierras","ME"
"291",23,29,21,0.27262950538566,0.0662689130434782,0.39919569025,12.9242424243454,16.14,1.99,5.20575757565465,"Bacteria","Pseudomonadota","Gammaproteobacteria","Enterobacterales","Enterobacteriaceae","Erwinia","Erwinia sp003937915",35,"Sierras","ME"
"291",28,29,21,0.268373829041456,0.118325869565217,0.832607247608698,8.58005341118629,13.155,1.99,6.56494658881371,"Bacteria","Pseudomonadota","Gammaproteobacteria","Enterobacterales","Enterobacteriaceae","Erwinia","Erwinia sp003937915",35,"Sierras","ME"
"291",33,29,21,0.286020374458104,0.0852345652173913,0.71073201043478,5.7597101682233,5.045,1.99,1.2752898317767,"Bacteria","Pseudomonadota","Gammaproteobacteria","Enterobacterales","Enterobacteriaceae","Erwinia","Erwinia sp003937915",35,"Sierras","ME"
"291",35,29,21,0.0840086264494655,0.0231697826086957,0.1624503019,7.17289717471449,19.86,1.99,14.6771028252855,"Bacteria","Pseudomonadota","Gammaproteobacteria","Enterobacterales","Enterobacteriaceae","Erwinia","Erwinia sp003937915",35,"Sierras","ME"
"291",38,29,21,0,0.00474543541304348,0.0528844081247826,-399.917428077795,11.75,1.99,413.657428077795,"Bacteria","Pseudomonadota","Gammaproteobacteria","Enterobacterales","Enterobacteriaceae","Erwinia","Erwinia sp003937915",35,"Sierras","ME"
"291",40,29,21,0,0.0015159565,0.0103053612869565,-123.084441335429,10.755,1.99,142.284441335429,"Bacteria","Pseudomonadota","Gammaproteobacteria","Enterobacterales","Enterobacteriaceae","Erwinia","Erwinia sp003937915",35,"Sierras","ME"
"292",13,29,21,0.146413371780892,0.0653334782608696,0.46606823173913,12.5791373620248,18.04,1.99,7.4508626379752,"Bacteria","Pseudomonadota","Gammaproteobacteria","Pseudomonadales","Pseudomonadaceae","Pseudomonas_E","",35,"Sierras","ME"
"292",15,29,21,0.182679145002914,0.104316086956522,0.810543792717393,9.79845136700834,16.715,1.99,8.90654863299165,"Bacteria","Pseudomonadota","Gammaproteobacteria","Pseudomonadales","Pseudomonadaceae","Pseudomonas_E","",35,"Sierras","ME"
"292",19,29,21,0.300358079816264,0.162728260869565,1.46024591771739,7.2930405660067,9.1,1.99,3.7969594339933,"Bacteria","Pseudomonadota","Gammaproteobacteria","Pseudomonadales","Pseudomonadaceae","Pseudomonas_E","",35,"Sierras","ME"
"292",21,29,21,0.261536585566965,0.140973913043479,1.4615840948913,5.57304979265274,7.53,1.99,3.94695020734726,"Bacteria","Pseudomonadota","Gammaproteobacteria","Pseudomonadales","Pseudomonadaceae","Pseudomonas_E","",35,"Sierras","ME"
"292",23,29,21,0.386736536082994,0.233713043478261,2.43903668021739,5.92999582036166,6.95,1.99,3.01000417963834,"Bacteria","Pseudomonadota","Gammaproteobacteria","Pseudomonadales","Pseudomonadaceae","Pseudomonas_E","",35,"Sierras","ME"
"292",28,29,21,0.402424508216432,0.189328260869565,2.59304225076087,4.48248360351724,5.21,1.99,2.71751639648275,"Bacteria","Pseudomonadota","Gammaproteobacteria","Pseudomonadales","Pseudomonadaceae","Pseudomonas_E","",35,"Sierras","ME"
"292",33,29,21,0.346984821367711,0.133130434782608,1.97307247206522,4.46641839723705,4.3,1.99,1.82358160276296,"Bacteria","Pseudomonadota","Gammaproteobacteria","Pseudomonadales","Pseudomonadaceae","Pseudomonas_E","",35,"Sierras","ME"
"292",38,29,21,0.0357255227684596,0.0114074783695652,0.190166550642391,5.93989212181011,5.625,1.99,1.67510787818988,"Bacteria","Pseudomonadota","Gammaproteobacteria","Pseudomonadales","Pseudomonadaceae","Pseudomonas_E","",35,"Sierras","ME"
"292",40,29,21,0.0208347897465396,0.00876141336956521,0.145989393362935,-223.719207178929,5.875,1.99,231.584207178929,"Bacteria","Pseudomonadota","Gammaproteobacteria","Pseudomonadales","Pseudomonadaceae","Pseudomonas_E","",35,"Sierras","ME"
"293",13,29,21,0,0.0109028695652174,0.14871993826087,3.54388406128998,19.86,1.99,18.30611593871,"Bacteria","Pseudomonadota","Gammaproteobacteria","Pseudomonadales","Pseudomonadaceae","Pseudomonas_E","",35,"Sierras","ME"
"293",15,29,21,0.171556062292351,0.0341645652173913,0.23598942848587,5.57696806417575,9.435,1.99,5.84803193582425,"Bacteria","Pseudomonadota","Gammaproteobacteria","Pseudomonadales","Pseudomonadaceae","Pseudomonas_E","",35,"Sierras","ME"
"293",19,29,21,0.346065108878907,0.141339347826087,0.897380954866738,4.99803983217839,5.295,1.99,2.28696016782161,"Bacteria","Pseudomonadota","Gammaproteobacteria","Pseudomonadales","Pseudomonadaceae","Pseudomonas_E","",35,"Sierras","ME"
"293",21,29,21,0.197156785540666,0.117028478260869,0.968719817065219,5.88226264444527,8.11,1.99,4.21773735555474,"Bacteria","Pseudomonadota","Gammaproteobacteria","Pseudomonadales","Pseudomonadaceae","Pseudomonas_E","",35,"Sierras","ME"
"293",23,29,21,0.350071018687663,0.180721739130435,1.38353833043479,7.65412163350342,9.845,1.99,4.18087836649658,"Bacteria","Pseudomonadota","Gammaproteobacteria","Pseudomonadales","Pseudomonadaceae","Pseudomonas_E","",35,"Sierras","ME"
"293",28,29,21,0.281223044862251,0.101597608695652,1.12859781119565,4.38054754548628,4.3,1.99,1.90945245451372,"Bacteria","Pseudomonadota","Gammaproteobacteria","Pseudomonadales","Pseudomonadaceae","Pseudomonas_E","",35,"Sierras","ME"
"293",33,29,21,0.229993514765351,0.0670230434782609,0.671920539347826,4.55545633826787,6.205,1.99,3.63954366173213,"Bacteria","Pseudomonadota","Gammaproteobacteria","Pseudomonadales","Pseudomonadaceae","Pseudomonas_E","",35,"Sierras","ME"
"293",35,29,21,0.14844426199534,0.0378852173913043,0.387752925,4.86713774581764,6.705,1.99,3.82786225418236,"Bacteria","Pseudomonadota","Gammaproteobacteria","Pseudomonadales","Pseudomonadaceae","Pseudomonas_E","",35,"Sierras","ME"
"293",38,29,21,0,0.00688191295652174,0.107357386342826,4.44342644923043,5.96,1.99,3.50657355076957,"Bacteria","Pseudomonadota","Gammaproteobacteria","Pseudomonadales","Pseudomonadaceae","Pseudomonas_E","",35,"Sierras","ME"
"293",40,29,21,0.021900258518467,0.00574286919565216,0.0909708121715218,1.12778069963891,5.545,1.99,6.40721930036108,"Bacteria","Pseudomonadota","Gammaproteobacteria","Pseudomonadales","Pseudomonadaceae","Pseudomonas_E","",35,"Sierras","ME"
"294",13,29,21,0.0995625149249974,0.0385204347826087,0.334624200434783,4.34220783602027,5.63,1.99,3.27779216397973,"Bacteria","Pseudomonadota","Gammaproteobacteria","Enterobacterales","Enterobacteriaceae","Pantoea","Pantoea sp900115075",35,"Sierras","ME"
"294",15,29,21,0.164501067041916,0.0812580434782608,0.649900819130435,6.02235204059915,11.17,1.99,7.13764795940085,"Bacteria","Pseudomonadota","Gammaproteobacteria","Enterobacterales","Enterobacteriaceae","Pantoea","Pantoea sp900115075",35,"Sierras","ME"
"294",19,29,21,0.247616445867465,0.0948252173913045,0.60459414966413,6.47585133814433,4.465,1.99,-0.0208513381443249,"Bacteria","Pseudomonadota","Gammaproteobacteria","Enterobacterales","Enterobacteriaceae","Pantoea","Pantoea sp900115075",35,"Sierras","ME"
"294",21,29,21,0.379509196612492,0.176569565217392,2.01975135826087,7.24089927162023,8.935,1.99,3.68410072837976,"Bacteria","Pseudomonadota","Gammaproteobacteria","Enterobacterales","Enterobacteriaceae","Pantoea","Pantoea sp900115075",35,"Sierras","ME"
"294",23,29,21,0.205030096205969,0.210110869565217,1.67075147576087,4.76636541747096,4.3,1.99,1.52363458252904,"Bacteria","Pseudomonadota","Gammaproteobacteria","Enterobacterales","Enterobacteriaceae","Pantoea","Pantoea sp900115075",35,"Sierras","ME"
"294",28,29,21,0.292196066448072,0.176006521739131,1.63115215131521,4.91692490956935,4.3,1.99,1.37307509043066,"Bacteria","Pseudomonadota","Gammaproteobacteria","Enterobacterales","Enterobacteriaceae","Pantoea","Pantoea sp900115075",35,"Sierras","ME"
"294",33,29,21,0.237278953219639,0.110830434782609,1.41817245692391,7.03599142537564,6.29,1.99,1.24400857462436,"Bacteria","Pseudomonadota","Gammaproteobacteria","Enterobacterales","Enterobacteriaceae","Pantoea","Pantoea sp900115075",35,"Sierras","ME"
"294",35,29,21,0.251182746558506,0.0648276086956522,0.673063809816521,5.16514504566926,4.3,1.99,1.12485495433073,"Bacteria","Pseudomonadota","Gammaproteobacteria","Enterobacterales","Enterobacteriaceae","Pantoea","Pantoea sp900115075",35,"Sierras","ME"
"294",38,29,21,0.0740357200453395,0.0274860877608696,0.259819964660326,5.56735639169294,4.715,1.99,1.13764360830705,"Bacteria","Pseudomonadota","Gammaproteobacteria","Enterobacterales","Enterobacteriaceae","Pantoea","Pantoea sp900115075",35,"Sierras","ME"
"294",40,29,21,0.0158533629369765,0.0107048914565217,0.177481488926087,-1.02904504108571,12.745,1.99,15.7640450410857,"Bacteria","Pseudomonadota","Gammaproteobacteria","Enterobacterales","Enterobacteriaceae","Pantoea","Pantoea sp900115075",35,"Sierras","ME"
"295",13,29,21,0.13754289966838,0.0695769565217391,0.52796862826087,11.4781640977022,16.22,1.99,6.73183590229778,"Bacteria","Pseudomonadota","Gammaproteobacteria","Enterobacterales","Enterobacteriaceae","Enterobacter","Enterobacter cancerogenus",35,"Sierras","ME"
"295",15,29,21,0.17917353074707,0.095435652173913,0.75251714445652,8.65151731860771,15.72,1.99,9.05848268139231,"Bacteria","Pseudomonadota","Gammaproteobacteria","Enterobacterales","Enterobacteriaceae","Enterobacter","Enterobacter cancerogenus",35,"Sierras","ME"
"295",23,29,21,0.353016488584196,0.196573913043478,2.05934287119565,5.05495329374729,6.535,1.99,3.47004670625271,"Bacteria","Pseudomonadota","Gammaproteobacteria","Enterobacterales","Enterobacteriaceae","Enterobacter","Enterobacter cancerogenus",35,"Sierras","ME"
"295",28,29,21,0.438449047673596,0.197515217391304,2.56734882130435,4.79948029747499,5.21,1.99,2.40051970252501,"Bacteria","Pseudomonadota","Gammaproteobacteria","Enterobacterales","Enterobacteriaceae","Enterobacter","Enterobacter cancerogenus",35,"Sierras","ME"
"295",33,29,21,0.383163656553354,0.129495652173913,1.76812250989131,4.58770956580402,5.045,1.99,2.44729043419598,"Bacteria","Pseudomonadota","Gammaproteobacteria","Enterobacterales","Enterobacteriaceae","Enterobacter","Enterobacter cancerogenus",35,"Sierras","ME"
"295",35,29,21,0.204253691588874,0.0871456521739128,0.65157023626087,6.5229985434418,8.855,1.99,4.3220014565582,"Bacteria","Pseudomonadota","Gammaproteobacteria","Enterobacterales","Enterobacteriaceae","Enterobacter","Enterobacter cancerogenus",35,"Sierras","ME"
"295",38,29,21,0.0224354698706902,0.0109772176521739,0.184126556560543,5.90655169992425,6.455,1.99,2.53844830007576,"Bacteria","Pseudomonadota","Gammaproteobacteria","Enterobacterales","Enterobacteriaceae","Enterobacter","Enterobacter cancerogenus",35,"Sierras","ME"
"295",40,29,21,0.0165392220831867,0.00921247852173913,0.15477940236913,9.24412868174986,11.17,1.99,3.91587131825015,"Bacteria","Pseudomonadota","Gammaproteobacteria","Enterobacterales","Enterobacteriaceae","Enterobacter","Enterobacter cancerogenus",35,"Sierras","ME"
"296",13,29,21,0,0.00390821739130435,0.0430540673478261,4.1772446514171,9.1,1.99,6.9127553485829,"Bacteria","Pseudomonadota","Gammaproteobacteria","Pseudomonadales","Moraxellaceae","Acinetobacter","Acinetobacter calcoaceticus_C",35,"Sierras","ME"
"296",15,29,21,0,0.0228567608695652,0.110167088260869,4.244500133363,9.27,1.99,7.015499866637,"Bacteria","Pseudomonadota","Gammaproteobacteria","Pseudomonadales","Moraxellaceae","Acinetobacter","Acinetobacter calcoaceticus_C",35,"Sierras","ME"
"296",23,29,21,0.105954669507706,0.0397667173913044,0.352195755818478,2.08010543229938,4.72,1.99,4.62989456770063,"Bacteria","Pseudomonadota","Gammaproteobacteria","Pseudomonadales","Moraxellaceae","Acinetobacter","Acinetobacter calcoaceticus_C",35,"Sierras","ME"
"296",28,29,21,0,0.00746532608695652,0.11397321423913,4.64507687920398,5.045,1.99,2.38992312079602,"Bacteria","Pseudomonadota","Gammaproteobacteria","Pseudomonadales","Moraxellaceae","Acinetobacter","Acinetobacter calcoaceticus_C",35,"Sierras","ME"
"296",33,29,21,0.181441326749858,0.0524039130434783,0.46983171326087,9.73926223159709,10.59,1.99,2.84073776840291,"Bacteria","Pseudomonadota","Gammaproteobacteria","Pseudomonadales","Moraxellaceae","Acinetobacter","Acinetobacter calcoaceticus_C",35,"Sierras","ME"
"296",35,29,21,0,0,0,NA,NA,1.99,NA,"Bacteria","Pseudomonadota","Gammaproteobacteria","Pseudomonadales","Moraxellaceae","Acinetobacter","Acinetobacter calcoaceticus_C",35,"Sierras","ME"
"296",38,29,21,0,0.00093098702173913,0.0104738474202174,17.2173039965379,10.01,1.99,-5.21730399653793,"Bacteria","Pseudomonadota","Gammaproteobacteria","Pseudomonadales","Moraxellaceae","Acinetobacter","Acinetobacter calcoaceticus_C",35,"Sierras","ME"
"296",40,29,21,0,0.0040910217826087,0.0646649511146737,-13.8776157451955,10.425,1.99,26.2926157451955,"Bacteria","Pseudomonadota","Gammaproteobacteria","Pseudomonadales","Moraxellaceae","Acinetobacter","Acinetobacter calcoaceticus_C",35,"Sierras","ME"
"297",13,29,21,0.128548685806273,0.0722073913043478,0.515148716956522,15.6805996694495,19.86,1.99,6.16940033055047,"Bacteria","Pseudomonadota","Gammaproteobacteria","Enterobacterales","Enterobacteriaceae","Enterobacter","Enterobacter cancerogenus",35,"Sierras","ME"
"297",15,29,21,0.196607288609811,0.100146521739131,0.672894134576086,5.44523063104042,9.515,1.99,6.05976936895958,"Bacteria","Pseudomonadota","Gammaproteobacteria","Enterobacterales","Enterobacteriaceae","Enterobacter","Enterobacter cancerogenus",35,"Sierras","ME"
"297",19,29,21,0.256448260896258,0.196826086956521,1.69675777152174,7.68233555147811,9.765,1.99,4.07266444852189,"Bacteria","Pseudomonadota","Gammaproteobacteria","Enterobacterales","Enterobacteriaceae","Enterobacter","Enterobacter cancerogenus",35,"Sierras","ME"
"297",21,29,21,0.286465520652109,0.143204347826087,1.59599124641305,7.01519786059121,9.43,1.99,4.40480213940879,"Bacteria","Pseudomonadota","Gammaproteobacteria","Enterobacterales","Enterobacteriaceae","Enterobacter","Enterobacter cancerogenus",35,"Sierras","ME"
"297",23,29,21,0.358866044312566,0.219980434782609,2.18655117336956,5.48841358310514,6.205,1.99,2.70658641689486,"Bacteria","Pseudomonadota","Gammaproteobacteria","Enterobacterales","Enterobacteriaceae","Enterobacter","Enterobacter cancerogenus",35,"Sierras","ME"
"297",28,29,21,0.40789468942139,0.230304347826087,2.75331895793478,4.6198207597295,5.46,1.99,2.8301792402705,"Bacteria","Pseudomonadota","Gammaproteobacteria","Enterobacterales","Enterobacteriaceae","Enterobacter","Enterobacter cancerogenus",35,"Sierras","ME"
"297",33,29,21,0.384424686316171,0.133989130434783,1.99869293173913,4.61098051861909,4.3,1.99,1.67901948138091,"Bacteria","Pseudomonadota","Gammaproteobacteria","Enterobacterales","Enterobacteriaceae","Enterobacter","Enterobacter cancerogenus",35,"Sierras","ME"
"297",35,29,21,0.258105550487577,0.108727608695652,1.22716183771739,5.38562572778123,6.7,1.99,3.30437427221877,"Bacteria","Pseudomonadota","Gammaproteobacteria","Enterobacterales","Enterobacteriaceae","Enterobacter","Enterobacter cancerogenus",35,"Sierras","ME"
"297",38,29,21,0.0338439809462096,0.0170088700652174,0.269727018524782,5.8474741719782,4.3,1.99,0.442525828021805,"Bacteria","Pseudomonadota","Gammaproteobacteria","Enterobacterales","Enterobacteriaceae","Enterobacter","Enterobacter cancerogenus",35,"Sierras","ME"
"297",40,29,21,0.0229075040213077,0.0157461955652174,0.261267562703587,4.27994967552367,12.08,1.99,9.79005032447634,"Bacteria","Pseudomonadota","Gammaproteobacteria","Enterobacterales","Enterobacteriaceae","Enterobacter","Enterobacter cancerogenus",35,"Sierras","ME"
"298",13,29,21,0.0785806451613668,0.113454347826087,1.69472919565217,5.28961584502859,19.86,1.99,16.5603841549714,"Bacteria","Pseudomonadota","Gammaproteobacteria","Pseudomonadales","Pseudomonadaceae","Pseudomonas_E","Pseudomonas_E fluorescens_T",35,"Sierras","ME"
"298",15,29,21,0.208219410347484,0.0464689565217392,0.241810210054348,6.10280426804582,8.355,1.99,4.2421957319542,"Bacteria","Pseudomonadota","Gammaproteobacteria","Pseudomonadales","Pseudomonadaceae","Pseudomonas_E","Pseudomonas_E fluorescens_T",35,"Sierras","ME"
"298",23,29,21,0.275369848769252,0.0826136956521741,0.65704269654674,4.31723929980415,6.62,1.99,4.29276070019585,"Bacteria","Pseudomonadota","Gammaproteobacteria","Pseudomonadales","Pseudomonadaceae","Pseudomonas_E","Pseudomonas_E fluorescens_T",35,"Sierras","ME"
"298",28,29,21,0.206475445563337,0.054842406521739,0.485535220484891,7.89789483562391,10.51,1.99,4.6021051643761,"Bacteria","Pseudomonadota","Gammaproteobacteria","Pseudomonadales","Pseudomonadaceae","Pseudomonas_E","Pseudomonas_E fluorescens_T",35,"Sierras","ME"
"298",33,29,21,0.234514325790305,0.0891782608695652,1.21880429347826,4.25413283270666,4.63,1.99,2.36586716729334,"Bacteria","Pseudomonadota","Gammaproteobacteria","Pseudomonadales","Pseudomonadaceae","Pseudomonas_E","Pseudomonas_E fluorescens_T",35,"Sierras","ME"
"298",35,29,21,0.237350912145719,0.0180934782608696,0.0820242543369565,15.2755068390459,18.7,1.99,5.41449316095412,"Bacteria","Pseudomonadota","Gammaproteobacteria","Pseudomonadales","Pseudomonadaceae","Pseudomonas_E","Pseudomonas_E fluorescens_T",35,"Sierras","ME"
"298",38,29,21,0.0477710325059749,0.0209003043478261,0.229012099146739,4.401081767599,12.91,1.99,10.498918232401,"Bacteria","Pseudomonadota","Gammaproteobacteria","Pseudomonadales","Pseudomonadaceae","Pseudomonas_E","Pseudomonas_E fluorescens_T",35,"Sierras","ME"
"298",40,29,21,0,0.0173983699130435,0.222126157560218,-20.7416163249312,11.75,1.99,34.4816163249312,"Bacteria","Pseudomonadota","Gammaproteobacteria","Pseudomonadales","Pseudomonadaceae","Pseudomonas_E","Pseudomonas_E fluorescens_T",35,"Sierras","ME"
"299",13,29,21,0.167046992640001,0.0147508695652174,0.0823976258695652,7.6192478099539,15.72,1.99,10.0907521900461,"Bacteria","Pseudomonadota","Gammaproteobacteria","Pseudomonadales","Pseudomonadaceae","Pseudomonas_E","Pseudomonas_E fluorescens_T",35,"Sierras","ME"
"299",15,29,21,0.195733508812858,0.0675878260869563,0.36875278646087,11.5619799577684,4.3,1.99,-5.27197995776832,"Bacteria","Pseudomonadota","Gammaproteobacteria","Pseudomonadales","Pseudomonadaceae","Pseudomonas_E","Pseudomonas_E fluorescens_T",35,"Sierras","ME"
"299",19,29,21,0.198316423582373,0.0488460869565217,0.589144830543478,5.98163819107056,7.445,1.99,3.45336180892944,"Bacteria","Pseudomonadota","Gammaproteobacteria","Pseudomonadales","Pseudomonadaceae","Pseudomonas_E","Pseudomonas_E fluorescens_T",35,"Sierras","ME"
"299",23,29,21,0.216332110439485,0.0548515217391305,0.453001675869565,6.32588601745606,11.335,1.99,6.99911398254395,"Bacteria","Pseudomonadota","Gammaproteobacteria","Pseudomonadales","Pseudomonadaceae","Pseudomonas_E","Pseudomonas_E fluorescens_T",35,"Sierras","ME"
"299",28,29,21,0.171505199716141,0.0532423913043478,0.798205524673913,4.50930080615917,5.3,1.99,2.78069919384082,"Bacteria","Pseudomonadota","Gammaproteobacteria","Pseudomonadales","Pseudomonadaceae","Pseudomonas_E","Pseudomonas_E fluorescens_T",35,"Sierras","ME"
"299",33,29,21,0.21122479793194,0.0654839130434783,0.724313440326087,5.48671188338957,6.37,1.99,2.87328811661043,"Bacteria","Pseudomonadota","Gammaproteobacteria","Pseudomonadales","Pseudomonadaceae","Pseudomonas_E","Pseudomonas_E fluorescens_T",35,"Sierras","ME"
"299",35,29,21,0.165057721784809,0.0269834782608695,0.272218068728261,4.65179382855968,6.535,1.99,3.87320617144032,"Bacteria","Pseudomonadota","Gammaproteobacteria","Pseudomonadales","Pseudomonadaceae","Pseudomonas_E","Pseudomonas_E fluorescens_T",35,"Sierras","ME"
"299",38,29,21,0.202989375142154,0.0283696519565217,0.183534278707609,9.91402884450985,14.15,1.99,6.22597115549013,"Bacteria","Pseudomonadota","Gammaproteobacteria","Pseudomonadales","Pseudomonadaceae","Pseudomonas_E","Pseudomonas_E fluorescens_T",35,"Sierras","ME"
"299",40,29,21,0,0.00255489136956522,0.0288982178698913,373.292292870787,12.165,1.99,-359.137292870787,"Bacteria","Pseudomonadota","Gammaproteobacteria","Pseudomonadales","Pseudomonadaceae","Pseudomonas_E","Pseudomonas_E fluorescens_T",35,"Sierras","ME"
"301",13,29,21,0.0832600724285514,0.0722465217391304,0.989378528260869,8.25315557514904,9.77,1.99,3.50684442485096,"Bacteria","Pseudomonadota","Gammaproteobacteria","Pseudomonadales","Pseudomonadaceae","Pseudomonas_E","",35,"Sierras","ME"
"301",15,29,21,0.141509024209341,0.0468167391304348,0.473373906630435,7.68239532744727,15.31,1.99,9.61760467255274,"Bacteria","Pseudomonadota","Gammaproteobacteria","Pseudomonadales","Pseudomonadaceae","Pseudomonas_E","",35,"Sierras","ME"
"301",23,29,21,0.314246001813546,0.0752,0.667589981086957,4.84540227115373,6.37,1.99,3.51459772884627,"Bacteria","Pseudomonadota","Gammaproteobacteria","Pseudomonadales","Pseudomonadaceae","Pseudomonas_E","",35,"Sierras","ME"
"301",28,29,21,0.215943168726207,0.100895,0.904950331413044,4.29714584811997,5.625,1.99,3.31785415188002,"Bacteria","Pseudomonadota","Gammaproteobacteria","Pseudomonadales","Pseudomonadaceae","Pseudomonas_E","",35,"Sierras","ME"
"301",33,29,21,0.231697268846392,0.0885471739130435,1.1317674401087,5.49276834843026,5.79,1.99,2.28723165156973,"Bacteria","Pseudomonadota","Gammaproteobacteria","Pseudomonadales","Pseudomonadaceae","Pseudomonas_E","",35,"Sierras","ME"
"301",35,29,21,0.123163187775528,0.021724347826087,0.199893900869566,6.47169850272758,11.09,1.99,6.60830149727243,"Bacteria","Pseudomonadota","Gammaproteobacteria","Pseudomonadales","Pseudomonadaceae","Pseudomonas_E","",35,"Sierras","ME"
"301",38,29,21,0.0547290633216785,0.0262910868260869,0.318708904883044,-6.45190101984786,7.035,1.99,15.4769010198479,"Bacteria","Pseudomonadota","Gammaproteobacteria","Pseudomonadales","Pseudomonadaceae","Pseudomonas_E","",35,"Sierras","ME"
"301",40,29,21,0.000963927564778845,0.0296440215652174,0.389433163599783,55.2947249380828,11.255,1.99,-42.0497249380828,"Bacteria","Pseudomonadota","Gammaproteobacteria","Pseudomonadales","Pseudomonadaceae","Pseudomonas_E","",35,"Sierras","ME"
"302",13,29,21,0.332803843316529,0.0926808695652174,0.29314957365,5.21759415028251,5.63,1.99,2.40240584971749,"Bacteria","Pseudomonadota","Gammaproteobacteria","Enterobacterales","Enterobacteriaceae","Pantoea","Pantoea brenneri",35,"Sierras","ME"
"302",15,29,21,0.261563104522933,0.0858352173913043,0.471894879565217,7.57300965037076,13.075,1.99,7.49199034962926,"Bacteria","Pseudomonadota","Gammaproteobacteria","Enterobacterales","Enterobacteriaceae","Pantoea","Pantoea brenneri",35,"Sierras","ME"
"302",19,29,21,0.394205854581131,0.157306521739131,1.23273719434783,8.24081287178988,11.005,1.99,4.75418712821011,"Bacteria","Pseudomonadota","Gammaproteobacteria","Enterobacterales","Enterobacteriaceae","Pantoea","Pantoea brenneri",35,"Sierras","ME"
"302",23,29,21,0.395491431015399,0.161689130434783,1.40768609097826,7.55328224861448,8.52,1.99,2.95671775138551,"Bacteria","Pseudomonadota","Gammaproteobacteria","Enterobacterales","Enterobacteriaceae","Pantoea","Pantoea brenneri",35,"Sierras","ME"
"302",28,29,21,0.417143523395291,0.138510869565217,1.43121786380434,5.46668062653126,5.625,1.99,2.14831937346874,"Bacteria","Pseudomonadota","Gammaproteobacteria","Enterobacterales","Enterobacteriaceae","Pantoea","Pantoea brenneri",35,"Sierras","ME"
"302",33,29,21,0.394357558261493,0.113867173913043,1.00562834843043,6.70399980328593,5.955,1.99,1.24100019671407,"Bacteria","Pseudomonadota","Gammaproteobacteria","Enterobacterales","Enterobacteriaceae","Pantoea","Pantoea brenneri",35,"Sierras","ME"
"302",35,29,21,0.336770429784494,0.10828847826087,0.501529855326087,7.0638487472356,15.475,1.99,10.4011512527644,"Bacteria","Pseudomonadota","Gammaproteobacteria","Enterobacterales","Enterobacteriaceae","Pantoea","Pantoea brenneri",35,"Sierras","ME"
"302",38,29,21,0,0.00216486963043478,0.026247540911413,13.9212160722145,4.47,1.99,-7.46121607221446,"Bacteria","Pseudomonadota","Gammaproteobacteria","Enterobacterales","Enterobacteriaceae","Pantoea","Pantoea brenneri",35,"Sierras","ME"
"302",40,29,21,0,0.00235234823913044,0.0277857602165217,7.06614732705643,13.24,1.99,8.16385267294356,"Bacteria","Pseudomonadota","Gammaproteobacteria","Enterobacterales","Enterobacteriaceae","Pantoea","Pantoea brenneri",35,"Sierras","ME"
"303",15,29,21,0.158435048562392,0.0295965217391304,0.189923555934783,6.8022224294143,4.3,1.99,-0.5122224294143,"Bacteria","Pseudomonadota","Gammaproteobacteria","Pseudomonadales","Pseudomonadaceae","Pseudomonas_E","Pseudomonas_E fluorescens_T",15,"Socal","EC"
"303",23,29,21,0.474292100012216,0.160773913043478,1.82118021043478,6.2157162350364,4.3,1.99,0.0742837649635968,"Bacteria","Pseudomonadota","Gammaproteobacteria","Pseudomonadales","Pseudomonadaceae","Pseudomonas_E","Pseudomonas_E fluorescens_T",15,"Socal","EC"
"303",28,29,21,0.272029207989831,0.130713043478261,1.24748504304348,5.35266888920077,6.12,1.99,2.75733111079923,"Bacteria","Pseudomonadota","Gammaproteobacteria","Pseudomonadales","Pseudomonadaceae","Pseudomonas_E","Pseudomonas_E fluorescens_T",15,"Socal","EC"
"303",33,29,21,0.318312745517212,0.102635217391304,1.0027578376087,6.49115821552874,7.28,1.99,2.77884178447125,"Bacteria","Pseudomonadota","Gammaproteobacteria","Pseudomonadales","Pseudomonadaceae","Pseudomonas_E","Pseudomonas_E fluorescens_T",15,"Socal","EC"
"303",38,29,21,0,0.00208995652173913,0.0361737426086957,5.09272250114141,14.9,1.99,11.7972774988586,"Bacteria","Pseudomonadota","Gammaproteobacteria","Pseudomonadales","Pseudomonadaceae","Pseudomonas_E","Pseudomonas_E fluorescens_T",15,"Socal","EC"
"303",43,29,21,0,0.00139865217391304,0.023751807173913,10.8615742665883,11.09,1.99,2.21842573341173,"Bacteria","Pseudomonadota","Gammaproteobacteria","Pseudomonadales","Pseudomonadaceae","Pseudomonas_E","Pseudomonas_E fluorescens_T",15,"Socal","EC"
"304",15,29,21,0.161398884647904,0.0344095652173913,0.231404561478261,7.06310892093802,4.3,1.99,-0.773108920938021,"Bacteria","Pseudomonadota","Gammaproteobacteria","Pseudomonadales","Pseudomonadaceae","Pseudomonas_E","Pseudomonas_E fluorescens_T",15,"Socal","EC"
"304",23,29,21,0.427997154965448,0.173308695652174,1.81480677219783,5.59011644305378,4.3,1.99,0.699883556946222,"Bacteria","Pseudomonadota","Gammaproteobacteria","Pseudomonadales","Pseudomonadaceae","Pseudomonas_E","Pseudomonas_E fluorescens_T",15,"Socal","EC"
"304",28,29,21,0.281472919915054,0.1376,1.35613969304348,4.45192306580508,4.3,1.99,1.83807693419492,"Bacteria","Pseudomonadota","Gammaproteobacteria","Pseudomonadales","Pseudomonadaceae","Pseudomonas_E","Pseudomonas_E fluorescens_T",15,"Socal","EC"
"304",33,29,21,0.356670700394385,0.0974613043478261,0.835962634347826,6.5180499171985,7.94,1.99,3.4119500828015,"Bacteria","Pseudomonadota","Gammaproteobacteria","Pseudomonadales","Pseudomonadaceae","Pseudomonas_E","Pseudomonas_E fluorescens_T",15,"Socal","EC"
"304",38,29,21,0.000971439070520262,0.0111286956521739,0.209692815217391,5.58445076891735,13.24,1.99,9.64554923108265,"Bacteria","Pseudomonadota","Gammaproteobacteria","Pseudomonadales","Pseudomonadaceae","Pseudomonas_E","Pseudomonas_E fluorescens_T",15,"Socal","EC"
"304",43,29,21,0,0.00734495652173913,0.0536874239130435,3.50566031232172,17.71,1.99,16.1943396876783,"Bacteria","Pseudomonadota","Gammaproteobacteria","Pseudomonadales","Pseudomonadaceae","Pseudomonas_E","Pseudomonas_E fluorescens_T",15,"Socal","EC"
"305",15,29,21,0.167837295846658,0.0311878260869565,0.201834226630435,5.70384899868508,4.3,1.99,0.586151001314922,"Bacteria","Pseudomonadota","Gammaproteobacteria","Pseudomonadales","Pseudomonadaceae","Pseudomonas_E","Pseudomonas_E fluorescens_T",15,"Socal","EC"
"305",23,29,21,0.421321009001201,0.171139130434783,1.74243528436957,5.58736077495922,4.3,1.99,0.702639225040782,"Bacteria","Pseudomonadota","Gammaproteobacteria","Pseudomonadales","Pseudomonadaceae","Pseudomonas_E","Pseudomonas_E fluorescens_T",15,"Socal","EC"
"305",28,29,21,0.294850232262717,0.129060869565217,1.3369468273913,8.02000090306721,9.1,1.99,3.06999909693279,"Bacteria","Pseudomonadota","Gammaproteobacteria","Pseudomonadales","Pseudomonadaceae","Pseudomonas_E","Pseudomonas_E fluorescens_T",15,"Socal","EC"
"305",33,29,21,0.345429564734515,0.07116,0.727620030652174,7.01952228531334,7.61,1.99,2.58047771468666,"Bacteria","Pseudomonadota","Gammaproteobacteria","Pseudomonadales","Pseudomonadaceae","Pseudomonas_E","Pseudomonas_E fluorescens_T",15,"Socal","EC"
"305",38,29,21,0,0.00529260869565217,0.0603673080217391,11.2278081998199,4.3,1.99,-4.93780819981994,"Bacteria","Pseudomonadota","Gammaproteobacteria","Pseudomonadales","Pseudomonadaceae","Pseudomonas_E","Pseudomonas_E fluorescens_T",15,"Socal","EC"
"305",43,29,21,0,0.00438147826086956,0.0809403943478261,30.1137413099901,4.3,1.99,-23.8237413099901,"Bacteria","Pseudomonadota","Gammaproteobacteria","Pseudomonadales","Pseudomonadaceae","Pseudomonas_E","Pseudomonas_E fluorescens_T",15,"Socal","EC"
"306",15,29,21,0.178330008208552,0.0456095652173913,0.253479668804348,5.8274856171173,4.3,1.99,0.462514382882703,"Bacteria","Pseudomonadota","Gammaproteobacteria","Pseudomonadales","Pseudomonadaceae","Pseudomonas_E","",15,"Socal","EC"
"306",23,29,21,0.532625910713851,0.157234782608696,1.3603369645,5.02915064657184,4.3,1.99,1.26084935342816,"Bacteria","Pseudomonadota","Gammaproteobacteria","Pseudomonadales","Pseudomonadaceae","Pseudomonas_E","",15,"Socal","EC"
"306",28,29,21,0.392355452049751,0.140339130434783,1.82188786086957,6.2624310128555,6.62,1.99,2.3475689871445,"Bacteria","Pseudomonadota","Gammaproteobacteria","Pseudomonadales","Pseudomonadaceae","Pseudomonas_E","",15,"Socal","EC"
"306",33,29,21,0.496078488691415,0.142039130434783,1.72597925869565,5.03428047127547,5.46,1.99,2.41571952872453,"Bacteria","Pseudomonadota","Gammaproteobacteria","Pseudomonadales","Pseudomonadaceae","Pseudomonas_E","",15,"Socal","EC"
"306",38,29,21,0.0865309491780304,0.0135113043478261,0.133271200652174,8.71950514784589,15.39,1.99,8.66049485215411,"Bacteria","Pseudomonadota","Gammaproteobacteria","Pseudomonadales","Pseudomonadaceae","Pseudomonas_E","",15,"Socal","EC"
"306",43,29,21,0,0.00681460869565217,0.0936116413043478,-4.82069474264673,16.88,1.99,23.6906947426467,"Bacteria","Pseudomonadota","Gammaproteobacteria","Pseudomonadales","Pseudomonadaceae","Pseudomonas_E","",15,"Socal","EC"
"307",15,29,21,0.291616772506865,0.146978260869565,1.27075127847826,6.09945007143029,4.3,1.99,0.190549928569713,"Bacteria","Pseudomonadota","Gammaproteobacteria","Pseudomonadales","Pseudomonadaceae","Pseudomonas_E","",15,"Socal","EC"
"307",23,29,21,0.562433138720634,0.172,1.41157375230435,1.16,4.3,1.99,5.13,"Bacteria","Pseudomonadota","Gammaproteobacteria","Pseudomonadales","Pseudomonadaceae","Pseudomonas_E","",15,"Socal","EC"
"307",28,29,21,0.570239568980919,0.158852173913043,2.24260296086957,4.19677243713779,4.63,1.99,2.42322756286221,"Bacteria","Pseudomonadota","Gammaproteobacteria","Pseudomonadales","Pseudomonadaceae","Pseudomonas_E","",15,"Socal","EC"
"307",33,29,21,0.480509357686821,0.137008695652174,1.74024356086957,4.58265515193122,4.63,1.99,2.03734484806878,"Bacteria","Pseudomonadota","Gammaproteobacteria","Pseudomonadales","Pseudomonadaceae","Pseudomonas_E","",15,"Socal","EC"
"307",38,29,21,0.233284496530805,0.103213043478261,0.706264505434783,7.83101917605776,12.74,1.99,6.89898082394224,"Bacteria","Pseudomonadota","Gammaproteobacteria","Pseudomonadales","Pseudomonadaceae","Pseudomonas_E","",15,"Socal","EC"
"307",43,29,21,0,0.00652330434782609,0.110060719347826,1100.64103871509,8.77,1.99,-1089.88103871509,"Bacteria","Pseudomonadota","Gammaproteobacteria","Pseudomonadales","Pseudomonadaceae","Pseudomonas_E","",15,"Socal","EC"
"308",15,29,21,0.241639024261022,0.156326086956522,1.05904881456522,6.10311760757752,4.3,1.99,0.186882392422477,"Bacteria","Pseudomonadota","Gammaproteobacteria","Pseudomonadales","Pseudomonadaceae","Pseudomonas_E","",15,"Socal","EC"
"308",23,29,21,0.571804798506222,0.17815652173913,1.33726471330435,0.17,4.3,1.99,6.12,"Bacteria","Pseudomonadota","Gammaproteobacteria","Pseudomonadales","Pseudomonadaceae","Pseudomonas_E","",15,"Socal","EC"
"308",28,29,21,0.369742052755107,0.176808695652174,2.46041049086957,5.61609895311333,6.12,1.99,2.49390104688667,"Bacteria","Pseudomonadota","Gammaproteobacteria","Pseudomonadales","Pseudomonadaceae","Pseudomonas_E","",15,"Socal","EC"
"308",33,29,21,0.454590007319141,0.135613043478261,1.6324067723913,4.62584627410198,4.63,1.99,1.99415372589802,"Bacteria","Pseudomonadota","Gammaproteobacteria","Pseudomonadales","Pseudomonadaceae","Pseudomonas_E","",15,"Socal","EC"
"308",38,29,21,0.139093942191091,0.0493982608695652,0.391002005217391,9.5436422133093,12.08,1.99,4.5263577866907,"Bacteria","Pseudomonadota","Gammaproteobacteria","Pseudomonadales","Pseudomonadaceae","Pseudomonas_E","",15,"Socal","EC"
"308",43,29,21,0.000192689416034007,0.0161708695652174,0.286009069565217,81.9998840746674,13.24,1.99,-66.7698840746674,"Bacteria","Pseudomonadota","Gammaproteobacteria","Pseudomonadales","Pseudomonadaceae","Pseudomonas_E","",15,"Socal","EC"
"309",13,29,21,0.138460606604334,0.0252991304347826,0.23952094651087,5.20394135269416,4.8,1.99,1.58605864730584,"Bacteria","Pseudomonadota","Gammaproteobacteria","Enterobacterales","Enterobacteriaceae","Lelliottia","",15,"Socal","EC"
"309",15,29,21,0,0.00884421739130435,0.0693035271521739,6.45465527299625,4.63,1.99,0.165344727003746,"Bacteria","Pseudomonadota","Gammaproteobacteria","Enterobacterales","Enterobacteriaceae","Lelliottia","",15,"Socal","EC"
"309",19,29,21,0.310286831948981,0.132386956521739,0.948977047826087,4.40447157391164,5.46,1.99,3.04552842608836,"Bacteria","Pseudomonadota","Gammaproteobacteria","Enterobacterales","Enterobacteriaceae","Lelliottia","",15,"Socal","EC"
"309",21,29,21,0.418436390518107,0.151965217391304,1.15094515822174,6.27695021244496,4.8,1.99,0.513049787555042,"Bacteria","Pseudomonadota","Gammaproteobacteria","Enterobacterales","Enterobacteriaceae","Lelliottia","",15,"Socal","EC"
"309",23,29,21,0,0.00965026086956522,0.107580644391304,6.13854309948648,4.3,1.99,0.151456900513522,"Bacteria","Pseudomonadota","Gammaproteobacteria","Enterobacterales","Enterobacteriaceae","Lelliottia","",15,"Socal","EC"
"309",28,29,21,0,0.00643582608695652,0.0682100853695652,5.14062309372554,4.3,1.99,1.14937690627446,"Bacteria","Pseudomonadota","Gammaproteobacteria","Enterobacterales","Enterobacteriaceae","Lelliottia","",15,"Socal","EC"
"309",33,29,21,0.317156192975303,0.165126086956522,1.31947030673913,11.7715782027084,13.57,1.99,3.78842179729163,"Bacteria","Pseudomonadota","Gammaproteobacteria","Enterobacterales","Enterobacteriaceae","Lelliottia","",15,"Socal","EC"
"309",35,29,21,0.225545390029891,0.130008695652174,0.693459641739131,15.9119401419777,11.09,1.99,-2.83194014197766,"Bacteria","Pseudomonadota","Gammaproteobacteria","Enterobacterales","Enterobacteriaceae","Lelliottia","",15,"Socal","EC"
"309",37,29,21,0.341695557506293,0.269539641217391,3.0869129894637,4.80787272281848,4.3,1.99,1.48212727718152,"Bacteria","Pseudomonadota","Gammaproteobacteria","Enterobacterales","Enterobacteriaceae","Lelliottia","",15,"Socal","EC"
"309",38,29,21,0,0.00216452173913043,0.0383327208695652,5.46872012567104,4.3,1.99,0.821279874328956,"Bacteria","Pseudomonadota","Gammaproteobacteria","Enterobacterales","Enterobacteriaceae","Lelliottia","",15,"Socal","EC"
"309",40,29,21,0.035823805158856,0.0114739130217391,0.158016218089131,4.81069499888999,4.965,1.99,2.14430500111001,"Bacteria","Pseudomonadota","Gammaproteobacteria","Enterobacterales","Enterobacteriaceae","Lelliottia","",15,"Socal","EC"
"309",42,29,21,0,0.0072664487826087,0.112782731007391,6.17051907596521,4.3,1.99,0.119480924034788,"Bacteria","Pseudomonadota","Gammaproteobacteria","Enterobacterales","Enterobacteriaceae","Lelliottia","",15,"Socal","EC"
"310",15,29,21,0,0.00805747826086957,0.10709427473913,6.21764224563657,4.3,1.99,0.072357754363428,"Bacteria","Pseudomonadota","Gammaproteobacteria","Pseudomonadales","Pseudomonadaceae","Pseudomonas_E","",15,"Socal","EC"
"310",23,29,21,0,0.002956,0.0504177915217391,4.86330409867343,4.3,1.99,1.42669590132657,"Bacteria","Pseudomonadota","Gammaproteobacteria","Pseudomonadales","Pseudomonadaceae","Pseudomonas_E","",15,"Socal","EC"
"310",28,29,21,0,0.0144136086956522,0.116668282608696,9.69984264768003,19.86,1.99,12.15015735232,"Bacteria","Pseudomonadota","Gammaproteobacteria","Pseudomonadales","Pseudomonadaceae","Pseudomonas_E","",15,"Socal","EC"
"310",33,29,21,0.15998074037385,0.0234078260869565,0.320947603695652,4.91511864738223,4.3,1.99,1.37488135261777,"Bacteria","Pseudomonadota","Gammaproteobacteria","Pseudomonadales","Pseudomonadaceae","Pseudomonas_E","",15,"Socal","EC"
"310",38,29,21,0,0.00197426086956522,0.0307027833478261,6.19665498172354,4.63,1.99,0.42334501827646,"Bacteria","Pseudomonadota","Gammaproteobacteria","Pseudomonadales","Pseudomonadaceae","Pseudomonas_E","",15,"Socal","EC"
"310",43,29,21,0,0.000888673913043478,0.0096777875,4.67252156296766,13.24,1.99,10.5574784370323,"Bacteria","Pseudomonadota","Gammaproteobacteria","Pseudomonadales","Pseudomonadaceae","Pseudomonas_E","",15,"Socal","EC"
"311",15,29,21,0.00637045915506706,0.0103834782608696,0.187179303913043,6.33693235049378,4.3,1.99,-0.0469323504937842,"Bacteria","Pseudomonadota","Gammaproteobacteria","Pseudomonadales","Pseudomonadaceae","Pseudomonas_E","Pseudomonas_E sp002080045",15,"Socal","EC"
"311",23,29,21,0,1.41534782608696e-05,2.66602173913042e-06,NA,19.37,1.99,NA,"Bacteria","Pseudomonadota","Gammaproteobacteria","Pseudomonadales","Pseudomonadaceae","Pseudomonas_E","Pseudomonas_E sp002080045",15,"Socal","EC"
"311",28,29,21,0.0331736324173042,0.0526830434782609,0.802115739130435,9.59875418278347,19.86,1.99,12.2512458172165,"Bacteria","Pseudomonadota","Gammaproteobacteria","Pseudomonadales","Pseudomonadaceae","Pseudomonas_E","Pseudomonas_E sp002080045",15,"Socal","EC"
"311",33,29,21,0,0.00596847826086956,0.0971005939130435,9.56356807080597,12.08,1.99,4.50643192919402,"Bacteria","Pseudomonadota","Gammaproteobacteria","Pseudomonadales","Pseudomonadaceae","Pseudomonas_E","Pseudomonas_E sp002080045",15,"Socal","EC"
"311",38,29,21,0,0.00114349130434783,0.0197797491956522,6.03390737148969,16.06,1.99,12.0160926285103,"Bacteria","Pseudomonadota","Gammaproteobacteria","Pseudomonadales","Pseudomonadaceae","Pseudomonas_E","Pseudomonas_E sp002080045",15,"Socal","EC"
"311",43,29,21,0,0.00359286956521739,0.0292892193478261,-0.918149107397099,19.53,1.99,22.4381491073971,"Bacteria","Pseudomonadota","Gammaproteobacteria","Pseudomonadales","Pseudomonadaceae","Pseudomonas_E","Pseudomonas_E sp002080045",15,"Socal","EC"
"312",15,29,21,0,0.00217878260869565,0.0393919417391304,6.35171528676552,4.3,1.99,-0.0617152867655202,"Bacteria","Pseudomonadota","Gammaproteobacteria","Pseudomonadales","Pseudomonadaceae","Stutzerimonas","",15,"Socal","AB"
"312",23,29,21,0,0,0,NA,4.3,1.99,NA,"Bacteria","Pseudomonadota","Gammaproteobacteria","Pseudomonadales","Pseudomonadaceae","Stutzerimonas","",15,"Socal","AB"
"312",28,29,21,0,0.0004676,0.0057305238226087,4.47490529969498,9.27,1.99,6.78509470030502,"Bacteria","Pseudomonadota","Gammaproteobacteria","Pseudomonadales","Pseudomonadaceae","Stutzerimonas","",15,"Socal","AB"
"312",33,29,21,0,0.00137278695652174,0.0180915166304348,-3.60399772122878,19.7,1.99,25.2939977212288,"Bacteria","Pseudomonadota","Gammaproteobacteria","Pseudomonadales","Pseudomonadaceae","Stutzerimonas","",15,"Socal","AB"
"312",38,29,21,0,1.04e-05,4.27431652173922e-05,50.0282540254026,14.57,1.99,-33.4682540254026,"Bacteria","Pseudomonadota","Gammaproteobacteria","Pseudomonadales","Pseudomonadaceae","Stutzerimonas","",15,"Socal","AB"
"312",43,29,21,0,0,0,NA,NA,1.99,NA,"Bacteria","Pseudomonadota","Gammaproteobacteria","Pseudomonadales","Pseudomonadaceae","Stutzerimonas","",15,"Socal","AB"
"313",15,29,21,0,5.55866956521739e-05,0.000452267933695654,1.82,4.8,1.99,4.97,"Bacteria","Pseudomonadota","Gammaproteobacteria","Enterobacterales","Enterobacteriaceae","Siccibacter","Siccibacter colletis",15,"Socal","AB"
"313",23,29,21,0,0,0,NA,NA,1.99,NA,"Bacteria","Pseudomonadota","Gammaproteobacteria","Enterobacterales","Enterobacteriaceae","Siccibacter","Siccibacter colletis",15,"Socal","AB"
"313",28,29,21,0,0,0,NA,NA,1.99,NA,"Bacteria","Pseudomonadota","Gammaproteobacteria","Enterobacterales","Enterobacteriaceae","Siccibacter","Siccibacter colletis",15,"Socal","AB"
"313",33,29,21,0,0.00140326086956522,0.0149082865913043,4.02018977116322,7.28,1.99,5.24981022883678,"Bacteria","Pseudomonadota","Gammaproteobacteria","Enterobacterales","Enterobacteriaceae","Siccibacter","Siccibacter colletis",15,"Socal","AB"
"313",38,29,21,0,0.0093274347826087,0.168962786086957,5.62430663366727,15.72,1.99,12.0856933663327,"Bacteria","Pseudomonadota","Gammaproteobacteria","Enterobacterales","Enterobacteriaceae","Siccibacter","Siccibacter colletis",15,"Socal","AB"
"313",43,29,21,0,0.00176647826086957,0.0117242448913043,78.7823121842689,5.79,1.99,-71.0023121842689,"Bacteria","Pseudomonadota","Gammaproteobacteria","Enterobacterales","Enterobacteriaceae","Siccibacter","Siccibacter colletis",15,"Socal","AB"
"314",15,29,21,0.264363061176115,0.103958695652174,0.421744732652174,6.13535814328327,4.3,1.99,0.154641856716728,"Bacteria","Pseudomonadota","Gammaproteobacteria","Pseudomonadales","Pseudomonadaceae","Pseudomonas_E","",15,"Socal","AB"
"314",23,29,21,0.377893039337432,0.169860869565217,1.66755874123913,10.9348678223359,10.92,1.99,1.97513217766414,"Bacteria","Pseudomonadota","Gammaproteobacteria","Pseudomonadales","Pseudomonadaceae","Pseudomonas_E","",15,"Socal","AB"
"314",28,29,21,0.407564730442045,0.158226086956522,1.98924026956522,5.48501258657508,6.12,1.99,2.62498741342492,"Bacteria","Pseudomonadota","Gammaproteobacteria","Pseudomonadales","Pseudomonadaceae","Pseudomonas_E","",15,"Socal","AB"
"314",33,29,21,0.391378856629197,0.0886,1.16930585173913,4.5610037376071,4.3,1.99,1.7289962623929,"Bacteria","Pseudomonadota","Gammaproteobacteria","Pseudomonadales","Pseudomonadaceae","Pseudomonas_E","",15,"Socal","AB"
"314",38,29,21,0,0.004346,0.0736416773913044,4.85278560120492,4.3,1.99,1.43721439879508,"Bacteria","Pseudomonadota","Gammaproteobacteria","Pseudomonadales","Pseudomonadaceae","Pseudomonas_E","",15,"Socal","AB"
"314",43,29,21,0,0.00438378260869565,0.0665611889130435,4.45172332226042,19.86,1.99,17.3982766777396,"Bacteria","Pseudomonadota","Gammaproteobacteria","Pseudomonadales","Pseudomonadaceae","Pseudomonas_E","",15,"Socal","AB"
"315",15,29,21,0.340420744955867,0.155869565217391,0.655691760217391,6.94091657198145,4.3,1.99,-0.650916571981454,"Bacteria","Pseudomonadota","Gammaproteobacteria","Pseudomonadales","Pseudomonadaceae","Pseudomonas_E","",15,"Socal","AB"
"315",23,29,21,0.425057037608056,0.167821739130435,1.47311785606522,8.21368167248814,4.3,1.99,-1.92368167248814,"Bacteria","Pseudomonadota","Gammaproteobacteria","Pseudomonadales","Pseudomonadaceae","Pseudomonas_E","",15,"Socal","AB"
"315",28,29,21,0.334132190672953,0.132065217391304,1.90749481913044,5.29631307268211,5.79,1.99,2.48368692731789,"Bacteria","Pseudomonadota","Gammaproteobacteria","Pseudomonadales","Pseudomonadaceae","Pseudomonas_E","",15,"Socal","AB"
"315",33,29,21,0.425917411619573,0.15385652173913,1.60357524304348,4.67324743986396,4.8,1.99,2.11675256013604,"Bacteria","Pseudomonadota","Gammaproteobacteria","Pseudomonadales","Pseudomonadaceae","Pseudomonas_E","",15,"Socal","AB"
"315",38,29,21,0,0.00544939130434783,0.0999207643478261,5.10291033135443,4.3,1.99,1.18708966864557,"Bacteria","Pseudomonadota","Gammaproteobacteria","Pseudomonadales","Pseudomonadaceae","Pseudomonas_E","",15,"Socal","AB"
"315",43,29,21,0,0.00190160869565217,0.0160147919565217,-27.2427487328071,12.74,1.99,41.9727487328071,"Bacteria","Pseudomonadota","Gammaproteobacteria","Pseudomonadales","Pseudomonadaceae","Pseudomonas_E","",15,"Socal","AB"
"316",15,29,21,0.294488997866448,0.139050434782609,0.593667226608696,6.46295745981482,4.3,1.99,-0.172957459814823,"Bacteria","Pseudomonadota","Gammaproteobacteria","Pseudomonadales","Pseudomonadaceae","Pseudomonas_E","",15,"Socal","AB"
"316",23,29,21,0.41803295398564,0.165,1.49542827156522,9.20244653216412,4.3,1.99,-2.91244653216412,"Bacteria","Pseudomonadota","Gammaproteobacteria","Pseudomonadales","Pseudomonadaceae","Pseudomonas_E","",15,"Socal","AB"
"316",28,29,21,0.415169203637425,0.10685652173913,1.48355596521739,5.29490028012166,5.46,1.99,2.15509971987834,"Bacteria","Pseudomonadota","Gammaproteobacteria","Pseudomonadales","Pseudomonadaceae","Pseudomonas_E","",15,"Socal","AB"
"316",33,29,21,0.415090083131462,0.131360869565217,1.34470409782609,4.62003723999215,4.63,1.99,1.99996276000785,"Bacteria","Pseudomonadota","Gammaproteobacteria","Pseudomonadales","Pseudomonadaceae","Pseudomonas_E","",15,"Socal","AB"
"316",38,29,21,0,0.00284460869565217,0.0501044773043478,4.94054413876274,4.3,1.99,1.34945586123726,"Bacteria","Pseudomonadota","Gammaproteobacteria","Pseudomonadales","Pseudomonadaceae","Pseudomonas_E","",15,"Socal","AB"
"316",43,29,21,0,0.0043624347826087,0.0378845247826087,-7.47444835747606,15.89,1.99,25.3544483574761,"Bacteria","Pseudomonadota","Gammaproteobacteria","Pseudomonadales","Pseudomonadaceae","Pseudomonas_E","",15,"Socal","AB"
"317",13,29,21,0,0.00220092456521739,0.00259782018641304,-0.825,14.15,1.99,16.965,"Bacteria","Pseudomonadota","Gammaproteobacteria","Enterobacterales","Enterobacteriaceae","Mixta","",15,"Socal","DC"
"317",15,29,21,0,0.00438791304347826,0.0397466333478261,7.28194658055831,4.3,1.99,-0.991946580558307,"Bacteria","Pseudomonadota","Gammaproteobacteria","Enterobacterales","Enterobacteriaceae","Mixta","",15,"Socal","DC"
"317",19,29,21,0.266262829674041,0.0913769565217391,0.349634087806522,4.49485452406705,7.28,1.99,4.77514547593295,"Bacteria","Pseudomonadota","Gammaproteobacteria","Enterobacterales","Enterobacteriaceae","Mixta","",15,"Socal","DC"
"317",21,29,21,0.451038789753685,0.100537391304348,0.538429134313044,0.215562139978013,6.79,1.99,8.56443786002199,"Bacteria","Pseudomonadota","Gammaproteobacteria","Enterobacterales","Enterobacteriaceae","Mixta","",15,"Socal","DC"
"317",23,29,21,0.351682579802567,0.127752173913043,0.85190591773913,6.45448004659026,4.3,1.99,-0.164480046590259,"Bacteria","Pseudomonadota","Gammaproteobacteria","Enterobacterales","Enterobacteriaceae","Mixta","",15,"Socal","DC"
"317",28,29,21,0.499509781237701,0.208030434782609,1.89726856693478,4.34132669240897,5.13,1.99,2.77867330759103,"Bacteria","Pseudomonadota","Gammaproteobacteria","Enterobacterales","Enterobacteriaceae","Mixta","",15,"Socal","DC"
"317",33,29,21,0.631155136014346,0.2107,2.40913011933913,5.6074067339732,4.3,1.99,0.6825932660268,"Bacteria","Pseudomonadota","Gammaproteobacteria","Enterobacterales","Enterobacteriaceae","Mixta","",15,"Socal","DC"
"317",35,29,21,0.545981761921216,0.224062065217391,1.57694889896021,7.12536553563547,4.3,1.99,-0.835365535635462,"Bacteria","Pseudomonadota","Gammaproteobacteria","Enterobacterales","Enterobacteriaceae","Mixta","",15,"Socal","DC"
"317",37,29,21,0.382758608626581,0.19519673626087,2.8747359846163,5.078842864017,4.3,1.99,1.211157135983,"Bacteria","Pseudomonadota","Gammaproteobacteria","Enterobacterales","Enterobacteriaceae","Mixta","",15,"Socal","DC"
"317",38,29,21,0.59572627881199,0.19805652173913,1.22392525757609,7.7841358618375,11.75,1.99,5.9558641381625,"Bacteria","Pseudomonadota","Gammaproteobacteria","Enterobacterales","Enterobacteriaceae","Mixta","",15,"Socal","DC"
"317",40,29,21,0.496644946484246,0.176586775043478,0.873680972975978,6.27167933513849,8.355,1.99,4.07332066486151,"Bacteria","Pseudomonadota","Gammaproteobacteria","Enterobacterales","Enterobacteriaceae","Mixta","",15,"Socal","DC"
"317",42,29,21,0.367684840592336,0.127939204173913,0.607407263303913,5.76075619575293,4.3,1.99,0.529243804247069,"Bacteria","Pseudomonadota","Gammaproteobacteria","Enterobacterales","Enterobacteriaceae","Mixta","",15,"Socal","DC"
"317",43,29,21,0,0.00131886956521739,0.00844323619565217,7.50085371785064,17.54,1.99,12.0291462821494,"Bacteria","Pseudomonadota","Gammaproteobacteria","Enterobacterales","Enterobacteriaceae","Mixta","",15,"Socal","DC"
"318",13,29,21,0.154499117905886,0.0347119565217392,0.260833128880435,8.97530903944515,11.17,1.99,4.18469096055486,"Bacteria","Pseudomonadota","Gammaproteobacteria","Enterobacterales","Enterobacteriaceae","Enterobacter","Enterobacter hormaechei_A",15,"Socal","DC"
"318",15,29,21,0.250730794736989,0.175726086956522,1.18083141065217,6.28295933317382,4.3,1.99,0.00704066682618176,"Bacteria","Pseudomonadota","Gammaproteobacteria","Enterobacterales","Enterobacteriaceae","Enterobacter","Enterobacter hormaechei_A",15,"Socal","DC"
"318",19,29,21,0.401341708484541,0.214147826086957,1.71652090530435,4.68862507655542,5.46,1.99,2.76137492344458,"Bacteria","Pseudomonadota","Gammaproteobacteria","Enterobacterales","Enterobacteriaceae","Enterobacter","Enterobacter hormaechei_A",15,"Socal","DC"
"318",21,29,21,0.50076741432301,0.188060869565217,1.49897631134783,4.3072723648367,5.13,1.99,2.8127276351633,"Bacteria","Pseudomonadota","Gammaproteobacteria","Enterobacterales","Enterobacteriaceae","Enterobacter","Enterobacter hormaechei_A",15,"Socal","DC"
"318",23,29,21,0.46975080417399,0.350686956521739,3.7212528523913,4.74594704482756,4.3,1.99,1.54405295517244,"Bacteria","Pseudomonadota","Gammaproteobacteria","Enterobacterales","Enterobacteriaceae","Enterobacter","Enterobacter hormaechei_A",15,"Socal","DC"
"318",28,29,21,0.412882746035564,0.284791304347826,3.76155137521739,5.26641842310521,4.3,1.99,1.02358157689479,"Bacteria","Pseudomonadota","Gammaproteobacteria","Enterobacterales","Enterobacteriaceae","Enterobacter","Enterobacter hormaechei_A",15,"Socal","DC"
"318",33,29,21,0.463291836034752,0.324026086956522,4.60887414826087,5.84183950134402,4.3,1.99,0.448160498655977,"Bacteria","Pseudomonadota","Gammaproteobacteria","Enterobacterales","Enterobacteriaceae","Enterobacter","Enterobacter hormaechei_A",15,"Socal","DC"
"318",35,29,21,0.503734278192899,0.300011739130435,3.99112155109543,5.108737061431,4.3,1.99,1.181262938569,"Bacteria","Pseudomonadota","Gammaproteobacteria","Enterobacterales","Enterobacteriaceae","Enterobacter","Enterobacter hormaechei_A",15,"Socal","DC"
"318",37,29,21,0.368633756107566,0.30755231926087,4.61646902858674,5.41284749502139,4.3,1.99,0.877152504978613,"Bacteria","Pseudomonadota","Gammaproteobacteria","Enterobacterales","Enterobacteriaceae","Enterobacter","Enterobacter hormaechei_A",15,"Socal","DC"
"318",38,29,21,0.568559640920011,0.307678260869565,4.19870428826087,5.04648971236429,4.3,1.99,1.24351028763571,"Bacteria","Pseudomonadota","Gammaproteobacteria","Enterobacterales","Enterobacteriaceae","Enterobacter","Enterobacter hormaechei_A",15,"Socal","DC"
"318",40,29,21,0.409586934693675,0.207610688086956,2.52149461913054,5.24680923995479,4.88,1.99,1.62319076004521,"Bacteria","Pseudomonadota","Gammaproteobacteria","Enterobacterales","Enterobacteriaceae","Enterobacter","Enterobacter hormaechei_A",15,"Socal","DC"
"318",42,29,21,0.0930170064810237,0.0216392025217391,0.202329375511957,10.4501760453181,19.03,1.99,10.5698239546819,"Bacteria","Pseudomonadota","Gammaproteobacteria","Enterobacterales","Enterobacteriaceae","Enterobacter","Enterobacter hormaechei_A",15,"Socal","DC"
"318",43,29,21,0.00976703471267582,0.0116669565217391,0.178956505217391,41.7392204080783,9.6,1.99,-30.1492204080783,"Bacteria","Pseudomonadota","Gammaproteobacteria","Enterobacterales","Enterobacteriaceae","Enterobacter","Enterobacter hormaechei_A",15,"Socal","DC"
"319",15,29,21,0,0.00463139130434783,0.057263009,6.54779893137289,4.3,1.99,-0.257798931372891,"Bacteria","Pseudomonadota","Gammaproteobacteria","Pseudomonadales","Pseudomonadaceae","Pseudomonas_E","Pseudomonas_E argentinensis_B",15,"Socal","DC"
"319",23,29,21,0,0.0120329130434783,0.0305990650608695,-0.33,12.41,1.99,14.73,"Bacteria","Pseudomonadota","Gammaproteobacteria","Pseudomonadales","Pseudomonadaceae","Pseudomonas_E","Pseudomonas_E argentinensis_B",15,"Socal","DC"
"319",28,29,21,0.322033991007216,0.11897,0.734682978260869,4.90698362699871,7.28,1.99,4.36301637300129,"Bacteria","Pseudomonadota","Gammaproteobacteria","Pseudomonadales","Pseudomonadaceae","Pseudomonas_E","Pseudomonas_E argentinensis_B",15,"Socal","DC"
"319",33,29,21,0.318686440222255,0.120273913043478,0.947923192,4.72421661732019,4.3,1.99,1.56578338267981,"Bacteria","Pseudomonadota","Gammaproteobacteria","Pseudomonadales","Pseudomonadaceae","Pseudomonas_E","Pseudomonas_E argentinensis_B",15,"Socal","DC"
"319",38,29,21,0,0.00371526086956522,0.0567617688043478,4.83053623986477,4.3,1.99,1.45946376013523,"Bacteria","Pseudomonadota","Gammaproteobacteria","Pseudomonadales","Pseudomonadaceae","Pseudomonas_E","Pseudomonas_E argentinensis_B",15,"Socal","DC"
"319",43,29,21,0,0.00129717391304348,0.012005512173913,-42.1505273231655,14.57,1.99,58.7105273231655,"Bacteria","Pseudomonadota","Gammaproteobacteria","Pseudomonadales","Pseudomonadaceae","Pseudomonas_E","Pseudomonas_E argentinensis_B",15,"Socal","DC"
"320",13,29,21,0,0.0124275652173913,0.0546259922695652,-0.330000000000001,11.585,1.99,13.905,"Bacteria","Pseudomonadota","Gammaproteobacteria","Enterobacterales","Enterobacteriaceae","Enterobacter","Enterobacter hormaechei_A",15,"Socal","DC"
"320",15,29,21,0.189300574341423,0.134828695652174,0.872634357173913,11.9091092709561,13.9,1.99,3.98089072904391,"Bacteria","Pseudomonadota","Gammaproteobacteria","Enterobacterales","Enterobacteriaceae","Enterobacter","Enterobacter hormaechei_A",15,"Socal","DC"
"320",23,29,21,0.456572011606445,0.23624347826087,2.58289056652174,4.52901909164345,5.46,1.99,2.92098090835655,"Bacteria","Pseudomonadota","Gammaproteobacteria","Enterobacterales","Enterobacteriaceae","Enterobacter","Enterobacter hormaechei_A",15,"Socal","DC"
"320",28,29,21,0.445083865807226,0.30145652173913,3.67515328217391,5.47778543561669,4.3,1.99,0.812214564383308,"Bacteria","Pseudomonadota","Gammaproteobacteria","Enterobacterales","Enterobacteriaceae","Enterobacter","Enterobacter hormaechei_A",15,"Socal","DC"
"320",33,29,21,0.508893240856568,0.305578260869565,4.34011379434783,5.95321836898488,4.3,1.99,0.336781631015123,"Bacteria","Pseudomonadota","Gammaproteobacteria","Enterobacterales","Enterobacteriaceae","Enterobacter","Enterobacter hormaechei_A",15,"Socal","DC"
"320",35,29,21,0.528657742968456,0.19304644926087,1.89183046532913,4.71848818645578,4.3,1.99,1.57151181354421,"Bacteria","Pseudomonadota","Gammaproteobacteria","Enterobacterales","Enterobacteriaceae","Enterobacter","Enterobacter hormaechei_A",15,"Socal","DC"
"320",37,29,21,0.353018410456095,0.196566013173913,3.01946109405022,5.61569821238059,4.3,1.99,0.674301787619405,"Bacteria","Pseudomonadota","Gammaproteobacteria","Enterobacterales","Enterobacteriaceae","Enterobacter","Enterobacter hormaechei_A",15,"Socal","DC"
"320",38,29,21,0.606444055011541,0.273578260869565,3.60327158456522,5.17375318109643,4.3,1.99,1.11624681890357,"Bacteria","Pseudomonadota","Gammaproteobacteria","Enterobacterales","Enterobacteriaceae","Enterobacter","Enterobacter hormaechei_A",15,"Socal","DC"
"320",40,29,21,0.432502588415676,0.161304167065217,0.694307246517935,7.27353196997087,9.845,1.99,4.56146803002913,"Bacteria","Pseudomonadota","Gammaproteobacteria","Enterobacterales","Enterobacteriaceae","Enterobacter","Enterobacter hormaechei_A",15,"Socal","DC"
"320",42,29,21,0.221211074710982,0.137587028913043,0.54733698660913,15.3612935470889,18.37,1.99,4.99870645291114,"Bacteria","Pseudomonadota","Gammaproteobacteria","Enterobacterales","Enterobacteriaceae","Enterobacter","Enterobacter hormaechei_A",15,"Socal","DC"
"320",43,29,21,0,0.00827508695652174,0.0434058115217391,17.3825354688081,11.42,1.99,-3.97253546880807,"Bacteria","Pseudomonadota","Gammaproteobacteria","Enterobacterales","Enterobacteriaceae","Enterobacter","Enterobacter hormaechei_A",15,"Socal","DC"
"321",13,29,21,0,0.00426236956521739,0.0322910283101087,3.38070233470681,5.545,1.99,4.15429766529319,"Bacteria","Pseudomonadota","Gammaproteobacteria","Enterobacterales","Enterobacteriaceae","Mixta","",15,"Socal","DC"
"321",15,29,21,0,0.0122402173913043,0.107362928369565,12.1183315721644,19.86,1.99,9.73166842783557,"Bacteria","Pseudomonadota","Gammaproteobacteria","Enterobacterales","Enterobacteriaceae","Mixta","",15,"Socal","DC"
"321",19,29,21,0.136986547130834,0.01918,0.164867574652174,5.27166807690619,4.3,1.99,1.01833192309381,"Bacteria","Pseudomonadota","Gammaproteobacteria","Enterobacterales","Enterobacteriaceae","Mixta","",15,"Socal","DC"
"321",23,29,21,0.306576224131587,0.121413043478261,0.947282529391304,8.68099541666866,9.93,1.99,3.23900458333134,"Bacteria","Pseudomonadota","Gammaproteobacteria","Enterobacterales","Enterobacteriaceae","Mixta","",15,"Socal","DC"
"321",28,29,21,0.48231145444654,0.203986956521739,1.94346407695652,3.78432800555399,4.3,1.99,2.50567199444601,"Bacteria","Pseudomonadota","Gammaproteobacteria","Enterobacterales","Enterobacteriaceae","Mixta","",15,"Socal","DC"
"321",33,29,21,0.571657093009797,0.149091304347826,1.75435128228261,3.40491974289012,4.3,1.99,2.88508025710988,"Bacteria","Pseudomonadota","Gammaproteobacteria","Enterobacterales","Enterobacteriaceae","Mixta","",15,"Socal","DC"
"321",37,29,21,0.120252039622848,0.0660132606956522,0.700951824724565,5.24770902350794,4.3,1.99,1.04229097649206,"Bacteria","Pseudomonadota","Gammaproteobacteria","Enterobacterales","Enterobacteriaceae","Mixta","",15,"Socal","DC"
"321",38,29,21,0.591595703960681,0.197695652173913,1.98195854241739,6.61985270692047,7.28,1.99,2.65014729307953,"Bacteria","Pseudomonadota","Gammaproteobacteria","Enterobacterales","Enterobacteriaceae","Mixta","",15,"Socal","DC"
"321",40,29,21,0.0521250924999615,0.0122172104565218,0.157514174098804,10.3508617010021,4.3,1.99,-4.06086170100211,"Bacteria","Pseudomonadota","Gammaproteobacteria","Enterobacterales","Enterobacteriaceae","Mixta","",15,"Socal","DC"
"321",42,29,21,0.0811901048597208,0.0173131157826087,0.195108116561957,6.87221928713798,4.3,1.99,-0.582219287137985,"Bacteria","Pseudomonadota","Gammaproteobacteria","Enterobacterales","Enterobacteriaceae","Mixta","",15,"Socal","DC"
"321",43,29,21,0,0.00752317391304348,0.0539235404347826,4.61953445951826,9.1,1.99,6.47046554048174,"Bacteria","Pseudomonadota","Gammaproteobacteria","Enterobacterales","Enterobacteriaceae","Mixta","",15,"Socal","DC"
"322",15,29,21,0,0.00496617391304348,0.0707818299347826,7.00180085527619,4.3,1.99,-0.711800855276191,"Bacteria","Pseudomonadota","Gammaproteobacteria","Pseudomonadales","Moraxellaceae","Acinetobacter","Acinetobacter pittii_E",15,"Socal","PF"
"322",23,29,21,0.130380198743858,0.0162873913043478,0.222304371304348,4.66498630214251,4.63,1.99,1.95501369785749,"Bacteria","Pseudomonadota","Gammaproteobacteria","Pseudomonadales","Moraxellaceae","Acinetobacter","Acinetobacter pittii_E",15,"Socal","PF"
"322",28,29,21,0,0.00459669565217391,0.0758304822391304,6.73524868132976,4.3,1.99,-0.445248681329763,"Bacteria","Pseudomonadota","Gammaproteobacteria","Pseudomonadales","Moraxellaceae","Acinetobacter","Acinetobacter pittii_E",15,"Socal","PF"
"322",33,29,21,0,0.00436413043478261,0.0501600362521739,0.33,4.3,1.99,5.96,"Bacteria","Pseudomonadota","Gammaproteobacteria","Pseudomonadales","Moraxellaceae","Acinetobacter","Acinetobacter pittii_E",15,"Socal","PF"
"322",38,29,21,0,0.00328504347826087,0.0291771232391304,-0.33,6.95,1.99,9.27,"Bacteria","Pseudomonadota","Gammaproteobacteria","Pseudomonadales","Moraxellaceae","Acinetobacter","Acinetobacter pittii_E",15,"Socal","PF"
"322",43,29,21,0,3.26086956521739e-06,1.24076086956522e-05,1.99351798692623,4.3,1.99,4.29648201307377,"Bacteria","Pseudomonadota","Gammaproteobacteria","Pseudomonadales","Moraxellaceae","Acinetobacter","Acinetobacter pittii_E",15,"Socal","PF"
"323",15,29,21,0.230082905333732,0.0847386956521739,0.410687468217391,12.1504510151029,14.73,1.99,4.56954898489712,"Bacteria","Pseudomonadota","Gammaproteobacteria","Pseudomonadales","Pseudomonadaceae","Pseudomonas_E","Pseudomonas_E fluorescens_AO",15,"Socal","PF"
"323",23,29,21,0.488080236708549,0.133639130434783,1.27040618927826,9.16550689443699,4.63,1.99,-2.54550689443699,"Bacteria","Pseudomonadota","Gammaproteobacteria","Pseudomonadales","Pseudomonadaceae","Pseudomonas_E","Pseudomonas_E fluorescens_AO",15,"Socal","PF"
"323",28,29,21,0.389069162123696,0.0972621739130435,1.25196890652174,3.94739239177576,4.63,1.99,2.67260760822424,"Bacteria","Pseudomonadota","Gammaproteobacteria","Pseudomonadales","Pseudomonadaceae","Pseudomonas_E","Pseudomonas_E fluorescens_AO",15,"Socal","PF"
"323",33,29,21,0.293551442905122,0.0875752173913043,1.11675413978261,5.25810799771965,5.46,1.99,2.19189200228035,"Bacteria","Pseudomonadota","Gammaproteobacteria","Pseudomonadales","Pseudomonadaceae","Pseudomonas_E","Pseudomonas_E fluorescens_AO",15,"Socal","PF"
"323",38,29,21,0,0.00331917391304348,0.0605572208695652,8.52868476000636,4.3,1.99,-2.23868476000636,"Bacteria","Pseudomonadota","Gammaproteobacteria","Pseudomonadales","Pseudomonadaceae","Pseudomonas_E","Pseudomonas_E fluorescens_AO",15,"Socal","PF"
"323",43,29,21,0.0179606802134923,0.0186717391304348,0.333019423913044,4.13623825748493,14.73,1.99,12.5837617425151,"Bacteria","Pseudomonadota","Gammaproteobacteria","Pseudomonadales","Pseudomonadaceae","Pseudomonas_E","Pseudomonas_E fluorescens_AO",15,"Socal","PF"
"324",15,29,21,0,0.00392269565217391,0.0364260390434783,15.728931652272,18.21,1.99,4.47106834772799,"Bacteria","Pseudomonadota","Gammaproteobacteria","Enterobacterales","Enterobacteriaceae","Pantoea","Pantoea brenneri",15,"Socal","PF"
"324",19,29,21,0.261543003864371,0.173473913043478,1.61474975108696,5.44109423491453,7.94,1.99,4.48890576508547,"Bacteria","Pseudomonadota","Gammaproteobacteria","Enterobacterales","Enterobacteriaceae","Pantoea","Pantoea brenneri",15,"Socal","PF"
"324",21,29,21,0.392320306845452,0.121204347826087,1.02475935991304,4.88824076772859,5.13,1.99,2.23175923227141,"Bacteria","Pseudomonadota","Gammaproteobacteria","Enterobacterales","Enterobacteriaceae","Pantoea","Pantoea brenneri",15,"Socal","PF"
"324",23,29,21,0,0,0,NA,4.3,1.99,NA,"Bacteria","Pseudomonadota","Gammaproteobacteria","Enterobacterales","Enterobacteriaceae","Pantoea","Pantoea brenneri",15,"Socal","PF"
"324",28,29,21,0.519249269743647,0.144969565217391,0.8237414,7.50025896133446,12.08,1.99,6.56974103866554,"Bacteria","Pseudomonadota","Gammaproteobacteria","Enterobacterales","Enterobacteriaceae","Pantoea","Pantoea brenneri",15,"Socal","PF"
"324",33,29,21,0,0.0205775652173913,0.0921472685869565,10.4485937796378,19.86,1.99,11.4014062203621,"Bacteria","Pseudomonadota","Gammaproteobacteria","Enterobacterales","Enterobacteriaceae","Pantoea","Pantoea brenneri",15,"Socal","PF"
"324",35,29,21,0.268060590104445,0.041188152173913,0.153498761312826,10.509991324942,19.86,1.99,11.340008675058,"Bacteria","Pseudomonadota","Gammaproteobacteria","Enterobacterales","Enterobacteriaceae","Pantoea","Pantoea brenneri",15,"Socal","PF"
"324",37,29,21,0.413851646597367,0.26405565226087,3.49326817727652,5.701074478117,4.3,1.99,0.588925521883002,"Bacteria","Pseudomonadota","Gammaproteobacteria","Enterobacterales","Enterobacteriaceae","Pantoea","Pantoea brenneri",15,"Socal","PF"
"324",38,29,21,0,0.000324963043478261,0.00366833540086957,6.05178658115747,4.3,1.99,0.23821341884253,"Bacteria","Pseudomonadota","Gammaproteobacteria","Enterobacterales","Enterobacteriaceae","Pantoea","Pantoea brenneri",15,"Socal","PF"
"324",40,29,21,0.0113508610167902,0.00629380393478263,0.0617661406428262,5.72778222558209,11.17,1.99,7.4322177744179,"Bacteria","Pseudomonadota","Gammaproteobacteria","Enterobacterales","Enterobacteriaceae","Pantoea","Pantoea brenneri",15,"Socal","PF"
"324",42,29,21,0,0.00682608656521739,0.0715601036610869,105.631125988161,4.3,1.99,-99.341125988161,"Bacteria","Pseudomonadota","Gammaproteobacteria","Enterobacterales","Enterobacteriaceae","Pantoea","Pantoea brenneri",15,"Socal","PF"
"324",43,29,21,0,0.000877065217391304,0.00123069793478261,-0.247085383478115,16.22,1.99,18.4570853834781,"Bacteria","Pseudomonadota","Gammaproteobacteria","Enterobacterales","Enterobacteriaceae","Pantoea","Pantoea brenneri",15,"Socal","PF"
"325",15,29,21,0.334611443895104,0.112200434782609,0.44678609796087,9.87253629209293,18.37,1.99,10.4874637079071,"Bacteria","Pseudomonadota","Gammaproteobacteria","Pseudomonadales","Pseudomonadaceae","Pseudomonas_E","Pseudomonas_E fluorescens_AO",15,"Socal","PF"
"325",23,29,21,0.546052188144544,0.138447826086957,1.31713124291304,6.05054757511868,4.63,1.99,0.569452424881325,"Bacteria","Pseudomonadota","Gammaproteobacteria","Pseudomonadales","Pseudomonadaceae","Pseudomonas_E","Pseudomonas_E fluorescens_AO",15,"Socal","PF"
"325",28,29,21,0.506591460706364,0.248760869565217,2.89643509782609,5.08517295350038,5.46,1.99,2.36482704649963,"Bacteria","Pseudomonadota","Gammaproteobacteria","Pseudomonadales","Pseudomonadaceae","Pseudomonas_E","Pseudomonas_E fluorescens_AO",15,"Socal","PF"
"325",33,29,21,0.278505913284877,0.187726086956522,1.68350870065217,6.85951244014798,7.28,1.99,2.41048755985202,"Bacteria","Pseudomonadota","Gammaproteobacteria","Pseudomonadales","Pseudomonadaceae","Pseudomonas_E","Pseudomonas_E fluorescens_AO",15,"Socal","PF"
"325",38,29,21,0,0.00710517391304348,0.0973959817391304,22.0323975704899,4.3,1.99,-15.7423975704899,"Bacteria","Pseudomonadota","Gammaproteobacteria","Pseudomonadales","Pseudomonadaceae","Pseudomonas_E","Pseudomonas_E fluorescens_AO",15,"Socal","PF"
"325",43,29,21,0.0225220160889673,0.0168969565217391,0.266776958695652,4.4919818912382,16.06,1.99,13.5580181087618,"Bacteria","Pseudomonadota","Gammaproteobacteria","Pseudomonadales","Pseudomonadaceae","Pseudomonas_E","Pseudomonas_E fluorescens_AO",15,"Socal","PF"
"326",15,29,21,0.343194214151396,0.134908695652174,0.595313606086956,11.6662835789732,17.54,1.99,7.86371642102676,"Bacteria","Pseudomonadota","Gammaproteobacteria","Pseudomonadales","Pseudomonadaceae","Pseudomonas_E","Pseudomonas_E fluorescens_AO",15,"Socal","PF"
"326",23,29,21,0.352854510311284,0.119160869565217,1.17427826869565,6.82514622782932,7.94,1.99,3.10485377217068,"Bacteria","Pseudomonadota","Gammaproteobacteria","Pseudomonadales","Pseudomonadaceae","Pseudomonas_E","Pseudomonas_E fluorescens_AO",15,"Socal","PF"
"326",28,29,21,0.427162444531539,0.243952173913043,3.15767263565217,5.876157381786,6.12,1.99,2.233842618214,"Bacteria","Pseudomonadota","Gammaproteobacteria","Pseudomonadales","Pseudomonadaceae","Pseudomonas_E","Pseudomonas_E fluorescens_AO",15,"Socal","PF"
"326",33,29,21,0.297868446598756,0.196404347826087,1.82526692021739,4.97611170822528,5.13,1.99,2.14388829177472,"Bacteria","Pseudomonadota","Gammaproteobacteria","Pseudomonadales","Pseudomonadaceae","Pseudomonas_E","Pseudomonas_E fluorescens_AO",15,"Socal","PF"
"326",38,29,21,0,0.00603017391304348,0.106980133913043,4.58455240946124,4.3,1.99,1.70544759053876,"Bacteria","Pseudomonadota","Gammaproteobacteria","Pseudomonadales","Pseudomonadaceae","Pseudomonas_E","Pseudomonas_E fluorescens_AO",15,"Socal","PF"
"326",43,29,21,0,0.00906260869565217,0.0882450776086957,14.0781643774707,17.54,1.99,5.45183562252929,"Bacteria","Pseudomonadota","Gammaproteobacteria","Pseudomonadales","Pseudomonadaceae","Pseudomonas_E","Pseudomonas_E fluorescens_AO",15,"Socal","PF"
"327",15,29,21,0.251863845008371,0.0823791304347826,0.603027753695652,6.73761921982684,4.3,1.99,-0.44761921982684,"Bacteria","Pseudomonadota","Gammaproteobacteria","Pseudomonadales","Pseudomonadaceae","Pseudomonas_E","",15,"Socal","PF"
"327",23,29,21,0.309741481620346,0.147704347826087,1.82073828086956,9.6535844373741,9.6,1.99,1.9364155626259,"Bacteria","Pseudomonadota","Gammaproteobacteria","Pseudomonadales","Pseudomonadaceae","Pseudomonas_E","",15,"Socal","PF"
"327",28,29,21,0.302524144015178,0.101552173913043,1.14233467391304,4.50558058351674,4.63,1.99,2.11441941648326,"Bacteria","Pseudomonadota","Gammaproteobacteria","Pseudomonadales","Pseudomonadaceae","Pseudomonas_E","",15,"Socal","PF"
"327",33,29,21,0.383489451396362,0.108773913043478,0.985887544130435,6.01503032174015,6.12,1.99,2.09496967825985,"Bacteria","Pseudomonadota","Gammaproteobacteria","Pseudomonadales","Pseudomonadaceae","Pseudomonas_E","",15,"Socal","PF"
"327",38,29,21,0,0.00396821739130435,0.0630204382608696,4.40527793216059,5.13,1.99,2.71472206783941,"Bacteria","Pseudomonadota","Gammaproteobacteria","Pseudomonadales","Pseudomonadaceae","Pseudomonas_E","",15,"Socal","PF"
"327",43,29,21,0,0.000312065217391304,0.000320080978260869,2.8453535599827,17.21,1.99,16.3546464400173,"Bacteria","Pseudomonadota","Gammaproteobacteria","Pseudomonadales","Pseudomonadaceae","Pseudomonas_E","",15,"Socal","PF"
"329",13,29,21,0,0.00261393478260869,0.0059416521576087,2.55231884212971,8.525,1.99,7.9626811578703,"Bacteria","Pseudomonadota","Gammaproteobacteria","Enterobacterales","Enterobacteriaceae","Mixta","",15,"Socal","PF"
"329",15,29,21,0,0.00978939130434783,0.105660704347826,7.56520196305047,4.3,1.99,-1.27520196305047,"Bacteria","Pseudomonadota","Gammaproteobacteria","Enterobacterales","Enterobacteriaceae","Mixta","",15,"Socal","PF"
"329",19,29,21,0.262910198881614,0.0493930434782609,0.103733223302174,2.58479263257329,8.11,1.99,7.51520736742671,"Bacteria","Pseudomonadota","Gammaproteobacteria","Enterobacterales","Enterobacteriaceae","Mixta","",15,"Socal","PF"
"329",21,29,21,0.474577184014295,0.069874347826087,0.108239649217391,-0.33,10.59,1.99,12.91,"Bacteria","Pseudomonadota","Gammaproteobacteria","Enterobacterales","Enterobacteriaceae","Mixta","",15,"Socal","PF"
"329",23,29,21,0.372161090539224,0.109140434782609,0.483280851673913,4.07611646338684,6.29,1.99,4.20388353661316,"Bacteria","Pseudomonadota","Gammaproteobacteria","Enterobacterales","Enterobacteriaceae","Mixta","",15,"Socal","PF"
"329",28,29,21,0.442367445572888,0.168317391304348,1.32157764717391,4.73149073088774,7.94,1.99,5.19850926911226,"Bacteria","Pseudomonadota","Gammaproteobacteria","Enterobacterales","Enterobacteriaceae","Mixta","",15,"Socal","PF"
"329",33,29,21,0.575819920270986,0.19935652173913,1.99830598348913,6.04911010739526,6.62,1.99,2.56088989260474,"Bacteria","Pseudomonadota","Gammaproteobacteria","Enterobacterales","Enterobacteriaceae","Mixta","",15,"Socal","PF"
"329",35,29,21,0.429420132294426,0.218849021739131,1.53108394851087,7.56393572943987,7.445,1.99,1.87106427056014,"Bacteria","Pseudomonadota","Gammaproteobacteria","Enterobacterales","Enterobacteriaceae","Mixta","",15,"Socal","PF"
"329",37,29,21,0.32088698364333,0.236861376478261,3.27395409397804,5.61060100930575,4.3,1.99,0.67939899069425,"Bacteria","Pseudomonadota","Gammaproteobacteria","Enterobacterales","Enterobacteriaceae","Mixta","",15,"Socal","PF"
"329",38,29,21,0.606459960409703,0.17529347826087,0.418526847456522,5.70502438375246,16.88,1.99,13.1649756162475,"Bacteria","Pseudomonadota","Gammaproteobacteria","Enterobacterales","Enterobacteriaceae","Mixta","",15,"Socal","PF"
"329",40,29,21,0,0.0149367744347826,0.0527799669857609,5.03686913144335,17.875,1.99,14.8281308685567,"Bacteria","Pseudomonadota","Gammaproteobacteria","Enterobacterales","Enterobacteriaceae","Mixta","",15,"Socal","PF"
"329",42,29,21,0.148460270091961,0.02044355,0.171052508734783,4.96089204329225,4.3,1.99,1.32910795670775,"Bacteria","Pseudomonadota","Gammaproteobacteria","Enterobacterales","Enterobacteriaceae","Mixta","",15,"Socal","PF"
"329",43,29,21,0,0.00205417391304348,0.000474869130434783,-0.330000000000002,17.21,1.99,19.53,"Bacteria","Pseudomonadota","Gammaproteobacteria","Enterobacterales","Enterobacteriaceae","Mixta","",15,"Socal","PF"
"330",15,29,21,0.164686447253132,0.0278921739130435,0.166488575956522,6.57238040634727,4.3,1.99,-0.282380406347275,"Bacteria","Pseudomonadota","Gammaproteobacteria","Pseudomonadales","Pseudomonadaceae","Pseudomonas_E","",15,"Socal","PF"
"330",23,29,21,0.399648154269611,0.166160869565217,1.38765657857826,8.21403508204887,4.3,1.99,-1.92403508204887,"Bacteria","Pseudomonadota","Gammaproteobacteria","Pseudomonadales","Pseudomonadaceae","Pseudomonas_E","",15,"Socal","PF"
"330",28,29,21,0.30293126149313,0.118578260869565,1.23752851934783,5.26312154899393,5.46,1.99,2.18687845100607,"Bacteria","Pseudomonadota","Gammaproteobacteria","Pseudomonadales","Pseudomonadaceae","Pseudomonas_E","",15,"Socal","PF"
"330",33,29,21,0.313467817467287,0.0751121739130435,0.767926350652174,6.54465402435027,6.95,1.99,2.39534597564973,"Bacteria","Pseudomonadota","Gammaproteobacteria","Pseudomonadales","Pseudomonadaceae","Pseudomonas_E","",15,"Socal","PF"
"330",38,29,21,0,0.00266386956521739,0.0407001250217391,5.33711726599789,5.63,1.99,2.28288273400211,"Bacteria","Pseudomonadota","Gammaproteobacteria","Pseudomonadales","Pseudomonadaceae","Pseudomonas_E","",15,"Socal","PF"
"330",43,29,21,0,0,0,NA,4.3,1.99,NA,"Bacteria","Pseudomonadota","Gammaproteobacteria","Pseudomonadales","Pseudomonadaceae","Pseudomonas_E","",15,"Socal","PF"
"331",15,29,21,0,0.0056835652173913,0.0650413534782609,7.63724965934138,4.3,1.99,-1.34724965934138,"Bacteria","Pseudomonadota","Gammaproteobacteria","Pseudomonadales","Pseudomonadaceae","Pseudomonas_E","",15,"Socal","SJ"
"331",23,29,21,0.195471361391304,0.0363678260869565,0.215818133491304,3.84432213938943,4.97,1.99,3.11567786061057,"Bacteria","Pseudomonadota","Gammaproteobacteria","Pseudomonadales","Pseudomonadaceae","Pseudomonas_E","",15,"Socal","SJ"
"331",28,29,21,0.201512794309158,0.0513352173913043,0.331576501956522,11.0542884677217,13.9,1.99,4.83571153227832,"Bacteria","Pseudomonadota","Gammaproteobacteria","Pseudomonadales","Pseudomonadaceae","Pseudomonas_E","",15,"Socal","SJ"
"331",33,29,21,0,0.00209669565217391,0.0223007765521739,5.64343681914809,4.3,1.99,0.646563180851913,"Bacteria","Pseudomonadota","Gammaproteobacteria","Pseudomonadales","Pseudomonadaceae","Pseudomonas_E","",15,"Socal","SJ"
"331",38,29,21,0,0.00170365217391304,0.0153326767386957,6.50845833122564,5.13,1.99,0.611541668774364,"Bacteria","Pseudomonadota","Gammaproteobacteria","Pseudomonadales","Pseudomonadaceae","Pseudomonas_E","",15,"Socal","SJ"
"331",43,29,21,0,0.00197447826086957,0.0218347560869565,7.37078680709048,9.77,1.99,4.38921319290952,"Bacteria","Pseudomonadota","Gammaproteobacteria","Pseudomonadales","Pseudomonadaceae","Pseudomonas_E","",15,"Socal","SJ"
"332",15,29,21,0,0.00620095652173913,0.030908543873913,4.29613903361552,10.26,1.99,7.95386096638448,"Bacteria","Pseudomonadota","Gammaproteobacteria","Pseudomonadales","Pseudomonadaceae","Pseudomonas_E","",15,"Socal","SJ"
"332",23,29,21,0.192453472303822,0.0408286956521739,0.228090790652174,11.4666913374111,17.88,1.99,8.40330866258885,"Bacteria","Pseudomonadota","Gammaproteobacteria","Pseudomonadales","Pseudomonadaceae","Pseudomonas_E","",15,"Socal","SJ"
"332",28,29,21,0.326492304400034,0.0830091304347826,0.653849883282609,6.17834454368344,6.12,1.99,1.93165545631656,"Bacteria","Pseudomonadota","Gammaproteobacteria","Pseudomonadales","Pseudomonadaceae","Pseudomonas_E","",15,"Socal","SJ"
"332",33,29,21,0.134390626774897,0.0273034782608696,0.184365551391304,4.99796374963076,4.3,1.99,1.29203625036923,"Bacteria","Pseudomonadota","Gammaproteobacteria","Pseudomonadales","Pseudomonadaceae","Pseudomonas_E","",15,"Socal","SJ"
"332",38,29,21,0,0.000446704347826087,0.00536136492,9.76620876152951,12.08,1.99,4.30379123847049,"Bacteria","Pseudomonadota","Gammaproteobacteria","Pseudomonadales","Pseudomonadaceae","Pseudomonas_E","",15,"Socal","SJ"
"332",43,29,21,0,0,0,NA,NA,1.99,NA,"Bacteria","Pseudomonadota","Gammaproteobacteria","Pseudomonadales","Pseudomonadaceae","Pseudomonas_E","",15,"Socal","SJ"
"333",13,29,21,0.147943680899045,0.042955652173913,0.282077346923913,6.03290661725869,4.3,1.99,0.257093382741308,"Bacteria","Pseudomonadota","Gammaproteobacteria","Enterobacterales","Enterobacteriaceae","Enterobacter","Enterobacter hormaechei_A",15,"Socal","SJ"
"333",15,29,21,0.216135570382945,0.112274347826087,0.825145170869565,9.3526148804178,11.75,1.99,4.3873851195822,"Bacteria","Pseudomonadota","Gammaproteobacteria","Enterobacterales","Enterobacteriaceae","Enterobacter","Enterobacter hormaechei_A",15,"Socal","SJ"
"333",19,29,21,0.319913281754326,0.1584,1.12192285321739,4.40234643783202,4.8,1.99,2.38765356216798,"Bacteria","Pseudomonadota","Gammaproteobacteria","Enterobacterales","Enterobacteriaceae","Enterobacter","Enterobacter hormaechei_A",15,"Socal","SJ"
"333",21,29,21,0.408313052556129,0.141469565217391,1.50515497889348,4.43476889026859,4.8,1.99,2.35523110973141,"Bacteria","Pseudomonadota","Gammaproteobacteria","Enterobacterales","Enterobacteriaceae","Enterobacter","Enterobacter hormaechei_A",15,"Socal","SJ"
"333",23,29,21,0.46194460672752,0.327165217391304,3.38793728847826,4.19709171250731,4.3,1.99,2.09290828749269,"Bacteria","Pseudomonadota","Gammaproteobacteria","Enterobacterales","Enterobacteriaceae","Enterobacter","Enterobacter hormaechei_A",15,"Socal","SJ"
"333",28,29,21,0.384515985610998,0.20764347826087,2.84383909043478,5.6064752500805,4.3,1.99,0.683524749919497,"Bacteria","Pseudomonadota","Gammaproteobacteria","Enterobacterales","Enterobacteriaceae","Enterobacter","Enterobacter hormaechei_A",15,"Socal","SJ"
"333",33,29,21,0.485349383481011,0.256873913043478,3.88613436282609,6.12270526541827,4.3,1.99,0.167294734581731,"Bacteria","Pseudomonadota","Gammaproteobacteria","Enterobacterales","Enterobacteriaceae","Enterobacter","Enterobacter hormaechei_A",15,"Socal","SJ"
"333",35,29,21,0.511972038585685,0.278650326065218,3.59367519435631,5.0653356632352,4.3,1.99,1.22466433676479,"Bacteria","Pseudomonadota","Gammaproteobacteria","Enterobacterales","Enterobacteriaceae","Enterobacter","Enterobacter hormaechei_A",15,"Socal","SJ"
"333",37,29,21,0.341452420762588,0.288664345826087,4.40503645816174,4.98120401360045,4.3,1.99,1.30879598639955,"Bacteria","Pseudomonadota","Gammaproteobacteria","Enterobacterales","Enterobacteriaceae","Enterobacter","Enterobacter hormaechei_A",15,"Socal","SJ"
"333",38,29,21,0.559218168182941,0.233952173913043,3.63737754173913,6.02056117750294,4.3,1.99,0.269438822497055,"Bacteria","Pseudomonadota","Gammaproteobacteria","Enterobacterales","Enterobacteriaceae","Enterobacter","Enterobacter hormaechei_A",15,"Socal","SJ"
"333",40,29,21,0.482730840079364,0.241185399543478,3.27812533694848,4.75623133390039,4.3,1.99,1.53376866609961,"Bacteria","Pseudomonadota","Gammaproteobacteria","Enterobacterales","Enterobacteriaceae","Enterobacter","Enterobacter hormaechei_A",15,"Socal","SJ"
"333",42,29,21,0.245870159582845,0.191013117130435,1.72544691261457,4.75716063388312,4.3,1.99,1.53283936611688,"Bacteria","Pseudomonadota","Gammaproteobacteria","Enterobacterales","Enterobacteriaceae","Enterobacter","Enterobacter hormaechei_A",15,"Socal","SJ"
"333",43,29,21,0,0.00176773913043478,0.0292578443478261,8.29895598197262,4.3,1.99,-2.00895598197262,"Bacteria","Pseudomonadota","Gammaproteobacteria","Enterobacterales","Enterobacteriaceae","Enterobacter","Enterobacter hormaechei_A",15,"Socal","SJ"
"334",15,29,21,0,0.00700965217391304,0.0697321867173913,13.4494986172804,13.57,1.99,2.11050138271963,"Bacteria","Pseudomonadota","Gammaproteobacteria","Pseudomonadales","Pseudomonadaceae","Pseudomonas_E","",15,"Socal","SJ"
"334",23,29,21,0.232960071942115,0.0790330434782609,0.521689982402174,5.45264212914439,4.97,1.99,1.50735787085561,"Bacteria","Pseudomonadota","Gammaproteobacteria","Pseudomonadales","Pseudomonadaceae","Pseudomonas_E","",15,"Socal","SJ"
"334",28,29,21,0.152196782812879,0.0226613043478261,0.145629243304348,6.19376412395659,6.62,1.99,2.41623587604341,"Bacteria","Pseudomonadota","Gammaproteobacteria","Pseudomonadales","Pseudomonadaceae","Pseudomonas_E","",15,"Socal","SJ"
"334",33,29,21,0,0.00191447826086957,0.0232632103913043,-15.1551467308828,19.86,1.99,37.0051467308828,"Bacteria","Pseudomonadota","Gammaproteobacteria","Pseudomonadales","Pseudomonadaceae","Pseudomonas_E","",15,"Socal","SJ"
"334",38,29,21,0,0.000190702608695652,0.000644549223913043,0,14.4,1.99,16.39,"Bacteria","Pseudomonadota","Gammaproteobacteria","Pseudomonadales","Pseudomonadaceae","Pseudomonas_E","",15,"Socal","SJ"
"334",43,29,21,0,3.3804347826087e-05,0.000223624456521739,3.11133654459323,17.21,1.99,16.0886634554068,"Bacteria","Pseudomonadota","Gammaproteobacteria","Pseudomonadales","Pseudomonadaceae","Pseudomonas_E","",15,"Socal","SJ"
"335",15,29,21,0,0.0131573043478261,0.0793824502173913,13.1093425139073,19.86,1.99,8.7406574860927,"Bacteria","Pseudomonadota","Gammaproteobacteria","Pseudomonadales","Pseudomonadaceae","Pseudomonas_E","",15,"Socal","SJ"
"335",23,29,21,0.163965473585122,0.0491765217391304,0.304712229130435,4.07181953628005,9.77,1.99,7.68818046371995,"Bacteria","Pseudomonadota","Gammaproteobacteria","Pseudomonadales","Pseudomonadaceae","Pseudomonas_E","",15,"Socal","SJ"
"335",28,29,21,0.278766840317531,0.0860482608695652,0.576253846521739,6.50989667607531,8.77,1.99,4.25010332392469,"Bacteria","Pseudomonadota","Gammaproteobacteria","Pseudomonadales","Pseudomonadaceae","Pseudomonas_E","",15,"Socal","SJ"
"335",33,29,21,0,0.000338017391304348,0.00467409723869565,6.94669999543263,13.74,1.99,8.78330000456737,"Bacteria","Pseudomonadota","Gammaproteobacteria","Pseudomonadales","Pseudomonadaceae","Pseudomonas_E","",15,"Socal","SJ"
"335",38,29,21,0,0,0,NA,NA,1.99,NA,"Bacteria","Pseudomonadota","Gammaproteobacteria","Pseudomonadales","Pseudomonadaceae","Pseudomonas_E","",15,"Socal","SJ"
"335",43,29,21,0,0,0,NA,NA,1.99,NA,"Bacteria","Pseudomonadota","Gammaproteobacteria","Pseudomonadales","Pseudomonadaceae","Pseudomonas_E","",15,"Socal","SJ"
"336",15,29,21,0.238045314173995,0.0646617391304348,0.303771859130435,11.5543571183756,19.86,1.99,10.2956428816244,"Bacteria","Pseudomonadota","Gammaproteobacteria","Pseudomonadales","Pseudomonadaceae","Pseudomonas_E","Pseudomonas_E fluorescens_M",15,"Socal","SJ"
"336",23,29,21,0.347006966622809,0.217639130434783,2.00096758,7.8237588455212,11.75,1.99,5.9162411544788,"Bacteria","Pseudomonadota","Gammaproteobacteria","Pseudomonadales","Pseudomonadaceae","Pseudomonas_E","Pseudomonas_E fluorescens_M",15,"Socal","SJ"
"336",28,29,21,0.311694227787817,0.116734782608696,1.4716244823913,5.46020295226923,4.3,1.99,0.829797047730771,"Bacteria","Pseudomonadota","Gammaproteobacteria","Pseudomonadales","Pseudomonadaceae","Pseudomonas_E","Pseudomonas_E fluorescens_M",15,"Socal","SJ"
"336",33,29,21,0.0639381279924176,0.0137686956521739,0.138227753282609,4.74509440978224,4.3,1.99,1.54490559021776,"Bacteria","Pseudomonadota","Gammaproteobacteria","Pseudomonadales","Pseudomonadaceae","Pseudomonas_E","Pseudomonas_E fluorescens_M",15,"Socal","SJ"
"336",38,29,21,0,0.0012839347826087,0.0228261349782609,6.72775005838847,4.3,1.99,-0.437750058388467,"Bacteria","Pseudomonadota","Gammaproteobacteria","Pseudomonadales","Pseudomonadaceae","Pseudomonas_E","Pseudomonas_E fluorescens_M",15,"Socal","SJ"
"336",43,29,21,0,0.00115408695652174,0.0198122493478261,4.67387404287635,4.63,1.99,1.94612595712365,"Bacteria","Pseudomonadota","Gammaproteobacteria","Pseudomonadales","Pseudomonadaceae","Pseudomonas_E","Pseudomonas_E fluorescens_M",15,"Socal","SJ"
"337",15,29,21,0,0.00542704347826087,0.0417020507095652,6.42861969230516,4.63,1.99,0.191380307694836,"Bacteria","Pseudomonadota","Gammaproteobacteria","Pseudomonadales","Pseudomonadaceae","Pseudomonas_E","",15,"Socal","SJ"
"337",23,29,21,0.252229343489986,0.0477547826086957,0.257058132297826,1.82,4.8,1.99,4.97,"Bacteria","Pseudomonadota","Gammaproteobacteria","Pseudomonadales","Pseudomonadaceae","Pseudomonas_E","",15,"Socal","SJ"
"337",28,29,21,0.210751313650468,0.0565134782608696,0.351603067173913,10.7059089180151,12.74,1.99,4.02409108198492,"Bacteria","Pseudomonadota","Gammaproteobacteria","Pseudomonadales","Pseudomonadaceae","Pseudomonas_E","",15,"Socal","SJ"
"337",33,29,21,0,0.000877947826086957,0.00970982306086956,5.29920234777063,4.3,1.99,0.990797652229369,"Bacteria","Pseudomonadota","Gammaproteobacteria","Pseudomonadales","Pseudomonadaceae","Pseudomonas_E","",15,"Socal","SJ"
"337",38,29,21,0,0.000464613043478261,0.00352506837826087,0.980528427666552,17.88,1.99,18.8894715723334,"Bacteria","Pseudomonadota","Gammaproteobacteria","Pseudomonadales","Pseudomonadaceae","Pseudomonas_E","",15,"Socal","SJ"
"337",43,29,21,0,2.41304347826087e-05,0.000122478804347826,10.92,17.21,1.99,8.28,"Bacteria","Pseudomonadota","Gammaproteobacteria","Pseudomonadales","Pseudomonadaceae","Pseudomonas_E","",15,"Socal","SJ"
"338",15,29,21,0,0.003014,0.0220145624782609,6.83357091411648,5.13,1.99,0.286429085883518,"Bacteria","Pseudomonadota","Gammaproteobacteria","Pseudomonadales","Pseudomonadaceae","Pseudomonas_E","",15,"Socal","SJ"
"338",23,29,21,0.196207749728556,0.0389591304347826,0.265449918695652,13.0045495128049,15.39,1.99,4.37545048719515,"Bacteria","Pseudomonadota","Gammaproteobacteria","Pseudomonadales","Pseudomonadaceae","Pseudomonas_E","",15,"Socal","SJ"
"338",28,29,21,0.343752894032242,0.0644004347826087,0.456381539347826,9.31637974918784,13.24,1.99,5.91362025081216,"Bacteria","Pseudomonadota","Gammaproteobacteria","Pseudomonadales","Pseudomonadaceae","Pseudomonas_E","",15,"Socal","SJ"
"338",33,29,21,0,0.00245108695652174,0.0281868666304348,4.80811983342509,4.3,1.99,1.48188016657491,"Bacteria","Pseudomonadota","Gammaproteobacteria","Pseudomonadales","Pseudomonadaceae","Pseudomonas_E","",15,"Socal","SJ"
"338",38,29,21,0,0.000120193217391304,0.000906538135652174,1.99,4.3,1.99,4.3,"Bacteria","Pseudomonadota","Gammaproteobacteria","Pseudomonadales","Pseudomonadaceae","Pseudomonas_E","",15,"Socal","SJ"
"338",43,29,21,0,0.000717173913043478,0.0038534527173913,21.7206466023653,17.21,1.99,-2.52064660236534,"Bacteria","Pseudomonadota","Gammaproteobacteria","Pseudomonadales","Pseudomonadaceae","Pseudomonas_E","",15,"Socal","SJ"
"339",13,29,21,0.170519299653214,0.0529715217391305,0.247029982934783,7.66200623794745,9.35,1.99,3.67799376205255,"Bacteria","Pseudomonadota","Gammaproteobacteria","Enterobacterales","Enterobacteriaceae","Serratia_J","",15,"Socal","SJ"
"339",15,29,21,0.317580202258458,0.141813043478261,1.23164621667391,6.24161043440194,4.3,1.99,0.0483895655980566,"Bacteria","Pseudomonadota","Gammaproteobacteria","Enterobacterales","Enterobacteriaceae","Serratia_J","",15,"Socal","SJ"
"339",19,29,21,0.305592096798213,0.148521739130435,1.22344388002174,4.48187846718638,5.13,1.99,2.63812153281362,"Bacteria","Pseudomonadota","Gammaproteobacteria","Enterobacterales","Enterobacteriaceae","Serratia_J","",15,"Socal","SJ"
"339",21,29,21,0.404122341456842,0.111578260869565,0.794341040456522,4.75791922142576,7.28,1.99,4.51208077857424,"Bacteria","Pseudomonadota","Gammaproteobacteria","Enterobacterales","Enterobacteriaceae","Serratia_J","",15,"Socal","SJ"
"339",23,29,21,0.378623506880685,0.345434782608696,3.21043286434783,4.97722080584814,4.3,1.99,1.31277919415186,"Bacteria","Pseudomonadota","Gammaproteobacteria","Enterobacterales","Enterobacteriaceae","Serratia_J","",15,"Socal","SJ"
"339",28,29,21,0.385219252422704,0.292765217391304,3.67385200652174,4.60493027670676,4.3,1.99,1.68506972329324,"Bacteria","Pseudomonadota","Gammaproteobacteria","Enterobacterales","Enterobacteriaceae","Serratia_J","",15,"Socal","SJ"
"339",33,29,21,0.328990184368833,0.32495652173913,1.91532256043478,9.42030281984612,11.42,1.99,3.98969718015388,"Bacteria","Pseudomonadota","Gammaproteobacteria","Enterobacterales","Enterobacteriaceae","Serratia_J","",15,"Socal","SJ"
"339",37,29,21,0.135892505420967,0.130913261173913,0.944909798026957,10.616879087803,9.93,1.99,1.30312091219697,"Bacteria","Pseudomonadota","Gammaproteobacteria","Enterobacterales","Enterobacteriaceae","Serratia_J","",15,"Socal","SJ"
"339",38,29,21,0,0.00182713043478261,0.0328218947826087,6.05177119349873,4.3,1.99,0.238228806501271,"Bacteria","Pseudomonadota","Gammaproteobacteria","Enterobacterales","Enterobacteriaceae","Serratia_J","",15,"Socal","SJ"
"339",40,29,21,0,0.000799391499999999,0.00299218204058152,23.6058851695488,15.81,1.99,-5.80588516954873,"Bacteria","Pseudomonadota","Gammaproteobacteria","Enterobacterales","Enterobacteriaceae","Serratia_J","",15,"Socal","SJ"
"339",42,29,21,0,0.00356152239130435,0.0348582612219565,-13.8895391965388,18.7,1.99,34.5795391965388,"Bacteria","Pseudomonadota","Gammaproteobacteria","Enterobacterales","Enterobacteriaceae","Serratia_J","",15,"Socal","SJ"
"339",43,29,21,0,0.00317982608695652,0.0244286265217391,-0.277307572882414,19.86,1.99,22.1273075728824,"Bacteria","Pseudomonadota","Gammaproteobacteria","Enterobacterales","Enterobacteriaceae","Serratia_J","",15,"Socal","SJ"
"340",15,29,21,0.235861659560274,0.0763339130434783,0.395916567391304,6.54087843660333,4.3,1.99,-0.250878436603333,"Bacteria","Pseudomonadota","Gammaproteobacteria","Pseudomonadales","Pseudomonadaceae","Pseudomonas_E","",15,"Socal","SJ"
"340",23,29,21,0.425818585281918,0.232095652173913,2.12945417506522,6.96605154041719,4.3,1.99,-0.676051540417189,"Bacteria","Pseudomonadota","Gammaproteobacteria","Pseudomonadales","Pseudomonadaceae","Pseudomonas_E","",15,"Socal","SJ"
"340",28,29,21,0.396853631655376,0.169104347826087,1.61832171913043,5.50916794369082,6.12,1.99,2.60083205630918,"Bacteria","Pseudomonadota","Gammaproteobacteria","Pseudomonadales","Pseudomonadaceae","Pseudomonas_E","",15,"Socal","SJ"
"340",33,29,21,0,0.00204239130434783,0.0168843781173913,7.56582797913705,4.3,1.99,-1.27582797913705,"Bacteria","Pseudomonadota","Gammaproteobacteria","Pseudomonadales","Pseudomonadaceae","Pseudomonas_E","",15,"Socal","SJ"
"340",38,29,21,0,0.000596752173913043,0.00822903855652174,6.63197620117553,4.3,1.99,-0.34197620117553,"Bacteria","Pseudomonadota","Gammaproteobacteria","Pseudomonadales","Pseudomonadaceae","Pseudomonas_E","",15,"Socal","SJ"
"340",43,29,21,0,0.00137730434782609,0.006645285,-0.33,5.46,1.99,7.78,"Bacteria","Pseudomonadota","Gammaproteobacteria","Pseudomonadales","Pseudomonadaceae","Pseudomonas_E","",15,"Socal","SJ"
"341",13,29,21,0.165425263879849,0.0393686956521739,0.29643081352174,11.8738387327545,12.66,1.99,2.77616126724551,"Bacteria","Pseudomonadota","Gammaproteobacteria","Enterobacterales","Enterobacteriaceae","Rahnella","",15,"Socal","SJ"
"341",15,29,21,0.20482853388451,0.0318008695652174,0.164313338152174,6.19224377688824,9.93,1.99,5.72775622311176,"Bacteria","Pseudomonadota","Gammaproteobacteria","Enterobacterales","Enterobacteriaceae","Rahnella","",15,"Socal","SJ"
"341",19,29,21,0.353718685284058,0.13164347826087,1.11886030565217,5.69976189629812,6.95,1.99,3.24023810370188,"Bacteria","Pseudomonadota","Gammaproteobacteria","Enterobacterales","Enterobacteriaceae","Rahnella","",15,"Socal","SJ"
"341",21,29,21,0.51899792195903,0.15575652173913,1.31368172052826,5.34408945292112,4.8,1.99,1.44591054707888,"Bacteria","Pseudomonadota","Gammaproteobacteria","Enterobacterales","Enterobacteriaceae","Rahnella","",15,"Socal","SJ"
"341",23,29,21,0.358759189969178,0.324165217391304,2.10337721245652,4.95914508328239,4.3,1.99,1.33085491671761,"Bacteria","Pseudomonadota","Gammaproteobacteria","Enterobacterales","Enterobacteriaceae","Rahnella","",15,"Socal","SJ"
"341",28,29,21,0.317148728658596,0.229091304347826,1.89121333934783,4.5598858147828,4.3,1.99,1.7301141852172,"Bacteria","Pseudomonadota","Gammaproteobacteria","Enterobacterales","Enterobacteriaceae","Rahnella","",15,"Socal","SJ"
"341",37,29,21,0.0652096630243455,0.032843695173913,0.542026227273696,5.61472095930842,4.3,1.99,0.67527904069158,"Bacteria","Pseudomonadota","Gammaproteobacteria","Enterobacterales","Enterobacteriaceae","Rahnella","",15,"Socal","SJ"
"341",38,29,21,0,0.00912360869565217,0.0798069947826087,6.11415970487092,10.26,1.99,6.13584029512908,"Bacteria","Pseudomonadota","Gammaproteobacteria","Enterobacterales","Enterobacteriaceae","Rahnella","",15,"Socal","SJ"
"341",40,29,21,0,0.00253923906521739,0.0334243290448913,9.07773074234658,13.57,1.99,6.48226925765342,"Bacteria","Pseudomonadota","Gammaproteobacteria","Enterobacterales","Enterobacteriaceae","Rahnella","",15,"Socal","SJ"
"341",42,29,21,0.017606205802081,0.0105457971304348,0.119937073724348,4.82767312576074,4.3,1.99,1.46232687423926,"Bacteria","Pseudomonadota","Gammaproteobacteria","Enterobacterales","Enterobacteriaceae","Rahnella","",15,"Socal","SJ"
"341",43,29,21,0,0,0,NA,NA,1.99,NA,"Bacteria","Pseudomonadota","Gammaproteobacteria","Enterobacterales","Enterobacteriaceae","Rahnella","",15,"Socal","SJ"
"342",15,29,21,0.201884184735415,0.0788360869565217,0.490503657826087,10.6625418924469,16.55,1.99,7.87745810755313,"Bacteria","Pseudomonadota","Gammaproteobacteria","Pseudomonadales","Pseudomonadaceae","Pseudomonas_E","",15,"Socal","SJ"
"342",23,29,21,0.329294978713179,0.181191304347826,1.17325704326087,8.70735862534668,15.39,1.99,8.67264137465332,"Bacteria","Pseudomonadota","Gammaproteobacteria","Pseudomonadales","Pseudomonadaceae","Pseudomonas_E","",15,"Socal","SJ"
"342",28,29,21,0.233077307330221,0.176826086956522,1.58486821826087,4.44311885478672,4.3,1.99,1.84688114521328,"Bacteria","Pseudomonadota","Gammaproteobacteria","Pseudomonadales","Pseudomonadaceae","Pseudomonas_E","",15,"Socal","SJ"
"342",33,29,21,0,0.000316278260869565,0.00244774341586957,5.45789976908615,4.3,1.99,0.832100230913848,"Bacteria","Pseudomonadota","Gammaproteobacteria","Pseudomonadales","Pseudomonadaceae","Pseudomonas_E","",15,"Socal","SJ"
"342",38,29,21,0,0.000601983130434783,0.00157983321391304,-0.330000000000002,17.05,1.99,19.37,"Bacteria","Pseudomonadota","Gammaproteobacteria","Pseudomonadales","Pseudomonadaceae","Pseudomonas_E","",15,"Socal","SJ"
"342",43,29,21,0,2.04347826086957e-05,8.26097826086956e-05,4.88464242579806,8.94,1.99,6.04535757420194,"Bacteria","Pseudomonadota","Gammaproteobacteria","Pseudomonadales","Pseudomonadaceae","Pseudomonas_E","",15,"Socal","SJ"
"343",15,29,21,0.289316805348402,0.141434782608696,1.05021721869565,7.40422547669881,13.24,1.99,7.82577452330119,"Bacteria","Pseudomonadota","Gammaproteobacteria","Pseudomonadales","Pseudomonadaceae","Pseudomonas_E","Pseudomonas_E sp002874965",15,"Socal","SJ"
"343",23,29,21,0.397602868998827,0.20354347826087,2.55753581043478,5.2624973294661,7.61,1.99,4.3375026705339,"Bacteria","Pseudomonadota","Gammaproteobacteria","Pseudomonadales","Pseudomonadaceae","Pseudomonas_E","Pseudomonas_E sp002874965",15,"Socal","SJ"
"343",28,29,21,0.436282351282997,0.203717391304348,2.66225413652174,4.23071023092327,4.63,1.99,2.38928976907673,"Bacteria","Pseudomonadota","Gammaproteobacteria","Pseudomonadales","Pseudomonadaceae","Pseudomonas_E","Pseudomonas_E sp002874965",15,"Socal","SJ"
"343",33,29,21,0.203718704159961,0.0913521739130435,0.80877192826087,8.54186339161375,9.93,1.99,3.37813660838625,"Bacteria","Pseudomonadota","Gammaproteobacteria","Pseudomonadales","Pseudomonadaceae","Pseudomonas_E","Pseudomonas_E sp002874965",15,"Socal","SJ"
"343",38,29,21,0,0.00880473913043478,0.154981416521739,4.87490343403007,5.3,1.99,2.41509656596993,"Bacteria","Pseudomonadota","Gammaproteobacteria","Pseudomonadales","Pseudomonadaceae","Pseudomonas_E","Pseudomonas_E sp002874965",15,"Socal","SJ"
"343",43,29,21,0,0.0115229565217391,0.132060181956522,10.9397487659054,19.86,1.99,10.9102512340946,"Bacteria","Pseudomonadota","Gammaproteobacteria","Pseudomonadales","Pseudomonadaceae","Pseudomonas_E","Pseudomonas_E sp002874965",15,"Socal","SJ"
"344",15,29,21,0.165072820695913,0.0343269565217391,0.257783109565217,9.70648023031712,14.73,1.99,7.01351976968288,"Bacteria","Pseudomonadota","Gammaproteobacteria","Pseudomonadales","Pseudomonadaceae","Pseudomonas_E","",15,"Socal","SJ"
"344",23,29,21,0.320984079581193,0.182978260869565,1.90183178043478,5.90948630593217,11.09,1.99,7.17051369406783,"Bacteria","Pseudomonadota","Gammaproteobacteria","Pseudomonadales","Pseudomonadaceae","Pseudomonas_E","",15,"Socal","SJ"
"344",28,29,21,0.310580913094725,0.173413043478261,1.60451991978261,7.06782860593533,7.94,1.99,2.86217139406467,"Bacteria","Pseudomonadota","Gammaproteobacteria","Pseudomonadales","Pseudomonadaceae","Pseudomonas_E","",15,"Socal","SJ"
"344",33,29,21,0,0.002825,0.034736736173913,5.51578593208335,4.3,1.99,0.77421406791665,"Bacteria","Pseudomonadota","Gammaproteobacteria","Pseudomonadales","Pseudomonadaceae","Pseudomonas_E","",15,"Socal","SJ"
"344",38,29,21,0,0.0024284347826087,0.0391334382608696,5.82899860779791,11.09,1.99,7.25100139220209,"Bacteria","Pseudomonadota","Gammaproteobacteria","Pseudomonadales","Pseudomonadaceae","Pseudomonas_E","",15,"Socal","SJ"
"344",43,29,21,0,0.002382,0.0332970597826087,6.33694172888508,10.76,1.99,6.41305827111492,"Bacteria","Pseudomonadota","Gammaproteobacteria","Pseudomonadales","Pseudomonadaceae","Pseudomonas_E","",15,"Socal","SJ"
"345",15,29,21,0,0.00642237826086956,0.00624617830065217,2.50905042187831,10.1,1.99,9.58094957812169,"Bacteria","Bacteroidota","Bacteroidia","Flavobacteriales","Weeksellaceae","Chryseobacterium","",15,"Socal","SJ"
"345",23,29,21,0,0.00435952173913043,0.0187874616956522,4.09917194549005,6.12,1.99,4.01082805450995,"Bacteria","Bacteroidota","Bacteroidia","Flavobacteriales","Weeksellaceae","Chryseobacterium","",15,"Socal","SJ"
"345",28,29,21,0,0,0,NA,4.3,1.99,NA,"Bacteria","Bacteroidota","Bacteroidia","Flavobacteriales","Weeksellaceae","Chryseobacterium","",15,"Socal","SJ"
"345",33,29,21,0,0,0,NA,NA,1.99,NA,"Bacteria","Bacteroidota","Bacteroidia","Flavobacteriales","Weeksellaceae","Chryseobacterium","",15,"Socal","SJ"
"345",38,29,21,0,0,0,NA,4.3,1.99,NA,"Bacteria","Bacteroidota","Bacteroidia","Flavobacteriales","Weeksellaceae","Chryseobacterium","",15,"Socal","SJ"
"345",43,29,21,0,0,0,NA,NA,1.99,NA,"Bacteria","Bacteroidota","Bacteroidia","Flavobacteriales","Weeksellaceae","Chryseobacterium","",15,"Socal","SJ"
"346",15,29,21,0,0.0055421,0.00503384063043478,-6.45433174617958,4.3,1.99,12.7443317461796,"Bacteria","Bacteroidota","Bacteroidia","Flavobacteriales","Weeksellaceae","Chryseobacterium","",15,"Socal","SJ"
"346",23,29,21,0,0.0056784347826087,0.0224637688478261,0.124512449734707,5.79,1.99,7.65548755026529,"Bacteria","Bacteroidota","Bacteroidia","Flavobacteriales","Weeksellaceae","Chryseobacterium","",15,"Socal","SJ"
"346",28,29,21,0,0,0,NA,4.3,1.99,NA,"Bacteria","Bacteroidota","Bacteroidia","Flavobacteriales","Weeksellaceae","Chryseobacterium","",15,"Socal","SJ"
"346",33,29,21,0,0,0,NA,NA,1.99,NA,"Bacteria","Bacteroidota","Bacteroidia","Flavobacteriales","Weeksellaceae","Chryseobacterium","",15,"Socal","SJ"
"346",38,29,21,0,7.22908695652174e-05,0.000419486534782609,0.5,4.3,1.99,5.79,"Bacteria","Bacteroidota","Bacteroidia","Flavobacteriales","Weeksellaceae","Chryseobacterium","",15,"Socal","SJ"
"346",43,29,21,0,0,0,NA,NA,1.99,NA,"Bacteria","Bacteroidota","Bacteroidia","Flavobacteriales","Weeksellaceae","Chryseobacterium","",15,"Socal","SJ"
"347",15,29,21,0.17655915405275,0.03834,0.311994515,8.78429840251546,15.06,1.99,8.26570159748454,"Bacteria","Pseudomonadota","Gammaproteobacteria","Pseudomonadales","Pseudomonadaceae","Pseudomonas_E","",15,"Socal","SJ"
"347",23,29,21,0.300717022682628,0.147534782608696,1.26662288347826,7.77606434054742,13.41,1.99,7.62393565945258,"Bacteria","Pseudomonadota","Gammaproteobacteria","Pseudomonadales","Pseudomonadaceae","Pseudomonas_E","",15,"Socal","SJ"
"347",28,29,21,0.291275644216616,0.110434782608696,1.54861192782609,4.63645351115758,4.63,1.99,1.98354648884242,"Bacteria","Pseudomonadota","Gammaproteobacteria","Pseudomonadales","Pseudomonadaceae","Pseudomonas_E","",15,"Socal","SJ"
"347",33,29,21,0,0.00203752173913043,0.0260014546756522,5.13944574018647,4.3,1.99,1.15055425981353,"Bacteria","Pseudomonadota","Gammaproteobacteria","Pseudomonadales","Pseudomonadaceae","Pseudomonas_E","",15,"Socal","SJ"
"347",38,29,21,0,0.00357191304347826,0.0480818730434783,-12.4018510903223,14.57,1.99,28.9618510903223,"Bacteria","Pseudomonadota","Gammaproteobacteria","Pseudomonadales","Pseudomonadaceae","Pseudomonas_E","",15,"Socal","SJ"
"347",43,29,21,0,0.00112754347826087,0.0197636017391304,3.84068592459447,7.94,1.99,6.08931407540553,"Bacteria","Pseudomonadota","Gammaproteobacteria","Pseudomonadales","Pseudomonadaceae","Pseudomonas_E","",15,"Socal","SJ"
"348",15,29,21,0.182979541562848,0.0449569565217391,0.248239719891304,11.663040541364,4.3,1.99,-5.37304054136402,"Bacteria","Pseudomonadota","Gammaproteobacteria","Pseudomonadales","Pseudomonadaceae","Pseudomonas_E","Pseudomonas_E alvandae",25,"Socal","EC"
"348",23,29,21,0.444939293924085,0.128408695652174,1.13848497565217,5.19406183896981,8.11,1.99,4.90593816103019,"Bacteria","Pseudomonadota","Gammaproteobacteria","Pseudomonadales","Pseudomonadaceae","Pseudomonas_E","Pseudomonas_E alvandae",25,"Socal","EC"
"348",28,29,21,0.291547445214568,0.171073913043478,1.43574927369565,8.93377490830865,12.74,1.99,5.79622509169135,"Bacteria","Pseudomonadota","Gammaproteobacteria","Pseudomonadales","Pseudomonadaceae","Pseudomonas_E","Pseudomonas_E alvandae",25,"Socal","EC"
"348",33,29,21,0.361400663761988,0.114352173913043,0.993081711956522,7.25468560451156,7.61,1.99,2.34531439548844,"Bacteria","Pseudomonadota","Gammaproteobacteria","Pseudomonadales","Pseudomonadaceae","Pseudomonas_E","Pseudomonas_E alvandae",25,"Socal","EC"
"348",35,29,21,0.299274598216246,0.0921821739130435,0.971056620434783,5.21149496783079,5.46,1.99,2.23850503216921,"Bacteria","Pseudomonadota","Gammaproteobacteria","Pseudomonadales","Pseudomonadaceae","Pseudomonas_E","Pseudomonas_E alvandae",25,"Socal","EC"
"348",38,29,21,0.057485305358538,0.0107408695652174,0.165711451347826,5.42363309364962,4.3,1.99,0.866366906350375,"Bacteria","Pseudomonadota","Gammaproteobacteria","Pseudomonadales","Pseudomonadaceae","Pseudomonas_E","Pseudomonas_E alvandae",25,"Socal","EC"
"348",43,29,21,0.0259355711136843,0.0679513043478261,0.995988763043478,17.131977283381,4.3,1.99,-10.841977283381,"Bacteria","Pseudomonadota","Gammaproteobacteria","Pseudomonadales","Pseudomonadaceae","Pseudomonas_E","Pseudomonas_E alvandae",25,"Socal","EC"
"349",15,29,21,0.255214555096592,0.146378260869565,0.981352278382609,4.15673481278457,4.3,1.99,2.13326518721544,"Bacteria","Pseudomonadota","Gammaproteobacteria","Pseudomonadales","Pseudomonadaceae","Pseudomonas_E","Pseudomonas_E alvandae",25,"Socal","EC"
"349",23,29,21,0.414817123950967,0.137365217391304,0.949072735413043,6.42081591030097,9.93,1.99,5.49918408969903,"Bacteria","Pseudomonadota","Gammaproteobacteria","Pseudomonadales","Pseudomonadaceae","Pseudomonas_E","Pseudomonas_E alvandae",25,"Socal","EC"
"349",28,29,21,0.240747024575593,0.218469565217391,2.20080523043478,6.52460782774766,11.75,1.99,7.21539217225234,"Bacteria","Pseudomonadota","Gammaproteobacteria","Pseudomonadales","Pseudomonadaceae","Pseudomonas_E","Pseudomonas_E alvandae",25,"Socal","EC"
"349",33,29,21,0.351883700667218,0.143078260869565,1.06563831630435,6.97481167477154,7.28,1.99,2.29518832522846,"Bacteria","Pseudomonadota","Gammaproteobacteria","Pseudomonadales","Pseudomonadaceae","Pseudomonas_E","Pseudomonas_E alvandae",25,"Socal","EC"
"349",35,29,21,0.336908085377528,0.0958169565217391,1.02205500695652,4.51428380952616,4.63,1.99,2.10571619047384,"Bacteria","Pseudomonadota","Gammaproteobacteria","Pseudomonadales","Pseudomonadaceae","Pseudomonas_E","Pseudomonas_E alvandae",25,"Socal","EC"
"349",38,29,21,0,0.003026,0.0482233765217391,7.62934592468782,4.3,1.99,-1.33934592468782,"Bacteria","Pseudomonadota","Gammaproteobacteria","Pseudomonadales","Pseudomonadaceae","Pseudomonas_E","Pseudomonas_E alvandae",25,"Socal","EC"
"349",43,29,21,0,0.00371821739130435,0.0515288334782609,-62.7796262668494,4.3,1.99,69.0696262668494,"Bacteria","Pseudomonadota","Gammaproteobacteria","Pseudomonadales","Pseudomonadaceae","Pseudomonas_E","Pseudomonas_E alvandae",25,"Socal","EC"
"350",15,29,21,0.261835272483535,0.151386956521739,0.994811715130435,13.3345241213292,16.22,1.99,4.87547587867079,"Bacteria","Pseudomonadota","Gammaproteobacteria","Pseudomonadales","Pseudomonadaceae","Pseudomonas_E","Pseudomonas_E alvandae",25,"Socal","EC"
"350",23,29,21,0.390115850756098,0.125173913043478,1.01036194478261,6.28138038215035,9.43,1.99,5.13861961784965,"Bacteria","Pseudomonadota","Gammaproteobacteria","Pseudomonadales","Pseudomonadaceae","Pseudomonas_E","Pseudomonas_E alvandae",25,"Socal","EC"
"350",28,29,21,0.233693158637096,0.31244347826087,2.78263985217391,6.68105665502833,13.57,1.99,8.87894334497167,"Bacteria","Pseudomonadota","Gammaproteobacteria","Pseudomonadales","Pseudomonadaceae","Pseudomonas_E","Pseudomonas_E alvandae",25,"Socal","EC"
"350",33,29,21,0.346125905600449,0.104097391304348,0.926456067173913,6.73291312403388,7.61,1.99,2.86708687596612,"Bacteria","Pseudomonadota","Gammaproteobacteria","Pseudomonadales","Pseudomonadaceae","Pseudomonas_E","Pseudomonas_E alvandae",25,"Socal","EC"
"350",35,29,21,0.340855683874755,0.100353043478261,1.06271104956522,4.40826014787904,4.3,1.99,1.88173985212096,"Bacteria","Pseudomonadota","Gammaproteobacteria","Pseudomonadales","Pseudomonadaceae","Pseudomonas_E","Pseudomonas_E alvandae",25,"Socal","EC"
"350",38,29,21,0.0329290195044138,0.0104995652173913,0.168322730869565,4.36590430332352,8.28,1.99,5.90409569667648,"Bacteria","Pseudomonadota","Gammaproteobacteria","Pseudomonadales","Pseudomonadaceae","Pseudomonas_E","Pseudomonas_E alvandae",25,"Socal","EC"
"350",43,29,21,0,0.00318526086956522,0.0422233334782609,-153.519875425333,4.3,1.99,159.809875425333,"Bacteria","Pseudomonadota","Gammaproteobacteria","Pseudomonadales","Pseudomonadaceae","Pseudomonas_E","Pseudomonas_E alvandae",25,"Socal","EC"
"351",15,29,21,0,0.00456473913043478,0.0720852309782609,7.71894189902564,4.3,1.99,-1.42894189902564,"Bacteria","Bacillota","Bacilli","Bacillales","DSM-18226","Neobacillus","",25,"Socal","EC"
"351",23,29,21,0,0.00101139565217391,0.00545490058478261,90.21729051992,4.3,1.99,-83.92729051992,"Bacteria","Bacillota","Bacilli","Bacillales","DSM-18226","Neobacillus","",25,"Socal","EC"
"351",28,29,21,0.0405417730426335,0.0635982608695652,0.932394902173913,4.43831638194814,4.3,1.99,1.85168361805186,"Bacteria","Bacillota","Bacilli","Bacillales","DSM-18226","Neobacillus","",25,"Socal","EC"
"351",33,29,21,0,0.00620221739130435,0.109610606304348,4.15915619688224,4.8,1.99,2.63084380311776,"Bacteria","Bacillota","Bacilli","Bacillales","DSM-18226","Neobacillus","",25,"Socal","EC"
"351",35,29,21,0,0.0025904347826087,0.0451408756521739,4.41740678872385,13.57,1.99,11.1425932112762,"Bacteria","Bacillota","Bacilli","Bacillales","DSM-18226","Neobacillus","",25,"Socal","EC"
"351",38,29,21,0,0.0023204347826087,0.0307817039347826,7.59328382947196,4.3,1.99,-1.30328382947196,"Bacteria","Bacillota","Bacilli","Bacillales","DSM-18226","Neobacillus","",25,"Socal","EC"
"351",43,29,21,0,0.00196708695652174,0.0347368334782609,8.08726568091337,4.3,1.99,-1.79726568091337,"Bacteria","Bacillota","Bacilli","Bacillales","DSM-18226","Neobacillus","",25,"Socal","EC"
"352",15,29,21,0,2.35596956521739e-05,3.42828680434782e-05,-0.32,14.57,1.99,16.88,"Bacteria","Pseudomonadota","Gammaproteobacteria","Burkholderiales","Burkholderiaceae","Paraburkholderia","",25,"Socal","EC"
"352",23,29,21,0.20221084031939,0.0291308695652174,0.203295285434783,10.2047367543454,16.88,1.99,8.6652632456546,"Bacteria","Pseudomonadota","Gammaproteobacteria","Burkholderiales","Burkholderiaceae","Paraburkholderia","",25,"Socal","EC"
"352",28,29,21,0.060235829702266,0.0259547826086957,0.327734206521739,8.59084563316183,15.89,1.99,9.28915436683817,"Bacteria","Pseudomonadota","Gammaproteobacteria","Burkholderiales","Burkholderiaceae","Paraburkholderia","",25,"Socal","EC"
"352",33,29,21,0,0.00194569565217391,0.0223216168826087,5.39480529313881,4.3,1.99,0.895194706861187,"Bacteria","Pseudomonadota","Gammaproteobacteria","Burkholderiales","Burkholderiaceae","Paraburkholderia","",25,"Socal","EC"
"352",35,29,21,0.120656440220083,0.0129560869565217,0.109792742391304,8.93880297359327,18.37,1.99,11.4211970264067,"Bacteria","Pseudomonadota","Gammaproteobacteria","Burkholderiales","Burkholderiaceae","Paraburkholderia","",25,"Socal","EC"
"352",38,29,21,0,0.00445239130434783,0.0363306079347826,-9.67708767973902,14.57,1.99,26.237087679739,"Bacteria","Pseudomonadota","Gammaproteobacteria","Burkholderiales","Burkholderiaceae","Paraburkholderia","",25,"Socal","EC"
"352",43,29,21,0,0.00117857391304348,0.0200618320434783,5.71004288011522,4.3,1.99,0.579957119884785,"Bacteria","Pseudomonadota","Gammaproteobacteria","Burkholderiales","Burkholderiaceae","Paraburkholderia","",25,"Socal","EC"
"353",15,29,21,0,0.00158313043478261,0.020991847703913,12.1248360661037,5.46,1.99,-4.67483606610369,"Bacteria","Pseudomonadota","Gammaproteobacteria","Burkholderiales","Burkholderiaceae","Paraburkholderia","Paraburkholderia graminis",25,"Socal","EC"
"353",23,29,21,0.24016837182623,0.0640178260869565,0.421545355434783,6.90539445009735,17.05,1.99,12.1346055499026,"Bacteria","Pseudomonadota","Gammaproteobacteria","Burkholderiales","Burkholderiaceae","Paraburkholderia","Paraburkholderia graminis",25,"Socal","EC"
"353",28,29,21,0.228123050451674,0.052224347826087,0.25051364326087,13.6771033800897,19.86,1.99,8.17289661991034,"Bacteria","Pseudomonadota","Gammaproteobacteria","Burkholderiales","Burkholderiaceae","Paraburkholderia","Paraburkholderia graminis",25,"Socal","EC"
"353",33,29,21,0,0.00266547826086957,0.0472925193478261,5.78219291677822,4.3,1.99,0.507807083221784,"Bacteria","Pseudomonadota","Gammaproteobacteria","Burkholderiales","Burkholderiaceae","Paraburkholderia","Paraburkholderia graminis",25,"Socal","EC"
"353",35,29,21,0.116525221370486,0.0123391304347826,0.153387991304348,8.0826934711819,9.93,1.99,3.8373065288181,"Bacteria","Pseudomonadota","Gammaproteobacteria","Burkholderiales","Burkholderiaceae","Paraburkholderia","Paraburkholderia graminis",25,"Socal","EC"
"353",38,29,21,0,0,0,NA,NA,1.99,NA,"Bacteria","Pseudomonadota","Gammaproteobacteria","Burkholderiales","Burkholderiaceae","Paraburkholderia","Paraburkholderia graminis",25,"Socal","EC"
"353",43,29,21,0,0.00236117391304348,0.0435616595652174,6.0305194412217,4.3,1.99,0.259480558778296,"Bacteria","Pseudomonadota","Gammaproteobacteria","Burkholderiales","Burkholderiaceae","Paraburkholderia","Paraburkholderia graminis",25,"Socal","EC"
"354",15,29,21,0.307631893993025,0.166234782608696,1.17123759282609,11.3937572192495,13.9,1.99,4.49624278075052,"Bacteria","Pseudomonadota","Gammaproteobacteria","Pseudomonadales","Pseudomonadaceae","Pseudomonas_E","",25,"Socal","EC"
"354",23,29,21,0.428414614447751,0.143126086956522,1.24405165826087,8.11692945165574,12.41,1.99,6.28307054834426,"Bacteria","Pseudomonadota","Gammaproteobacteria","Pseudomonadales","Pseudomonadaceae","Pseudomonas_E","",25,"Socal","EC"
"354",28,29,21,0.690155420707305,0.229030434782609,2.80261853139131,5.62771069155404,6.12,1.99,2.48228930844596,"Bacteria","Pseudomonadota","Gammaproteobacteria","Pseudomonadales","Pseudomonadaceae","Pseudomonas_E","",25,"Socal","EC"
"354",33,29,21,0.507285017478365,0.167708695652174,1.89949009347826,6.11950161175611,8.77,1.99,4.64049838824389,"Bacteria","Pseudomonadota","Gammaproteobacteria","Pseudomonadales","Pseudomonadaceae","Pseudomonas_E","",25,"Socal","EC"
"354",35,29,21,0.300276698892251,0.0703560869565217,0.732199900652174,5.80229870905982,7.61,1.99,3.79770129094018,"Bacteria","Pseudomonadota","Gammaproteobacteria","Pseudomonadales","Pseudomonadaceae","Pseudomonas_E","",25,"Socal","EC"
"354",38,29,21,0.215347283653794,0.020855652173913,0.335943788695652,4.79479678609371,4.3,1.99,1.49520321390629,"Bacteria","Pseudomonadota","Gammaproteobacteria","Pseudomonadales","Pseudomonadaceae","Pseudomonas_E","",25,"Socal","EC"
"354",43,29,21,0,0.00405308695652174,0.0658042682608696,-66.2184585676556,4.3,1.99,72.5084585676556,"Bacteria","Pseudomonadota","Gammaproteobacteria","Pseudomonadales","Pseudomonadaceae","Pseudomonas_E","",25,"Socal","EC"
"355",15,29,21,0,0.00179169565217391,0.00724771958695652,7.29744023201123,6.12,1.99,0.812559767988773,"Bacteria","Pseudomonadota","Gammaproteobacteria","Burkholderiales","Burkholderiaceae","Paraburkholderia","",25,"Socal","EC"
"355",23,29,21,0.192150126282053,0.0340178260869565,0.22576367673913,12.8214976742386,16.22,1.99,5.38850232576138,"Bacteria","Pseudomonadota","Gammaproteobacteria","Burkholderiales","Burkholderiaceae","Paraburkholderia","",25,"Socal","EC"
"355",28,29,21,0.207394579131212,0.0254113043478261,0.230320564217391,4.83744961014856,7.28,1.99,4.43255038985144,"Bacteria","Pseudomonadota","Gammaproteobacteria","Burkholderiales","Burkholderiaceae","Paraburkholderia","",25,"Socal","EC"
"355",33,29,21,0,0.00299895652173913,0.0542836280434783,7.11460163250062,6.29,1.99,1.16539836749938,"Bacteria","Pseudomonadota","Gammaproteobacteria","Burkholderiales","Burkholderiaceae","Paraburkholderia","",25,"Socal","EC"
"355",35,29,21,0.137357267427716,0.0197039130434783,0.167259808043478,9.06665979289775,12.74,1.99,5.66334020710225,"Bacteria","Pseudomonadota","Gammaproteobacteria","Burkholderiales","Burkholderiaceae","Paraburkholderia","",25,"Socal","EC"
"355",38,29,21,0,0.000560873913043478,0.00143702364347826,-23.5630723850723,4.3,1.99,29.8530723850723,"Bacteria","Pseudomonadota","Gammaproteobacteria","Burkholderiales","Burkholderiaceae","Paraburkholderia","",25,"Socal","EC"
"355",43,29,21,0,0.00504791304347826,0.0870213986956522,6.42014916819431,13.41,1.99,8.97985083180569,"Bacteria","Pseudomonadota","Gammaproteobacteria","Burkholderiales","Burkholderiaceae","Paraburkholderia","",25,"Socal","EC"
"356",15,29,21,0,0.00667878260869565,0.0971167875217391,4.8729588861372,6.12,1.99,3.2370411138628,"Bacteria","Bacillota","Bacilli","Bacillales","Bacillaceae_H","Priestia","Priestia megaterium",25,"Socal","EC"
"356",23,29,21,0,7.78573913043478e-06,8.89858913043478e-06,0.624248806850252,4.3,1.99,5.66575119314975,"Bacteria","Bacillota","Bacilli","Bacillales","Bacillaceae_H","Priestia","Priestia megaterium",25,"Socal","EC"
"356",28,29,21,0.398426405936334,0.0857530434782609,0.386103120923913,3.18941074142322,5.46,1.99,4.26058925857678,"Bacteria","Bacillota","Bacilli","Bacillales","Bacillaceae_H","Priestia","Priestia megaterium",25,"Socal","EC"
"356",33,29,21,0,0.010085,0.161482006086957,5.36233301477302,12.91,1.99,9.53766698522698,"Bacteria","Bacillota","Bacilli","Bacillales","Bacillaceae_H","Priestia","Priestia megaterium",25,"Socal","EC"
"356",38,29,21,0,0.0584115695652174,0.0802757990232608,1.99,17.54,1.99,17.54,"Bacteria","Bacillota","Bacilli","Bacillales","Bacillaceae_H","Priestia","Priestia megaterium",25,"Socal","EC"
"356",43,29,21,0.167061380122416,0.016875652173913,0.190103633478261,9.45472783591737,14.4,1.99,6.93527216408263,"Bacteria","Bacillota","Bacilli","Bacillales","Bacillaceae_H","Priestia","Priestia megaterium",25,"Socal","EC"
"357",15,29,21,0.247353730077521,0.0899147826086956,0.539185721956522,9.7036260272661,13.9,1.99,6.1863739727339,"Bacteria","Pseudomonadota","Gammaproteobacteria","Pseudomonadales","Pseudomonadaceae","Pseudomonas_E","",25,"Socal","EC"
"357",23,29,21,0.301022488984075,0.116469565217391,1.25152877608696,5.43630819359677,10.92,1.99,7.47369180640323,"Bacteria","Pseudomonadota","Gammaproteobacteria","Pseudomonadales","Pseudomonadaceae","Pseudomonas_E","",25,"Socal","EC"
"357",28,29,21,0.335201616080142,0.155673913043478,1.24632392782609,5.23861574265939,4.3,1.99,1.05138425734061,"Bacteria","Pseudomonadota","Gammaproteobacteria","Pseudomonadales","Pseudomonadaceae","Pseudomonas_E","",25,"Socal","EC"
"357",33,29,21,0.25538181338075,0.103766956521739,0.651010560652174,8.28161251907955,13.24,1.99,6.94838748092045,"Bacteria","Pseudomonadota","Gammaproteobacteria","Pseudomonadales","Pseudomonadaceae","Pseudomonas_E","",25,"Socal","EC"
"357",35,29,21,0,0.00395865217391304,0.0656365278260869,7.83839105823021,5.13,1.99,-0.718391058230213,"Bacteria","Pseudomonadota","Gammaproteobacteria","Pseudomonadales","Pseudomonadaceae","Pseudomonas_E","",25,"Socal","EC"
"357",38,29,21,0,0.00580560869565217,0.0845109852173913,-0.191707812378532,19.86,1.99,22.0417078123785,"Bacteria","Pseudomonadota","Gammaproteobacteria","Pseudomonadales","Pseudomonadaceae","Pseudomonas_E","",25,"Socal","EC"
"357",43,29,21,0,0.0024834347826087,0.0371042465217391,-0.734022492109982,19.86,1.99,22.58402249211,"Bacteria","Pseudomonadota","Gammaproteobacteria","Pseudomonadales","Pseudomonadaceae","Pseudomonas_E","",25,"Socal","EC"
"358",15,29,21,0,0.0130875217391304,0.0729163266304347,11.7676408538095,18.37,1.99,8.59235914619054,"Bacteria","Pseudomonadota","Gammaproteobacteria","Pseudomonadales","Pseudomonadaceae","Pseudomonas_E","Pseudomonas_E sp002080045",25,"Socal","EC"
"358",23,29,21,0.436028702241923,0.0747873913043478,0.445261426586956,7.24684302353094,13.24,1.99,7.98315697646906,"Bacteria","Pseudomonadota","Gammaproteobacteria","Pseudomonadales","Pseudomonadaceae","Pseudomonas_E","Pseudomonas_E sp002080045",25,"Socal","EC"
"358",28,29,21,0,0.00268604347826087,0.0403340522608696,6.14844704053328,4.3,1.99,0.141552959466718,"Bacteria","Pseudomonadota","Gammaproteobacteria","Pseudomonadales","Pseudomonadaceae","Pseudomonas_E","Pseudomonas_E sp002080045",25,"Socal","EC"
"358",33,29,21,0,0.0019154347826087,0.0343159976086956,6.43700344642582,4.3,1.99,-0.147003446425815,"Bacteria","Pseudomonadota","Gammaproteobacteria","Pseudomonadales","Pseudomonadaceae","Pseudomonas_E","Pseudomonas_E sp002080045",25,"Socal","EC"
"358",35,29,21,0,0.00452960869565217,0.0672210495652174,26.1139571105128,17.21,1.99,-6.91395711051275,"Bacteria","Pseudomonadota","Gammaproteobacteria","Pseudomonadales","Pseudomonadaceae","Pseudomonas_E","Pseudomonas_E sp002080045",25,"Socal","EC"
"358",38,29,21,0,0,0,NA,NA,1.99,NA,"Bacteria","Pseudomonadota","Gammaproteobacteria","Pseudomonadales","Pseudomonadaceae","Pseudomonas_E","Pseudomonas_E sp002080045",25,"Socal","EC"
"358",43,29,21,0,0.00128381739130435,0.0187719622608696,-16.8298015332596,12.91,1.99,31.7298015332596,"Bacteria","Pseudomonadota","Gammaproteobacteria","Pseudomonadales","Pseudomonadaceae","Pseudomonas_E","Pseudomonas_E sp002080045",25,"Socal","EC"
"359",15,29,21,0.268071497382844,0.129512608695652,0.680289751369565,5.76690233936654,5.13,1.99,1.35309766063346,"Bacteria","Pseudomonadota","Gammaproteobacteria","Pseudomonadales","Pseudomonadaceae","Pseudomonas_E","Pseudomonas_E sp002080045",25,"Socal","AB"
"359",23,29,21,0.405103273464337,0.169539130434783,1.02205524782609,5.55755990423521,9.43,1.99,5.86244009576479,"Bacteria","Pseudomonadota","Gammaproteobacteria","Pseudomonadales","Pseudomonadaceae","Pseudomonas_E","Pseudomonas_E sp002080045",25,"Socal","AB"
"359",28,29,21,0.0715366314422739,0.0226460869565217,0.265782480652174,4.78473769476137,4.3,1.99,1.50526230523863,"Bacteria","Pseudomonadota","Gammaproteobacteria","Pseudomonadales","Pseudomonadaceae","Pseudomonas_E","Pseudomonas_E sp002080045",25,"Socal","AB"
"359",33,29,21,0,0.00404569565217391,0.0496547802173913,9.19762556370112,11.92,1.99,4.71237443629888,"Bacteria","Pseudomonadota","Gammaproteobacteria","Pseudomonadales","Pseudomonadaceae","Pseudomonas_E","Pseudomonas_E sp002080045",25,"Socal","AB"
"359",38,29,21,0,0.00088,0.00335210543478261,-0.32,4.97,1.99,7.28,"Bacteria","Pseudomonadota","Gammaproteobacteria","Pseudomonadales","Pseudomonadaceae","Pseudomonas_E","Pseudomonas_E sp002080045",25,"Socal","AB"
"359",43,29,21,0,0.00235339130434783,0.0312000187391304,44.553681644785,19.86,1.99,-22.703681644785,"Bacteria","Pseudomonadota","Gammaproteobacteria","Pseudomonadales","Pseudomonadaceae","Pseudomonas_E","Pseudomonas_E sp002080045",25,"Socal","AB"
"360",15,29,21,0.0960803178607815,0.0119351739130435,0.0912261053778261,16.8022302352827,4.97,1.99,-9.84223023528269,"Bacteria","Pseudomonadota","Gammaproteobacteria","Pseudomonadales","Pseudomonadaceae","Stutzerimonas","Stutzerimonas balearica",25,"Socal","AB"
"360",23,29,21,0.28518657662547,0.104891304347826,1.07584227043478,5.92182487186569,8.11,1.99,4.17817512813431,"Bacteria","Pseudomonadota","Gammaproteobacteria","Pseudomonadales","Pseudomonadaceae","Stutzerimonas","Stutzerimonas balearica",25,"Socal","AB"
"360",28,29,21,0.275172318885179,0.0735069565217391,0.917722553260869,4.54698842056871,4.3,1.99,1.74301157943129,"Bacteria","Pseudomonadota","Gammaproteobacteria","Pseudomonadales","Pseudomonadaceae","Stutzerimonas","Stutzerimonas balearica",25,"Socal","AB"
"360",33,29,21,0.170068931100906,0.0821204347826087,1.03997313478261,4.87463521998309,5.79,1.99,2.90536478001691,"Bacteria","Pseudomonadota","Gammaproteobacteria","Pseudomonadales","Pseudomonadaceae","Stutzerimonas","Stutzerimonas balearica",25,"Socal","AB"
"360",35,29,21,0.304345582670573,0.0507169565217391,0.70906217,5.14101983479952,4.3,1.99,1.14898016520048,"Bacteria","Pseudomonadota","Gammaproteobacteria","Pseudomonadales","Pseudomonadaceae","Stutzerimonas","Stutzerimonas balearica",25,"Socal","AB"
"360",38,29,21,0.327929903546032,0.127691304347826,1.86044246521739,4.81963490064017,4.3,1.99,1.47036509935983,"Bacteria","Pseudomonadota","Gammaproteobacteria","Pseudomonadales","Pseudomonadaceae","Stutzerimonas","Stutzerimonas balearica",25,"Socal","AB"
"360",43,29,21,0.300454006904909,0.146634782608696,1.3225915223913,4.34694453305843,4.63,1.99,2.27305546694157,"Bacteria","Pseudomonadota","Gammaproteobacteria","Pseudomonadales","Pseudomonadaceae","Stutzerimonas","Stutzerimonas balearica",25,"Socal","AB"
"361",15,29,21,0,0.000657130434782609,0.00267553412304348,-0.33,4.63,1.99,6.95,"Bacteria","Actinomycetota","Actinomycetia","Actinomycetales","Microbacteriaceae","Curtobacterium","Curtobacterium sp003224335",25,"Socal","AB"
"361",23,29,21,0,0.00196352173913043,0.0175650582173913,155.890620020714,4.97,1.99,-148.930620020714,"Bacteria","Actinomycetota","Actinomycetia","Actinomycetales","Microbacteriaceae","Curtobacterium","Curtobacterium sp003224335",25,"Socal","AB"
"361",28,29,21,0,0.00652347826086957,0.0412637315326087,0.66,4.3,1.99,5.63,"Bacteria","Actinomycetota","Actinomycetia","Actinomycetales","Microbacteriaceae","Curtobacterium","Curtobacterium sp003224335",25,"Socal","AB"
"361",33,29,21,0,0.00114375652173913,0.0197742358695652,4.70792729569653,7.12,1.99,4.40207270430347,"Bacteria","Actinomycetota","Actinomycetia","Actinomycetales","Microbacteriaceae","Curtobacterium","Curtobacterium sp003224335",25,"Socal","AB"
"361",38,29,21,0,0.000295648260869565,0.00209332931543478,30.3945791137709,4.63,1.99,-23.7745791137709,"Bacteria","Actinomycetota","Actinomycetia","Actinomycetales","Microbacteriaceae","Curtobacterium","Curtobacterium sp003224335",25,"Socal","AB"
"361",43,29,21,0,0.00140765217391304,0.0251901160869565,4.27533536168335,4.3,1.99,2.01466463831665,"Bacteria","Actinomycetota","Actinomycetia","Actinomycetales","Microbacteriaceae","Curtobacterium","Curtobacterium sp003224335",25,"Socal","AB"
"362",15,29,21,0,0.00927430434782609,0.0552058082521739,4.34298243335776,8.61,1.99,6.25701756664224,"Bacteria","Pseudomonadota","Gammaproteobacteria","Pseudomonadales","Pseudomonadaceae","Stutzerimonas","",25,"Socal","AB"
"362",23,29,21,0.173100604300934,0.0117138695652174,0.0756298681304348,4.82904881438795,14.73,1.99,11.8909511856121,"Bacteria","Pseudomonadota","Gammaproteobacteria","Pseudomonadales","Pseudomonadaceae","Stutzerimonas","",25,"Socal","AB"
"362",28,29,21,0.214275941235483,0.0440591304347826,0.271394163413043,5.04130502219575,8.44,1.99,5.38869497780425,"Bacteria","Pseudomonadota","Gammaproteobacteria","Pseudomonadales","Pseudomonadaceae","Stutzerimonas","",25,"Socal","AB"
"362",33,29,21,0.29598802984444,0.0322204347826087,0.153719699078261,7.8398722900795,12.08,1.99,6.2301277099205,"Bacteria","Pseudomonadota","Gammaproteobacteria","Pseudomonadales","Pseudomonadaceae","Stutzerimonas","",25,"Socal","AB"
"362",38,29,21,0,0.00581891304347826,0.0882521373913043,7.16478104385473,4.3,1.99,-0.87478104385473,"Bacteria","Pseudomonadota","Gammaproteobacteria","Pseudomonadales","Pseudomonadaceae","Stutzerimonas","",25,"Socal","AB"
"362",43,29,21,0,0.000233675217391304,0.00267279561826087,4.59147041103583,4.3,1.99,1.69852958896417,"Bacteria","Pseudomonadota","Gammaproteobacteria","Pseudomonadales","Pseudomonadaceae","Stutzerimonas","",25,"Socal","AB"
"363",15,29,21,0,0.00402204782608696,0.00411767467565217,-1.38970327516954,10.59,1.99,13.9697032751695,"Bacteria","Pseudomonadota","Gammaproteobacteria","Pseudomonadales","Pseudomonadaceae","Stutzerimonas","",25,"Socal","AB"
"363",23,29,21,0,0.0011766347826087,0.00729994769782609,197.279374457331,19.03,1.99,-176.259374457331,"Bacteria","Pseudomonadota","Gammaproteobacteria","Pseudomonadales","Pseudomonadaceae","Stutzerimonas","",25,"Socal","AB"
"363",28,29,21,0.234846442879666,0.0936026086956522,0.598735163913043,4.07339878410104,5.79,1.99,3.70660121589896,"Bacteria","Pseudomonadota","Gammaproteobacteria","Pseudomonadales","Pseudomonadaceae","Stutzerimonas","",25,"Socal","AB"
"363",33,29,21,0.259399967244544,0.0719726086956522,0.543525733565217,4.85767438742884,6.79,1.99,3.92232561257115,"Bacteria","Pseudomonadota","Gammaproteobacteria","Pseudomonadales","Pseudomonadaceae","Stutzerimonas","",25,"Socal","AB"
"363",38,29,21,0,0.000667230434782609,0.00410260283195652,8.85112302707335,4.3,1.99,-2.56112302707335,"Bacteria","Pseudomonadota","Gammaproteobacteria","Pseudomonadales","Pseudomonadaceae","Stutzerimonas","",25,"Socal","AB"
"363",43,29,21,0,7.72535217391304e-05,0.000493809319565217,1.95944472795306,10.1,1.99,10.1305552720469,"Bacteria","Pseudomonadota","Gammaproteobacteria","Pseudomonadales","Pseudomonadaceae","Stutzerimonas","",25,"Socal","AB"
"364",15,29,21,0.131586923516319,0.014874347826087,0.118990280391304,6.58145644874179,11.75,1.99,7.15854355125821,"Bacteria","Pseudomonadota","Gammaproteobacteria","Pseudomonadales","Pseudomonadaceae","Stutzerimonas","",25,"Socal","AB"
"364",23,29,21,0,0.000674073043478261,0.00318675244347826,0.0989985861201852,13.41,1.99,15.3010014138798,"Bacteria","Pseudomonadota","Gammaproteobacteria","Pseudomonadales","Pseudomonadaceae","Stutzerimonas","",25,"Socal","AB"
"364",28,29,21,0.194650226225827,0.0526765217391304,0.39823177173913,4.62946828952516,7.94,1.99,5.30053171047484,"Bacteria","Pseudomonadota","Gammaproteobacteria","Pseudomonadales","Pseudomonadaceae","Stutzerimonas","",25,"Socal","AB"
"364",33,29,21,0,0.0110680434782609,0.0365299587321739,-0.33,5.13,1.99,7.45,"Bacteria","Pseudomonadota","Gammaproteobacteria","Pseudomonadales","Pseudomonadaceae","Stutzerimonas","",25,"Socal","AB"
"364",38,29,21,0,0.00235286956521739,0.0240581158217391,77.3664631107016,4.3,1.99,-71.0764631107016,"Bacteria","Pseudomonadota","Gammaproteobacteria","Pseudomonadales","Pseudomonadaceae","Stutzerimonas","",25,"Socal","AB"
"364",43,29,21,0,0.00043974347826087,0.00562450201391304,4.36555124814054,5.79,1.99,3.41444875185946,"Bacteria","Pseudomonadota","Gammaproteobacteria","Pseudomonadales","Pseudomonadaceae","Stutzerimonas","",25,"Socal","AB"
"365",15,29,21,0,0.00567823086956522,0.00528779655652174,-6.14521350609139,4.3,1.99,12.4352135060914,"Bacteria","Actinomycetota","Actinomycetia","Streptomycetales","Streptomycetaceae","Streptomyces","",25,"Socal","AB"
"365",23,29,21,0,0.000596595652173913,0.00479733572565217,35.8173229361309,15.56,1.99,-18.2673229361309,"Bacteria","Actinomycetota","Actinomycetia","Streptomycetales","Streptomycetaceae","Streptomyces","",25,"Socal","AB"
"365",28,29,21,0,0.000694739130434783,0.00534239150108696,-32.1157132239774,7.28,1.99,41.3857132239774,"Bacteria","Actinomycetota","Actinomycetia","Streptomycetales","Streptomycetaceae","Streptomyces","",25,"Socal","AB"
"365",33,29,21,0,0,0,NA,NA,1.99,NA,"Bacteria","Actinomycetota","Actinomycetia","Streptomycetales","Streptomycetaceae","Streptomyces","",25,"Socal","AB"
"365",38,29,21,0,0,0,NA,NA,1.99,NA,"Bacteria","Actinomycetota","Actinomycetia","Streptomycetales","Streptomycetaceae","Streptomyces","",25,"Socal","AB"
"365",43,29,21,0,0.00016127652173913,0.00142483646304348,6.79292741847532,12.25,1.99,7.44707258152468,"Bacteria","Actinomycetota","Actinomycetia","Streptomycetales","Streptomycetaceae","Streptomyces","",25,"Socal","AB"
"366",15,29,21,0,0.00546954347826087,0.00689023532,0.5,9.6,1.99,11.09,"Bacteria","Pseudomonadota","Gammaproteobacteria","Burkholderiales","Burkholderiaceae_B","Variovorax","",25,"Socal","AB"
"366",23,29,21,0.0213761319682378,0.010198652173913,0.15124046436087,33.7552973588829,4.47,1.99,-27.2952973588829,"Bacteria","Pseudomonadota","Gammaproteobacteria","Burkholderiales","Burkholderiaceae_B","Variovorax","",25,"Socal","AB"
"366",28,29,21,0,0.00499539130434783,0.073896787173913,21.3470528993275,4.3,1.99,-15.0570528993275,"Bacteria","Pseudomonadota","Gammaproteobacteria","Burkholderiales","Burkholderiaceae_B","Variovorax","",25,"Socal","AB"
"366",33,29,21,0,0.00645604347826087,0.106709671521739,4.45286470353831,4.3,1.99,1.83713529646169,"Bacteria","Pseudomonadota","Gammaproteobacteria","Burkholderiales","Burkholderiaceae_B","Variovorax","",25,"Socal","AB"
"366",35,29,21,0,0.00304117391304348,0.0343661933478261,7.8872383835671,13.57,1.99,7.6727616164329,"Bacteria","Pseudomonadota","Gammaproteobacteria","Burkholderiales","Burkholderiaceae_B","Variovorax","",25,"Socal","AB"
"366",38,29,21,0,0.00935673913043478,0.154379680869565,101.342376393464,5.13,1.99,-94.2223763934639,"Bacteria","Pseudomonadota","Gammaproteobacteria","Burkholderiales","Burkholderiaceae_B","Variovorax","",25,"Socal","AB"
"366",43,29,21,0,0.00154191304347826,0.0266433873478261,4.08170031314521,11.09,1.99,8.99829968685479,"Bacteria","Pseudomonadota","Gammaproteobacteria","Burkholderiales","Burkholderiaceae_B","Variovorax","",25,"Socal","AB"
"367",15,29,21,0.191167825428365,0.0508830434782609,0.302081149130435,7.68180851892853,13.9,1.99,8.20819148107148,"Bacteria","Pseudomonadota","Gammaproteobacteria","Enterobacterales","Enterobacteriaceae","Siccibacter","Siccibacter colletis",25,"Socal","AB"
"367",23,29,21,0.30249014211051,0.160926086956522,1.87733006217391,6.0815047981127,7.28,1.99,3.1884952018873,"Bacteria","Pseudomonadota","Gammaproteobacteria","Enterobacterales","Enterobacteriaceae","Siccibacter","Siccibacter colletis",25,"Socal","AB"
"367",28,29,21,0.426651536456122,0.241678260869565,2.83268133869565,6.04940690967351,7.61,1.99,3.55059309032649,"Bacteria","Pseudomonadota","Gammaproteobacteria","Enterobacterales","Enterobacteriaceae","Siccibacter","Siccibacter colletis",25,"Socal","AB"
"367",33,29,21,0.455092390159429,0.243613043478261,2.8187479,4.69223351378218,7.94,1.99,5.23776648621782,"Bacteria","Pseudomonadota","Gammaproteobacteria","Enterobacterales","Enterobacteriaceae","Siccibacter","Siccibacter colletis",25,"Socal","AB"
"367",35,29,21,0.472814825454029,0.167926086956522,2.50467961913043,4.27072392041047,4.3,1.99,2.01927607958953,"Bacteria","Pseudomonadota","Gammaproteobacteria","Enterobacterales","Enterobacteriaceae","Siccibacter","Siccibacter colletis",25,"Socal","AB"
"367",38,29,21,0.402693056279565,0.205926086956522,3.10402789282609,4.46525514988944,4.3,1.99,1.82474485011056,"Bacteria","Pseudomonadota","Gammaproteobacteria","Enterobacterales","Enterobacteriaceae","Siccibacter","Siccibacter colletis",25,"Socal","AB"
"367",43,29,21,0,0.00842730434782609,0.109290246521739,-0.0244901133484952,19.86,1.99,21.8744901133485,"Bacteria","Pseudomonadota","Gammaproteobacteria","Enterobacterales","Enterobacteriaceae","Siccibacter","Siccibacter colletis",25,"Socal","AB"
"368",15,29,21,0,0.0100263043478261,0.0826052259130435,6.67943424038031,12.08,1.99,7.39056575961969,"Bacteria","Pseudomonadota","Gammaproteobacteria","Pseudomonadales","Pseudomonadaceae","Pseudomonas_B","Pseudomonas_B luteola",25,"Socal","AB"
"368",23,29,21,0.496709077615458,0.0587869565217391,0.3695637605,8.11291098189965,13.57,1.99,7.44708901810035,"Bacteria","Pseudomonadota","Gammaproteobacteria","Pseudomonadales","Pseudomonadaceae","Pseudomonas_B","Pseudomonas_B luteola",25,"Socal","AB"
"368",28,29,21,0.429249832355193,0.150921739130435,1.26918598986957,5.64830401913069,6.29,1.99,2.63169598086931,"Bacteria","Pseudomonadota","Gammaproteobacteria","Pseudomonadales","Pseudomonadaceae","Pseudomonas_B","Pseudomonas_B luteola",25,"Socal","AB"
"368",33,29,21,0.552384986039185,0.1455,1.43975471973913,4.37953532396931,5.79,1.99,3.40046467603069,"Bacteria","Pseudomonadota","Gammaproteobacteria","Pseudomonadales","Pseudomonadaceae","Pseudomonas_B","Pseudomonas_B luteola",25,"Socal","AB"
"368",35,29,21,0.512855063195393,0.105282608695652,1.32842750608696,4.780260038875,4.3,1.99,1.509739961125,"Bacteria","Pseudomonadota","Gammaproteobacteria","Pseudomonadales","Pseudomonadaceae","Pseudomonas_B","Pseudomonas_B luteola",25,"Socal","AB"
"368",38,29,21,0.336831872061034,0.159869565217391,1.7336541626087,5.54825979305054,4.3,1.99,0.741740206949464,"Bacteria","Pseudomonadota","Gammaproteobacteria","Pseudomonadales","Pseudomonadaceae","Pseudomonas_B","Pseudomonas_B luteola",25,"Socal","AB"
"368",43,29,21,0,0.000520860869565217,0.00832568918260869,4.14085099802052,4.63,1.99,2.47914900197948,"Bacteria","Pseudomonadota","Gammaproteobacteria","Pseudomonadales","Pseudomonadaceae","Pseudomonas_B","Pseudomonas_B luteola",25,"Socal","AB"
"369",15,29,21,0.294361677606667,0.129634782608696,0.94234909,9.13542858456077,14.73,1.99,7.58457141543923,"Bacteria","Pseudomonadota","Gammaproteobacteria","Pseudomonadales","Pseudomonadaceae","Pseudomonas_E","",25,"Socal","DC"
"369",23,29,21,0.316589394145108,0.117769565217391,1.12520381693478,11.7016606176608,11.42,1.99,1.70833938233916,"Bacteria","Pseudomonadota","Gammaproteobacteria","Pseudomonadales","Pseudomonadaceae","Pseudomonas_E","",25,"Socal","DC"
"369",28,29,21,0.526829427042843,0.169195652173913,1.95284009391304,6.04543195879869,6.95,1.99,2.89456804120131,"Bacteria","Pseudomonadota","Gammaproteobacteria","Pseudomonadales","Pseudomonadaceae","Pseudomonas_E","",25,"Socal","DC"
"369",33,29,21,0.426231254478426,0.105580869565217,0.810923893043478,5.84940704005515,4.3,1.99,0.440592959944845,"Bacteria","Pseudomonadota","Gammaproteobacteria","Pseudomonadales","Pseudomonadaceae","Pseudomonas_E","",25,"Socal","DC"
"369",35,29,21,0.365468007969996,0.113673913043478,1.002931957,4.8851937816567,4.3,1.99,1.4048062183433,"Bacteria","Pseudomonadota","Gammaproteobacteria","Pseudomonadales","Pseudomonadaceae","Pseudomonas_E","",25,"Socal","DC"
"369",38,29,21,0,0.0147569565217391,0.212915197826087,-0.268879683227585,19.86,1.99,22.1188796832276,"Bacteria","Pseudomonadota","Gammaproteobacteria","Pseudomonadales","Pseudomonadaceae","Pseudomonas_E","",25,"Socal","DC"
"369",43,29,21,0,0.00459165217391304,0.0621273769565217,68.101963819498,4.3,1.99,-61.811963819498,"Bacteria","Pseudomonadota","Gammaproteobacteria","Pseudomonadales","Pseudomonadaceae","Pseudomonas_E","",25,"Socal","DC"
"370",15,29,21,0.192781525670202,0.0864713043478261,0.566804871086957,5.97559317257232,10.26,1.99,6.27440682742768,"Bacteria","Pseudomonadota","Gammaproteobacteria","Enterobacterales","Enterobacteriaceae","Siccibacter","Siccibacter colletis",25,"Socal","DC"
"370",23,29,21,0.312353803558763,0.0979286956521739,0.704098992826087,7.50602662036289,13.57,1.99,8.05397337963711,"Bacteria","Pseudomonadota","Gammaproteobacteria","Enterobacterales","Enterobacteriaceae","Siccibacter","Siccibacter colletis",25,"Socal","DC"
"370",28,29,21,0.505638122363672,0.288234782608696,4.04273153413043,4.35186095137266,4.63,1.99,2.26813904862734,"Bacteria","Pseudomonadota","Gammaproteobacteria","Enterobacterales","Enterobacteriaceae","Siccibacter","Siccibacter colletis",25,"Socal","DC"
"370",33,29,21,0.503551058182626,0.275660869565217,4.115308015,4.29860856979247,4.63,1.99,2.32139143020753,"Bacteria","Pseudomonadota","Gammaproteobacteria","Enterobacterales","Enterobacteriaceae","Siccibacter","Siccibacter colletis",25,"Socal","DC"
"370",35,29,21,0.378463072146418,0.178926086956522,2.45984779347826,4.79600376924056,5.79,1.99,2.98399623075944,"Bacteria","Pseudomonadota","Gammaproteobacteria","Enterobacterales","Enterobacteriaceae","Siccibacter","Siccibacter colletis",25,"Socal","DC"
"370",38,29,21,0.389552840725121,0.232652173913043,3.54383887826087,4.4706736005362,4.3,1.99,1.8193263994638,"Bacteria","Pseudomonadota","Gammaproteobacteria","Enterobacterales","Enterobacteriaceae","Siccibacter","Siccibacter colletis",25,"Socal","DC"
"370",43,29,21,0,0.0102449130434783,0.149813999347826,-2.75862085760157,17.54,1.99,22.2886208576016,"Bacteria","Pseudomonadota","Gammaproteobacteria","Enterobacterales","Enterobacteriaceae","Siccibacter","Siccibacter colletis",25,"Socal","DC"
"371",15,29,21,0,0.00667060869565217,0.0119952644130435,7.04754684214557,6.46,1.99,1.40245315785443,"Bacteria","Pseudomonadota","Gammaproteobacteria","Burkholderiales","Burkholderiaceae","Cupriavidus","",25,"Socal","DC"
"371",23,29,21,0,0.00486613043478261,0.0580133733391304,127.174082323801,4.3,1.99,-120.884082323801,"Bacteria","Pseudomonadota","Gammaproteobacteria","Burkholderiales","Burkholderiaceae","Cupriavidus","",25,"Socal","DC"
"371",28,29,21,0,0.000469060869565217,0.00563865739347826,3.63660598223908,4.3,1.99,2.65339401776092,"Bacteria","Pseudomonadota","Gammaproteobacteria","Burkholderiales","Burkholderiaceae","Cupriavidus","",25,"Socal","DC"
"371",33,29,21,0,0.000685039130434783,0.0112328692304348,5.9563978773426,4.3,1.99,0.333602122657401,"Bacteria","Pseudomonadota","Gammaproteobacteria","Burkholderiales","Burkholderiaceae","Cupriavidus","",25,"Socal","DC"
"371",35,29,21,0,0.00527230434782609,0.0587894630434783,4.01122548931637,4.47,1.99,2.44877451068363,"Bacteria","Pseudomonadota","Gammaproteobacteria","Burkholderiales","Burkholderiaceae","Cupriavidus","",25,"Socal","DC"
"371",38,29,21,0.0419226394423597,0.0318282608695652,0.575219391304348,6.23635513855499,4.3,1.99,0.0536448614450071,"Bacteria","Pseudomonadota","Gammaproteobacteria","Burkholderiales","Burkholderiaceae","Cupriavidus","",25,"Socal","DC"
"371",43,29,21,0,0.00809139130434783,0.106610116086957,9.40910808077552,10.1,1.99,2.68089191922448,"Bacteria","Pseudomonadota","Gammaproteobacteria","Burkholderiales","Burkholderiaceae","Cupriavidus","",25,"Socal","DC"
"372",15,29,21,0,0,0,NA,4.3,1.99,NA,"Bacteria","Bacillota","Bacilli","Bacillales","Bacillaceae_H","Bacillus_I","Bacillus_I filamentosa",25,"Socal","DC"
"372",23,29,21,0,0.000186034782608696,0.00071187805652174,4.41423029910025,4.3,1.99,1.87576970089975,"Bacteria","Bacillota","Bacilli","Bacillales","Bacillaceae_H","Bacillus_I","Bacillus_I filamentosa",25,"Socal","DC"
"372",28,29,21,0.193377032424316,0.0342591304347826,0.200475594434783,7.08104773483865,7.94,1.99,2.84895226516135,"Bacteria","Bacillota","Bacilli","Bacillales","Bacillaceae_H","Bacillus_I","Bacillus_I filamentosa",25,"Socal","DC"
"372",33,29,21,0,0.00281091304347826,0.0391209627608696,5.60789580062008,4.3,1.99,0.682104199379917,"Bacteria","Bacillota","Bacilli","Bacillales","Bacillaceae_H","Bacillus_I","Bacillus_I filamentosa",25,"Socal","DC"
"372",35,29,21,0,0.00056925652173913,0.00870335346086956,5.1775792909913,13.24,1.99,10.0524207090087,"Bacteria","Bacillota","Bacilli","Bacillales","Bacillaceae_H","Bacillus_I","Bacillus_I filamentosa",25,"Socal","DC"
"372",38,29,21,0.340809333727933,0.202417391304348,2.31264002630435,4.41642072202039,4.3,1.99,1.87357927797961,"Bacteria","Bacillota","Bacilli","Bacillales","Bacillaceae_H","Bacillus_I","Bacillus_I filamentosa",25,"Socal","DC"
"372",43,29,21,0,0.00131395652173913,0.0222731097608696,10.4978110681426,4.3,1.99,-4.20781106814256,"Bacteria","Bacillota","Bacilli","Bacillales","Bacillaceae_H","Bacillus_I","Bacillus_I filamentosa",25,"Socal","DC"
"373",15,29,21,0,0.00247287043478261,0.002005279515,-1.16,16.55,1.99,19.7,"Bacteria","Pseudomonadota","Gammaproteobacteria","Burkholderiales","Burkholderiaceae","Telluria","",25,"Socal","DC"
"373",23,29,21,0,0.000365230434782609,0.00161750719782609,3.48625266506495,16.06,1.99,14.563747334935,"Bacteria","Pseudomonadota","Gammaproteobacteria","Burkholderiales","Burkholderiaceae","Telluria","",25,"Socal","DC"
"373",28,29,21,0.270676403282643,0.0523069565217391,0.575873568934783,5.63556800669573,4.3,1.99,0.654431993304273,"Bacteria","Pseudomonadota","Gammaproteobacteria","Burkholderiales","Burkholderiaceae","Telluria","",25,"Socal","DC"
"373",33,29,21,0,0.00586308695652174,0.0531484080652174,14.0049469874518,19.86,1.99,7.84505301254822,"Bacteria","Pseudomonadota","Gammaproteobacteria","Burkholderiales","Burkholderiaceae","Telluria","",25,"Socal","DC"
"373",35,29,21,0,0.0040854347826087,0.0665415713043478,5.68909516870511,4.3,1.99,0.600904831294887,"Bacteria","Pseudomonadota","Gammaproteobacteria","Burkholderiales","Burkholderiaceae","Telluria","",25,"Socal","DC"
"373",38,29,21,0.161122971227646,0.0301282608695652,0.213690227826087,9.38015622454676,12.91,1.99,5.51984377545324,"Bacteria","Pseudomonadota","Gammaproteobacteria","Burkholderiales","Burkholderiaceae","Telluria","",25,"Socal","DC"
"373",43,29,21,0,0.00172752173913043,0.025670095673913,4.06909951080778,4.3,1.99,2.22090048919222,"Bacteria","Pseudomonadota","Gammaproteobacteria","Burkholderiales","Burkholderiaceae","Telluria","",25,"Socal","DC"
"374",15,29,21,0,0.0076525652173913,0.0394777837695652,4.54431631127842,9.77,1.99,7.21568368872158,"Bacteria","Pseudomonadota","Gammaproteobacteria","Pseudomonadales","Pseudomonadaceae","Stutzerimonas","Stutzerimonas stutzeri",25,"Socal","DC"
"374",23,29,21,0.311541255958036,0.035194347826087,0.390254484347826,4.6868859778276,5.3,1.99,2.6031140221724,"Bacteria","Pseudomonadota","Gammaproteobacteria","Pseudomonadales","Pseudomonadaceae","Stutzerimonas","Stutzerimonas stutzeri",25,"Socal","DC"
"374",28,29,21,0.39369621899147,0.148278260869565,2.11277615108696,4.08590608217668,4.3,1.99,2.20409391782332,"Bacteria","Pseudomonadota","Gammaproteobacteria","Pseudomonadales","Pseudomonadaceae","Stutzerimonas","Stutzerimonas stutzeri",25,"Socal","DC"
"374",33,29,21,0.243172148927382,0.137804347826087,2.16959445869565,4.42368605000655,4.3,1.99,1.86631394999345,"Bacteria","Pseudomonadota","Gammaproteobacteria","Pseudomonadales","Pseudomonadaceae","Stutzerimonas","Stutzerimonas stutzeri",25,"Socal","DC"
"374",38,29,21,0.40287325919828,0.148169565217391,1.82629819195652,4.42387077660542,4.3,1.99,1.86612922339458,"Bacteria","Pseudomonadota","Gammaproteobacteria","Pseudomonadales","Pseudomonadaceae","Stutzerimonas","Stutzerimonas stutzeri",25,"Socal","DC"
"374",43,29,21,0.382474569996045,0.060404347826087,0.462191715413043,3.93696635720691,4.63,1.99,2.68303364279309,"Bacteria","Pseudomonadota","Gammaproteobacteria","Pseudomonadales","Pseudomonadaceae","Stutzerimonas","Stutzerimonas stutzeri",25,"Socal","DC"
"375",15,29,21,0,0.0114136086956522,0.0431532611869565,0.83,9.93,1.99,11.09,"Bacteria","Pseudomonadota","Gammaproteobacteria","Pseudomonadales","Pseudomonadaceae","Stutzerimonas","Stutzerimonas stutzeri",25,"Socal","DC"
"375",23,29,21,0.253400340925588,0.0818478260869565,0.781385820652174,4.85448097167347,6.62,1.99,3.75551902832653,"Bacteria","Pseudomonadota","Gammaproteobacteria","Pseudomonadales","Pseudomonadaceae","Stutzerimonas","Stutzerimonas stutzeri",25,"Socal","DC"
"375",28,29,21,0.402680637754588,0.109317391304348,1.14623313957174,5.92897171787297,4.3,1.99,0.361028282127034,"Bacteria","Pseudomonadota","Gammaproteobacteria","Pseudomonadales","Pseudomonadaceae","Stutzerimonas","Stutzerimonas stutzeri",25,"Socal","DC"
"375",33,29,21,0.25597930953985,0.244791304347826,3.39210849782609,6.28455548214344,6.95,1.99,2.65544451785656,"Bacteria","Pseudomonadota","Gammaproteobacteria","Pseudomonadales","Pseudomonadaceae","Stutzerimonas","Stutzerimonas stutzeri",25,"Socal","DC"
"375",38,29,21,0.368816356197885,0.146860869565217,1.36292782978261,4.77871304293432,4.3,1.99,1.51128695706568,"Bacteria","Pseudomonadota","Gammaproteobacteria","Pseudomonadales","Pseudomonadaceae","Stutzerimonas","Stutzerimonas stutzeri",25,"Socal","DC"
"375",43,29,21,0,0.0121520869565217,0.14169068173913,4.10290356299324,4.63,1.99,2.51709643700676,"Bacteria","Pseudomonadota","Gammaproteobacteria","Pseudomonadales","Pseudomonadaceae","Stutzerimonas","Stutzerimonas stutzeri",25,"Socal","DC"
"376",15,29,21,0,0.0100392608695652,0.053103286173913,4.31918247169067,9.93,1.99,7.60081752830933,"Bacteria","Pseudomonadota","Gammaproteobacteria","Enterobacterales","Enterobacteriaceae","Cronobacter","Cronobacter malonaticus",25,"Socal","DC"
"376",23,29,21,0.367371990239434,0.231739130434783,2.12084823934783,4.51206196299633,4.63,1.99,2.10793803700367,"Bacteria","Pseudomonadota","Gammaproteobacteria","Enterobacterales","Enterobacteriaceae","Cronobacter","Cronobacter malonaticus",25,"Socal","DC"
"376",28,29,21,0.497538018623298,0.387286956521739,4.13356633391304,6.23244895627478,6.12,1.99,1.87755104372522,"Bacteria","Pseudomonadota","Gammaproteobacteria","Enterobacterales","Enterobacteriaceae","Cronobacter","Cronobacter malonaticus",25,"Socal","DC"
"376",33,29,21,0.483747364786989,0.310860869565217,4.70659437173913,4.36515734566825,4.63,1.99,2.25484265433175,"Bacteria","Pseudomonadota","Gammaproteobacteria","Enterobacterales","Enterobacteriaceae","Cronobacter","Cronobacter malonaticus",25,"Socal","DC"
"376",35,29,21,0.420166756397707,0.228917391304348,3.66437390695652,5.79492774710821,4.3,1.99,0.495072252891791,"Bacteria","Pseudomonadota","Gammaproteobacteria","Enterobacterales","Enterobacteriaceae","Cronobacter","Cronobacter malonaticus",25,"Socal","DC"
"376",38,29,21,0.267409728264292,0.365186956521739,6.59102175434783,6.13816238999212,4.3,1.99,0.151837610007883,"Bacteria","Pseudomonadota","Gammaproteobacteria","Enterobacterales","Enterobacteriaceae","Cronobacter","Cronobacter malonaticus",25,"Socal","DC"
"376",43,29,21,0.356322994032968,0.111336956521739,0.479134078260869,8.41923306244268,19.53,1.99,13.1007669375573,"Bacteria","Pseudomonadota","Gammaproteobacteria","Enterobacterales","Enterobacteriaceae","Cronobacter","Cronobacter malonaticus",25,"Socal","DC"
"377",15,29,21,0,0.0164092608695652,0.121415222608696,8.08518137989266,18.7,1.99,12.6048186201073,"Bacteria","Pseudomonadota","Gammaproteobacteria","Pseudomonadales","Pseudomonadaceae","Pseudomonas_E","Pseudomonas_E argentinensis_B",25,"Socal","DC"
"377",23,29,21,0.435828441077362,0.0547839130434783,0.391157044717391,7.4723921223351,13.9,1.99,8.4176078776649,"Bacteria","Pseudomonadota","Gammaproteobacteria","Pseudomonadales","Pseudomonadaceae","Pseudomonas_E","Pseudomonas_E argentinensis_B",25,"Socal","DC"
"377",28,29,21,0.377007113806348,0.181439130434783,1.42297816826087,7.73129056817277,9.43,1.99,3.68870943182723,"Bacteria","Pseudomonadota","Gammaproteobacteria","Pseudomonadales","Pseudomonadaceae","Pseudomonas_E","Pseudomonas_E argentinensis_B",25,"Socal","DC"
"377",33,29,21,0.526663168290085,0.154282608695652,1.63543491173913,4.39898676908038,6.29,1.99,3.88101323091962,"Bacteria","Pseudomonadota","Gammaproteobacteria","Pseudomonadales","Pseudomonadaceae","Pseudomonas_E","Pseudomonas_E argentinensis_B",25,"Socal","DC"
"377",35,29,21,0.257738508663613,0.0829734782608696,0.625380391304348,5.35276866035838,8.77,1.99,5.40723133964162,"Bacteria","Pseudomonadota","Gammaproteobacteria","Pseudomonadales","Pseudomonadaceae","Pseudomonas_E","Pseudomonas_E argentinensis_B",25,"Socal","DC"
"377",38,29,21,0.187562259499268,0.0461021739130435,0.475332456304348,4.40791156895718,4.63,1.99,2.21208843104283,"Bacteria","Pseudomonadota","Gammaproteobacteria","Pseudomonadales","Pseudomonadaceae","Pseudomonas_E","Pseudomonas_E argentinensis_B",25,"Socal","DC"
"377",43,29,21,0,0.00227513043478261,0.0339989639130435,6.42391431827907,16.55,1.99,12.1160856817209,"Bacteria","Pseudomonadota","Gammaproteobacteria","Pseudomonadales","Pseudomonadaceae","Pseudomonas_E","Pseudomonas_E argentinensis_B",25,"Socal","DC"
"378",15,29,21,0,0.0115915652173913,0.0246433016304348,5.42076659340302,16.88,1.99,13.449233406597,"Bacteria","Pseudomonadota","Gammaproteobacteria","Pseudomonadales","Pseudomonadaceae","Stutzerimonas","",25,"Socal","DC"
"378",23,29,21,0,0.00852247826086957,0.0841900354782609,6.5135895109404,4.3,1.99,-0.223589510940399,"Bacteria","Pseudomonadota","Gammaproteobacteria","Pseudomonadales","Pseudomonadaceae","Stutzerimonas","",25,"Socal","DC"
"378",28,29,21,0.277431499992182,0.0969204347826087,0.659613525521739,4.68948076077557,5.13,1.99,2.43051923922443,"Bacteria","Pseudomonadota","Gammaproteobacteria","Pseudomonadales","Pseudomonadaceae","Stutzerimonas","",25,"Socal","DC"
"378",33,29,21,0.329114864349333,0.0500073913043478,0.338310830869565,5.94518072542586,11.09,1.99,7.13481927457414,"Bacteria","Pseudomonadota","Gammaproteobacteria","Pseudomonadales","Pseudomonadaceae","Stutzerimonas","",25,"Socal","DC"
"378",35,29,21,0,0.00651578260869565,0.072714332173913,6.38581813207844,8.77,1.99,4.37418186792156,"Bacteria","Pseudomonadota","Gammaproteobacteria","Pseudomonadales","Pseudomonadaceae","Stutzerimonas","",25,"Socal","DC"
"378",38,29,21,0.0970886082305483,0.0117447826086957,0.178672298695652,4.46993982127255,4.3,1.99,1.82006017872745,"Bacteria","Pseudomonadota","Gammaproteobacteria","Pseudomonadales","Pseudomonadaceae","Stutzerimonas","",25,"Socal","DC"
"378",43,29,21,0,0.00019242347826087,0.00179591748521739,4.25867103377653,12.08,1.99,9.81132896622347,"Bacteria","Pseudomonadota","Gammaproteobacteria","Pseudomonadales","Pseudomonadaceae","Stutzerimonas","",25,"Socal","DC"
"379",15,29,21,0,0.0174223043478261,0.100271200869565,8.79080636748005,18.37,1.99,11.5691936325199,"Bacteria","Pseudomonadota","Gammaproteobacteria","Pseudomonadales","Pseudomonadaceae","Pseudomonas_E","Pseudomonas_E argentinensis_B",25,"Socal","DC"
"379",23,29,21,0.464634869938113,0.0547317391304348,0.343654658826087,7.98359306010205,13.9,1.99,7.90640693989796,"Bacteria","Pseudomonadota","Gammaproteobacteria","Pseudomonadales","Pseudomonadaceae","Pseudomonas_E","Pseudomonas_E argentinensis_B",25,"Socal","DC"
"379",28,29,21,0.402019856854864,0.168773913043478,1.36372209256522,8.9716516048874,9.43,1.99,2.4483483951126,"Bacteria","Pseudomonadota","Gammaproteobacteria","Pseudomonadales","Pseudomonadaceae","Pseudomonas_E","Pseudomonas_E argentinensis_B",25,"Socal","DC"
"379",33,29,21,0.534944399768541,0.15084347826087,1.5343463746087,5.22836754473919,6.62,1.99,3.38163245526081,"Bacteria","Pseudomonadota","Gammaproteobacteria","Pseudomonadales","Pseudomonadaceae","Pseudomonas_E","Pseudomonas_E argentinensis_B",25,"Socal","DC"
"379",35,29,21,0.351116074729794,0.131434782608696,1.03198724695652,5.30516372655116,7.94,1.99,4.62483627344884,"Bacteria","Pseudomonadota","Gammaproteobacteria","Pseudomonadales","Pseudomonadaceae","Pseudomonas_E","Pseudomonas_E argentinensis_B",25,"Socal","DC"
"379",38,29,21,0.211625685493203,0.0473760869565217,0.558157766956522,4.6013861011577,4.3,1.99,1.6886138988423,"Bacteria","Pseudomonadota","Gammaproteobacteria","Pseudomonadales","Pseudomonadaceae","Pseudomonas_E","Pseudomonas_E argentinensis_B",25,"Socal","DC"
"379",43,29,21,0,0.0033055652173913,0.0484482247826087,-4.31698461069961,18.04,1.99,24.3469846106996,"Bacteria","Pseudomonadota","Gammaproteobacteria","Pseudomonadales","Pseudomonadaceae","Pseudomonas_E","Pseudomonas_E argentinensis_B",25,"Socal","DC"
"380",15,29,21,0.190846020709174,0.124983043478261,0.840159606956522,4.09523778393896,7.28,1.99,5.17476221606104,"Bacteria","Pseudomonadota","Gammaproteobacteria","Pseudomonadales","Pseudomonadaceae","Pseudomonas_E","",25,"Socal","PF"
"380",23,29,21,0.300887439886746,0.0714339130434783,0.317830390158696,1.32,4.3,1.99,4.97,"Bacteria","Pseudomonadota","Gammaproteobacteria","Pseudomonadales","Pseudomonadaceae","Pseudomonas_E","",25,"Socal","PF"
"380",28,29,21,0.28706069535381,0.156934782608696,2.17542825434783,4.62876980430488,4.97,1.99,2.33123019569512,"Bacteria","Pseudomonadota","Gammaproteobacteria","Pseudomonadales","Pseudomonadaceae","Pseudomonas_E","",25,"Socal","PF"
"380",33,29,21,0.15198791934457,0.131426086956522,0.947057275652174,5.04927897603953,6.62,1.99,3.56072102396047,"Bacteria","Pseudomonadota","Gammaproteobacteria","Pseudomonadales","Pseudomonadaceae","Pseudomonas_E","",25,"Socal","PF"
"380",35,29,21,0.224616365069599,0.0447604347826087,0.362544847826087,5.71350044974849,6.12,1.99,2.39649955025151,"Bacteria","Pseudomonadota","Gammaproteobacteria","Pseudomonadales","Pseudomonadaceae","Pseudomonas_E","",25,"Socal","PF"
"380",38,29,21,0,0.00821547826086957,0.127718354782609,5.11027741928881,4.3,1.99,1.17972258071119,"Bacteria","Pseudomonadota","Gammaproteobacteria","Pseudomonadales","Pseudomonadaceae","Pseudomonas_E","",25,"Socal","PF"
"380",43,29,21,0,0.00440960869565217,0.0615820943478261,26.7250194062643,4.3,1.99,-20.4350194062643,"Bacteria","Pseudomonadota","Gammaproteobacteria","Pseudomonadales","Pseudomonadaceae","Pseudomonas_E","",25,"Socal","PF"
"381",15,29,21,0,0.0122696956521739,0.0196650815869565,7.83636096844759,17.54,1.99,11.6936390315524,"Bacteria","Pseudomonadota","Gammaproteobacteria","Xanthomonadales","Xanthomonadaceae","Stenotrophomonas","Stenotrophomonas hibiscicola",25,"Socal","PF"
"381",23,29,21,0,0.00148139130434783,0.00977761807869565,-103.761219921598,4.3,1.99,110.051219921598,"Bacteria","Pseudomonadota","Gammaproteobacteria","Xanthomonadales","Xanthomonadaceae","Stenotrophomonas","Stenotrophomonas hibiscicola",25,"Socal","PF"
"381",28,29,21,0,0.00283217391304348,0.0451966882826087,5.7456826993616,4.3,1.99,0.544317300638403,"Bacteria","Pseudomonadota","Gammaproteobacteria","Xanthomonadales","Xanthomonadaceae","Stenotrophomonas","Stenotrophomonas hibiscicola",25,"Socal","PF"
"381",33,29,21,0,0.00607904347826087,0.110815649782609,6.32772688111052,10.1,1.99,5.76227311888948,"Bacteria","Pseudomonadota","Gammaproteobacteria","Xanthomonadales","Xanthomonadaceae","Stenotrophomonas","Stenotrophomonas hibiscicola",25,"Socal","PF"
"381",35,29,21,0,0.00366365217391304,0.0655608539130435,6.51314791215318,4.3,1.99,-0.223147912153176,"Bacteria","Pseudomonadota","Gammaproteobacteria","Xanthomonadales","Xanthomonadaceae","Stenotrophomonas","Stenotrophomonas hibiscicola",25,"Socal","PF"
"381",38,29,21,0.134809955038655,0.0910239130434783,1.03326632608696,4.79717852010412,4.3,1.99,1.49282147989588,"Bacteria","Pseudomonadota","Gammaproteobacteria","Xanthomonadales","Xanthomonadaceae","Stenotrophomonas","Stenotrophomonas hibiscicola",25,"Socal","PF"
"381",43,29,21,0,0.00442295652173913,0.0705288986956522,-0.245346728446926,19.86,1.99,22.0953467284469,"Bacteria","Pseudomonadota","Gammaproteobacteria","Xanthomonadales","Xanthomonadaceae","Stenotrophomonas","Stenotrophomonas hibiscicola",25,"Socal","PF"
"382",15,29,21,0.287646101396475,0.0830308695652174,0.440519696521739,10.5021554064229,17.21,1.99,8.69784459357715,"Bacteria","Pseudomonadota","Gammaproteobacteria","Pseudomonadales","Pseudomonadaceae","Pseudomonas_E","",25,"Socal","PF"
"382",23,29,21,0.399218824701758,0.0659026086956522,0.552710020336956,10.5021389476984,11.09,1.99,2.57786105230164,"Bacteria","Pseudomonadota","Gammaproteobacteria","Pseudomonadales","Pseudomonadaceae","Pseudomonas_E","",25,"Socal","PF"
"382",28,29,21,0.418095639499267,0.18605652173913,2.16523277217391,6.18784013700997,8.77,1.99,4.57215986299003,"Bacteria","Pseudomonadota","Gammaproteobacteria","Pseudomonadales","Pseudomonadaceae","Pseudomonas_E","",25,"Socal","PF"
"382",33,29,21,0.317120850101286,0.0703378260869565,0.473581740682609,4.78058769102705,4.3,1.99,1.50941230897295,"Bacteria","Pseudomonadota","Gammaproteobacteria","Pseudomonadales","Pseudomonadaceae","Pseudomonas_E","",25,"Socal","PF"
"382",35,29,21,0.264167157249511,0.0662995652173913,0.665746008478261,4.4959138547425,4.3,1.99,1.7940861452575,"Bacteria","Pseudomonadota","Gammaproteobacteria","Pseudomonadales","Pseudomonadaceae","Pseudomonas_E","",25,"Socal","PF"
"382",38,29,21,0.011824724238602,0.010108652173913,0.113256715217391,9.70429852101142,4.3,1.99,-3.41429852101142,"Bacteria","Pseudomonadota","Gammaproteobacteria","Pseudomonadales","Pseudomonadaceae","Pseudomonas_E","",25,"Socal","PF"
"382",43,29,21,0,0.00258869565217391,0.0283224883478261,544.33655479838,4.3,1.99,-538.04655479838,"Bacteria","Pseudomonadota","Gammaproteobacteria","Pseudomonadales","Pseudomonadaceae","Pseudomonas_E","",25,"Socal","PF"
"383",15,29,21,0.283398373793116,0.0943960869565217,0.442488716913043,13.8494654017393,18.04,1.99,6.18053459826071,"Bacteria","Pseudomonadota","Gammaproteobacteria","Pseudomonadales","Pseudomonadaceae","Pseudomonas_E","",25,"Socal","PF"
"383",23,29,21,0.292583170664097,0.0476069565217391,0.433969177826087,7.8642516465215,10.92,1.99,5.0457483534785,"Bacteria","Pseudomonadota","Gammaproteobacteria","Pseudomonadales","Pseudomonadaceae","Pseudomonas_E","",25,"Socal","PF"
"383",28,29,21,0.477519542186295,0.186947826086957,2.01477622086957,6.14045858611314,8.11,1.99,3.95954141388686,"Bacteria","Pseudomonadota","Gammaproteobacteria","Pseudomonadales","Pseudomonadaceae","Pseudomonas_E","",25,"Socal","PF"
"383",33,29,21,0.344897783886172,0.0909365217391304,0.64917530883913,5.02683744705339,4.3,1.99,1.26316255294661,"Bacteria","Pseudomonadota","Gammaproteobacteria","Pseudomonadales","Pseudomonadaceae","Pseudomonas_E","",25,"Socal","PF"
"383",35,29,21,0.295213974243911,0.0682560869565217,0.672524712391304,5.12681743713214,5.46,1.99,2.32318256286786,"Bacteria","Pseudomonadota","Gammaproteobacteria","Pseudomonadales","Pseudomonadaceae","Pseudomonas_E","",25,"Socal","PF"
"383",38,29,21,0,0,0,NA,NA,1.99,NA,"Bacteria","Pseudomonadota","Gammaproteobacteria","Pseudomonadales","Pseudomonadaceae","Pseudomonas_E","",25,"Socal","PF"
"383",43,29,21,0,0.002336,0.0306086007608696,-68.8018820067356,4.3,1.99,75.0918820067356,"Bacteria","Pseudomonadota","Gammaproteobacteria","Pseudomonadales","Pseudomonadaceae","Pseudomonas_E","",25,"Socal","PF"
"384",15,29,21,0,0,0,NA,NA,1.99,NA,"Bacteria","Bacillota","Bacilli","Bacillales","Bacillaceae_H","Priestia","",25,"Socal","PF"
"384",23,29,21,0,0.000120822173913043,0.000459970002173912,4.31964302636489,4.3,1.99,1.97035697363511,"Bacteria","Bacillota","Bacilli","Bacillales","Bacillaceae_H","Priestia","",25,"Socal","PF"
"384",28,29,21,0.500049670602714,0.0894573913043478,1.01434308241304,4.23102172891138,4.3,1.99,2.05897827108861,"Bacteria","Bacillota","Bacilli","Bacillales","Bacillaceae_H","Priestia","",25,"Socal","PF"
"384",33,29,21,0.543468336720728,0.201530434782609,1.8730185436087,4.22000951246871,5.13,1.99,2.89999048753129,"Bacteria","Bacillota","Bacilli","Bacillales","Bacillaceae_H","Priestia","",25,"Socal","PF"
"384",35,29,21,0.621864821534406,0.202052173913043,2.12498984806739,6.05842015024984,4.3,1.99,0.231579849750156,"Bacteria","Bacillota","Bacilli","Bacillales","Bacillaceae_H","Priestia","",25,"Socal","PF"
"384",38,29,21,0.372586617094932,0.2334,2.47241575304348,5.77481377058582,4.3,1.99,0.515186229414182,"Bacteria","Bacillota","Bacilli","Bacillales","Bacillaceae_H","Priestia","",25,"Socal","PF"
"384",43,29,21,0.597114609879797,0.215204347826087,2.00019915804348,4.45604400227418,5.46,1.99,2.99395599772582,"Bacteria","Bacillota","Bacilli","Bacillales","Bacillaceae_H","Priestia","",25,"Socal","PF"
"385",15,29,21,0.195565002627773,0.187108695652174,2.05386430869565,8.5423333804312,12.74,1.99,6.1876666195688,"Bacteria","Pseudomonadota","Gammaproteobacteria","Pseudomonadales","Pseudomonadaceae","Pseudomonas_E","Pseudomonas_E fluorescens_AO",25,"Socal","PF"
"385",23,29,21,0.342644331705636,0.188691304347826,1.59241259195652,6.40949127567551,6.95,1.99,2.53050872432449,"Bacteria","Pseudomonadota","Gammaproteobacteria","Pseudomonadales","Pseudomonadaceae","Pseudomonas_E","Pseudomonas_E fluorescens_AO",25,"Socal","PF"
"385",28,29,21,0.389763970485689,0.210921739130435,1.91804861956522,4.16358443255251,4.3,1.99,2.12641556744749,"Bacteria","Pseudomonadota","Gammaproteobacteria","Pseudomonadales","Pseudomonadaceae","Pseudomonas_E","Pseudomonas_E fluorescens_AO",25,"Socal","PF"
"385",33,29,21,0.309844305412676,0.150795652173913,1.05154530469565,9.61588939014122,9.93,1.99,2.30411060985878,"Bacteria","Pseudomonadota","Gammaproteobacteria","Pseudomonadales","Pseudomonadaceae","Pseudomonas_E","Pseudomonas_E fluorescens_AO",25,"Socal","PF"
"385",35,29,21,0.264077922847375,0.0796126086956522,0.634536251304348,6.00918155812498,7.28,1.99,3.26081844187502,"Bacteria","Pseudomonadota","Gammaproteobacteria","Pseudomonadales","Pseudomonadaceae","Pseudomonas_E","Pseudomonas_E fluorescens_AO",25,"Socal","PF"
"385",38,29,21,0,0.00733652173913043,0.0763323330434783,6.57462073575399,19.03,1.99,14.445379264246,"Bacteria","Pseudomonadota","Gammaproteobacteria","Pseudomonadales","Pseudomonadaceae","Pseudomonas_E","Pseudomonas_E fluorescens_AO",25,"Socal","PF"
"385",43,29,21,0,0.00394034782608696,0.0515229639130435,17.0223540515972,12.91,1.99,-2.12235405159719,"Bacteria","Pseudomonadota","Gammaproteobacteria","Pseudomonadales","Pseudomonadaceae","Pseudomonas_E","Pseudomonas_E fluorescens_AO",25,"Socal","PF"
"386",15,29,21,0.278724032834584,0.116026086956522,0.762715421304348,7.9768886242893,15.72,1.99,9.7331113757107,"Bacteria","Pseudomonadota","Gammaproteobacteria","Pseudomonadales","Pseudomonadaceae","Pseudomonas_E","",25,"Socal","PF"
"386",23,29,21,0.363627100158742,0.0615595652173913,0.517478066913043,8.13138203931425,10.59,1.99,4.44861796068575,"Bacteria","Pseudomonadota","Gammaproteobacteria","Pseudomonadales","Pseudomonadaceae","Pseudomonas_E","",25,"Socal","PF"
"386",28,29,21,0.534128133272245,0.186065217391304,2.03440750347826,5.93020230062348,8.44,1.99,4.49979769937652,"Bacteria","Pseudomonadota","Gammaproteobacteria","Pseudomonadales","Pseudomonadaceae","Pseudomonas_E","",25,"Socal","PF"
"386",33,29,21,0.307222757851076,0.0685291304347826,0.493036466456522,7.08456762241547,6.62,1.99,1.52543237758453,"Bacteria","Pseudomonadota","Gammaproteobacteria","Pseudomonadales","Pseudomonadaceae","Pseudomonas_E","",25,"Socal","PF"
"386",35,29,21,0.187689858795504,0.0713126086956522,0.687810993695652,8.61207343980228,10.59,1.99,3.96792656019772,"Bacteria","Pseudomonadota","Gammaproteobacteria","Pseudomonadales","Pseudomonadaceae","Pseudomonas_E","",25,"Socal","PF"
"386",38,29,21,0,0,0,NA,NA,1.99,NA,"Bacteria","Pseudomonadota","Gammaproteobacteria","Pseudomonadales","Pseudomonadaceae","Pseudomonas_E","",25,"Socal","PF"
"386",43,29,21,0,0.00139683043478261,0.0169590085,3.47018978233001,13.08,1.99,11.59981021767,"Bacteria","Pseudomonadota","Gammaproteobacteria","Pseudomonadales","Pseudomonadaceae","Pseudomonas_E","",25,"Socal","PF"
"387",15,29,21,0,0.0131570173913043,0.012216616,-6.04843912946361,4.3,1.99,12.3384391294636,"Bacteria","Bacillota","Bacilli","Bacillales","Bacillaceae_H","Priestia","",25,"Socal","SJ"
"387",23,29,21,0,0.000351155652173913,0.0018591786826087,1.42540940393271,11.75,1.99,12.3145905960673,"Bacteria","Bacillota","Bacilli","Bacillales","Bacillaceae_H","Priestia","",25,"Socal","SJ"
"387",28,29,21,0,0,0,NA,NA,1.99,NA,"Bacteria","Bacillota","Bacilli","Bacillales","Bacillaceae_H","Priestia","",25,"Socal","SJ"
"387",33,29,21,0,0,0,NA,NA,1.99,NA,"Bacteria","Bacillota","Bacilli","Bacillales","Bacillaceae_H","Priestia","",25,"Socal","SJ"
"387",35,29,21,0,7.07826086956522e-07,6.01652173913037e-08,NA,19.86,1.99,NA,"Bacteria","Bacillota","Bacilli","Bacillales","Bacillaceae_H","Priestia","",25,"Socal","SJ"
"387",38,29,21,0,0,0,NA,4.3,1.99,NA,"Bacteria","Bacillota","Bacilli","Bacillales","Bacillaceae_H","Priestia","",25,"Socal","SJ"
"387",43,29,21,0,3.43766086956522e-05,0.000134377894347826,-0.33,10.92,1.99,13.24,"Bacteria","Bacillota","Bacilli","Bacillales","Bacillaceae_H","Priestia","",25,"Socal","SJ"
"388",15,29,21,0,0.0149614347826087,0.0187321245217391,-9.38354330872635,4.3,1.99,15.6735433087264,"Bacteria","Pseudomonadota","Gammaproteobacteria","Burkholderiales","Burkholderiaceae","Cupriavidus","Cupriavidus cauae",25,"Socal","SJ"
"388",23,29,21,0,0.00254434782608696,0.0201683669782609,32.9796085663686,4.3,1.99,-26.6896085663686,"Bacteria","Pseudomonadota","Gammaproteobacteria","Burkholderiales","Burkholderiaceae","Cupriavidus","Cupriavidus cauae",25,"Socal","SJ"
"388",28,29,21,0,0.00162873913043478,0.0262257701717391,5.47264409210675,4.3,1.99,0.817355907893248,"Bacteria","Pseudomonadota","Gammaproteobacteria","Burkholderiales","Burkholderiaceae","Cupriavidus","Cupriavidus cauae",25,"Socal","SJ"
"388",33,29,21,0,0.00129786956521739,0.022099274173913,10.0557214040641,4.3,1.99,-3.76572140406413,"Bacteria","Pseudomonadota","Gammaproteobacteria","Burkholderiales","Burkholderiaceae","Cupriavidus","Cupriavidus cauae",25,"Socal","SJ"
"388",35,29,21,0,0.00692013043478261,0.0940982886956522,4.61534447657947,5.79,1.99,3.16465552342053,"Bacteria","Pseudomonadota","Gammaproteobacteria","Burkholderiales","Burkholderiaceae","Cupriavidus","Cupriavidus cauae",25,"Socal","SJ"
"388",38,29,21,0.0671708872388568,0.0247673913043478,0.408007804347826,4.96170650370296,4.3,1.99,1.32829349629704,"Bacteria","Pseudomonadota","Gammaproteobacteria","Burkholderiales","Burkholderiaceae","Cupriavidus","Cupriavidus cauae",25,"Socal","SJ"
"388",43,29,21,0,0.00776965217391304,0.0873165291304348,6.6268436191973,7.61,1.99,2.9731563808027,"Bacteria","Pseudomonadota","Gammaproteobacteria","Burkholderiales","Burkholderiaceae","Cupriavidus","Cupriavidus cauae",25,"Socal","SJ"
"389",15,29,21,0.246259162703694,0.269026086956522,1.9802688173913,4.44023172433683,8.44,1.99,5.98976827566317,"Bacteria","Pseudomonadota","Gammaproteobacteria","Enterobacterales","Enterobacteriaceae","Enterobacter","Enterobacter hormaechei_A",25,"Socal","SJ"
"389",23,29,21,0.457178790824671,0.317608695652174,3.60289035608696,3.84494091243393,4.3,1.99,2.44505908756607,"Bacteria","Pseudomonadota","Gammaproteobacteria","Enterobacterales","Enterobacteriaceae","Enterobacter","Enterobacter hormaechei_A",25,"Socal","SJ"
"389",28,29,21,0.539552479868263,0.43074347826087,6.37397271043478,5.14278998008228,4.3,1.99,1.14721001991772,"Bacteria","Pseudomonadota","Gammaproteobacteria","Enterobacterales","Enterobacteriaceae","Enterobacter","Enterobacter hormaechei_A",25,"Socal","SJ"
"389",33,29,21,0.578861102356791,0.346182608695652,5.53791363521739,5.99908741546259,4.3,1.99,0.290912584537407,"Bacteria","Pseudomonadota","Gammaproteobacteria","Enterobacterales","Enterobacteriaceae","Enterobacter","Enterobacter hormaechei_A",25,"Socal","SJ"
"389",35,29,21,0.353951002242497,0.328508695652174,5.51337407086957,6.00623969663193,4.3,1.99,0.283760303368071,"Bacteria","Pseudomonadota","Gammaproteobacteria","Enterobacterales","Enterobacteriaceae","Enterobacter","Enterobacter hormaechei_A",25,"Socal","SJ"
"389",38,29,21,0.413277740921341,0.4244,7.15507610869565,5.97983153600248,4.3,1.99,0.310168463997521,"Bacteria","Pseudomonadota","Gammaproteobacteria","Enterobacterales","Enterobacteriaceae","Enterobacter","Enterobacter hormaechei_A",25,"Socal","SJ"
"389",43,29,21,0,0.0128547826086957,0.207045489347826,-81.1120451009278,4.3,1.99,87.4020451009278,"Bacteria","Pseudomonadota","Gammaproteobacteria","Enterobacterales","Enterobacteriaceae","Enterobacter","Enterobacter hormaechei_A",25,"Socal","SJ"
"390",15,29,21,0.227102326991758,0.101462173913043,0.782854256521739,4.23826784920423,8.44,1.99,6.19173215079577,"Bacteria","Pseudomonadota","Gammaproteobacteria","Pseudomonadales","Pseudomonadaceae","Pseudomonas_E","Pseudomonas_E sp022662375",25,"Socal","SJ"
"390",23,29,21,0.262856742023906,0.0954752173913044,0.688644354652174,4.33079585923554,4.8,1.99,2.45920414076446,"Bacteria","Pseudomonadota","Gammaproteobacteria","Pseudomonadales","Pseudomonadaceae","Pseudomonas_E","Pseudomonas_E sp022662375",25,"Socal","SJ"
"390",28,29,21,0.385197786670625,0.147386956521739,1.72856992326087,4.78384169927312,5.13,1.99,2.33615830072688,"Bacteria","Pseudomonadota","Gammaproteobacteria","Pseudomonadales","Pseudomonadaceae","Pseudomonas_E","Pseudomonas_E sp022662375",25,"Socal","SJ"
"390",33,29,21,0,0.00409786956521739,0.0656600845652174,8.60747836468043,19.86,1.99,13.2425216353196,"Bacteria","Pseudomonadota","Gammaproteobacteria","Pseudomonadales","Pseudomonadaceae","Pseudomonas_E","Pseudomonas_E sp022662375",25,"Socal","SJ"
"390",35,29,21,0,0.00516004347826087,0.0883970060869565,3.40581828891686,19.53,1.99,18.1141817110831,"Bacteria","Pseudomonadota","Gammaproteobacteria","Pseudomonadales","Pseudomonadaceae","Pseudomonas_E","Pseudomonas_E sp022662375",25,"Socal","SJ"
"390",38,29,21,0,0.000464195217391304,0.00356845556652174,1.99,4.3,1.99,4.3,"Bacteria","Pseudomonadota","Gammaproteobacteria","Pseudomonadales","Pseudomonadaceae","Pseudomonas_E","Pseudomonas_E sp022662375",25,"Socal","SJ"
"390",43,29,21,0,0.00696208695652174,0.0982123552173913,4.60399272892295,19.86,1.99,17.246007271077,"Bacteria","Pseudomonadota","Gammaproteobacteria","Pseudomonadales","Pseudomonadaceae","Pseudomonas_E","Pseudomonas_E sp022662375",25,"Socal","SJ"
"391",15,29,21,0.204328914377737,0.261095652173913,1.52763322826087,4.64283200482786,8.44,1.99,5.78716799517214,"Bacteria","Pseudomonadota","Gammaproteobacteria","Pseudomonadales","Pseudomonadaceae","Pseudomonas_E","Pseudomonas_E fluorescens_M",25,"Socal","SJ"
"391",23,29,21,0.528173257363689,0.268439130434783,1.33523912897609,10.1708005442946,11.42,1.99,3.23919945570539,"Bacteria","Pseudomonadota","Gammaproteobacteria","Pseudomonadales","Pseudomonadaceae","Pseudomonas_E","Pseudomonas_E fluorescens_M",25,"Socal","SJ"
"391",28,29,21,0.511481049279939,0.236995652173913,3.08687250434783,6.148670242659,6.95,1.99,2.791329757341,"Bacteria","Pseudomonadota","Gammaproteobacteria","Pseudomonadales","Pseudomonadaceae","Pseudomonas_E","Pseudomonas_E fluorescens_M",25,"Socal","SJ"
"391",33,29,21,0,0.000115771391304348,0.00117566641217391,6.60832769215653,9.1,1.99,4.48167230784347,"Bacteria","Pseudomonadota","Gammaproteobacteria","Pseudomonadales","Pseudomonadaceae","Pseudomonas_E","Pseudomonas_E fluorescens_M",25,"Socal","SJ"
"391",35,29,21,0.0878421506276958,0.0197734782608696,0.290155711304348,5.27807496189745,4.3,1.99,1.01192503810255,"Bacteria","Pseudomonadota","Gammaproteobacteria","Pseudomonadales","Pseudomonadaceae","Pseudomonas_E","Pseudomonas_E fluorescens_M",25,"Socal","SJ"
"391",38,29,21,0,0.000225169565217391,0.00221433417021739,1.99,4.8,1.99,4.8,"Bacteria","Pseudomonadota","Gammaproteobacteria","Pseudomonadales","Pseudomonadaceae","Pseudomonas_E","Pseudomonas_E fluorescens_M",25,"Socal","SJ"
"391",43,29,21,0,0.0109363913043478,0.161768931521739,4.10062053059313,10.92,1.99,8.80937946940687,"Bacteria","Pseudomonadota","Gammaproteobacteria","Pseudomonadales","Pseudomonadaceae","Pseudomonas_E","Pseudomonas_E fluorescens_M",25,"Socal","SJ"
"392",15,29,21,0,0.0146786086956522,0.0846936683913044,4.16789148548792,9.6,1.99,7.42210851451208,"Bacteria","Pseudomonadota","Gammaproteobacteria","Pseudomonadales","Pseudomonadaceae","Pseudomonas_E","",25,"Socal","SJ"
"392",23,29,21,0.273632340621179,0.0300265217391304,0.251351093845652,9.6742367243147,4.3,1.99,-3.3842367243147,"Bacteria","Pseudomonadota","Gammaproteobacteria","Pseudomonadales","Pseudomonadaceae","Pseudomonas_E","",25,"Socal","SJ"
"392",28,29,21,0.179916258206527,0.0176504347826087,0.0998695816304347,5.58710092519861,6.62,1.99,3.02289907480139,"Bacteria","Pseudomonadota","Gammaproteobacteria","Pseudomonadales","Pseudomonadaceae","Pseudomonas_E","",25,"Socal","SJ"
"392",33,29,21,0,0.000613460869565217,0.00847719962173913,11.908139762038,10.26,1.99,0.341860237962038,"Bacteria","Pseudomonadota","Gammaproteobacteria","Pseudomonadales","Pseudomonadaceae","Pseudomonas_E","",25,"Socal","SJ"
"392",35,29,21,0,0.00127595652173913,0.0208052770217391,7.13675815543645,6.46,1.99,1.31324184456355,"Bacteria","Pseudomonadota","Gammaproteobacteria","Pseudomonadales","Pseudomonadaceae","Pseudomonas_E","",25,"Socal","SJ"
"392",38,29,21,0,0.00372630434782609,0.0470836156521739,4.20973398117369,19.7,1.99,17.4802660188263,"Bacteria","Pseudomonadota","Gammaproteobacteria","Pseudomonadales","Pseudomonadaceae","Pseudomonas_E","",25,"Socal","SJ"
"392",43,29,21,0,0.000543586956521739,0.00805602335434783,4.37601247613081,12.25,1.99,9.86398752386919,"Bacteria","Pseudomonadota","Gammaproteobacteria","Pseudomonadales","Pseudomonadaceae","Pseudomonas_E","",25,"Socal","SJ"
"393",15,29,21,0.240163706345224,0.188195652173913,1.49635506782609,8.06362376266331,12.41,1.99,6.33637623733669,"Bacteria","Pseudomonadota","Gammaproteobacteria","Enterobacterales","Enterobacteriaceae","Serratia_J","",25,"Socal","SJ"
"393",23,29,21,0.450271000991791,0.3084,2.55763404347826,5.74985218471127,6.95,1.99,3.19014781528873,"Bacteria","Pseudomonadota","Gammaproteobacteria","Enterobacterales","Enterobacteriaceae","Serratia_J","",25,"Socal","SJ"
"393",28,29,21,0.465728142660115,0.357413043478261,4.3722788326087,4.66596488741886,5.13,1.99,2.45403511258114,"Bacteria","Pseudomonadota","Gammaproteobacteria","Enterobacterales","Enterobacteriaceae","Serratia_J","",25,"Socal","SJ"
"393",33,29,21,0.369325361225297,0.2894,3.05232076956522,5.4191300314349,8.77,1.99,5.3408699685651,"Bacteria","Pseudomonadota","Gammaproteobacteria","Enterobacterales","Enterobacteriaceae","Serratia_J","",25,"Socal","SJ"
"393",35,29,21,0.200773794131022,0.0905913043478261,0.58452823826087,12.2627835052474,19.86,1.99,9.58721649475256,"Bacteria","Pseudomonadota","Gammaproteobacteria","Enterobacterales","Enterobacteriaceae","Serratia_J","",25,"Socal","SJ"
"393",38,29,21,0.0633329980822646,0.0271330434782609,0.417304608695652,6.8379903290018,4.3,1.99,-0.547990329001798,"Bacteria","Pseudomonadota","Gammaproteobacteria","Enterobacterales","Enterobacteriaceae","Serratia_J","",25,"Socal","SJ"
"393",43,29,21,0,0.00590991304347826,0.0650790073913043,-0.163551925411706,19.86,1.99,22.0135519254117,"Bacteria","Pseudomonadota","Gammaproteobacteria","Enterobacterales","Enterobacteriaceae","Serratia_J","",25,"Socal","SJ"
"394",15,29,21,0.251446099046996,0.185882608695652,1.67145205217391,5.74638910363287,10.26,1.99,6.50361089636713,"Bacteria","Pseudomonadota","Gammaproteobacteria","Enterobacterales","Enterobacteriaceae","Serratia_J","",25,"Socal","SJ"
"394",23,29,21,0.441011650600994,0.304173913043478,2.474834595,5.86051467801735,6.62,1.99,2.74948532198265,"Bacteria","Pseudomonadota","Gammaproteobacteria","Enterobacterales","Enterobacteriaceae","Serratia_J","",25,"Socal","SJ"
"394",28,29,21,0.479066036917253,0.331591304347826,4.17316277869565,4.85272870896946,5.13,1.99,2.26727129103054,"Bacteria","Pseudomonadota","Gammaproteobacteria","Enterobacterales","Enterobacteriaceae","Serratia_J","",25,"Socal","SJ"
"394",33,29,21,0.463570014509985,0.296782608695652,3.66784237282609,4.70243356824292,5.46,1.99,2.74756643175708,"Bacteria","Pseudomonadota","Gammaproteobacteria","Enterobacterales","Enterobacteriaceae","Serratia_J","",25,"Socal","SJ"
"394",35,29,21,0.226973893692064,0.180786956521739,1.43798610347826,9.95449591965197,10.92,1.99,2.95550408034803,"Bacteria","Pseudomonadota","Gammaproteobacteria","Enterobacterales","Enterobacteriaceae","Serratia_J","",25,"Socal","SJ"
"394",38,29,21,0,0.007514,0.0854928982608696,41.027727791496,4.3,1.99,-34.737727791496,"Bacteria","Pseudomonadota","Gammaproteobacteria","Enterobacterales","Enterobacteriaceae","Serratia_J","",25,"Socal","SJ"
"394",43,29,21,0,0.00481860869565217,0.0637760726086957,-0.0536586146549922,19.86,1.99,21.903658614655,"Bacteria","Pseudomonadota","Gammaproteobacteria","Enterobacterales","Enterobacteriaceae","Serratia_J","",25,"Socal","SJ"
"395",15,29,21,0.242083123911715,0.257226086956522,2.04093454347826,6.89626767435653,9.93,1.99,5.02373232564347,"Bacteria","Pseudomonadota","Gammaproteobacteria","Enterobacterales","Enterobacteriaceae","Serratia_J","",25,"Socal","SJ"
"395",23,29,21,0.401354513361209,0.297439130434783,2.223953835,6.79734474812197,7.94,1.99,3.13265525187803,"Bacteria","Pseudomonadota","Gammaproteobacteria","Enterobacterales","Enterobacteriaceae","Serratia_J","",25,"Socal","SJ"
"395",28,29,21,0.445868869049071,0.39734347826087,4.55228584021739,6.00830509164405,6.12,1.99,2.10169490835595,"Bacteria","Pseudomonadota","Gammaproteobacteria","Enterobacterales","Enterobacteriaceae","Serratia_J","",25,"Socal","SJ"
"395",33,29,21,0.357416522527052,0.367639130434783,2.77215488869565,7.98407232910398,11.75,1.99,5.75592767089602,"Bacteria","Pseudomonadota","Gammaproteobacteria","Enterobacterales","Enterobacteriaceae","Serratia_J","",25,"Socal","SJ"
"395",35,29,21,0.288992396054619,0.232204347826087,1.93099354434783,4.73218780793473,4.3,1.99,1.55781219206527,"Bacteria","Pseudomonadota","Gammaproteobacteria","Enterobacterales","Enterobacteriaceae","Serratia_J","",25,"Socal","SJ"
"395",38,29,21,0,0.00354308695652174,0.0601282243478261,4.326483349133,7.28,1.99,4.943516650867,"Bacteria","Pseudomonadota","Gammaproteobacteria","Enterobacterales","Enterobacteriaceae","Serratia_J","",25,"Socal","SJ"
"395",43,29,21,0,0.00617078260869565,0.0886980508695652,-9.64842234448026,13.08,1.99,24.7184223444803,"Bacteria","Pseudomonadota","Gammaproteobacteria","Enterobacterales","Enterobacteriaceae","Serratia_J","",25,"Socal","SJ"
"396",15,29,21,0,2.32565217391304e-05,1.97680434782608e-06,NA,4.3,1.99,NA,"Bacteria","Pseudomonadota","Gammaproteobacteria","Burkholderiales","Burkholderiaceae","Paraburkholderia","",25,"Socal","SJ"
"396",23,29,21,0.0710764259893294,0.0110530434782609,0.133207300869565,11.1690533894636,15.06,1.99,5.88094661053639,"Bacteria","Pseudomonadota","Gammaproteobacteria","Burkholderiales","Burkholderiaceae","Paraburkholderia","",25,"Socal","SJ"
"396",28,29,21,0,0.00242347826086957,0.0374853958695652,7.56957349139516,12.58,1.99,7.00042650860484,"Bacteria","Pseudomonadota","Gammaproteobacteria","Burkholderiales","Burkholderiaceae","Paraburkholderia","",25,"Socal","SJ"
"396",33,29,21,0,2.2651e-05,0.000233597689565217,19.3519907176139,11.26,1.99,-6.10199071761391,"Bacteria","Pseudomonadota","Gammaproteobacteria","Burkholderiales","Burkholderiaceae","Paraburkholderia","",25,"Socal","SJ"
"396",35,29,21,0,1.03139130434783e-05,5.27743893478261e-05,1.37144583603878,9.6,1.99,10.2185541639612,"Bacteria","Pseudomonadota","Gammaproteobacteria","Burkholderiales","Burkholderiaceae","Paraburkholderia","",25,"Socal","SJ"
"396",38,29,21,0,0,0,NA,NA,1.99,NA,"Bacteria","Pseudomonadota","Gammaproteobacteria","Burkholderiales","Burkholderiaceae","Paraburkholderia","",25,"Socal","SJ"
"396",43,29,21,0,0.000413834782608696,0.00441146289782609,15.6897962103741,13.24,1.99,-0.459796210374087,"Bacteria","Pseudomonadota","Gammaproteobacteria","Burkholderiales","Burkholderiaceae","Paraburkholderia","",25,"Socal","SJ"
"397",15,29,21,0.196599786407981,0.12517,1.04254476521739,6.59926707382592,17.05,1.99,12.4407329261741,"Bacteria","Pseudomonadota","Gammaproteobacteria","Pseudomonadales","Pseudomonadaceae","Pseudomonas_E","",25,"Socal","SJ"
"397",23,29,21,0.298370308691636,0.114269565217391,1.20170272152174,6.10477823313229,8.11,1.99,3.99522176686771,"Bacteria","Pseudomonadota","Gammaproteobacteria","Pseudomonadales","Pseudomonadaceae","Pseudomonas_E","",25,"Socal","SJ"
"397",28,29,21,0.413234577530837,0.237013043478261,2.32292833695652,5.55995110536745,6.12,1.99,2.55004889463255,"Bacteria","Pseudomonadota","Gammaproteobacteria","Pseudomonadales","Pseudomonadaceae","Pseudomonas_E","",25,"Socal","SJ"
"397",33,29,21,0,0,0,NA,NA,1.99,NA,"Bacteria","Pseudomonadota","Gammaproteobacteria","Pseudomonadales","Pseudomonadaceae","Pseudomonas_E","",25,"Socal","SJ"
"397",35,29,21,0,0.00110256956521739,0.0181031493695652,4.69626473942101,11.59,1.99,8.88373526057899,"Bacteria","Pseudomonadota","Gammaproteobacteria","Pseudomonadales","Pseudomonadaceae","Pseudomonas_E","",25,"Socal","SJ"
"397",38,29,21,0,0,0,NA,NA,1.99,NA,"Bacteria","Pseudomonadota","Gammaproteobacteria","Pseudomonadales","Pseudomonadaceae","Pseudomonas_E","",25,"Socal","SJ"
"397",43,29,21,0,0.00467513043478261,0.0786038334782609,444.903204317957,14.57,1.99,-428.343204317957,"Bacteria","Pseudomonadota","Gammaproteobacteria","Pseudomonadales","Pseudomonadaceae","Pseudomonas_E","",25,"Socal","SJ"
"398",15,29,21,0.347279280453323,0.132009130434783,0.832678495217391,3.94509721610465,9.1,1.99,7.14490278389535,"Bacteria","Pseudomonadota","Gammaproteobacteria","Enterobacterales","Enterobacteriaceae","Rahnella","",25,"Socal","SJ"
"398",23,29,21,0.420404731871795,0.304504347826087,2.51805856673913,4.74703770245667,6.29,1.99,3.53296229754333,"Bacteria","Pseudomonadota","Gammaproteobacteria","Enterobacterales","Enterobacteriaceae","Rahnella","",25,"Socal","SJ"
"398",28,29,21,0.413342454358639,0.318173913043478,2.98125894826087,7.05734158181823,9.43,1.99,4.36265841818177,"Bacteria","Pseudomonadota","Gammaproteobacteria","Enterobacterales","Enterobacteriaceae","Rahnella","",25,"Socal","SJ"
"398",33,29,21,0,0.00131647826086957,0.0224771089565217,553.774796715385,4.47,1.99,-547.314796715385,"Bacteria","Pseudomonadota","Gammaproteobacteria","Enterobacterales","Enterobacteriaceae","Rahnella","",25,"Socal","SJ"
"398",35,29,21,0,0.0025634347826087,0.0470539843478261,7.03584169281566,12.41,1.99,7.36415830718435,"Bacteria","Pseudomonadota","Gammaproteobacteria","Enterobacterales","Enterobacteriaceae","Rahnella","",25,"Socal","SJ"
"398",38,29,21,0,2.14360869565217e-05,8.32443326086955e-05,-0.32,6.79,1.99,9.1,"Bacteria","Pseudomonadota","Gammaproteobacteria","Enterobacterales","Enterobacteriaceae","Rahnella","",25,"Socal","SJ"
"398",43,29,21,0,0.00105772608695652,0.0146872051521739,4.21368327765679,17.88,1.99,15.6563167223432,"Bacteria","Pseudomonadota","Gammaproteobacteria","Enterobacterales","Enterobacteriaceae","Rahnella","",25,"Socal","SJ"
"399",15,29,21,0.174560536330519,0.0639873913043478,0.434198623913043,5.55885680747787,10.43,1.99,6.86114319252213,"Bacteria","Pseudomonadota","Gammaproteobacteria","Pseudomonadales","Pseudomonadaceae","Pseudomonas_E","",25,"Socal","SJ"
"399",23,29,21,0,0,0,NA,4.3,1.99,NA,"Bacteria","Pseudomonadota","Gammaproteobacteria","Pseudomonadales","Pseudomonadaceae","Pseudomonas_E","",25,"Socal","SJ"
"399",28,29,21,0.170941079389464,0.0374504347826087,0.312614121086957,4.60398951534324,4.63,1.99,2.01601048465676,"Bacteria","Pseudomonadota","Gammaproteobacteria","Pseudomonadales","Pseudomonadaceae","Pseudomonas_E","",25,"Socal","SJ"
"399",33,29,21,0,0.00327908695652174,0.0524498019565217,135.013416503115,19.37,1.99,-113.653416503115,"Bacteria","Pseudomonadota","Gammaproteobacteria","Pseudomonadales","Pseudomonadaceae","Pseudomonas_E","",25,"Socal","SJ"
"399",35,29,21,0,0.00145895652173913,0.024247167173913,8.13595583380934,13.57,1.99,7.42404416619066,"Bacteria","Pseudomonadota","Gammaproteobacteria","Pseudomonadales","Pseudomonadaceae","Pseudomonas_E","",25,"Socal","SJ"
"399",38,29,21,0,0.00220891304347826,0.0347752243478261,-34.8140326444988,5.79,1.99,42.5940326444988,"Bacteria","Pseudomonadota","Gammaproteobacteria","Pseudomonadales","Pseudomonadaceae","Pseudomonas_E","",25,"Socal","SJ"
"399",43,29,21,0.0837887416852394,0.031195652173913,0.522895676086956,5.36487740444402,4.3,1.99,0.925122595555981,"Bacteria","Pseudomonadota","Gammaproteobacteria","Pseudomonadales","Pseudomonadaceae","Pseudomonas_E","",25,"Socal","SJ"
"400",15,29,21,0.260134630728447,0.0354960869565217,0.201608700869565,7.46558972988067,16.22,1.99,10.7444102701193,"Bacteria","Pseudomonadota","Gammaproteobacteria","Pseudomonadales","Pseudomonadaceae","Pseudomonas_E","",25,"Socal","SJ"
"400",23,29,21,0.462210231886668,0.225613043478261,1.55583163304348,8.33530901036419,13.24,1.99,6.89469098963581,"Bacteria","Pseudomonadota","Gammaproteobacteria","Pseudomonadales","Pseudomonadaceae","Pseudomonas_E","",25,"Socal","SJ"
"400",28,29,21,0.463451644856682,0.162365217391304,2.01001292891304,4.97344280352661,7.28,1.99,4.29655719647339,"Bacteria","Pseudomonadota","Gammaproteobacteria","Pseudomonadales","Pseudomonadaceae","Pseudomonas_E","",25,"Socal","SJ"
"400",33,29,21,0,0.00169947826086957,0.0269887378478261,9.1710939752522,4.3,1.99,-2.8810939752522,"Bacteria","Pseudomonadota","Gammaproteobacteria","Pseudomonadales","Pseudomonadaceae","Pseudomonas_E","",25,"Socal","SJ"
"400",35,29,21,0,0.0036165652173913,0.064064527826087,11.9504838174449,14.57,1.99,4.60951618255514,"Bacteria","Pseudomonadota","Gammaproteobacteria","Pseudomonadales","Pseudomonadaceae","Pseudomonas_E","",25,"Socal","SJ"
"400",38,29,21,0,0,0,NA,NA,1.99,NA,"Bacteria","Pseudomonadota","Gammaproteobacteria","Pseudomonadales","Pseudomonadaceae","Pseudomonas_E","",25,"Socal","SJ"
"400",43,29,21,0,0.00359252173913043,0.0590308986956522,4.06112208676998,19.86,1.99,17.78887791323,"Bacteria","Pseudomonadota","Gammaproteobacteria","Pseudomonadales","Pseudomonadaceae","Pseudomonas_E","",25,"Socal","SJ"
