STATION_ID,DURATION,SENSOR_NUMBER,SENS_TYPE,DATE TIME,OBS DATE,Soil 100mm Temperature degC
UCM,H,194,SOILTD1,5/16/2017 17:00,5/16/2017 17:00,26.55555556
UCM,H,194,SOILTD1,5/16/2017 18:00,5/16/2017 18:00,26.77777778
UCM,H,194,SOILTD1,5/16/2017 19:00,5/16/2017 19:00,26.83333333
UCM,H,194,SOILTD1,5/16/2017 20:00,5/16/2017 20:00,26.61111111
UCM,H,194,SOILTD1,5/16/2017 21:00,5/16/2017 21:00,26.33333333
UCM,H,194,SOILTD1,5/16/2017 22:00,5/16/2017 22:00,25.94444444
UCM,H,194,SOILTD1,5/16/2017 23:00,5/16/2017 23:00,25.5
UCM,H,194,SOILTD1,5/17/2017 0:00,5/17/2017 0:00,25.05555556
UCM,H,194,SOILTD1,5/17/2017 1:00,5/17/2017 1:00,24.72222222
UCM,H,194,SOILTD1,5/17/2017 2:00,5/17/2017 2:00,24.38888889
UCM,H,194,SOILTD1,5/17/2017 3:00,5/17/2017 3:00,24.05555556
UCM,H,194,SOILTD1,5/17/2017 4:00,5/17/2017 4:00,23.77777778
UCM,H,194,SOILTD1,5/17/2017 5:00,5/17/2017 5:00,23.55555556
UCM,H,194,SOILTD1,5/17/2017 6:00,5/17/2017 6:00,23.27777778
UCM,H,194,SOILTD1,5/17/2017 7:00,5/17/2017 7:00,23.05555556
UCM,H,194,SOILTD1,5/17/2017 8:00,5/17/2017 8:00,22.88888889
UCM,H,194,SOILTD1,5/17/2017 9:00,5/17/2017 9:00,22.77777778
UCM,H,194,SOILTD1,5/17/2017 10:00,5/17/2017 10:00,22.88888889
UCM,H,194,SOILTD1,5/17/2017 11:00,5/17/2017 11:00,23.22222222
UCM,H,194,SOILTD1,5/17/2017 12:00,5/17/2017 12:00,24
UCM,H,194,SOILTD1,5/17/2017 13:00,5/17/2017 13:00,
UCM,H,194,SOILTD1,5/17/2017 14:00,5/17/2017 14:00,
UCM,H,194,SOILTD1,5/17/2017 15:00,5/17/2017 15:00,
UCM,H,194,SOILTD1,5/17/2017 16:00,5/17/2017 16:00,
UCM,H,194,SOILTD1,5/17/2017 17:00,5/17/2017 17:00,
UCM,H,194,SOILTD1,5/17/2017 18:00,5/17/2017 18:00,
UCM,H,194,SOILTD1,5/17/2017 19:00,5/17/2017 19:00,
UCM,H,194,SOILTD1,5/17/2017 20:00,5/17/2017 20:00,
UCM,H,194,SOILTD1,5/17/2017 21:00,5/17/2017 21:00,
UCM,H,194,SOILTD1,5/17/2017 22:00,5/17/2017 22:00,
UCM,H,194,SOILTD1,5/17/2017 23:00,5/17/2017 23:00,
UCM,H,194,SOILTD1,5/18/2017 0:00,5/18/2017 0:00,25.88888889
UCM,H,194,SOILTD1,5/18/2017 1:00,5/18/2017 1:00,25.38888889
UCM,H,194,SOILTD1,5/18/2017 2:00,5/18/2017 2:00,24.94444444
UCM,H,194,SOILTD1,5/18/2017 3:00,5/18/2017 3:00,24.5
UCM,H,194,SOILTD1,5/18/2017 4:00,5/18/2017 4:00,24.05555556
UCM,H,194,SOILTD1,5/18/2017 5:00,5/18/2017 5:00,23.66666667
UCM,H,194,SOILTD1,5/18/2017 6:00,5/18/2017 6:00,23.22222222
UCM,H,194,SOILTD1,5/18/2017 7:00,5/18/2017 7:00,22.83333333
UCM,H,194,SOILTD1,5/18/2017 8:00,5/18/2017 8:00,22.5
UCM,H,194,SOILTD1,5/18/2017 9:00,5/18/2017 9:00,22.33333333
UCM,H,194,SOILTD1,5/18/2017 10:00,5/18/2017 10:00,22.55555556
UCM,H,194,SOILTD1,5/18/2017 11:00,5/18/2017 11:00,23.11111111
UCM,H,194,SOILTD1,5/18/2017 12:00,5/18/2017 12:00,24
UCM,H,194,SOILTD1,5/18/2017 13:00,5/18/2017 13:00,24.94444444
UCM,H,194,SOILTD1,5/18/2017 14:00,5/18/2017 14:00,26.22222222
UCM,H,194,SOILTD1,5/18/2017 15:00,5/18/2017 15:00,27.5
UCM,H,194,SOILTD1,5/18/2017 16:00,5/18/2017 16:00,28.55555556
UCM,H,194,SOILTD1,5/18/2017 17:00,5/18/2017 17:00,
UCM,H,194,SOILTD1,5/18/2017 18:00,5/18/2017 18:00,
UCM,H,194,SOILTD1,5/18/2017 19:00,5/18/2017 19:00,
UCM,H,194,SOILTD1,5/18/2017 20:00,5/18/2017 20:00,
UCM,H,194,SOILTD1,5/18/2017 21:00,5/18/2017 21:00,
UCM,H,194,SOILTD1,5/18/2017 22:00,5/18/2017 22:00,
UCM,H,194,SOILTD1,5/18/2017 23:00,5/18/2017 23:00,
UCM,H,194,SOILTD1,5/19/2017 0:00,5/19/2017 0:00,
UCM,H,194,SOILTD1,5/19/2017 1:00,5/19/2017 1:00,
UCM,H,194,SOILTD1,5/19/2017 2:00,5/19/2017 2:00,
UCM,H,194,SOILTD1,5/19/2017 3:00,5/19/2017 3:00,
UCM,H,194,SOILTD1,5/19/2017 4:00,5/19/2017 4:00,
UCM,H,194,SOILTD1,5/19/2017 5:00,5/19/2017 5:00,
UCM,H,194,SOILTD1,5/19/2017 6:00,5/19/2017 6:00,24.11111111
UCM,H,194,SOILTD1,5/19/2017 7:00,5/19/2017 7:00,23.77777778
UCM,H,194,SOILTD1,5/19/2017 8:00,5/19/2017 8:00,23.38888889
UCM,H,194,SOILTD1,5/19/2017 9:00,5/19/2017 9:00,23.27777778
UCM,H,194,SOILTD1,5/19/2017 10:00,5/19/2017 10:00,23.44444444
UCM,H,194,SOILTD1,5/19/2017 11:00,5/19/2017 11:00,24.11111111
UCM,H,194,SOILTD1,5/19/2017 12:00,5/19/2017 12:00,25
UCM,H,194,SOILTD1,5/19/2017 13:00,5/19/2017 13:00,26
UCM,H,194,SOILTD1,5/19/2017 14:00,5/19/2017 14:00,27.16666667
UCM,H,194,SOILTD1,5/19/2017 15:00,5/19/2017 15:00,28.44444444
UCM,H,194,SOILTD1,5/19/2017 16:00,5/19/2017 16:00,29.5
UCM,H,194,SOILTD1,5/19/2017 17:00,5/19/2017 17:00,30.27777778
UCM,H,194,SOILTD1,5/19/2017 18:00,5/19/2017 18:00,30.55555556
UCM,H,194,SOILTD1,5/19/2017 19:00,5/19/2017 19:00,30.5
UCM,H,194,SOILTD1,5/19/2017 20:00,5/19/2017 20:00,30.16666667
UCM,H,194,SOILTD1,5/19/2017 21:00,5/19/2017 21:00,29.77777778
UCM,H,194,SOILTD1,5/19/2017 22:00,5/19/2017 22:00,29.16666667
UCM,H,194,SOILTD1,5/19/2017 23:00,5/19/2017 23:00,28.55555556
UCM,H,194,SOILTD1,5/20/2017 0:00,5/20/2017 0:00,28
UCM,H,194,SOILTD1,5/20/2017 1:00,5/20/2017 1:00,27.44444444
UCM,H,194,SOILTD1,5/20/2017 2:00,5/20/2017 2:00,26.94444444
UCM,H,194,SOILTD1,5/20/2017 3:00,5/20/2017 3:00,26.5
UCM,H,194,SOILTD1,5/20/2017 4:00,5/20/2017 4:00,26.11111111
UCM,H,194,SOILTD1,5/20/2017 5:00,5/20/2017 5:00,25.72222222
UCM,H,194,SOILTD1,5/20/2017 6:00,5/20/2017 6:00,25.33333333
UCM,H,194,SOILTD1,5/20/2017 7:00,5/20/2017 7:00,24.94444444
UCM,H,194,SOILTD1,5/20/2017 8:00,5/20/2017 8:00,24.66666667
UCM,H,194,SOILTD1,5/20/2017 9:00,5/20/2017 9:00,24.5
UCM,H,194,SOILTD1,5/20/2017 10:00,5/20/2017 10:00,24.66666667
UCM,H,194,SOILTD1,5/20/2017 11:00,5/20/2017 11:00,25.27777778
UCM,H,194,SOILTD1,5/20/2017 12:00,5/20/2017 12:00,26.16666667
UCM,H,194,SOILTD1,5/20/2017 13:00,5/20/2017 13:00,27.16666667
UCM,H,194,SOILTD1,5/20/2017 14:00,5/20/2017 14:00,28.38888889
UCM,H,194,SOILTD1,5/20/2017 15:00,5/20/2017 15:00,29.66666667
UCM,H,194,SOILTD1,5/20/2017 16:00,5/20/2017 16:00,30.77777778
UCM,H,194,SOILTD1,5/20/2017 17:00,5/20/2017 17:00,31.55555556
UCM,H,194,SOILTD1,5/20/2017 18:00,5/20/2017 18:00,31.77777778
UCM,H,194,SOILTD1,5/20/2017 19:00,5/20/2017 19:00,31.66666667
UCM,H,194,SOILTD1,5/20/2017 20:00,5/20/2017 20:00,31.33333333
UCM,H,194,SOILTD1,5/20/2017 21:00,5/20/2017 21:00,30.88888889
UCM,H,194,SOILTD1,5/20/2017 22:00,5/20/2017 22:00,30.33333333
UCM,H,194,SOILTD1,5/20/2017 23:00,5/20/2017 23:00,29.77777778
UCM,H,194,SOILTD1,5/21/2017 0:00,5/21/2017 0:00,29.11111111
UCM,H,194,SOILTD1,5/21/2017 1:00,5/21/2017 1:00,28.55555556
UCM,H,194,SOILTD1,5/21/2017 2:00,5/21/2017 2:00,28.05555556
UCM,H,194,SOILTD1,5/21/2017 3:00,5/21/2017 3:00,27.61111111
UCM,H,194,SOILTD1,5/21/2017 4:00,5/21/2017 4:00,27.16666667
UCM,H,194,SOILTD1,5/21/2017 5:00,5/21/2017 5:00,26.77777778
UCM,H,194,SOILTD1,5/21/2017 6:00,5/21/2017 6:00,26.33333333
UCM,H,194,SOILTD1,5/21/2017 7:00,5/21/2017 7:00,25.94444444
UCM,H,194,SOILTD1,5/21/2017 8:00,5/21/2017 8:00,25.61111111
UCM,H,194,SOILTD1,5/21/2017 9:00,5/21/2017 9:00,25.38888889
UCM,H,194,SOILTD1,5/21/2017 10:00,5/21/2017 10:00,25.61111111
UCM,H,194,SOILTD1,5/21/2017 11:00,5/21/2017 11:00,26.22222222
UCM,H,194,SOILTD1,5/21/2017 12:00,5/21/2017 12:00,27.05555556
UCM,H,194,SOILTD1,5/21/2017 13:00,5/21/2017 13:00,28.16666667
UCM,H,194,SOILTD1,5/21/2017 14:00,5/21/2017 14:00,29.38888889
UCM,H,194,SOILTD1,5/21/2017 15:00,5/21/2017 15:00,30.66666667
UCM,H,194,SOILTD1,5/21/2017 16:00,5/21/2017 16:00,31.77777778
UCM,H,194,SOILTD1,5/21/2017 17:00,5/21/2017 17:00,32.5
UCM,H,194,SOILTD1,5/21/2017 18:00,5/21/2017 18:00,32.72222222
UCM,H,194,SOILTD1,5/21/2017 19:00,5/21/2017 19:00,32.61111111
UCM,H,194,SOILTD1,5/21/2017 20:00,5/21/2017 20:00,32.33333333
UCM,H,194,SOILTD1,5/21/2017 21:00,5/21/2017 21:00,31.83333333
UCM,H,194,SOILTD1,5/21/2017 22:00,5/21/2017 22:00,31.22222222
UCM,H,194,SOILTD1,5/21/2017 23:00,5/21/2017 23:00,30.55555556
UCM,H,194,SOILTD1,5/22/2017 0:00,5/22/2017 0:00,29.94444444
UCM,H,194,SOILTD1,5/22/2017 1:00,5/22/2017 1:00,29.38888889
UCM,H,194,SOILTD1,5/22/2017 2:00,5/22/2017 2:00,28.83333333
UCM,H,194,SOILTD1,5/22/2017 3:00,5/22/2017 3:00,28.38888889
UCM,H,194,SOILTD1,5/22/2017 4:00,5/22/2017 4:00,27.94444444
UCM,H,194,SOILTD1,5/22/2017 5:00,5/22/2017 5:00,27.5
UCM,H,194,SOILTD1,5/22/2017 6:00,5/22/2017 6:00,27.05555556
UCM,H,194,SOILTD1,5/22/2017 7:00,5/22/2017 7:00,26.66666667
UCM,H,194,SOILTD1,5/22/2017 8:00,5/22/2017 8:00,26.33333333
UCM,H,194,SOILTD1,5/22/2017 9:00,5/22/2017 9:00,26.11111111
UCM,H,194,SOILTD1,5/22/2017 10:00,5/22/2017 10:00,26.22222222
UCM,H,194,SOILTD1,5/22/2017 11:00,5/22/2017 11:00,26.77777778
UCM,H,194,SOILTD1,5/22/2017 12:00,5/22/2017 12:00,27.66666667
UCM,H,194,SOILTD1,5/22/2017 13:00,5/22/2017 13:00,28.77777778
UCM,H,194,SOILTD1,5/22/2017 14:00,5/22/2017 14:00,30.05555556
UCM,H,194,SOILTD1,5/22/2017 15:00,5/22/2017 15:00,31.22222222
UCM,H,194,SOILTD1,5/22/2017 16:00,5/22/2017 16:00,32.38888889
UCM,H,194,SOILTD1,5/22/2017 17:00,5/22/2017 17:00,33.11111111
UCM,H,194,SOILTD1,5/22/2017 18:00,5/22/2017 18:00,33.38888889
UCM,H,194,SOILTD1,5/22/2017 19:00,5/22/2017 19:00,33.33333333
UCM,H,194,SOILTD1,5/22/2017 20:00,5/22/2017 20:00,33
UCM,H,194,SOILTD1,5/22/2017 21:00,5/22/2017 21:00,32.55555556
UCM,H,194,SOILTD1,5/22/2017 22:00,5/22/2017 22:00,32
UCM,H,194,SOILTD1,5/22/2017 23:00,5/22/2017 23:00,31.38888889
UCM,H,194,SOILTD1,5/23/2017 0:00,5/23/2017 0:00,30.83333333
UCM,H,194,SOILTD1,5/23/2017 1:00,5/23/2017 1:00,30.27777778
UCM,H,194,SOILTD1,5/23/2017 2:00,5/23/2017 2:00,29.83333333
UCM,H,194,SOILTD1,5/23/2017 3:00,5/23/2017 3:00,29.33333333
UCM,H,194,SOILTD1,5/23/2017 4:00,5/23/2017 4:00,28.94444444
UCM,H,194,SOILTD1,5/23/2017 5:00,5/23/2017 5:00,28.5
UCM,H,194,SOILTD1,5/23/2017 6:00,5/23/2017 6:00,28.05555556
UCM,H,194,SOILTD1,5/23/2017 7:00,5/23/2017 7:00,27.66666667
UCM,H,194,SOILTD1,5/23/2017 8:00,5/23/2017 8:00,27.27777778
UCM,H,194,SOILTD1,5/23/2017 9:00,5/23/2017 9:00,27.05555556
UCM,H,194,SOILTD1,5/23/2017 10:00,5/23/2017 10:00,27.22222222
UCM,H,194,SOILTD1,5/23/2017 11:00,5/23/2017 11:00,27.77777778
UCM,H,194,SOILTD1,5/23/2017 12:00,5/23/2017 12:00,28.66666667
UCM,H,194,SOILTD1,5/23/2017 13:00,5/23/2017 13:00,29.66666667
UCM,H,194,SOILTD1,5/23/2017 14:00,5/23/2017 14:00,30.83333333
UCM,H,194,SOILTD1,5/23/2017 15:00,5/23/2017 15:00,32.05555556
UCM,H,194,SOILTD1,5/23/2017 16:00,5/23/2017 16:00,33.16666667
UCM,H,194,SOILTD1,5/23/2017 17:00,5/23/2017 17:00,33.88888889
UCM,H,194,SOILTD1,5/23/2017 18:00,5/23/2017 18:00,34.22222222
UCM,H,194,SOILTD1,5/23/2017 19:00,5/23/2017 19:00,34.05555556
UCM,H,194,SOILTD1,5/23/2017 20:00,5/23/2017 20:00,33.77777778
UCM,H,194,SOILTD1,5/23/2017 21:00,5/23/2017 21:00,33.33333333
UCM,H,194,SOILTD1,5/23/2017 22:00,5/23/2017 22:00,32.77777778
UCM,H,194,SOILTD1,5/23/2017 23:00,5/23/2017 23:00,32.16666667
UCM,H,194,SOILTD1,5/24/2017 0:00,5/24/2017 0:00,31.55555556
UCM,H,194,SOILTD1,5/24/2017 1:00,5/24/2017 1:00,30.94444444
UCM,H,194,SOILTD1,5/24/2017 2:00,5/24/2017 2:00,30.38888889
UCM,H,194,SOILTD1,5/24/2017 3:00,5/24/2017 3:00,29.88888889
UCM,H,194,SOILTD1,5/24/2017 4:00,5/24/2017 4:00,29.38888889
UCM,H,194,SOILTD1,5/24/2017 5:00,5/24/2017 5:00,28.94444444
UCM,H,194,SOILTD1,5/24/2017 6:00,5/24/2017 6:00,28.55555556
UCM,H,194,SOILTD1,5/24/2017 7:00,5/24/2017 7:00,28.11111111
UCM,H,194,SOILTD1,5/24/2017 8:00,5/24/2017 8:00,27.72222222
UCM,H,194,SOILTD1,5/24/2017 9:00,5/24/2017 9:00,27.5
UCM,H,194,SOILTD1,5/24/2017 10:00,5/24/2017 10:00,27.38888889
UCM,H,194,SOILTD1,5/24/2017 11:00,5/24/2017 11:00,27.66666667
UCM,H,194,SOILTD1,5/24/2017 12:00,5/24/2017 12:00,28.38888889
UCM,H,194,SOILTD1,5/24/2017 13:00,5/24/2017 13:00,29.44444444
UCM,H,194,SOILTD1,5/24/2017 14:00,5/24/2017 14:00,30.72222222
UCM,H,194,SOILTD1,5/24/2017 15:00,5/24/2017 15:00,32
UCM,H,194,SOILTD1,5/24/2017 16:00,5/24/2017 16:00,33
UCM,H,194,SOILTD1,5/24/2017 17:00,5/24/2017 17:00,33.61111111
UCM,H,194,SOILTD1,5/24/2017 18:00,5/24/2017 18:00,33.77777778
UCM,H,194,SOILTD1,5/24/2017 19:00,5/24/2017 19:00,33.72222222
UCM,H,194,SOILTD1,5/24/2017 20:00,5/24/2017 20:00,33.44444444
UCM,H,194,SOILTD1,5/24/2017 21:00,5/24/2017 21:00,32.94444444
UCM,H,194,SOILTD1,5/24/2017 22:00,5/24/2017 22:00,32.27777778
UCM,H,194,SOILTD1,5/24/2017 23:00,5/24/2017 23:00,31.66666667
UCM,H,194,SOILTD1,5/25/2017 0:00,5/25/2017 0:00,31
UCM,H,194,SOILTD1,5/25/2017 1:00,5/25/2017 1:00,30.33333333
UCM,H,194,SOILTD1,5/25/2017 2:00,5/25/2017 2:00,29.77777778
UCM,H,194,SOILTD1,5/25/2017 3:00,5/25/2017 3:00,29.16666667
UCM,H,194,SOILTD1,5/25/2017 4:00,5/25/2017 4:00,28.66666667
UCM,H,194,SOILTD1,5/25/2017 5:00,5/25/2017 5:00,28.16666667
UCM,H,194,SOILTD1,5/25/2017 6:00,5/25/2017 6:00,27.66666667
UCM,H,194,SOILTD1,5/25/2017 7:00,5/25/2017 7:00,27.22222222
UCM,H,194,SOILTD1,5/25/2017 8:00,5/25/2017 8:00,26.83333333
UCM,H,194,SOILTD1,5/25/2017 9:00,5/25/2017 9:00,26.61111111
UCM,H,194,SOILTD1,5/25/2017 10:00,5/25/2017 10:00,26.72222222
UCM,H,194,SOILTD1,5/25/2017 11:00,5/25/2017 11:00,27.22222222
UCM,H,194,SOILTD1,5/25/2017 12:00,5/25/2017 12:00,28.05555556
UCM,H,194,SOILTD1,5/25/2017 13:00,5/25/2017 13:00,29
UCM,H,194,SOILTD1,5/25/2017 14:00,5/25/2017 14:00,30.22222222
UCM,H,194,SOILTD1,5/25/2017 15:00,5/25/2017 15:00,31.33333333
UCM,H,194,SOILTD1,5/25/2017 16:00,5/25/2017 16:00,32.27777778
UCM,H,194,SOILTD1,5/25/2017 17:00,5/25/2017 17:00,32.88888889
UCM,H,194,SOILTD1,5/25/2017 18:00,5/25/2017 18:00,33.05555556
UCM,H,194,SOILTD1,5/25/2017 19:00,5/25/2017 19:00,32.83333333
UCM,H,194,SOILTD1,5/25/2017 20:00,5/25/2017 20:00,32.55555556
UCM,H,194,SOILTD1,5/25/2017 21:00,5/25/2017 21:00,32
UCM,H,194,SOILTD1,5/25/2017 22:00,5/25/2017 22:00,31.38888889
UCM,H,194,SOILTD1,5/25/2017 23:00,5/25/2017 23:00,30.72222222
UCM,H,194,SOILTD1,5/26/2017 0:00,5/26/2017 0:00,30.11111111
UCM,H,194,SOILTD1,5/26/2017 1:00,5/26/2017 1:00,29.5
UCM,H,194,SOILTD1,5/26/2017 2:00,5/26/2017 2:00,28.88888889
UCM,H,194,SOILTD1,5/26/2017 3:00,5/26/2017 3:00,28.38888889
UCM,H,194,SOILTD1,5/26/2017 4:00,5/26/2017 4:00,27.88888889
UCM,H,194,SOILTD1,5/26/2017 5:00,5/26/2017 5:00,27.44444444
UCM,H,194,SOILTD1,5/26/2017 6:00,5/26/2017 6:00,27.05555556
UCM,H,194,SOILTD1,5/26/2017 7:00,5/26/2017 7:00,26.66666667
UCM,H,194,SOILTD1,5/26/2017 8:00,5/26/2017 8:00,26.38888889
UCM,H,194,SOILTD1,5/26/2017 9:00,5/26/2017 9:00,26.22222222
UCM,H,194,SOILTD1,5/26/2017 10:00,5/26/2017 10:00,26.16666667
UCM,H,194,SOILTD1,5/26/2017 11:00,5/26/2017 11:00,26.22222222
UCM,H,194,SOILTD1,5/26/2017 12:00,5/26/2017 12:00,26.33333333
UCM,H,194,SOILTD1,5/26/2017 13:00,5/26/2017 13:00,26.66666667
UCM,H,194,SOILTD1,5/26/2017 14:00,5/26/2017 14:00,27.11111111
UCM,H,194,SOILTD1,5/26/2017 15:00,5/26/2017 15:00,27.61111111
UCM,H,194,SOILTD1,5/26/2017 16:00,5/26/2017 16:00,28.22222222
UCM,H,194,SOILTD1,5/26/2017 17:00,5/26/2017 17:00,28.83333333
UCM,H,194,SOILTD1,5/26/2017 18:00,5/26/2017 18:00,29.22222222
UCM,H,194,SOILTD1,5/26/2017 19:00,5/26/2017 19:00,29.27777778
UCM,H,194,SOILTD1,5/26/2017 20:00,5/26/2017 20:00,29.22222222
UCM,H,194,SOILTD1,5/26/2017 21:00,5/26/2017 21:00,29
UCM,H,194,SOILTD1,5/26/2017 22:00,5/26/2017 22:00,28.66666667
UCM,H,194,SOILTD1,5/26/2017 23:00,5/26/2017 23:00,28.22222222
UCM,H,194,SOILTD1,5/27/2017 0:00,5/27/2017 0:00,27.77777778
UCM,H,194,SOILTD1,5/27/2017 1:00,5/27/2017 1:00,27.33333333
UCM,H,194,SOILTD1,5/27/2017 2:00,5/27/2017 2:00,27
UCM,H,194,SOILTD1,5/27/2017 3:00,5/27/2017 3:00,26.66666667
UCM,H,194,SOILTD1,5/27/2017 4:00,5/27/2017 4:00,26.22222222
UCM,H,194,SOILTD1,5/27/2017 5:00,5/27/2017 5:00,25.94444444
UCM,H,194,SOILTD1,5/27/2017 6:00,5/27/2017 6:00,25.61111111
UCM,H,194,SOILTD1,5/27/2017 7:00,5/27/2017 7:00,25.33333333
UCM,H,194,SOILTD1,5/27/2017 8:00,5/27/2017 8:00,25.05555556
UCM,H,194,SOILTD1,5/27/2017 9:00,5/27/2017 9:00,24.94444444
UCM,H,194,SOILTD1,5/27/2017 10:00,5/27/2017 10:00,25
UCM,H,194,SOILTD1,5/27/2017 11:00,5/27/2017 11:00,25.33333333
UCM,H,194,SOILTD1,5/27/2017 12:00,5/27/2017 12:00,26.05555556
UCM,H,194,SOILTD1,5/27/2017 13:00,5/27/2017 13:00,27.16666667
UCM,H,194,SOILTD1,5/27/2017 14:00,5/27/2017 14:00,28.44444444
UCM,H,194,SOILTD1,5/27/2017 15:00,5/27/2017 15:00,29.66666667
UCM,H,194,SOILTD1,5/27/2017 16:00,5/27/2017 16:00,30.77777778
UCM,H,194,SOILTD1,5/27/2017 17:00,5/27/2017 17:00,31.55555556
UCM,H,194,SOILTD1,5/27/2017 18:00,5/27/2017 18:00,31.77777778
UCM,H,194,SOILTD1,5/27/2017 19:00,5/27/2017 19:00,31.77777778
UCM,H,194,SOILTD1,5/27/2017 20:00,5/27/2017 20:00,31.55555556
UCM,H,194,SOILTD1,5/27/2017 21:00,5/27/2017 21:00,31.11111111
UCM,H,194,SOILTD1,5/27/2017 22:00,5/27/2017 22:00,30.55555556
UCM,H,194,SOILTD1,5/27/2017 23:00,5/27/2017 23:00,30
UCM,H,194,SOILTD1,5/28/2017 0:00,5/28/2017 0:00,29.44444444
UCM,H,194,SOILTD1,5/28/2017 1:00,5/28/2017 1:00,28.94444444
UCM,H,194,SOILTD1,5/28/2017 2:00,5/28/2017 2:00,28.44444444
UCM,H,194,SOILTD1,5/28/2017 3:00,5/28/2017 3:00,28
UCM,H,194,SOILTD1,5/28/2017 4:00,5/28/2017 4:00,27.55555556
UCM,H,194,SOILTD1,5/28/2017 5:00,5/28/2017 5:00,27.16666667
UCM,H,194,SOILTD1,5/28/2017 6:00,5/28/2017 6:00,26.77777778
UCM,H,194,SOILTD1,5/28/2017 7:00,5/28/2017 7:00,26.38888889
UCM,H,194,SOILTD1,5/28/2017 8:00,5/28/2017 8:00,26.11111111
UCM,H,194,SOILTD1,5/28/2017 9:00,5/28/2017 9:00,25.88888889
UCM,H,194,SOILTD1,5/28/2017 10:00,5/28/2017 10:00,26.05555556
UCM,H,194,SOILTD1,5/28/2017 11:00,5/28/2017 11:00,26.61111111
UCM,H,194,SOILTD1,5/28/2017 12:00,5/28/2017 12:00,27.44444444
UCM,H,194,SOILTD1,5/28/2017 13:00,5/28/2017 13:00,28.61111111
UCM,H,194,SOILTD1,5/28/2017 14:00,5/28/2017 14:00,29.83333333
UCM,H,194,SOILTD1,5/28/2017 15:00,5/28/2017 15:00,31.16666667
UCM,H,194,SOILTD1,5/28/2017 16:00,5/28/2017 16:00,32.16666667
UCM,H,194,SOILTD1,5/28/2017 17:00,5/28/2017 17:00,32.94444444
UCM,H,194,SOILTD1,5/28/2017 18:00,5/28/2017 18:00,33.22222222
UCM,H,194,SOILTD1,5/28/2017 19:00,5/28/2017 19:00,33.05555556
UCM,H,194,SOILTD1,5/28/2017 20:00,5/28/2017 20:00,32.77777778
UCM,H,194,SOILTD1,5/28/2017 21:00,5/28/2017 21:00,32.33333333
UCM,H,194,SOILTD1,5/28/2017 22:00,5/28/2017 22:00,31.72222222
UCM,H,194,SOILTD1,5/28/2017 23:00,5/28/2017 23:00,31.16666667
UCM,H,194,SOILTD1,5/29/2017 0:00,5/29/2017 0:00,30.55555556
UCM,H,194,SOILTD1,5/29/2017 1:00,5/29/2017 1:00,30
UCM,H,194,SOILTD1,5/29/2017 2:00,5/29/2017 2:00,29.5
UCM,H,194,SOILTD1,5/29/2017 3:00,5/29/2017 3:00,29
UCM,H,194,SOILTD1,5/29/2017 4:00,5/29/2017 4:00,28.55555556
UCM,H,194,SOILTD1,5/29/2017 5:00,5/29/2017 5:00,28.11111111
UCM,H,194,SOILTD1,5/29/2017 6:00,5/29/2017 6:00,27.66666667
UCM,H,194,SOILTD1,5/29/2017 7:00,5/29/2017 7:00,27.22222222
UCM,H,194,SOILTD1,5/29/2017 8:00,5/29/2017 8:00,27
UCM,H,194,SOILTD1,5/29/2017 9:00,5/29/2017 9:00,26.77777778
UCM,H,194,SOILTD1,5/29/2017 10:00,5/29/2017 10:00,26.94444444
UCM,H,194,SOILTD1,5/29/2017 11:00,5/29/2017 11:00,27.44444444
UCM,H,194,SOILTD1,5/29/2017 12:00,5/29/2017 12:00,28.33333333
UCM,H,194,SOILTD1,5/29/2017 13:00,5/29/2017 13:00,29.38888889
UCM,H,194,SOILTD1,5/29/2017 14:00,5/29/2017 14:00,30.61111111
UCM,H,194,SOILTD1,5/29/2017 15:00,5/29/2017 15:00,31.77777778
UCM,H,194,SOILTD1,5/29/2017 16:00,5/29/2017 16:00,32.72222222
UCM,H,194,SOILTD1,5/29/2017 17:00,5/29/2017 17:00,33.33333333
UCM,H,194,SOILTD1,5/29/2017 18:00,5/29/2017 18:00,33.5
UCM,H,194,SOILTD1,5/29/2017 19:00,5/29/2017 19:00,33.33333333
UCM,H,194,SOILTD1,5/29/2017 20:00,5/29/2017 20:00,33
UCM,H,194,SOILTD1,5/29/2017 21:00,5/29/2017 21:00,32.55555556
UCM,H,194,SOILTD1,5/29/2017 22:00,5/29/2017 22:00,32
UCM,H,194,SOILTD1,5/29/2017 23:00,5/29/2017 23:00,31.38888889
UCM,H,194,SOILTD1,5/30/2017 0:00,5/30/2017 0:00,30.77777778
UCM,H,194,SOILTD1,5/30/2017 1:00,5/30/2017 1:00,30.22222222
UCM,H,194,SOILTD1,5/30/2017 2:00,5/30/2017 2:00,29.61111111
UCM,H,194,SOILTD1,5/30/2017 3:00,5/30/2017 3:00,29.11111111
UCM,H,194,SOILTD1,5/30/2017 4:00,5/30/2017 4:00,28.66666667
UCM,H,194,SOILTD1,5/30/2017 5:00,5/30/2017 5:00,28.22222222
UCM,H,194,SOILTD1,5/30/2017 6:00,5/30/2017 6:00,27.77777778
UCM,H,194,SOILTD1,5/30/2017 7:00,5/30/2017 7:00,27.33333333
UCM,H,194,SOILTD1,5/30/2017 8:00,5/30/2017 8:00,27
UCM,H,194,SOILTD1,5/30/2017 9:00,5/30/2017 9:00,26.77777778
UCM,H,194,SOILTD1,5/30/2017 10:00,5/30/2017 10:00,26.83333333
UCM,H,194,SOILTD1,5/30/2017 11:00,5/30/2017 11:00,27.27777778
UCM,H,194,SOILTD1,5/30/2017 12:00,5/30/2017 12:00,28.11111111
UCM,H,194,SOILTD1,5/30/2017 13:00,5/30/2017 13:00,29.22222222
UCM,H,194,SOILTD1,5/30/2017 14:00,5/30/2017 14:00,30.44444444
UCM,H,194,SOILTD1,5/30/2017 15:00,5/30/2017 15:00,31.61111111
UCM,H,194,SOILTD1,5/30/2017 16:00,5/30/2017 16:00,32.44444444
UCM,H,194,SOILTD1,5/30/2017 17:00,5/30/2017 17:00,32.88888889
UCM,H,194,SOILTD1,5/30/2017 18:00,5/30/2017 18:00,33
UCM,H,194,SOILTD1,5/30/2017 19:00,5/30/2017 19:00,32.83333333
UCM,H,194,SOILTD1,5/30/2017 20:00,5/30/2017 20:00,32.55555556
UCM,H,194,SOILTD1,5/30/2017 21:00,5/30/2017 21:00,32.11111111
UCM,H,194,SOILTD1,5/30/2017 22:00,5/30/2017 22:00,31.55555556
UCM,H,194,SOILTD1,5/30/2017 23:00,5/30/2017 23:00,30.94444444
UCM,H,194,SOILTD1,5/31/2017 0:00,5/31/2017 0:00,30.33333333
UCM,H,194,SOILTD1,5/31/2017 1:00,5/31/2017 1:00,29.77777778
UCM,H,194,SOILTD1,5/31/2017 2:00,5/31/2017 2:00,29.16666667
UCM,H,194,SOILTD1,5/31/2017 3:00,5/31/2017 3:00,28.77777778
UCM,H,194,SOILTD1,5/31/2017 4:00,5/31/2017 4:00,28.33333333
UCM,H,194,SOILTD1,5/31/2017 5:00,5/31/2017 5:00,27.94444444
UCM,H,194,SOILTD1,5/31/2017 6:00,5/31/2017 6:00,27.61111111
UCM,H,194,SOILTD1,5/31/2017 7:00,5/31/2017 7:00,27.27777778
UCM,H,194,SOILTD1,5/31/2017 8:00,5/31/2017 8:00,27.05555556
UCM,H,194,SOILTD1,5/31/2017 9:00,5/31/2017 9:00,26.77777778
UCM,H,194,SOILTD1,5/31/2017 10:00,5/31/2017 10:00,26.66666667
UCM,H,194,SOILTD1,5/31/2017 11:00,5/31/2017 11:00,26.66666667
UCM,H,194,SOILTD1,5/31/2017 12:00,5/31/2017 12:00,27
UCM,H,194,SOILTD1,5/31/2017 13:00,5/31/2017 13:00,27.72222222
UCM,H,194,SOILTD1,5/31/2017 14:00,5/31/2017 14:00,28.72222222
UCM,H,194,SOILTD1,5/31/2017 15:00,5/31/2017 15:00,29.77777778
UCM,H,194,SOILTD1,5/31/2017 16:00,5/31/2017 16:00,30.72222222
UCM,H,194,SOILTD1,5/31/2017 17:00,5/31/2017 17:00,31.33333333
UCM,H,194,SOILTD1,5/31/2017 18:00,5/31/2017 18:00,31.5
UCM,H,194,SOILTD1,5/31/2017 19:00,5/31/2017 19:00,31.38888889
UCM,H,194,SOILTD1,5/31/2017 20:00,5/31/2017 20:00,31.05555556
UCM,H,194,SOILTD1,5/31/2017 21:00,5/31/2017 21:00,30.66666667
UCM,H,194,SOILTD1,5/31/2017 22:00,5/31/2017 22:00,30.16666667
UCM,H,194,SOILTD1,5/31/2017 23:00,5/31/2017 23:00,29.66666667
UCM,H,194,SOILTD1,6/1/2017 0:00,6/1/2017 0:00,29.11111111
UCM,H,194,SOILTD1,6/1/2017 1:00,6/1/2017 1:00,28.61111111
UCM,H,194,SOILTD1,6/1/2017 2:00,6/1/2017 2:00,28.11111111
UCM,H,194,SOILTD1,6/1/2017 3:00,6/1/2017 3:00,27.66666667
UCM,H,194,SOILTD1,6/1/2017 4:00,6/1/2017 4:00,27.22222222
UCM,H,194,SOILTD1,6/1/2017 5:00,6/1/2017 5:00,26.83333333
UCM,H,194,SOILTD1,6/1/2017 6:00,6/1/2017 6:00,26.55555556
UCM,H,194,SOILTD1,6/1/2017 7:00,6/1/2017 7:00,26.22222222
UCM,H,194,SOILTD1,6/1/2017 8:00,6/1/2017 8:00,25.88888889
UCM,H,194,SOILTD1,6/1/2017 9:00,6/1/2017 9:00,25.77777778
UCM,H,194,SOILTD1,6/1/2017 10:00,6/1/2017 10:00,25.94444444
UCM,H,194,SOILTD1,6/1/2017 11:00,6/1/2017 11:00,26.5
UCM,H,194,SOILTD1,6/1/2017 12:00,6/1/2017 12:00,27.38888889
UCM,H,194,SOILTD1,6/1/2017 13:00,6/1/2017 13:00,28.55555556
UCM,H,194,SOILTD1,6/1/2017 14:00,6/1/2017 14:00,29.77777778
UCM,H,194,SOILTD1,6/1/2017 15:00,6/1/2017 15:00,30.94444444
UCM,H,194,SOILTD1,6/1/2017 16:00,6/1/2017 16:00,32
UCM,H,194,SOILTD1,6/1/2017 17:00,6/1/2017 17:00,32.66666667
UCM,H,194,SOILTD1,6/1/2017 18:00,6/1/2017 18:00,32.77777778
UCM,H,194,SOILTD1,6/1/2017 19:00,6/1/2017 19:00,32.72222222
UCM,H,194,SOILTD1,6/1/2017 20:00,6/1/2017 20:00,32.44444444
UCM,H,194,SOILTD1,6/1/2017 21:00,6/1/2017 21:00,31.94444444
UCM,H,194,SOILTD1,6/1/2017 22:00,6/1/2017 22:00,31.38888889
UCM,H,194,SOILTD1,6/1/2017 23:00,6/1/2017 23:00,30.77777778
UCM,H,194,SOILTD1,6/2/2017 0:00,6/2/2017 0:00,30.22222222
UCM,H,194,SOILTD1,6/2/2017 1:00,6/2/2017 1:00,29.61111111
UCM,H,194,SOILTD1,6/2/2017 2:00,6/2/2017 2:00,29.05555556
UCM,H,194,SOILTD1,6/2/2017 3:00,6/2/2017 3:00,28.61111111
UCM,H,194,SOILTD1,6/2/2017 4:00,6/2/2017 4:00,28.16666667
UCM,H,194,SOILTD1,6/2/2017 5:00,6/2/2017 5:00,27.77777778
UCM,H,194,SOILTD1,6/2/2017 6:00,6/2/2017 6:00,27.33333333
UCM,H,194,SOILTD1,6/2/2017 7:00,6/2/2017 7:00,27
UCM,H,194,SOILTD1,6/2/2017 8:00,6/2/2017 8:00,26.72222222
UCM,H,194,SOILTD1,6/2/2017 9:00,6/2/2017 9:00,26.5
UCM,H,194,SOILTD1,6/2/2017 10:00,6/2/2017 10:00,26.66666667
UCM,H,194,SOILTD1,6/2/2017 11:00,6/2/2017 11:00,27.22222222
UCM,H,194,SOILTD1,6/2/2017 12:00,6/2/2017 12:00,28.16666667
UCM,H,194,SOILTD1,6/2/2017 13:00,6/2/2017 13:00,29.33333333
UCM,H,194,SOILTD1,6/2/2017 14:00,6/2/2017 14:00,30.61111111
UCM,H,194,SOILTD1,6/2/2017 15:00,6/2/2017 15:00,31.88888889
UCM,H,194,SOILTD1,6/2/2017 16:00,6/2/2017 16:00,32.94444444
UCM,H,194,SOILTD1,6/2/2017 17:00,6/2/2017 17:00,33.66666667
UCM,H,194,SOILTD1,6/2/2017 18:00,6/2/2017 18:00,33.88888889
UCM,H,194,SOILTD1,6/2/2017 19:00,6/2/2017 19:00,33.77777778
UCM,H,194,SOILTD1,6/2/2017 20:00,6/2/2017 20:00,33.55555556
UCM,H,194,SOILTD1,6/2/2017 21:00,6/2/2017 21:00,33.11111111
UCM,H,194,SOILTD1,6/2/2017 22:00,6/2/2017 22:00,32.5
UCM,H,194,SOILTD1,6/2/2017 23:00,6/2/2017 23:00,31.88888889
UCM,H,194,SOILTD1,6/3/2017 0:00,6/3/2017 0:00,31.27777778
UCM,H,194,SOILTD1,6/3/2017 1:00,6/3/2017 1:00,30.66666667
UCM,H,194,SOILTD1,6/3/2017 2:00,6/3/2017 2:00,30.22222222
UCM,H,194,SOILTD1,6/3/2017 3:00,6/3/2017 3:00,29.72222222
UCM,H,194,SOILTD1,6/3/2017 4:00,6/3/2017 4:00,29.22222222
UCM,H,194,SOILTD1,6/3/2017 5:00,6/3/2017 5:00,28.83333333
UCM,H,194,SOILTD1,6/3/2017 6:00,6/3/2017 6:00,28.44444444
UCM,H,194,SOILTD1,6/3/2017 7:00,6/3/2017 7:00,28.05555556
UCM,H,194,SOILTD1,6/3/2017 8:00,6/3/2017 8:00,27.72222222
UCM,H,194,SOILTD1,6/3/2017 9:00,6/3/2017 9:00,27.61111111
UCM,H,194,SOILTD1,6/3/2017 10:00,6/3/2017 10:00,27.77777778
UCM,H,194,SOILTD1,6/3/2017 11:00,6/3/2017 11:00,28.27777778
UCM,H,194,SOILTD1,6/3/2017 12:00,6/3/2017 12:00,29.05555556
UCM,H,194,SOILTD1,6/3/2017 13:00,6/3/2017 13:00,30.22222222
UCM,H,194,SOILTD1,6/3/2017 14:00,6/3/2017 14:00,31.44444444
UCM,H,194,SOILTD1,6/3/2017 15:00,6/3/2017 15:00,32.61111111
UCM,H,194,SOILTD1,6/3/2017 16:00,6/3/2017 16:00,33.72222222
UCM,H,194,SOILTD1,6/3/2017 17:00,6/3/2017 17:00,34.44444444
UCM,H,194,SOILTD1,6/3/2017 18:00,6/3/2017 18:00,34.72222222
UCM,H,194,SOILTD1,6/3/2017 19:00,6/3/2017 19:00,34.66666667
UCM,H,194,SOILTD1,6/3/2017 20:00,6/3/2017 20:00,34.33333333
UCM,H,194,SOILTD1,6/3/2017 21:00,6/3/2017 21:00,33.83333333
UCM,H,194,SOILTD1,6/3/2017 22:00,6/3/2017 22:00,33.27777778
UCM,H,194,SOILTD1,6/3/2017 23:00,6/3/2017 23:00,32.66666667
UCM,H,194,SOILTD1,6/4/2017 0:00,6/4/2017 0:00,32
UCM,H,194,SOILTD1,6/4/2017 1:00,6/4/2017 1:00,31.38888889
UCM,H,194,SOILTD1,6/4/2017 2:00,6/4/2017 2:00,30.72222222
UCM,H,194,SOILTD1,6/4/2017 3:00,6/4/2017 3:00,30.22222222
UCM,H,194,SOILTD1,6/4/2017 4:00,6/4/2017 4:00,29.72222222
UCM,H,194,SOILTD1,6/4/2017 5:00,6/4/2017 5:00,29.16666667
UCM,H,194,SOILTD1,6/4/2017 6:00,6/4/2017 6:00,28.77777778
UCM,H,194,SOILTD1,6/4/2017 7:00,6/4/2017 7:00,28.33333333
UCM,H,194,SOILTD1,6/4/2017 8:00,6/4/2017 8:00,27.94444444
UCM,H,194,SOILTD1,6/4/2017 9:00,6/4/2017 9:00,27.72222222
UCM,H,194,SOILTD1,6/4/2017 10:00,6/4/2017 10:00,27.77777778
UCM,H,194,SOILTD1,6/4/2017 11:00,6/4/2017 11:00,28.38888889
UCM,H,194,SOILTD1,6/4/2017 12:00,6/4/2017 12:00,29.33333333
UCM,H,194,SOILTD1,6/4/2017 13:00,6/4/2017 13:00,30.55555556
UCM,H,194,SOILTD1,6/4/2017 14:00,6/4/2017 14:00,31.83333333
UCM,H,194,SOILTD1,6/4/2017 15:00,6/4/2017 15:00,33.05555556
UCM,H,194,SOILTD1,6/4/2017 16:00,6/4/2017 16:00,34.05555556
UCM,H,194,SOILTD1,6/4/2017 17:00,6/4/2017 17:00,34.72222222
UCM,H,194,SOILTD1,6/4/2017 18:00,6/4/2017 18:00,34.88888889
UCM,H,194,SOILTD1,6/4/2017 19:00,6/4/2017 19:00,34.72222222
UCM,H,194,SOILTD1,6/4/2017 20:00,6/4/2017 20:00,34.44444444
UCM,H,194,SOILTD1,6/4/2017 21:00,6/4/2017 21:00,33.94444444
UCM,H,194,SOILTD1,6/4/2017 22:00,6/4/2017 22:00,33.27777778
UCM,H,194,SOILTD1,6/4/2017 23:00,6/4/2017 23:00,32.55555556
UCM,H,194,SOILTD1,6/5/2017 0:00,6/5/2017 0:00,31.88888889
UCM,H,194,SOILTD1,6/5/2017 1:00,6/5/2017 1:00,31.22222222
UCM,H,194,SOILTD1,6/5/2017 2:00,6/5/2017 2:00,30.55555556
UCM,H,194,SOILTD1,6/5/2017 3:00,6/5/2017 3:00,30
UCM,H,194,SOILTD1,6/5/2017 4:00,6/5/2017 4:00,29.38888889
UCM,H,194,SOILTD1,6/5/2017 5:00,6/5/2017 5:00,28.94444444
UCM,H,194,SOILTD1,6/5/2017 6:00,6/5/2017 6:00,28.44444444
UCM,H,194,SOILTD1,6/5/2017 7:00,6/5/2017 7:00,28
UCM,H,194,SOILTD1,6/5/2017 8:00,6/5/2017 8:00,27.55555556
UCM,H,194,SOILTD1,6/5/2017 9:00,6/5/2017 9:00,27.33333333
UCM,H,194,SOILTD1,6/5/2017 10:00,6/5/2017 10:00,27.44444444
UCM,H,194,SOILTD1,6/5/2017 11:00,6/5/2017 11:00,28
UCM,H,194,SOILTD1,6/5/2017 12:00,6/5/2017 12:00,29
UCM,H,194,SOILTD1,6/5/2017 13:00,6/5/2017 13:00,30.22222222
UCM,H,194,SOILTD1,6/5/2017 14:00,6/5/2017 14:00,31.55555556
UCM,H,194,SOILTD1,6/5/2017 15:00,6/5/2017 15:00,32.83333333
UCM,H,194,SOILTD1,6/5/2017 16:00,6/5/2017 16:00,33.94444444
UCM,H,194,SOILTD1,6/5/2017 17:00,6/5/2017 17:00,34.66666667
UCM,H,194,SOILTD1,6/5/2017 18:00,6/5/2017 18:00,35
UCM,H,194,SOILTD1,6/5/2017 19:00,6/5/2017 19:00,34.83333333
UCM,H,194,SOILTD1,6/5/2017 20:00,6/5/2017 20:00,34.55555556
UCM,H,194,SOILTD1,6/5/2017 21:00,6/5/2017 21:00,34.05555556
UCM,H,194,SOILTD1,6/5/2017 22:00,6/5/2017 22:00,33.44444444
UCM,H,194,SOILTD1,6/5/2017 23:00,6/5/2017 23:00,32.72222222
UCM,H,194,SOILTD1,6/6/2017 0:00,6/6/2017 0:00,32.05555556
UCM,H,194,SOILTD1,6/6/2017 1:00,6/6/2017 1:00,31.44444444
UCM,H,194,SOILTD1,6/6/2017 2:00,6/6/2017 2:00,30.83333333
UCM,H,194,SOILTD1,6/6/2017 3:00,6/6/2017 3:00,30.33333333
UCM,H,194,SOILTD1,6/6/2017 4:00,6/6/2017 4:00,29.88888889
UCM,H,194,SOILTD1,6/6/2017 5:00,6/6/2017 5:00,29.38888889
UCM,H,194,SOILTD1,6/6/2017 6:00,6/6/2017 6:00,28.94444444
UCM,H,194,SOILTD1,6/6/2017 7:00,6/6/2017 7:00,28.55555556
UCM,H,194,SOILTD1,6/6/2017 8:00,6/6/2017 8:00,28.11111111
UCM,H,194,SOILTD1,6/6/2017 9:00,6/6/2017 9:00,27.94444444
UCM,H,194,SOILTD1,6/6/2017 10:00,6/6/2017 10:00,28.05555556
UCM,H,194,SOILTD1,6/6/2017 11:00,6/6/2017 11:00,28.61111111
UCM,H,194,SOILTD1,6/6/2017 12:00,6/6/2017 12:00,29.61111111
UCM,H,194,SOILTD1,6/6/2017 13:00,6/6/2017 13:00,30.88888889
UCM,H,194,SOILTD1,6/6/2017 14:00,6/6/2017 14:00,32.22222222
UCM,H,194,SOILTD1,6/6/2017 15:00,6/6/2017 15:00,33.55555556
UCM,H,194,SOILTD1,6/6/2017 16:00,6/6/2017 16:00,34.66666667
UCM,H,194,SOILTD1,6/6/2017 17:00,6/6/2017 17:00,35.44444444
UCM,H,194,SOILTD1,6/6/2017 18:00,6/6/2017 18:00,35.61111111
UCM,H,194,SOILTD1,6/6/2017 19:00,6/6/2017 19:00,35.55555556
UCM,H,194,SOILTD1,6/6/2017 20:00,6/6/2017 20:00,35.22222222
UCM,H,194,SOILTD1,6/6/2017 21:00,6/6/2017 21:00,34.77777778
UCM,H,194,SOILTD1,6/6/2017 22:00,6/6/2017 22:00,34.11111111
UCM,H,194,SOILTD1,6/6/2017 23:00,6/6/2017 23:00,33.44444444
UCM,H,194,SOILTD1,6/7/2017 0:00,6/7/2017 0:00,32.77777778
UCM,H,194,SOILTD1,6/7/2017 1:00,6/7/2017 1:00,32.11111111
UCM,H,194,SOILTD1,6/7/2017 2:00,6/7/2017 2:00,31.44444444
UCM,H,194,SOILTD1,6/7/2017 3:00,6/7/2017 3:00,30.83333333
UCM,H,194,SOILTD1,6/7/2017 4:00,6/7/2017 4:00,30.33333333
UCM,H,194,SOILTD1,6/7/2017 5:00,6/7/2017 5:00,29.83333333
UCM,H,194,SOILTD1,6/7/2017 6:00,6/7/2017 6:00,29.33333333
UCM,H,194,SOILTD1,6/7/2017 7:00,6/7/2017 7:00,28.83333333
UCM,H,194,SOILTD1,6/7/2017 8:00,6/7/2017 8:00,28.5
UCM,H,194,SOILTD1,6/7/2017 9:00,6/7/2017 9:00,28.27777778
UCM,H,194,SOILTD1,6/7/2017 10:00,6/7/2017 10:00,28.38888889
UCM,H,194,SOILTD1,6/7/2017 11:00,6/7/2017 11:00,28.94444444
UCM,H,194,SOILTD1,6/7/2017 12:00,6/7/2017 12:00,29.88888889
UCM,H,194,SOILTD1,6/7/2017 13:00,6/7/2017 13:00,31.11111111
UCM,H,194,SOILTD1,6/7/2017 14:00,6/7/2017 14:00,32.44444444
UCM,H,194,SOILTD1,6/7/2017 15:00,6/7/2017 15:00,33.55555556
UCM,H,194,SOILTD1,6/7/2017 16:00,6/7/2017 16:00,34.44444444
UCM,H,194,SOILTD1,6/7/2017 17:00,6/7/2017 17:00,34.88888889
UCM,H,194,SOILTD1,6/7/2017 18:00,6/7/2017 18:00,35.05555556
UCM,H,194,SOILTD1,6/7/2017 19:00,6/7/2017 19:00,34.88888889
UCM,H,194,SOILTD1,6/7/2017 20:00,6/7/2017 20:00,34.55555556
UCM,H,194,SOILTD1,6/7/2017 21:00,6/7/2017 21:00,34.11111111
UCM,H,194,SOILTD1,6/7/2017 22:00,6/7/2017 22:00,33.5
UCM,H,194,SOILTD1,6/7/2017 23:00,6/7/2017 23:00,32.88888889
UCM,H,194,SOILTD1,6/8/2017 0:00,6/8/2017 0:00,32.22222222
UCM,H,194,SOILTD1,6/8/2017 1:00,6/8/2017 1:00,31.61111111
UCM,H,194,SOILTD1,6/8/2017 2:00,6/8/2017 2:00,31
UCM,H,194,SOILTD1,6/8/2017 3:00,6/8/2017 3:00,30.5
UCM,H,194,SOILTD1,6/8/2017 4:00,6/8/2017 4:00,30.05555556
UCM,H,194,SOILTD1,6/8/2017 5:00,6/8/2017 5:00,29.55555556
UCM,H,194,SOILTD1,6/8/2017 6:00,6/8/2017 6:00,29.16666667
UCM,H,194,SOILTD1,6/8/2017 7:00,6/8/2017 7:00,28.77777778
UCM,H,194,SOILTD1,6/8/2017 8:00,6/8/2017 8:00,28.44444444
UCM,H,194,SOILTD1,6/8/2017 9:00,6/8/2017 9:00,28.27777778
UCM,H,194,SOILTD1,6/8/2017 10:00,6/8/2017 10:00,28.22222222
UCM,H,194,SOILTD1,6/8/2017 11:00,6/8/2017 11:00,28.38888889
UCM,H,194,SOILTD1,6/8/2017 12:00,6/8/2017 12:00,28.61111111
UCM,H,194,SOILTD1,6/8/2017 13:00,6/8/2017 13:00,28.94444444
UCM,H,194,SOILTD1,6/8/2017 14:00,6/8/2017 14:00,29.5
UCM,H,194,SOILTD1,6/8/2017 15:00,6/8/2017 15:00,30.16666667
UCM,H,194,SOILTD1,6/8/2017 16:00,6/8/2017 16:00,30.55555556
UCM,H,194,SOILTD1,6/8/2017 17:00,6/8/2017 17:00,30.94444444
UCM,H,194,SOILTD1,6/8/2017 18:00,6/8/2017 18:00,31.22222222
UCM,H,194,SOILTD1,6/8/2017 19:00,6/8/2017 19:00,31.27777778
UCM,H,194,SOILTD1,6/8/2017 20:00,6/8/2017 20:00,31.22222222
UCM,H,194,SOILTD1,6/8/2017 21:00,6/8/2017 21:00,30.94444444
UCM,H,194,SOILTD1,6/8/2017 22:00,6/8/2017 22:00,30.66666667
UCM,H,194,SOILTD1,6/8/2017 23:00,6/8/2017 23:00,30.22222222
UCM,H,194,SOILTD1,6/9/2017 0:00,6/9/2017 0:00,29.83333333
UCM,H,194,SOILTD1,6/9/2017 1:00,6/9/2017 1:00,29.44444444
UCM,H,194,SOILTD1,6/9/2017 2:00,6/9/2017 2:00,29.11111111
UCM,H,194,SOILTD1,6/9/2017 3:00,6/9/2017 3:00,28.77777778
UCM,H,194,SOILTD1,6/9/2017 4:00,6/9/2017 4:00,28.55555556
UCM,H,194,SOILTD1,6/9/2017 5:00,6/9/2017 5:00,28.33333333
UCM,H,194,SOILTD1,6/9/2017 6:00,6/9/2017 6:00,28.05555556
UCM,H,194,SOILTD1,6/9/2017 7:00,6/9/2017 7:00,27.77777778
UCM,H,194,SOILTD1,6/9/2017 8:00,6/9/2017 8:00,27.66666667
UCM,H,194,SOILTD1,6/9/2017 9:00,6/9/2017 9:00,27.5
UCM,H,194,SOILTD1,6/9/2017 10:00,6/9/2017 10:00,27.5
UCM,H,194,SOILTD1,6/9/2017 11:00,6/9/2017 11:00,27.55555556
UCM,H,194,SOILTD1,6/9/2017 12:00,6/9/2017 12:00,27.83333333
UCM,H,194,SOILTD1,6/9/2017 13:00,6/9/2017 13:00,28.27777778
UCM,H,194,SOILTD1,6/9/2017 14:00,6/9/2017 14:00,28.88888889
UCM,H,194,SOILTD1,6/9/2017 15:00,6/9/2017 15:00,29.33333333
UCM,H,194,SOILTD1,6/9/2017 16:00,6/9/2017 16:00,29.83333333
UCM,H,194,SOILTD1,6/9/2017 17:00,6/9/2017 17:00,30.22222222
UCM,H,194,SOILTD1,6/9/2017 18:00,6/9/2017 18:00,30.61111111
UCM,H,194,SOILTD1,6/9/2017 19:00,6/9/2017 19:00,30.88888889
UCM,H,194,SOILTD1,6/9/2017 20:00,6/9/2017 20:00,30.88888889
UCM,H,194,SOILTD1,6/9/2017 21:00,6/9/2017 21:00,30.72222222
UCM,H,194,SOILTD1,6/9/2017 22:00,6/9/2017 22:00,30.33333333
UCM,H,194,SOILTD1,6/9/2017 23:00,6/9/2017 23:00,29.94444444
UCM,H,194,SOILTD1,6/10/2017 0:00,6/10/2017 0:00,29.38888889
UCM,H,194,SOILTD1,6/10/2017 1:00,6/10/2017 1:00,28.88888889
UCM,H,194,SOILTD1,6/10/2017 2:00,6/10/2017 2:00,28.44444444
UCM,H,194,SOILTD1,6/10/2017 3:00,6/10/2017 3:00,27.94444444
UCM,H,194,SOILTD1,6/10/2017 4:00,6/10/2017 4:00,27.5
UCM,H,194,SOILTD1,6/10/2017 5:00,6/10/2017 5:00,27.16666667
UCM,H,194,SOILTD1,6/10/2017 6:00,6/10/2017 6:00,26.77777778
UCM,H,194,SOILTD1,6/10/2017 7:00,6/10/2017 7:00,26.38888889
UCM,H,194,SOILTD1,6/10/2017 8:00,6/10/2017 8:00,26.05555556
UCM,H,194,SOILTD1,6/10/2017 9:00,6/10/2017 9:00,25.94444444
UCM,H,194,SOILTD1,6/10/2017 10:00,6/10/2017 10:00,26.05555556
UCM,H,194,SOILTD1,6/10/2017 11:00,6/10/2017 11:00,26.61111111
UCM,H,194,SOILTD1,6/10/2017 12:00,6/10/2017 12:00,27.5
UCM,H,194,SOILTD1,6/10/2017 13:00,6/10/2017 13:00,28.66666667
UCM,H,194,SOILTD1,6/10/2017 14:00,6/10/2017 14:00,29.94444444
UCM,H,194,SOILTD1,6/10/2017 15:00,6/10/2017 15:00,31.22222222
UCM,H,194,SOILTD1,6/10/2017 16:00,6/10/2017 16:00,32.27777778
UCM,H,194,SOILTD1,6/10/2017 17:00,6/10/2017 17:00,33
UCM,H,194,SOILTD1,6/10/2017 18:00,6/10/2017 18:00,33.27777778
UCM,H,194,SOILTD1,6/10/2017 19:00,6/10/2017 19:00,33.16666667
UCM,H,194,SOILTD1,6/10/2017 20:00,6/10/2017 20:00,32.83333333
UCM,H,194,SOILTD1,6/10/2017 21:00,6/10/2017 21:00,32.33333333
UCM,H,194,SOILTD1,6/10/2017 22:00,6/10/2017 22:00,31.72222222
UCM,H,194,SOILTD1,6/10/2017 23:00,6/10/2017 23:00,31.05555556
UCM,H,194,SOILTD1,6/11/2017 0:00,6/11/2017 0:00,30.38888889
UCM,H,194,SOILTD1,6/11/2017 1:00,6/11/2017 1:00,29.77777778
UCM,H,194,SOILTD1,6/11/2017 2:00,6/11/2017 2:00,29.16666667
UCM,H,194,SOILTD1,6/11/2017 3:00,6/11/2017 3:00,28.66666667
UCM,H,194,SOILTD1,6/11/2017 4:00,6/11/2017 4:00,28.16666667
UCM,H,194,SOILTD1,6/11/2017 5:00,6/11/2017 5:00,27.66666667
UCM,H,194,SOILTD1,6/11/2017 6:00,6/11/2017 6:00,27.22222222
UCM,H,194,SOILTD1,6/11/2017 7:00,6/11/2017 7:00,26.83333333
UCM,H,194,SOILTD1,6/11/2017 8:00,6/11/2017 8:00,26.44444444
UCM,H,194,SOILTD1,6/11/2017 9:00,6/11/2017 9:00,26.27777778
UCM,H,194,SOILTD1,6/11/2017 10:00,6/11/2017 10:00,26.38888889
UCM,H,194,SOILTD1,6/11/2017 11:00,6/11/2017 11:00,26.77777778
UCM,H,194,SOILTD1,6/11/2017 12:00,6/11/2017 12:00,27.5
UCM,H,194,SOILTD1,6/11/2017 13:00,6/11/2017 13:00,28.33333333
UCM,H,194,SOILTD1,6/11/2017 14:00,6/11/2017 14:00,29.27777778
UCM,H,194,SOILTD1,6/11/2017 15:00,6/11/2017 15:00,30.16666667
UCM,H,194,SOILTD1,6/11/2017 16:00,6/11/2017 16:00,30.83333333
UCM,H,194,SOILTD1,6/11/2017 17:00,6/11/2017 17:00,31.33333333
UCM,H,194,SOILTD1,6/11/2017 18:00,6/11/2017 18:00,31.38888889
UCM,H,194,SOILTD1,6/11/2017 19:00,6/11/2017 19:00,31.22222222
UCM,H,194,SOILTD1,6/11/2017 20:00,6/11/2017 20:00,30.88888889
UCM,H,194,SOILTD1,6/11/2017 21:00,6/11/2017 21:00,30.38888889
UCM,H,194,SOILTD1,6/11/2017 22:00,6/11/2017 22:00,29.77777778
UCM,H,194,SOILTD1,6/11/2017 23:00,6/11/2017 23:00,29.11111111
UCM,H,194,SOILTD1,6/12/2017 0:00,6/12/2017 0:00,28.5
UCM,H,194,SOILTD1,6/12/2017 1:00,6/12/2017 1:00,27.83333333
UCM,H,194,SOILTD1,6/12/2017 2:00,6/12/2017 2:00,27.27777778
UCM,H,194,SOILTD1,6/12/2017 3:00,6/12/2017 3:00,26.77777778
UCM,H,194,SOILTD1,6/12/2017 4:00,6/12/2017 4:00,26.27777778
UCM,H,194,SOILTD1,6/12/2017 5:00,6/12/2017 5:00,25.77777778
UCM,H,194,SOILTD1,6/12/2017 6:00,6/12/2017 6:00,25.33333333
UCM,H,194,SOILTD1,6/12/2017 7:00,6/12/2017 7:00,25
UCM,H,194,SOILTD1,6/12/2017 8:00,6/12/2017 8:00,24.72222222
UCM,H,194,SOILTD1,6/12/2017 9:00,6/12/2017 9:00,24.55555556
UCM,H,194,SOILTD1,6/12/2017 10:00,6/12/2017 10:00,24.77777778
UCM,H,194,SOILTD1,6/12/2017 11:00,6/12/2017 11:00,25.27777778
UCM,H,194,SOILTD1,6/12/2017 12:00,6/12/2017 12:00,26.16666667
UCM,H,194,SOILTD1,6/12/2017 13:00,6/12/2017 13:00,27.22222222
UCM,H,194,SOILTD1,6/12/2017 14:00,6/12/2017 14:00,28.16666667
UCM,H,194,SOILTD1,6/12/2017 15:00,6/12/2017 15:00,29.27777778
UCM,H,194,SOILTD1,6/12/2017 16:00,6/12/2017 16:00,30.22222222
UCM,H,194,SOILTD1,6/12/2017 17:00,6/12/2017 17:00,30.88888889
UCM,H,194,SOILTD1,6/12/2017 18:00,6/12/2017 18:00,31.22222222
UCM,H,194,SOILTD1,6/12/2017 19:00,6/12/2017 19:00,31.22222222
UCM,H,194,SOILTD1,6/12/2017 20:00,6/12/2017 20:00,31
UCM,H,194,SOILTD1,6/12/2017 21:00,6/12/2017 21:00,30.66666667
UCM,H,194,SOILTD1,6/12/2017 22:00,6/12/2017 22:00,30.11111111
UCM,H,194,SOILTD1,6/12/2017 23:00,6/12/2017 23:00,29.5
UCM,H,194,SOILTD1,6/13/2017 0:00,6/13/2017 0:00,29
UCM,H,194,SOILTD1,6/13/2017 1:00,6/13/2017 1:00,28.44444444
UCM,H,194,SOILTD1,6/13/2017 2:00,6/13/2017 2:00,27.94444444
UCM,H,194,SOILTD1,6/13/2017 3:00,6/13/2017 3:00,27.44444444
UCM,H,194,SOILTD1,6/13/2017 4:00,6/13/2017 4:00,27.05555556
UCM,H,194,SOILTD1,6/13/2017 5:00,6/13/2017 5:00,26.66666667
UCM,H,194,SOILTD1,6/13/2017 6:00,6/13/2017 6:00,26.22222222
UCM,H,194,SOILTD1,6/13/2017 7:00,6/13/2017 7:00,25.88888889
UCM,H,194,SOILTD1,6/13/2017 8:00,6/13/2017 8:00,25.55555556
UCM,H,194,SOILTD1,6/13/2017 9:00,6/13/2017 9:00,25.38888889
UCM,H,194,SOILTD1,6/13/2017 10:00,6/13/2017 10:00,25.61111111
UCM,H,194,SOILTD1,6/13/2017 11:00,6/13/2017 11:00,26.22222222
UCM,H,194,SOILTD1,6/13/2017 12:00,6/13/2017 12:00,27.22222222
UCM,H,194,SOILTD1,6/13/2017 13:00,6/13/2017 13:00,28.55555556
UCM,H,194,SOILTD1,6/13/2017 14:00,6/13/2017 14:00,29.88888889
UCM,H,194,SOILTD1,6/13/2017 15:00,6/13/2017 15:00,31.22222222
UCM,H,194,SOILTD1,6/13/2017 16:00,6/13/2017 16:00,32.33333333
UCM,H,194,SOILTD1,6/13/2017 17:00,6/13/2017 17:00,33.16666667
UCM,H,194,SOILTD1,6/13/2017 18:00,6/13/2017 18:00,33.44444444
UCM,H,194,SOILTD1,6/13/2017 19:00,6/13/2017 19:00,33.38888889
UCM,H,194,SOILTD1,6/13/2017 20:00,6/13/2017 20:00,33.05555556
UCM,H,194,SOILTD1,6/13/2017 21:00,6/13/2017 21:00,32.61111111
UCM,H,194,SOILTD1,6/13/2017 22:00,6/13/2017 22:00,32
UCM,H,194,SOILTD1,6/13/2017 23:00,6/13/2017 23:00,31.38888889
UCM,H,194,SOILTD1,6/14/2017 0:00,6/14/2017 0:00,30.72222222
UCM,H,194,SOILTD1,6/14/2017 1:00,6/14/2017 1:00,30.11111111
UCM,H,194,SOILTD1,6/14/2017 2:00,6/14/2017 2:00,29.61111111
UCM,H,194,SOILTD1,6/14/2017 3:00,6/14/2017 3:00,29.05555556
UCM,H,194,SOILTD1,6/14/2017 4:00,6/14/2017 4:00,28.61111111
UCM,H,194,SOILTD1,6/14/2017 5:00,6/14/2017 5:00,28.16666667
UCM,H,194,SOILTD1,6/14/2017 6:00,6/14/2017 6:00,27.66666667
UCM,H,194,SOILTD1,6/14/2017 7:00,6/14/2017 7:00,27.33333333
UCM,H,194,SOILTD1,6/14/2017 8:00,6/14/2017 8:00,27
UCM,H,194,SOILTD1,6/14/2017 9:00,6/14/2017 9:00,26.83333333
UCM,H,194,SOILTD1,6/14/2017 10:00,6/14/2017 10:00,27
UCM,H,194,SOILTD1,6/14/2017 11:00,6/14/2017 11:00,27.61111111
UCM,H,194,SOILTD1,6/14/2017 12:00,6/14/2017 12:00,28.61111111
UCM,H,194,SOILTD1,6/14/2017 13:00,6/14/2017 13:00,29.88888889
UCM,H,194,SOILTD1,6/14/2017 14:00,6/14/2017 14:00,31.22222222
UCM,H,194,SOILTD1,6/14/2017 15:00,6/14/2017 15:00,32.55555556
UCM,H,194,SOILTD1,6/14/2017 16:00,6/14/2017 16:00,33.72222222
UCM,H,194,SOILTD1,6/14/2017 17:00,6/14/2017 17:00,34.5
UCM,H,194,SOILTD1,6/14/2017 18:00,6/14/2017 18:00,34.77777778
UCM,H,194,SOILTD1,6/14/2017 19:00,6/14/2017 19:00,34.77777778
UCM,H,194,SOILTD1,6/14/2017 20:00,6/14/2017 20:00,34.44444444
UCM,H,194,SOILTD1,6/14/2017 21:00,6/14/2017 21:00,33.94444444
UCM,H,194,SOILTD1,6/14/2017 22:00,6/14/2017 22:00,33.33333333
UCM,H,194,SOILTD1,6/14/2017 23:00,6/14/2017 23:00,32.66666667
UCM,H,194,SOILTD1,6/15/2017 0:00,6/15/2017 0:00,32
UCM,H,194,SOILTD1,6/15/2017 1:00,6/15/2017 1:00,31.38888889
UCM,H,194,SOILTD1,6/15/2017 2:00,6/15/2017 2:00,30.72222222
UCM,H,194,SOILTD1,6/15/2017 3:00,6/15/2017 3:00,30.22222222
UCM,H,194,SOILTD1,6/15/2017 4:00,6/15/2017 4:00,29.72222222
UCM,H,194,SOILTD1,6/15/2017 5:00,6/15/2017 5:00,29.16666667
UCM,H,194,SOILTD1,6/15/2017 6:00,6/15/2017 6:00,28.77777778
UCM,H,194,SOILTD1,6/15/2017 7:00,6/15/2017 7:00,28.33333333
UCM,H,194,SOILTD1,6/15/2017 8:00,6/15/2017 8:00,28
UCM,H,194,SOILTD1,6/15/2017 9:00,6/15/2017 9:00,27.77777778
UCM,H,194,SOILTD1,6/15/2017 10:00,6/15/2017 10:00,27.94444444
UCM,H,194,SOILTD1,6/15/2017 11:00,6/15/2017 11:00,28.5
UCM,H,194,SOILTD1,6/15/2017 12:00,6/15/2017 12:00,29.5
UCM,H,194,SOILTD1,6/15/2017 13:00,6/15/2017 13:00,30.66666667
UCM,H,194,SOILTD1,6/15/2017 14:00,6/15/2017 14:00,32.05555556
UCM,H,194,SOILTD1,6/15/2017 15:00,6/15/2017 15:00,33.33333333
UCM,H,194,SOILTD1,6/15/2017 16:00,6/15/2017 16:00,34.5
UCM,H,194,SOILTD1,6/15/2017 17:00,6/15/2017 17:00,35.22222222
UCM,H,194,SOILTD1,6/15/2017 18:00,6/15/2017 18:00,35.5
UCM,H,194,SOILTD1,6/15/2017 19:00,6/15/2017 19:00,35.33333333
UCM,H,194,SOILTD1,6/15/2017 20:00,6/15/2017 20:00,35
UCM,H,194,SOILTD1,6/15/2017 21:00,6/15/2017 21:00,34.55555556
UCM,H,194,SOILTD1,6/15/2017 22:00,6/15/2017 22:00,33.94444444
UCM,H,194,SOILTD1,6/15/2017 23:00,6/15/2017 23:00,33.33333333
UCM,H,194,SOILTD1,6/16/2017 0:00,6/16/2017 0:00,32.66666667
UCM,H,194,SOILTD1,6/16/2017 1:00,6/16/2017 1:00,32
UCM,H,194,SOILTD1,6/16/2017 2:00,6/16/2017 2:00,31.44444444
UCM,H,194,SOILTD1,6/16/2017 3:00,6/16/2017 3:00,30.88888889
UCM,H,194,SOILTD1,6/16/2017 4:00,6/16/2017 4:00,30.44444444
UCM,H,194,SOILTD1,6/16/2017 5:00,6/16/2017 5:00,30.05555556
UCM,H,194,SOILTD1,6/16/2017 6:00,6/16/2017 6:00,29.55555556
UCM,H,194,SOILTD1,6/16/2017 7:00,6/16/2017 7:00,29.16666667
UCM,H,194,SOILTD1,6/16/2017 8:00,6/16/2017 8:00,28.88888889
UCM,H,194,SOILTD1,6/16/2017 9:00,6/16/2017 9:00,28.72222222
UCM,H,194,SOILTD1,6/16/2017 10:00,6/16/2017 10:00,28.83333333
UCM,H,194,SOILTD1,6/16/2017 11:00,6/16/2017 11:00,29.33333333
UCM,H,194,SOILTD1,6/16/2017 12:00,6/16/2017 12:00,30.33333333
UCM,H,194,SOILTD1,6/16/2017 13:00,6/16/2017 13:00,31.55555556
UCM,H,194,SOILTD1,6/16/2017 14:00,6/16/2017 14:00,32.94444444
UCM,H,194,SOILTD1,6/16/2017 15:00,6/16/2017 15:00,34.22222222
UCM,H,194,SOILTD1,6/16/2017 16:00,6/16/2017 16:00,35.38888889
UCM,H,194,SOILTD1,6/16/2017 17:00,6/16/2017 17:00,36.11111111
UCM,H,194,SOILTD1,6/16/2017 18:00,6/16/2017 18:00,36.44444444
UCM,H,194,SOILTD1,6/16/2017 19:00,6/16/2017 19:00,36.38888889
UCM,H,194,SOILTD1,6/16/2017 20:00,6/16/2017 20:00,36.16666667
UCM,H,194,SOILTD1,6/16/2017 21:00,6/16/2017 21:00,35.72222222
UCM,H,194,SOILTD1,6/16/2017 22:00,6/16/2017 22:00,35.22222222
UCM,H,194,SOILTD1,6/16/2017 23:00,6/16/2017 23:00,34.55555556
UCM,H,194,SOILTD1,6/17/2017 0:00,6/17/2017 0:00,33.94444444
UCM,H,194,SOILTD1,6/17/2017 1:00,6/17/2017 1:00,33.38888889
UCM,H,194,SOILTD1,6/17/2017 2:00,6/17/2017 2:00,32.77777778
UCM,H,194,SOILTD1,6/17/2017 3:00,6/17/2017 3:00,32.33333333
UCM,H,194,SOILTD1,6/17/2017 4:00,6/17/2017 4:00,31.77777778
UCM,H,194,SOILTD1,6/17/2017 5:00,6/17/2017 5:00,31.33333333
UCM,H,194,SOILTD1,6/17/2017 6:00,6/17/2017 6:00,31
UCM,H,194,SOILTD1,6/17/2017 7:00,6/17/2017 7:00,30.55555556
UCM,H,194,SOILTD1,6/17/2017 8:00,6/17/2017 8:00,30.27777778
UCM,H,194,SOILTD1,6/17/2017 9:00,6/17/2017 9:00,30.11111111
UCM,H,194,SOILTD1,6/17/2017 10:00,6/17/2017 10:00,30.16666667
UCM,H,194,SOILTD1,6/17/2017 11:00,6/17/2017 11:00,30.72222222
UCM,H,194,SOILTD1,6/17/2017 12:00,6/17/2017 12:00,31.66666667
UCM,H,194,SOILTD1,6/17/2017 13:00,6/17/2017 13:00,32.83333333
UCM,H,194,SOILTD1,6/17/2017 14:00,6/17/2017 14:00,34.11111111
UCM,H,194,SOILTD1,6/17/2017 15:00,6/17/2017 15:00,35.38888889
UCM,H,194,SOILTD1,6/17/2017 16:00,6/17/2017 16:00,36.44444444
UCM,H,194,SOILTD1,6/17/2017 17:00,6/17/2017 17:00,37.11111111
UCM,H,194,SOILTD1,6/17/2017 18:00,6/17/2017 18:00,37.38888889
UCM,H,194,SOILTD1,6/17/2017 19:00,6/17/2017 19:00,37.22222222
UCM,H,194,SOILTD1,6/17/2017 20:00,6/17/2017 20:00,36.88888889
UCM,H,194,SOILTD1,6/17/2017 21:00,6/17/2017 21:00,36.44444444
UCM,H,194,SOILTD1,6/17/2017 22:00,6/17/2017 22:00,35.88888889
UCM,H,194,SOILTD1,6/17/2017 23:00,6/17/2017 23:00,35.22222222
UCM,H,194,SOILTD1,6/18/2017 0:00,6/18/2017 0:00,34.55555556
UCM,H,194,SOILTD1,6/18/2017 1:00,6/18/2017 1:00,33.94444444
UCM,H,194,SOILTD1,6/18/2017 2:00,6/18/2017 2:00,33.38888889
UCM,H,194,SOILTD1,6/18/2017 3:00,6/18/2017 3:00,32.77777778
UCM,H,194,SOILTD1,6/18/2017 4:00,6/18/2017 4:00,32.22222222
UCM,H,194,SOILTD1,6/18/2017 5:00,6/18/2017 5:00,31.77777778
UCM,H,194,SOILTD1,6/18/2017 6:00,6/18/2017 6:00,31.33333333
UCM,H,194,SOILTD1,6/18/2017 7:00,6/18/2017 7:00,30.94444444
UCM,H,194,SOILTD1,6/18/2017 8:00,6/18/2017 8:00,30.55555556
UCM,H,194,SOILTD1,6/18/2017 9:00,6/18/2017 9:00,30.38888889
UCM,H,194,SOILTD1,6/18/2017 10:00,6/18/2017 10:00,30.55555556
UCM,H,194,SOILTD1,6/18/2017 11:00,6/18/2017 11:00,31.22222222
UCM,H,194,SOILTD1,6/18/2017 12:00,6/18/2017 12:00,32.16666667
UCM,H,194,SOILTD1,6/18/2017 13:00,6/18/2017 13:00,33.44444444
UCM,H,194,SOILTD1,6/18/2017 14:00,6/18/2017 14:00,34.66666667
UCM,H,194,SOILTD1,6/18/2017 15:00,6/18/2017 15:00,35.94444444
UCM,H,194,SOILTD1,6/18/2017 16:00,6/18/2017 16:00,37.05555556
UCM,H,194,SOILTD1,6/18/2017 17:00,6/18/2017 17:00,37.88888889
UCM,H,194,SOILTD1,6/18/2017 18:00,6/18/2017 18:00,38.22222222
UCM,H,194,SOILTD1,6/18/2017 19:00,6/18/2017 19:00,38.16666667
UCM,H,194,SOILTD1,6/18/2017 20:00,6/18/2017 20:00,37.94444444
UCM,H,194,SOILTD1,6/18/2017 21:00,6/18/2017 21:00,37.55555556
UCM,H,194,SOILTD1,6/18/2017 22:00,6/18/2017 22:00,37.05555556
UCM,H,194,SOILTD1,6/18/2017 23:00,6/18/2017 23:00,36.44444444
UCM,H,194,SOILTD1,6/19/2017 0:00,6/19/2017 0:00,35.88888889
UCM,H,194,SOILTD1,6/19/2017 1:00,6/19/2017 1:00,35.33333333
UCM,H,194,SOILTD1,6/19/2017 2:00,6/19/2017 2:00,34.77777778
UCM,H,194,SOILTD1,6/19/2017 3:00,6/19/2017 3:00,34.33333333
UCM,H,194,SOILTD1,6/19/2017 4:00,6/19/2017 4:00,33.83333333
UCM,H,194,SOILTD1,6/19/2017 5:00,6/19/2017 5:00,33.38888889
UCM,H,194,SOILTD1,6/19/2017 6:00,6/19/2017 6:00,32.94444444
UCM,H,194,SOILTD1,6/19/2017 7:00,6/19/2017 7:00,32.55555556
UCM,H,194,SOILTD1,6/19/2017 8:00,6/19/2017 8:00,32.16666667
UCM,H,194,SOILTD1,6/19/2017 9:00,6/19/2017 9:00,31.94444444
UCM,H,194,SOILTD1,6/19/2017 10:00,6/19/2017 10:00,32.05555556
UCM,H,194,SOILTD1,6/19/2017 11:00,6/19/2017 11:00,32.61111111
UCM,H,194,SOILTD1,6/19/2017 12:00,6/19/2017 12:00,33.55555556
UCM,H,194,SOILTD1,6/19/2017 13:00,6/19/2017 13:00,34.77777778
UCM,H,194,SOILTD1,6/19/2017 14:00,6/19/2017 14:00,36
UCM,H,194,SOILTD1,6/19/2017 15:00,6/19/2017 15:00,37.27777778
UCM,H,194,SOILTD1,6/19/2017 16:00,6/19/2017 16:00,38.38888889
UCM,H,194,SOILTD1,6/19/2017 17:00,6/19/2017 17:00,39.11111111
UCM,H,194,SOILTD1,6/19/2017 18:00,6/19/2017 18:00,39.5
UCM,H,194,SOILTD1,6/19/2017 19:00,6/19/2017 19:00,39.38888889
UCM,H,194,SOILTD1,6/19/2017 20:00,6/19/2017 20:00,39.16666667
UCM,H,194,SOILTD1,6/19/2017 21:00,6/19/2017 21:00,38.66666667
UCM,H,194,SOILTD1,6/19/2017 22:00,6/19/2017 22:00,38.05555556
UCM,H,194,SOILTD1,6/19/2017 23:00,6/19/2017 23:00,37.44444444
UCM,H,194,SOILTD1,6/20/2017 0:00,6/20/2017 0:00,36.77777778
UCM,H,194,SOILTD1,6/20/2017 1:00,6/20/2017 1:00,36.11111111
UCM,H,194,SOILTD1,6/20/2017 2:00,6/20/2017 2:00,35.5
UCM,H,194,SOILTD1,6/20/2017 3:00,6/20/2017 3:00,35
UCM,H,194,SOILTD1,6/20/2017 4:00,6/20/2017 4:00,34.44444444
UCM,H,194,SOILTD1,6/20/2017 5:00,6/20/2017 5:00,33.94444444
UCM,H,194,SOILTD1,6/20/2017 6:00,6/20/2017 6:00,33.5
UCM,H,194,SOILTD1,6/20/2017 7:00,6/20/2017 7:00,33.05555556
UCM,H,194,SOILTD1,6/20/2017 8:00,6/20/2017 8:00,32.66666667
UCM,H,194,SOILTD1,6/20/2017 9:00,6/20/2017 9:00,32.44444444
UCM,H,194,SOILTD1,6/20/2017 10:00,6/20/2017 10:00,32.55555556
UCM,H,194,SOILTD1,6/20/2017 11:00,6/20/2017 11:00,33.05555556
UCM,H,194,SOILTD1,6/20/2017 12:00,6/20/2017 12:00,34
UCM,H,194,SOILTD1,6/20/2017 13:00,6/20/2017 13:00,35.16666667
UCM,H,194,SOILTD1,6/20/2017 14:00,6/20/2017 14:00,36.44444444
UCM,H,194,SOILTD1,6/20/2017 15:00,6/20/2017 15:00,37.77777778
UCM,H,194,SOILTD1,6/20/2017 16:00,6/20/2017 16:00,38.77777778
UCM,H,194,SOILTD1,6/20/2017 17:00,6/20/2017 17:00,39.55555556
UCM,H,194,SOILTD1,6/20/2017 18:00,6/20/2017 18:00,39.88888889
UCM,H,194,SOILTD1,6/20/2017 19:00,6/20/2017 19:00,39.83333333
UCM,H,194,SOILTD1,6/20/2017 20:00,6/20/2017 20:00,39.5
UCM,H,194,SOILTD1,6/20/2017 21:00,6/20/2017 21:00,39.05555556
UCM,H,194,SOILTD1,6/20/2017 22:00,6/20/2017 22:00,38.44444444
UCM,H,194,SOILTD1,6/20/2017 23:00,6/20/2017 23:00,37.77777778
UCM,H,194,SOILTD1,6/21/2017 0:00,6/21/2017 0:00,37.11111111
UCM,H,194,SOILTD1,6/21/2017 1:00,6/21/2017 1:00,36.44444444
UCM,H,194,SOILTD1,6/21/2017 2:00,6/21/2017 2:00,35.83333333
UCM,H,194,SOILTD1,6/21/2017 3:00,6/21/2017 3:00,35.27777778
UCM,H,194,SOILTD1,6/21/2017 4:00,6/21/2017 4:00,34.77777778
UCM,H,194,SOILTD1,6/21/2017 5:00,6/21/2017 5:00,34.22222222
UCM,H,194,SOILTD1,6/21/2017 6:00,6/21/2017 6:00,33.77777778
UCM,H,194,SOILTD1,6/21/2017 7:00,6/21/2017 7:00,33.33333333
UCM,H,194,SOILTD1,6/21/2017 8:00,6/21/2017 8:00,32.83333333
UCM,H,194,SOILTD1,6/21/2017 9:00,6/21/2017 9:00,32.61111111
UCM,H,194,SOILTD1,6/21/2017 10:00,6/21/2017 10:00,32.66666667
UCM,H,194,SOILTD1,6/21/2017 11:00,6/21/2017 11:00,33.16666667
UCM,H,194,SOILTD1,6/21/2017 12:00,6/21/2017 12:00,34
UCM,H,194,SOILTD1,6/21/2017 13:00,6/21/2017 13:00,35.16666667
UCM,H,194,SOILTD1,6/21/2017 14:00,6/21/2017 14:00,36.38888889
UCM,H,194,SOILTD1,6/21/2017 15:00,6/21/2017 15:00,37.66666667
UCM,H,194,SOILTD1,6/21/2017 16:00,6/21/2017 16:00,38.66666667
UCM,H,194,SOILTD1,6/21/2017 17:00,6/21/2017 17:00,39.5
UCM,H,194,SOILTD1,6/21/2017 18:00,6/21/2017 18:00,39.77777778
UCM,H,194,SOILTD1,6/21/2017 19:00,6/21/2017 19:00,39.77777778
UCM,H,194,SOILTD1,6/21/2017 20:00,6/21/2017 20:00,39.5
UCM,H,194,SOILTD1,6/21/2017 21:00,6/21/2017 21:00,39.05555556
UCM,H,194,SOILTD1,6/21/2017 22:00,6/21/2017 22:00,38.55555556
UCM,H,194,SOILTD1,6/21/2017 23:00,6/21/2017 23:00,37.88888889
UCM,H,194,SOILTD1,6/22/2017 0:00,6/22/2017 0:00,37.27777778
UCM,H,194,SOILTD1,6/22/2017 1:00,6/22/2017 1:00,36.66666667
UCM,H,194,SOILTD1,6/22/2017 2:00,6/22/2017 2:00,36.11111111
UCM,H,194,SOILTD1,6/22/2017 3:00,6/22/2017 3:00,35.55555556
UCM,H,194,SOILTD1,6/22/2017 4:00,6/22/2017 4:00,35.16666667
UCM,H,194,SOILTD1,6/22/2017 5:00,6/22/2017 5:00,34.66666667
UCM,H,194,SOILTD1,6/22/2017 6:00,6/22/2017 6:00,34.22222222
UCM,H,194,SOILTD1,6/22/2017 7:00,6/22/2017 7:00,33.77777778
UCM,H,194,SOILTD1,6/22/2017 8:00,6/22/2017 8:00,33.44444444
UCM,H,194,SOILTD1,6/22/2017 9:00,6/22/2017 9:00,33.22222222
UCM,H,194,SOILTD1,6/22/2017 10:00,6/22/2017 10:00,33.38888889
UCM,H,194,SOILTD1,6/22/2017 11:00,6/22/2017 11:00,33.88888889
UCM,H,194,SOILTD1,6/22/2017 12:00,6/22/2017 12:00,34.77777778
UCM,H,194,SOILTD1,6/22/2017 13:00,6/22/2017 13:00,35.94444444
UCM,H,194,SOILTD1,6/22/2017 14:00,6/22/2017 14:00,37.22222222
UCM,H,194,SOILTD1,6/22/2017 15:00,6/22/2017 15:00,38.44444444
UCM,H,194,SOILTD1,6/22/2017 16:00,6/22/2017 16:00,39.5
UCM,H,194,SOILTD1,6/22/2017 17:00,6/22/2017 17:00,40.27777778
UCM,H,194,SOILTD1,6/22/2017 18:00,6/22/2017 18:00,40.61111111
UCM,H,194,SOILTD1,6/22/2017 19:00,6/22/2017 19:00,40.55555556
UCM,H,194,SOILTD1,6/22/2017 20:00,6/22/2017 20:00,40.27777778
UCM,H,194,SOILTD1,6/22/2017 21:00,6/22/2017 21:00,39.83333333
UCM,H,194,SOILTD1,6/22/2017 22:00,6/22/2017 22:00,39.22222222
UCM,H,194,SOILTD1,6/22/2017 23:00,6/22/2017 23:00,38.55555556
UCM,H,194,SOILTD1,6/23/2017 0:00,6/23/2017 0:00,37.88888889
UCM,H,194,SOILTD1,6/23/2017 1:00,6/23/2017 1:00,37.22222222
UCM,H,194,SOILTD1,6/23/2017 2:00,6/23/2017 2:00,36.66666667
UCM,H,194,SOILTD1,6/23/2017 3:00,6/23/2017 3:00,36.11111111
UCM,H,194,SOILTD1,6/23/2017 4:00,6/23/2017 4:00,35.55555556
UCM,H,194,SOILTD1,6/23/2017 5:00,6/23/2017 5:00,35.11111111
UCM,H,194,SOILTD1,6/23/2017 6:00,6/23/2017 6:00,34.55555556
UCM,H,194,SOILTD1,6/23/2017 7:00,6/23/2017 7:00,34.16666667
UCM,H,194,SOILTD1,6/23/2017 8:00,6/23/2017 8:00,33.77777778
UCM,H,194,SOILTD1,6/23/2017 9:00,6/23/2017 9:00,33.55555556
UCM,H,194,SOILTD1,6/23/2017 10:00,6/23/2017 10:00,33.55555556
UCM,H,194,SOILTD1,6/23/2017 11:00,6/23/2017 11:00,34.05555556
UCM,H,194,SOILTD1,6/23/2017 12:00,6/23/2017 12:00,34.88888889
UCM,H,194,SOILTD1,6/23/2017 13:00,6/23/2017 13:00,36.05555556
UCM,H,194,SOILTD1,6/23/2017 14:00,6/23/2017 14:00,37.27777778
UCM,H,194,SOILTD1,6/23/2017 15:00,6/23/2017 15:00,38.55555556
UCM,H,194,SOILTD1,6/23/2017 16:00,6/23/2017 16:00,39.61111111
UCM,H,194,SOILTD1,6/23/2017 17:00,6/23/2017 17:00,40.33333333
UCM,H,194,SOILTD1,6/23/2017 18:00,6/23/2017 18:00,40.66666667
UCM,H,194,SOILTD1,6/23/2017 19:00,6/23/2017 19:00,40.61111111
UCM,H,194,SOILTD1,6/23/2017 20:00,6/23/2017 20:00,40.27777778
UCM,H,194,SOILTD1,6/23/2017 21:00,6/23/2017 21:00,39.77777778
UCM,H,194,SOILTD1,6/23/2017 22:00,6/23/2017 22:00,39.16666667
UCM,H,194,SOILTD1,6/23/2017 23:00,6/23/2017 23:00,38.44444444
UCM,H,194,SOILTD1,6/24/2017 0:00,6/24/2017 0:00,37.72222222
UCM,H,194,SOILTD1,6/24/2017 1:00,6/24/2017 1:00,37.05555556
UCM,H,194,SOILTD1,6/24/2017 2:00,6/24/2017 2:00,36.44444444
UCM,H,194,SOILTD1,6/24/2017 3:00,6/24/2017 3:00,35.77777778
UCM,H,194,SOILTD1,6/24/2017 4:00,6/24/2017 4:00,35.22222222
UCM,H,194,SOILTD1,6/24/2017 5:00,6/24/2017 5:00,34.72222222
UCM,H,194,SOILTD1,6/24/2017 6:00,6/24/2017 6:00,34.22222222
UCM,H,194,SOILTD1,6/24/2017 7:00,6/24/2017 7:00,33.77777778
UCM,H,194,SOILTD1,6/24/2017 8:00,6/24/2017 8:00,33.38888889
UCM,H,194,SOILTD1,6/24/2017 9:00,6/24/2017 9:00,33.11111111
UCM,H,194,SOILTD1,6/24/2017 10:00,6/24/2017 10:00,33.22222222
UCM,H,194,SOILTD1,6/24/2017 11:00,6/24/2017 11:00,33.61111111
UCM,H,194,SOILTD1,6/24/2017 12:00,6/24/2017 12:00,34.5
UCM,H,194,SOILTD1,6/24/2017 13:00,6/24/2017 13:00,35.61111111
UCM,H,194,SOILTD1,6/24/2017 14:00,6/24/2017 14:00,36.77777778
UCM,H,194,SOILTD1,6/24/2017 15:00,6/24/2017 15:00,37.94444444
UCM,H,194,SOILTD1,6/24/2017 16:00,6/24/2017 16:00,38.88888889
UCM,H,194,SOILTD1,6/24/2017 17:00,6/24/2017 17:00,39.5
UCM,H,194,SOILTD1,6/24/2017 18:00,6/24/2017 18:00,39.88888889
UCM,H,194,SOILTD1,6/24/2017 19:00,6/24/2017 19:00,39.88888889
UCM,H,194,SOILTD1,6/24/2017 20:00,6/24/2017 20:00,39.61111111
UCM,H,194,SOILTD1,6/24/2017 21:00,6/24/2017 21:00,39.22222222
UCM,H,194,SOILTD1,6/24/2017 22:00,6/24/2017 22:00,38.66666667
UCM,H,194,SOILTD1,6/24/2017 23:00,6/24/2017 23:00,38
UCM,H,194,SOILTD1,6/25/2017 0:00,6/25/2017 0:00,37.33333333
UCM,H,194,SOILTD1,6/25/2017 1:00,6/25/2017 1:00,36.77777778
UCM,H,194,SOILTD1,6/25/2017 2:00,6/25/2017 2:00,36.11111111
UCM,H,194,SOILTD1,6/25/2017 3:00,6/25/2017 3:00,35.55555556
UCM,H,194,SOILTD1,6/25/2017 4:00,6/25/2017 4:00,35
UCM,H,194,SOILTD1,6/25/2017 5:00,6/25/2017 5:00,34.55555556
UCM,H,194,SOILTD1,6/25/2017 6:00,6/25/2017 6:00,34.11111111
UCM,H,194,SOILTD1,6/25/2017 7:00,6/25/2017 7:00,33.66666667
UCM,H,194,SOILTD1,6/25/2017 8:00,6/25/2017 8:00,33.22222222
UCM,H,194,SOILTD1,6/25/2017 9:00,6/25/2017 9:00,32.94444444
UCM,H,194,SOILTD1,6/25/2017 10:00,6/25/2017 10:00,33
UCM,H,194,SOILTD1,6/25/2017 11:00,6/25/2017 11:00,33.5
UCM,H,194,SOILTD1,6/25/2017 12:00,6/25/2017 12:00,34.33333333
UCM,H,194,SOILTD1,6/25/2017 13:00,6/25/2017 13:00,35.5
UCM,H,194,SOILTD1,6/25/2017 14:00,6/25/2017 14:00,36.77777778
UCM,H,194,SOILTD1,6/25/2017 15:00,6/25/2017 15:00,38.05555556
UCM,H,194,SOILTD1,6/25/2017 16:00,6/25/2017 16:00,39.16666667
UCM,H,194,SOILTD1,6/25/2017 17:00,6/25/2017 17:00,39.94444444
UCM,H,194,SOILTD1,6/25/2017 18:00,6/25/2017 18:00,40.22222222
UCM,H,194,SOILTD1,6/25/2017 19:00,6/25/2017 19:00,40.16666667
UCM,H,194,SOILTD1,6/25/2017 20:00,6/25/2017 20:00,39.88888889
UCM,H,194,SOILTD1,6/25/2017 21:00,6/25/2017 21:00,39.44444444
UCM,H,194,SOILTD1,6/25/2017 22:00,6/25/2017 22:00,38.77777778
UCM,H,194,SOILTD1,6/25/2017 23:00,6/25/2017 23:00,38.05555556
UCM,H,194,SOILTD1,6/26/2017 0:00,6/26/2017 0:00,37.38888889
UCM,H,194,SOILTD1,6/26/2017 1:00,6/26/2017 1:00,36.66666667
UCM,H,194,SOILTD1,6/26/2017 2:00,6/26/2017 2:00,36
UCM,H,194,SOILTD1,6/26/2017 3:00,6/26/2017 3:00,35.38888889
UCM,H,194,SOILTD1,6/26/2017 4:00,6/26/2017 4:00,34.77777778
UCM,H,194,SOILTD1,6/26/2017 5:00,6/26/2017 5:00,34.22222222
UCM,H,194,SOILTD1,6/26/2017 6:00,6/26/2017 6:00,33.72222222
UCM,H,194,SOILTD1,6/26/2017 7:00,6/26/2017 7:00,33.22222222
UCM,H,194,SOILTD1,6/26/2017 8:00,6/26/2017 8:00,32.77777778
UCM,H,194,SOILTD1,6/26/2017 9:00,6/26/2017 9:00,32.5
UCM,H,194,SOILTD1,6/26/2017 10:00,6/26/2017 10:00,32.5
UCM,H,194,SOILTD1,6/26/2017 11:00,6/26/2017 11:00,32.94444444
UCM,H,194,SOILTD1,6/26/2017 12:00,6/26/2017 12:00,33.77777778
UCM,H,194,SOILTD1,6/26/2017 13:00,6/26/2017 13:00,34.94444444
UCM,H,194,SOILTD1,6/26/2017 14:00,6/26/2017 14:00,36.16666667
UCM,H,194,SOILTD1,6/26/2017 15:00,6/26/2017 15:00,37.44444444
UCM,H,194,SOILTD1,6/26/2017 16:00,6/26/2017 16:00,38.55555556
UCM,H,194,SOILTD1,6/26/2017 17:00,6/26/2017 17:00,39.33333333
UCM,H,194,SOILTD1,6/26/2017 18:00,6/26/2017 18:00,39.61111111
UCM,H,194,SOILTD1,6/26/2017 19:00,6/26/2017 19:00,39.61111111
UCM,H,194,SOILTD1,6/26/2017 20:00,6/26/2017 20:00,39.33333333
UCM,H,194,SOILTD1,6/26/2017 21:00,6/26/2017 21:00,38.77777778
UCM,H,194,SOILTD1,6/26/2017 22:00,6/26/2017 22:00,38.16666667
UCM,H,194,SOILTD1,6/26/2017 23:00,6/26/2017 23:00,37.5
UCM,H,194,SOILTD1,6/27/2017 0:00,6/27/2017 0:00,36.77777778
UCM,H,194,SOILTD1,6/27/2017 1:00,6/27/2017 1:00,36.11111111
UCM,H,194,SOILTD1,6/27/2017 2:00,6/27/2017 2:00,35.44444444
UCM,H,194,SOILTD1,6/27/2017 3:00,6/27/2017 3:00,34.83333333
UCM,H,194,SOILTD1,6/27/2017 4:00,6/27/2017 4:00,34.22222222
UCM,H,194,SOILTD1,6/27/2017 5:00,6/27/2017 5:00,33.66666667
UCM,H,194,SOILTD1,6/27/2017 6:00,6/27/2017 6:00,33.22222222
UCM,H,194,SOILTD1,6/27/2017 7:00,6/27/2017 7:00,32.66666667
UCM,H,194,SOILTD1,6/27/2017 8:00,6/27/2017 8:00,32.22222222
UCM,H,194,SOILTD1,6/27/2017 9:00,6/27/2017 9:00,31.94444444
UCM,H,194,SOILTD1,6/27/2017 10:00,6/27/2017 10:00,32
UCM,H,194,SOILTD1,6/27/2017 11:00,6/27/2017 11:00,32.5
UCM,H,194,SOILTD1,6/27/2017 12:00,6/27/2017 12:00,33.38888889
UCM,H,194,SOILTD1,6/27/2017 13:00,6/27/2017 13:00,34.5
UCM,H,194,SOILTD1,6/27/2017 14:00,6/27/2017 14:00,35.77777778
UCM,H,194,SOILTD1,6/27/2017 15:00,6/27/2017 15:00,37.11111111
UCM,H,194,SOILTD1,6/27/2017 16:00,6/27/2017 16:00,38.22222222
UCM,H,194,SOILTD1,6/27/2017 17:00,6/27/2017 17:00,39
UCM,H,194,SOILTD1,6/27/2017 18:00,6/27/2017 18:00,39.27777778
UCM,H,194,SOILTD1,6/27/2017 19:00,6/27/2017 19:00,39.27777778
UCM,H,194,SOILTD1,6/27/2017 20:00,6/27/2017 20:00,38.94444444
UCM,H,194,SOILTD1,6/27/2017 21:00,6/27/2017 21:00,38.44444444
UCM,H,194,SOILTD1,6/27/2017 22:00,6/27/2017 22:00,37.83333333
UCM,H,194,SOILTD1,6/27/2017 23:00,6/27/2017 23:00,37.11111111
UCM,H,194,SOILTD1,6/28/2017 0:00,6/28/2017 0:00,36.38888889
UCM,H,194,SOILTD1,6/28/2017 1:00,6/28/2017 1:00,35.72222222
UCM,H,194,SOILTD1,6/28/2017 2:00,6/28/2017 2:00,35.05555556
UCM,H,194,SOILTD1,6/28/2017 3:00,6/28/2017 3:00,34.44444444
UCM,H,194,SOILTD1,6/28/2017 4:00,6/28/2017 4:00,33.83333333
UCM,H,194,SOILTD1,6/28/2017 5:00,6/28/2017 5:00,33.33333333
UCM,H,194,SOILTD1,6/28/2017 6:00,6/28/2017 6:00,32.77777778
UCM,H,194,SOILTD1,6/28/2017 7:00,6/28/2017 7:00,32.33333333
UCM,H,194,SOILTD1,6/28/2017 8:00,6/28/2017 8:00,31.83333333
UCM,H,194,SOILTD1,6/28/2017 9:00,6/28/2017 9:00,31.55555556
UCM,H,194,SOILTD1,6/28/2017 10:00,6/28/2017 10:00,31.66666667
UCM,H,194,SOILTD1,6/28/2017 11:00,6/28/2017 11:00,32.16666667
UCM,H,194,SOILTD1,6/28/2017 12:00,6/28/2017 12:00,33.05555556
UCM,H,194,SOILTD1,6/28/2017 13:00,6/28/2017 13:00,34.33333333
UCM,H,194,SOILTD1,6/28/2017 14:00,6/28/2017 14:00,35.61111111
UCM,H,194,SOILTD1,6/28/2017 15:00,6/28/2017 15:00,36.94444444
UCM,H,194,SOILTD1,6/28/2017 16:00,6/28/2017 16:00,38.05555556
UCM,H,194,SOILTD1,6/28/2017 17:00,6/28/2017 17:00,38.88888889
UCM,H,194,SOILTD1,6/28/2017 18:00,6/28/2017 18:00,39.22222222
UCM,H,194,SOILTD1,6/28/2017 19:00,6/28/2017 19:00,39.22222222
UCM,H,194,SOILTD1,6/28/2017 20:00,6/28/2017 20:00,38.83333333
UCM,H,194,SOILTD1,6/28/2017 21:00,6/28/2017 21:00,38.38888889
UCM,H,194,SOILTD1,6/28/2017 22:00,6/28/2017 22:00,37.77777778
UCM,H,194,SOILTD1,6/28/2017 23:00,6/28/2017 23:00,37.11111111
UCM,H,194,SOILTD1,6/29/2017 0:00,6/29/2017 0:00,36.44444444
UCM,H,194,SOILTD1,6/29/2017 1:00,6/29/2017 1:00,35.72222222
UCM,H,194,SOILTD1,6/29/2017 2:00,6/29/2017 2:00,35.11111111
UCM,H,194,SOILTD1,6/29/2017 3:00,6/29/2017 3:00,34.5
UCM,H,194,SOILTD1,6/29/2017 4:00,6/29/2017 4:00,33.88888889
UCM,H,194,SOILTD1,6/29/2017 5:00,6/29/2017 5:00,33.38888889
UCM,H,194,SOILTD1,6/29/2017 6:00,6/29/2017 6:00,32.77777778
UCM,H,194,SOILTD1,6/29/2017 7:00,6/29/2017 7:00,32.33333333
UCM,H,194,SOILTD1,6/29/2017 8:00,6/29/2017 8:00,31.83333333
UCM,H,194,SOILTD1,6/29/2017 9:00,6/29/2017 9:00,31.61111111
UCM,H,194,SOILTD1,6/29/2017 10:00,6/29/2017 10:00,31.66666667
UCM,H,194,SOILTD1,6/29/2017 11:00,6/29/2017 11:00,32.22222222
UCM,H,194,SOILTD1,6/29/2017 12:00,6/29/2017 12:00,33.16666667
UCM,H,194,SOILTD1,6/29/2017 13:00,6/29/2017 13:00,34.38888889
UCM,H,194,SOILTD1,6/29/2017 14:00,6/29/2017 14:00,35.72222222
UCM,H,194,SOILTD1,6/29/2017 15:00,6/29/2017 15:00,37.05555556
UCM,H,194,SOILTD1,6/29/2017 16:00,6/29/2017 16:00,38.22222222
UCM,H,194,SOILTD1,6/29/2017 17:00,6/29/2017 17:00,39.05555556
UCM,H,194,SOILTD1,6/29/2017 18:00,6/29/2017 18:00,39.38888889
UCM,H,194,SOILTD1,6/29/2017 19:00,6/29/2017 19:00,39.33333333
UCM,H,194,SOILTD1,6/29/2017 20:00,6/29/2017 20:00,39.05555556
UCM,H,194,SOILTD1,6/29/2017 21:00,6/29/2017 21:00,38.55555556
UCM,H,194,SOILTD1,6/29/2017 22:00,6/29/2017 22:00,37.94444444
UCM,H,194,SOILTD1,6/29/2017 23:00,6/29/2017 23:00,37.22222222
UCM,H,194,SOILTD1,6/30/2017 0:00,6/30/2017 0:00,36.5
UCM,H,194,SOILTD1,6/30/2017 1:00,6/30/2017 1:00,35.77777778
UCM,H,194,SOILTD1,6/30/2017 2:00,6/30/2017 2:00,35.16666667
UCM,H,194,SOILTD1,6/30/2017 3:00,6/30/2017 3:00,34.5
UCM,H,194,SOILTD1,6/30/2017 4:00,6/30/2017 4:00,33.94444444
UCM,H,194,SOILTD1,6/30/2017 5:00,6/30/2017 5:00,33.38888889
UCM,H,194,SOILTD1,6/30/2017 6:00,6/30/2017 6:00,32.77777778
UCM,H,194,SOILTD1,6/30/2017 7:00,6/30/2017 7:00,32.33333333
UCM,H,194,SOILTD1,6/30/2017 8:00,6/30/2017 8:00,31.83333333
UCM,H,194,SOILTD1,6/30/2017 9:00,6/30/2017 9:00,31.61111111
UCM,H,194,SOILTD1,6/30/2017 10:00,6/30/2017 10:00,31.66666667
UCM,H,194,SOILTD1,6/30/2017 11:00,6/30/2017 11:00,32.22222222
UCM,H,194,SOILTD1,6/30/2017 12:00,6/30/2017 12:00,33.16666667
UCM,H,194,SOILTD1,6/30/2017 13:00,6/30/2017 13:00,34.33333333
UCM,H,194,SOILTD1,6/30/2017 14:00,6/30/2017 14:00,35.72222222
UCM,H,194,SOILTD1,6/30/2017 15:00,6/30/2017 15:00,37
UCM,H,194,SOILTD1,6/30/2017 16:00,6/30/2017 16:00,38.16666667
UCM,H,194,SOILTD1,6/30/2017 17:00,6/30/2017 17:00,39
UCM,H,194,SOILTD1,6/30/2017 18:00,6/30/2017 18:00,39.38888889
UCM,H,194,SOILTD1,6/30/2017 19:00,6/30/2017 19:00,39.33333333
UCM,H,194,SOILTD1,6/30/2017 20:00,6/30/2017 20:00,39.05555556
UCM,H,194,SOILTD1,6/30/2017 21:00,6/30/2017 21:00,38.61111111
UCM,H,194,SOILTD1,6/30/2017 22:00,6/30/2017 22:00,38
UCM,H,194,SOILTD1,6/30/2017 23:00,6/30/2017 23:00,37.33333333
UCM,H,194,SOILTD1,7/1/2017 0:00,7/1/2017 0:00,36.61111111
UCM,H,194,SOILTD1,7/1/2017 1:00,7/1/2017 1:00,35.94444444
UCM,H,194,SOILTD1,7/1/2017 2:00,7/1/2017 2:00,35.27777778
UCM,H,194,SOILTD1,7/1/2017 3:00,7/1/2017 3:00,34.66666667
UCM,H,194,SOILTD1,7/1/2017 4:00,7/1/2017 4:00,34.05555556
UCM,H,194,SOILTD1,7/1/2017 5:00,7/1/2017 5:00,33.55555556
UCM,H,194,SOILTD1,7/1/2017 6:00,7/1/2017 6:00,33
UCM,H,194,SOILTD1,7/1/2017 7:00,7/1/2017 7:00,32.55555556
UCM,H,194,SOILTD1,7/1/2017 8:00,7/1/2017 8:00,32.11111111
UCM,H,194,SOILTD1,7/1/2017 9:00,7/1/2017 9:00,31.83333333
UCM,H,194,SOILTD1,7/1/2017 10:00,7/1/2017 10:00,31.88888889
UCM,H,194,SOILTD1,7/1/2017 11:00,7/1/2017 11:00,32.33333333
UCM,H,194,SOILTD1,7/1/2017 12:00,7/1/2017 12:00,33.22222222
UCM,H,194,SOILTD1,7/1/2017 13:00,7/1/2017 13:00,34.33333333
UCM,H,194,SOILTD1,7/1/2017 14:00,7/1/2017 14:00,35.72222222
UCM,H,194,SOILTD1,7/1/2017 15:00,7/1/2017 15:00,36.94444444
UCM,H,194,SOILTD1,7/1/2017 16:00,7/1/2017 16:00,38.05555556
UCM,H,194,SOILTD1,7/1/2017 17:00,7/1/2017 17:00,38.83333333
UCM,H,194,SOILTD1,7/1/2017 18:00,7/1/2017 18:00,39.22222222
UCM,H,194,SOILTD1,7/1/2017 19:00,7/1/2017 19:00,39.16666667
UCM,H,194,SOILTD1,7/1/2017 20:00,7/1/2017 20:00,38.83333333
UCM,H,194,SOILTD1,7/1/2017 21:00,7/1/2017 21:00,38.33333333
UCM,H,194,SOILTD1,7/1/2017 22:00,7/1/2017 22:00,37.72222222
UCM,H,194,SOILTD1,7/1/2017 23:00,7/1/2017 23:00,37
UCM,H,194,SOILTD1,7/2/2017 0:00,7/2/2017 0:00,36.27777778
UCM,H,194,SOILTD1,7/2/2017 1:00,7/2/2017 1:00,35.55555556
UCM,H,194,SOILTD1,7/2/2017 2:00,7/2/2017 2:00,34.94444444
UCM,H,194,SOILTD1,7/2/2017 3:00,7/2/2017 3:00,34.33333333
UCM,H,194,SOILTD1,7/2/2017 4:00,7/2/2017 4:00,33.72222222
UCM,H,194,SOILTD1,7/2/2017 5:00,7/2/2017 5:00,33.16666667
UCM,H,194,SOILTD1,7/2/2017 6:00,7/2/2017 6:00,32.66666667
UCM,H,194,SOILTD1,7/2/2017 7:00,7/2/2017 7:00,32.16666667
UCM,H,194,SOILTD1,7/2/2017 8:00,7/2/2017 8:00,31.77777778
UCM,H,194,SOILTD1,7/2/2017 9:00,7/2/2017 9:00,31.55555556
UCM,H,194,SOILTD1,7/2/2017 10:00,7/2/2017 10:00,31.61111111
UCM,H,194,SOILTD1,7/2/2017 11:00,7/2/2017 11:00,32.16666667
UCM,H,194,SOILTD1,7/2/2017 12:00,7/2/2017 12:00,33.16666667
UCM,H,194,SOILTD1,7/2/2017 13:00,7/2/2017 13:00,34.33333333
UCM,H,194,SOILTD1,7/2/2017 14:00,7/2/2017 14:00,35.72222222
UCM,H,194,SOILTD1,7/2/2017 15:00,7/2/2017 15:00,37
UCM,H,194,SOILTD1,7/2/2017 16:00,7/2/2017 16:00,38.11111111
UCM,H,194,SOILTD1,7/2/2017 17:00,7/2/2017 17:00,38.94444444
UCM,H,194,SOILTD1,7/2/2017 18:00,7/2/2017 18:00,39.27777778
UCM,H,194,SOILTD1,7/2/2017 19:00,7/2/2017 19:00,39.22222222
UCM,H,194,SOILTD1,7/2/2017 20:00,7/2/2017 20:00,39
UCM,H,194,SOILTD1,7/2/2017 21:00,7/2/2017 21:00,38.61111111
UCM,H,194,SOILTD1,7/2/2017 22:00,7/2/2017 22:00,38.05555556
UCM,H,194,SOILTD1,7/2/2017 23:00,7/2/2017 23:00,37.38888889
UCM,H,194,SOILTD1,7/3/2017 0:00,7/3/2017 0:00,36.66666667
UCM,H,194,SOILTD1,7/3/2017 1:00,7/3/2017 1:00,36.05555556
UCM,H,194,SOILTD1,7/3/2017 2:00,7/3/2017 2:00,35.38888889
UCM,H,194,SOILTD1,7/3/2017 3:00,7/3/2017 3:00,34.83333333
UCM,H,194,SOILTD1,7/3/2017 4:00,7/3/2017 4:00,34.33333333
UCM,H,194,SOILTD1,7/3/2017 5:00,7/3/2017 5:00,33.77777778
UCM,H,194,SOILTD1,7/3/2017 6:00,7/3/2017 6:00,33.33333333
UCM,H,194,SOILTD1,7/3/2017 7:00,7/3/2017 7:00,32.83333333
UCM,H,194,SOILTD1,7/3/2017 8:00,7/3/2017 8:00,32.5
UCM,H,194,SOILTD1,7/3/2017 9:00,7/3/2017 9:00,32.27777778
UCM,H,194,SOILTD1,7/3/2017 10:00,7/3/2017 10:00,32.33333333
UCM,H,194,SOILTD1,7/3/2017 11:00,7/3/2017 11:00,32.77777778
UCM,H,194,SOILTD1,7/3/2017 12:00,7/3/2017 12:00,33.61111111
UCM,H,194,SOILTD1,7/3/2017 13:00,7/3/2017 13:00,34.72222222
UCM,H,194,SOILTD1,7/3/2017 14:00,7/3/2017 14:00,36
UCM,H,194,SOILTD1,7/3/2017 15:00,7/3/2017 15:00,37.27777778
UCM,H,194,SOILTD1,7/3/2017 16:00,7/3/2017 16:00,38.44444444
UCM,H,194,SOILTD1,7/3/2017 17:00,7/3/2017 17:00,39.27777778
UCM,H,194,SOILTD1,7/3/2017 18:00,7/3/2017 18:00,39.66666667
UCM,H,194,SOILTD1,7/3/2017 19:00,7/3/2017 19:00,39.66666667
UCM,H,194,SOILTD1,7/3/2017 20:00,7/3/2017 20:00,39.44444444
UCM,H,194,SOILTD1,7/3/2017 21:00,7/3/2017 21:00,39
UCM,H,194,SOILTD1,7/3/2017 22:00,7/3/2017 22:00,38.38888889
UCM,H,194,SOILTD1,7/3/2017 23:00,7/3/2017 23:00,37.72222222
UCM,H,194,SOILTD1,7/4/2017 0:00,7/4/2017 0:00,37
UCM,H,194,SOILTD1,7/4/2017 1:00,7/4/2017 1:00,36.33333333
UCM,H,194,SOILTD1,7/4/2017 2:00,7/4/2017 2:00,35.72222222
UCM,H,194,SOILTD1,7/4/2017 3:00,7/4/2017 3:00,35.16666667
UCM,H,194,SOILTD1,7/4/2017 4:00,7/4/2017 4:00,34.55555556
UCM,H,194,SOILTD1,7/4/2017 5:00,7/4/2017 5:00,34
UCM,H,194,SOILTD1,7/4/2017 6:00,7/4/2017 6:00,33.5
UCM,H,194,SOILTD1,7/4/2017 7:00,7/4/2017 7:00,33
UCM,H,194,SOILTD1,7/4/2017 8:00,7/4/2017 8:00,32.55555556
UCM,H,194,SOILTD1,7/4/2017 9:00,7/4/2017 9:00,32.33333333
UCM,H,194,SOILTD1,7/4/2017 10:00,7/4/2017 10:00,32.38888889
UCM,H,194,SOILTD1,7/4/2017 11:00,7/4/2017 11:00,32.88888889
UCM,H,194,SOILTD1,7/4/2017 12:00,7/4/2017 12:00,33.77777778
UCM,H,194,SOILTD1,7/4/2017 13:00,7/4/2017 13:00,35
UCM,H,194,SOILTD1,7/4/2017 14:00,7/4/2017 14:00,36.27777778
UCM,H,194,SOILTD1,7/4/2017 15:00,7/4/2017 15:00,37.61111111
UCM,H,194,SOILTD1,7/4/2017 16:00,7/4/2017 16:00,38.77777778
UCM,H,194,SOILTD1,7/4/2017 17:00,7/4/2017 17:00,39.66666667
UCM,H,194,SOILTD1,7/4/2017 18:00,7/4/2017 18:00,40.05555556
UCM,H,194,SOILTD1,7/4/2017 19:00,7/4/2017 19:00,40.05555556
UCM,H,194,SOILTD1,7/4/2017 20:00,7/4/2017 20:00,39.83333333
UCM,H,194,SOILTD1,7/4/2017 21:00,7/4/2017 21:00,39.38888889
UCM,H,194,SOILTD1,7/4/2017 22:00,7/4/2017 22:00,38.83333333
UCM,H,194,SOILTD1,7/4/2017 23:00,7/4/2017 23:00,38.16666667
UCM,H,194,SOILTD1,7/5/2017 0:00,7/5/2017 0:00,37.44444444
UCM,H,194,SOILTD1,7/5/2017 1:00,7/5/2017 1:00,36.77777778
UCM,H,194,SOILTD1,7/5/2017 2:00,7/5/2017 2:00,36.11111111
UCM,H,194,SOILTD1,7/5/2017 3:00,7/5/2017 3:00,35.5
UCM,H,194,SOILTD1,7/5/2017 4:00,7/5/2017 4:00,35
UCM,H,194,SOILTD1,7/5/2017 5:00,7/5/2017 5:00,34.44444444
UCM,H,194,SOILTD1,7/5/2017 6:00,7/5/2017 6:00,34
UCM,H,194,SOILTD1,7/5/2017 7:00,7/5/2017 7:00,33.55555556
UCM,H,194,SOILTD1,7/5/2017 8:00,7/5/2017 8:00,33.16666667
UCM,H,194,SOILTD1,7/5/2017 9:00,7/5/2017 9:00,32.83333333
UCM,H,194,SOILTD1,7/5/2017 10:00,7/5/2017 10:00,32.88888889
UCM,H,194,SOILTD1,7/5/2017 11:00,7/5/2017 11:00,33.44444444
UCM,H,194,SOILTD1,7/5/2017 12:00,7/5/2017 12:00,34.27777778
UCM,H,194,SOILTD1,7/5/2017 13:00,7/5/2017 13:00,35.44444444
UCM,H,194,SOILTD1,7/5/2017 14:00,7/5/2017 14:00,36.66666667
UCM,H,194,SOILTD1,7/5/2017 15:00,7/5/2017 15:00,37.94444444
UCM,H,194,SOILTD1,7/5/2017 16:00,7/5/2017 16:00,
UCM,H,194,SOILTD1,7/5/2017 17:00,7/5/2017 17:00,39.88888889
UCM,H,194,SOILTD1,7/5/2017 18:00,7/5/2017 18:00,40.27777778
UCM,H,194,SOILTD1,7/5/2017 19:00,7/5/2017 19:00,40.22222222
UCM,H,194,SOILTD1,7/5/2017 20:00,7/5/2017 20:00,39.94444444
UCM,H,194,SOILTD1,7/5/2017 21:00,7/5/2017 21:00,39.5
UCM,H,194,SOILTD1,7/5/2017 22:00,7/5/2017 22:00,38.88888889
UCM,H,194,SOILTD1,7/5/2017 23:00,7/5/2017 23:00,38.16666667
UCM,H,194,SOILTD1,7/6/2017 0:00,7/6/2017 0:00,37.5
UCM,H,194,SOILTD1,7/6/2017 1:00,7/6/2017 1:00,36.77777778
UCM,H,194,SOILTD1,7/6/2017 2:00,7/6/2017 2:00,36.16666667
UCM,H,194,SOILTD1,7/6/2017 3:00,7/6/2017 3:00,35.55555556
UCM,H,194,SOILTD1,7/6/2017 4:00,7/6/2017 4:00,35.05555556
UCM,H,194,SOILTD1,7/6/2017 5:00,7/6/2017 5:00,34.55555556
UCM,H,194,SOILTD1,7/6/2017 6:00,7/6/2017 6:00,34.11111111
UCM,H,194,SOILTD1,7/6/2017 7:00,7/6/2017 7:00,33.66666667
UCM,H,194,SOILTD1,7/6/2017 8:00,7/6/2017 8:00,33.33333333
UCM,H,194,SOILTD1,7/6/2017 9:00,7/6/2017 9:00,33
UCM,H,194,SOILTD1,7/6/2017 10:00,7/6/2017 10:00,33.05555556
UCM,H,194,SOILTD1,7/6/2017 11:00,7/6/2017 11:00,33.55555556
UCM,H,194,SOILTD1,7/6/2017 12:00,7/6/2017 12:00,34.38888889
UCM,H,194,SOILTD1,7/6/2017 13:00,7/6/2017 13:00,35.55555556
UCM,H,194,SOILTD1,7/6/2017 14:00,7/6/2017 14:00,
UCM,H,194,SOILTD1,7/6/2017 15:00,7/6/2017 15:00,38.16666667
UCM,H,194,SOILTD1,7/6/2017 16:00,7/6/2017 16:00,39.33333333
UCM,H,194,SOILTD1,7/6/2017 17:00,7/6/2017 17:00,40.16666667
UCM,H,194,SOILTD1,7/6/2017 18:00,7/6/2017 18:00,40.5
UCM,H,194,SOILTD1,7/6/2017 19:00,7/6/2017 19:00,40.5
UCM,H,194,SOILTD1,7/6/2017 20:00,7/6/2017 20:00,40.22222222
UCM,H,194,SOILTD1,7/6/2017 21:00,7/6/2017 21:00,39.72222222
UCM,H,194,SOILTD1,7/6/2017 22:00,7/6/2017 22:00,39.11111111
UCM,H,194,SOILTD1,7/6/2017 23:00,7/6/2017 23:00,38.44444444
UCM,H,194,SOILTD1,7/7/2017 0:00,7/7/2017 0:00,37.77777778
UCM,H,194,SOILTD1,7/7/2017 1:00,7/7/2017 1:00,37.16666667
UCM,H,194,SOILTD1,7/7/2017 2:00,7/7/2017 2:00,36.55555556
UCM,H,194,SOILTD1,7/7/2017 3:00,7/7/2017 3:00,35.94444444
UCM,H,194,SOILTD1,7/7/2017 4:00,7/7/2017 4:00,35.38888889
UCM,H,194,SOILTD1,7/7/2017 5:00,7/7/2017 5:00,34.88888889
UCM,H,194,SOILTD1,7/7/2017 6:00,7/7/2017 6:00,34.44444444
UCM,H,194,SOILTD1,7/7/2017 7:00,7/7/2017 7:00,34
UCM,H,194,SOILTD1,7/7/2017 8:00,7/7/2017 8:00,33.66666667
UCM,H,194,SOILTD1,7/7/2017 9:00,7/7/2017 9:00,33.44444444
UCM,H,194,SOILTD1,7/7/2017 10:00,7/7/2017 10:00,33.5
UCM,H,194,SOILTD1,7/7/2017 11:00,7/7/2017 11:00,34
UCM,H,194,SOILTD1,7/7/2017 12:00,7/7/2017 12:00,34.88888889
UCM,H,194,SOILTD1,7/7/2017 13:00,7/7/2017 13:00,36.11111111
UCM,H,194,SOILTD1,7/7/2017 14:00,7/7/2017 14:00,37.44444444
UCM,H,194,SOILTD1,7/7/2017 15:00,7/7/2017 15:00,38.77777778
UCM,H,194,SOILTD1,7/7/2017 16:00,7/7/2017 16:00,39.83333333
UCM,H,194,SOILTD1,7/7/2017 17:00,7/7/2017 17:00,40.66666667
UCM,H,194,SOILTD1,7/7/2017 18:00,7/7/2017 18:00,41
UCM,H,194,SOILTD1,7/7/2017 19:00,7/7/2017 19:00,40.94444444
UCM,H,194,SOILTD1,7/7/2017 20:00,7/7/2017 20:00,40.66666667
UCM,H,194,SOILTD1,7/7/2017 21:00,7/7/2017 21:00,40.22222222
UCM,H,194,SOILTD1,7/7/2017 22:00,7/7/2017 22:00,39.55555556
UCM,H,194,SOILTD1,7/7/2017 23:00,7/7/2017 23:00,38.88888889
UCM,H,194,SOILTD1,7/8/2017 0:00,7/8/2017 0:00,38.16666667
UCM,H,194,SOILTD1,7/8/2017 1:00,7/8/2017 1:00,37.5
UCM,H,194,SOILTD1,7/8/2017 2:00,7/8/2017 2:00,36.88888889
UCM,H,194,SOILTD1,7/8/2017 3:00,7/8/2017 3:00,36.33333333
UCM,H,194,SOILTD1,7/8/2017 4:00,7/8/2017 4:00,35.77777778
UCM,H,194,SOILTD1,7/8/2017 5:00,7/8/2017 5:00,35.27777778
UCM,H,194,SOILTD1,7/8/2017 6:00,7/8/2017 6:00,34.83333333
UCM,H,194,SOILTD1,7/8/2017 7:00,7/8/2017 7:00,34.44444444
UCM,H,194,SOILTD1,7/8/2017 8:00,7/8/2017 8:00,34.05555556
UCM,H,194,SOILTD1,7/8/2017 9:00,7/8/2017 9:00,33.83333333
UCM,H,194,SOILTD1,7/8/2017 10:00,7/8/2017 10:00,33.94444444
UCM,H,194,SOILTD1,7/8/2017 11:00,7/8/2017 11:00,34.5
UCM,H,194,SOILTD1,7/8/2017 12:00,7/8/2017 12:00,35.38888889
UCM,H,194,SOILTD1,7/8/2017 13:00,7/8/2017 13:00,36.55555556
UCM,H,194,SOILTD1,7/8/2017 14:00,7/8/2017 14:00,37.83333333
UCM,H,194,SOILTD1,7/8/2017 15:00,7/8/2017 15:00,39.11111111
UCM,H,194,SOILTD1,7/8/2017 16:00,7/8/2017 16:00,40.16666667
UCM,H,194,SOILTD1,7/8/2017 17:00,7/8/2017 17:00,40.94444444
UCM,H,194,SOILTD1,7/8/2017 18:00,7/8/2017 18:00,41.22222222
UCM,H,194,SOILTD1,7/8/2017 19:00,7/8/2017 19:00,41.11111111
UCM,H,194,SOILTD1,7/8/2017 20:00,7/8/2017 20:00,40.83333333
UCM,H,194,SOILTD1,7/8/2017 21:00,7/8/2017 21:00,40.33333333
UCM,H,194,SOILTD1,7/8/2017 22:00,7/8/2017 22:00,39.72222222
UCM,H,194,SOILTD1,7/8/2017 23:00,7/8/2017 23:00,39
UCM,H,194,SOILTD1,7/9/2017 0:00,7/9/2017 0:00,38.33333333
UCM,H,194,SOILTD1,7/9/2017 1:00,7/9/2017 1:00,37.66666667
UCM,H,194,SOILTD1,7/9/2017 2:00,7/9/2017 2:00,37
UCM,H,194,SOILTD1,7/9/2017 3:00,7/9/2017 3:00,36.38888889
UCM,H,194,SOILTD1,7/9/2017 4:00,7/9/2017 4:00,35.77777778
UCM,H,194,SOILTD1,7/9/2017 5:00,7/9/2017 5:00,35.27777778
UCM,H,194,SOILTD1,7/9/2017 6:00,7/9/2017 6:00,34.77777778
UCM,H,194,SOILTD1,7/9/2017 7:00,7/9/2017 7:00,34.33333333
UCM,H,194,SOILTD1,7/9/2017 8:00,7/9/2017 8:00,33.83333333
UCM,H,194,SOILTD1,7/9/2017 9:00,7/9/2017 9:00,33.61111111
UCM,H,194,SOILTD1,7/9/2017 10:00,7/9/2017 10:00,33.66666667
UCM,H,194,SOILTD1,7/9/2017 11:00,7/9/2017 11:00,34.11111111
UCM,H,194,SOILTD1,7/9/2017 12:00,7/9/2017 12:00,35
UCM,H,194,SOILTD1,7/9/2017 13:00,7/9/2017 13:00,36.16666667
UCM,H,194,SOILTD1,7/9/2017 14:00,7/9/2017 14:00,37.5
UCM,H,194,SOILTD1,7/9/2017 15:00,7/9/2017 15:00,38.77777778
UCM,H,194,SOILTD1,7/9/2017 16:00,7/9/2017 16:00,39.94444444
UCM,H,194,SOILTD1,7/9/2017 17:00,7/9/2017 17:00,40.77777778
UCM,H,194,SOILTD1,7/9/2017 18:00,7/9/2017 18:00,41.16666667
UCM,H,194,SOILTD1,7/9/2017 19:00,7/9/2017 19:00,41.16666667
UCM,H,194,SOILTD1,7/9/2017 20:00,7/9/2017 20:00,40.94444444
UCM,H,194,SOILTD1,7/9/2017 21:00,7/9/2017 21:00,40.5
UCM,H,194,SOILTD1,7/9/2017 22:00,7/9/2017 22:00,39.83333333
UCM,H,194,SOILTD1,7/9/2017 23:00,7/9/2017 23:00,39.16666667
UCM,H,194,SOILTD1,7/10/2017 0:00,7/10/2017 0:00,38.5
UCM,H,194,SOILTD1,7/10/2017 1:00,7/10/2017 1:00,37.77777778
UCM,H,194,SOILTD1,7/10/2017 2:00,7/10/2017 2:00,37.16666667
UCM,H,194,SOILTD1,7/10/2017 3:00,7/10/2017 3:00,36.55555556
UCM,H,194,SOILTD1,7/10/2017 4:00,7/10/2017 4:00,35.94444444
UCM,H,194,SOILTD1,7/10/2017 5:00,7/10/2017 5:00,35.44444444
UCM,H,194,SOILTD1,7/10/2017 6:00,7/10/2017 6:00,34.88888889
UCM,H,194,SOILTD1,7/10/2017 7:00,7/10/2017 7:00,34.44444444
UCM,H,194,SOILTD1,7/10/2017 8:00,7/10/2017 8:00,34
UCM,H,194,SOILTD1,7/10/2017 9:00,7/10/2017 9:00,33.72222222
UCM,H,194,SOILTD1,7/10/2017 10:00,7/10/2017 10:00,33.77777778
UCM,H,194,SOILTD1,7/10/2017 11:00,7/10/2017 11:00,34.22222222
UCM,H,194,SOILTD1,7/10/2017 12:00,7/10/2017 12:00,35.11111111
UCM,H,194,SOILTD1,7/10/2017 13:00,7/10/2017 13:00,36.27777778
UCM,H,194,SOILTD1,7/10/2017 14:00,7/10/2017 14:00,37.61111111
UCM,H,194,SOILTD1,7/10/2017 15:00,7/10/2017 15:00,38.94444444
UCM,H,194,SOILTD1,7/10/2017 16:00,7/10/2017 16:00,40.11111111
UCM,H,194,SOILTD1,7/10/2017 17:00,7/10/2017 17:00,40.94444444
UCM,H,194,SOILTD1,7/10/2017 18:00,7/10/2017 18:00,41.33333333
UCM,H,194,SOILTD1,7/10/2017 19:00,7/10/2017 19:00,41.33333333
UCM,H,194,SOILTD1,7/10/2017 20:00,7/10/2017 20:00,41.05555556
UCM,H,194,SOILTD1,7/10/2017 21:00,7/10/2017 21:00,40.66666667
UCM,H,194,SOILTD1,7/10/2017 22:00,7/10/2017 22:00,40
UCM,H,194,SOILTD1,7/10/2017 23:00,7/10/2017 23:00,39.33333333
UCM,H,194,SOILTD1,7/11/2017 0:00,7/11/2017 0:00,38.61111111
UCM,H,194,SOILTD1,7/11/2017 1:00,7/11/2017 1:00,37.94444444
UCM,H,194,SOILTD1,7/11/2017 2:00,7/11/2017 2:00,37.22222222
UCM,H,194,SOILTD1,7/11/2017 3:00,7/11/2017 3:00,36.66666667
UCM,H,194,SOILTD1,7/11/2017 4:00,7/11/2017 4:00,36.11111111
UCM,H,194,SOILTD1,7/11/2017 5:00,7/11/2017 5:00,35.55555556
UCM,H,194,SOILTD1,7/11/2017 6:00,7/11/2017 6:00,35.05555556
UCM,H,194,SOILTD1,7/11/2017 7:00,7/11/2017 7:00,34.55555556
UCM,H,194,SOILTD1,7/11/2017 8:00,7/11/2017 8:00,34.05555556
UCM,H,194,SOILTD1,7/11/2017 9:00,7/11/2017 9:00,33.77777778
UCM,H,194,SOILTD1,7/11/2017 10:00,7/11/2017 10:00,33.83333333
UCM,H,194,SOILTD1,7/11/2017 11:00,7/11/2017 11:00,34.33333333
UCM,H,194,SOILTD1,7/11/2017 12:00,7/11/2017 12:00,35.22222222
UCM,H,194,SOILTD1,7/11/2017 13:00,7/11/2017 13:00,36.44444444
UCM,H,194,SOILTD1,7/11/2017 14:00,7/11/2017 14:00,37.66666667
UCM,H,194,SOILTD1,7/11/2017 15:00,7/11/2017 15:00,39
UCM,H,194,SOILTD1,7/11/2017 16:00,7/11/2017 16:00,40.16666667
UCM,H,194,SOILTD1,7/11/2017 17:00,7/11/2017 17:00,41
UCM,H,194,SOILTD1,7/11/2017 18:00,7/11/2017 18:00,41.38888889
UCM,H,194,SOILTD1,7/11/2017 19:00,7/11/2017 19:00,41.38888889
UCM,H,194,SOILTD1,7/11/2017 20:00,7/11/2017 20:00,41.11111111
UCM,H,194,SOILTD1,7/11/2017 21:00,7/11/2017 21:00,40.66666667
UCM,H,194,SOILTD1,7/11/2017 22:00,7/11/2017 22:00,40.05555556
UCM,H,194,SOILTD1,7/11/2017 23:00,7/11/2017 23:00,39.27777778
UCM,H,194,SOILTD1,7/12/2017 0:00,7/12/2017 0:00,38.61111111
UCM,H,194,SOILTD1,7/12/2017 1:00,7/12/2017 1:00,37.88888889
UCM,H,194,SOILTD1,7/12/2017 2:00,7/12/2017 2:00,37.22222222
UCM,H,194,SOILTD1,7/12/2017 3:00,7/12/2017 3:00,36.55555556
UCM,H,194,SOILTD1,7/12/2017 4:00,7/12/2017 4:00,36
UCM,H,194,SOILTD1,7/12/2017 5:00,7/12/2017 5:00,35.44444444
UCM,H,194,SOILTD1,7/12/2017 6:00,7/12/2017 6:00,34.88888889
UCM,H,194,SOILTD1,7/12/2017 7:00,7/12/2017 7:00,34.44444444
UCM,H,194,SOILTD1,7/12/2017 8:00,7/12/2017 8:00,34
UCM,H,194,SOILTD1,7/12/2017 9:00,7/12/2017 9:00,33.72222222
UCM,H,194,SOILTD1,7/12/2017 10:00,7/12/2017 10:00,33.72222222
UCM,H,194,SOILTD1,7/12/2017 11:00,7/12/2017 11:00,34.22222222
UCM,H,194,SOILTD1,7/12/2017 12:00,7/12/2017 12:00,35.05555556
UCM,H,194,SOILTD1,7/12/2017 13:00,7/12/2017 13:00,36.05555556
UCM,H,194,SOILTD1,7/12/2017 14:00,7/12/2017 14:00,37.22222222
UCM,H,194,SOILTD1,7/12/2017 15:00,7/12/2017 15:00,38.55555556
UCM,H,194,SOILTD1,7/12/2017 16:00,7/12/2017 16:00,39.66666667
UCM,H,194,SOILTD1,7/12/2017 17:00,7/12/2017 17:00,40.5
UCM,H,194,SOILTD1,7/12/2017 18:00,7/12/2017 18:00,40.94444444
UCM,H,194,SOILTD1,7/12/2017 19:00,7/12/2017 19:00,40.94444444
UCM,H,194,SOILTD1,7/12/2017 20:00,7/12/2017 20:00,40.66666667
UCM,H,194,SOILTD1,7/12/2017 21:00,7/12/2017 21:00,40.27777778
UCM,H,194,SOILTD1,7/12/2017 22:00,7/12/2017 22:00,39.66666667
UCM,H,194,SOILTD1,7/12/2017 23:00,7/12/2017 23:00,39
UCM,H,194,SOILTD1,7/13/2017 0:00,7/13/2017 0:00,38.27777778
UCM,H,194,SOILTD1,7/13/2017 1:00,7/13/2017 1:00,37.61111111
UCM,H,194,SOILTD1,7/13/2017 2:00,7/13/2017 2:00,37
UCM,H,194,SOILTD1,7/13/2017 3:00,7/13/2017 3:00,36.38888889
UCM,H,194,SOILTD1,7/13/2017 4:00,7/13/2017 4:00,35.77777778
UCM,H,194,SOILTD1,7/13/2017 5:00,7/13/2017 5:00,35.33333333
UCM,H,194,SOILTD1,7/13/2017 6:00,7/13/2017 6:00,34.83333333
UCM,H,194,SOILTD1,7/13/2017 7:00,7/13/2017 7:00,34.33333333
UCM,H,194,SOILTD1,7/13/2017 8:00,7/13/2017 8:00,33.94444444
UCM,H,194,SOILTD1,7/13/2017 9:00,7/13/2017 9:00,33.66666667
UCM,H,194,SOILTD1,7/13/2017 10:00,7/13/2017 10:00,33.72222222
UCM,H,194,SOILTD1,7/13/2017 11:00,7/13/2017 11:00,34.16666667
UCM,H,194,SOILTD1,7/13/2017 12:00,7/13/2017 12:00,35
UCM,H,194,SOILTD1,7/13/2017 13:00,7/13/2017 13:00,36.11111111
UCM,H,194,SOILTD1,7/13/2017 14:00,7/13/2017 14:00,37.44444444
UCM,H,194,SOILTD1,7/13/2017 15:00,7/13/2017 15:00,38.72222222
UCM,H,194,SOILTD1,7/13/2017 16:00,7/13/2017 16:00,39.77777778
UCM,H,194,SOILTD1,7/13/2017 17:00,7/13/2017 17:00,40.61111111
UCM,H,194,SOILTD1,7/13/2017 18:00,7/13/2017 18:00,41
UCM,H,194,SOILTD1,7/13/2017 19:00,7/13/2017 19:00,41
UCM,H,194,SOILTD1,7/13/2017 20:00,7/13/2017 20:00,40.77777778
UCM,H,194,SOILTD1,7/13/2017 21:00,7/13/2017 21:00,40.27777778
UCM,H,194,SOILTD1,7/13/2017 22:00,7/13/2017 22:00,39.66666667
UCM,H,194,SOILTD1,7/13/2017 23:00,7/13/2017 23:00,39
UCM,H,194,SOILTD1,7/14/2017 0:00,7/14/2017 0:00,38.27777778
UCM,H,194,SOILTD1,7/14/2017 1:00,7/14/2017 1:00,37.61111111
UCM,H,194,SOILTD1,7/14/2017 2:00,7/14/2017 2:00,37
UCM,H,194,SOILTD1,7/14/2017 3:00,7/14/2017 3:00,36.44444444
UCM,H,194,SOILTD1,7/14/2017 4:00,7/14/2017 4:00,35.88888889
UCM,H,194,SOILTD1,7/14/2017 5:00,7/14/2017 5:00,35.33333333
UCM,H,194,SOILTD1,7/14/2017 6:00,7/14/2017 6:00,34.88888889
UCM,H,194,SOILTD1,7/14/2017 7:00,7/14/2017 7:00,34.44444444
UCM,H,194,SOILTD1,7/14/2017 8:00,7/14/2017 8:00,34.05555556
UCM,H,194,SOILTD1,7/14/2017 9:00,7/14/2017 9:00,33.83333333
UCM,H,194,SOILTD1,7/14/2017 10:00,7/14/2017 10:00,33.83333333
UCM,H,194,SOILTD1,7/14/2017 11:00,7/14/2017 11:00,34.22222222
UCM,H,194,SOILTD1,7/14/2017 12:00,7/14/2017 12:00,35
UCM,H,194,SOILTD1,7/14/2017 13:00,7/14/2017 13:00,36.11111111
UCM,H,194,SOILTD1,7/14/2017 14:00,7/14/2017 14:00,37.38888889
UCM,H,194,SOILTD1,7/14/2017 15:00,7/14/2017 15:00,38.72222222
UCM,H,194,SOILTD1,7/14/2017 16:00,7/14/2017 16:00,39.83333333
UCM,H,194,SOILTD1,7/14/2017 17:00,7/14/2017 17:00,40.66666667
UCM,H,194,SOILTD1,7/14/2017 18:00,7/14/2017 18:00,41
UCM,H,194,SOILTD1,7/14/2017 19:00,7/14/2017 19:00,41
UCM,H,194,SOILTD1,7/14/2017 20:00,7/14/2017 20:00,40.77777778
UCM,H,194,SOILTD1,7/14/2017 21:00,7/14/2017 21:00,40.33333333
UCM,H,194,SOILTD1,7/14/2017 22:00,7/14/2017 22:00,39.72222222
UCM,H,194,SOILTD1,7/14/2017 23:00,7/14/2017 23:00,39
UCM,H,194,SOILTD1,7/15/2017 0:00,7/15/2017 0:00,38.33333333
UCM,H,194,SOILTD1,7/15/2017 1:00,7/15/2017 1:00,37.66666667
UCM,H,194,SOILTD1,7/15/2017 2:00,7/15/2017 2:00,37
UCM,H,194,SOILTD1,7/15/2017 3:00,7/15/2017 3:00,36.38888889
UCM,H,194,SOILTD1,7/15/2017 4:00,7/15/2017 4:00,35.88888889
UCM,H,194,SOILTD1,7/15/2017 5:00,7/15/2017 5:00,35.33333333
UCM,H,194,SOILTD1,7/15/2017 6:00,7/15/2017 6:00,34.83333333
UCM,H,194,SOILTD1,7/15/2017 7:00,7/15/2017 7:00,34.33333333
UCM,H,194,SOILTD1,7/15/2017 8:00,7/15/2017 8:00,33.83333333
UCM,H,194,SOILTD1,7/15/2017 9:00,7/15/2017 9:00,33.61111111
UCM,H,194,SOILTD1,7/15/2017 10:00,7/15/2017 10:00,33.66666667
UCM,H,194,SOILTD1,7/15/2017 11:00,7/15/2017 11:00,34.16666667
UCM,H,194,SOILTD1,7/15/2017 12:00,7/15/2017 12:00,35.11111111
UCM,H,194,SOILTD1,7/15/2017 13:00,7/15/2017 13:00,36.27777778
UCM,H,194,SOILTD1,7/15/2017 14:00,7/15/2017 14:00,37.66666667
UCM,H,194,SOILTD1,7/15/2017 15:00,7/15/2017 15:00,38.94444444
UCM,H,194,SOILTD1,7/15/2017 16:00,7/15/2017 16:00,39.88888889
UCM,H,194,SOILTD1,7/15/2017 17:00,7/15/2017 17:00,40.38888889
UCM,H,194,SOILTD1,7/15/2017 18:00,7/15/2017 18:00,40.5
UCM,H,194,SOILTD1,7/15/2017 19:00,7/15/2017 19:00,40.33333333
UCM,H,194,SOILTD1,7/15/2017 20:00,7/15/2017 20:00,40
UCM,H,194,SOILTD1,7/15/2017 21:00,7/15/2017 21:00,39.44444444
UCM,H,194,SOILTD1,7/15/2017 22:00,7/15/2017 22:00,38.83333333
UCM,H,194,SOILTD1,7/15/2017 23:00,7/15/2017 23:00,38.22222222
UCM,H,194,SOILTD1,7/16/2017 0:00,7/16/2017 0:00,37.61111111
UCM,H,194,SOILTD1,7/16/2017 1:00,7/16/2017 1:00,37
UCM,H,194,SOILTD1,7/16/2017 2:00,7/16/2017 2:00,36.44444444
UCM,H,194,SOILTD1,7/16/2017 3:00,7/16/2017 3:00,35.94444444
UCM,H,194,SOILTD1,7/16/2017 4:00,7/16/2017 4:00,35.44444444
UCM,H,194,SOILTD1,7/16/2017 5:00,7/16/2017 5:00,35.11111111
UCM,H,194,SOILTD1,7/16/2017 6:00,7/16/2017 6:00,34.66666667
UCM,H,194,SOILTD1,7/16/2017 7:00,7/16/2017 7:00,34.33333333
UCM,H,194,SOILTD1,7/16/2017 8:00,7/16/2017 8:00,34
UCM,H,194,SOILTD1,7/16/2017 9:00,7/16/2017 9:00,33.77777778
UCM,H,194,SOILTD1,7/16/2017 10:00,7/16/2017 10:00,33.88888889
UCM,H,194,SOILTD1,7/16/2017 11:00,7/16/2017 11:00,34.44444444
UCM,H,194,SOILTD1,7/16/2017 12:00,7/16/2017 12:00,35.38888889
UCM,H,194,SOILTD1,7/16/2017 13:00,7/16/2017 13:00,36.55555556
UCM,H,194,SOILTD1,7/16/2017 14:00,7/16/2017 14:00,37.88888889
UCM,H,194,SOILTD1,7/16/2017 15:00,7/16/2017 15:00,39.16666667
UCM,H,194,SOILTD1,7/16/2017 16:00,7/16/2017 16:00,40.33333333
UCM,H,194,SOILTD1,7/16/2017 17:00,7/16/2017 17:00,41.22222222
UCM,H,194,SOILTD1,7/16/2017 18:00,7/16/2017 18:00,41.55555556
UCM,H,194,SOILTD1,7/16/2017 19:00,7/16/2017 19:00,41.44444444
UCM,H,194,SOILTD1,7/16/2017 20:00,7/16/2017 20:00,41.16666667
UCM,H,194,SOILTD1,7/16/2017 21:00,7/16/2017 21:00,40.66666667
UCM,H,194,SOILTD1,7/16/2017 22:00,7/16/2017 22:00,40.05555556
UCM,H,194,SOILTD1,7/16/2017 23:00,7/16/2017 23:00,39.27777778
UCM,H,194,SOILTD1,7/17/2017 0:00,7/17/2017 0:00,38.61111111
UCM,H,194,SOILTD1,7/17/2017 1:00,7/17/2017 1:00,37.88888889
UCM,H,194,SOILTD1,7/17/2017 2:00,7/17/2017 2:00,37.22222222
UCM,H,194,SOILTD1,7/17/2017 3:00,7/17/2017 3:00,36.66666667
UCM,H,194,SOILTD1,7/17/2017 4:00,7/17/2017 4:00,36.05555556
UCM,H,194,SOILTD1,7/17/2017 5:00,7/17/2017 5:00,35.5
UCM,H,194,SOILTD1,7/17/2017 6:00,7/17/2017 6:00,35
UCM,H,194,SOILTD1,7/17/2017 7:00,7/17/2017 7:00,34.55555556
UCM,H,194,SOILTD1,7/17/2017 8:00,7/17/2017 8:00,34.11111111
UCM,H,194,SOILTD1,7/17/2017 9:00,7/17/2017 9:00,33.83333333
UCM,H,194,SOILTD1,7/17/2017 10:00,7/17/2017 10:00,33.88888889
UCM,H,194,SOILTD1,7/17/2017 11:00,7/17/2017 11:00,34.44444444
UCM,H,194,SOILTD1,7/17/2017 12:00,7/17/2017 12:00,35.33333333
UCM,H,194,SOILTD1,7/17/2017 13:00,7/17/2017 13:00,36.5
UCM,H,194,SOILTD1,7/17/2017 14:00,7/17/2017 14:00,37.88888889
UCM,H,194,SOILTD1,7/17/2017 15:00,7/17/2017 15:00,39.22222222
UCM,H,194,SOILTD1,7/17/2017 16:00,7/17/2017 16:00,40.38888889
UCM,H,194,SOILTD1,7/17/2017 17:00,7/17/2017 17:00,41.27777778
UCM,H,194,SOILTD1,7/17/2017 18:00,7/17/2017 18:00,41.66666667
UCM,H,194,SOILTD1,7/17/2017 19:00,7/17/2017 19:00,41.61111111
UCM,H,194,SOILTD1,7/17/2017 20:00,7/17/2017 20:00,41.33333333
UCM,H,194,SOILTD1,7/17/2017 21:00,7/17/2017 21:00,40.83333333
UCM,H,194,SOILTD1,7/17/2017 22:00,7/17/2017 22:00,40.22222222
UCM,H,194,SOILTD1,7/17/2017 23:00,7/17/2017 23:00,39.5
UCM,H,194,SOILTD1,7/18/2017 0:00,7/18/2017 0:00,38.77777778
UCM,H,194,SOILTD1,7/18/2017 1:00,7/18/2017 1:00,38.05555556
UCM,H,194,SOILTD1,7/18/2017 2:00,7/18/2017 2:00,37.44444444
UCM,H,194,SOILTD1,7/18/2017 3:00,7/18/2017 3:00,36.77777778
UCM,H,194,SOILTD1,7/18/2017 4:00,7/18/2017 4:00,36.22222222
UCM,H,194,SOILTD1,7/18/2017 5:00,7/18/2017 5:00,35.66666667
UCM,H,194,SOILTD1,7/18/2017 6:00,7/18/2017 6:00,35.16666667
UCM,H,194,SOILTD1,7/18/2017 7:00,7/18/2017 7:00,34.66666667
UCM,H,194,SOILTD1,7/18/2017 8:00,7/18/2017 8:00,34.22222222
UCM,H,194,SOILTD1,7/18/2017 9:00,7/18/2017 9:00,33.94444444
UCM,H,194,SOILTD1,7/18/2017 10:00,7/18/2017 10:00,34
UCM,H,194,SOILTD1,7/18/2017 11:00,7/18/2017 11:00,34.5
UCM,H,194,SOILTD1,7/18/2017 12:00,7/18/2017 12:00,35.33333333
UCM,H,194,SOILTD1,7/18/2017 13:00,7/18/2017 13:00,36.44444444
UCM,H,194,SOILTD1,7/18/2017 14:00,7/18/2017 14:00,37.77777778
UCM,H,194,SOILTD1,7/18/2017 15:00,7/18/2017 15:00,39.11111111
UCM,H,194,SOILTD1,7/18/2017 16:00,7/18/2017 16:00,40.27777778
UCM,H,194,SOILTD1,7/18/2017 17:00,7/18/2017 17:00,41.11111111
UCM,H,194,SOILTD1,7/18/2017 18:00,7/18/2017 18:00,41.5
UCM,H,194,SOILTD1,7/18/2017 19:00,7/18/2017 19:00,41.44444444
UCM,H,194,SOILTD1,7/18/2017 20:00,7/18/2017 20:00,41.16666667
UCM,H,194,SOILTD1,7/18/2017 21:00,7/18/2017 21:00,40.66666667
UCM,H,194,SOILTD1,7/18/2017 22:00,7/18/2017 22:00,40
UCM,H,194,SOILTD1,7/18/2017 23:00,7/18/2017 23:00,39.22222222
UCM,H,194,SOILTD1,7/19/2017 0:00,7/19/2017 0:00,38.44444444
UCM,H,194,SOILTD1,7/19/2017 1:00,7/19/2017 1:00,37.72222222
UCM,H,194,SOILTD1,7/19/2017 2:00,7/19/2017 2:00,37
UCM,H,194,SOILTD1,7/19/2017 3:00,7/19/2017 3:00,36.33333333
UCM,H,194,SOILTD1,7/19/2017 4:00,7/19/2017 4:00,35.77777778
UCM,H,194,SOILTD1,7/19/2017 5:00,7/19/2017 5:00,35.22222222
UCM,H,194,SOILTD1,7/19/2017 6:00,7/19/2017 6:00,34.66666667
UCM,H,194,SOILTD1,7/19/2017 7:00,7/19/2017 7:00,34.22222222
UCM,H,194,SOILTD1,7/19/2017 8:00,7/19/2017 8:00,33.77777778
UCM,H,194,SOILTD1,7/19/2017 9:00,7/19/2017 9:00,33.44444444
UCM,H,194,SOILTD1,7/19/2017 10:00,7/19/2017 10:00,33.44444444
UCM,H,194,SOILTD1,7/19/2017 11:00,7/19/2017 11:00,33.88888889
UCM,H,194,SOILTD1,7/19/2017 12:00,7/19/2017 12:00,34.77777778
UCM,H,194,SOILTD1,7/19/2017 13:00,7/19/2017 13:00,35.83333333
UCM,H,194,SOILTD1,7/19/2017 14:00,7/19/2017 14:00,37.22222222
UCM,H,194,SOILTD1,7/19/2017 15:00,7/19/2017 15:00,38.55555556
UCM,H,194,SOILTD1,7/19/2017 16:00,7/19/2017 16:00,39.72222222
UCM,H,194,SOILTD1,7/19/2017 17:00,7/19/2017 17:00,40.55555556
UCM,H,194,SOILTD1,7/19/2017 18:00,7/19/2017 18:00,40.94444444
UCM,H,194,SOILTD1,7/19/2017 19:00,7/19/2017 19:00,40.94444444
UCM,H,194,SOILTD1,7/19/2017 20:00,7/19/2017 20:00,40.66666667
UCM,H,194,SOILTD1,7/19/2017 21:00,7/19/2017 21:00,40.16666667
UCM,H,194,SOILTD1,7/19/2017 22:00,7/19/2017 22:00,39.5
UCM,H,194,SOILTD1,7/19/2017 23:00,7/19/2017 23:00,38.77777778
UCM,H,194,SOILTD1,7/20/2017 0:00,7/20/2017 0:00,38.05555556
UCM,H,194,SOILTD1,7/20/2017 1:00,7/20/2017 1:00,37.38888889
UCM,H,194,SOILTD1,7/20/2017 2:00,7/20/2017 2:00,36.72222222
UCM,H,194,SOILTD1,7/20/2017 3:00,7/20/2017 3:00,36.05555556
UCM,H,194,SOILTD1,7/20/2017 4:00,7/20/2017 4:00,35.44444444
UCM,H,194,SOILTD1,7/20/2017 5:00,7/20/2017 5:00,34.83333333
UCM,H,194,SOILTD1,7/20/2017 6:00,7/20/2017 6:00,34.33333333
UCM,H,194,SOILTD1,7/20/2017 7:00,7/20/2017 7:00,33.77777778
UCM,H,194,SOILTD1,7/20/2017 8:00,7/20/2017 8:00,33.33333333
UCM,H,194,SOILTD1,7/20/2017 9:00,7/20/2017 9:00,33
UCM,H,194,SOILTD1,7/20/2017 10:00,7/20/2017 10:00,33
UCM,H,194,SOILTD1,7/20/2017 11:00,7/20/2017 11:00,33.55555556
UCM,H,194,SOILTD1,7/20/2017 12:00,7/20/2017 12:00,34.38888889
UCM,H,194,SOILTD1,7/20/2017 13:00,7/20/2017 13:00,35.55555556
UCM,H,194,SOILTD1,7/20/2017 14:00,7/20/2017 14:00,36.83333333
UCM,H,194,SOILTD1,7/20/2017 15:00,7/20/2017 15:00,38.22222222
UCM,H,194,SOILTD1,7/20/2017 16:00,7/20/2017 16:00,39.44444444
UCM,H,194,SOILTD1,7/20/2017 17:00,7/20/2017 17:00,40.27777778
UCM,H,194,SOILTD1,7/20/2017 18:00,7/20/2017 18:00,40.66666667
UCM,H,194,SOILTD1,7/20/2017 19:00,7/20/2017 19:00,40.66666667
UCM,H,194,SOILTD1,7/20/2017 20:00,7/20/2017 20:00,40.33333333
UCM,H,194,SOILTD1,7/20/2017 21:00,7/20/2017 21:00,39.88888889
UCM,H,194,SOILTD1,7/20/2017 22:00,7/20/2017 22:00,39.27777778
UCM,H,194,SOILTD1,7/20/2017 23:00,7/20/2017 23:00,38.61111111
UCM,H,194,SOILTD1,7/21/2017 0:00,7/21/2017 0:00,37.88888889
UCM,H,194,SOILTD1,7/21/2017 1:00,7/21/2017 1:00,37.22222222
UCM,H,194,SOILTD1,7/21/2017 2:00,7/21/2017 2:00,36.55555556
UCM,H,194,SOILTD1,7/21/2017 3:00,7/21/2017 3:00,35.94444444
UCM,H,194,SOILTD1,7/21/2017 4:00,7/21/2017 4:00,35.38888889
UCM,H,194,SOILTD1,7/21/2017 5:00,7/21/2017 5:00,34.88888889
UCM,H,194,SOILTD1,7/21/2017 6:00,7/21/2017 6:00,34.33333333
UCM,H,194,SOILTD1,7/21/2017 7:00,7/21/2017 7:00,33.83333333
UCM,H,194,SOILTD1,7/21/2017 8:00,7/21/2017 8:00,33.44444444
UCM,H,194,SOILTD1,7/21/2017 9:00,7/21/2017 9:00,33.05555556
UCM,H,194,SOILTD1,7/21/2017 10:00,7/21/2017 10:00,33.16666667
UCM,H,194,SOILTD1,7/21/2017 11:00,7/21/2017 11:00,33.61111111
UCM,H,194,SOILTD1,7/21/2017 12:00,7/21/2017 12:00,34.5
UCM,H,194,SOILTD1,7/21/2017 13:00,7/21/2017 13:00,35.61111111
UCM,H,194,SOILTD1,7/21/2017 14:00,7/21/2017 14:00,36.83333333
UCM,H,194,SOILTD1,7/21/2017 15:00,7/21/2017 15:00,38.22222222
UCM,H,194,SOILTD1,7/21/2017 16:00,7/21/2017 16:00,39.38888889
UCM,H,194,SOILTD1,7/21/2017 17:00,7/21/2017 17:00,40.27777778
UCM,H,194,SOILTD1,7/21/2017 18:00,7/21/2017 18:00,40.66666667
UCM,H,194,SOILTD1,7/21/2017 19:00,7/21/2017 19:00,40.66666667
UCM,H,194,SOILTD1,7/21/2017 20:00,7/21/2017 20:00,40.38888889
UCM,H,194,SOILTD1,7/21/2017 21:00,7/21/2017 21:00,39.94444444
UCM,H,194,SOILTD1,7/21/2017 22:00,7/21/2017 22:00,39.33333333
UCM,H,194,SOILTD1,7/21/2017 23:00,7/21/2017 23:00,38.66666667
UCM,H,194,SOILTD1,7/22/2017 0:00,7/22/2017 0:00,37.94444444
UCM,H,194,SOILTD1,7/22/2017 1:00,7/22/2017 1:00,37.27777778
UCM,H,194,SOILTD1,7/22/2017 2:00,7/22/2017 2:00,36.66666667
UCM,H,194,SOILTD1,7/22/2017 3:00,7/22/2017 3:00,36.11111111
UCM,H,194,SOILTD1,7/22/2017 4:00,7/22/2017 4:00,35.55555556
UCM,H,194,SOILTD1,7/22/2017 5:00,7/22/2017 5:00,35
UCM,H,194,SOILTD1,7/22/2017 6:00,7/22/2017 6:00,34.55555556
UCM,H,194,SOILTD1,7/22/2017 7:00,7/22/2017 7:00,34.11111111
UCM,H,194,SOILTD1,7/22/2017 8:00,7/22/2017 8:00,33.66666667
UCM,H,194,SOILTD1,7/22/2017 9:00,7/22/2017 9:00,33.38888889
UCM,H,194,SOILTD1,7/22/2017 10:00,7/22/2017 10:00,33.33333333
UCM,H,194,SOILTD1,7/22/2017 11:00,7/22/2017 11:00,33.72222222
UCM,H,194,SOILTD1,7/22/2017 12:00,7/22/2017 12:00,34.5
UCM,H,194,SOILTD1,7/22/2017 13:00,7/22/2017 13:00,35.5
UCM,H,194,SOILTD1,7/22/2017 14:00,7/22/2017 14:00,36.72222222
UCM,H,194,SOILTD1,7/22/2017 15:00,7/22/2017 15:00,38
UCM,H,194,SOILTD1,7/22/2017 16:00,7/22/2017 16:00,39.16666667
UCM,H,194,SOILTD1,7/22/2017 17:00,7/22/2017 17:00,40.05555556
UCM,H,194,SOILTD1,7/22/2017 18:00,7/22/2017 18:00,40.5
UCM,H,194,SOILTD1,7/22/2017 19:00,7/22/2017 19:00,40.55555556
UCM,H,194,SOILTD1,7/22/2017 20:00,7/22/2017 20:00,40.33333333
UCM,H,194,SOILTD1,7/22/2017 21:00,7/22/2017 21:00,39.94444444
UCM,H,194,SOILTD1,7/22/2017 22:00,7/22/2017 22:00,39.38888889
UCM,H,194,SOILTD1,7/22/2017 23:00,7/22/2017 23:00,38.72222222
UCM,H,194,SOILTD1,7/23/2017 0:00,7/23/2017 0:00,38
UCM,H,194,SOILTD1,7/23/2017 1:00,7/23/2017 1:00,37.38888889
UCM,H,194,SOILTD1,7/23/2017 2:00,7/23/2017 2:00,36.77777778
UCM,H,194,SOILTD1,7/23/2017 3:00,7/23/2017 3:00,36.22222222
UCM,H,194,SOILTD1,7/23/2017 4:00,7/23/2017 4:00,35.66666667
UCM,H,194,SOILTD1,7/23/2017 5:00,7/23/2017 5:00,35.22222222
UCM,H,194,SOILTD1,7/23/2017 6:00,7/23/2017 6:00,34.77777778
UCM,H,194,SOILTD1,7/23/2017 7:00,7/23/2017 7:00,34.33333333
UCM,H,194,SOILTD1,7/23/2017 8:00,7/23/2017 8:00,33.88888889
UCM,H,194,SOILTD1,7/23/2017 9:00,7/23/2017 9:00,33.66666667
UCM,H,194,SOILTD1,7/23/2017 10:00,7/23/2017 10:00,33.66666667
UCM,H,194,SOILTD1,7/23/2017 11:00,7/23/2017 11:00,34.16666667
UCM,H,194,SOILTD1,7/23/2017 12:00,7/23/2017 12:00,35.05555556
UCM,H,194,SOILTD1,7/23/2017 13:00,7/23/2017 13:00,36.16666667
UCM,H,194,SOILTD1,7/23/2017 14:00,7/23/2017 14:00,37.44444444
UCM,H,194,SOILTD1,7/23/2017 15:00,7/23/2017 15:00,38.77777778
UCM,H,194,SOILTD1,7/23/2017 16:00,7/23/2017 16:00,40
UCM,H,194,SOILTD1,7/23/2017 17:00,7/23/2017 17:00,40.83333333
UCM,H,194,SOILTD1,7/23/2017 18:00,7/23/2017 18:00,41.27777778
UCM,H,194,SOILTD1,7/23/2017 19:00,7/23/2017 19:00,41.33333333
UCM,H,194,SOILTD1,7/23/2017 20:00,7/23/2017 20:00,41.05555556
UCM,H,194,SOILTD1,7/23/2017 21:00,7/23/2017 21:00,40.66666667
UCM,H,194,SOILTD1,7/23/2017 22:00,7/23/2017 22:00,40.05555556
UCM,H,194,SOILTD1,7/23/2017 23:00,7/23/2017 23:00,39.38888889
UCM,H,194,SOILTD1,7/24/2017 0:00,7/24/2017 0:00,38.77777778
UCM,H,194,SOILTD1,7/24/2017 1:00,7/24/2017 1:00,38.11111111
UCM,H,194,SOILTD1,7/24/2017 2:00,7/24/2017 2:00,37.5
UCM,H,194,SOILTD1,7/24/2017 3:00,7/24/2017 3:00,36.88888889
UCM,H,194,SOILTD1,7/24/2017 4:00,7/24/2017 4:00,36.33333333
UCM,H,194,SOILTD1,7/24/2017 5:00,7/24/2017 5:00,35.77777778
UCM,H,194,SOILTD1,7/24/2017 6:00,7/24/2017 6:00,35.33333333
UCM,H,194,SOILTD1,7/24/2017 7:00,7/24/2017 7:00,34.77777778
UCM,H,194,SOILTD1,7/24/2017 8:00,7/24/2017 8:00,34.38888889
UCM,H,194,SOILTD1,7/24/2017 9:00,7/24/2017 9:00,34.05555556
UCM,H,194,SOILTD1,7/24/2017 10:00,7/24/2017 10:00,34.05555556
UCM,H,194,SOILTD1,7/24/2017 11:00,7/24/2017 11:00,34.5
UCM,H,194,SOILTD1,7/24/2017 12:00,7/24/2017 12:00,35.27777778
UCM,H,194,SOILTD1,7/24/2017 13:00,7/24/2017 13:00,36.22222222
UCM,H,194,SOILTD1,7/24/2017 14:00,7/24/2017 14:00,37.33333333
UCM,H,194,SOILTD1,7/24/2017 15:00,7/24/2017 15:00,38.55555556
UCM,H,194,SOILTD1,7/24/2017 16:00,7/24/2017 16:00,39.66666667
UCM,H,194,SOILTD1,7/24/2017 17:00,7/24/2017 17:00,40.5
UCM,H,194,SOILTD1,7/24/2017 18:00,7/24/2017 18:00,40.94444444
UCM,H,194,SOILTD1,7/24/2017 19:00,7/24/2017 19:00,41
UCM,H,194,SOILTD1,7/24/2017 20:00,7/24/2017 20:00,40.72222222
UCM,H,194,SOILTD1,7/24/2017 21:00,7/24/2017 21:00,40.27777778
UCM,H,194,SOILTD1,7/24/2017 22:00,7/24/2017 22:00,39.66666667
UCM,H,194,SOILTD1,7/24/2017 23:00,7/24/2017 23:00,39
UCM,H,194,SOILTD1,7/25/2017 0:00,7/25/2017 0:00,38.33333333
UCM,H,194,SOILTD1,7/25/2017 1:00,7/25/2017 1:00,37.72222222
UCM,H,194,SOILTD1,7/25/2017 2:00,7/25/2017 2:00,37.11111111
UCM,H,194,SOILTD1,7/25/2017 3:00,7/25/2017 3:00,36.55555556
UCM,H,194,SOILTD1,7/25/2017 4:00,7/25/2017 4:00,36
UCM,H,194,SOILTD1,7/25/2017 5:00,7/25/2017 5:00,35.44444444
UCM,H,194,SOILTD1,7/25/2017 6:00,7/25/2017 6:00,34.94444444
UCM,H,194,SOILTD1,7/25/2017 7:00,7/25/2017 7:00,34.44444444
UCM,H,194,SOILTD1,7/25/2017 8:00,7/25/2017 8:00,34
UCM,H,194,SOILTD1,7/25/2017 9:00,7/25/2017 9:00,33.72222222
UCM,H,194,SOILTD1,7/25/2017 10:00,7/25/2017 10:00,33.66666667
UCM,H,194,SOILTD1,7/25/2017 11:00,7/25/2017 11:00,34.05555556
UCM,H,194,SOILTD1,7/25/2017 12:00,7/25/2017 12:00,34.83333333
UCM,H,194,SOILTD1,7/25/2017 13:00,7/25/2017 13:00,35.77777778
UCM,H,194,SOILTD1,7/25/2017 14:00,7/25/2017 14:00,37
UCM,H,194,SOILTD1,7/25/2017 15:00,7/25/2017 15:00,38.22222222
UCM,H,194,SOILTD1,7/25/2017 16:00,7/25/2017 16:00,39.38888889
UCM,H,194,SOILTD1,7/25/2017 17:00,7/25/2017 17:00,40.16666667
UCM,H,194,SOILTD1,7/25/2017 18:00,7/25/2017 18:00,40.61111111
UCM,H,194,SOILTD1,7/25/2017 19:00,7/25/2017 19:00,40.66666667
UCM,H,194,SOILTD1,7/25/2017 20:00,7/25/2017 20:00,40.44444444
UCM,H,194,SOILTD1,7/25/2017 21:00,7/25/2017 21:00,40
UCM,H,194,SOILTD1,7/25/2017 22:00,7/25/2017 22:00,39.44444444
UCM,H,194,SOILTD1,7/25/2017 23:00,7/25/2017 23:00,38.77777778
UCM,H,194,SOILTD1,7/26/2017 0:00,7/26/2017 0:00,38.16666667
UCM,H,194,SOILTD1,7/26/2017 1:00,7/26/2017 1:00,37.5
UCM,H,194,SOILTD1,7/26/2017 2:00,7/26/2017 2:00,36.88888889
UCM,H,194,SOILTD1,7/26/2017 3:00,7/26/2017 3:00,36.33333333
UCM,H,194,SOILTD1,7/26/2017 4:00,7/26/2017 4:00,35.77777778
UCM,H,194,SOILTD1,7/26/2017 5:00,7/26/2017 5:00,35.33333333
UCM,H,194,SOILTD1,7/26/2017 6:00,7/26/2017 6:00,34.88888889
UCM,H,194,SOILTD1,7/26/2017 7:00,7/26/2017 7:00,34.44444444
UCM,H,194,SOILTD1,7/26/2017 8:00,7/26/2017 8:00,34
UCM,H,194,SOILTD1,7/26/2017 9:00,7/26/2017 9:00,33.77777778
UCM,H,194,SOILTD1,7/26/2017 10:00,7/26/2017 10:00,33.77777778
UCM,H,194,SOILTD1,7/26/2017 11:00,7/26/2017 11:00,34.22222222
UCM,H,194,SOILTD1,7/26/2017 12:00,7/26/2017 12:00,34.94444444
UCM,H,194,SOILTD1,7/26/2017 13:00,7/26/2017 13:00,35.88888889
UCM,H,194,SOILTD1,7/26/2017 14:00,7/26/2017 14:00,37.05555556
UCM,H,194,SOILTD1,7/26/2017 15:00,7/26/2017 15:00,38.33333333
UCM,H,194,SOILTD1,7/26/2017 16:00,7/26/2017 16:00,39.5
UCM,H,194,SOILTD1,7/26/2017 17:00,7/26/2017 17:00,40.38888889
UCM,H,194,SOILTD1,7/26/2017 18:00,7/26/2017 18:00,40.83333333
UCM,H,194,SOILTD1,7/26/2017 19:00,7/26/2017 19:00,40.88888889
UCM,H,194,SOILTD1,7/26/2017 20:00,7/26/2017 20:00,40.61111111
UCM,H,194,SOILTD1,7/26/2017 21:00,7/26/2017 21:00,40.16666667
UCM,H,194,SOILTD1,7/26/2017 22:00,7/26/2017 22:00,39.55555556
UCM,H,194,SOILTD1,7/26/2017 23:00,7/26/2017 23:00,38.94444444
UCM,H,194,SOILTD1,7/27/2017 0:00,7/27/2017 0:00,38.22222222
UCM,H,194,SOILTD1,7/27/2017 1:00,7/27/2017 1:00,37.61111111
UCM,H,194,SOILTD1,7/27/2017 2:00,7/27/2017 2:00,37.05555556
UCM,H,194,SOILTD1,7/27/2017 3:00,7/27/2017 3:00,36.5
UCM,H,194,SOILTD1,7/27/2017 4:00,7/27/2017 4:00,36
UCM,H,194,SOILTD1,7/27/2017 5:00,7/27/2017 5:00,35.5
UCM,H,194,SOILTD1,7/27/2017 6:00,7/27/2017 6:00,35.11111111
UCM,H,194,SOILTD1,7/27/2017 7:00,7/27/2017 7:00,34.66666667
UCM,H,194,SOILTD1,7/27/2017 8:00,7/27/2017 8:00,34.22222222
UCM,H,194,SOILTD1,7/27/2017 9:00,7/27/2017 9:00,33.94444444
UCM,H,194,SOILTD1,7/27/2017 10:00,7/27/2017 10:00,33.94444444
UCM,H,194,SOILTD1,7/27/2017 11:00,7/27/2017 11:00,34.44444444
UCM,H,194,SOILTD1,7/27/2017 12:00,7/27/2017 12:00,35.22222222
UCM,H,194,SOILTD1,7/27/2017 13:00,7/27/2017 13:00,36.16666667
UCM,H,194,SOILTD1,7/27/2017 14:00,7/27/2017 14:00,37.38888889
UCM,H,194,SOILTD1,7/27/2017 15:00,7/27/2017 15:00,38.72222222
UCM,H,194,SOILTD1,7/27/2017 16:00,7/27/2017 16:00,39.94444444
UCM,H,194,SOILTD1,7/27/2017 17:00,7/27/2017 17:00,40.83333333
UCM,H,194,SOILTD1,7/27/2017 18:00,7/27/2017 18:00,41.22222222
UCM,H,194,SOILTD1,7/27/2017 19:00,7/27/2017 19:00,41.22222222
UCM,H,194,SOILTD1,7/27/2017 20:00,7/27/2017 20:00,40.94444444
UCM,H,194,SOILTD1,7/27/2017 21:00,7/27/2017 21:00,40.5
UCM,H,194,SOILTD1,7/27/2017 22:00,7/27/2017 22:00,39.88888889
UCM,H,194,SOILTD1,7/27/2017 23:00,7/27/2017 23:00,39.22222222
UCM,H,194,SOILTD1,7/28/2017 0:00,7/28/2017 0:00,38.5
UCM,H,194,SOILTD1,7/28/2017 1:00,7/28/2017 1:00,37.83333333
UCM,H,194,SOILTD1,7/28/2017 2:00,7/28/2017 2:00,37.22222222
UCM,H,194,SOILTD1,7/28/2017 3:00,7/28/2017 3:00,36.72222222
UCM,H,194,SOILTD1,7/28/2017 4:00,7/28/2017 4:00,36.16666667
UCM,H,194,SOILTD1,7/28/2017 5:00,7/28/2017 5:00,35.66666667
UCM,H,194,SOILTD1,7/28/2017 6:00,7/28/2017 6:00,35.22222222
UCM,H,194,SOILTD1,7/28/2017 7:00,7/28/2017 7:00,34.66666667
UCM,H,194,SOILTD1,7/28/2017 8:00,7/28/2017 8:00,34.27777778
UCM,H,194,SOILTD1,7/28/2017 9:00,7/28/2017 9:00,33.94444444
UCM,H,194,SOILTD1,7/28/2017 10:00,7/28/2017 10:00,33.94444444
UCM,H,194,SOILTD1,7/28/2017 11:00,7/28/2017 11:00,34.38888889
UCM,H,194,SOILTD1,7/28/2017 12:00,7/28/2017 12:00,35.16666667
UCM,H,194,SOILTD1,7/28/2017 13:00,7/28/2017 13:00,36.11111111
UCM,H,194,SOILTD1,7/28/2017 14:00,7/28/2017 14:00,37.33333333
UCM,H,194,SOILTD1,7/28/2017 15:00,7/28/2017 15:00,38.72222222
UCM,H,194,SOILTD1,7/28/2017 16:00,7/28/2017 16:00,39.94444444
UCM,H,194,SOILTD1,7/28/2017 17:00,7/28/2017 17:00,40.88888889
UCM,H,194,SOILTD1,7/28/2017 18:00,7/28/2017 18:00,41.27777778
UCM,H,194,SOILTD1,7/28/2017 19:00,7/28/2017 19:00,41.33333333
UCM,H,194,SOILTD1,7/28/2017 20:00,7/28/2017 20:00,41.05555556
UCM,H,194,SOILTD1,7/28/2017 21:00,7/28/2017 21:00,40.61111111
UCM,H,194,SOILTD1,7/28/2017 22:00,7/28/2017 22:00,40.05555556
UCM,H,194,SOILTD1,7/28/2017 23:00,7/28/2017 23:00,39.38888889
UCM,H,194,SOILTD1,7/29/2017 0:00,7/29/2017 0:00,38.72222222
UCM,H,194,SOILTD1,7/29/2017 1:00,7/29/2017 1:00,38.05555556
UCM,H,194,SOILTD1,7/29/2017 2:00,7/29/2017 2:00,37.38888889
UCM,H,194,SOILTD1,7/29/2017 3:00,7/29/2017 3:00,36.83333333
UCM,H,194,SOILTD1,7/29/2017 4:00,7/29/2017 4:00,36.22222222
UCM,H,194,SOILTD1,7/29/2017 5:00,7/29/2017 5:00,35.66666667
UCM,H,194,SOILTD1,7/29/2017 6:00,7/29/2017 6:00,35.16666667
UCM,H,194,SOILTD1,7/29/2017 7:00,7/29/2017 7:00,34.66666667
UCM,H,194,SOILTD1,7/29/2017 8:00,7/29/2017 8:00,34.22222222
UCM,H,194,SOILTD1,7/29/2017 9:00,7/29/2017 9:00,33.83333333
UCM,H,194,SOILTD1,7/29/2017 10:00,7/29/2017 10:00,33.88888889
UCM,H,194,SOILTD1,7/29/2017 11:00,7/29/2017 11:00,34.33333333
UCM,H,194,SOILTD1,7/29/2017 12:00,7/29/2017 12:00,35.16666667
UCM,H,194,SOILTD1,7/29/2017 13:00,7/29/2017 13:00,36.11111111
UCM,H,194,SOILTD1,7/29/2017 14:00,7/29/2017 14:00,37.33333333
UCM,H,194,SOILTD1,7/29/2017 15:00,7/29/2017 15:00,38.72222222
UCM,H,194,SOILTD1,7/29/2017 16:00,7/29/2017 16:00,39.94444444
UCM,H,194,SOILTD1,7/29/2017 17:00,7/29/2017 17:00,40.77777778
UCM,H,194,SOILTD1,7/29/2017 18:00,7/29/2017 18:00,41.22222222
UCM,H,194,SOILTD1,7/29/2017 19:00,7/29/2017 19:00,41.27777778
UCM,H,194,SOILTD1,7/29/2017 20:00,7/29/2017 20:00,41
UCM,H,194,SOILTD1,7/29/2017 21:00,7/29/2017 21:00,40.55555556
UCM,H,194,SOILTD1,7/29/2017 22:00,7/29/2017 22:00,40
UCM,H,194,SOILTD1,7/29/2017 23:00,7/29/2017 23:00,39.27777778
UCM,H,194,SOILTD1,7/30/2017 0:00,7/30/2017 0:00,38.61111111
UCM,H,194,SOILTD1,7/30/2017 1:00,7/30/2017 1:00,37.94444444
UCM,H,194,SOILTD1,7/30/2017 2:00,7/30/2017 2:00,37.33333333
UCM,H,194,SOILTD1,7/30/2017 3:00,7/30/2017 3:00,36.72222222
UCM,H,194,SOILTD1,7/30/2017 4:00,7/30/2017 4:00,36.16666667
UCM,H,194,SOILTD1,7/30/2017 5:00,7/30/2017 5:00,35.66666667
UCM,H,194,SOILTD1,7/30/2017 6:00,7/30/2017 6:00,35.16666667
UCM,H,194,SOILTD1,7/30/2017 7:00,7/30/2017 7:00,34.66666667
UCM,H,194,SOILTD1,7/30/2017 8:00,7/30/2017 8:00,34.27777778
UCM,H,194,SOILTD1,7/30/2017 9:00,7/30/2017 9:00,33.94444444
UCM,H,194,SOILTD1,7/30/2017 10:00,7/30/2017 10:00,33.94444444
UCM,H,194,SOILTD1,7/30/2017 11:00,7/30/2017 11:00,34.38888889
UCM,H,194,SOILTD1,7/30/2017 12:00,7/30/2017 12:00,35.11111111
UCM,H,194,SOILTD1,7/30/2017 13:00,7/30/2017 13:00,36
UCM,H,194,SOILTD1,7/30/2017 14:00,7/30/2017 14:00,37.22222222
UCM,H,194,SOILTD1,7/30/2017 15:00,7/30/2017 15:00,38.61111111
UCM,H,194,SOILTD1,7/30/2017 16:00,7/30/2017 16:00,39.77777778
UCM,H,194,SOILTD1,7/30/2017 17:00,7/30/2017 17:00,40.72222222
UCM,H,194,SOILTD1,7/30/2017 18:00,7/30/2017 18:00,41.11111111
UCM,H,194,SOILTD1,7/30/2017 19:00,7/30/2017 19:00,41.16666667
UCM,H,194,SOILTD1,7/30/2017 20:00,7/30/2017 20:00,
UCM,H,194,SOILTD1,7/30/2017 21:00,7/30/2017 21:00,40.44444444
UCM,H,194,SOILTD1,7/30/2017 22:00,7/30/2017 22:00,39.83333333
UCM,H,194,SOILTD1,7/30/2017 23:00,7/30/2017 23:00,39.16666667
UCM,H,194,SOILTD1,7/31/2017 0:00,7/31/2017 0:00,38.55555556
UCM,H,194,SOILTD1,7/31/2017 1:00,7/31/2017 1:00,37.83333333
UCM,H,194,SOILTD1,7/31/2017 2:00,7/31/2017 2:00,37.27777778
UCM,H,194,SOILTD1,7/31/2017 3:00,7/31/2017 3:00,36.77777778
UCM,H,194,SOILTD1,7/31/2017 4:00,7/31/2017 4:00,36.22222222
UCM,H,194,SOILTD1,7/31/2017 5:00,7/31/2017 5:00,35.66666667
UCM,H,194,SOILTD1,7/31/2017 6:00,7/31/2017 6:00,35.22222222
UCM,H,194,SOILTD1,7/31/2017 7:00,7/31/2017 7:00,34.77777778
UCM,H,194,SOILTD1,7/31/2017 8:00,7/31/2017 8:00,34.38888889
UCM,H,194,SOILTD1,7/31/2017 9:00,7/31/2017 9:00,34.11111111
UCM,H,194,SOILTD1,7/31/2017 10:00,7/31/2017 10:00,34.05555556
UCM,H,194,SOILTD1,7/31/2017 11:00,7/31/2017 11:00,34.5
UCM,H,194,SOILTD1,7/31/2017 12:00,7/31/2017 12:00,35.27777778
UCM,H,194,SOILTD1,7/31/2017 13:00,7/31/2017 13:00,36.11111111
UCM,H,194,SOILTD1,7/31/2017 14:00,7/31/2017 14:00,37.33333333
UCM,H,194,SOILTD1,7/31/2017 15:00,7/31/2017 15:00,38.66666667
UCM,H,194,SOILTD1,7/31/2017 16:00,7/31/2017 16:00,39.83333333
UCM,H,194,SOILTD1,7/31/2017 17:00,7/31/2017 17:00,40.77777778
UCM,H,194,SOILTD1,7/31/2017 18:00,7/31/2017 18:00,41.22222222
UCM,H,194,SOILTD1,7/31/2017 19:00,7/31/2017 19:00,41.22222222
UCM,H,194,SOILTD1,7/31/2017 20:00,7/31/2017 20:00,40.94444444
UCM,H,194,SOILTD1,7/31/2017 21:00,7/31/2017 21:00,40.5
UCM,H,194,SOILTD1,7/31/2017 22:00,7/31/2017 22:00,39.88888889
UCM,H,194,SOILTD1,7/31/2017 23:00,7/31/2017 23:00,39.22222222
UCM,H,194,SOILTD1,8/1/2017 0:00,8/1/2017 0:00,38.55555556
UCM,H,194,SOILTD1,8/1/2017 1:00,8/1/2017 1:00,37.88888889
UCM,H,194,SOILTD1,8/1/2017 2:00,8/1/2017 2:00,37.38888889
UCM,H,194,SOILTD1,8/1/2017 3:00,8/1/2017 3:00,36.83333333
UCM,H,194,SOILTD1,8/1/2017 4:00,8/1/2017 4:00,36.27777778
UCM,H,194,SOILTD1,8/1/2017 5:00,8/1/2017 5:00,35.77777778
UCM,H,194,SOILTD1,8/1/2017 6:00,8/1/2017 6:00,35.33333333
UCM,H,194,SOILTD1,8/1/2017 7:00,8/1/2017 7:00,
UCM,H,194,SOILTD1,8/1/2017 8:00,8/1/2017 8:00,34.55555556
UCM,H,194,SOILTD1,8/1/2017 9:00,8/1/2017 9:00,34.33333333
UCM,H,194,SOILTD1,8/1/2017 10:00,8/1/2017 10:00,34.33333333
UCM,H,194,SOILTD1,8/1/2017 11:00,8/1/2017 11:00,34.72222222
UCM,H,194,SOILTD1,8/1/2017 12:00,8/1/2017 12:00,35.44444444
UCM,H,194,SOILTD1,8/1/2017 13:00,8/1/2017 13:00,36.33333333
UCM,H,194,SOILTD1,8/1/2017 14:00,8/1/2017 14:00,37.44444444
UCM,H,194,SOILTD1,8/1/2017 15:00,8/1/2017 15:00,38.77777778
UCM,H,194,SOILTD1,8/1/2017 16:00,8/1/2017 16:00,39.94444444
UCM,H,194,SOILTD1,8/1/2017 17:00,8/1/2017 17:00,40.77777778
UCM,H,194,SOILTD1,8/1/2017 18:00,8/1/2017 18:00,41.27777778
UCM,H,194,SOILTD1,8/1/2017 19:00,8/1/2017 19:00,41.38888889
UCM,H,194,SOILTD1,8/1/2017 20:00,8/1/2017 20:00,41.27777778
UCM,H,194,SOILTD1,8/1/2017 21:00,8/1/2017 21:00,40.94444444
UCM,H,194,SOILTD1,8/1/2017 22:00,8/1/2017 22:00,40.44444444
UCM,H,194,SOILTD1,8/1/2017 23:00,8/1/2017 23:00,39.77777778
UCM,H,194,SOILTD1,8/2/2017 0:00,8/2/2017 0:00,39.22222222
UCM,H,194,SOILTD1,8/2/2017 1:00,8/2/2017 1:00,38.72222222
UCM,H,194,SOILTD1,8/2/2017 2:00,8/2/2017 2:00,38.16666667
UCM,H,194,SOILTD1,8/2/2017 3:00,8/2/2017 3:00,37.66666667
UCM,H,194,SOILTD1,8/2/2017 4:00,8/2/2017 4:00,37.22222222
UCM,H,194,SOILTD1,8/2/2017 5:00,8/2/2017 5:00,36.77777778
UCM,H,194,SOILTD1,8/2/2017 6:00,8/2/2017 6:00,36.33333333
UCM,H,194,SOILTD1,8/2/2017 7:00,8/2/2017 7:00,36
UCM,H,194,SOILTD1,8/2/2017 8:00,8/2/2017 8:00,35.55555556
UCM,H,194,SOILTD1,8/2/2017 9:00,8/2/2017 9:00,35.33333333
UCM,H,194,SOILTD1,8/2/2017 10:00,8/2/2017 10:00,35.38888889
UCM,H,194,SOILTD1,8/2/2017 11:00,8/2/2017 11:00,35.72222222
UCM,H,194,SOILTD1,8/2/2017 12:00,8/2/2017 12:00,36.44444444
UCM,H,194,SOILTD1,8/2/2017 13:00,8/2/2017 13:00,37.22222222
UCM,H,194,SOILTD1,8/2/2017 14:00,8/2/2017 14:00,38.33333333
UCM,H,194,SOILTD1,8/2/2017 15:00,8/2/2017 15:00,39.66666667
UCM,H,194,SOILTD1,8/2/2017 16:00,8/2/2017 16:00,40.77777778
UCM,H,194,SOILTD1,8/2/2017 17:00,8/2/2017 17:00,41.61111111
UCM,H,194,SOILTD1,8/2/2017 18:00,8/2/2017 18:00,42.05555556
UCM,H,194,SOILTD1,8/2/2017 19:00,8/2/2017 19:00,42.11111111
UCM,H,194,SOILTD1,8/2/2017 20:00,8/2/2017 20:00,41.94444444
UCM,H,194,SOILTD1,8/2/2017 21:00,8/2/2017 21:00,41.55555556
UCM,H,194,SOILTD1,8/2/2017 22:00,8/2/2017 22:00,41
UCM,H,194,SOILTD1,8/2/2017 23:00,8/2/2017 23:00,40.44444444
UCM,H,194,SOILTD1,8/3/2017 0:00,8/3/2017 0:00,39.88888889
UCM,H,194,SOILTD1,8/3/2017 1:00,8/3/2017 1:00,39.27777778
UCM,H,194,SOILTD1,8/3/2017 2:00,8/3/2017 2:00,38.77777778
UCM,H,194,SOILTD1,8/3/2017 3:00,8/3/2017 3:00,38.33333333
UCM,H,194,SOILTD1,8/3/2017 4:00,8/3/2017 4:00,37.83333333
UCM,H,194,SOILTD1,8/3/2017 5:00,8/3/2017 5:00,37.44444444
UCM,H,194,SOILTD1,8/3/2017 6:00,8/3/2017 6:00,37.05555556
UCM,H,194,SOILTD1,8/3/2017 7:00,8/3/2017 7:00,36.66666667
UCM,H,194,SOILTD1,8/3/2017 8:00,8/3/2017 8:00,36.27777778
UCM,H,194,SOILTD1,8/3/2017 9:00,8/3/2017 9:00,36.05555556
UCM,H,194,SOILTD1,8/3/2017 10:00,8/3/2017 10:00,36
UCM,H,194,SOILTD1,8/3/2017 11:00,8/3/2017 11:00,36.05555556
UCM,H,194,SOILTD1,8/3/2017 12:00,8/3/2017 12:00,36.27777778
UCM,H,194,SOILTD1,8/3/2017 13:00,8/3/2017 13:00,36.77777778
UCM,H,194,SOILTD1,8/3/2017 14:00,8/3/2017 14:00,37.38888889
UCM,H,194,SOILTD1,8/3/2017 15:00,8/3/2017 15:00,38.5
UCM,H,194,SOILTD1,8/3/2017 16:00,8/3/2017 16:00,39.5
UCM,H,194,SOILTD1,8/3/2017 17:00,8/3/2017 17:00,40.05555556
UCM,H,194,SOILTD1,8/3/2017 18:00,8/3/2017 18:00,40.38888889
UCM,H,194,SOILTD1,8/3/2017 19:00,8/3/2017 19:00,40.5
UCM,H,194,SOILTD1,8/3/2017 20:00,8/3/2017 20:00,40.38888889
UCM,H,194,SOILTD1,8/3/2017 21:00,8/3/2017 21:00,40.05555556
UCM,H,194,SOILTD1,8/3/2017 22:00,8/3/2017 22:00,39.66666667
UCM,H,194,SOILTD1,8/3/2017 23:00,8/3/2017 23:00,39.22222222
UCM,H,194,SOILTD1,8/4/2017 0:00,8/4/2017 0:00,38.66666667
UCM,H,194,SOILTD1,8/4/2017 1:00,8/4/2017 1:00,38.16666667
UCM,H,194,SOILTD1,8/4/2017 2:00,8/4/2017 2:00,37.77777778
UCM,H,194,SOILTD1,8/4/2017 3:00,8/4/2017 3:00,37.33333333
UCM,H,194,SOILTD1,8/4/2017 4:00,8/4/2017 4:00,36.94444444
UCM,H,194,SOILTD1,8/4/2017 5:00,8/4/2017 5:00,36.66666667
UCM,H,194,SOILTD1,8/4/2017 6:00,8/4/2017 6:00,36.27777778
UCM,H,194,SOILTD1,8/4/2017 7:00,8/4/2017 7:00,36
UCM,H,194,SOILTD1,8/4/2017 8:00,8/4/2017 8:00,35.72222222
UCM,H,194,SOILTD1,8/4/2017 9:00,8/4/2017 9:00,35.5
UCM,H,194,SOILTD1,8/4/2017 10:00,8/4/2017 10:00,35.38888889
UCM,H,194,SOILTD1,8/4/2017 11:00,8/4/2017 11:00,35.38888889
UCM,H,194,SOILTD1,8/4/2017 12:00,8/4/2017 12:00,35.5
UCM,H,194,SOILTD1,8/4/2017 13:00,8/4/2017 13:00,35.94444444
UCM,H,194,SOILTD1,8/4/2017 14:00,8/4/2017 14:00,36.22222222
UCM,H,194,SOILTD1,8/4/2017 15:00,8/4/2017 15:00,36.61111111
UCM,H,194,SOILTD1,8/4/2017 16:00,8/4/2017 16:00,36.83333333
UCM,H,194,SOILTD1,8/4/2017 17:00,8/4/2017 17:00,36.88888889
UCM,H,194,SOILTD1,8/4/2017 18:00,8/4/2017 18:00,37
UCM,H,194,SOILTD1,8/4/2017 19:00,8/4/2017 19:00,37
UCM,H,194,SOILTD1,8/4/2017 20:00,8/4/2017 20:00,36.94444444
UCM,H,194,SOILTD1,8/4/2017 21:00,8/4/2017 21:00,36.77777778
UCM,H,194,SOILTD1,8/4/2017 22:00,8/4/2017 22:00,36.44444444
UCM,H,194,SOILTD1,8/4/2017 23:00,8/4/2017 23:00,36.16666667
UCM,H,194,SOILTD1,8/5/2017 0:00,8/5/2017 0:00,35.83333333
UCM,H,194,SOILTD1,8/5/2017 1:00,8/5/2017 1:00,35.5
UCM,H,194,SOILTD1,8/5/2017 2:00,8/5/2017 2:00,35.22222222
UCM,H,194,SOILTD1,8/5/2017 3:00,8/5/2017 3:00,34.94444444
UCM,H,194,SOILTD1,8/5/2017 4:00,8/5/2017 4:00,34.66666667
UCM,H,194,SOILTD1,8/5/2017 5:00,8/5/2017 5:00,34.38888889
UCM,H,194,SOILTD1,8/5/2017 6:00,8/5/2017 6:00,34.11111111
UCM,H,194,SOILTD1,8/5/2017 7:00,8/5/2017 7:00,33.83333333
UCM,H,194,SOILTD1,8/5/2017 8:00,8/5/2017 8:00,33.66666667
UCM,H,194,SOILTD1,8/5/2017 9:00,8/5/2017 9:00,33.55555556
UCM,H,194,SOILTD1,8/5/2017 10:00,8/5/2017 10:00,33.44444444
UCM,H,194,SOILTD1,8/5/2017 11:00,8/5/2017 11:00,33.66666667
UCM,H,194,SOILTD1,8/5/2017 12:00,8/5/2017 12:00,34.11111111
UCM,H,194,SOILTD1,8/5/2017 13:00,8/5/2017 13:00,34.72222222
UCM,H,194,SOILTD1,8/5/2017 14:00,8/5/2017 14:00,35.66666667
UCM,H,194,SOILTD1,8/5/2017 15:00,8/5/2017 15:00,36.88888889
UCM,H,194,SOILTD1,8/5/2017 16:00,8/5/2017 16:00,38.05555556
UCM,H,194,SOILTD1,8/5/2017 17:00,8/5/2017 17:00,38.88888889
UCM,H,194,SOILTD1,8/5/2017 18:00,8/5/2017 18:00,39.44444444
UCM,H,194,SOILTD1,8/5/2017 19:00,8/5/2017 19:00,39.5
UCM,H,194,SOILTD1,8/5/2017 20:00,8/5/2017 20:00,39.44444444
UCM,H,194,SOILTD1,8/5/2017 21:00,8/5/2017 21:00,39.16666667
UCM,H,194,SOILTD1,8/5/2017 22:00,8/5/2017 22:00,38.66666667
UCM,H,194,SOILTD1,8/5/2017 23:00,8/5/2017 23:00,38.05555556
UCM,H,194,SOILTD1,8/6/2017 0:00,8/6/2017 0:00,37.5
UCM,H,194,SOILTD1,8/6/2017 1:00,8/6/2017 1:00,36.94444444
UCM,H,194,SOILTD1,8/6/2017 2:00,8/6/2017 2:00,36.38888889
UCM,H,194,SOILTD1,8/6/2017 3:00,8/6/2017 3:00,35.94444444
UCM,H,194,SOILTD1,8/6/2017 4:00,8/6/2017 4:00,35.44444444
UCM,H,194,SOILTD1,8/6/2017 5:00,8/6/2017 5:00,35
UCM,H,194,SOILTD1,8/6/2017 6:00,8/6/2017 6:00,34.55555556
UCM,H,194,SOILTD1,8/6/2017 7:00,8/6/2017 7:00,34.11111111
UCM,H,194,SOILTD1,8/6/2017 8:00,8/6/2017 8:00,33.72222222
UCM,H,194,SOILTD1,8/6/2017 9:00,8/6/2017 9:00,33.44444444
UCM,H,194,SOILTD1,8/6/2017 10:00,8/6/2017 10:00,33.44444444
UCM,H,194,SOILTD1,8/6/2017 11:00,8/6/2017 11:00,33.77777778
UCM,H,194,SOILTD1,8/6/2017 12:00,8/6/2017 12:00,34.5
UCM,H,194,SOILTD1,8/6/2017 13:00,8/6/2017 13:00,35.27777778
UCM,H,194,SOILTD1,8/6/2017 14:00,8/6/2017 14:00,36.44444444
UCM,H,194,SOILTD1,8/6/2017 15:00,8/6/2017 15:00,37.77777778
UCM,H,194,SOILTD1,8/6/2017 16:00,8/6/2017 16:00,38.94444444
UCM,H,194,SOILTD1,8/6/2017 17:00,8/6/2017 17:00,39.77777778
UCM,H,194,SOILTD1,8/6/2017 18:00,8/6/2017 18:00,40.27777778
UCM,H,194,SOILTD1,8/6/2017 19:00,8/6/2017 19:00,40.33333333
UCM,H,194,SOILTD1,8/6/2017 20:00,8/6/2017 20:00,40.05555556
UCM,H,194,SOILTD1,8/6/2017 21:00,8/6/2017 21:00,39.66666667
UCM,H,194,SOILTD1,8/6/2017 22:00,8/6/2017 22:00,39.11111111
UCM,H,194,SOILTD1,8/6/2017 23:00,8/6/2017 23:00,38.44444444
UCM,H,194,SOILTD1,8/7/2017 0:00,8/7/2017 0:00,37.83333333
UCM,H,194,SOILTD1,8/7/2017 1:00,8/7/2017 1:00,37.22222222
UCM,H,194,SOILTD1,8/7/2017 2:00,8/7/2017 2:00,36.61111111
UCM,H,194,SOILTD1,8/7/2017 3:00,8/7/2017 3:00,36.05555556
UCM,H,194,SOILTD1,8/7/2017 4:00,8/7/2017 4:00,35.55555556
UCM,H,194,SOILTD1,8/7/2017 5:00,8/7/2017 5:00,35
UCM,H,194,SOILTD1,8/7/2017 6:00,8/7/2017 6:00,34.55555556
UCM,H,194,SOILTD1,8/7/2017 7:00,8/7/2017 7:00,34.11111111
UCM,H,194,SOILTD1,8/7/2017 8:00,8/7/2017 8:00,33.72222222
UCM,H,194,SOILTD1,8/7/2017 9:00,8/7/2017 9:00,33.44444444
UCM,H,194,SOILTD1,8/7/2017 10:00,8/7/2017 10:00,33.44444444
UCM,H,194,SOILTD1,8/7/2017 11:00,8/7/2017 11:00,33.72222222
UCM,H,194,SOILTD1,8/7/2017 12:00,8/7/2017 12:00,34.38888889
UCM,H,194,SOILTD1,8/7/2017 13:00,8/7/2017 13:00,35.11111111
UCM,H,194,SOILTD1,8/7/2017 14:00,8/7/2017 14:00,36.22222222
UCM,H,194,SOILTD1,8/7/2017 15:00,8/7/2017 15:00,37.5
UCM,H,194,SOILTD1,8/7/2017 16:00,8/7/2017 16:00,38.66666667
UCM,H,194,SOILTD1,8/7/2017 17:00,8/7/2017 17:00,39.5
UCM,H,194,SOILTD1,8/7/2017 18:00,8/7/2017 18:00,40
UCM,H,194,SOILTD1,8/7/2017 19:00,8/7/2017 19:00,40.05555556
UCM,H,194,SOILTD1,8/7/2017 20:00,8/7/2017 20:00,39.83333333
UCM,H,194,SOILTD1,8/7/2017 21:00,8/7/2017 21:00,39.44444444
UCM,H,194,SOILTD1,8/7/2017 22:00,8/7/2017 22:00,38.83333333
UCM,H,194,SOILTD1,8/7/2017 23:00,8/7/2017 23:00,38.22222222
UCM,H,194,SOILTD1,8/8/2017 0:00,8/8/2017 0:00,37.55555556
UCM,H,194,SOILTD1,8/8/2017 1:00,8/8/2017 1:00,37
UCM,H,194,SOILTD1,8/8/2017 2:00,8/8/2017 2:00,36.38888889
UCM,H,194,SOILTD1,8/8/2017 3:00,8/8/2017 3:00,35.77777778
UCM,H,194,SOILTD1,8/8/2017 4:00,8/8/2017 4:00,35.33333333
UCM,H,194,SOILTD1,8/8/2017 5:00,8/8/2017 5:00,34.77777778
UCM,H,194,SOILTD1,8/8/2017 6:00,8/8/2017 6:00,34.33333333
UCM,H,194,SOILTD1,8/8/2017 7:00,8/8/2017 7:00,33.83333333
UCM,H,194,SOILTD1,8/8/2017 8:00,8/8/2017 8:00,33.55555556
UCM,H,194,SOILTD1,8/8/2017 9:00,8/8/2017 9:00,33.22222222
UCM,H,194,SOILTD1,8/8/2017 10:00,8/8/2017 10:00,33.22222222
UCM,H,194,SOILTD1,8/8/2017 11:00,8/8/2017 11:00,33.55555556
UCM,H,194,SOILTD1,8/8/2017 12:00,8/8/2017 12:00,34.16666667
UCM,H,194,SOILTD1,8/8/2017 13:00,8/8/2017 13:00,34.94444444
UCM,H,194,SOILTD1,8/8/2017 14:00,8/8/2017 14:00,36.11111111
UCM,H,194,SOILTD1,8/8/2017 15:00,8/8/2017 15:00,37.44444444
UCM,H,194,SOILTD1,8/8/2017 16:00,8/8/2017 16:00,38.61111111
UCM,H,194,SOILTD1,8/8/2017 17:00,8/8/2017 17:00,39.55555556
UCM,H,194,SOILTD1,8/8/2017 18:00,8/8/2017 18:00,40
UCM,H,194,SOILTD1,8/8/2017 19:00,8/8/2017 19:00,40.05555556
UCM,H,194,SOILTD1,8/8/2017 20:00,8/8/2017 20:00,39.88888889
UCM,H,194,SOILTD1,8/8/2017 21:00,8/8/2017 21:00,39.44444444
UCM,H,194,SOILTD1,8/8/2017 22:00,8/8/2017 22:00,38.83333333
UCM,H,194,SOILTD1,8/8/2017 23:00,8/8/2017 23:00,38.22222222
UCM,H,194,SOILTD1,8/9/2017 0:00,8/9/2017 0:00,37.61111111
UCM,H,194,SOILTD1,8/9/2017 1:00,8/9/2017 1:00,37
UCM,H,194,SOILTD1,8/9/2017 2:00,8/9/2017 2:00,36.38888889
UCM,H,194,SOILTD1,8/9/2017 3:00,8/9/2017 3:00,35.77777778
UCM,H,194,SOILTD1,8/9/2017 4:00,8/9/2017 4:00,35.33333333
UCM,H,194,SOILTD1,8/9/2017 5:00,8/9/2017 5:00,34.77777778
UCM,H,194,SOILTD1,8/9/2017 6:00,8/9/2017 6:00,34.33333333
UCM,H,194,SOILTD1,8/9/2017 7:00,8/9/2017 7:00,33.94444444
UCM,H,194,SOILTD1,8/9/2017 8:00,8/9/2017 8:00,33.55555556
UCM,H,194,SOILTD1,8/9/2017 9:00,8/9/2017 9:00,33.27777778
UCM,H,194,SOILTD1,8/9/2017 10:00,8/9/2017 10:00,33.22222222
UCM,H,194,SOILTD1,8/9/2017 11:00,8/9/2017 11:00,33.55555556
UCM,H,194,SOILTD1,8/9/2017 12:00,8/9/2017 12:00,34.16666667
UCM,H,194,SOILTD1,8/9/2017 13:00,8/9/2017 13:00,34.94444444
UCM,H,194,SOILTD1,8/9/2017 14:00,8/9/2017 14:00,36.05555556
UCM,H,194,SOILTD1,8/9/2017 15:00,8/9/2017 15:00,37.38888889
UCM,H,194,SOILTD1,8/9/2017 16:00,8/9/2017 16:00,38.61111111
UCM,H,194,SOILTD1,8/9/2017 17:00,8/9/2017 17:00,39.5
UCM,H,194,SOILTD1,8/9/2017 18:00,8/9/2017 18:00,40
UCM,H,194,SOILTD1,8/9/2017 19:00,8/9/2017 19:00,40.05555556
UCM,H,194,SOILTD1,8/9/2017 20:00,8/9/2017 20:00,39.83333333
UCM,H,194,SOILTD1,8/9/2017 21:00,8/9/2017 21:00,39.44444444
UCM,H,194,SOILTD1,8/9/2017 22:00,8/9/2017 22:00,38.88888889
UCM,H,194,SOILTD1,8/9/2017 23:00,8/9/2017 23:00,38.22222222
UCM,H,194,SOILTD1,8/10/2017 0:00,8/10/2017 0:00,37.66666667
UCM,H,194,SOILTD1,8/10/2017 1:00,8/10/2017 1:00,37.05555556
UCM,H,194,SOILTD1,8/10/2017 2:00,8/10/2017 2:00,36.44444444
UCM,H,194,SOILTD1,8/10/2017 3:00,8/10/2017 3:00,35.94444444
UCM,H,194,SOILTD1,8/10/2017 4:00,8/10/2017 4:00,35.33333333
UCM,H,194,SOILTD1,8/10/2017 5:00,8/10/2017 5:00,34.88888889
UCM,H,194,SOILTD1,8/10/2017 6:00,8/10/2017 6:00,34.44444444
UCM,H,194,SOILTD1,8/10/2017 7:00,8/10/2017 7:00,34
UCM,H,194,SOILTD1,8/10/2017 8:00,8/10/2017 8:00,33.55555556
UCM,H,194,SOILTD1,8/10/2017 9:00,8/10/2017 9:00,33.27777778
UCM,H,194,SOILTD1,8/10/2017 10:00,8/10/2017 10:00,33.22222222
UCM,H,194,SOILTD1,8/10/2017 11:00,8/10/2017 11:00,33.61111111
UCM,H,194,SOILTD1,8/10/2017 12:00,8/10/2017 12:00,34.16666667
UCM,H,194,SOILTD1,8/10/2017 13:00,8/10/2017 13:00,34.94444444
UCM,H,194,SOILTD1,8/10/2017 14:00,8/10/2017 14:00,36.05555556
UCM,H,194,SOILTD1,8/10/2017 15:00,8/10/2017 15:00,37.33333333
UCM,H,194,SOILTD1,8/10/2017 16:00,8/10/2017 16:00,38.55555556
UCM,H,194,SOILTD1,8/10/2017 17:00,8/10/2017 17:00,39.44444444
UCM,H,194,SOILTD1,8/10/2017 18:00,8/10/2017 18:00,39.94444444
UCM,H,194,SOILTD1,8/10/2017 19:00,8/10/2017 19:00,40
UCM,H,194,SOILTD1,8/10/2017 20:00,8/10/2017 20:00,39.77777778
UCM,H,194,SOILTD1,8/10/2017 21:00,8/10/2017 21:00,39.33333333
UCM,H,194,SOILTD1,8/10/2017 22:00,8/10/2017 22:00,38.77777778
UCM,H,194,SOILTD1,8/10/2017 23:00,8/10/2017 23:00,38.16666667
UCM,H,194,SOILTD1,8/11/2017 0:00,8/11/2017 0:00,37.5
UCM,H,194,SOILTD1,8/11/2017 1:00,8/11/2017 1:00,36.88888889
UCM,H,194,SOILTD1,8/11/2017 2:00,8/11/2017 2:00,36.27777778
UCM,H,194,SOILTD1,8/11/2017 3:00,8/11/2017 3:00,35.77777778
UCM,H,194,SOILTD1,8/11/2017 4:00,8/11/2017 4:00,35.27777778
UCM,H,194,SOILTD1,8/11/2017 5:00,8/11/2017 5:00,34.77777778
UCM,H,194,SOILTD1,8/11/2017 6:00,8/11/2017 6:00,34.33333333
UCM,H,194,SOILTD1,8/11/2017 7:00,8/11/2017 7:00,33.83333333
UCM,H,194,SOILTD1,8/11/2017 8:00,8/11/2017 8:00,33.44444444
UCM,H,194,SOILTD1,8/11/2017 9:00,8/11/2017 9:00,33.16666667
UCM,H,194,SOILTD1,8/11/2017 10:00,8/11/2017 10:00,33.05555556
UCM,H,194,SOILTD1,8/11/2017 11:00,8/11/2017 11:00,33.5
UCM,H,194,SOILTD1,8/11/2017 12:00,8/11/2017 12:00,34.05555556
UCM,H,194,SOILTD1,8/11/2017 13:00,8/11/2017 13:00,34.88888889
UCM,H,194,SOILTD1,8/11/2017 14:00,8/11/2017 14:00,36
UCM,H,194,SOILTD1,8/11/2017 15:00,8/11/2017 15:00,37.33333333
UCM,H,194,SOILTD1,8/11/2017 16:00,8/11/2017 16:00,38.55555556
UCM,H,194,SOILTD1,8/11/2017 17:00,8/11/2017 17:00,39.44444444
UCM,H,194,SOILTD1,8/11/2017 18:00,8/11/2017 18:00,39.94444444
UCM,H,194,SOILTD1,8/11/2017 19:00,8/11/2017 19:00,40
UCM,H,194,SOILTD1,8/11/2017 20:00,8/11/2017 20:00,39.77777778
UCM,H,194,SOILTD1,8/11/2017 21:00,8/11/2017 21:00,39.33333333
UCM,H,194,SOILTD1,8/11/2017 22:00,8/11/2017 22:00,38.77777778
UCM,H,194,SOILTD1,8/11/2017 23:00,8/11/2017 23:00,38.05555556
UCM,H,194,SOILTD1,8/12/2017 0:00,8/12/2017 0:00,37.44444444
UCM,H,194,SOILTD1,8/12/2017 1:00,8/12/2017 1:00,36.83333333
UCM,H,194,SOILTD1,8/12/2017 2:00,8/12/2017 2:00,36.27777778
UCM,H,194,SOILTD1,8/12/2017 3:00,8/12/2017 3:00,35.77777778
UCM,H,194,SOILTD1,8/12/2017 4:00,8/12/2017 4:00,35.33333333
UCM,H,194,SOILTD1,8/12/2017 5:00,8/12/2017 5:00,34.83333333
UCM,H,194,SOILTD1,8/12/2017 6:00,8/12/2017 6:00,34.44444444
UCM,H,194,SOILTD1,8/12/2017 7:00,8/12/2017 7:00,34
UCM,H,194,SOILTD1,8/12/2017 8:00,8/12/2017 8:00,33.55555556
UCM,H,194,SOILTD1,8/12/2017 9:00,8/12/2017 9:00,33.27777778
UCM,H,194,SOILTD1,8/12/2017 10:00,8/12/2017 10:00,33.22222222
UCM,H,194,SOILTD1,8/12/2017 11:00,8/12/2017 11:00,33.66666667
UCM,H,194,SOILTD1,8/12/2017 12:00,8/12/2017 12:00,34.27777778
UCM,H,194,SOILTD1,8/12/2017 13:00,8/12/2017 13:00,35.11111111
UCM,H,194,SOILTD1,8/12/2017 14:00,8/12/2017 14:00,36.22222222
UCM,H,194,SOILTD1,8/12/2017 15:00,8/12/2017 15:00,37.61111111
UCM,H,194,SOILTD1,8/12/2017 16:00,8/12/2017 16:00,38.77777778
UCM,H,194,SOILTD1,8/12/2017 17:00,8/12/2017 17:00,39.66666667
UCM,H,194,SOILTD1,8/12/2017 18:00,8/12/2017 18:00,40.11111111
UCM,H,194,SOILTD1,8/12/2017 19:00,8/12/2017 19:00,40.16666667
UCM,H,194,SOILTD1,8/12/2017 20:00,8/12/2017 20:00,39.94444444
UCM,H,194,SOILTD1,8/12/2017 21:00,8/12/2017 21:00,39.44444444
UCM,H,194,SOILTD1,8/12/2017 22:00,8/12/2017 22:00,38.83333333
UCM,H,194,SOILTD1,8/12/2017 23:00,8/12/2017 23:00,38.16666667
UCM,H,194,SOILTD1,8/13/2017 0:00,8/13/2017 0:00,37.5
UCM,H,194,SOILTD1,8/13/2017 1:00,8/13/2017 1:00,36.83333333
UCM,H,194,SOILTD1,8/13/2017 2:00,8/13/2017 2:00,36.22222222
UCM,H,194,SOILTD1,8/13/2017 3:00,8/13/2017 3:00,35.61111111
UCM,H,194,SOILTD1,8/13/2017 4:00,8/13/2017 4:00,35.05555556
UCM,H,194,SOILTD1,8/13/2017 5:00,8/13/2017 5:00,34.5
UCM,H,194,SOILTD1,8/13/2017 6:00,8/13/2017 6:00,34
UCM,H,194,SOILTD1,8/13/2017 7:00,8/13/2017 7:00,33.55555556
UCM,H,194,SOILTD1,8/13/2017 8:00,8/13/2017 8:00,33.05555556
UCM,H,194,SOILTD1,8/13/2017 9:00,8/13/2017 9:00,32.72222222
UCM,H,194,SOILTD1,8/13/2017 10:00,8/13/2017 10:00,32.72222222
UCM,H,194,SOILTD1,8/13/2017 11:00,8/13/2017 11:00,33.16666667
UCM,H,194,SOILTD1,8/13/2017 12:00,8/13/2017 12:00,33.77777778
UCM,H,194,SOILTD1,8/13/2017 13:00,8/13/2017 13:00,34.61111111
UCM,H,194,SOILTD1,8/13/2017 14:00,8/13/2017 14:00,35.77777778
UCM,H,194,SOILTD1,8/13/2017 15:00,8/13/2017 15:00,37
UCM,H,194,SOILTD1,8/13/2017 16:00,8/13/2017 16:00,38.22222222
UCM,H,194,SOILTD1,8/13/2017 17:00,8/13/2017 17:00,39.22222222
UCM,H,194,SOILTD1,8/13/2017 18:00,8/13/2017 18:00,39.72222222
UCM,H,194,SOILTD1,8/13/2017 19:00,8/13/2017 19:00,39.77777778
UCM,H,194,SOILTD1,8/13/2017 20:00,8/13/2017 20:00,39.5
UCM,H,194,SOILTD1,8/13/2017 21:00,8/13/2017 21:00,39.11111111
UCM,H,194,SOILTD1,8/13/2017 22:00,8/13/2017 22:00,38.55555556
UCM,H,194,SOILTD1,8/13/2017 23:00,8/13/2017 23:00,37.88888889
UCM,H,194,SOILTD1,8/14/2017 0:00,8/14/2017 0:00,37.22222222
UCM,H,194,SOILTD1,8/14/2017 1:00,8/14/2017 1:00,36.61111111
UCM,H,194,SOILTD1,8/14/2017 2:00,8/14/2017 2:00,36
UCM,H,194,SOILTD1,8/14/2017 3:00,8/14/2017 3:00,35.44444444
UCM,H,194,SOILTD1,8/14/2017 4:00,8/14/2017 4:00,34.94444444
UCM,H,194,SOILTD1,8/14/2017 5:00,8/14/2017 5:00,34.44444444
UCM,H,194,SOILTD1,8/14/2017 6:00,8/14/2017 6:00,34
UCM,H,194,SOILTD1,8/14/2017 7:00,8/14/2017 7:00,33.55555556
UCM,H,194,SOILTD1,8/14/2017 8:00,8/14/2017 8:00,33.22222222
UCM,H,194,SOILTD1,8/14/2017 9:00,8/14/2017 9:00,32.88888889
UCM,H,194,SOILTD1,8/14/2017 10:00,8/14/2017 10:00,32.88888889
UCM,H,194,SOILTD1,8/14/2017 11:00,8/14/2017 11:00,33.38888889
UCM,H,194,SOILTD1,8/14/2017 12:00,8/14/2017 12:00,33.88888889
UCM,H,194,SOILTD1,8/14/2017 13:00,8/14/2017 13:00,34.61111111
UCM,H,194,SOILTD1,8/14/2017 14:00,8/14/2017 14:00,35.72222222
UCM,H,194,SOILTD1,8/14/2017 15:00,8/14/2017 15:00,36.72222222
UCM,H,194,SOILTD1,8/14/2017 16:00,8/14/2017 16:00,37.72222222
UCM,H,194,SOILTD1,8/14/2017 17:00,8/14/2017 17:00,38.55555556
UCM,H,194,SOILTD1,8/14/2017 18:00,8/14/2017 18:00,38.94444444
UCM,H,194,SOILTD1,8/14/2017 19:00,8/14/2017 19:00,39.05555556
UCM,H,194,SOILTD1,8/14/2017 20:00,8/14/2017 20:00,38.83333333
UCM,H,194,SOILTD1,8/14/2017 21:00,8/14/2017 21:00,38.38888889
UCM,H,194,SOILTD1,8/14/2017 22:00,8/14/2017 22:00,37.77777778
UCM,H,194,SOILTD1,8/14/2017 23:00,8/14/2017 23:00,37.22222222
UCM,H,194,SOILTD1,8/15/2017 0:00,8/15/2017 0:00,36.55555556
UCM,H,194,SOILTD1,8/15/2017 1:00,8/15/2017 1:00,35.94444444
UCM,H,194,SOILTD1,8/15/2017 2:00,8/15/2017 2:00,35.38888889
UCM,H,194,SOILTD1,8/15/2017 3:00,8/15/2017 3:00,34.77777778
UCM,H,194,SOILTD1,8/15/2017 4:00,8/15/2017 4:00,34.22222222
UCM,H,194,SOILTD1,8/15/2017 5:00,8/15/2017 5:00,33.77777778
UCM,H,194,SOILTD1,8/15/2017 6:00,8/15/2017 6:00,33.33333333
UCM,H,194,SOILTD1,8/15/2017 7:00,8/15/2017 7:00,32.83333333
UCM,H,194,SOILTD1,8/15/2017 8:00,8/15/2017 8:00,32.55555556
UCM,H,194,SOILTD1,8/15/2017 9:00,8/15/2017 9:00,32.27777778
UCM,H,194,SOILTD1,8/15/2017 10:00,8/15/2017 10:00,32.22222222
UCM,H,194,SOILTD1,8/15/2017 11:00,8/15/2017 11:00,32.55555556
UCM,H,194,SOILTD1,8/15/2017 12:00,8/15/2017 12:00,33.16666667
UCM,H,194,SOILTD1,8/15/2017 13:00,8/15/2017 13:00,33.88888889
UCM,H,194,SOILTD1,8/15/2017 14:00,8/15/2017 14:00,34.94444444
UCM,H,194,SOILTD1,8/15/2017 15:00,8/15/2017 15:00,36.16666667
UCM,H,194,SOILTD1,8/15/2017 16:00,8/15/2017 16:00,37.22222222
UCM,H,194,SOILTD1,8/15/2017 17:00,8/15/2017 17:00,38.05555556
UCM,H,194,SOILTD1,8/15/2017 18:00,8/15/2017 18:00,38.5
UCM,H,194,SOILTD1,8/15/2017 19:00,8/15/2017 19:00,38.55555556
UCM,H,194,SOILTD1,8/15/2017 20:00,8/15/2017 20:00,38.27777778
UCM,H,194,SOILTD1,8/15/2017 21:00,8/15/2017 21:00,37.88888889
UCM,H,194,SOILTD1,8/15/2017 22:00,8/15/2017 22:00,37.33333333
UCM,H,194,SOILTD1,8/15/2017 23:00,8/15/2017 23:00,36.72222222
UCM,H,194,SOILTD1,8/16/2017 0:00,8/16/2017 0:00,36.11111111
UCM,H,194,SOILTD1,8/16/2017 1:00,8/16/2017 1:00,35.55555556
UCM,H,194,SOILTD1,8/16/2017 2:00,8/16/2017 2:00,35
UCM,H,194,SOILTD1,8/16/2017 3:00,8/16/2017 3:00,34.5
UCM,H,194,SOILTD1,8/16/2017 4:00,8/16/2017 4:00,34
UCM,H,194,SOILTD1,8/16/2017 5:00,8/16/2017 5:00,33.55555556
UCM,H,194,SOILTD1,8/16/2017 6:00,8/16/2017 6:00,33.16666667
UCM,H,194,SOILTD1,8/16/2017 7:00,8/16/2017 7:00,32.77777778
UCM,H,194,SOILTD1,8/16/2017 8:00,8/16/2017 8:00,32.44444444
UCM,H,194,SOILTD1,8/16/2017 9:00,8/16/2017 9:00,32.11111111
UCM,H,194,SOILTD1,8/16/2017 10:00,8/16/2017 10:00,32.05555556
UCM,H,194,SOILTD1,8/16/2017 11:00,8/16/2017 11:00,32.44444444
UCM,H,194,SOILTD1,8/16/2017 12:00,8/16/2017 12:00,32.94444444
UCM,H,194,SOILTD1,8/16/2017 13:00,8/16/2017 13:00,33.72222222
UCM,H,194,SOILTD1,8/16/2017 14:00,8/16/2017 14:00,34.77777778
UCM,H,194,SOILTD1,8/16/2017 15:00,8/16/2017 15:00,36
UCM,H,194,SOILTD1,8/16/2017 16:00,8/16/2017 16:00,37.11111111
UCM,H,194,SOILTD1,8/16/2017 17:00,8/16/2017 17:00,37.94444444
UCM,H,194,SOILTD1,8/16/2017 18:00,8/16/2017 18:00,38.33333333
UCM,H,194,SOILTD1,8/16/2017 19:00,8/16/2017 19:00,38.38888889
UCM,H,194,SOILTD1,8/16/2017 20:00,8/16/2017 20:00,38.22222222
UCM,H,194,SOILTD1,8/16/2017 21:00,8/16/2017 21:00,37.83333333
UCM,H,194,SOILTD1,8/16/2017 22:00,8/16/2017 22:00,37.33333333
UCM,H,194,SOILTD1,8/16/2017 23:00,8/16/2017 23:00,36.77777778
UCM,H,194,SOILTD1,8/17/2017 0:00,8/17/2017 0:00,36.22222222
UCM,H,194,SOILTD1,8/17/2017 1:00,8/17/2017 1:00,35.66666667
UCM,H,194,SOILTD1,8/17/2017 2:00,8/17/2017 2:00,35.22222222
UCM,H,194,SOILTD1,8/17/2017 3:00,8/17/2017 3:00,34.77777778
UCM,H,194,SOILTD1,8/17/2017 4:00,8/17/2017 4:00,34.33333333
UCM,H,194,SOILTD1,8/17/2017 5:00,8/17/2017 5:00,33.94444444
UCM,H,194,SOILTD1,8/17/2017 6:00,8/17/2017 6:00,33.55555556
UCM,H,194,SOILTD1,8/17/2017 7:00,8/17/2017 7:00,33.22222222
UCM,H,194,SOILTD1,8/17/2017 8:00,8/17/2017 8:00,32.88888889
UCM,H,194,SOILTD1,8/17/2017 9:00,8/17/2017 9:00,32.66666667
UCM,H,194,SOILTD1,8/17/2017 10:00,8/17/2017 10:00,32.61111111
UCM,H,194,SOILTD1,8/17/2017 11:00,8/17/2017 11:00,33
UCM,H,194,SOILTD1,8/17/2017 12:00,8/17/2017 12:00,33.55555556
UCM,H,194,SOILTD1,8/17/2017 13:00,8/17/2017 13:00,34.33333333
UCM,H,194,SOILTD1,8/17/2017 14:00,8/17/2017 14:00,35.5
UCM,H,194,SOILTD1,8/17/2017 15:00,8/17/2017 15:00,36.72222222
UCM,H,194,SOILTD1,8/17/2017 16:00,8/17/2017 16:00,37.83333333
UCM,H,194,SOILTD1,8/17/2017 17:00,8/17/2017 17:00,38.66666667
UCM,H,194,SOILTD1,8/17/2017 18:00,8/17/2017 18:00,39.11111111
UCM,H,194,SOILTD1,8/17/2017 19:00,8/17/2017 19:00,39.16666667
UCM,H,194,SOILTD1,8/17/2017 20:00,8/17/2017 20:00,38.94444444
UCM,H,194,SOILTD1,8/17/2017 21:00,8/17/2017 21:00,38.5
UCM,H,194,SOILTD1,8/17/2017 22:00,8/17/2017 22:00,37.94444444
UCM,H,194,SOILTD1,8/17/2017 23:00,8/17/2017 23:00,37.38888889
UCM,H,194,SOILTD1,8/18/2017 0:00,8/18/2017 0:00,36.77777778
UCM,H,194,SOILTD1,8/18/2017 1:00,8/18/2017 1:00,36.22222222
UCM,H,194,SOILTD1,8/18/2017 2:00,8/18/2017 2:00,35.72222222
UCM,H,194,SOILTD1,8/18/2017 3:00,8/18/2017 3:00,35.22222222
UCM,H,194,SOILTD1,8/18/2017 4:00,8/18/2017 4:00,34.83333333
UCM,H,194,SOILTD1,8/18/2017 5:00,8/18/2017 5:00,34.44444444
UCM,H,194,SOILTD1,8/18/2017 6:00,8/18/2017 6:00,34
UCM,H,194,SOILTD1,8/18/2017 7:00,8/18/2017 7:00,33.61111111
UCM,H,194,SOILTD1,8/18/2017 8:00,8/18/2017 8:00,33.27777778
UCM,H,194,SOILTD1,8/18/2017 9:00,8/18/2017 9:00,32.94444444
UCM,H,194,SOILTD1,8/18/2017 10:00,8/18/2017 10:00,32.94444444
UCM,H,194,SOILTD1,8/18/2017 11:00,8/18/2017 11:00,33.27777778
UCM,H,194,SOILTD1,8/18/2017 12:00,8/18/2017 12:00,33.83333333
UCM,H,194,SOILTD1,8/18/2017 13:00,8/18/2017 13:00,34.66666667
UCM,H,194,SOILTD1,8/18/2017 14:00,8/18/2017 14:00,35.77777778
UCM,H,194,SOILTD1,8/18/2017 15:00,8/18/2017 15:00,37.05555556
UCM,H,194,SOILTD1,8/18/2017 16:00,8/18/2017 16:00,38.05555556
UCM,H,194,SOILTD1,8/18/2017 17:00,8/18/2017 17:00,38.77777778
UCM,H,194,SOILTD1,8/18/2017 18:00,8/18/2017 18:00,39.22222222
UCM,H,194,SOILTD1,8/18/2017 19:00,8/18/2017 19:00,39.27777778
UCM,H,194,SOILTD1,8/18/2017 20:00,8/18/2017 20:00,39.05555556
UCM,H,194,SOILTD1,8/18/2017 21:00,8/18/2017 21:00,38.72222222
UCM,H,194,SOILTD1,8/18/2017 22:00,8/18/2017 22:00,38.22222222
UCM,H,194,SOILTD1,8/18/2017 23:00,8/18/2017 23:00,37.61111111
UCM,H,194,SOILTD1,8/19/2017 0:00,8/19/2017 0:00,37.05555556
UCM,H,194,SOILTD1,8/19/2017 1:00,8/19/2017 1:00,36.61111111
UCM,H,194,SOILTD1,8/19/2017 2:00,8/19/2017 2:00,36.16666667
UCM,H,194,SOILTD1,8/19/2017 3:00,8/19/2017 3:00,35.66666667
UCM,H,194,SOILTD1,8/19/2017 4:00,8/19/2017 4:00,35.22222222
UCM,H,194,SOILTD1,8/19/2017 5:00,8/19/2017 5:00,34.88888889
UCM,H,194,SOILTD1,8/19/2017 6:00,8/19/2017 6:00,34.5
UCM,H,194,SOILTD1,8/19/2017 7:00,8/19/2017 7:00,34.05555556
UCM,H,194,SOILTD1,8/19/2017 8:00,8/19/2017 8:00,33.72222222
UCM,H,194,SOILTD1,8/19/2017 9:00,8/19/2017 9:00,33.44444444
UCM,H,194,SOILTD1,8/19/2017 10:00,8/19/2017 10:00,33.44444444
UCM,H,194,SOILTD1,8/19/2017 11:00,8/19/2017 11:00,33.72222222
UCM,H,194,SOILTD1,8/19/2017 12:00,8/19/2017 12:00,34.27777778
UCM,H,194,SOILTD1,8/19/2017 13:00,8/19/2017 13:00,35.11111111
UCM,H,194,SOILTD1,8/19/2017 14:00,8/19/2017 14:00,36.22222222
UCM,H,194,SOILTD1,8/19/2017 15:00,8/19/2017 15:00,37.44444444
UCM,H,194,SOILTD1,8/19/2017 16:00,8/19/2017 16:00,38.5
UCM,H,194,SOILTD1,8/19/2017 17:00,8/19/2017 17:00,39.27777778
UCM,H,194,SOILTD1,8/19/2017 18:00,8/19/2017 18:00,39.72222222
UCM,H,194,SOILTD1,8/19/2017 19:00,8/19/2017 19:00,39.77777778
UCM,H,194,SOILTD1,8/19/2017 20:00,8/19/2017 20:00,39.5
UCM,H,194,SOILTD1,8/19/2017 21:00,8/19/2017 21:00,39.05555556
UCM,H,194,SOILTD1,8/19/2017 22:00,8/19/2017 22:00,38.44444444
UCM,H,194,SOILTD1,8/19/2017 23:00,8/19/2017 23:00,37.83333333
UCM,H,194,SOILTD1,8/20/2017 0:00,8/20/2017 0:00,37.22222222
UCM,H,194,SOILTD1,8/20/2017 1:00,8/20/2017 1:00,36.66666667
UCM,H,194,SOILTD1,8/20/2017 2:00,8/20/2017 2:00,36.11111111
UCM,H,194,SOILTD1,8/20/2017 3:00,8/20/2017 3:00,35.55555556
UCM,H,194,SOILTD1,8/20/2017 4:00,8/20/2017 4:00,35.11111111
UCM,H,194,SOILTD1,8/20/2017 5:00,8/20/2017 5:00,34.55555556
UCM,H,194,SOILTD1,8/20/2017 6:00,8/20/2017 6:00,34.16666667
UCM,H,194,SOILTD1,8/20/2017 7:00,8/20/2017 7:00,33.77777778
UCM,H,194,SOILTD1,8/20/2017 8:00,8/20/2017 8:00,33.33333333
UCM,H,194,SOILTD1,8/20/2017 9:00,8/20/2017 9:00,33
UCM,H,194,SOILTD1,8/20/2017 10:00,8/20/2017 10:00,32.88888889
UCM,H,194,SOILTD1,8/20/2017 11:00,8/20/2017 11:00,33.16666667
UCM,H,194,SOILTD1,8/20/2017 12:00,8/20/2017 12:00,33.66666667
UCM,H,194,SOILTD1,8/20/2017 13:00,8/20/2017 13:00,34.38888889
UCM,H,194,SOILTD1,8/20/2017 14:00,8/20/2017 14:00,35.44444444
UCM,H,194,SOILTD1,8/20/2017 15:00,8/20/2017 15:00,36.55555556
UCM,H,194,SOILTD1,8/20/2017 16:00,8/20/2017 16:00,37.61111111
UCM,H,194,SOILTD1,8/20/2017 17:00,8/20/2017 17:00,38.38888889
UCM,H,194,SOILTD1,8/20/2017 18:00,8/20/2017 18:00,38.83333333
UCM,H,194,SOILTD1,8/20/2017 19:00,8/20/2017 19:00,38.88888889
UCM,H,194,SOILTD1,8/20/2017 20:00,8/20/2017 20:00,38.66666667
UCM,H,194,SOILTD1,8/20/2017 21:00,8/20/2017 21:00,38.22222222
UCM,H,194,SOILTD1,8/20/2017 22:00,8/20/2017 22:00,37.77777778
UCM,H,194,SOILTD1,8/20/2017 23:00,8/20/2017 23:00,37.16666667
UCM,H,194,SOILTD1,8/21/2017 0:00,8/21/2017 0:00,36.55555556
UCM,H,194,SOILTD1,8/21/2017 1:00,8/21/2017 1:00,36
UCM,H,194,SOILTD1,8/21/2017 2:00,8/21/2017 2:00,35.5
UCM,H,194,SOILTD1,8/21/2017 3:00,8/21/2017 3:00,35
UCM,H,194,SOILTD1,8/21/2017 4:00,8/21/2017 4:00,34.55555556
UCM,H,194,SOILTD1,8/21/2017 5:00,8/21/2017 5:00,34.11111111
UCM,H,194,SOILTD1,8/21/2017 6:00,8/21/2017 6:00,33.72222222
UCM,H,194,SOILTD1,8/21/2017 7:00,8/21/2017 7:00,33.33333333
UCM,H,194,SOILTD1,8/21/2017 8:00,8/21/2017 8:00,32.94444444
UCM,H,194,SOILTD1,8/21/2017 9:00,8/21/2017 9:00,32.66666667
UCM,H,194,SOILTD1,8/21/2017 10:00,8/21/2017 10:00,32.61111111
UCM,H,194,SOILTD1,8/21/2017 11:00,8/21/2017 11:00,32.83333333
UCM,H,194,SOILTD1,8/21/2017 12:00,8/21/2017 12:00,33.11111111
UCM,H,194,SOILTD1,8/21/2017 13:00,8/21/2017 13:00,33.55555556
UCM,H,194,SOILTD1,8/21/2017 14:00,8/21/2017 14:00,34.38888889
UCM,H,194,SOILTD1,8/21/2017 15:00,8/21/2017 15:00,35.5
UCM,H,194,SOILTD1,8/21/2017 16:00,8/21/2017 16:00,36.38888889
UCM,H,194,SOILTD1,8/21/2017 17:00,8/21/2017 17:00,36.72222222
UCM,H,194,SOILTD1,8/21/2017 18:00,8/21/2017 18:00,36.66666667
UCM,H,194,SOILTD1,8/21/2017 19:00,8/21/2017 19:00,36.44444444
UCM,H,194,SOILTD1,8/21/2017 20:00,8/21/2017 20:00,36.22222222
UCM,H,194,SOILTD1,8/21/2017 21:00,8/21/2017 21:00,35.88888889
UCM,H,194,SOILTD1,8/21/2017 22:00,8/21/2017 22:00,
UCM,H,194,SOILTD1,8/21/2017 23:00,8/21/2017 23:00,35
UCM,H,194,SOILTD1,8/22/2017 0:00,8/22/2017 0:00,34.55555556
UCM,H,194,SOILTD1,8/22/2017 1:00,8/22/2017 1:00,34.11111111
UCM,H,194,SOILTD1,8/22/2017 2:00,8/22/2017 2:00,33.66666667
UCM,H,194,SOILTD1,8/22/2017 3:00,8/22/2017 3:00,33.22222222
UCM,H,194,SOILTD1,8/22/2017 4:00,8/22/2017 4:00,32.83333333
UCM,H,194,SOILTD1,8/22/2017 5:00,8/22/2017 5:00,32.5
UCM,H,194,SOILTD1,8/22/2017 6:00,8/22/2017 6:00,32.16666667
UCM,H,194,SOILTD1,8/22/2017 7:00,8/22/2017 7:00,31.83333333
UCM,H,194,SOILTD1,8/22/2017 8:00,8/22/2017 8:00,31.55555556
UCM,H,194,SOILTD1,8/22/2017 9:00,8/22/2017 9:00,31.33333333
UCM,H,194,SOILTD1,8/22/2017 10:00,8/22/2017 10:00,31.33333333
UCM,H,194,SOILTD1,8/22/2017 11:00,8/22/2017 11:00,31.72222222
UCM,H,194,SOILTD1,8/22/2017 12:00,8/22/2017 12:00,
UCM,H,194,SOILTD1,8/22/2017 13:00,8/22/2017 13:00,33.22222222
UCM,H,194,SOILTD1,8/22/2017 14:00,8/22/2017 14:00,34.27777778
UCM,H,194,SOILTD1,8/22/2017 15:00,8/22/2017 15:00,35.5
UCM,H,194,SOILTD1,8/22/2017 16:00,8/22/2017 16:00,36.55555556
UCM,H,194,SOILTD1,8/22/2017 17:00,8/22/2017 17:00,37.38888889
UCM,H,194,SOILTD1,8/22/2017 18:00,8/22/2017 18:00,37.83333333
UCM,H,194,SOILTD1,8/22/2017 19:00,8/22/2017 19:00,38
UCM,H,194,SOILTD1,8/22/2017 20:00,8/22/2017 20:00,37.77777778
UCM,H,194,SOILTD1,8/22/2017 21:00,8/22/2017 21:00,37.44444444
UCM,H,194,SOILTD1,8/22/2017 22:00,8/22/2017 22:00,36.94444444
UCM,H,194,SOILTD1,8/22/2017 23:00,8/22/2017 23:00,36.38888889
UCM,H,194,SOILTD1,8/23/2017 0:00,8/23/2017 0:00,35.83333333
UCM,H,194,SOILTD1,8/23/2017 1:00,8/23/2017 1:00,35.33333333
UCM,H,194,SOILTD1,8/23/2017 2:00,8/23/2017 2:00,34.88888889
UCM,H,194,SOILTD1,8/23/2017 3:00,8/23/2017 3:00,34.38888889
UCM,H,194,SOILTD1,8/23/2017 4:00,8/23/2017 4:00,33.94444444
UCM,H,194,SOILTD1,8/23/2017 5:00,8/23/2017 5:00,33.55555556
UCM,H,194,SOILTD1,8/23/2017 6:00,8/23/2017 6:00,
UCM,H,194,SOILTD1,8/23/2017 7:00,8/23/2017 7:00,32.77777778
UCM,H,194,SOILTD1,8/23/2017 8:00,8/23/2017 8:00,32.44444444
UCM,H,194,SOILTD1,8/23/2017 9:00,8/23/2017 9:00,32.11111111
UCM,H,194,SOILTD1,8/23/2017 10:00,8/23/2017 10:00,32
UCM,H,194,SOILTD1,8/23/2017 11:00,8/23/2017 11:00,32.38888889
UCM,H,194,SOILTD1,8/23/2017 12:00,8/23/2017 12:00,32.94444444
UCM,H,194,SOILTD1,8/23/2017 13:00,8/23/2017 13:00,33.83333333
UCM,H,194,SOILTD1,8/23/2017 14:00,8/23/2017 14:00,35
UCM,H,194,SOILTD1,8/23/2017 15:00,8/23/2017 15:00,36.16666667
UCM,H,194,SOILTD1,8/23/2017 16:00,8/23/2017 16:00,37.33333333
UCM,H,194,SOILTD1,8/23/2017 17:00,8/23/2017 17:00,38.16666667
UCM,H,194,SOILTD1,8/23/2017 18:00,8/23/2017 18:00,38.61111111
UCM,H,194,SOILTD1,8/23/2017 19:00,8/23/2017 19:00,38.66666667
UCM,H,194,SOILTD1,8/23/2017 20:00,8/23/2017 20:00,38.44444444
UCM,H,194,SOILTD1,8/23/2017 21:00,8/23/2017 21:00,38
UCM,H,194,SOILTD1,8/23/2017 22:00,8/23/2017 22:00,37.5
UCM,H,194,SOILTD1,8/23/2017 23:00,8/23/2017 23:00,36.88888889
UCM,H,194,SOILTD1,8/24/2017 0:00,8/24/2017 0:00,36.27777778
UCM,H,194,SOILTD1,8/24/2017 1:00,8/24/2017 1:00,35.77777778
UCM,H,194,SOILTD1,8/24/2017 2:00,8/24/2017 2:00,35.22222222
UCM,H,194,SOILTD1,8/24/2017 3:00,8/24/2017 3:00,34.77777778
UCM,H,194,SOILTD1,8/24/2017 4:00,8/24/2017 4:00,34.33333333
UCM,H,194,SOILTD1,8/24/2017 5:00,8/24/2017 5:00,33.83333333
UCM,H,194,SOILTD1,8/24/2017 6:00,8/24/2017 6:00,33.55555556
UCM,H,194,SOILTD1,8/24/2017 7:00,8/24/2017 7:00,33.11111111
UCM,H,194,SOILTD1,8/24/2017 8:00,8/24/2017 8:00,32.77777778
UCM,H,194,SOILTD1,8/24/2017 9:00,8/24/2017 9:00,32.44444444
UCM,H,194,SOILTD1,8/24/2017 10:00,8/24/2017 10:00,32.44444444
UCM,H,194,SOILTD1,8/24/2017 11:00,8/24/2017 11:00,32.77777778
UCM,H,194,SOILTD1,8/24/2017 12:00,8/24/2017 12:00,33.44444444
UCM,H,194,SOILTD1,8/24/2017 13:00,8/24/2017 13:00,34.27777778
UCM,H,194,SOILTD1,8/24/2017 14:00,8/24/2017 14:00,35.44444444
UCM,H,194,SOILTD1,8/24/2017 15:00,8/24/2017 15:00,36.66666667
UCM,H,194,SOILTD1,8/24/2017 16:00,8/24/2017 16:00,37.77777778
UCM,H,194,SOILTD1,8/24/2017 17:00,8/24/2017 17:00,38.5
UCM,H,194,SOILTD1,8/24/2017 18:00,8/24/2017 18:00,38.88888889
UCM,H,194,SOILTD1,8/24/2017 19:00,8/24/2017 19:00,38.88888889
UCM,H,194,SOILTD1,8/24/2017 20:00,8/24/2017 20:00,38.61111111
UCM,H,194,SOILTD1,8/24/2017 21:00,8/24/2017 21:00,38.11111111
UCM,H,194,SOILTD1,8/24/2017 22:00,8/24/2017 22:00,37.55555556
UCM,H,194,SOILTD1,8/24/2017 23:00,8/24/2017 23:00,36.94444444
UCM,H,194,SOILTD1,8/25/2017 0:00,8/25/2017 0:00,36.33333333
UCM,H,194,SOILTD1,8/25/2017 1:00,8/25/2017 1:00,35.77777778
UCM,H,194,SOILTD1,8/25/2017 2:00,8/25/2017 2:00,35.22222222
UCM,H,194,SOILTD1,8/25/2017 3:00,8/25/2017 3:00,34.66666667
UCM,H,194,SOILTD1,8/25/2017 4:00,8/25/2017 4:00,34.22222222
UCM,H,194,SOILTD1,8/25/2017 5:00,8/25/2017 5:00,33.72222222
UCM,H,194,SOILTD1,8/25/2017 6:00,8/25/2017 6:00,33.27777778
UCM,H,194,SOILTD1,8/25/2017 7:00,8/25/2017 7:00,32.83333333
UCM,H,194,SOILTD1,8/25/2017 8:00,8/25/2017 8:00,32.44444444
UCM,H,194,SOILTD1,8/25/2017 9:00,8/25/2017 9:00,32.05555556
UCM,H,194,SOILTD1,8/25/2017 10:00,8/25/2017 10:00,32
UCM,H,194,SOILTD1,8/25/2017 11:00,8/25/2017 11:00,32.44444444
UCM,H,194,SOILTD1,8/25/2017 12:00,8/25/2017 12:00,33.05555556
UCM,H,194,SOILTD1,8/25/2017 13:00,8/25/2017 13:00,34.05555556
UCM,H,194,SOILTD1,8/25/2017 14:00,8/25/2017 14:00,35.22222222
UCM,H,194,SOILTD1,8/25/2017 15:00,8/25/2017 15:00,36.44444444
UCM,H,194,SOILTD1,8/25/2017 16:00,8/25/2017 16:00,37.61111111
UCM,H,194,SOILTD1,8/25/2017 17:00,8/25/2017 17:00,38.44444444
UCM,H,194,SOILTD1,8/25/2017 18:00,8/25/2017 18:00,38.83333333
UCM,H,194,SOILTD1,8/25/2017 19:00,8/25/2017 19:00,38.88888889
UCM,H,194,SOILTD1,8/25/2017 20:00,8/25/2017 20:00,38.66666667
UCM,H,194,SOILTD1,8/25/2017 21:00,8/25/2017 21:00,38.22222222
UCM,H,194,SOILTD1,8/25/2017 22:00,8/25/2017 22:00,37.61111111
UCM,H,194,SOILTD1,8/25/2017 23:00,8/25/2017 23:00,37
UCM,H,194,SOILTD1,8/26/2017 0:00,8/26/2017 0:00,36.33333333
UCM,H,194,SOILTD1,8/26/2017 1:00,8/26/2017 1:00,35.77777778
UCM,H,194,SOILTD1,8/26/2017 2:00,8/26/2017 2:00,35.27777778
UCM,H,194,SOILTD1,8/26/2017 3:00,8/26/2017 3:00,34.77777778
UCM,H,194,SOILTD1,8/26/2017 4:00,8/26/2017 4:00,34.33333333
UCM,H,194,SOILTD1,8/26/2017 5:00,8/26/2017 5:00,34
UCM,H,194,SOILTD1,8/26/2017 6:00,8/26/2017 6:00,33.55555556
UCM,H,194,SOILTD1,8/26/2017 7:00,8/26/2017 7:00,33.22222222
UCM,H,194,SOILTD1,8/26/2017 8:00,8/26/2017 8:00,32.77777778
UCM,H,194,SOILTD1,8/26/2017 9:00,8/26/2017 9:00,32.55555556
UCM,H,194,SOILTD1,8/26/2017 10:00,8/26/2017 10:00,32.5
UCM,H,194,SOILTD1,8/26/2017 11:00,8/26/2017 11:00,32.88888889
UCM,H,194,SOILTD1,8/26/2017 12:00,8/26/2017 12:00,33.55555556
UCM,H,194,SOILTD1,8/26/2017 13:00,8/26/2017 13:00,34.55555556
UCM,H,194,SOILTD1,8/26/2017 14:00,8/26/2017 14:00,35.66666667
UCM,H,194,SOILTD1,8/26/2017 15:00,8/26/2017 15:00,36.88888889
UCM,H,194,SOILTD1,8/26/2017 16:00,8/26/2017 16:00,38
UCM,H,194,SOILTD1,8/26/2017 17:00,8/26/2017 17:00,38.83333333
UCM,H,194,SOILTD1,8/26/2017 18:00,8/26/2017 18:00,39.27777778
UCM,H,194,SOILTD1,8/26/2017 19:00,8/26/2017 19:00,39.38888889
UCM,H,194,SOILTD1,8/26/2017 20:00,8/26/2017 20:00,39.16666667
UCM,H,194,SOILTD1,8/26/2017 21:00,8/26/2017 21:00,38.77777778
UCM,H,194,SOILTD1,8/26/2017 22:00,8/26/2017 22:00,38.22222222
UCM,H,194,SOILTD1,8/26/2017 23:00,8/26/2017 23:00,37.61111111
UCM,H,194,SOILTD1,8/27/2017 0:00,8/27/2017 0:00,37
UCM,H,194,SOILTD1,8/27/2017 1:00,8/27/2017 1:00,36.44444444
UCM,H,194,SOILTD1,8/27/2017 2:00,8/27/2017 2:00,35.94444444
UCM,H,194,SOILTD1,8/27/2017 3:00,8/27/2017 3:00,35.44444444
UCM,H,194,SOILTD1,8/27/2017 4:00,8/27/2017 4:00,35
UCM,H,194,SOILTD1,8/27/2017 5:00,8/27/2017 5:00,34.55555556
UCM,H,194,SOILTD1,8/27/2017 6:00,8/27/2017 6:00,34.11111111
UCM,H,194,SOILTD1,8/27/2017 7:00,8/27/2017 7:00,33.66666667
UCM,H,194,SOILTD1,8/27/2017 8:00,8/27/2017 8:00,33.33333333
UCM,H,194,SOILTD1,8/27/2017 9:00,8/27/2017 9:00,33.05555556
UCM,H,194,SOILTD1,8/27/2017 10:00,8/27/2017 10:00,33.05555556
UCM,H,194,SOILTD1,8/27/2017 11:00,8/27/2017 11:00,33.44444444
UCM,H,194,SOILTD1,8/27/2017 12:00,8/27/2017 12:00,34.05555556
UCM,H,194,SOILTD1,8/27/2017 13:00,8/27/2017 13:00,35
UCM,H,194,SOILTD1,8/27/2017 14:00,8/27/2017 14:00,36.11111111
UCM,H,194,SOILTD1,8/27/2017 15:00,8/27/2017 15:00,37.33333333
UCM,H,194,SOILTD1,8/27/2017 16:00,8/27/2017 16:00,38.55555556
UCM,H,194,SOILTD1,8/27/2017 17:00,8/27/2017 17:00,39.33333333
UCM,H,194,SOILTD1,8/27/2017 18:00,8/27/2017 18:00,39.77777778
UCM,H,194,SOILTD1,8/27/2017 19:00,8/27/2017 19:00,39.88888889
UCM,H,194,SOILTD1,8/27/2017 20:00,8/27/2017 20:00,39.61111111
UCM,H,194,SOILTD1,8/27/2017 21:00,8/27/2017 21:00,39.22222222
UCM,H,194,SOILTD1,8/27/2017 22:00,8/27/2017 22:00,38.61111111
UCM,H,194,SOILTD1,8/27/2017 23:00,8/27/2017 23:00,38
UCM,H,194,SOILTD1,8/28/2017 0:00,8/28/2017 0:00,37.38888889
UCM,H,194,SOILTD1,8/28/2017 1:00,8/28/2017 1:00,36.77777778
UCM,H,194,SOILTD1,8/28/2017 2:00,8/28/2017 2:00,36.22222222
UCM,H,194,SOILTD1,8/28/2017 3:00,8/28/2017 3:00,35.66666667
UCM,H,194,SOILTD1,8/28/2017 4:00,8/28/2017 4:00,35.22222222
UCM,H,194,SOILTD1,8/28/2017 5:00,8/28/2017 5:00,34.77777778
UCM,H,194,SOILTD1,8/28/2017 6:00,8/28/2017 6:00,34.33333333
UCM,H,194,SOILTD1,8/28/2017 7:00,8/28/2017 7:00,33.83333333
UCM,H,194,SOILTD1,8/28/2017 8:00,8/28/2017 8:00,33.44444444
UCM,H,194,SOILTD1,8/28/2017 9:00,8/28/2017 9:00,33.22222222
UCM,H,194,SOILTD1,8/28/2017 10:00,8/28/2017 10:00,33.22222222
UCM,H,194,SOILTD1,8/28/2017 11:00,8/28/2017 11:00,33.55555556
UCM,H,194,SOILTD1,8/28/2017 12:00,8/28/2017 12:00,34.27777778
UCM,H,194,SOILTD1,8/28/2017 13:00,8/28/2017 13:00,35.22222222
UCM,H,194,SOILTD1,8/28/2017 14:00,8/28/2017 14:00,36.44444444
UCM,H,194,SOILTD1,8/28/2017 15:00,8/28/2017 15:00,37.66666667
UCM,H,194,SOILTD1,8/28/2017 16:00,8/28/2017 16:00,38.83333333
UCM,H,194,SOILTD1,8/28/2017 17:00,8/28/2017 17:00,39.66666667
UCM,H,194,SOILTD1,8/28/2017 18:00,8/28/2017 18:00,40.11111111
UCM,H,194,SOILTD1,8/28/2017 19:00,8/28/2017 19:00,40.16666667
UCM,H,194,SOILTD1,8/28/2017 20:00,8/28/2017 20:00,39.94444444
UCM,H,194,SOILTD1,8/28/2017 21:00,8/28/2017 21:00,39.5
UCM,H,194,SOILTD1,8/28/2017 22:00,8/28/2017 22:00,39
UCM,H,194,SOILTD1,8/28/2017 23:00,8/28/2017 23:00,38.38888889
UCM,H,194,SOILTD1,8/29/2017 0:00,8/29/2017 0:00,37.77777778
UCM,H,194,SOILTD1,8/29/2017 1:00,8/29/2017 1:00,37.33333333
UCM,H,194,SOILTD1,8/29/2017 2:00,8/29/2017 2:00,36.83333333
UCM,H,194,SOILTD1,8/29/2017 3:00,8/29/2017 3:00,36.27777778
UCM,H,194,SOILTD1,8/29/2017 4:00,8/29/2017 4:00,35.83333333
UCM,H,194,SOILTD1,8/29/2017 5:00,8/29/2017 5:00,35.44444444
UCM,H,194,SOILTD1,8/29/2017 6:00,8/29/2017 6:00,35
UCM,H,194,SOILTD1,8/29/2017 7:00,8/29/2017 7:00,34.55555556
UCM,H,194,SOILTD1,8/29/2017 8:00,8/29/2017 8:00,34.27777778
UCM,H,194,SOILTD1,8/29/2017 9:00,8/29/2017 9:00,33.88888889
UCM,H,194,SOILTD1,8/29/2017 10:00,8/29/2017 10:00,33.77777778
UCM,H,194,SOILTD1,8/29/2017 11:00,8/29/2017 11:00,34.11111111
UCM,H,194,SOILTD1,8/29/2017 12:00,8/29/2017 12:00,34.66666667
UCM,H,194,SOILTD1,8/29/2017 13:00,8/29/2017 13:00,35.61111111
UCM,H,194,SOILTD1,8/29/2017 14:00,8/29/2017 14:00,36.77777778
UCM,H,194,SOILTD1,8/29/2017 15:00,8/29/2017 15:00,37.88888889
UCM,H,194,SOILTD1,8/29/2017 16:00,8/29/2017 16:00,38.88888889
UCM,H,194,SOILTD1,8/29/2017 17:00,8/29/2017 17:00,39.66666667
UCM,H,194,SOILTD1,8/29/2017 18:00,8/29/2017 18:00,40.05555556
UCM,H,194,SOILTD1,8/29/2017 19:00,8/29/2017 19:00,40.05555556
UCM,H,194,SOILTD1,8/29/2017 20:00,8/29/2017 20:00,39.88888889
UCM,H,194,SOILTD1,8/29/2017 21:00,8/29/2017 21:00,39.44444444
UCM,H,194,SOILTD1,8/29/2017 22:00,8/29/2017 22:00,38.88888889
UCM,H,194,SOILTD1,8/29/2017 23:00,8/29/2017 23:00,38.27777778
UCM,H,194,SOILTD1,8/30/2017 0:00,8/30/2017 0:00,37.72222222
UCM,H,194,SOILTD1,8/30/2017 1:00,8/30/2017 1:00,37.11111111
UCM,H,194,SOILTD1,8/30/2017 2:00,8/30/2017 2:00,36.61111111
UCM,H,194,SOILTD1,8/30/2017 3:00,8/30/2017 3:00,36.05555556
UCM,H,194,SOILTD1,8/30/2017 4:00,8/30/2017 4:00,35.55555556
UCM,H,194,SOILTD1,8/30/2017 5:00,8/30/2017 5:00,35.22222222
UCM,H,194,SOILTD1,8/30/2017 6:00,8/30/2017 6:00,34.77777778
UCM,H,194,SOILTD1,8/30/2017 7:00,8/30/2017 7:00,34.44444444
UCM,H,194,SOILTD1,8/30/2017 8:00,8/30/2017 8:00,34.05555556
UCM,H,194,SOILTD1,8/30/2017 9:00,8/30/2017 9:00,33.77777778
UCM,H,194,SOILTD1,8/30/2017 10:00,8/30/2017 10:00,33.55555556
UCM,H,194,SOILTD1,8/30/2017 11:00,8/30/2017 11:00,33.55555556
UCM,H,194,SOILTD1,8/30/2017 12:00,8/30/2017 12:00,33.94444444
UCM,H,194,SOILTD1,8/30/2017 13:00,8/30/2017 13:00,34.83333333
UCM,H,194,SOILTD1,8/30/2017 14:00,8/30/2017 14:00,35.88888889
UCM,H,194,SOILTD1,8/30/2017 15:00,8/30/2017 15:00,37.11111111
UCM,H,194,SOILTD1,8/30/2017 16:00,8/30/2017 16:00,38.16666667
UCM,H,194,SOILTD1,8/30/2017 17:00,8/30/2017 17:00,38.83333333
UCM,H,194,SOILTD1,8/30/2017 18:00,8/30/2017 18:00,39.27777778
UCM,H,194,SOILTD1,8/30/2017 19:00,8/30/2017 19:00,39.33333333
UCM,H,194,SOILTD1,8/30/2017 20:00,8/30/2017 20:00,39.05555556
UCM,H,194,SOILTD1,8/30/2017 21:00,8/30/2017 21:00,38.55555556
UCM,H,194,SOILTD1,8/30/2017 22:00,8/30/2017 22:00,37.94444444
UCM,H,194,SOILTD1,8/30/2017 23:00,8/30/2017 23:00,37.27777778
UCM,H,194,SOILTD1,8/31/2017 0:00,8/31/2017 0:00,36.66666667
UCM,H,194,SOILTD1,8/31/2017 1:00,8/31/2017 1:00,36.11111111
UCM,H,194,SOILTD1,8/31/2017 2:00,8/31/2017 2:00,35.55555556
UCM,H,194,SOILTD1,8/31/2017 3:00,8/31/2017 3:00,35
UCM,H,194,SOILTD1,8/31/2017 4:00,8/31/2017 4:00,34.55555556
UCM,H,194,SOILTD1,8/31/2017 5:00,8/31/2017 5:00,34.05555556
UCM,H,194,SOILTD1,8/31/2017 6:00,8/31/2017 6:00,33.55555556
UCM,H,194,SOILTD1,8/31/2017 7:00,8/31/2017 7:00,33.16666667
UCM,H,194,SOILTD1,8/31/2017 8:00,8/31/2017 8:00,32.77777778
UCM,H,194,SOILTD1,8/31/2017 9:00,8/31/2017 9:00,32.44444444
UCM,H,194,SOILTD1,8/31/2017 10:00,8/31/2017 10:00,32.44444444
UCM,H,194,SOILTD1,8/31/2017 11:00,8/31/2017 11:00,32.77777778
UCM,H,194,SOILTD1,8/31/2017 12:00,8/31/2017 12:00,33.5
UCM,H,194,SOILTD1,8/31/2017 13:00,8/31/2017 13:00,34.5
UCM,H,194,SOILTD1,8/31/2017 14:00,8/31/2017 14:00,35.72222222
UCM,H,194,SOILTD1,8/31/2017 15:00,8/31/2017 15:00,37
UCM,H,194,SOILTD1,8/31/2017 16:00,8/31/2017 16:00,38.05555556
UCM,H,194,SOILTD1,8/31/2017 17:00,8/31/2017 17:00,38.94444444
UCM,H,194,SOILTD1,8/31/2017 18:00,8/31/2017 18:00,39.33333333
UCM,H,194,SOILTD1,8/31/2017 19:00,8/31/2017 19:00,39.38888889
UCM,H,194,SOILTD1,8/31/2017 20:00,8/31/2017 20:00,39.16666667
UCM,H,194,SOILTD1,8/31/2017 21:00,8/31/2017 21:00,38.66666667
UCM,H,194,SOILTD1,8/31/2017 22:00,8/31/2017 22:00,38.05555556
UCM,H,194,SOILTD1,8/31/2017 23:00,8/31/2017 23:00,37.44444444
UCM,H,194,SOILTD1,9/1/2017 0:00,9/1/2017 0:00,36.83333333
UCM,H,194,SOILTD1,9/1/2017 1:00,9/1/2017 1:00,36.27777778
UCM,H,194,SOILTD1,9/1/2017 2:00,9/1/2017 2:00,35.77777778
UCM,H,194,SOILTD1,9/1/2017 3:00,9/1/2017 3:00,35.22222222
UCM,H,194,SOILTD1,9/1/2017 4:00,9/1/2017 4:00,34.77777778
UCM,H,194,SOILTD1,9/1/2017 5:00,9/1/2017 5:00,34.33333333
UCM,H,194,SOILTD1,9/1/2017 6:00,9/1/2017 6:00,33.83333333
UCM,H,194,SOILTD1,9/1/2017 7:00,9/1/2017 7:00,33.55555556
UCM,H,194,SOILTD1,9/1/2017 8:00,9/1/2017 8:00,33.16666667
UCM,H,194,SOILTD1,9/1/2017 9:00,9/1/2017 9:00,32.83333333
UCM,H,194,SOILTD1,9/1/2017 10:00,9/1/2017 10:00,32.77777778
UCM,H,194,SOILTD1,9/1/2017 11:00,9/1/2017 11:00,33.05555556
UCM,H,194,SOILTD1,9/1/2017 12:00,9/1/2017 12:00,33.72222222
UCM,H,194,SOILTD1,9/1/2017 13:00,9/1/2017 13:00,34.61111111
UCM,H,194,SOILTD1,9/1/2017 14:00,9/1/2017 14:00,35.72222222
UCM,H,194,SOILTD1,9/1/2017 15:00,9/1/2017 15:00,36.77777778
UCM,H,194,SOILTD1,9/1/2017 16:00,9/1/2017 16:00,37.72222222
UCM,H,194,SOILTD1,9/1/2017 17:00,9/1/2017 17:00,38.38888889
UCM,H,194,SOILTD1,9/1/2017 18:00,9/1/2017 18:00,38.77777778
UCM,H,194,SOILTD1,9/1/2017 19:00,9/1/2017 19:00,38.77777778
UCM,H,194,SOILTD1,9/1/2017 20:00,9/1/2017 20:00,38.61111111
UCM,H,194,SOILTD1,9/1/2017 21:00,9/1/2017 21:00,38.22222222
UCM,H,194,SOILTD1,9/1/2017 22:00,9/1/2017 22:00,37.77777778
UCM,H,194,SOILTD1,9/1/2017 23:00,9/1/2017 23:00,37.22222222
UCM,H,194,SOILTD1,9/2/2017 0:00,9/2/2017 0:00,36.77777778
UCM,H,194,SOILTD1,9/2/2017 1:00,9/2/2017 1:00,36.22222222
UCM,H,194,SOILTD1,9/2/2017 2:00,9/2/2017 2:00,35.77777778
UCM,H,194,SOILTD1,9/2/2017 3:00,9/2/2017 3:00,35.33333333
UCM,H,194,SOILTD1,9/2/2017 4:00,9/2/2017 4:00,35
UCM,H,194,SOILTD1,9/2/2017 5:00,9/2/2017 5:00,34.61111111
UCM,H,194,SOILTD1,9/2/2017 6:00,9/2/2017 6:00,34.27777778
UCM,H,194,SOILTD1,9/2/2017 7:00,9/2/2017 7:00,33.88888889
UCM,H,194,SOILTD1,9/2/2017 8:00,9/2/2017 8:00,33.61111111
UCM,H,194,SOILTD1,9/2/2017 9:00,9/2/2017 9:00,33.33333333
UCM,H,194,SOILTD1,9/2/2017 10:00,9/2/2017 10:00,33.33333333
UCM,H,194,SOILTD1,9/2/2017 11:00,9/2/2017 11:00,33.55555556
UCM,H,194,SOILTD1,9/2/2017 12:00,9/2/2017 12:00,34.22222222
UCM,H,194,SOILTD1,9/2/2017 13:00,9/2/2017 13:00,35.11111111
UCM,H,194,SOILTD1,9/2/2017 14:00,9/2/2017 14:00,36.22222222
UCM,H,194,SOILTD1,9/2/2017 15:00,9/2/2017 15:00,37.44444444
UCM,H,194,SOILTD1,9/2/2017 16:00,9/2/2017 16:00,38.5
UCM,H,194,SOILTD1,9/2/2017 17:00,9/2/2017 17:00,39.27777778
UCM,H,194,SOILTD1,9/2/2017 18:00,9/2/2017 18:00,39.77777778
UCM,H,194,SOILTD1,9/2/2017 19:00,9/2/2017 19:00,39.88888889
UCM,H,194,SOILTD1,9/2/2017 20:00,9/2/2017 20:00,39.66666667
UCM,H,194,SOILTD1,9/2/2017 21:00,9/2/2017 21:00,39.33333333
UCM,H,194,SOILTD1,9/2/2017 22:00,9/2/2017 22:00,38.77777778
UCM,H,194,SOILTD1,9/2/2017 23:00,9/2/2017 23:00,38.22222222
UCM,H,194,SOILTD1,9/3/2017 0:00,9/3/2017 0:00,37.66666667
UCM,H,194,SOILTD1,9/3/2017 1:00,9/3/2017 1:00,37.22222222
UCM,H,194,SOILTD1,9/3/2017 2:00,9/3/2017 2:00,36.77777778
UCM,H,194,SOILTD1,9/3/2017 3:00,9/3/2017 3:00,36.22222222
UCM,H,194,SOILTD1,9/3/2017 4:00,9/3/2017 4:00,35.77777778
UCM,H,194,SOILTD1,9/3/2017 5:00,9/3/2017 5:00,35.38888889
UCM,H,194,SOILTD1,9/3/2017 6:00,9/3/2017 6:00,35
UCM,H,194,SOILTD1,9/3/2017 7:00,9/3/2017 7:00,34.61111111
UCM,H,194,SOILTD1,9/3/2017 8:00,9/3/2017 8:00,34.33333333
UCM,H,194,SOILTD1,9/3/2017 9:00,9/3/2017 9:00,34
UCM,H,194,SOILTD1,9/3/2017 10:00,9/3/2017 10:00,33.94444444
UCM,H,194,SOILTD1,9/3/2017 11:00,9/3/2017 11:00,34.22222222
UCM,H,194,SOILTD1,9/3/2017 12:00,9/3/2017 12:00,34.72222222
UCM,H,194,SOILTD1,9/3/2017 13:00,9/3/2017 13:00,35.5
UCM,H,194,SOILTD1,9/3/2017 14:00,9/3/2017 14:00,36.44444444
UCM,H,194,SOILTD1,9/3/2017 15:00,9/3/2017 15:00,37.38888889
UCM,H,194,SOILTD1,9/3/2017 16:00,9/3/2017 16:00,38.05555556
UCM,H,194,SOILTD1,9/3/2017 17:00,9/3/2017 17:00,38.55555556
UCM,H,194,SOILTD1,9/3/2017 18:00,9/3/2017 18:00,38.83333333
UCM,H,194,SOILTD1,9/3/2017 19:00,9/3/2017 19:00,38.88888889
UCM,H,194,SOILTD1,9/3/2017 20:00,9/3/2017 20:00,38.72222222
UCM,H,194,SOILTD1,9/3/2017 21:00,9/3/2017 21:00,38.33333333
UCM,H,194,SOILTD1,9/3/2017 22:00,9/3/2017 22:00,37.88888889
UCM,H,194,SOILTD1,9/3/2017 23:00,9/3/2017 23:00,37.44444444
UCM,H,194,SOILTD1,9/4/2017 0:00,9/4/2017 0:00,37.05555556
UCM,H,194,SOILTD1,9/4/2017 1:00,9/4/2017 1:00,36.61111111
UCM,H,194,SOILTD1,9/4/2017 2:00,9/4/2017 2:00,36.22222222
UCM,H,194,SOILTD1,9/4/2017 3:00,9/4/2017 3:00,35.83333333
UCM,H,194,SOILTD1,9/4/2017 4:00,9/4/2017 4:00,35.5
UCM,H,194,SOILTD1,9/4/2017 5:00,9/4/2017 5:00,35.16666667
UCM,H,194,SOILTD1,9/4/2017 6:00,9/4/2017 6:00,34.83333333
UCM,H,194,SOILTD1,9/4/2017 7:00,9/4/2017 7:00,34.5
UCM,H,194,SOILTD1,9/4/2017 8:00,9/4/2017 8:00,34.27777778
UCM,H,194,SOILTD1,9/4/2017 9:00,9/4/2017 9:00,34
UCM,H,194,SOILTD1,9/4/2017 10:00,9/4/2017 10:00,33.88888889
UCM,H,194,SOILTD1,9/4/2017 11:00,9/4/2017 11:00,34.05555556
UCM,H,194,SOILTD1,9/4/2017 12:00,9/4/2017 12:00,34.44444444
UCM,H,194,SOILTD1,9/4/2017 13:00,9/4/2017 13:00,34.88888889
UCM,H,194,SOILTD1,9/4/2017 14:00,9/4/2017 14:00,35.38888889
UCM,H,194,SOILTD1,9/4/2017 15:00,9/4/2017 15:00,36
UCM,H,194,SOILTD1,9/4/2017 16:00,9/4/2017 16:00,36.66666667
UCM,H,194,SOILTD1,9/4/2017 17:00,9/4/2017 17:00,37.16666667
UCM,H,194,SOILTD1,9/4/2017 18:00,9/4/2017 18:00,37.38888889
UCM,H,194,SOILTD1,9/4/2017 19:00,9/4/2017 19:00,37.5
UCM,H,194,SOILTD1,9/4/2017 20:00,9/4/2017 20:00,37.44444444
UCM,H,194,SOILTD1,9/4/2017 21:00,9/4/2017 21:00,37.16666667
UCM,H,194,SOILTD1,9/4/2017 22:00,9/4/2017 22:00,36.77777778
UCM,H,194,SOILTD1,9/4/2017 23:00,9/4/2017 23:00,36.27777778
UCM,H,194,SOILTD1,9/5/2017 0:00,9/5/2017 0:00,35.94444444
UCM,H,194,SOILTD1,9/5/2017 1:00,9/5/2017 1:00,35.5
UCM,H,194,SOILTD1,9/5/2017 2:00,9/5/2017 2:00,35.22222222
UCM,H,194,SOILTD1,9/5/2017 3:00,9/5/2017 3:00,34.94444444
UCM,H,194,SOILTD1,9/5/2017 4:00,9/5/2017 4:00,34.61111111
UCM,H,194,SOILTD1,9/5/2017 5:00,9/5/2017 5:00,34.33333333
UCM,H,194,SOILTD1,9/5/2017 6:00,9/5/2017 6:00,34
UCM,H,194,SOILTD1,9/5/2017 7:00,9/5/2017 7:00,33.77777778
UCM,H,194,SOILTD1,9/5/2017 8:00,9/5/2017 8:00,33.55555556
UCM,H,194,SOILTD1,9/5/2017 9:00,9/5/2017 9:00,33.33333333
UCM,H,194,SOILTD1,9/5/2017 10:00,9/5/2017 10:00,33.27777778
UCM,H,194,SOILTD1,9/5/2017 11:00,9/5/2017 11:00,33.44444444
UCM,H,194,SOILTD1,9/5/2017 12:00,9/5/2017 12:00,33.94444444
UCM,H,194,SOILTD1,9/5/2017 13:00,9/5/2017 13:00,34.72222222
UCM,H,194,SOILTD1,9/5/2017 14:00,9/5/2017 14:00,35.55555556
UCM,H,194,SOILTD1,9/5/2017 15:00,9/5/2017 15:00,36.44444444
UCM,H,194,SOILTD1,9/5/2017 16:00,9/5/2017 16:00,37.33333333
UCM,H,194,SOILTD1,9/5/2017 17:00,9/5/2017 17:00,38
UCM,H,194,SOILTD1,9/5/2017 18:00,9/5/2017 18:00,38.44444444
UCM,H,194,SOILTD1,9/5/2017 19:00,9/5/2017 19:00,38.55555556
UCM,H,194,SOILTD1,9/5/2017 20:00,9/5/2017 20:00,38.33333333
UCM,H,194,SOILTD1,9/5/2017 21:00,9/5/2017 21:00,38
UCM,H,194,SOILTD1,9/5/2017 22:00,9/5/2017 22:00,37.55555556
UCM,H,194,SOILTD1,9/5/2017 23:00,9/5/2017 23:00,37
UCM,H,194,SOILTD1,9/6/2017 0:00,9/6/2017 0:00,36.55555556
UCM,H,194,SOILTD1,9/6/2017 1:00,9/6/2017 1:00,36.05555556
UCM,H,194,SOILTD1,9/6/2017 2:00,9/6/2017 2:00,35.66666667
UCM,H,194,SOILTD1,9/6/2017 3:00,9/6/2017 3:00,35.22222222
UCM,H,194,SOILTD1,9/6/2017 4:00,9/6/2017 4:00,34.83333333
UCM,H,194,SOILTD1,9/6/2017 5:00,9/6/2017 5:00,34.5
UCM,H,194,SOILTD1,9/6/2017 6:00,9/6/2017 6:00,34.16666667
UCM,H,194,SOILTD1,9/6/2017 7:00,9/6/2017 7:00,33.77777778
UCM,H,194,SOILTD1,9/6/2017 8:00,9/6/2017 8:00,33.5
UCM,H,194,SOILTD1,9/6/2017 9:00,9/6/2017 9:00,33.22222222
UCM,H,194,SOILTD1,9/6/2017 10:00,9/6/2017 10:00,33.22222222
UCM,H,194,SOILTD1,9/6/2017 11:00,9/6/2017 11:00,33.44444444
UCM,H,194,SOILTD1,9/6/2017 12:00,9/6/2017 12:00,34
UCM,H,194,SOILTD1,9/6/2017 13:00,9/6/2017 13:00,34.88888889
UCM,H,194,SOILTD1,9/6/2017 14:00,9/6/2017 14:00,35.94444444
UCM,H,194,SOILTD1,9/6/2017 15:00,9/6/2017 15:00,37.11111111
UCM,H,194,SOILTD1,9/6/2017 16:00,9/6/2017 16:00,38.11111111
UCM,H,194,SOILTD1,9/6/2017 17:00,9/6/2017 17:00,38.83333333
UCM,H,194,SOILTD1,9/6/2017 18:00,9/6/2017 18:00,39.16666667
UCM,H,194,SOILTD1,9/6/2017 19:00,9/6/2017 19:00,39.11111111
UCM,H,194,SOILTD1,9/6/2017 20:00,9/6/2017 20:00,38.77777778
UCM,H,194,SOILTD1,9/6/2017 21:00,9/6/2017 21:00,38.22222222
UCM,H,194,SOILTD1,9/6/2017 22:00,9/6/2017 22:00,37.72222222
UCM,H,194,SOILTD1,9/6/2017 23:00,9/6/2017 23:00,37.22222222
UCM,H,194,SOILTD1,9/7/2017 0:00,9/7/2017 0:00,36.66666667
UCM,H,194,SOILTD1,9/7/2017 1:00,9/7/2017 1:00,36.16666667
UCM,H,194,SOILTD1,9/7/2017 2:00,9/7/2017 2:00,35.66666667
UCM,H,194,SOILTD1,9/7/2017 3:00,9/7/2017 3:00,35.16666667
UCM,H,194,SOILTD1,9/7/2017 4:00,9/7/2017 4:00,34.66666667
UCM,H,194,SOILTD1,9/7/2017 5:00,9/7/2017 5:00,34.27777778
UCM,H,194,SOILTD1,9/7/2017 6:00,9/7/2017 6:00,33.83333333
UCM,H,194,SOILTD1,9/7/2017 7:00,9/7/2017 7:00,33.55555556
UCM,H,194,SOILTD1,9/7/2017 8:00,9/7/2017 8:00,33.22222222
UCM,H,194,SOILTD1,9/7/2017 9:00,9/7/2017 9:00,32.83333333
UCM,H,194,SOILTD1,9/7/2017 10:00,9/7/2017 10:00,32.77777778
UCM,H,194,SOILTD1,9/7/2017 11:00,9/7/2017 11:00,33
UCM,H,194,SOILTD1,9/7/2017 12:00,9/7/2017 12:00,33.55555556
UCM,H,194,SOILTD1,9/7/2017 13:00,9/7/2017 13:00,34.38888889
UCM,H,194,SOILTD1,9/7/2017 14:00,9/7/2017 14:00,35.44444444
UCM,H,194,SOILTD1,9/7/2017 15:00,9/7/2017 15:00,36.44444444
UCM,H,194,SOILTD1,9/7/2017 16:00,9/7/2017 16:00,37.27777778
UCM,H,194,SOILTD1,9/7/2017 17:00,9/7/2017 17:00,37.77777778
UCM,H,194,SOILTD1,9/7/2017 18:00,9/7/2017 18:00,38
UCM,H,194,SOILTD1,9/7/2017 19:00,9/7/2017 19:00,37.83333333
UCM,H,194,SOILTD1,9/7/2017 20:00,9/7/2017 20:00,37.55555556
UCM,H,194,SOILTD1,9/7/2017 21:00,9/7/2017 21:00,37.05555556
UCM,H,194,SOILTD1,9/7/2017 22:00,9/7/2017 22:00,36.55555556
UCM,H,194,SOILTD1,9/7/2017 23:00,9/7/2017 23:00,36
UCM,H,194,SOILTD1,9/8/2017 0:00,9/8/2017 0:00,35.44444444
UCM,H,194,SOILTD1,9/8/2017 1:00,9/8/2017 1:00,34.88888889
UCM,H,194,SOILTD1,9/8/2017 2:00,9/8/2017 2:00,34.38888889
UCM,H,194,SOILTD1,9/8/2017 3:00,9/8/2017 3:00,33.83333333
UCM,H,194,SOILTD1,9/8/2017 4:00,9/8/2017 4:00,33.44444444
UCM,H,194,SOILTD1,9/8/2017 5:00,9/8/2017 5:00,33.05555556
UCM,H,194,SOILTD1,9/8/2017 6:00,9/8/2017 6:00,32.66666667
UCM,H,194,SOILTD1,9/8/2017 7:00,9/8/2017 7:00,32.33333333
UCM,H,194,SOILTD1,9/8/2017 8:00,9/8/2017 8:00,31.94444444
UCM,H,194,SOILTD1,9/8/2017 9:00,9/8/2017 9:00,31.66666667
UCM,H,194,SOILTD1,9/8/2017 10:00,9/8/2017 10:00,31.61111111
UCM,H,194,SOILTD1,9/8/2017 11:00,9/8/2017 11:00,31.83333333
UCM,H,194,SOILTD1,9/8/2017 12:00,9/8/2017 12:00,32.44444444
UCM,H,194,SOILTD1,9/8/2017 13:00,9/8/2017 13:00,33.33333333
UCM,H,194,SOILTD1,9/8/2017 14:00,9/8/2017 14:00,34.44444444
UCM,H,194,SOILTD1,9/8/2017 15:00,9/8/2017 15:00,35.5
UCM,H,194,SOILTD1,9/8/2017 16:00,9/8/2017 16:00,36.44444444
UCM,H,194,SOILTD1,9/8/2017 17:00,9/8/2017 17:00,37.16666667
UCM,H,194,SOILTD1,9/8/2017 18:00,9/8/2017 18:00,37.5
UCM,H,194,SOILTD1,9/8/2017 19:00,9/8/2017 19:00,37.55555556
UCM,H,194,SOILTD1,9/8/2017 20:00,9/8/2017 20:00,37.27777778
UCM,H,194,SOILTD1,9/8/2017 21:00,9/8/2017 21:00,36.83333333
UCM,H,194,SOILTD1,9/8/2017 22:00,9/8/2017 22:00,36.33333333
UCM,H,194,SOILTD1,9/8/2017 23:00,9/8/2017 23:00,35.77777778
UCM,H,194,SOILTD1,9/9/2017 0:00,9/9/2017 0:00,35.27777778
UCM,H,194,SOILTD1,9/9/2017 1:00,9/9/2017 1:00,34.77777778
UCM,H,194,SOILTD1,9/9/2017 2:00,9/9/2017 2:00,34.33333333
UCM,H,194,SOILTD1,9/9/2017 3:00,9/9/2017 3:00,33.83333333
UCM,H,194,SOILTD1,9/9/2017 4:00,9/9/2017 4:00,33.5
UCM,H,194,SOILTD1,9/9/2017 5:00,9/9/2017 5:00,33.11111111
UCM,H,194,SOILTD1,9/9/2017 6:00,9/9/2017 6:00,32.72222222
UCM,H,194,SOILTD1,9/9/2017 7:00,9/9/2017 7:00,32.38888889
UCM,H,194,SOILTD1,9/9/2017 8:00,9/9/2017 8:00,32
UCM,H,194,SOILTD1,9/9/2017 9:00,9/9/2017 9:00,31.72222222
UCM,H,194,SOILTD1,9/9/2017 10:00,9/9/2017 10:00,31.66666667
UCM,H,194,SOILTD1,9/9/2017 11:00,9/9/2017 11:00,31.88888889
UCM,H,194,SOILTD1,9/9/2017 12:00,9/9/2017 12:00,32.5
UCM,H,194,SOILTD1,9/9/2017 13:00,9/9/2017 13:00,33.38888889
UCM,H,194,SOILTD1,9/9/2017 14:00,9/9/2017 14:00,34.5
UCM,H,194,SOILTD1,9/9/2017 15:00,9/9/2017 15:00,35.61111111
UCM,H,194,SOILTD1,9/9/2017 16:00,9/9/2017 16:00,36.61111111
UCM,H,194,SOILTD1,9/9/2017 17:00,9/9/2017 17:00,37.33333333
UCM,H,194,SOILTD1,9/9/2017 18:00,9/9/2017 18:00,37.66666667
UCM,H,194,SOILTD1,9/9/2017 19:00,9/9/2017 19:00,37.66666667
UCM,H,194,SOILTD1,9/9/2017 20:00,9/9/2017 20:00,37.38888889
UCM,H,194,SOILTD1,9/9/2017 21:00,9/9/2017 21:00,36.94444444
UCM,H,194,SOILTD1,9/9/2017 22:00,9/9/2017 22:00,36.38888889
UCM,H,194,SOILTD1,9/9/2017 23:00,9/9/2017 23:00,35.77777778
UCM,H,194,SOILTD1,9/10/2017 0:00,9/10/2017 0:00,35.33333333
UCM,H,194,SOILTD1,9/10/2017 1:00,9/10/2017 1:00,34.77777778
UCM,H,194,SOILTD1,9/10/2017 2:00,9/10/2017 2:00,34.33333333
UCM,H,194,SOILTD1,9/10/2017 3:00,9/10/2017 3:00,33.88888889
UCM,H,194,SOILTD1,9/10/2017 4:00,9/10/2017 4:00,33.55555556
UCM,H,194,SOILTD1,9/10/2017 5:00,9/10/2017 5:00,33.11111111
UCM,H,194,SOILTD1,9/10/2017 6:00,9/10/2017 6:00,32.72222222
UCM,H,194,SOILTD1,9/10/2017 7:00,9/10/2017 7:00,32.33333333
UCM,H,194,SOILTD1,9/10/2017 8:00,9/10/2017 8:00,31.94444444
UCM,H,194,SOILTD1,9/10/2017 9:00,9/10/2017 9:00,31.72222222
UCM,H,194,SOILTD1,9/10/2017 10:00,9/10/2017 10:00,31.61111111
UCM,H,194,SOILTD1,9/10/2017 11:00,9/10/2017 11:00,31.83333333
UCM,H,194,SOILTD1,9/10/2017 12:00,9/10/2017 12:00,32.5
UCM,H,194,SOILTD1,9/10/2017 13:00,9/10/2017 13:00,33.44444444
UCM,H,194,SOILTD1,9/10/2017 14:00,9/10/2017 14:00,34.66666667
UCM,H,194,SOILTD1,9/10/2017 15:00,9/10/2017 15:00,35.83333333
UCM,H,194,SOILTD1,9/10/2017 16:00,9/10/2017 16:00,36.94444444
UCM,H,194,SOILTD1,9/10/2017 17:00,9/10/2017 17:00,37.66666667
UCM,H,194,SOILTD1,9/10/2017 18:00,9/10/2017 18:00,38.05555556
UCM,H,194,SOILTD1,9/10/2017 19:00,9/10/2017 19:00,38.05555556
UCM,H,194,SOILTD1,9/10/2017 20:00,9/10/2017 20:00,37.77777778
UCM,H,194,SOILTD1,9/10/2017 21:00,9/10/2017 21:00,37.33333333
UCM,H,194,SOILTD1,9/10/2017 22:00,9/10/2017 22:00,36.83333333
UCM,H,194,SOILTD1,9/10/2017 23:00,9/10/2017 23:00,36.22222222
UCM,H,194,SOILTD1,9/11/2017 0:00,9/11/2017 0:00,35.72222222
UCM,H,194,SOILTD1,9/11/2017 1:00,9/11/2017 1:00,35.22222222
UCM,H,194,SOILTD1,9/11/2017 2:00,9/11/2017 2:00,34.77777778
UCM,H,194,SOILTD1,9/11/2017 3:00,9/11/2017 3:00,34.38888889
UCM,H,194,SOILTD1,9/11/2017 4:00,9/11/2017 4:00,34
UCM,H,194,SOILTD1,9/11/2017 5:00,9/11/2017 5:00,33.66666667
UCM,H,194,SOILTD1,9/11/2017 6:00,9/11/2017 6:00,33.38888889
UCM,H,194,SOILTD1,9/11/2017 7:00,9/11/2017 7:00,33.05555556
UCM,H,194,SOILTD1,9/11/2017 8:00,9/11/2017 8:00,32.72222222
UCM,H,194,SOILTD1,9/11/2017 9:00,9/11/2017 9:00,32.5
UCM,H,194,SOILTD1,9/11/2017 10:00,9/11/2017 10:00,32.5
UCM,H,194,SOILTD1,9/11/2017 11:00,9/11/2017 11:00,32.66666667
UCM,H,194,SOILTD1,9/11/2017 12:00,9/11/2017 12:00,33.27777778
UCM,H,194,SOILTD1,9/11/2017 13:00,9/11/2017 13:00,34.27777778
UCM,H,194,SOILTD1,9/11/2017 14:00,9/11/2017 14:00,35.44444444
UCM,H,194,SOILTD1,9/11/2017 15:00,9/11/2017 15:00,36.55555556
UCM,H,194,SOILTD1,9/11/2017 16:00,9/11/2017 16:00,37.33333333
UCM,H,194,SOILTD1,9/11/2017 17:00,9/11/2017 17:00,37.61111111
UCM,H,194,SOILTD1,9/11/2017 18:00,9/11/2017 18:00,37.72222222
UCM,H,194,SOILTD1,9/11/2017 19:00,9/11/2017 19:00,37.66666667
UCM,H,194,SOILTD1,9/11/2017 20:00,9/11/2017 20:00,37.44444444
UCM,H,194,SOILTD1,9/11/2017 21:00,9/11/2017 21:00,37.05555556
UCM,H,194,SOILTD1,9/11/2017 22:00,9/11/2017 22:00,36.61111111
UCM,H,194,SOILTD1,9/11/2017 23:00,9/11/2017 23:00,36.16666667
UCM,H,194,SOILTD1,9/12/2017 0:00,9/12/2017 0:00,35.66666667
UCM,H,194,SOILTD1,9/12/2017 1:00,9/12/2017 1:00,35.16666667
UCM,H,194,SOILTD1,9/12/2017 2:00,9/12/2017 2:00,34.66666667
UCM,H,194,SOILTD1,9/12/2017 3:00,9/12/2017 3:00,34.16666667
UCM,H,194,SOILTD1,9/12/2017 4:00,9/12/2017 4:00,33.72222222
UCM,H,194,SOILTD1,9/12/2017 5:00,9/12/2017 5:00,33.33333333
UCM,H,194,SOILTD1,9/12/2017 6:00,9/12/2017 6:00,32.94444444
UCM,H,194,SOILTD1,9/12/2017 7:00,9/12/2017 7:00,32.61111111
UCM,H,194,SOILTD1,9/12/2017 8:00,9/12/2017 8:00,32.33333333
UCM,H,194,SOILTD1,9/12/2017 9:00,9/12/2017 9:00,32
UCM,H,194,SOILTD1,9/12/2017 10:00,9/12/2017 10:00,31.88888889
UCM,H,194,SOILTD1,9/12/2017 11:00,9/12/2017 11:00,32
UCM,H,194,SOILTD1,9/12/2017 12:00,9/12/2017 12:00,32.5
UCM,H,194,SOILTD1,9/12/2017 13:00,9/12/2017 13:00,33.27777778
UCM,H,194,SOILTD1,9/12/2017 14:00,9/12/2017 14:00,34.27777778
UCM,H,194,SOILTD1,9/12/2017 15:00,9/12/2017 15:00,35.38888889
UCM,H,194,SOILTD1,9/12/2017 16:00,9/12/2017 16:00,36.38888889
UCM,H,194,SOILTD1,9/12/2017 17:00,9/12/2017 17:00,37.05555556
UCM,H,194,SOILTD1,9/12/2017 18:00,9/12/2017 18:00,37.44444444
UCM,H,194,SOILTD1,9/12/2017 19:00,9/12/2017 19:00,37.5
UCM,H,194,SOILTD1,9/12/2017 20:00,9/12/2017 20:00,37.16666667
UCM,H,194,SOILTD1,9/12/2017 21:00,9/12/2017 21:00,36.77777778
UCM,H,194,SOILTD1,9/12/2017 22:00,9/12/2017 22:00,36.22222222
UCM,H,194,SOILTD1,9/12/2017 23:00,9/12/2017 23:00,35.66666667
UCM,H,194,SOILTD1,9/13/2017 0:00,9/13/2017 0:00,35.22222222
UCM,H,194,SOILTD1,9/13/2017 1:00,9/13/2017 1:00,34.77777778
UCM,H,194,SOILTD1,9/13/2017 2:00,9/13/2017 2:00,34.33333333
UCM,H,194,SOILTD1,9/13/2017 3:00,9/13/2017 3:00,33.83333333
UCM,H,194,SOILTD1,9/13/2017 4:00,9/13/2017 4:00,33.44444444
UCM,H,194,SOILTD1,9/13/2017 5:00,9/13/2017 5:00,33.11111111
UCM,H,194,SOILTD1,9/13/2017 6:00,9/13/2017 6:00,32.72222222
UCM,H,194,SOILTD1,9/13/2017 7:00,9/13/2017 7:00,32.38888889
UCM,H,194,SOILTD1,9/13/2017 8:00,9/13/2017 8:00,32
UCM,H,194,SOILTD1,9/13/2017 9:00,9/13/2017 9:00,31.77777778
UCM,H,194,SOILTD1,9/13/2017 10:00,9/13/2017 10:00,31.61111111
UCM,H,194,SOILTD1,9/13/2017 11:00,9/13/2017 11:00,31.77777778
UCM,H,194,SOILTD1,9/13/2017 12:00,9/13/2017 12:00,32.27777778
UCM,H,194,SOILTD1,9/13/2017 13:00,9/13/2017 13:00,33.22222222
UCM,H,194,SOILTD1,9/13/2017 14:00,9/13/2017 14:00,34.38888889
UCM,H,194,SOILTD1,9/13/2017 15:00,9/13/2017 15:00,35.5
UCM,H,194,SOILTD1,9/13/2017 16:00,9/13/2017 16:00,36.5
UCM,H,194,SOILTD1,9/13/2017 17:00,9/13/2017 17:00,37.16666667
UCM,H,194,SOILTD1,9/13/2017 18:00,9/13/2017 18:00,37.5
UCM,H,194,SOILTD1,9/13/2017 19:00,9/13/2017 19:00,37.38888889
UCM,H,194,SOILTD1,9/13/2017 20:00,9/13/2017 20:00,37.05555556
UCM,H,194,SOILTD1,9/13/2017 21:00,9/13/2017 21:00,36.55555556
UCM,H,194,SOILTD1,9/13/2017 22:00,9/13/2017 22:00,36
UCM,H,194,SOILTD1,9/13/2017 23:00,9/13/2017 23:00,35.44444444
UCM,H,194,SOILTD1,9/14/2017 0:00,9/14/2017 0:00,34.88888889
UCM,H,194,SOILTD1,9/14/2017 1:00,9/14/2017 1:00,34.33333333
UCM,H,194,SOILTD1,9/14/2017 2:00,9/14/2017 2:00,33.77777778
UCM,H,194,SOILTD1,9/14/2017 3:00,9/14/2017 3:00,33.33333333
UCM,H,194,SOILTD1,9/14/2017 4:00,9/14/2017 4:00,32.83333333
UCM,H,194,SOILTD1,9/14/2017 5:00,9/14/2017 5:00,32.44444444
UCM,H,194,SOILTD1,9/14/2017 6:00,9/14/2017 6:00,32.05555556
UCM,H,194,SOILTD1,9/14/2017 7:00,9/14/2017 7:00,31.66666667
UCM,H,194,SOILTD1,9/14/2017 8:00,9/14/2017 8:00,31.38888889
UCM,H,194,SOILTD1,9/14/2017 9:00,9/14/2017 9:00,31.16666667
UCM,H,194,SOILTD1,9/14/2017 10:00,9/14/2017 10:00,31.11111111
UCM,H,194,SOILTD1,9/14/2017 11:00,9/14/2017 11:00,31.22222222
UCM,H,194,SOILTD1,9/14/2017 12:00,9/14/2017 12:00,31.72222222
UCM,H,194,SOILTD1,9/14/2017 13:00,9/14/2017 13:00,32.61111111
UCM,H,194,SOILTD1,9/14/2017 14:00,9/14/2017 14:00,33.72222222
UCM,H,194,SOILTD1,9/14/2017 15:00,9/14/2017 15:00,34.77777778
UCM,H,194,SOILTD1,9/14/2017 16:00,9/14/2017 16:00,35.72222222
UCM,H,194,SOILTD1,9/14/2017 17:00,9/14/2017 17:00,36.27777778
UCM,H,194,SOILTD1,9/14/2017 18:00,9/14/2017 18:00,36.55555556
UCM,H,194,SOILTD1,9/14/2017 19:00,9/14/2017 19:00,36.44444444
UCM,H,194,SOILTD1,9/14/2017 20:00,9/14/2017 20:00,36.16666667
UCM,H,194,SOILTD1,9/14/2017 21:00,9/14/2017 21:00,35.66666667
UCM,H,194,SOILTD1,9/14/2017 22:00,9/14/2017 22:00,35.05555556
UCM,H,194,SOILTD1,9/14/2017 23:00,9/14/2017 23:00,34.5
UCM,H,194,SOILTD1,9/15/2017 0:00,9/15/2017 0:00,33.88888889
UCM,H,194,SOILTD1,9/15/2017 1:00,9/15/2017 1:00,33.38888889
UCM,H,194,SOILTD1,9/15/2017 2:00,9/15/2017 2:00,32.83333333
UCM,H,194,SOILTD1,9/15/2017 3:00,9/15/2017 3:00,32.38888889
UCM,H,194,SOILTD1,9/15/2017 4:00,9/15/2017 4:00,31.94444444
UCM,H,194,SOILTD1,9/15/2017 5:00,9/15/2017 5:00,31.55555556
UCM,H,194,SOILTD1,9/15/2017 6:00,9/15/2017 6:00,31.16666667
UCM,H,194,SOILTD1,9/15/2017 7:00,9/15/2017 7:00,30.77777778
UCM,H,194,SOILTD1,9/15/2017 8:00,9/15/2017 8:00,30.38888889
UCM,H,194,SOILTD1,9/15/2017 9:00,9/15/2017 9:00,30.11111111
UCM,H,194,SOILTD1,9/15/2017 10:00,9/15/2017 10:00,30
UCM,H,194,SOILTD1,9/15/2017 11:00,9/15/2017 11:00,30.11111111
UCM,H,194,SOILTD1,9/15/2017 12:00,9/15/2017 12:00,30.66666667
UCM,H,194,SOILTD1,9/15/2017 13:00,9/15/2017 13:00,31.66666667
UCM,H,194,SOILTD1,9/15/2017 14:00,9/15/2017 14:00,32.88888889
UCM,H,194,SOILTD1,9/15/2017 15:00,9/15/2017 15:00,34.05555556
UCM,H,194,SOILTD1,9/15/2017 16:00,9/15/2017 16:00,35.05555556
UCM,H,194,SOILTD1,9/15/2017 17:00,9/15/2017 17:00,35.72222222
UCM,H,194,SOILTD1,9/15/2017 18:00,9/15/2017 18:00,36.05555556
UCM,H,194,SOILTD1,9/15/2017 19:00,9/15/2017 19:00,36
UCM,H,194,SOILTD1,9/15/2017 20:00,9/15/2017 20:00,35.55555556
UCM,H,194,SOILTD1,9/15/2017 21:00,9/15/2017 21:00,35.11111111
UCM,H,194,SOILTD1,9/15/2017 22:00,9/15/2017 22:00,34.5
UCM,H,194,SOILTD1,9/15/2017 23:00,9/15/2017 23:00,33.83333333
UCM,H,194,SOILTD1,9/16/2017 0:00,9/16/2017 0:00,33.33333333
UCM,H,194,SOILTD1,9/16/2017 1:00,9/16/2017 1:00,32.77777778
UCM,H,194,SOILTD1,9/16/2017 2:00,9/16/2017 2:00,32.33333333
UCM,H,194,SOILTD1,9/16/2017 3:00,9/16/2017 3:00,31.88888889
UCM,H,194,SOILTD1,9/16/2017 4:00,9/16/2017 4:00,31.55555556
UCM,H,194,SOILTD1,9/16/2017 5:00,9/16/2017 5:00,31.16666667
UCM,H,194,SOILTD1,9/16/2017 6:00,9/16/2017 6:00,30.77777778
UCM,H,194,SOILTD1,9/16/2017 7:00,9/16/2017 7:00,30.44444444
UCM,H,194,SOILTD1,9/16/2017 8:00,9/16/2017 8:00,30.16666667
UCM,H,194,SOILTD1,9/16/2017 9:00,9/16/2017 9:00,29.88888889
UCM,H,194,SOILTD1,9/16/2017 10:00,9/16/2017 10:00,29.77777778
UCM,H,194,SOILTD1,9/16/2017 11:00,9/16/2017 11:00,29.94444444
UCM,H,194,SOILTD1,9/16/2017 12:00,9/16/2017 12:00,30.5
UCM,H,194,SOILTD1,9/16/2017 13:00,9/16/2017 13:00,31.55555556
UCM,H,194,SOILTD1,9/16/2017 14:00,9/16/2017 14:00,32.77777778
UCM,H,194,SOILTD1,9/16/2017 15:00,9/16/2017 15:00,33.94444444
UCM,H,194,SOILTD1,9/16/2017 16:00,9/16/2017 16:00,34.94444444
UCM,H,194,SOILTD1,9/16/2017 17:00,9/16/2017 17:00,35.55555556
UCM,H,194,SOILTD1,9/16/2017 18:00,9/16/2017 18:00,35.94444444
UCM,H,194,SOILTD1,9/16/2017 19:00,9/16/2017 19:00,36
UCM,H,194,SOILTD1,9/16/2017 20:00,9/16/2017 20:00,35.66666667
UCM,H,194,SOILTD1,9/16/2017 21:00,9/16/2017 21:00,35.22222222
UCM,H,194,SOILTD1,9/16/2017 22:00,9/16/2017 22:00,34.61111111
UCM,H,194,SOILTD1,9/16/2017 23:00,9/16/2017 23:00,34.05555556
UCM,H,194,SOILTD1,9/17/2017 0:00,9/17/2017 0:00,33.5
UCM,H,194,SOILTD1,9/17/2017 1:00,9/17/2017 1:00,33
UCM,H,194,SOILTD1,9/17/2017 2:00,9/17/2017 2:00,32.5
UCM,H,194,SOILTD1,9/17/2017 3:00,9/17/2017 3:00,32.05555556
UCM,H,194,SOILTD1,9/17/2017 4:00,9/17/2017 4:00,31.66666667
UCM,H,194,SOILTD1,9/17/2017 5:00,9/17/2017 5:00,31.22222222
UCM,H,194,SOILTD1,9/17/2017 6:00,9/17/2017 6:00,30.77777778
UCM,H,194,SOILTD1,9/17/2017 7:00,9/17/2017 7:00,30.44444444
UCM,H,194,SOILTD1,9/17/2017 8:00,9/17/2017 8:00,30.11111111
UCM,H,194,SOILTD1,9/17/2017 9:00,9/17/2017 9:00,29.77777778
UCM,H,194,SOILTD1,9/17/2017 10:00,9/17/2017 10:00,29.72222222
UCM,H,194,SOILTD1,9/17/2017 11:00,9/17/2017 11:00,29.77777778
UCM,H,194,SOILTD1,9/17/2017 12:00,9/17/2017 12:00,30.38888889
UCM,H,194,SOILTD1,9/17/2017 13:00,9/17/2017 13:00,31.38888889
UCM,H,194,SOILTD1,9/17/2017 14:00,9/17/2017 14:00,32.66666667
UCM,H,194,SOILTD1,9/17/2017 15:00,9/17/2017 15:00,33.83333333
UCM,H,194,SOILTD1,9/17/2017 16:00,9/17/2017 16:00,34.88888889
UCM,H,194,SOILTD1,9/17/2017 17:00,9/17/2017 17:00,35.55555556
UCM,H,194,SOILTD1,9/17/2017 18:00,9/17/2017 18:00,35.94444444
UCM,H,194,SOILTD1,9/17/2017 19:00,9/17/2017 19:00,35.83333333
UCM,H,194,SOILTD1,9/17/2017 20:00,9/17/2017 20:00,35.5
UCM,H,194,SOILTD1,9/17/2017 21:00,9/17/2017 21:00,35
UCM,H,194,SOILTD1,9/17/2017 22:00,9/17/2017 22:00,34.38888889
UCM,H,194,SOILTD1,9/17/2017 23:00,9/17/2017 23:00,33.72222222
UCM,H,194,SOILTD1,9/18/2017 0:00,9/18/2017 0:00,33.11111111
UCM,H,194,SOILTD1,9/18/2017 1:00,9/18/2017 1:00,32.61111111
UCM,H,194,SOILTD1,9/18/2017 2:00,9/18/2017 2:00,32.11111111
UCM,H,194,SOILTD1,9/18/2017 3:00,9/18/2017 3:00,31.55555556
UCM,H,194,SOILTD1,9/18/2017 4:00,9/18/2017 4:00,31.11111111
UCM,H,194,SOILTD1,9/18/2017 5:00,9/18/2017 5:00,30.55555556
UCM,H,194,SOILTD1,9/18/2017 6:00,9/18/2017 6:00,30.16666667
UCM,H,194,SOILTD1,9/18/2017 7:00,9/18/2017 7:00,29.77777778
UCM,H,194,SOILTD1,9/18/2017 8:00,9/18/2017 8:00,29.38888889
UCM,H,194,SOILTD1,9/18/2017 9:00,9/18/2017 9:00,29.11111111
UCM,H,194,SOILTD1,9/18/2017 10:00,9/18/2017 10:00,29
UCM,H,194,SOILTD1,9/18/2017 11:00,9/18/2017 11:00,29.11111111
UCM,H,194,SOILTD1,9/18/2017 12:00,9/18/2017 12:00,29.77777778
UCM,H,194,SOILTD1,9/18/2017 13:00,9/18/2017 13:00,30.88888889
UCM,H,194,SOILTD1,9/18/2017 14:00,9/18/2017 14:00,32.22222222
UCM,H,194,SOILTD1,9/18/2017 15:00,9/18/2017 15:00,33.38888889
UCM,H,194,SOILTD1,9/18/2017 16:00,9/18/2017 16:00,34.5
UCM,H,194,SOILTD1,9/18/2017 17:00,9/18/2017 17:00,35.22222222
UCM,H,194,SOILTD1,9/18/2017 18:00,9/18/2017 18:00,35.5
UCM,H,194,SOILTD1,9/18/2017 19:00,9/18/2017 19:00,35.44444444
UCM,H,194,SOILTD1,9/18/2017 20:00,9/18/2017 20:00,35.16666667
UCM,H,194,SOILTD1,9/18/2017 21:00,9/18/2017 21:00,34.72222222
UCM,H,194,SOILTD1,9/18/2017 22:00,9/18/2017 22:00,34.16666667
UCM,H,194,SOILTD1,9/18/2017 23:00,9/18/2017 23:00,33.61111111
UCM,H,194,SOILTD1,9/19/2017 0:00,9/19/2017 0:00,33.05555556
UCM,H,194,SOILTD1,9/19/2017 1:00,9/19/2017 1:00,32.55555556
UCM,H,194,SOILTD1,9/19/2017 2:00,9/19/2017 2:00,32
UCM,H,194,SOILTD1,9/19/2017 3:00,9/19/2017 3:00,31.55555556
UCM,H,194,SOILTD1,9/19/2017 4:00,9/19/2017 4:00,31.05555556
UCM,H,194,SOILTD1,9/19/2017 5:00,9/19/2017 5:00,30.55555556
UCM,H,194,SOILTD1,9/19/2017 6:00,9/19/2017 6:00,30.16666667
UCM,H,194,SOILTD1,9/19/2017 7:00,9/19/2017 7:00,29.77777778
UCM,H,194,SOILTD1,9/19/2017 8:00,9/19/2017 8:00,29.33333333
UCM,H,194,SOILTD1,9/19/2017 9:00,9/19/2017 9:00,29
UCM,H,194,SOILTD1,9/19/2017 10:00,9/19/2017 10:00,28.88888889
UCM,H,194,SOILTD1,9/19/2017 11:00,9/19/2017 11:00,28.94444444
UCM,H,194,SOILTD1,9/19/2017 12:00,9/19/2017 12:00,29.44444444
UCM,H,194,SOILTD1,9/19/2017 13:00,9/19/2017 13:00,30.33333333
UCM,H,194,SOILTD1,9/19/2017 14:00,9/19/2017 14:00,31.44444444
UCM,H,194,SOILTD1,9/19/2017 15:00,9/19/2017 15:00,32.61111111
UCM,H,194,SOILTD1,9/19/2017 16:00,9/19/2017 16:00,33.61111111
UCM,H,194,SOILTD1,9/19/2017 17:00,9/19/2017 17:00,34.22222222
UCM,H,194,SOILTD1,9/19/2017 18:00,9/19/2017 18:00,34.5
UCM,H,194,SOILTD1,9/19/2017 19:00,9/19/2017 19:00,34.38888889
UCM,H,194,SOILTD1,9/19/2017 20:00,9/19/2017 20:00,34
UCM,H,194,SOILTD1,9/19/2017 21:00,9/19/2017 21:00,33.5
UCM,H,194,SOILTD1,9/19/2017 22:00,9/19/2017 22:00,32.88888889
UCM,H,194,SOILTD1,9/19/2017 23:00,9/19/2017 23:00,32.27777778
UCM,H,194,SOILTD1,9/20/2017 0:00,9/20/2017 0:00,31.72222222
UCM,H,194,SOILTD1,9/20/2017 1:00,9/20/2017 1:00,31.22222222
UCM,H,194,SOILTD1,9/20/2017 2:00,9/20/2017 2:00,30.77777778
UCM,H,194,SOILTD1,9/20/2017 3:00,9/20/2017 3:00,30.27777778
UCM,H,194,SOILTD1,9/20/2017 4:00,9/20/2017 4:00,29.94444444
UCM,H,194,SOILTD1,9/20/2017 5:00,9/20/2017 5:00,29.55555556
UCM,H,194,SOILTD1,9/20/2017 6:00,9/20/2017 6:00,29.16666667
UCM,H,194,SOILTD1,9/20/2017 7:00,9/20/2017 7:00,28.88888889
UCM,H,194,SOILTD1,9/20/2017 8:00,9/20/2017 8:00,28.61111111
UCM,H,194,SOILTD1,9/20/2017 9:00,9/20/2017 9:00,28.44444444
UCM,H,194,SOILTD1,9/20/2017 10:00,9/20/2017 10:00,28.38888889
UCM,H,194,SOILTD1,9/20/2017 11:00,9/20/2017 11:00,28.44444444
UCM,H,194,SOILTD1,9/20/2017 12:00,9/20/2017 12:00,29.11111111
UCM,H,194,SOILTD1,9/20/2017 13:00,9/20/2017 13:00,30.16666667
UCM,H,194,SOILTD1,9/20/2017 14:00,9/20/2017 14:00,31.33333333
UCM,H,194,SOILTD1,9/20/2017 15:00,9/20/2017 15:00,32.61111111
UCM,H,194,SOILTD1,9/20/2017 16:00,9/20/2017 16:00,33.61111111
UCM,H,194,SOILTD1,9/20/2017 17:00,9/20/2017 17:00,34.33333333
UCM,H,194,SOILTD1,9/20/2017 18:00,9/20/2017 18:00,34.55555556
UCM,H,194,SOILTD1,9/20/2017 19:00,9/20/2017 19:00,34.55555556
UCM,H,194,SOILTD1,9/20/2017 20:00,9/20/2017 20:00,34.22222222
UCM,H,194,SOILTD1,9/20/2017 21:00,9/20/2017 21:00,33.77777778
UCM,H,194,SOILTD1,9/20/2017 22:00,9/20/2017 22:00,33.33333333
UCM,H,194,SOILTD1,9/20/2017 23:00,9/20/2017 23:00,32.83333333
UCM,H,194,SOILTD1,9/21/2017 0:00,9/21/2017 0:00,32.44444444
UCM,H,194,SOILTD1,9/21/2017 1:00,9/21/2017 1:00,32
UCM,H,194,SOILTD1,9/21/2017 2:00,9/21/2017 2:00,31.44444444
UCM,H,194,SOILTD1,9/21/2017 3:00,9/21/2017 3:00,31
UCM,H,194,SOILTD1,9/21/2017 4:00,9/21/2017 4:00,30.55555556
UCM,H,194,SOILTD1,9/21/2017 5:00,9/21/2017 5:00,30.16666667
UCM,H,194,SOILTD1,9/21/2017 6:00,9/21/2017 6:00,29.77777778
UCM,H,194,SOILTD1,9/21/2017 7:00,9/21/2017 7:00,29.22222222
UCM,H,194,SOILTD1,9/21/2017 8:00,9/21/2017 8:00,28.83333333
UCM,H,194,SOILTD1,9/21/2017 9:00,9/21/2017 9:00,28.44444444
UCM,H,194,SOILTD1,9/21/2017 10:00,9/21/2017 10:00,28.16666667
UCM,H,194,SOILTD1,9/21/2017 11:00,9/21/2017 11:00,28.16666667
UCM,H,194,SOILTD1,9/21/2017 12:00,9/21/2017 12:00,28.55555556
UCM,H,194,SOILTD1,9/21/2017 13:00,9/21/2017 13:00,29.33333333
UCM,H,194,SOILTD1,9/21/2017 14:00,9/21/2017 14:00,30.27777778
UCM,H,194,SOILTD1,9/21/2017 15:00,9/21/2017 15:00,31.11111111
UCM,H,194,SOILTD1,9/21/2017 16:00,9/21/2017 16:00,31.66666667
UCM,H,194,SOILTD1,9/21/2017 17:00,9/21/2017 17:00,31.94444444
UCM,H,194,SOILTD1,9/21/2017 18:00,9/21/2017 18:00,32
UCM,H,194,SOILTD1,9/21/2017 19:00,9/21/2017 19:00,31.88888889
UCM,H,194,SOILTD1,9/21/2017 20:00,9/21/2017 20:00,31.61111111
UCM,H,194,SOILTD1,9/21/2017 21:00,9/21/2017 21:00,31.11111111
UCM,H,194,SOILTD1,9/21/2017 22:00,9/21/2017 22:00,30.55555556
UCM,H,194,SOILTD1,9/21/2017 23:00,9/21/2017 23:00,30.05555556
UCM,H,194,SOILTD1,9/22/2017 0:00,9/22/2017 0:00,29.5
UCM,H,194,SOILTD1,9/22/2017 1:00,9/22/2017 1:00,29.05555556
UCM,H,194,SOILTD1,9/22/2017 2:00,9/22/2017 2:00,28.61111111
UCM,H,194,SOILTD1,9/22/2017 3:00,9/22/2017 3:00,28.22222222
UCM,H,194,SOILTD1,9/22/2017 4:00,9/22/2017 4:00,27.77777778
UCM,H,194,SOILTD1,9/22/2017 5:00,9/22/2017 5:00,27.44444444
UCM,H,194,SOILTD1,9/22/2017 6:00,9/22/2017 6:00,27.05555556
UCM,H,194,SOILTD1,9/22/2017 7:00,9/22/2017 7:00,26.72222222
UCM,H,194,SOILTD1,9/22/2017 8:00,9/22/2017 8:00,26.38888889
UCM,H,194,SOILTD1,9/22/2017 9:00,9/22/2017 9:00,26.11111111
UCM,H,194,SOILTD1,9/22/2017 10:00,9/22/2017 10:00,25.94444444
UCM,H,194,SOILTD1,9/22/2017 11:00,9/22/2017 11:00,26.05555556
UCM,H,194,SOILTD1,9/22/2017 12:00,9/22/2017 12:00,26.72222222
UCM,H,194,SOILTD1,9/22/2017 13:00,9/22/2017 13:00,27.77777778
UCM,H,194,SOILTD1,9/22/2017 14:00,9/22/2017 14:00,28.94444444
UCM,H,194,SOILTD1,9/22/2017 15:00,9/22/2017 15:00,30.16666667
UCM,H,194,SOILTD1,9/22/2017 16:00,9/22/2017 16:00,31.05555556
UCM,H,194,SOILTD1,9/22/2017 17:00,9/22/2017 17:00,31.77777778
UCM,H,194,SOILTD1,9/22/2017 18:00,9/22/2017 18:00,32
UCM,H,194,SOILTD1,9/22/2017 19:00,9/22/2017 19:00,32
UCM,H,194,SOILTD1,9/22/2017 20:00,9/22/2017 20:00,31.66666667
UCM,H,194,SOILTD1,9/22/2017 21:00,9/22/2017 21:00,31.22222222
UCM,H,194,SOILTD1,9/22/2017 22:00,9/22/2017 22:00,30.66666667
UCM,H,194,SOILTD1,9/22/2017 23:00,9/22/2017 23:00,30.11111111
UCM,H,194,SOILTD1,9/23/2017 0:00,9/23/2017 0:00,29.61111111
UCM,H,194,SOILTD1,9/23/2017 1:00,9/23/2017 1:00,29.05555556
UCM,H,194,SOILTD1,9/23/2017 2:00,9/23/2017 2:00,28.66666667
UCM,H,194,SOILTD1,9/23/2017 3:00,9/23/2017 3:00,28.22222222
UCM,H,194,SOILTD1,9/23/2017 4:00,9/23/2017 4:00,27.83333333
UCM,H,194,SOILTD1,9/23/2017 5:00,9/23/2017 5:00,27.44444444
UCM,H,194,SOILTD1,9/23/2017 6:00,9/23/2017 6:00,27.05555556
UCM,H,194,SOILTD1,9/23/2017 7:00,9/23/2017 7:00,26.77777778
UCM,H,194,SOILTD1,9/23/2017 8:00,9/23/2017 8:00,26.44444444
UCM,H,194,SOILTD1,9/23/2017 9:00,9/23/2017 9:00,26.16666667
UCM,H,194,SOILTD1,9/23/2017 10:00,9/23/2017 10:00,26
UCM,H,194,SOILTD1,9/23/2017 11:00,9/23/2017 11:00,26.05555556
UCM,H,194,SOILTD1,9/23/2017 12:00,9/23/2017 12:00,26.72222222
UCM,H,194,SOILTD1,9/23/2017 13:00,9/23/2017 13:00,27.77777778
UCM,H,194,SOILTD1,9/23/2017 14:00,9/23/2017 14:00,28.94444444
UCM,H,194,SOILTD1,9/23/2017 15:00,9/23/2017 15:00,30.22222222
UCM,H,194,SOILTD1,9/23/2017 16:00,9/23/2017 16:00,31.27777778
UCM,H,194,SOILTD1,9/23/2017 17:00,9/23/2017 17:00,31.94444444
UCM,H,194,SOILTD1,9/23/2017 18:00,9/23/2017 18:00,32.27777778
UCM,H,194,SOILTD1,9/23/2017 19:00,9/23/2017 19:00,32.22222222
UCM,H,194,SOILTD1,9/23/2017 20:00,9/23/2017 20:00,31.83333333
UCM,H,194,SOILTD1,9/23/2017 21:00,9/23/2017 21:00,31.33333333
UCM,H,194,SOILTD1,9/23/2017 22:00,9/23/2017 22:00,30.72222222
UCM,H,194,SOILTD1,9/23/2017 23:00,9/23/2017 23:00,30.11111111
UCM,H,194,SOILTD1,9/24/2017 0:00,9/24/2017 0:00,29.5
UCM,H,194,SOILTD1,9/24/2017 1:00,9/24/2017 1:00,29
UCM,H,194,SOILTD1,9/24/2017 2:00,9/24/2017 2:00,28.44444444
UCM,H,194,SOILTD1,9/24/2017 3:00,9/24/2017 3:00,28
UCM,H,194,SOILTD1,9/24/2017 4:00,9/24/2017 4:00,27.55555556
UCM,H,194,SOILTD1,9/24/2017 5:00,9/24/2017 5:00,27.16666667
UCM,H,194,SOILTD1,9/24/2017 6:00,9/24/2017 6:00,26.77777778
UCM,H,194,SOILTD1,9/24/2017 7:00,9/24/2017 7:00,26.44444444
UCM,H,194,SOILTD1,9/24/2017 8:00,9/24/2017 8:00,26.11111111
UCM,H,194,SOILTD1,9/24/2017 9:00,9/24/2017 9:00,25.77777778
UCM,H,194,SOILTD1,9/24/2017 10:00,9/24/2017 10:00,25.61111111
UCM,H,194,SOILTD1,9/24/2017 11:00,9/24/2017 11:00,25.77777778
UCM,H,194,SOILTD1,9/24/2017 12:00,9/24/2017 12:00,26.38888889
UCM,H,194,SOILTD1,9/24/2017 13:00,9/24/2017 13:00,27.44444444
UCM,H,194,SOILTD1,9/24/2017 14:00,9/24/2017 14:00,28.66666667
UCM,H,194,SOILTD1,9/24/2017 15:00,9/24/2017 15:00,29.94444444
UCM,H,194,SOILTD1,9/24/2017 16:00,9/24/2017 16:00,31
UCM,H,194,SOILTD1,9/24/2017 17:00,9/24/2017 17:00,31.72222222
UCM,H,194,SOILTD1,9/24/2017 18:00,9/24/2017 18:00,32.11111111
UCM,H,194,SOILTD1,9/24/2017 19:00,9/24/2017 19:00,32.05555556
UCM,H,194,SOILTD1,9/24/2017 20:00,9/24/2017 20:00,31.77777778
UCM,H,194,SOILTD1,9/24/2017 21:00,9/24/2017 21:00,31.27777778
UCM,H,194,SOILTD1,9/24/2017 22:00,9/24/2017 22:00,30.72222222
UCM,H,194,SOILTD1,9/24/2017 23:00,9/24/2017 23:00,30.11111111
UCM,H,194,SOILTD1,9/25/2017 0:00,9/25/2017 0:00,29.61111111
UCM,H,194,SOILTD1,9/25/2017 1:00,9/25/2017 1:00,29.05555556
UCM,H,194,SOILTD1,9/25/2017 2:00,9/25/2017 2:00,28.55555556
UCM,H,194,SOILTD1,9/25/2017 3:00,9/25/2017 3:00,28.11111111
UCM,H,194,SOILTD1,9/25/2017 4:00,9/25/2017 4:00,27.66666667
UCM,H,194,SOILTD1,9/25/2017 5:00,9/25/2017 5:00,27.22222222
UCM,H,194,SOILTD1,9/25/2017 6:00,9/25/2017 6:00,26.94444444
UCM,H,194,SOILTD1,9/25/2017 7:00,9/25/2017 7:00,26.55555556
UCM,H,194,SOILTD1,9/25/2017 8:00,9/25/2017 8:00,26.22222222
UCM,H,194,SOILTD1,9/25/2017 9:00,9/25/2017 9:00,26
UCM,H,194,SOILTD1,9/25/2017 10:00,9/25/2017 10:00,25.83333333
UCM,H,194,SOILTD1,9/25/2017 11:00,9/25/2017 11:00,25.94444444
UCM,H,194,SOILTD1,9/25/2017 12:00,9/25/2017 12:00,26.55555556
UCM,H,194,SOILTD1,9/25/2017 13:00,9/25/2017 13:00,27.55555556
UCM,H,194,SOILTD1,9/25/2017 14:00,9/25/2017 14:00,28.83333333
UCM,H,194,SOILTD1,9/25/2017 15:00,9/25/2017 15:00,30
UCM,H,194,SOILTD1,9/25/2017 16:00,9/25/2017 16:00,31.05555556
UCM,H,194,SOILTD1,9/25/2017 17:00,9/25/2017 17:00,31.72222222
UCM,H,194,SOILTD1,9/25/2017 18:00,9/25/2017 18:00,32.11111111
UCM,H,194,SOILTD1,9/25/2017 19:00,9/25/2017 19:00,32.11111111
UCM,H,194,SOILTD1,9/25/2017 20:00,9/25/2017 20:00,31.83333333
UCM,H,194,SOILTD1,9/25/2017 21:00,9/25/2017 21:00,31.38888889
UCM,H,194,SOILTD1,9/25/2017 22:00,9/25/2017 22:00,30.83333333
UCM,H,194,SOILTD1,9/25/2017 23:00,9/25/2017 23:00,30.27777778
UCM,H,194,SOILTD1,9/26/2017 0:00,9/26/2017 0:00,29.72222222
UCM,H,194,SOILTD1,9/26/2017 1:00,9/26/2017 1:00,29.16666667
UCM,H,194,SOILTD1,9/26/2017 2:00,9/26/2017 2:00,28.77777778
UCM,H,194,SOILTD1,9/26/2017 3:00,9/26/2017 3:00,28.33333333
UCM,H,194,SOILTD1,9/26/2017 4:00,9/26/2017 4:00,27.88888889
UCM,H,194,SOILTD1,9/26/2017 5:00,9/26/2017 5:00,27.55555556
UCM,H,194,SOILTD1,9/26/2017 6:00,9/26/2017 6:00,27.22222222
UCM,H,194,SOILTD1,9/26/2017 7:00,9/26/2017 7:00,26.88888889
UCM,H,194,SOILTD1,9/26/2017 8:00,9/26/2017 8:00,26.55555556
UCM,H,194,SOILTD1,9/26/2017 9:00,9/26/2017 9:00,26.27777778
UCM,H,194,SOILTD1,9/26/2017 10:00,9/26/2017 10:00,26.22222222
UCM,H,194,SOILTD1,9/26/2017 11:00,9/26/2017 11:00,26.27777778
UCM,H,194,SOILTD1,9/26/2017 12:00,9/26/2017 12:00,26.94444444
UCM,H,194,SOILTD1,9/26/2017 13:00,9/26/2017 13:00,28.05555556
UCM,H,194,SOILTD1,9/26/2017 14:00,9/26/2017 14:00,29.27777778
UCM,H,194,SOILTD1,9/26/2017 15:00,9/26/2017 15:00,30.5
UCM,H,194,SOILTD1,9/26/2017 16:00,9/26/2017 16:00,31.61111111
UCM,H,194,SOILTD1,9/26/2017 17:00,9/26/2017 17:00,32.38888889
UCM,H,194,SOILTD1,9/26/2017 18:00,9/26/2017 18:00,32.66666667
UCM,H,194,SOILTD1,9/26/2017 19:00,9/26/2017 19:00,32.66666667
UCM,H,194,SOILTD1,9/26/2017 20:00,9/26/2017 20:00,32.44444444
UCM,H,194,SOILTD1,9/26/2017 21:00,9/26/2017 21:00,31.94444444
UCM,H,194,SOILTD1,9/26/2017 22:00,9/26/2017 22:00,31.38888889
UCM,H,194,SOILTD1,9/26/2017 23:00,9/26/2017 23:00,30.77777778
UCM,H,194,SOILTD1,9/27/2017 0:00,9/27/2017 0:00,30.27777778
UCM,H,194,SOILTD1,9/27/2017 1:00,9/27/2017 1:00,29.77777778
UCM,H,194,SOILTD1,9/27/2017 2:00,9/27/2017 2:00,29.22222222
UCM,H,194,SOILTD1,9/27/2017 3:00,9/27/2017 3:00,28.83333333
UCM,H,194,SOILTD1,9/27/2017 4:00,9/27/2017 4:00,28.44444444
UCM,H,194,SOILTD1,9/27/2017 5:00,9/27/2017 5:00,28.05555556
UCM,H,194,SOILTD1,9/27/2017 6:00,9/27/2017 6:00,27.72222222
UCM,H,194,SOILTD1,9/27/2017 7:00,9/27/2017 7:00,27.38888889
UCM,H,194,SOILTD1,9/27/2017 8:00,9/27/2017 8:00,27.05555556
UCM,H,194,SOILTD1,9/27/2017 9:00,9/27/2017 9:00,26.77777778
UCM,H,194,SOILTD1,9/27/2017 10:00,9/27/2017 10:00,26.72222222
UCM,H,194,SOILTD1,9/27/2017 11:00,9/27/2017 11:00,26.77777778
UCM,H,194,SOILTD1,9/27/2017 12:00,9/27/2017 12:00,27.44444444
UCM,H,194,SOILTD1,9/27/2017 13:00,9/27/2017 13:00,28.55555556
UCM,H,194,SOILTD1,9/27/2017 14:00,9/27/2017 14:00,29.72222222
UCM,H,194,SOILTD1,9/27/2017 15:00,9/27/2017 15:00,31
UCM,H,194,SOILTD1,9/27/2017 16:00,9/27/2017 16:00,32.05555556
UCM,H,194,SOILTD1,9/27/2017 17:00,9/27/2017 17:00,32.77777778
UCM,H,194,SOILTD1,9/27/2017 18:00,9/27/2017 18:00,33.16666667
UCM,H,194,SOILTD1,9/27/2017 19:00,9/27/2017 19:00,33.11111111
UCM,H,194,SOILTD1,9/27/2017 20:00,9/27/2017 20:00,32.77777778
UCM,H,194,SOILTD1,9/27/2017 21:00,9/27/2017 21:00,32.33333333
UCM,H,194,SOILTD1,9/27/2017 22:00,9/27/2017 22:00,31.77777778
UCM,H,194,SOILTD1,9/27/2017 23:00,9/27/2017 23:00,31.22222222
UCM,H,194,SOILTD1,9/28/2017 0:00,9/28/2017 0:00,30.66666667
UCM,H,194,SOILTD1,9/28/2017 1:00,9/28/2017 1:00,30.16666667
UCM,H,194,SOILTD1,9/28/2017 2:00,9/28/2017 2:00,29.72222222
UCM,H,194,SOILTD1,9/28/2017 3:00,9/28/2017 3:00,29.22222222
UCM,H,194,SOILTD1,9/28/2017 4:00,9/28/2017 4:00,28.77777778
UCM,H,194,SOILTD1,9/28/2017 5:00,9/28/2017 5:00,28.44444444
UCM,H,194,SOILTD1,9/28/2017 6:00,9/28/2017 6:00,28.05555556
UCM,H,194,SOILTD1,9/28/2017 7:00,9/28/2017 7:00,27.66666667
UCM,H,194,SOILTD1,9/28/2017 8:00,9/28/2017 8:00,27.33333333
UCM,H,194,SOILTD1,9/28/2017 9:00,9/28/2017 9:00,27.05555556
UCM,H,194,SOILTD1,9/28/2017 10:00,9/28/2017 10:00,26.88888889
UCM,H,194,SOILTD1,9/28/2017 11:00,9/28/2017 11:00,27
UCM,H,194,SOILTD1,9/28/2017 12:00,9/28/2017 12:00,27.61111111
UCM,H,194,SOILTD1,9/28/2017 13:00,9/28/2017 13:00,28.72222222
UCM,H,194,SOILTD1,9/28/2017 14:00,9/28/2017 14:00,29.94444444
UCM,H,194,SOILTD1,9/28/2017 15:00,9/28/2017 15:00,31.11111111
UCM,H,194,SOILTD1,9/28/2017 16:00,9/28/2017 16:00,32.22222222
UCM,H,194,SOILTD1,9/28/2017 17:00,9/28/2017 17:00,32.94444444
UCM,H,194,SOILTD1,9/28/2017 18:00,9/28/2017 18:00,33.33333333
UCM,H,194,SOILTD1,9/28/2017 19:00,9/28/2017 19:00,33.33333333
UCM,H,194,SOILTD1,9/28/2017 20:00,9/28/2017 20:00,33
UCM,H,194,SOILTD1,9/28/2017 21:00,9/28/2017 21:00,32.5
UCM,H,194,SOILTD1,9/28/2017 22:00,9/28/2017 22:00,31.94444444
UCM,H,194,SOILTD1,9/28/2017 23:00,9/28/2017 23:00,31.38888889
UCM,H,194,SOILTD1,9/29/2017 0:00,9/29/2017 0:00,30.83333333
UCM,H,194,SOILTD1,9/29/2017 1:00,9/29/2017 1:00,30.33333333
UCM,H,194,SOILTD1,9/29/2017 2:00,9/29/2017 2:00,29.83333333
UCM,H,194,SOILTD1,9/29/2017 3:00,9/29/2017 3:00,29.38888889
UCM,H,194,SOILTD1,9/29/2017 4:00,9/29/2017 4:00,29.05555556
UCM,H,194,SOILTD1,9/29/2017 5:00,9/29/2017 5:00,28.66666667
UCM,H,194,SOILTD1,9/29/2017 6:00,9/29/2017 6:00,28.33333333
UCM,H,194,SOILTD1,9/29/2017 7:00,9/29/2017 7:00,27.94444444
UCM,H,194,SOILTD1,9/29/2017 8:00,9/29/2017 8:00,27.61111111
UCM,H,194,SOILTD1,9/29/2017 9:00,9/29/2017 9:00,27.27777778
UCM,H,194,SOILTD1,9/29/2017 10:00,9/29/2017 10:00,27.11111111
UCM,H,194,SOILTD1,9/29/2017 11:00,9/29/2017 11:00,27.22222222
UCM,H,194,SOILTD1,9/29/2017 12:00,9/29/2017 12:00,27.88888889
UCM,H,194,SOILTD1,9/29/2017 13:00,9/29/2017 13:00,28.88888889
UCM,H,194,SOILTD1,9/29/2017 14:00,9/29/2017 14:00,30
UCM,H,194,SOILTD1,9/29/2017 15:00,9/29/2017 15:00,31.11111111
UCM,H,194,SOILTD1,9/29/2017 16:00,9/29/2017 16:00,32.05555556
UCM,H,194,SOILTD1,9/29/2017 17:00,9/29/2017 17:00,32.66666667
UCM,H,194,SOILTD1,9/29/2017 18:00,9/29/2017 18:00,32.94444444
UCM,H,194,SOILTD1,9/29/2017 19:00,9/29/2017 19:00,32.94444444
UCM,H,194,SOILTD1,9/29/2017 20:00,9/29/2017 20:00,32.77777778
UCM,H,194,SOILTD1,9/29/2017 21:00,9/29/2017 21:00,32.33333333
UCM,H,194,SOILTD1,9/29/2017 22:00,9/29/2017 22:00,31.83333333
UCM,H,194,SOILTD1,9/29/2017 23:00,9/29/2017 23:00,31.33333333
UCM,H,194,SOILTD1,9/30/2017 0:00,9/30/2017 0:00,30.77777778
UCM,H,194,SOILTD1,9/30/2017 1:00,9/30/2017 1:00,30.33333333
UCM,H,194,SOILTD1,9/30/2017 2:00,9/30/2017 2:00,29.94444444
UCM,H,194,SOILTD1,9/30/2017 3:00,9/30/2017 3:00,29.5
UCM,H,194,SOILTD1,9/30/2017 4:00,9/30/2017 4:00,29.11111111
UCM,H,194,SOILTD1,9/30/2017 5:00,9/30/2017 5:00,28.77777778
UCM,H,194,SOILTD1,9/30/2017 6:00,9/30/2017 6:00,28.44444444
UCM,H,194,SOILTD1,9/30/2017 7:00,9/30/2017 7:00,28.16666667
UCM,H,194,SOILTD1,9/30/2017 8:00,9/30/2017 8:00,27.83333333
UCM,H,194,SOILTD1,9/30/2017 9:00,9/30/2017 9:00,27.55555556
UCM,H,194,SOILTD1,9/30/2017 10:00,9/30/2017 10:00,27.33333333
UCM,H,194,SOILTD1,9/30/2017 11:00,9/30/2017 11:00,27.44444444
UCM,H,194,SOILTD1,9/30/2017 12:00,9/30/2017 12:00,28.05555556
UCM,H,194,SOILTD1,9/30/2017 13:00,9/30/2017 13:00,29
UCM,H,194,SOILTD1,9/30/2017 14:00,9/30/2017 14:00,30.16666667
UCM,H,194,SOILTD1,9/30/2017 15:00,9/30/2017 15:00,31.33333333
UCM,H,194,SOILTD1,9/30/2017 16:00,9/30/2017 16:00,32.27777778
UCM,H,194,SOILTD1,9/30/2017 17:00,9/30/2017 17:00,32.83333333
UCM,H,194,SOILTD1,9/30/2017 18:00,9/30/2017 18:00,33.16666667
UCM,H,194,SOILTD1,9/30/2017 19:00,9/30/2017 19:00,33
UCM,H,194,SOILTD1,9/30/2017 20:00,9/30/2017 20:00,32.66666667
UCM,H,194,SOILTD1,9/30/2017 21:00,9/30/2017 21:00,32.16666667
UCM,H,194,SOILTD1,9/30/2017 22:00,9/30/2017 22:00,31.61111111
UCM,H,194,SOILTD1,9/30/2017 23:00,9/30/2017 23:00,31
UCM,H,194,SOILTD1,10/1/2017 0:00,10/1/2017 0:00,30.5
UCM,H,194,SOILTD1,10/1/2017 1:00,10/1/2017 1:00,30.05555556
UCM,H,194,SOILTD1,10/1/2017 2:00,10/1/2017 2:00,29.61111111
UCM,H,194,SOILTD1,10/1/2017 3:00,10/1/2017 3:00,29.16666667
UCM,H,194,SOILTD1,10/1/2017 4:00,10/1/2017 4:00,28.77777778
UCM,H,194,SOILTD1,10/1/2017 5:00,10/1/2017 5:00,28.44444444
UCM,H,194,SOILTD1,10/1/2017 6:00,10/1/2017 6:00,28.05555556
UCM,H,194,SOILTD1,10/1/2017 7:00,10/1/2017 7:00,27.72222222
UCM,H,194,SOILTD1,10/1/2017 8:00,10/1/2017 8:00,27.38888889
UCM,H,194,SOILTD1,10/1/2017 9:00,10/1/2017 9:00,27.11111111
UCM,H,194,SOILTD1,10/1/2017 10:00,10/1/2017 10:00,26.94444444
UCM,H,194,SOILTD1,10/1/2017 11:00,10/1/2017 11:00,27
UCM,H,194,SOILTD1,10/1/2017 12:00,10/1/2017 12:00,27.5
UCM,H,194,SOILTD1,10/1/2017 13:00,10/1/2017 13:00,28.44444444
UCM,H,194,SOILTD1,10/1/2017 14:00,10/1/2017 14:00,29.55555556
UCM,H,194,SOILTD1,10/1/2017 15:00,10/1/2017 15:00,30.61111111
UCM,H,194,SOILTD1,10/1/2017 16:00,10/1/2017 16:00,31.55555556
UCM,H,194,SOILTD1,10/1/2017 17:00,10/1/2017 17:00,32.11111111
UCM,H,194,SOILTD1,10/1/2017 18:00,10/1/2017 18:00,32.27777778
UCM,H,194,SOILTD1,10/1/2017 19:00,10/1/2017 19:00,32.11111111
UCM,H,194,SOILTD1,10/1/2017 20:00,10/1/2017 20:00,31.72222222
UCM,H,194,SOILTD1,10/1/2017 21:00,10/1/2017 21:00,31.16666667
UCM,H,194,SOILTD1,10/1/2017 22:00,10/1/2017 22:00,30.55555556
UCM,H,194,SOILTD1,10/1/2017 23:00,10/1/2017 23:00,30
UCM,H,194,SOILTD1,10/2/2017 0:00,10/2/2017 0:00,29.44444444
UCM,H,194,SOILTD1,10/2/2017 1:00,10/2/2017 1:00,28.94444444
UCM,H,194,SOILTD1,10/2/2017 2:00,10/2/2017 2:00,28.44444444
UCM,H,194,SOILTD1,10/2/2017 3:00,10/2/2017 3:00,28.05555556
UCM,H,194,SOILTD1,10/2/2017 4:00,10/2/2017 4:00,27.61111111
UCM,H,194,SOILTD1,10/2/2017 5:00,10/2/2017 5:00,27.22222222
UCM,H,194,SOILTD1,10/2/2017 6:00,10/2/2017 6:00,26.94444444
UCM,H,194,SOILTD1,10/2/2017 7:00,10/2/2017 7:00,26.55555556
UCM,H,194,SOILTD1,10/2/2017 8:00,10/2/2017 8:00,26.22222222
UCM,H,194,SOILTD1,10/2/2017 9:00,10/2/2017 9:00,25.88888889
UCM,H,194,SOILTD1,10/2/2017 10:00,10/2/2017 10:00,25.61111111
UCM,H,194,SOILTD1,10/2/2017 11:00,10/2/2017 11:00,25.77777778
UCM,H,194,SOILTD1,10/2/2017 12:00,10/2/2017 12:00,26.38888889
UCM,H,194,SOILTD1,10/2/2017 13:00,10/2/2017 13:00,27.33333333
UCM,H,194,SOILTD1,10/2/2017 14:00,10/2/2017 14:00,28.55555556
UCM,H,194,SOILTD1,10/2/2017 15:00,10/2/2017 15:00,29.66666667
UCM,H,194,SOILTD1,10/2/2017 16:00,10/2/2017 16:00,30.61111111
UCM,H,194,SOILTD1,10/2/2017 17:00,10/2/2017 17:00,31.22222222
UCM,H,194,SOILTD1,10/2/2017 18:00,10/2/2017 18:00,31.5
UCM,H,194,SOILTD1,10/2/2017 19:00,10/2/2017 19:00,31.38888889
UCM,H,194,SOILTD1,10/2/2017 20:00,10/2/2017 20:00,31
UCM,H,194,SOILTD1,10/2/2017 21:00,10/2/2017 21:00,30.44444444
UCM,H,194,SOILTD1,10/2/2017 22:00,10/2/2017 22:00,29.77777778
UCM,H,194,SOILTD1,10/2/2017 23:00,10/2/2017 23:00,29.16666667
UCM,H,194,SOILTD1,10/3/2017 0:00,10/3/2017 0:00,28.55555556
UCM,H,194,SOILTD1,10/3/2017 1:00,10/3/2017 1:00,27.94444444
UCM,H,194,SOILTD1,10/3/2017 2:00,10/3/2017 2:00,27.38888889
UCM,H,194,SOILTD1,10/3/2017 3:00,10/3/2017 3:00,26.94444444
UCM,H,194,SOILTD1,10/3/2017 4:00,10/3/2017 4:00,26.44444444
UCM,H,194,SOILTD1,10/3/2017 5:00,10/3/2017 5:00,26.05555556
UCM,H,194,SOILTD1,10/3/2017 6:00,10/3/2017 6:00,25.66666667
UCM,H,194,SOILTD1,10/3/2017 7:00,10/3/2017 7:00,25.33333333
UCM,H,194,SOILTD1,10/3/2017 8:00,10/3/2017 8:00,25.05555556
UCM,H,194,SOILTD1,10/3/2017 9:00,10/3/2017 9:00,24.83333333
UCM,H,194,SOILTD1,10/3/2017 10:00,10/3/2017 10:00,24.66666667
UCM,H,194,SOILTD1,10/3/2017 11:00,10/3/2017 11:00,24.83333333
UCM,H,194,SOILTD1,10/3/2017 12:00,10/3/2017 12:00,25.5
UCM,H,194,SOILTD1,10/3/2017 13:00,10/3/2017 13:00,26.44444444
UCM,H,194,SOILTD1,10/3/2017 14:00,10/3/2017 14:00,27.55555556
UCM,H,194,SOILTD1,10/3/2017 15:00,10/3/2017 15:00,28.77777778
UCM,H,194,SOILTD1,10/3/2017 16:00,10/3/2017 16:00,29.66666667
UCM,H,194,SOILTD1,10/3/2017 17:00,10/3/2017 17:00,30.22222222
UCM,H,194,SOILTD1,10/3/2017 18:00,10/3/2017 18:00,30.5
UCM,H,194,SOILTD1,10/3/2017 19:00,10/3/2017 19:00,30.38888889
UCM,H,194,SOILTD1,10/3/2017 20:00,10/3/2017 20:00,30.05555556
UCM,H,194,SOILTD1,10/3/2017 21:00,10/3/2017 21:00,29.55555556
UCM,H,194,SOILTD1,10/3/2017 22:00,10/3/2017 22:00,29
UCM,H,194,SOILTD1,10/3/2017 23:00,10/3/2017 23:00,28.44444444
UCM,H,194,SOILTD1,10/4/2017 0:00,10/4/2017 0:00,27.88888889
UCM,H,194,SOILTD1,10/4/2017 1:00,10/4/2017 1:00,27.33333333
UCM,H,194,SOILTD1,10/4/2017 2:00,10/4/2017 2:00,26.94444444
UCM,H,194,SOILTD1,10/4/2017 3:00,10/4/2017 3:00,26.44444444
UCM,H,194,SOILTD1,10/4/2017 4:00,10/4/2017 4:00,26.05555556
UCM,H,194,SOILTD1,10/4/2017 5:00,10/4/2017 5:00,25.61111111
UCM,H,194,SOILTD1,10/4/2017 6:00,10/4/2017 6:00,25.22222222
UCM,H,194,SOILTD1,10/4/2017 7:00,10/4/2017 7:00,24.88888889
UCM,H,194,SOILTD1,10/4/2017 8:00,10/4/2017 8:00,24.61111111
UCM,H,194,SOILTD1,10/4/2017 9:00,10/4/2017 9:00,24.33333333
UCM,H,194,SOILTD1,10/4/2017 10:00,10/4/2017 10:00,24.16666667
UCM,H,194,SOILTD1,10/4/2017 11:00,10/4/2017 11:00,24.22222222
UCM,H,194,SOILTD1,10/4/2017 12:00,10/4/2017 12:00,24.94444444
UCM,H,194,SOILTD1,10/4/2017 13:00,10/4/2017 13:00,25.94444444
UCM,H,194,SOILTD1,10/4/2017 14:00,10/4/2017 14:00,27.16666667
UCM,H,194,SOILTD1,10/4/2017 15:00,10/4/2017 15:00,28.44444444
UCM,H,194,SOILTD1,10/4/2017 16:00,10/4/2017 16:00,29.44444444
UCM,H,194,SOILTD1,10/4/2017 17:00,10/4/2017 17:00,30.11111111
UCM,H,194,SOILTD1,10/4/2017 18:00,10/4/2017 18:00,30.38888889
UCM,H,194,SOILTD1,10/4/2017 19:00,10/4/2017 19:00,30.33333333
UCM,H,194,SOILTD1,10/4/2017 20:00,10/4/2017 20:00,30.11111111
UCM,H,194,SOILTD1,10/4/2017 21:00,10/4/2017 21:00,29.61111111
UCM,H,194,SOILTD1,10/4/2017 22:00,10/4/2017 22:00,29.05555556
UCM,H,194,SOILTD1,10/4/2017 23:00,10/4/2017 23:00,28.5
UCM,H,194,SOILTD1,10/5/2017 0:00,10/5/2017 0:00,27.94444444
UCM,H,194,SOILTD1,10/5/2017 1:00,10/5/2017 1:00,27.38888889
UCM,H,194,SOILTD1,10/5/2017 2:00,10/5/2017 2:00,26.94444444
UCM,H,194,SOILTD1,10/5/2017 3:00,10/5/2017 3:00,26.44444444
UCM,H,194,SOILTD1,10/5/2017 4:00,10/5/2017 4:00,26.05555556
UCM,H,194,SOILTD1,10/5/2017 5:00,10/5/2017 5:00,25.61111111
UCM,H,194,SOILTD1,10/5/2017 6:00,10/5/2017 6:00,25.22222222
UCM,H,194,SOILTD1,10/5/2017 7:00,10/5/2017 7:00,24.88888889
UCM,H,194,SOILTD1,10/5/2017 8:00,10/5/2017 8:00,24.55555556
UCM,H,194,SOILTD1,10/5/2017 9:00,10/5/2017 9:00,24.27777778
UCM,H,194,SOILTD1,10/5/2017 10:00,10/5/2017 10:00,24.11111111
UCM,H,194,SOILTD1,10/5/2017 11:00,10/5/2017 11:00,24.22222222
UCM,H,194,SOILTD1,10/5/2017 12:00,10/5/2017 12:00,24.88888889
UCM,H,194,SOILTD1,10/5/2017 13:00,10/5/2017 13:00,25.94444444
UCM,H,194,SOILTD1,10/5/2017 14:00,10/5/2017 14:00,27.16666667
UCM,H,194,SOILTD1,10/5/2017 15:00,10/5/2017 15:00,28.38888889
UCM,H,194,SOILTD1,10/5/2017 16:00,10/5/2017 16:00,29.44444444
UCM,H,194,SOILTD1,10/5/2017 17:00,10/5/2017 17:00,30.11111111
UCM,H,194,SOILTD1,10/5/2017 18:00,10/5/2017 18:00,30.38888889
UCM,H,194,SOILTD1,10/5/2017 19:00,10/5/2017 19:00,30.33333333
UCM,H,194,SOILTD1,10/5/2017 20:00,10/5/2017 20:00,30
UCM,H,194,SOILTD1,10/5/2017 21:00,10/5/2017 21:00,29.5
UCM,H,194,SOILTD1,10/5/2017 22:00,10/5/2017 22:00,28.94444444
UCM,H,194,SOILTD1,10/5/2017 23:00,10/5/2017 23:00,28.38888889
UCM,H,194,SOILTD1,10/6/2017 0:00,10/6/2017 0:00,27.77777778
UCM,H,194,SOILTD1,10/6/2017 1:00,10/6/2017 1:00,27.27777778
UCM,H,194,SOILTD1,10/6/2017 2:00,10/6/2017 2:00,26.77777778
UCM,H,194,SOILTD1,10/6/2017 3:00,10/6/2017 3:00,26.33333333
UCM,H,194,SOILTD1,10/6/2017 4:00,10/6/2017 4:00,25.88888889
UCM,H,194,SOILTD1,10/6/2017 5:00,10/6/2017 5:00,25.44444444
UCM,H,194,SOILTD1,10/6/2017 6:00,10/6/2017 6:00,25.16666667
UCM,H,194,SOILTD1,10/6/2017 7:00,10/6/2017 7:00,24.77777778
UCM,H,194,SOILTD1,10/6/2017 8:00,10/6/2017 8:00,24.44444444
UCM,H,194,SOILTD1,10/6/2017 9:00,10/6/2017 9:00,24.16666667
UCM,H,194,SOILTD1,10/6/2017 10:00,10/6/2017 10:00,24
UCM,H,194,SOILTD1,10/6/2017 11:00,10/6/2017 11:00,24.16666667
UCM,H,194,SOILTD1,10/6/2017 12:00,10/6/2017 12:00,24.88888889
UCM,H,194,SOILTD1,10/6/2017 13:00,10/6/2017 13:00,25.94444444
UCM,H,194,SOILTD1,10/6/2017 14:00,10/6/2017 14:00,27.11111111
UCM,H,194,SOILTD1,10/6/2017 15:00,10/6/2017 15:00,28.27777778
UCM,H,194,SOILTD1,10/6/2017 16:00,10/6/2017 16:00,29.27777778
UCM,H,194,SOILTD1,10/6/2017 17:00,10/6/2017 17:00,29.94444444
UCM,H,194,SOILTD1,10/6/2017 18:00,10/6/2017 18:00,30.22222222
UCM,H,194,SOILTD1,10/6/2017 19:00,10/6/2017 19:00,30.22222222
UCM,H,194,SOILTD1,10/6/2017 20:00,10/6/2017 20:00,29.94444444
UCM,H,194,SOILTD1,10/6/2017 21:00,10/6/2017 21:00,29.44444444
UCM,H,194,SOILTD1,10/6/2017 22:00,10/6/2017 22:00,28.94444444
UCM,H,194,SOILTD1,10/6/2017 23:00,10/6/2017 23:00,28.44444444
UCM,H,194,SOILTD1,10/7/2017 0:00,10/7/2017 0:00,27.88888889
UCM,H,194,SOILTD1,10/7/2017 1:00,10/7/2017 1:00,27.38888889
UCM,H,194,SOILTD1,10/7/2017 2:00,10/7/2017 2:00,26.94444444
UCM,H,194,SOILTD1,10/7/2017 3:00,10/7/2017 3:00,26.55555556
UCM,H,194,SOILTD1,10/7/2017 4:00,10/7/2017 4:00,26.11111111
UCM,H,194,SOILTD1,10/7/2017 5:00,10/7/2017 5:00,25.72222222
UCM,H,194,SOILTD1,10/7/2017 6:00,10/7/2017 6:00,25.33333333
UCM,H,194,SOILTD1,10/7/2017 7:00,10/7/2017 7:00,
UCM,H,194,SOILTD1,10/7/2017 8:00,10/7/2017 8:00,24.77777778
UCM,H,194,SOILTD1,10/7/2017 9:00,10/7/2017 9:00,24.5
UCM,H,194,SOILTD1,10/7/2017 10:00,10/7/2017 10:00,24.33333333
UCM,H,194,SOILTD1,10/7/2017 11:00,10/7/2017 11:00,24.55555556
UCM,H,194,SOILTD1,10/7/2017 12:00,10/7/2017 12:00,25.22222222
UCM,H,194,SOILTD1,10/7/2017 13:00,10/7/2017 13:00,26.22222222
UCM,H,194,SOILTD1,10/7/2017 14:00,10/7/2017 14:00,27.44444444
UCM,H,194,SOILTD1,10/7/2017 15:00,10/7/2017 15:00,28.66666667
UCM,H,194,SOILTD1,10/7/2017 16:00,10/7/2017 16:00,29.66666667
UCM,H,194,SOILTD1,10/7/2017 17:00,10/7/2017 17:00,30.33333333
UCM,H,194,SOILTD1,10/7/2017 18:00,10/7/2017 18:00,30.66666667
UCM,H,194,SOILTD1,10/7/2017 19:00,10/7/2017 19:00,30.61111111
UCM,H,194,SOILTD1,10/7/2017 20:00,10/7/2017 20:00,30.33333333
UCM,H,194,SOILTD1,10/7/2017 21:00,10/7/2017 21:00,29.88888889
UCM,H,194,SOILTD1,10/7/2017 22:00,10/7/2017 22:00,29.27777778
UCM,H,194,SOILTD1,10/7/2017 23:00,10/7/2017 23:00,28.72222222
UCM,H,194,SOILTD1,10/8/2017 0:00,10/8/2017 0:00,28.22222222
UCM,H,194,SOILTD1,10/8/2017 1:00,10/8/2017 1:00,27.72222222
UCM,H,194,SOILTD1,10/8/2017 2:00,10/8/2017 2:00,27.22222222
UCM,H,194,SOILTD1,10/8/2017 3:00,10/8/2017 3:00,26.83333333
UCM,H,194,SOILTD1,10/8/2017 4:00,10/8/2017 4:00,26.44444444
UCM,H,194,SOILTD1,10/8/2017 5:00,10/8/2017 5:00,26.05555556
UCM,H,194,SOILTD1,10/8/2017 6:00,10/8/2017 6:00,25.66666667
UCM,H,194,SOILTD1,10/8/2017 7:00,10/8/2017 7:00,25.33333333
UCM,H,194,SOILTD1,10/8/2017 8:00,10/8/2017 8:00,25.05555556
UCM,H,194,SOILTD1,10/8/2017 9:00,10/8/2017 9:00,24.77777778
UCM,H,194,SOILTD1,10/8/2017 10:00,10/8/2017 10:00,24.61111111
UCM,H,194,SOILTD1,10/8/2017 11:00,10/8/2017 11:00,24.77777778
UCM,H,194,SOILTD1,10/8/2017 12:00,10/8/2017 12:00,25.44444444
UCM,H,194,SOILTD1,10/8/2017 13:00,10/8/2017 13:00,26.44444444
UCM,H,194,SOILTD1,10/8/2017 14:00,10/8/2017 14:00,27.55555556
UCM,H,194,SOILTD1,10/8/2017 15:00,10/8/2017 15:00,28.66666667
UCM,H,194,SOILTD1,10/8/2017 16:00,10/8/2017 16:00,29.5
UCM,H,194,SOILTD1,10/8/2017 17:00,10/8/2017 17:00,30.05555556
UCM,H,194,SOILTD1,10/8/2017 18:00,10/8/2017 18:00,30.27777778
UCM,H,194,SOILTD1,10/8/2017 19:00,10/8/2017 19:00,30.16666667
UCM,H,194,SOILTD1,10/8/2017 20:00,10/8/2017 20:00,29.77777778
UCM,H,194,SOILTD1,10/8/2017 21:00,10/8/2017 21:00,29.22222222
UCM,H,194,SOILTD1,10/8/2017 22:00,10/8/2017 22:00,28.77777778
UCM,H,194,SOILTD1,10/8/2017 23:00,10/8/2017 23:00,28.22222222
UCM,H,194,SOILTD1,10/9/2017 0:00,10/9/2017 0:00,27.61111111
UCM,H,194,SOILTD1,10/9/2017 1:00,10/9/2017 1:00,27.11111111
UCM,H,194,SOILTD1,10/9/2017 2:00,10/9/2017 2:00,26.66666667
UCM,H,194,SOILTD1,10/9/2017 3:00,10/9/2017 3:00,26.16666667
UCM,H,194,SOILTD1,10/9/2017 4:00,10/9/2017 4:00,25.77777778
UCM,H,194,SOILTD1,10/9/2017 5:00,10/9/2017 5:00,25.27777778
UCM,H,194,SOILTD1,10/9/2017 6:00,10/9/2017 6:00,24.94444444
UCM,H,194,SOILTD1,10/9/2017 7:00,10/9/2017 7:00,24.55555556
UCM,H,194,SOILTD1,10/9/2017 8:00,10/9/2017 8:00,24.27777778
UCM,H,194,SOILTD1,10/9/2017 9:00,10/9/2017 9:00,24
UCM,H,194,SOILTD1,10/9/2017 10:00,10/9/2017 10:00,23.77777778
UCM,H,194,SOILTD1,10/9/2017 11:00,10/9/2017 11:00,23.94444444
UCM,H,194,SOILTD1,10/9/2017 12:00,10/9/2017 12:00,24.5
UCM,H,194,SOILTD1,10/9/2017 13:00,10/9/2017 13:00,25.5
UCM,H,194,SOILTD1,10/9/2017 14:00,10/9/2017 14:00,26.55555556
UCM,H,194,SOILTD1,10/9/2017 15:00,10/9/2017 15:00,27.61111111
UCM,H,194,SOILTD1,10/9/2017 16:00,10/9/2017 16:00,28.5
UCM,H,194,SOILTD1,10/9/2017 17:00,10/9/2017 17:00,29.05555556
UCM,H,194,SOILTD1,10/9/2017 18:00,10/9/2017 18:00,29.27777778
UCM,H,194,SOILTD1,10/9/2017 19:00,10/9/2017 19:00,29.22222222
UCM,H,194,SOILTD1,10/9/2017 20:00,10/9/2017 20:00,28.94444444
UCM,H,194,SOILTD1,10/9/2017 21:00,10/9/2017 21:00,28.44444444
UCM,H,194,SOILTD1,10/9/2017 22:00,10/9/2017 22:00,27.88888889
UCM,H,194,SOILTD1,10/9/2017 23:00,10/9/2017 23:00,27.38888889
UCM,H,194,SOILTD1,10/10/2017 0:00,10/10/2017 0:00,26.88888889
UCM,H,194,SOILTD1,10/10/2017 1:00,10/10/2017 1:00,26.44444444
UCM,H,194,SOILTD1,10/10/2017 2:00,10/10/2017 2:00,26
UCM,H,194,SOILTD1,10/10/2017 3:00,10/10/2017 3:00,25.61111111
UCM,H,194,SOILTD1,10/10/2017 4:00,10/10/2017 4:00,25.22222222
UCM,H,194,SOILTD1,10/10/2017 5:00,10/10/2017 5:00,24.88888889
UCM,H,194,SOILTD1,10/10/2017 6:00,10/10/2017 6:00,24.5
UCM,H,194,SOILTD1,10/10/2017 7:00,10/10/2017 7:00,24.22222222
UCM,H,194,SOILTD1,10/10/2017 8:00,10/10/2017 8:00,23.94444444
UCM,H,194,SOILTD1,10/10/2017 9:00,10/10/2017 9:00,23.66666667
UCM,H,194,SOILTD1,10/10/2017 10:00,10/10/2017 10:00,23.5
UCM,H,194,SOILTD1,10/10/2017 11:00,10/10/2017 11:00,23.66666667
UCM,H,194,SOILTD1,10/10/2017 12:00,10/10/2017 12:00,24.22222222
UCM,H,194,SOILTD1,10/10/2017 13:00,10/10/2017 13:00,25.16666667
UCM,H,194,SOILTD1,10/10/2017 14:00,10/10/2017 14:00,26.27777778
UCM,H,194,SOILTD1,10/10/2017 15:00,10/10/2017 15:00,27.33333333
UCM,H,194,SOILTD1,10/10/2017 16:00,10/10/2017 16:00,28.27777778
UCM,H,194,SOILTD1,10/10/2017 17:00,10/10/2017 17:00,28.88888889
UCM,H,194,SOILTD1,10/10/2017 18:00,10/10/2017 18:00,29.11111111
UCM,H,194,SOILTD1,10/10/2017 19:00,10/10/2017 19:00,29.05555556
UCM,H,194,SOILTD1,10/10/2017 20:00,10/10/2017 20:00,28.83333333
UCM,H,194,SOILTD1,10/10/2017 21:00,10/10/2017 21:00,28.44444444
UCM,H,194,SOILTD1,10/10/2017 22:00,10/10/2017 22:00,27.94444444
UCM,H,194,SOILTD1,10/10/2017 23:00,10/10/2017 23:00,27.44444444
UCM,H,194,SOILTD1,10/11/2017 0:00,10/11/2017 0:00,27.05555556
UCM,H,194,SOILTD1,10/11/2017 1:00,10/11/2017 1:00,26.66666667
UCM,H,194,SOILTD1,10/11/2017 2:00,10/11/2017 2:00,26.22222222
UCM,H,194,SOILTD1,10/11/2017 3:00,10/11/2017 3:00,25.94444444
UCM,H,194,SOILTD1,10/11/2017 4:00,10/11/2017 4:00,25.55555556
UCM,H,194,SOILTD1,10/11/2017 5:00,10/11/2017 5:00,25.27777778
UCM,H,194,SOILTD1,10/11/2017 6:00,10/11/2017 6:00,25
UCM,H,194,SOILTD1,10/11/2017 7:00,10/11/2017 7:00,24.66666667
UCM,H,194,SOILTD1,10/11/2017 8:00,10/11/2017 8:00,24.38888889
UCM,H,194,SOILTD1,10/11/2017 9:00,10/11/2017 9:00,24.11111111
UCM,H,194,SOILTD1,10/11/2017 10:00,10/11/2017 10:00,24
UCM,H,194,SOILTD1,10/11/2017 11:00,10/11/2017 11:00,24.05555556
UCM,H,194,SOILTD1,10/11/2017 12:00,10/11/2017 12:00,24.55555556
UCM,H,194,SOILTD1,10/11/2017 13:00,10/11/2017 13:00,25.27777778
UCM,H,194,SOILTD1,10/11/2017 14:00,10/11/2017 14:00,26.22222222
UCM,H,194,SOILTD1,10/11/2017 15:00,10/11/2017 15:00,27.16666667
UCM,H,194,SOILTD1,10/11/2017 16:00,10/11/2017 16:00,27.83333333
UCM,H,194,SOILTD1,10/11/2017 17:00,10/11/2017 17:00,28.33333333
UCM,H,194,SOILTD1,10/11/2017 18:00,10/11/2017 18:00,28.5
UCM,H,194,SOILTD1,10/11/2017 19:00,10/11/2017 19:00,28.44444444
UCM,H,194,SOILTD1,10/11/2017 20:00,10/11/2017 20:00,28.16666667
UCM,H,194,SOILTD1,10/11/2017 21:00,10/11/2017 21:00,27.72222222
UCM,H,194,SOILTD1,10/11/2017 22:00,10/11/2017 22:00,27.22222222
UCM,H,194,SOILTD1,10/11/2017 23:00,10/11/2017 23:00,26.72222222
UCM,H,194,SOILTD1,10/12/2017 0:00,10/12/2017 0:00,26.22222222
UCM,H,194,SOILTD1,10/12/2017 1:00,10/12/2017 1:00,25.72222222
UCM,H,194,SOILTD1,10/12/2017 2:00,10/12/2017 2:00,25.22222222
UCM,H,194,SOILTD1,10/12/2017 3:00,10/12/2017 3:00,24.83333333
UCM,H,194,SOILTD1,10/12/2017 4:00,10/12/2017 4:00,24.44444444
UCM,H,194,SOILTD1,10/12/2017 5:00,10/12/2017 5:00,24.16666667
UCM,H,194,SOILTD1,10/12/2017 6:00,10/12/2017 6:00,23.77777778
UCM,H,194,SOILTD1,10/12/2017 7:00,10/12/2017 7:00,23.44444444
UCM,H,194,SOILTD1,10/12/2017 8:00,10/12/2017 8:00,23.16666667
UCM,H,194,SOILTD1,10/12/2017 9:00,10/12/2017 9:00,22.83333333
UCM,H,194,SOILTD1,10/12/2017 10:00,10/12/2017 10:00,22.61111111
UCM,H,194,SOILTD1,10/12/2017 11:00,10/12/2017 11:00,22.72222222
UCM,H,194,SOILTD1,10/12/2017 12:00,10/12/2017 12:00,23.22222222
UCM,H,194,SOILTD1,10/12/2017 13:00,10/12/2017 13:00,24
UCM,H,194,SOILTD1,10/12/2017 14:00,10/12/2017 14:00,25.05555556
UCM,H,194,SOILTD1,10/12/2017 15:00,10/12/2017 15:00,26.11111111
UCM,H,194,SOILTD1,10/12/2017 16:00,10/12/2017 16:00,27
UCM,H,194,SOILTD1,10/12/2017 17:00,10/12/2017 17:00,27.55555556
UCM,H,194,SOILTD1,10/12/2017 18:00,10/12/2017 18:00,27.77777778
UCM,H,194,SOILTD1,10/12/2017 19:00,10/12/2017 19:00,27.72222222
UCM,H,194,SOILTD1,10/12/2017 20:00,10/12/2017 20:00,27.33333333
UCM,H,194,SOILTD1,10/12/2017 21:00,10/12/2017 21:00,26.88888889
UCM,H,194,SOILTD1,10/12/2017 22:00,10/12/2017 22:00,26.33333333
UCM,H,194,SOILTD1,10/12/2017 23:00,10/12/2017 23:00,25.77777778
UCM,H,194,SOILTD1,10/13/2017 0:00,10/13/2017 0:00,25.22222222
UCM,H,194,SOILTD1,10/13/2017 1:00,10/13/2017 1:00,24.77777778
UCM,H,194,SOILTD1,10/13/2017 2:00,10/13/2017 2:00,24.27777778
UCM,H,194,SOILTD1,10/13/2017 3:00,10/13/2017 3:00,23.83333333
UCM,H,194,SOILTD1,10/13/2017 4:00,10/13/2017 4:00,23.44444444
UCM,H,194,SOILTD1,10/13/2017 5:00,10/13/2017 5:00,23.05555556
UCM,H,194,SOILTD1,10/13/2017 6:00,10/13/2017 6:00,22.72222222
UCM,H,194,SOILTD1,10/13/2017 7:00,10/13/2017 7:00,22.38888889
UCM,H,194,SOILTD1,10/13/2017 8:00,10/13/2017 8:00,22.11111111
UCM,H,194,SOILTD1,10/13/2017 9:00,10/13/2017 9:00,21.83333333
UCM,H,194,SOILTD1,10/13/2017 10:00,10/13/2017 10:00,21.72222222
UCM,H,194,SOILTD1,10/13/2017 11:00,10/13/2017 11:00,21.83333333
UCM,H,194,SOILTD1,10/13/2017 12:00,10/13/2017 12:00,22.5
UCM,H,194,SOILTD1,10/13/2017 13:00,10/13/2017 13:00,23.38888889
UCM,H,194,SOILTD1,10/13/2017 14:00,10/13/2017 14:00,24.55555556
UCM,H,194,SOILTD1,10/13/2017 15:00,10/13/2017 15:00,25.72222222
UCM,H,194,SOILTD1,10/13/2017 16:00,10/13/2017 16:00,26.72222222
UCM,H,194,SOILTD1,10/13/2017 17:00,10/13/2017 17:00,27.27777778
UCM,H,194,SOILTD1,10/13/2017 18:00,10/13/2017 18:00,27.55555556
UCM,H,194,SOILTD1,10/13/2017 19:00,10/13/2017 19:00,27.5
UCM,H,194,SOILTD1,10/13/2017 20:00,10/13/2017 20:00,27.22222222
UCM,H,194,SOILTD1,10/13/2017 21:00,10/13/2017 21:00,26.77777778
UCM,H,194,SOILTD1,10/13/2017 22:00,10/13/2017 22:00,26.27777778
UCM,H,194,SOILTD1,10/13/2017 23:00,10/13/2017 23:00,25.72222222
UCM,H,194,SOILTD1,10/14/2017 0:00,10/14/2017 0:00,25.22222222
UCM,H,194,SOILTD1,10/14/2017 1:00,10/14/2017 1:00,24.72222222
UCM,H,194,SOILTD1,10/14/2017 2:00,10/14/2017 2:00,24.22222222
UCM,H,194,SOILTD1,10/14/2017 3:00,10/14/2017 3:00,23.83333333
UCM,H,194,SOILTD1,10/14/2017 4:00,10/14/2017 4:00,23.44444444
UCM,H,194,SOILTD1,10/14/2017 5:00,10/14/2017 5:00,23.05555556
UCM,H,194,SOILTD1,10/14/2017 6:00,10/14/2017 6:00,22.66666667
UCM,H,194,SOILTD1,10/14/2017 7:00,10/14/2017 7:00,22.38888889
UCM,H,194,SOILTD1,10/14/2017 8:00,10/14/2017 8:00,22.11111111
UCM,H,194,SOILTD1,10/14/2017 9:00,10/14/2017 9:00,21.83333333
UCM,H,194,SOILTD1,10/14/2017 10:00,10/14/2017 10:00,21.72222222
UCM,H,194,SOILTD1,10/14/2017 11:00,10/14/2017 11:00,21.94444444
UCM,H,194,SOILTD1,10/14/2017 12:00,10/14/2017 12:00,22.5
UCM,H,194,SOILTD1,10/14/2017 13:00,10/14/2017 13:00,23.44444444
UCM,H,194,SOILTD1,10/14/2017 14:00,10/14/2017 14:00,24.5
UCM,H,194,SOILTD1,10/14/2017 15:00,10/14/2017 15:00,25.61111111
UCM,H,194,SOILTD1,10/14/2017 16:00,10/14/2017 16:00,26.55555556
UCM,H,194,SOILTD1,10/14/2017 17:00,10/14/2017 17:00,27.11111111
UCM,H,194,SOILTD1,10/14/2017 18:00,10/14/2017 18:00,27.38888889
UCM,H,194,SOILTD1,10/14/2017 19:00,10/14/2017 19:00,27.27777778
UCM,H,194,SOILTD1,10/14/2017 20:00,10/14/2017 20:00,27
UCM,H,194,SOILTD1,10/14/2017 21:00,10/14/2017 21:00,26.55555556
UCM,H,194,SOILTD1,10/14/2017 22:00,10/14/2017 22:00,26
UCM,H,194,SOILTD1,10/14/2017 23:00,10/14/2017 23:00,25.5
UCM,H,194,SOILTD1,10/15/2017 0:00,10/15/2017 0:00,25.05555556
UCM,H,194,SOILTD1,10/15/2017 1:00,10/15/2017 1:00,24.55555556
UCM,H,194,SOILTD1,10/15/2017 2:00,10/15/2017 2:00,24.16666667
UCM,H,194,SOILTD1,10/15/2017 3:00,10/15/2017 3:00,23.77777778
UCM,H,194,SOILTD1,10/15/2017 4:00,10/15/2017 4:00,23.33333333
UCM,H,194,SOILTD1,10/15/2017 5:00,10/15/2017 5:00,23
UCM,H,194,SOILTD1,10/15/2017 6:00,10/15/2017 6:00,22.66666667
UCM,H,194,SOILTD1,10/15/2017 7:00,10/15/2017 7:00,22.33333333
UCM,H,194,SOILTD1,10/15/2017 8:00,10/15/2017 8:00,22.05555556
UCM,H,194,SOILTD1,10/15/2017 9:00,10/15/2017 9:00,21.83333333
UCM,H,194,SOILTD1,10/15/2017 10:00,10/15/2017 10:00,21.72222222
UCM,H,194,SOILTD1,10/15/2017 11:00,10/15/2017 11:00,21.83333333
UCM,H,194,SOILTD1,10/15/2017 12:00,10/15/2017 12:00,22.38888889
UCM,H,194,SOILTD1,10/15/2017 13:00,10/15/2017 13:00,23.27777778
UCM,H,194,SOILTD1,10/15/2017 14:00,10/15/2017 14:00,24.33333333
UCM,H,194,SOILTD1,10/15/2017 15:00,10/15/2017 15:00,25.5
UCM,H,194,SOILTD1,10/15/2017 16:00,10/15/2017 16:00,26.5
UCM,H,194,SOILTD1,10/15/2017 17:00,10/15/2017 17:00,27.11111111
UCM,H,194,SOILTD1,10/15/2017 18:00,10/15/2017 18:00,27.44444444
UCM,H,194,SOILTD1,10/15/2017 19:00,10/15/2017 19:00,27.38888889
UCM,H,194,SOILTD1,10/15/2017 20:00,10/15/2017 20:00,27.16666667
UCM,H,194,SOILTD1,10/15/2017 21:00,10/15/2017 21:00,26.72222222
UCM,H,194,SOILTD1,10/15/2017 22:00,10/15/2017 22:00,26.22222222
UCM,H,194,SOILTD1,10/15/2017 23:00,10/15/2017 23:00,25.72222222
UCM,H,194,SOILTD1,10/16/2017 0:00,10/16/2017 0:00,25.22222222
UCM,H,194,SOILTD1,10/16/2017 1:00,10/16/2017 1:00,24.83333333
UCM,H,194,SOILTD1,10/16/2017 2:00,10/16/2017 2:00,24.44444444
UCM,H,194,SOILTD1,10/16/2017 3:00,10/16/2017 3:00,23.94444444
UCM,H,194,SOILTD1,10/16/2017 4:00,10/16/2017 4:00,23.55555556
UCM,H,194,SOILTD1,10/16/2017 5:00,10/16/2017 5:00,23.22222222
UCM,H,194,SOILTD1,10/16/2017 6:00,10/16/2017 6:00,22.88888889
UCM,H,194,SOILTD1,10/16/2017 7:00,10/16/2017 7:00,22.55555556
UCM,H,194,SOILTD1,10/16/2017 8:00,10/16/2017 8:00,22.22222222
UCM,H,194,SOILTD1,10/16/2017 9:00,10/16/2017 9:00,22
UCM,H,194,SOILTD1,10/16/2017 10:00,10/16/2017 10:00,21.88888889
UCM,H,194,SOILTD1,10/16/2017 11:00,10/16/2017 11:00,22.05555556
UCM,H,194,SOILTD1,10/16/2017 12:00,10/16/2017 12:00,22.61111111
UCM,H,194,SOILTD1,10/16/2017 13:00,10/16/2017 13:00,23.5
UCM,H,194,SOILTD1,10/16/2017 14:00,10/16/2017 14:00,24.55555556
UCM,H,194,SOILTD1,10/16/2017 15:00,10/16/2017 15:00,25.5
UCM,H,194,SOILTD1,10/16/2017 16:00,10/16/2017 16:00,26.27777778
UCM,H,194,SOILTD1,10/16/2017 17:00,10/16/2017 17:00,26.83333333
UCM,H,194,SOILTD1,10/16/2017 18:00,10/16/2017 18:00,27.16666667
UCM,H,194,SOILTD1,10/16/2017 19:00,10/16/2017 19:00,27.16666667
UCM,H,194,SOILTD1,10/16/2017 20:00,10/16/2017 20:00,26.94444444
UCM,H,194,SOILTD1,10/16/2017 21:00,10/16/2017 21:00,26.55555556
UCM,H,194,SOILTD1,10/16/2017 22:00,10/16/2017 22:00,26.05555556
UCM,H,194,SOILTD1,10/16/2017 23:00,10/16/2017 23:00,25.55555556
UCM,H,194,SOILTD1,10/17/2017 0:00,10/17/2017 0:00,25.05555556
UCM,H,194,SOILTD1,10/17/2017 1:00,10/17/2017 1:00,24.66666667
UCM,H,194,SOILTD1,10/17/2017 2:00,10/17/2017 2:00,24.22222222
UCM,H,194,SOILTD1,10/17/2017 3:00,10/17/2017 3:00,23.88888889
UCM,H,194,SOILTD1,10/17/2017 4:00,10/17/2017 4:00,23.55555556
UCM,H,194,SOILTD1,10/17/2017 5:00,10/17/2017 5:00,23.22222222
UCM,H,194,SOILTD1,10/17/2017 6:00,10/17/2017 6:00,22.94444444
UCM,H,194,SOILTD1,10/17/2017 7:00,10/17/2017 7:00,22.66666667
UCM,H,194,SOILTD1,10/17/2017 8:00,10/17/2017 8:00,22.44444444
UCM,H,194,SOILTD1,10/17/2017 9:00,10/17/2017 9:00,22.22222222
UCM,H,194,SOILTD1,10/17/2017 10:00,10/17/2017 10:00,22.11111111
UCM,H,194,SOILTD1,10/17/2017 11:00,10/17/2017 11:00,22.27777778
UCM,H,194,SOILTD1,10/17/2017 12:00,10/17/2017 12:00,22.77777778
UCM,H,194,SOILTD1,10/17/2017 13:00,10/17/2017 13:00,23.55555556
UCM,H,194,SOILTD1,10/17/2017 14:00,10/17/2017 14:00,24.72222222
UCM,H,194,SOILTD1,10/17/2017 15:00,10/17/2017 15:00,25.72222222
UCM,H,194,SOILTD1,10/17/2017 16:00,10/17/2017 16:00,26.38888889
UCM,H,194,SOILTD1,10/17/2017 17:00,10/17/2017 17:00,26.83333333
UCM,H,194,SOILTD1,10/17/2017 18:00,10/17/2017 18:00,27.05555556
UCM,H,194,SOILTD1,10/17/2017 19:00,10/17/2017 19:00,27.05555556
UCM,H,194,SOILTD1,10/17/2017 20:00,10/17/2017 20:00,26.83333333
UCM,H,194,SOILTD1,10/17/2017 21:00,10/17/2017 21:00,26.55555556
UCM,H,194,SOILTD1,10/17/2017 22:00,10/17/2017 22:00,26.16666667
UCM,H,194,SOILTD1,10/17/2017 23:00,10/17/2017 23:00,25.77777778
UCM,H,194,SOILTD1,10/18/2017 0:00,10/18/2017 0:00,25.33333333
UCM,H,194,SOILTD1,10/18/2017 1:00,10/18/2017 1:00,25
UCM,H,194,SOILTD1,10/18/2017 2:00,10/18/2017 2:00,24.66666667
UCM,H,194,SOILTD1,10/18/2017 3:00,10/18/2017 3:00,24.22222222
UCM,H,194,SOILTD1,10/18/2017 4:00,10/18/2017 4:00,23.83333333
UCM,H,194,SOILTD1,10/18/2017 5:00,10/18/2017 5:00,23.44444444
UCM,H,194,SOILTD1,10/18/2017 6:00,10/18/2017 6:00,23.11111111
UCM,H,194,SOILTD1,10/18/2017 7:00,10/18/2017 7:00,22.77777778
UCM,H,194,SOILTD1,10/18/2017 8:00,10/18/2017 8:00,22.5
UCM,H,194,SOILTD1,10/18/2017 9:00,10/18/2017 9:00,22.16666667
UCM,H,194,SOILTD1,10/18/2017 10:00,10/18/2017 10:00,22
UCM,H,194,SOILTD1,10/18/2017 11:00,10/18/2017 11:00,22.16666667
UCM,H,194,SOILTD1,10/18/2017 12:00,10/18/2017 12:00,22.61111111
UCM,H,194,SOILTD1,10/18/2017 13:00,10/18/2017 13:00,23.55555556
UCM,H,194,SOILTD1,10/18/2017 14:00,10/18/2017 14:00,24.61111111
UCM,H,194,SOILTD1,10/18/2017 15:00,10/18/2017 15:00,25.72222222
UCM,H,194,SOILTD1,10/18/2017 16:00,10/18/2017 16:00,26.61111111
UCM,H,194,SOILTD1,10/18/2017 17:00,10/18/2017 17:00,27.22222222
UCM,H,194,SOILTD1,10/18/2017 18:00,10/18/2017 18:00,27.5
UCM,H,194,SOILTD1,10/18/2017 19:00,10/18/2017 19:00,27.38888889
UCM,H,194,SOILTD1,10/18/2017 20:00,10/18/2017 20:00,27.11111111
UCM,H,194,SOILTD1,10/18/2017 21:00,10/18/2017 21:00,26.66666667
UCM,H,194,SOILTD1,10/18/2017 22:00,10/18/2017 22:00,26.11111111
UCM,H,194,SOILTD1,10/18/2017 23:00,10/18/2017 23:00,25.61111111
UCM,H,194,SOILTD1,10/19/2017 0:00,10/19/2017 0:00,25.16666667
UCM,H,194,SOILTD1,10/19/2017 1:00,10/19/2017 1:00,24.66666667
UCM,H,194,SOILTD1,10/19/2017 2:00,10/19/2017 2:00,24.22222222
UCM,H,194,SOILTD1,10/19/2017 3:00,10/19/2017 3:00,23.83333333
UCM,H,194,SOILTD1,10/19/2017 4:00,10/19/2017 4:00,23.44444444
UCM,H,194,SOILTD1,10/19/2017 5:00,10/19/2017 5:00,23.05555556
UCM,H,194,SOILTD1,10/19/2017 6:00,10/19/2017 6:00,22.77777778
UCM,H,194,SOILTD1,10/19/2017 7:00,10/19/2017 7:00,22.44444444
UCM,H,194,SOILTD1,10/19/2017 8:00,10/19/2017 8:00,22.16666667
UCM,H,194,SOILTD1,10/19/2017 9:00,10/19/2017 9:00,21.94444444
UCM,H,194,SOILTD1,10/19/2017 10:00,10/19/2017 10:00,21.77777778
UCM,H,194,SOILTD1,10/19/2017 11:00,10/19/2017 11:00,21.94444444
UCM,H,194,SOILTD1,10/19/2017 12:00,10/19/2017 12:00,22.5
UCM,H,194,SOILTD1,10/19/2017 13:00,10/19/2017 13:00,23.33333333
UCM,H,194,SOILTD1,10/19/2017 14:00,10/19/2017 14:00,24.44444444
UCM,H,194,SOILTD1,10/19/2017 15:00,10/19/2017 15:00,25.38888889
UCM,H,194,SOILTD1,10/19/2017 16:00,10/19/2017 16:00,26.16666667
UCM,H,194,SOILTD1,10/19/2017 17:00,10/19/2017 17:00,26.66666667
UCM,H,194,SOILTD1,10/19/2017 18:00,10/19/2017 18:00,26.88888889
UCM,H,194,SOILTD1,10/19/2017 19:00,10/19/2017 19:00,26.83333333
UCM,H,194,SOILTD1,10/19/2017 20:00,10/19/2017 20:00,26.66666667
UCM,H,194,SOILTD1,10/19/2017 21:00,10/19/2017 21:00,26.33333333
UCM,H,194,SOILTD1,10/19/2017 22:00,10/19/2017 22:00,25.94444444
UCM,H,194,SOILTD1,10/19/2017 23:00,10/19/2017 23:00,25.5
UCM,H,194,SOILTD1,10/20/2017 0:00,10/20/2017 0:00,25.16666667
UCM,H,194,SOILTD1,10/20/2017 1:00,10/20/2017 1:00,24.88888889
UCM,H,194,SOILTD1,10/20/2017 2:00,10/20/2017 2:00,24.55555556
UCM,H,194,SOILTD1,10/20/2017 3:00,10/20/2017 3:00,24.27777778
UCM,H,194,SOILTD1,10/20/2017 4:00,10/20/2017 4:00,24
UCM,H,194,SOILTD1,10/20/2017 5:00,10/20/2017 5:00,23.77777778
UCM,H,194,SOILTD1,10/20/2017 6:00,10/20/2017 6:00,23.61111111
UCM,H,194,SOILTD1,10/20/2017 7:00,10/20/2017 7:00,23.38888889
UCM,H,194,SOILTD1,10/20/2017 8:00,10/20/2017 8:00,23.11111111
UCM,H,194,SOILTD1,10/20/2017 9:00,10/20/2017 9:00,22.83333333
UCM,H,194,SOILTD1,10/20/2017 10:00,10/20/2017 10:00,22.66666667
UCM,H,194,SOILTD1,10/20/2017 11:00,10/20/2017 11:00,22.66666667
UCM,H,194,SOILTD1,10/20/2017 12:00,10/20/2017 12:00,22.94444444
UCM,H,194,SOILTD1,10/20/2017 13:00,10/20/2017 13:00,23.38888889
UCM,H,194,SOILTD1,10/20/2017 14:00,10/20/2017 14:00,24
UCM,H,194,SOILTD1,10/20/2017 15:00,10/20/2017 15:00,24.5
UCM,H,194,SOILTD1,10/20/2017 16:00,10/20/2017 16:00,24.88888889
UCM,H,194,SOILTD1,10/20/2017 17:00,10/20/2017 17:00,25.16666667
UCM,H,194,SOILTD1,10/20/2017 18:00,10/20/2017 18:00,25.16666667
UCM,H,194,SOILTD1,10/20/2017 19:00,10/20/2017 19:00,25
UCM,H,194,SOILTD1,10/20/2017 20:00,10/20/2017 20:00,24.66666667
UCM,H,194,SOILTD1,10/20/2017 21:00,10/20/2017 21:00,24.22222222
UCM,H,194,SOILTD1,10/20/2017 22:00,10/20/2017 22:00,23.77777778
UCM,H,194,SOILTD1,10/20/2017 23:00,10/20/2017 23:00,23.33333333
UCM,H,194,SOILTD1,10/21/2017 0:00,10/21/2017 0:00,22.94444444
UCM,H,194,SOILTD1,10/21/2017 1:00,10/21/2017 1:00,22.55555556
UCM,H,194,SOILTD1,10/21/2017 2:00,10/21/2017 2:00,22.22222222
UCM,H,194,SOILTD1,10/21/2017 3:00,10/21/2017 3:00,21.94444444
UCM,H,194,SOILTD1,10/21/2017 4:00,10/21/2017 4:00,21.61111111
UCM,H,194,SOILTD1,10/21/2017 5:00,10/21/2017 5:00,21.38888889
UCM,H,194,SOILTD1,10/21/2017 6:00,10/21/2017 6:00,21.11111111
UCM,H,194,SOILTD1,10/21/2017 7:00,10/21/2017 7:00,20.88888889
UCM,H,194,SOILTD1,10/21/2017 8:00,10/21/2017 8:00,20.72222222
UCM,H,194,SOILTD1,10/21/2017 9:00,10/21/2017 9:00,20.5
UCM,H,194,SOILTD1,10/21/2017 10:00,10/21/2017 10:00,20.38888889
UCM,H,194,SOILTD1,10/21/2017 11:00,10/21/2017 11:00,20.55555556
UCM,H,194,SOILTD1,10/21/2017 12:00,10/21/2017 12:00,21.05555556
UCM,H,194,SOILTD1,10/21/2017 13:00,10/21/2017 13:00,21.83333333
UCM,H,194,SOILTD1,10/21/2017 14:00,10/21/2017 14:00,22.83333333
UCM,H,194,SOILTD1,10/21/2017 15:00,10/21/2017 15:00,23.83333333
UCM,H,194,SOILTD1,10/21/2017 16:00,10/21/2017 16:00,24.66666667
UCM,H,194,SOILTD1,10/21/2017 17:00,10/21/2017 17:00,25.05555556
UCM,H,194,SOILTD1,10/21/2017 18:00,10/21/2017 18:00,25.22222222
UCM,H,194,SOILTD1,10/21/2017 19:00,10/21/2017 19:00,25.11111111
UCM,H,194,SOILTD1,10/21/2017 20:00,10/21/2017 20:00,24.77777778
UCM,H,194,SOILTD1,10/21/2017 21:00,10/21/2017 21:00,24.38888889
UCM,H,194,SOILTD1,10/21/2017 22:00,10/21/2017 22:00,23.94444444
UCM,H,194,SOILTD1,10/21/2017 23:00,10/21/2017 23:00,23.5
UCM,H,194,SOILTD1,10/22/2017 0:00,10/22/2017 0:00,23.05555556
UCM,H,194,SOILTD1,10/22/2017 1:00,10/22/2017 1:00,22.66666667
UCM,H,194,SOILTD1,10/22/2017 2:00,10/22/2017 2:00,22.33333333
UCM,H,194,SOILTD1,10/22/2017 3:00,10/22/2017 3:00,22
UCM,H,194,SOILTD1,10/22/2017 4:00,10/22/2017 4:00,21.66666667
UCM,H,194,SOILTD1,10/22/2017 5:00,10/22/2017 5:00,21.38888889
UCM,H,194,SOILTD1,10/22/2017 6:00,10/22/2017 6:00,21.05555556
UCM,H,194,SOILTD1,10/22/2017 7:00,10/22/2017 7:00,20.83333333
UCM,H,194,SOILTD1,10/22/2017 8:00,10/22/2017 8:00,20.55555556
UCM,H,194,SOILTD1,10/22/2017 9:00,10/22/2017 9:00,20.33333333
UCM,H,194,SOILTD1,10/22/2017 10:00,10/22/2017 10:00,20.22222222
UCM,H,194,SOILTD1,10/22/2017 11:00,10/22/2017 11:00,20.33333333
UCM,H,194,SOILTD1,10/22/2017 12:00,10/22/2017 12:00,20.83333333
UCM,H,194,SOILTD1,10/22/2017 13:00,10/22/2017 13:00,21.72222222
UCM,H,194,SOILTD1,10/22/2017 14:00,10/22/2017 14:00,22.77777778
UCM,H,194,SOILTD1,10/22/2017 15:00,10/22/2017 15:00,23.83333333
UCM,H,194,SOILTD1,10/22/2017 16:00,10/22/2017 16:00,24.72222222
UCM,H,194,SOILTD1,10/22/2017 17:00,10/22/2017 17:00,25.22222222
UCM,H,194,SOILTD1,10/22/2017 18:00,10/22/2017 18:00,25.5
UCM,H,194,SOILTD1,10/22/2017 19:00,10/22/2017 19:00,25.38888889
UCM,H,194,SOILTD1,10/22/2017 20:00,10/22/2017 20:00,25.11111111
UCM,H,194,SOILTD1,10/22/2017 21:00,10/22/2017 21:00,24.77777778
UCM,H,194,SOILTD1,10/22/2017 22:00,10/22/2017 22:00,24.22222222
UCM,H,194,SOILTD1,10/22/2017 23:00,10/22/2017 23:00,23.83333333
UCM,H,194,SOILTD1,10/23/2017 0:00,10/23/2017 0:00,23.38888889
UCM,H,194,SOILTD1,10/23/2017 1:00,10/23/2017 1:00,23
UCM,H,194,SOILTD1,10/23/2017 2:00,10/23/2017 2:00,22.66666667
UCM,H,194,SOILTD1,10/23/2017 3:00,10/23/2017 3:00,22.33333333
UCM,H,194,SOILTD1,10/23/2017 4:00,10/23/2017 4:00,22
UCM,H,194,SOILTD1,10/23/2017 5:00,10/23/2017 5:00,21.77777778
UCM,H,194,SOILTD1,10/23/2017 6:00,10/23/2017 6:00,21.5
UCM,H,194,SOILTD1,10/23/2017 7:00,10/23/2017 7:00,21.27777778
UCM,H,194,SOILTD1,10/23/2017 8:00,10/23/2017 8:00,21
UCM,H,194,SOILTD1,10/23/2017 9:00,10/23/2017 9:00,20.83333333
UCM,H,194,SOILTD1,10/23/2017 10:00,10/23/2017 10:00,20.72222222
UCM,H,194,SOILTD1,10/23/2017 11:00,10/23/2017 11:00,20.88888889
UCM,H,194,SOILTD1,10/23/2017 12:00,10/23/2017 12:00,21.44444444
UCM,H,194,SOILTD1,10/23/2017 13:00,10/23/2017 13:00,22.22222222
UCM,H,194,SOILTD1,10/23/2017 14:00,10/23/2017 14:00,23.27777778
UCM,H,194,SOILTD1,10/23/2017 15:00,10/23/2017 15:00,24.33333333
UCM,H,194,SOILTD1,10/23/2017 16:00,10/23/2017 16:00,25.22222222
UCM,H,194,SOILTD1,10/23/2017 17:00,10/23/2017 17:00,25.77777778
UCM,H,194,SOILTD1,10/23/2017 18:00,10/23/2017 18:00,26.05555556
UCM,H,194,SOILTD1,10/23/2017 19:00,10/23/2017 19:00,25.94444444
UCM,H,194,SOILTD1,10/23/2017 20:00,10/23/2017 20:00,25.66666667
UCM,H,194,SOILTD1,10/23/2017 21:00,10/23/2017 21:00,25.22222222
UCM,H,194,SOILTD1,10/23/2017 22:00,10/23/2017 22:00,24.83333333
UCM,H,194,SOILTD1,10/23/2017 23:00,10/23/2017 23:00,24.33333333
UCM,H,194,SOILTD1,10/24/2017 0:00,10/24/2017 0:00,23.94444444
UCM,H,194,SOILTD1,10/24/2017 1:00,10/24/2017 1:00,23.55555556
UCM,H,194,SOILTD1,10/24/2017 2:00,10/24/2017 2:00,23.22222222
UCM,H,194,SOILTD1,10/24/2017 3:00,10/24/2017 3:00,22.88888889
UCM,H,194,SOILTD1,10/24/2017 4:00,10/24/2017 4:00,22.61111111
UCM,H,194,SOILTD1,10/24/2017 5:00,10/24/2017 5:00,22.38888889
UCM,H,194,SOILTD1,10/24/2017 6:00,10/24/2017 6:00,22.11111111
UCM,H,194,SOILTD1,10/24/2017 7:00,10/24/2017 7:00,21.88888889
UCM,H,194,SOILTD1,10/24/2017 8:00,10/24/2017 8:00,21.66666667
UCM,H,194,SOILTD1,10/24/2017 9:00,10/24/2017 9:00,21.44444444
UCM,H,194,SOILTD1,10/24/2017 10:00,10/24/2017 10:00,21.38888889
UCM,H,194,SOILTD1,10/24/2017 11:00,10/24/2017 11:00,21.55555556
UCM,H,194,SOILTD1,10/24/2017 12:00,10/24/2017 12:00,22.11111111
UCM,H,194,SOILTD1,10/24/2017 13:00,10/24/2017 13:00,22.94444444
UCM,H,194,SOILTD1,10/24/2017 14:00,10/24/2017 14:00,24
UCM,H,194,SOILTD1,10/24/2017 15:00,10/24/2017 15:00,25.05555556
UCM,H,194,SOILTD1,10/24/2017 16:00,10/24/2017 16:00,25.88888889
UCM,H,194,SOILTD1,10/24/2017 17:00,10/24/2017 17:00,26.44444444
UCM,H,194,SOILTD1,10/24/2017 18:00,10/24/2017 18:00,26.72222222
UCM,H,194,SOILTD1,10/24/2017 19:00,10/24/2017 19:00,26.66666667
UCM,H,194,SOILTD1,10/24/2017 20:00,10/24/2017 20:00,26.38888889
UCM,H,194,SOILTD1,10/24/2017 21:00,10/24/2017 21:00,25.94444444
UCM,H,194,SOILTD1,10/24/2017 22:00,10/24/2017 22:00,25.55555556
UCM,H,194,SOILTD1,10/24/2017 23:00,10/24/2017 23:00,25.05555556
UCM,H,194,SOILTD1,10/25/2017 0:00,10/25/2017 0:00,24.66666667
UCM,H,194,SOILTD1,10/25/2017 1:00,10/25/2017 1:00,24.27777778
UCM,H,194,SOILTD1,10/25/2017 2:00,10/25/2017 2:00,23.94444444
UCM,H,194,SOILTD1,10/25/2017 3:00,10/25/2017 3:00,23.55555556
UCM,H,194,SOILTD1,10/25/2017 4:00,10/25/2017 4:00,23.22222222
UCM,H,194,SOILTD1,10/25/2017 5:00,10/25/2017 5:00,22.94444444
UCM,H,194,SOILTD1,10/25/2017 6:00,10/25/2017 6:00,22.66666667
UCM,H,194,SOILTD1,10/25/2017 7:00,10/25/2017 7:00,22.38888889
UCM,H,194,SOILTD1,10/25/2017 8:00,10/25/2017 8:00,22.11111111
UCM,H,194,SOILTD1,10/25/2017 9:00,10/25/2017 9:00,21.88888889
UCM,H,194,SOILTD1,10/25/2017 10:00,10/25/2017 10:00,21.77777778
UCM,H,194,SOILTD1,10/25/2017 11:00,10/25/2017 11:00,22
UCM,H,194,SOILTD1,10/25/2017 12:00,10/25/2017 12:00,22.5
UCM,H,194,SOILTD1,10/25/2017 13:00,10/25/2017 13:00,23.38888889
UCM,H,194,SOILTD1,10/25/2017 14:00,10/25/2017 14:00,24.44444444
UCM,H,194,SOILTD1,10/25/2017 15:00,10/25/2017 15:00,25.5
UCM,H,194,SOILTD1,10/25/2017 16:00,10/25/2017 16:00,26.38888889
UCM,H,194,SOILTD1,10/25/2017 17:00,10/25/2017 17:00,26.94444444
UCM,H,194,SOILTD1,10/25/2017 18:00,10/25/2017 18:00,27.16666667
UCM,H,194,SOILTD1,10/25/2017 19:00,10/25/2017 19:00,27.11111111
UCM,H,194,SOILTD1,10/25/2017 20:00,10/25/2017 20:00,26.83333333
UCM,H,194,SOILTD1,10/25/2017 21:00,10/25/2017 21:00,26.44444444
UCM,H,194,SOILTD1,10/25/2017 22:00,10/25/2017 22:00,25.94444444
UCM,H,194,SOILTD1,10/25/2017 23:00,10/25/2017 23:00,25.44444444
UCM,H,194,SOILTD1,10/26/2017 0:00,10/26/2017 0:00,25.05555556
UCM,H,194,SOILTD1,10/26/2017 1:00,10/26/2017 1:00,24.66666667
UCM,H,194,SOILTD1,10/26/2017 2:00,10/26/2017 2:00,24.22222222
UCM,H,194,SOILTD1,10/26/2017 3:00,10/26/2017 3:00,23.83333333
UCM,H,194,SOILTD1,10/26/2017 4:00,10/26/2017 4:00,23.44444444
UCM,H,194,SOILTD1,10/26/2017 5:00,10/26/2017 5:00,23.16666667
UCM,H,194,SOILTD1,10/26/2017 6:00,10/26/2017 6:00,22.88888889
UCM,H,194,SOILTD1,10/26/2017 7:00,10/26/2017 7:00,22.61111111
UCM,H,194,SOILTD1,10/26/2017 8:00,10/26/2017 8:00,22.33333333
UCM,H,194,SOILTD1,10/26/2017 9:00,10/26/2017 9:00,22.05555556
UCM,H,194,SOILTD1,10/26/2017 10:00,10/26/2017 10:00,21.94444444
UCM,H,194,SOILTD1,10/26/2017 11:00,10/26/2017 11:00,22.05555556
UCM,H,194,SOILTD1,10/26/2017 12:00,10/26/2017 12:00,22.55555556
UCM,H,194,SOILTD1,10/26/2017 13:00,10/26/2017 13:00,23.44444444
UCM,H,194,SOILTD1,10/26/2017 14:00,10/26/2017 14:00,24.44444444
UCM,H,194,SOILTD1,10/26/2017 15:00,10/26/2017 15:00,25.44444444
UCM,H,194,SOILTD1,10/26/2017 16:00,10/26/2017 16:00,26.38888889
UCM,H,194,SOILTD1,10/26/2017 17:00,10/26/2017 17:00,26.88888889
UCM,H,194,SOILTD1,10/26/2017 18:00,10/26/2017 18:00,27.11111111
UCM,H,194,SOILTD1,10/26/2017 19:00,10/26/2017 19:00,27.05555556
UCM,H,194,SOILTD1,10/26/2017 20:00,10/26/2017 20:00,26.83333333
UCM,H,194,SOILTD1,10/26/2017 21:00,10/26/2017 21:00,26.44444444
UCM,H,194,SOILTD1,10/26/2017 22:00,10/26/2017 22:00,25.94444444
UCM,H,194,SOILTD1,10/26/2017 23:00,10/26/2017 23:00,25.5
UCM,H,194,SOILTD1,10/27/2017 0:00,10/27/2017 0:00,25.05555556
UCM,H,194,SOILTD1,10/27/2017 1:00,10/27/2017 1:00,24.66666667
UCM,H,194,SOILTD1,10/27/2017 2:00,10/27/2017 2:00,24.22222222
UCM,H,194,SOILTD1,10/27/2017 3:00,10/27/2017 3:00,23.94444444
UCM,H,194,SOILTD1,10/27/2017 4:00,10/27/2017 4:00,23.55555556
UCM,H,194,SOILTD1,10/27/2017 5:00,10/27/2017 5:00,23.22222222
UCM,H,194,SOILTD1,10/27/2017 6:00,10/27/2017 6:00,23
UCM,H,194,SOILTD1,10/27/2017 7:00,10/27/2017 7:00,22.72222222
UCM,H,194,SOILTD1,10/27/2017 8:00,10/27/2017 8:00,22.5
UCM,H,194,SOILTD1,10/27/2017 9:00,10/27/2017 9:00,22.22222222
UCM,H,194,SOILTD1,10/27/2017 10:00,10/27/2017 10:00,22.11111111
UCM,H,194,SOILTD1,10/27/2017 11:00,10/27/2017 11:00,22.22222222
UCM,H,194,SOILTD1,10/27/2017 12:00,10/27/2017 12:00,22.72222222
UCM,H,194,SOILTD1,10/27/2017 13:00,10/27/2017 13:00,23.61111111
UCM,H,194,SOILTD1,10/27/2017 14:00,10/27/2017 14:00,24.61111111
UCM,H,194,SOILTD1,10/27/2017 15:00,10/27/2017 15:00,25.61111111
UCM,H,194,SOILTD1,10/27/2017 16:00,10/27/2017 16:00,26.44444444
UCM,H,194,SOILTD1,10/27/2017 17:00,10/27/2017 17:00,27.05555556
UCM,H,194,SOILTD1,10/27/2017 18:00,10/27/2017 18:00,27.27777778
UCM,H,194,SOILTD1,10/27/2017 19:00,10/27/2017 19:00,27.22222222
UCM,H,194,SOILTD1,10/27/2017 20:00,10/27/2017 20:00,26.88888889
UCM,H,194,SOILTD1,10/27/2017 21:00,10/27/2017 21:00,26.44444444
UCM,H,194,SOILTD1,10/27/2017 22:00,10/27/2017 22:00,26
UCM,H,194,SOILTD1,10/27/2017 23:00,10/27/2017 23:00,25.55555556
UCM,H,194,SOILTD1,10/28/2017 0:00,10/28/2017 0:00,25.16666667
UCM,H,194,SOILTD1,10/28/2017 1:00,10/28/2017 1:00,24.77777778
UCM,H,194,SOILTD1,10/28/2017 2:00,10/28/2017 2:00,24.33333333
UCM,H,194,SOILTD1,10/28/2017 3:00,10/28/2017 3:00,24
UCM,H,194,SOILTD1,10/28/2017 4:00,10/28/2017 4:00,23.66666667
UCM,H,194,SOILTD1,10/28/2017 5:00,10/28/2017 5:00,23.27777778
UCM,H,194,SOILTD1,10/28/2017 6:00,10/28/2017 6:00,23
UCM,H,194,SOILTD1,10/28/2017 7:00,10/28/2017 7:00,22.66666667
UCM,H,194,SOILTD1,10/28/2017 8:00,10/28/2017 8:00,22.44444444
UCM,H,194,SOILTD1,10/28/2017 9:00,10/28/2017 9:00,22.22222222
UCM,H,194,SOILTD1,10/28/2017 10:00,10/28/2017 10:00,22.11111111
UCM,H,194,SOILTD1,10/28/2017 11:00,10/28/2017 11:00,22.22222222
UCM,H,194,SOILTD1,10/28/2017 12:00,10/28/2017 12:00,22.77777778
UCM,H,194,SOILTD1,10/28/2017 13:00,10/28/2017 13:00,23.61111111
UCM,H,194,SOILTD1,10/28/2017 14:00,10/28/2017 14:00,24.61111111
UCM,H,194,SOILTD1,10/28/2017 15:00,10/28/2017 15:00,25.55555556
UCM,H,194,SOILTD1,10/28/2017 16:00,10/28/2017 16:00,26.44444444
UCM,H,194,SOILTD1,10/28/2017 17:00,10/28/2017 17:00,26.94444444
UCM,H,194,SOILTD1,10/28/2017 18:00,10/28/2017 18:00,27.16666667
UCM,H,194,SOILTD1,10/28/2017 19:00,10/28/2017 19:00,27.05555556
UCM,H,194,SOILTD1,10/28/2017 20:00,10/28/2017 20:00,26.77777778
UCM,H,194,SOILTD1,10/28/2017 21:00,10/28/2017 21:00,26.38888889
UCM,H,194,SOILTD1,10/28/2017 22:00,10/28/2017 22:00,25.94444444
UCM,H,194,SOILTD1,10/28/2017 23:00,10/28/2017 23:00,25.44444444
UCM,H,194,SOILTD1,10/29/2017 0:00,10/29/2017 0:00,25.05555556
UCM,H,194,SOILTD1,10/29/2017 1:00,10/29/2017 1:00,24.66666667
UCM,H,194,SOILTD1,10/29/2017 2:00,10/29/2017 2:00,24.22222222
UCM,H,194,SOILTD1,10/29/2017 3:00,10/29/2017 3:00,23.88888889
UCM,H,194,SOILTD1,10/29/2017 4:00,10/29/2017 4:00,23.5
UCM,H,194,SOILTD1,10/29/2017 5:00,10/29/2017 5:00,23.16666667
UCM,H,194,SOILTD1,10/29/2017 6:00,10/29/2017 6:00,22.83333333
UCM,H,194,SOILTD1,10/29/2017 7:00,10/29/2017 7:00,22.61111111
UCM,H,194,SOILTD1,10/29/2017 8:00,10/29/2017 8:00,22.27777778
UCM,H,194,SOILTD1,10/29/2017 9:00,10/29/2017 9:00,22.05555556
UCM,H,194,SOILTD1,10/29/2017 10:00,10/29/2017 10:00,21.88888889
UCM,H,194,SOILTD1,10/29/2017 11:00,10/29/2017 11:00,22
UCM,H,194,SOILTD1,10/29/2017 12:00,10/29/2017 12:00,22.44444444
UCM,H,194,SOILTD1,10/29/2017 13:00,10/29/2017 13:00,23.22222222
UCM,H,194,SOILTD1,10/29/2017 14:00,10/29/2017 14:00,24.22222222
UCM,H,194,SOILTD1,10/29/2017 15:00,10/29/2017 15:00,25.22222222
UCM,H,194,SOILTD1,10/29/2017 16:00,10/29/2017 16:00,26.05555556
UCM,H,194,SOILTD1,10/29/2017 17:00,10/29/2017 17:00,26.44444444
UCM,H,194,SOILTD1,10/29/2017 18:00,10/29/2017 18:00,26.5
UCM,H,194,SOILTD1,10/29/2017 19:00,10/29/2017 19:00,26.33333333
UCM,H,194,SOILTD1,10/29/2017 20:00,10/29/2017 20:00,26
UCM,H,194,SOILTD1,10/29/2017 21:00,10/29/2017 21:00,25.66666667
UCM,H,194,SOILTD1,10/29/2017 22:00,10/29/2017 22:00,25.22222222
UCM,H,194,SOILTD1,10/29/2017 23:00,10/29/2017 23:00,24.88888889
UCM,H,194,SOILTD1,10/30/2017 0:00,10/30/2017 0:00,24.5
UCM,H,194,SOILTD1,10/30/2017 1:00,10/30/2017 1:00,24.11111111
UCM,H,194,SOILTD1,10/30/2017 2:00,10/30/2017 2:00,23.77777778
UCM,H,194,SOILTD1,10/30/2017 3:00,10/30/2017 3:00,23.33333333
UCM,H,194,SOILTD1,10/30/2017 4:00,10/30/2017 4:00,23
UCM,H,194,SOILTD1,10/30/2017 5:00,10/30/2017 5:00,22.66666667
UCM,H,194,SOILTD1,10/30/2017 6:00,10/30/2017 6:00,22.38888889
UCM,H,194,SOILTD1,10/30/2017 7:00,10/30/2017 7:00,22.11111111
UCM,H,194,SOILTD1,10/30/2017 8:00,10/30/2017 8:00,21.83333333
UCM,H,194,SOILTD1,10/30/2017 9:00,10/30/2017 9:00,21.61111111
UCM,H,194,SOILTD1,10/30/2017 10:00,10/30/2017 10:00,21.44444444
UCM,H,194,SOILTD1,10/30/2017 11:00,10/30/2017 11:00,21.55555556
UCM,H,194,SOILTD1,10/30/2017 12:00,10/30/2017 12:00,21.88888889
UCM,H,194,SOILTD1,10/30/2017 13:00,10/30/2017 13:00,22.55555556
UCM,H,194,SOILTD1,10/30/2017 14:00,10/30/2017 14:00,23.33333333
UCM,H,194,SOILTD1,10/30/2017 15:00,10/30/2017 15:00,24.22222222
UCM,H,194,SOILTD1,10/30/2017 16:00,10/30/2017 16:00,25
UCM,H,194,SOILTD1,10/30/2017 17:00,10/30/2017 17:00,25.55555556
UCM,H,194,SOILTD1,10/30/2017 18:00,10/30/2017 18:00,25.77777778
UCM,H,194,SOILTD1,10/30/2017 19:00,10/30/2017 19:00,25.77777778
UCM,H,194,SOILTD1,10/30/2017 20:00,10/30/2017 20:00,25.55555556
UCM,H,194,SOILTD1,10/30/2017 21:00,10/30/2017 21:00,25.16666667
UCM,H,194,SOILTD1,10/30/2017 22:00,10/30/2017 22:00,24.66666667
UCM,H,194,SOILTD1,10/30/2017 23:00,10/30/2017 23:00,24.22222222
UCM,H,194,SOILTD1,10/31/2017 0:00,10/31/2017 0:00,23.83333333
UCM,H,194,SOILTD1,10/31/2017 1:00,10/31/2017 1:00,23.44444444
UCM,H,194,SOILTD1,10/31/2017 2:00,10/31/2017 2:00,23
UCM,H,194,SOILTD1,10/31/2017 3:00,10/31/2017 3:00,22.66666667
UCM,H,194,SOILTD1,10/31/2017 4:00,10/31/2017 4:00,22.33333333
UCM,H,194,SOILTD1,10/31/2017 5:00,10/31/2017 5:00,22
UCM,H,194,SOILTD1,10/31/2017 6:00,10/31/2017 6:00,21.77777778
UCM,H,194,SOILTD1,10/31/2017 7:00,10/31/2017 7:00,21.44444444
UCM,H,194,SOILTD1,10/31/2017 8:00,10/31/2017 8:00,21.22222222
UCM,H,194,SOILTD1,10/31/2017 9:00,10/31/2017 9:00,21
UCM,H,194,SOILTD1,10/31/2017 10:00,10/31/2017 10:00,20.83333333
UCM,H,194,SOILTD1,10/31/2017 11:00,10/31/2017 11:00,20.94444444
UCM,H,194,SOILTD1,10/31/2017 12:00,10/31/2017 12:00,21.16666667
UCM,H,194,SOILTD1,10/31/2017 13:00,10/31/2017 13:00,21.72222222
UCM,H,194,SOILTD1,10/31/2017 14:00,10/31/2017 14:00,22.44444444
UCM,H,194,SOILTD1,10/31/2017 15:00,10/31/2017 15:00,23.27777778
UCM,H,194,SOILTD1,10/31/2017 16:00,10/31/2017 16:00,24
UCM,H,194,SOILTD1,10/31/2017 17:00,10/31/2017 17:00,24.44444444
UCM,H,194,SOILTD1,10/31/2017 18:00,10/31/2017 18:00,24.61111111
UCM,H,194,SOILTD1,10/31/2017 19:00,10/31/2017 19:00,24.5
UCM,H,194,SOILTD1,10/31/2017 20:00,10/31/2017 20:00,24.22222222
UCM,H,194,SOILTD1,10/31/2017 21:00,10/31/2017 21:00,23.83333333
UCM,H,194,SOILTD1,10/31/2017 22:00,10/31/2017 22:00,23.44444444
UCM,H,194,SOILTD1,10/31/2017 23:00,10/31/2017 23:00,23.05555556
UCM,H,194,SOILTD1,11/1/2017 0:00,11/1/2017 0:00,22.72222222
UCM,H,194,SOILTD1,11/1/2017 1:00,11/1/2017 1:00,22.33333333
UCM,H,194,SOILTD1,11/1/2017 2:00,11/1/2017 2:00,22
UCM,H,194,SOILTD1,11/1/2017 3:00,11/1/2017 3:00,21.72222222
UCM,H,194,SOILTD1,11/1/2017 4:00,11/1/2017 4:00,21.44444444
UCM,H,194,SOILTD1,11/1/2017 5:00,11/1/2017 5:00,21.16666667
UCM,H,194,SOILTD1,11/1/2017 6:00,11/1/2017 6:00,20.94444444
UCM,H,194,SOILTD1,11/1/2017 7:00,11/1/2017 7:00,20.66666667
UCM,H,194,SOILTD1,11/1/2017 8:00,11/1/2017 8:00,20.44444444
UCM,H,194,SOILTD1,11/1/2017 9:00,11/1/2017 9:00,20.22222222
UCM,H,194,SOILTD1,11/1/2017 10:00,11/1/2017 10:00,20.11111111
UCM,H,194,SOILTD1,11/1/2017 11:00,11/1/2017 11:00,20.22222222
UCM,H,194,SOILTD1,11/1/2017 12:00,11/1/2017 12:00,20.66666667
UCM,H,194,SOILTD1,11/1/2017 13:00,11/1/2017 13:00,21.44444444
UCM,H,194,SOILTD1,11/1/2017 14:00,11/1/2017 14:00,22.33333333
UCM,H,194,SOILTD1,11/1/2017 15:00,11/1/2017 15:00,23.22222222
UCM,H,194,SOILTD1,11/1/2017 16:00,11/1/2017 16:00,23.94444444
UCM,H,194,SOILTD1,11/1/2017 17:00,11/1/2017 17:00,24.44444444
UCM,H,194,SOILTD1,11/1/2017 18:00,11/1/2017 18:00,24.61111111
UCM,H,194,SOILTD1,11/1/2017 19:00,11/1/2017 19:00,24.5
UCM,H,194,SOILTD1,11/1/2017 20:00,11/1/2017 20:00,24.22222222
UCM,H,194,SOILTD1,11/1/2017 21:00,11/1/2017 21:00,23.83333333
UCM,H,194,SOILTD1,11/1/2017 22:00,11/1/2017 22:00,23.44444444
UCM,H,194,SOILTD1,11/1/2017 23:00,11/1/2017 23:00,23.05555556
UCM,H,194,SOILTD1,11/2/2017 0:00,11/2/2017 0:00,22.77777778
UCM,H,194,SOILTD1,11/2/2017 1:00,11/2/2017 1:00,22.38888889
UCM,H,194,SOILTD1,11/2/2017 2:00,11/2/2017 2:00,22.05555556
UCM,H,194,SOILTD1,11/2/2017 3:00,11/2/2017 3:00,21.77777778
UCM,H,194,SOILTD1,11/2/2017 4:00,11/2/2017 4:00,21.44444444
UCM,H,194,SOILTD1,11/2/2017 5:00,11/2/2017 5:00,21.16666667
UCM,H,194,SOILTD1,11/2/2017 6:00,11/2/2017 6:00,20.94444444
UCM,H,194,SOILTD1,11/2/2017 7:00,11/2/2017 7:00,20.72222222
UCM,H,194,SOILTD1,11/2/2017 8:00,11/2/2017 8:00,20.44444444
UCM,H,194,SOILTD1,11/2/2017 9:00,11/2/2017 9:00,20.27777778
UCM,H,194,SOILTD1,11/2/2017 10:00,11/2/2017 10:00,20.22222222
UCM,H,194,SOILTD1,11/2/2017 11:00,11/2/2017 11:00,20.27777778
UCM,H,194,SOILTD1,11/2/2017 12:00,11/2/2017 12:00,20.5
UCM,H,194,SOILTD1,11/2/2017 13:00,11/2/2017 13:00,20.77777778
UCM,H,194,SOILTD1,11/2/2017 14:00,11/2/2017 14:00,21.16666667
UCM,H,194,SOILTD1,11/2/2017 15:00,11/2/2017 15:00,21.61111111
UCM,H,194,SOILTD1,11/2/2017 16:00,11/2/2017 16:00,22
UCM,H,194,SOILTD1,11/2/2017 17:00,11/2/2017 17:00,22.22222222
UCM,H,194,SOILTD1,11/2/2017 18:00,11/2/2017 18:00,22.38888889
UCM,H,194,SOILTD1,11/2/2017 19:00,11/2/2017 19:00,22.38888889
UCM,H,194,SOILTD1,11/2/2017 20:00,11/2/2017 20:00,22.27777778
UCM,H,194,SOILTD1,11/2/2017 21:00,11/2/2017 21:00,22.16666667
UCM,H,194,SOILTD1,11/2/2017 22:00,11/2/2017 22:00,22.05555556
UCM,H,194,SOILTD1,11/2/2017 23:00,11/2/2017 23:00,21.94444444
UCM,H,194,SOILTD1,11/3/2017 0:00,11/3/2017 0:00,21.77777778
UCM,H,194,SOILTD1,11/3/2017 1:00,11/3/2017 1:00,21.66666667
UCM,H,194,SOILTD1,11/3/2017 2:00,11/3/2017 2:00,21.55555556
UCM,H,194,SOILTD1,11/3/2017 3:00,11/3/2017 3:00,21.44444444
UCM,H,194,SOILTD1,11/3/2017 4:00,11/3/2017 4:00,21.33333333
UCM,H,194,SOILTD1,11/3/2017 5:00,11/3/2017 5:00,21.22222222
UCM,H,194,SOILTD1,11/3/2017 6:00,11/3/2017 6:00,21.16666667
UCM,H,194,SOILTD1,11/3/2017 7:00,11/3/2017 7:00,21.05555556
UCM,H,194,SOILTD1,11/3/2017 8:00,11/3/2017 8:00,21
UCM,H,194,SOILTD1,11/3/2017 9:00,11/3/2017 9:00,20.88888889
UCM,H,194,SOILTD1,11/3/2017 10:00,11/3/2017 10:00,20.83333333
UCM,H,194,SOILTD1,11/3/2017 11:00,11/3/2017 11:00,20.83333333
UCM,H,194,SOILTD1,11/3/2017 12:00,11/3/2017 12:00,20.94444444
UCM,H,194,SOILTD1,11/3/2017 13:00,11/3/2017 13:00,21.16666667
UCM,H,194,SOILTD1,11/3/2017 14:00,11/3/2017 14:00,21.66666667
UCM,H,194,SOILTD1,11/3/2017 15:00,11/3/2017 15:00,22.16666667
UCM,H,194,SOILTD1,11/3/2017 16:00,11/3/2017 16:00,22.61111111
UCM,H,194,SOILTD1,11/3/2017 17:00,11/3/2017 17:00,22.88888889
UCM,H,194,SOILTD1,11/3/2017 18:00,11/3/2017 18:00,23
UCM,H,194,SOILTD1,11/3/2017 19:00,11/3/2017 19:00,23
UCM,H,194,SOILTD1,11/3/2017 20:00,11/3/2017 20:00,22.83333333
UCM,H,194,SOILTD1,11/3/2017 21:00,11/3/2017 21:00,22.66666667
UCM,H,194,SOILTD1,11/3/2017 22:00,11/3/2017 22:00,22.44444444
UCM,H,194,SOILTD1,11/3/2017 23:00,11/3/2017 23:00,22.22222222
UCM,H,194,SOILTD1,11/4/2017 0:00,11/4/2017 0:00,22.05555556
UCM,H,194,SOILTD1,11/4/2017 1:00,11/4/2017 1:00,21.83333333
UCM,H,194,SOILTD1,11/4/2017 2:00,11/4/2017 2:00,21.72222222
UCM,H,194,SOILTD1,11/4/2017 3:00,11/4/2017 3:00,21.5
UCM,H,194,SOILTD1,11/4/2017 4:00,11/4/2017 4:00,21.33333333
UCM,H,194,SOILTD1,11/4/2017 5:00,11/4/2017 5:00,21.16666667
UCM,H,194,SOILTD1,11/4/2017 6:00,11/4/2017 6:00,21.05555556
UCM,H,194,SOILTD1,11/4/2017 7:00,11/4/2017 7:00,20.94444444
UCM,H,194,SOILTD1,11/4/2017 8:00,11/4/2017 8:00,20.83333333
UCM,H,194,SOILTD1,11/4/2017 9:00,11/4/2017 9:00,20.66666667
UCM,H,194,SOILTD1,11/4/2017 10:00,11/4/2017 10:00,20.61111111
UCM,H,194,SOILTD1,11/4/2017 11:00,11/4/2017 11:00,20.66666667
UCM,H,194,SOILTD1,11/4/2017 12:00,11/4/2017 12:00,20.94444444
UCM,H,194,SOILTD1,11/4/2017 13:00,11/4/2017 13:00,21.44444444
UCM,H,194,SOILTD1,11/4/2017 14:00,11/4/2017 14:00,22
UCM,H,194,SOILTD1,11/4/2017 15:00,11/4/2017 15:00,22.61111111
UCM,H,194,SOILTD1,11/4/2017 16:00,11/4/2017 16:00,23.05555556
UCM,H,194,SOILTD1,11/4/2017 17:00,11/4/2017 17:00,23.27777778
UCM,H,194,SOILTD1,11/4/2017 18:00,11/4/2017 18:00,23.38888889
UCM,H,194,SOILTD1,11/4/2017 19:00,11/4/2017 19:00,23.27777778
UCM,H,194,SOILTD1,11/4/2017 20:00,11/4/2017 20:00,23.11111111
UCM,H,194,SOILTD1,11/4/2017 21:00,11/4/2017 21:00,22.83333333
UCM,H,194,SOILTD1,11/4/2017 22:00,11/4/2017 22:00,22.61111111
UCM,H,194,SOILTD1,11/4/2017 23:00,11/4/2017 23:00,22.38888889
UCM,H,194,SOILTD1,11/5/2017 0:00,11/5/2017 0:00,22.11111111
UCM,H,194,SOILTD1,11/5/2017 1:00,11/5/2017 1:00,21.72222222
UCM,H,194,SOILTD1,11/5/2017 2:00,11/5/2017 2:00,21.5
UCM,H,194,SOILTD1,11/5/2017 3:00,11/5/2017 3:00,21.22222222
UCM,H,194,SOILTD1,11/5/2017 4:00,11/5/2017 4:00,21
UCM,H,194,SOILTD1,11/5/2017 5:00,11/5/2017 5:00,20.72222222
UCM,H,194,SOILTD1,11/5/2017 6:00,11/5/2017 6:00,20.44444444
UCM,H,194,SOILTD1,11/5/2017 7:00,11/5/2017 7:00,20.16666667
UCM,H,194,SOILTD1,11/5/2017 8:00,11/5/2017 8:00,19.88888889
UCM,H,194,SOILTD1,11/5/2017 9:00,11/5/2017 9:00,19.72222222
UCM,H,194,SOILTD1,11/5/2017 10:00,11/5/2017 10:00,19.77777778
UCM,H,194,SOILTD1,11/5/2017 11:00,11/5/2017 11:00,20.05555556
UCM,H,194,SOILTD1,11/5/2017 12:00,11/5/2017 12:00,20.5
UCM,H,194,SOILTD1,11/5/2017 13:00,11/5/2017 13:00,20.94444444
UCM,H,194,SOILTD1,11/5/2017 14:00,11/5/2017 14:00,21.33333333
UCM,H,194,SOILTD1,11/5/2017 15:00,11/5/2017 15:00,21.77777778
UCM,H,194,SOILTD1,11/5/2017 16:00,11/5/2017 16:00,22
UCM,H,194,SOILTD1,11/5/2017 17:00,11/5/2017 17:00,22.16666667
UCM,H,194,SOILTD1,11/5/2017 18:00,11/5/2017 18:00,22.11111111
UCM,H,194,SOILTD1,11/5/2017 19:00,11/5/2017 19:00,21.88888889
UCM,H,194,SOILTD1,11/5/2017 20:00,11/5/2017 20:00,21.55555556
UCM,H,194,SOILTD1,11/5/2017 21:00,11/5/2017 21:00,21.16666667
UCM,H,194,SOILTD1,11/5/2017 22:00,11/5/2017 22:00,20.83333333
UCM,H,194,SOILTD1,11/5/2017 23:00,11/5/2017 23:00,20.55555556
UCM,H,194,SOILTD1,11/6/2017 0:00,11/6/2017 0:00,20.33333333
UCM,H,194,SOILTD1,11/6/2017 1:00,11/6/2017 1:00,20.22222222
UCM,H,194,SOILTD1,11/6/2017 2:00,11/6/2017 2:00,19.94444444
UCM,H,194,SOILTD1,11/6/2017 3:00,11/6/2017 3:00,19.66666667
UCM,H,194,SOILTD1,11/6/2017 4:00,11/6/2017 4:00,19.38888889
UCM,H,194,SOILTD1,11/6/2017 5:00,11/6/2017 5:00,19.11111111
UCM,H,194,SOILTD1,11/6/2017 6:00,11/6/2017 6:00,18.77777778
UCM,H,194,SOILTD1,11/6/2017 7:00,11/6/2017 7:00,18.55555556
UCM,H,194,SOILTD1,11/6/2017 8:00,11/6/2017 8:00,18.27777778
UCM,H,194,SOILTD1,11/6/2017 9:00,11/6/2017 9:00,18.16666667
UCM,H,194,SOILTD1,11/6/2017 10:00,11/6/2017 10:00,18.16666667
UCM,H,194,SOILTD1,11/6/2017 11:00,11/6/2017 11:00,18.55555556
UCM,H,194,SOILTD1,11/6/2017 12:00,11/6/2017 12:00,19.33333333
UCM,H,194,SOILTD1,11/6/2017 13:00,11/6/2017 13:00,20.33333333
UCM,H,194,SOILTD1,11/6/2017 14:00,11/6/2017 14:00,21.27777778
UCM,H,194,SOILTD1,11/6/2017 15:00,11/6/2017 15:00,22
UCM,H,194,SOILTD1,11/6/2017 16:00,11/6/2017 16:00,22.38888889
UCM,H,194,SOILTD1,11/6/2017 17:00,11/6/2017 17:00,22.5
UCM,H,194,SOILTD1,11/6/2017 18:00,11/6/2017 18:00,22.38888889
UCM,H,194,SOILTD1,11/6/2017 19:00,11/6/2017 19:00,22.11111111
UCM,H,194,SOILTD1,11/6/2017 20:00,11/6/2017 20:00,21.77777778
UCM,H,194,SOILTD1,11/6/2017 21:00,11/6/2017 21:00,21.33333333
UCM,H,194,SOILTD1,11/6/2017 22:00,11/6/2017 22:00,20.94444444
UCM,H,194,SOILTD1,11/6/2017 23:00,11/6/2017 23:00,20.55555556
UCM,H,194,SOILTD1,11/7/2017 0:00,11/7/2017 0:00,20.22222222
UCM,H,194,SOILTD1,11/7/2017 1:00,11/7/2017 1:00,19.83333333
UCM,H,194,SOILTD1,11/7/2017 2:00,11/7/2017 2:00,19.5
UCM,H,194,SOILTD1,11/7/2017 3:00,11/7/2017 3:00,19.11111111
UCM,H,194,SOILTD1,11/7/2017 4:00,11/7/2017 4:00,18.83333333
UCM,H,194,SOILTD1,11/7/2017 5:00,11/7/2017 5:00,18.55555556
UCM,H,194,SOILTD1,11/7/2017 6:00,11/7/2017 6:00,18.27777778
UCM,H,194,SOILTD1,11/7/2017 7:00,11/7/2017 7:00,18
UCM,H,194,SOILTD1,11/7/2017 8:00,11/7/2017 8:00,17.77777778
UCM,H,194,SOILTD1,11/7/2017 9:00,11/7/2017 9:00,17.61111111
UCM,H,194,SOILTD1,11/7/2017 10:00,11/7/2017 10:00,17.72222222
UCM,H,194,SOILTD1,11/7/2017 11:00,11/7/2017 11:00,18.16666667
UCM,H,194,SOILTD1,11/7/2017 12:00,11/7/2017 12:00,18.88888889
UCM,H,194,SOILTD1,11/7/2017 13:00,11/7/2017 13:00,19.88888889
UCM,H,194,SOILTD1,11/7/2017 14:00,11/7/2017 14:00,20.77777778
UCM,H,194,SOILTD1,11/7/2017 15:00,11/7/2017 15:00,21.55555556
UCM,H,194,SOILTD1,11/7/2017 16:00,11/7/2017 16:00,21.94444444
UCM,H,194,SOILTD1,11/7/2017 17:00,11/7/2017 17:00,22.11111111
UCM,H,194,SOILTD1,11/7/2017 18:00,11/7/2017 18:00,22
UCM,H,194,SOILTD1,11/7/2017 19:00,11/7/2017 19:00,21.77777778
UCM,H,194,SOILTD1,11/7/2017 20:00,11/7/2017 20:00,21.33333333
UCM,H,194,SOILTD1,11/7/2017 21:00,11/7/2017 21:00,20.94444444
UCM,H,194,SOILTD1,11/7/2017 22:00,11/7/2017 22:00,20.55555556
UCM,H,194,SOILTD1,11/7/2017 23:00,11/7/2017 23:00,20.16666667
UCM,H,194,SOILTD1,11/8/2017 0:00,11/8/2017 0:00,19.77777778
UCM,H,194,SOILTD1,11/8/2017 1:00,11/8/2017 1:00,19.44444444
UCM,H,194,SOILTD1,11/8/2017 2:00,11/8/2017 2:00,19.16666667
UCM,H,194,SOILTD1,11/8/2017 3:00,11/8/2017 3:00,18.94444444
UCM,H,194,SOILTD1,11/8/2017 4:00,11/8/2017 4:00,18.77777778
UCM,H,194,SOILTD1,11/8/2017 5:00,11/8/2017 5:00,18.61111111
UCM,H,194,SOILTD1,11/8/2017 6:00,11/8/2017 6:00,18.44444444
UCM,H,194,SOILTD1,11/8/2017 7:00,11/8/2017 7:00,18.27777778
UCM,H,194,SOILTD1,11/8/2017 8:00,11/8/2017 8:00,18.16666667
UCM,H,194,SOILTD1,11/8/2017 9:00,11/8/2017 9:00,18
UCM,H,194,SOILTD1,11/8/2017 10:00,11/8/2017 10:00,18.11111111
UCM,H,194,SOILTD1,11/8/2017 11:00,11/8/2017 11:00,18.44444444
UCM,H,194,SOILTD1,11/8/2017 12:00,11/8/2017 12:00,19.05555556
UCM,H,194,SOILTD1,11/8/2017 13:00,11/8/2017 13:00,19.77777778
UCM,H,194,SOILTD1,11/8/2017 14:00,11/8/2017 14:00,20.5
UCM,H,194,SOILTD1,11/8/2017 15:00,11/8/2017 15:00,21.11111111
UCM,H,194,SOILTD1,11/8/2017 16:00,11/8/2017 16:00,21.5
UCM,H,194,SOILTD1,11/8/2017 17:00,11/8/2017 17:00,21.61111111
UCM,H,194,SOILTD1,11/8/2017 18:00,11/8/2017 18:00,21.66666667
UCM,H,194,SOILTD1,11/8/2017 19:00,11/8/2017 19:00,21.61111111
UCM,H,194,SOILTD1,11/8/2017 20:00,11/8/2017 20:00,21.44444444
UCM,H,194,SOILTD1,11/8/2017 21:00,11/8/2017 21:00,21.27777778
UCM,H,194,SOILTD1,11/8/2017 22:00,11/8/2017 22:00,21.05555556
UCM,H,194,SOILTD1,11/8/2017 23:00,11/8/2017 23:00,20.83333333
UCM,H,194,SOILTD1,11/9/2017 0:00,11/9/2017 0:00,20.72222222
UCM,H,194,SOILTD1,11/9/2017 1:00,11/9/2017 1:00,20.44444444
UCM,H,194,SOILTD1,11/9/2017 2:00,11/9/2017 2:00,20.27777778
UCM,H,194,SOILTD1,11/9/2017 3:00,11/9/2017 3:00,20.16666667
UCM,H,194,SOILTD1,11/9/2017 4:00,11/9/2017 4:00,20.05555556
UCM,H,194,SOILTD1,11/9/2017 5:00,11/9/2017 5:00,20
UCM,H,194,SOILTD1,11/9/2017 6:00,11/9/2017 6:00,19.94444444
UCM,H,194,SOILTD1,11/9/2017 7:00,11/9/2017 7:00,19.88888889
UCM,H,194,SOILTD1,11/9/2017 8:00,11/9/2017 8:00,19.88888889
UCM,H,194,SOILTD1,11/9/2017 9:00,11/9/2017 9:00,19.83333333
UCM,H,194,SOILTD1,11/9/2017 10:00,11/9/2017 10:00,20
UCM,H,194,SOILTD1,11/9/2017 11:00,11/9/2017 11:00,20.33333333
UCM,H,194,SOILTD1,11/9/2017 12:00,11/9/2017 12:00,20.88888889
UCM,H,194,SOILTD1,11/9/2017 13:00,11/9/2017 13:00,21.55555556
UCM,H,194,SOILTD1,11/9/2017 14:00,11/9/2017 14:00,22.22222222
UCM,H,194,SOILTD1,11/9/2017 15:00,11/9/2017 15:00,22.77777778
UCM,H,194,SOILTD1,11/9/2017 16:00,11/9/2017 16:00,23.11111111
UCM,H,194,SOILTD1,11/9/2017 17:00,11/9/2017 17:00,23.22222222
UCM,H,194,SOILTD1,11/9/2017 18:00,11/9/2017 18:00,23.05555556
UCM,H,194,SOILTD1,11/9/2017 19:00,11/9/2017 19:00,22.77777778
UCM,H,194,SOILTD1,11/9/2017 20:00,11/9/2017 20:00,22.5
UCM,H,194,SOILTD1,11/9/2017 21:00,11/9/2017 21:00,22.16666667
UCM,H,194,SOILTD1,11/9/2017 22:00,11/9/2017 22:00,21.94444444
UCM,H,194,SOILTD1,11/9/2017 23:00,11/9/2017 23:00,21.72222222
UCM,H,194,SOILTD1,11/10/2017 0:00,11/10/2017 0:00,21.44444444
UCM,H,194,SOILTD1,11/10/2017 1:00,11/10/2017 1:00,21.22222222
UCM,H,194,SOILTD1,11/10/2017 2:00,11/10/2017 2:00,21
UCM,H,194,SOILTD1,11/10/2017 3:00,11/10/2017 3:00,20.77777778
UCM,H,194,SOILTD1,11/10/2017 4:00,11/10/2017 4:00,20.55555556
UCM,H,194,SOILTD1,11/10/2017 5:00,11/10/2017 5:00,20.33333333
UCM,H,194,SOILTD1,11/10/2017 6:00,11/10/2017 6:00,20.16666667
UCM,H,194,SOILTD1,11/10/2017 7:00,11/10/2017 7:00,19.94444444
UCM,H,194,SOILTD1,11/10/2017 8:00,11/10/2017 8:00,19.77777778
UCM,H,194,SOILTD1,11/10/2017 9:00,11/10/2017 9:00,19.61111111
UCM,H,194,SOILTD1,11/10/2017 10:00,11/10/2017 10:00,19.66666667
UCM,H,194,SOILTD1,11/10/2017 11:00,11/10/2017 11:00,19.94444444
UCM,H,194,SOILTD1,11/10/2017 12:00,11/10/2017 12:00,20.44444444
UCM,H,194,SOILTD1,11/10/2017 13:00,11/10/2017 13:00,21.16666667
UCM,H,194,SOILTD1,11/10/2017 14:00,11/10/2017 14:00,21.94444444
UCM,H,194,SOILTD1,11/10/2017 15:00,11/10/2017 15:00,22.61111111
UCM,H,194,SOILTD1,11/10/2017 16:00,11/10/2017 16:00,23
UCM,H,194,SOILTD1,11/10/2017 17:00,11/10/2017 17:00,23.11111111
UCM,H,194,SOILTD1,11/10/2017 18:00,11/10/2017 18:00,23
UCM,H,194,SOILTD1,11/10/2017 19:00,11/10/2017 19:00,22.72222222
UCM,H,194,SOILTD1,11/10/2017 20:00,11/10/2017 20:00,22.33333333
UCM,H,194,SOILTD1,11/10/2017 21:00,11/10/2017 21:00,22
UCM,H,194,SOILTD1,11/10/2017 22:00,11/10/2017 22:00,21.66666667
UCM,H,194,SOILTD1,11/10/2017 23:00,11/10/2017 23:00,21.27777778
UCM,H,194,SOILTD1,11/11/2017 0:00,11/11/2017 0:00,21
UCM,H,194,SOILTD1,11/11/2017 1:00,11/11/2017 1:00,20.72222222
UCM,H,194,SOILTD1,11/11/2017 2:00,11/11/2017 2:00,20.44444444
UCM,H,194,SOILTD1,11/11/2017 3:00,11/11/2017 3:00,20.16666667
UCM,H,194,SOILTD1,11/11/2017 4:00,11/11/2017 4:00,19.88888889
UCM,H,194,SOILTD1,11/11/2017 5:00,11/11/2017 5:00,19.72222222
UCM,H,194,SOILTD1,11/11/2017 6:00,11/11/2017 6:00,19.5
UCM,H,194,SOILTD1,11/11/2017 7:00,11/11/2017 7:00,19.22222222
UCM,H,194,SOILTD1,11/11/2017 8:00,11/11/2017 8:00,19
UCM,H,194,SOILTD1,11/11/2017 9:00,11/11/2017 9:00,18.83333333
UCM,H,194,SOILTD1,11/11/2017 10:00,11/11/2017 10:00,18.83333333
UCM,H,194,SOILTD1,11/11/2017 11:00,11/11/2017 11:00,19.22222222
UCM,H,194,SOILTD1,11/11/2017 12:00,11/11/2017 12:00,20
UCM,H,194,SOILTD1,11/11/2017 13:00,11/11/2017 13:00,20.77777778
UCM,H,194,SOILTD1,11/11/2017 14:00,11/11/2017 14:00,21.61111111
UCM,H,194,SOILTD1,11/11/2017 15:00,11/11/2017 15:00,22.22222222
UCM,H,194,SOILTD1,11/11/2017 16:00,11/11/2017 16:00,22.61111111
UCM,H,194,SOILTD1,11/11/2017 17:00,11/11/2017 17:00,22.72222222
UCM,H,194,SOILTD1,11/11/2017 18:00,11/11/2017 18:00,22.5
UCM,H,194,SOILTD1,11/11/2017 19:00,11/11/2017 19:00,22.22222222
UCM,H,194,SOILTD1,11/11/2017 20:00,11/11/2017 20:00,21.83333333
UCM,H,194,SOILTD1,11/11/2017 21:00,11/11/2017 21:00,21.44444444
UCM,H,194,SOILTD1,11/11/2017 22:00,11/11/2017 22:00,21.05555556
UCM,H,194,SOILTD1,11/11/2017 23:00,11/11/2017 23:00,20.66666667
UCM,H,194,SOILTD1,11/12/2017 0:00,11/12/2017 0:00,20.38888889
UCM,H,194,SOILTD1,11/12/2017 1:00,11/12/2017 1:00,20.05555556
UCM,H,194,SOILTD1,11/12/2017 2:00,11/12/2017 2:00,19.77777778
UCM,H,194,SOILTD1,11/12/2017 3:00,11/12/2017 3:00,19.38888889
UCM,H,194,SOILTD1,11/12/2017 4:00,11/12/2017 4:00,19.11111111
UCM,H,194,SOILTD1,11/12/2017 5:00,11/12/2017 5:00,18.83333333
UCM,H,194,SOILTD1,11/12/2017 6:00,11/12/2017 6:00,18.66666667
UCM,H,194,SOILTD1,11/12/2017 7:00,11/12/2017 7:00,18.44444444
UCM,H,194,SOILTD1,11/12/2017 8:00,11/12/2017 8:00,18.27777778
UCM,H,194,SOILTD1,11/12/2017 9:00,11/12/2017 9:00,18.11111111
UCM,H,194,SOILTD1,11/12/2017 10:00,11/12/2017 10:00,18.11111111
UCM,H,194,SOILTD1,11/12/2017 11:00,11/12/2017 11:00,18.16666667
UCM,H,194,SOILTD1,11/12/2017 12:00,11/12/2017 12:00,18.44444444
UCM,H,194,SOILTD1,11/12/2017 13:00,11/12/2017 13:00,19.22222222
UCM,H,194,SOILTD1,11/12/2017 14:00,11/12/2017 14:00,20.11111111
UCM,H,194,SOILTD1,11/12/2017 15:00,11/12/2017 15:00,20.94444444
UCM,H,194,SOILTD1,11/12/2017 16:00,11/12/2017 16:00,21.38888889
UCM,H,194,SOILTD1,11/12/2017 17:00,11/12/2017 17:00,21.61111111
UCM,H,194,SOILTD1,11/12/2017 18:00,11/12/2017 18:00,21.55555556
UCM,H,194,SOILTD1,11/12/2017 19:00,11/12/2017 19:00,21.33333333
UCM,H,194,SOILTD1,11/12/2017 20:00,11/12/2017 20:00,21.05555556
UCM,H,194,SOILTD1,11/12/2017 21:00,11/12/2017 21:00,20.66666667
UCM,H,194,SOILTD1,11/12/2017 22:00,11/12/2017 22:00,20.33333333
UCM,H,194,SOILTD1,11/12/2017 23:00,11/12/2017 23:00,19.94444444
UCM,H,194,SOILTD1,11/13/2017 0:00,11/13/2017 0:00,19.61111111
UCM,H,194,SOILTD1,11/13/2017 1:00,11/13/2017 1:00,19.27777778
UCM,H,194,SOILTD1,11/13/2017 2:00,11/13/2017 2:00,19
UCM,H,194,SOILTD1,11/13/2017 3:00,11/13/2017 3:00,18.72222222
UCM,H,194,SOILTD1,11/13/2017 4:00,11/13/2017 4:00,18.44444444
UCM,H,194,SOILTD1,11/13/2017 5:00,11/13/2017 5:00,18.22222222
UCM,H,194,SOILTD1,11/13/2017 6:00,11/13/2017 6:00,18
UCM,H,194,SOILTD1,11/13/2017 7:00,11/13/2017 7:00,17.77777778
UCM,H,194,SOILTD1,11/13/2017 8:00,11/13/2017 8:00,17.61111111
UCM,H,194,SOILTD1,11/13/2017 9:00,11/13/2017 9:00,17.5
UCM,H,194,SOILTD1,11/13/2017 10:00,11/13/2017 10:00,17.55555556
UCM,H,194,SOILTD1,11/13/2017 11:00,11/13/2017 11:00,17.94444444
UCM,H,194,SOILTD1,11/13/2017 12:00,11/13/2017 12:00,18.61111111
UCM,H,194,SOILTD1,11/13/2017 13:00,11/13/2017 13:00,19.5
UCM,H,194,SOILTD1,11/13/2017 14:00,11/13/2017 14:00,20.44444444
UCM,H,194,SOILTD1,11/13/2017 15:00,11/13/2017 15:00,21.16666667
UCM,H,194,SOILTD1,11/13/2017 16:00,11/13/2017 16:00,21.55555556
UCM,H,194,SOILTD1,11/13/2017 17:00,11/13/2017 17:00,21.77777778
UCM,H,194,SOILTD1,11/13/2017 18:00,11/13/2017 18:00,21.77777778
UCM,H,194,SOILTD1,11/13/2017 19:00,11/13/2017 19:00,21.55555556
UCM,H,194,SOILTD1,11/13/2017 20:00,11/13/2017 20:00,21.27777778
UCM,H,194,SOILTD1,11/13/2017 21:00,11/13/2017 21:00,20.94444444
UCM,H,194,SOILTD1,11/13/2017 22:00,11/13/2017 22:00,20.66666667
UCM,H,194,SOILTD1,11/13/2017 23:00,11/13/2017 23:00,20.44444444
UCM,H,194,SOILTD1,11/14/2017 0:00,11/14/2017 0:00,20.22222222
UCM,H,194,SOILTD1,11/14/2017 1:00,11/14/2017 1:00,20.05555556
UCM,H,194,SOILTD1,11/14/2017 2:00,11/14/2017 2:00,19.94444444
UCM,H,194,SOILTD1,11/14/2017 3:00,11/14/2017 3:00,19.88888889
UCM,H,194,SOILTD1,11/14/2017 4:00,11/14/2017 4:00,19.83333333
UCM,H,194,SOILTD1,11/14/2017 5:00,11/14/2017 5:00,19.77777778
UCM,H,194,SOILTD1,11/14/2017 6:00,11/14/2017 6:00,19.66666667
UCM,H,194,SOILTD1,11/14/2017 7:00,11/14/2017 7:00,19.55555556
UCM,H,194,SOILTD1,11/14/2017 8:00,11/14/2017 8:00,19.33333333
UCM,H,194,SOILTD1,11/14/2017 9:00,11/14/2017 9:00,19.22222222
UCM,H,194,SOILTD1,11/14/2017 10:00,11/14/2017 10:00,19.22222222
UCM,H,194,SOILTD1,11/14/2017 11:00,11/14/2017 11:00,19.55555556
UCM,H,194,SOILTD1,11/14/2017 12:00,11/14/2017 12:00,20.22222222
UCM,H,194,SOILTD1,11/14/2017 13:00,11/14/2017 13:00,20.94444444
UCM,H,194,SOILTD1,11/14/2017 14:00,11/14/2017 14:00,21.66666667
UCM,H,194,SOILTD1,11/14/2017 15:00,11/14/2017 15:00,22.22222222
UCM,H,194,SOILTD1,11/14/2017 16:00,11/14/2017 16:00,22.55555556
UCM,H,194,SOILTD1,11/14/2017 17:00,11/14/2017 17:00,22.61111111
UCM,H,194,SOILTD1,11/14/2017 18:00,11/14/2017 18:00,22.5
UCM,H,194,SOILTD1,11/14/2017 19:00,11/14/2017 19:00,22.16666667
UCM,H,194,SOILTD1,11/14/2017 20:00,11/14/2017 20:00,21.77777778
UCM,H,194,SOILTD1,11/14/2017 21:00,11/14/2017 21:00,21.33333333
UCM,H,194,SOILTD1,11/14/2017 22:00,11/14/2017 22:00,20.94444444
UCM,H,194,SOILTD1,11/14/2017 23:00,11/14/2017 23:00,20.55555556
UCM,H,194,SOILTD1,11/15/2017 0:00,11/15/2017 0:00,20.22222222
UCM,H,194,SOILTD1,11/15/2017 1:00,11/15/2017 1:00,20
UCM,H,194,SOILTD1,11/15/2017 2:00,11/15/2017 2:00,19.77777778
UCM,H,194,SOILTD1,11/15/2017 3:00,11/15/2017 3:00,19.55555556
UCM,H,194,SOILTD1,11/15/2017 4:00,11/15/2017 4:00,19.33333333
UCM,H,194,SOILTD1,11/15/2017 5:00,11/15/2017 5:00,19.22222222
UCM,H,194,SOILTD1,11/15/2017 6:00,11/15/2017 6:00,19.05555556
UCM,H,194,SOILTD1,11/15/2017 7:00,11/15/2017 7:00,18.94444444
UCM,H,194,SOILTD1,11/15/2017 8:00,11/15/2017 8:00,18.77777778
UCM,H,194,SOILTD1,11/15/2017 9:00,11/15/2017 9:00,18.72222222
UCM,H,194,SOILTD1,11/15/2017 10:00,11/15/2017 10:00,18.77777778
UCM,H,194,SOILTD1,11/15/2017 11:00,11/15/2017 11:00,19
UCM,H,194,SOILTD1,11/15/2017 12:00,11/15/2017 12:00,19.33333333
UCM,H,194,SOILTD1,11/15/2017 13:00,11/15/2017 13:00,19.83333333
UCM,H,194,SOILTD1,11/15/2017 14:00,11/15/2017 14:00,20.33333333
UCM,H,194,SOILTD1,11/15/2017 15:00,11/15/2017 15:00,20.72222222
UCM,H,194,SOILTD1,11/15/2017 16:00,11/15/2017 16:00,20.94444444
UCM,H,194,SOILTD1,11/15/2017 17:00,11/15/2017 17:00,21.05555556
UCM,H,194,SOILTD1,11/15/2017 18:00,11/15/2017 18:00,21.11111111
UCM,H,194,SOILTD1,11/15/2017 19:00,11/15/2017 19:00,21
UCM,H,194,SOILTD1,11/15/2017 20:00,11/15/2017 20:00,20.88888889
UCM,H,194,SOILTD1,11/15/2017 21:00,11/15/2017 21:00,20.72222222
UCM,H,194,SOILTD1,11/15/2017 22:00,11/15/2017 22:00,20.55555556
UCM,H,194,SOILTD1,11/15/2017 23:00,11/15/2017 23:00,20.5
UCM,H,194,SOILTD1,11/16/2017 0:00,11/16/2017 0:00,20.33333333
UCM,H,194,SOILTD1,11/16/2017 1:00,11/16/2017 1:00,20.22222222
UCM,H,194,SOILTD1,11/16/2017 2:00,11/16/2017 2:00,20.22222222
UCM,H,194,SOILTD1,11/16/2017 3:00,11/16/2017 3:00,20.11111111
UCM,H,194,SOILTD1,11/16/2017 4:00,11/16/2017 4:00,20.05555556
UCM,H,194,SOILTD1,11/16/2017 5:00,11/16/2017 5:00,19.94444444
UCM,H,194,SOILTD1,11/16/2017 6:00,11/16/2017 6:00,19.88888889
UCM,H,194,SOILTD1,11/16/2017 7:00,11/16/2017 7:00,19.88888889
UCM,H,194,SOILTD1,11/16/2017 8:00,11/16/2017 8:00,19.77777778
UCM,H,194,SOILTD1,11/16/2017 9:00,11/16/2017 9:00,19.77777778
UCM,H,194,SOILTD1,11/16/2017 10:00,11/16/2017 10:00,19.77777778
UCM,H,194,SOILTD1,11/16/2017 11:00,11/16/2017 11:00,19.83333333
UCM,H,194,SOILTD1,11/16/2017 12:00,11/16/2017 12:00,19.94444444
UCM,H,194,SOILTD1,11/16/2017 13:00,11/16/2017 13:00,20
UCM,H,194,SOILTD1,11/16/2017 14:00,11/16/2017 14:00,20.11111111
UCM,H,194,SOILTD1,11/16/2017 15:00,11/16/2017 15:00,20.22222222
UCM,H,194,SOILTD1,11/16/2017 16:00,11/16/2017 16:00,20.38888889
UCM,H,194,SOILTD1,11/16/2017 17:00,11/16/2017 17:00,20.38888889
UCM,H,194,SOILTD1,11/16/2017 18:00,11/16/2017 18:00,20.33333333
UCM,H,194,SOILTD1,11/16/2017 19:00,11/16/2017 19:00,20.22222222
UCM,H,194,SOILTD1,11/16/2017 20:00,11/16/2017 20:00,20.11111111
UCM,H,194,SOILTD1,11/16/2017 21:00,11/16/2017 21:00,20.05555556
UCM,H,194,SOILTD1,11/16/2017 22:00,11/16/2017 22:00,19.88888889
UCM,H,194,SOILTD1,11/16/2017 23:00,11/16/2017 23:00,19.77777778
UCM,H,194,SOILTD1,11/17/2017 0:00,11/17/2017 0:00,19.72222222
UCM,H,194,SOILTD1,11/17/2017 1:00,11/17/2017 1:00,19.61111111
UCM,H,194,SOILTD1,11/17/2017 2:00,11/17/2017 2:00,19.44444444
UCM,H,194,SOILTD1,11/17/2017 3:00,11/17/2017 3:00,19.38888889
UCM,H,194,SOILTD1,11/17/2017 4:00,11/17/2017 4:00,19.27777778
UCM,H,194,SOILTD1,11/17/2017 5:00,11/17/2017 5:00,19.22222222
UCM,H,194,SOILTD1,11/17/2017 6:00,11/17/2017 6:00,19.11111111
UCM,H,194,SOILTD1,11/17/2017 7:00,11/17/2017 7:00,19
UCM,H,194,SOILTD1,11/17/2017 8:00,11/17/2017 8:00,18.83333333
UCM,H,194,SOILTD1,11/17/2017 9:00,11/17/2017 9:00,18.66666667
UCM,H,194,SOILTD1,11/17/2017 10:00,11/17/2017 10:00,18.66666667
UCM,H,194,SOILTD1,11/17/2017 11:00,11/17/2017 11:00,18.83333333
UCM,H,194,SOILTD1,11/17/2017 12:00,11/17/2017 12:00,19.44444444
UCM,H,194,SOILTD1,11/17/2017 13:00,11/17/2017 13:00,20.22222222
UCM,H,194,SOILTD1,11/17/2017 14:00,11/17/2017 14:00,20.83333333
UCM,H,194,SOILTD1,11/17/2017 15:00,11/17/2017 15:00,21.22222222
UCM,H,194,SOILTD1,11/17/2017 16:00,11/17/2017 16:00,21.38888889
UCM,H,194,SOILTD1,11/17/2017 17:00,11/17/2017 17:00,21.22222222
UCM,H,194,SOILTD1,11/17/2017 18:00,11/17/2017 18:00,20.94444444
UCM,H,194,SOILTD1,11/17/2017 19:00,11/17/2017 19:00,20.5
UCM,H,194,SOILTD1,11/17/2017 20:00,11/17/2017 20:00,20.05555556
UCM,H,194,SOILTD1,11/17/2017 21:00,11/17/2017 21:00,19.61111111
UCM,H,194,SOILTD1,11/17/2017 22:00,11/17/2017 22:00,19.16666667
UCM,H,194,SOILTD1,11/17/2017 23:00,11/17/2017 23:00,18.77777778
UCM,H,194,SOILTD1,11/18/2017 0:00,11/18/2017 0:00,18.33333333
UCM,H,194,SOILTD1,11/18/2017 1:00,11/18/2017 1:00,18
UCM,H,194,SOILTD1,11/18/2017 2:00,11/18/2017 2:00,17.66666667
UCM,H,194,SOILTD1,11/18/2017 3:00,11/18/2017 3:00,17.33333333
UCM,H,194,SOILTD1,11/18/2017 4:00,11/18/2017 4:00,17.05555556
UCM,H,194,SOILTD1,11/18/2017 5:00,11/18/2017 5:00,16.77777778
UCM,H,194,SOILTD1,11/18/2017 6:00,11/18/2017 6:00,16.44444444
UCM,H,194,SOILTD1,11/18/2017 7:00,11/18/2017 7:00,16.22222222
UCM,H,194,SOILTD1,11/18/2017 8:00,11/18/2017 8:00,16
UCM,H,194,SOILTD1,11/18/2017 9:00,11/18/2017 9:00,15.83333333
UCM,H,194,SOILTD1,11/18/2017 10:00,11/18/2017 10:00,15.83333333
UCM,H,194,SOILTD1,11/18/2017 11:00,11/18/2017 11:00,16.22222222
UCM,H,194,SOILTD1,11/18/2017 12:00,11/18/2017 12:00,16.88888889
UCM,H,194,SOILTD1,11/18/2017 13:00,11/18/2017 13:00,17.77777778
UCM,H,194,SOILTD1,11/18/2017 14:00,11/18/2017 14:00,18.61111111
UCM,H,194,SOILTD1,11/18/2017 15:00,11/18/2017 15:00,19.22222222
UCM,H,194,SOILTD1,11/18/2017 16:00,11/18/2017 16:00,19.61111111
UCM,H,194,SOILTD1,11/18/2017 17:00,11/18/2017 17:00,19.66666667
UCM,H,194,SOILTD1,11/18/2017 18:00,11/18/2017 18:00,19.5
UCM,H,194,SOILTD1,11/18/2017 19:00,11/18/2017 19:00,19.22222222
UCM,H,194,SOILTD1,11/18/2017 20:00,11/18/2017 20:00,18.83333333
UCM,H,194,SOILTD1,11/18/2017 21:00,11/18/2017 21:00,18.44444444
UCM,H,194,SOILTD1,11/18/2017 22:00,11/18/2017 22:00,18.05555556
UCM,H,194,SOILTD1,11/18/2017 23:00,11/18/2017 23:00,17.77777778
UCM,H,194,SOILTD1,11/19/2017 0:00,11/19/2017 0:00,17.44444444
UCM,H,194,SOILTD1,11/19/2017 1:00,11/19/2017 1:00,17.11111111
UCM,H,194,SOILTD1,11/19/2017 2:00,11/19/2017 2:00,16.77777778
UCM,H,194,SOILTD1,11/19/2017 3:00,11/19/2017 3:00,16.5
UCM,H,194,SOILTD1,11/19/2017 4:00,11/19/2017 4:00,16.27777778
UCM,H,194,SOILTD1,11/19/2017 5:00,11/19/2017 5:00,16.05555556
UCM,H,194,SOILTD1,11/19/2017 6:00,11/19/2017 6:00,15.77777778
UCM,H,194,SOILTD1,11/19/2017 7:00,11/19/2017 7:00,15.61111111
UCM,H,194,SOILTD1,11/19/2017 8:00,11/19/2017 8:00,15.38888889
UCM,H,194,SOILTD1,11/19/2017 9:00,11/19/2017 9:00,15.22222222
UCM,H,194,SOILTD1,11/19/2017 10:00,11/19/2017 10:00,15.27777778
UCM,H,194,SOILTD1,11/19/2017 11:00,11/19/2017 11:00,15.55555556
UCM,H,194,SOILTD1,11/19/2017 12:00,11/19/2017 12:00,16.22222222
UCM,H,194,SOILTD1,11/19/2017 13:00,11/19/2017 13:00,17.05555556
UCM,H,194,SOILTD1,11/19/2017 14:00,11/19/2017 14:00,17.88888889
UCM,H,194,SOILTD1,11/19/2017 15:00,11/19/2017 15:00,18.61111111
UCM,H,194,SOILTD1,11/19/2017 16:00,11/19/2017 16:00,19
UCM,H,194,SOILTD1,11/19/2017 17:00,11/19/2017 17:00,19.11111111
UCM,H,194,SOILTD1,11/19/2017 18:00,11/19/2017 18:00,19.05555556
UCM,H,194,SOILTD1,11/19/2017 19:00,11/19/2017 19:00,18.77777778
UCM,H,194,SOILTD1,11/19/2017 20:00,11/19/2017 20:00,18.44444444
UCM,H,194,SOILTD1,11/19/2017 21:00,11/19/2017 21:00,18.05555556
UCM,H,194,SOILTD1,11/19/2017 22:00,11/19/2017 22:00,17.77777778
UCM,H,194,SOILTD1,11/19/2017 23:00,11/19/2017 23:00,17.55555556
UCM,H,194,SOILTD1,11/20/2017 0:00,11/20/2017 0:00,17.33333333
UCM,H,194,SOILTD1,11/20/2017 1:00,11/20/2017 1:00,17.16666667
UCM,H,194,SOILTD1,11/20/2017 2:00,11/20/2017 2:00,17
UCM,H,194,SOILTD1,11/20/2017 3:00,11/20/2017 3:00,16.88888889
UCM,H,194,SOILTD1,11/20/2017 4:00,11/20/2017 4:00,16.77777778
UCM,H,194,SOILTD1,11/20/2017 5:00,11/20/2017 5:00,16.77777778
UCM,H,194,SOILTD1,11/20/2017 6:00,11/20/2017 6:00,16.72222222
UCM,H,194,SOILTD1,11/20/2017 7:00,11/20/2017 7:00,16.72222222
UCM,H,194,SOILTD1,11/20/2017 8:00,11/20/2017 8:00,16.61111111
UCM,H,194,SOILTD1,11/20/2017 9:00,11/20/2017 9:00,16.61111111
UCM,H,194,SOILTD1,11/20/2017 10:00,11/20/2017 10:00,16.77777778
UCM,H,194,SOILTD1,11/20/2017 11:00,11/20/2017 11:00,17
UCM,H,194,SOILTD1,11/20/2017 12:00,11/20/2017 12:00,17.44444444
UCM,H,194,SOILTD1,11/20/2017 13:00,11/20/2017 13:00,18.05555556
UCM,H,194,SOILTD1,11/20/2017 14:00,11/20/2017 14:00,18.55555556
UCM,H,194,SOILTD1,11/20/2017 15:00,11/20/2017 15:00,19.05555556
UCM,H,194,SOILTD1,11/20/2017 16:00,11/20/2017 16:00,19.27777778
UCM,H,194,SOILTD1,11/20/2017 17:00,11/20/2017 17:00,19.44444444
UCM,H,194,SOILTD1,11/20/2017 18:00,11/20/2017 18:00,19.5
UCM,H,194,SOILTD1,11/20/2017 19:00,11/20/2017 19:00,19.33333333
UCM,H,194,SOILTD1,11/20/2017 20:00,11/20/2017 20:00,19.16666667
UCM,H,194,SOILTD1,11/20/2017 21:00,11/20/2017 21:00,19
UCM,H,194,SOILTD1,11/20/2017 22:00,11/20/2017 22:00,18.77777778
UCM,H,194,SOILTD1,11/20/2017 23:00,11/20/2017 23:00,18.55555556
UCM,H,194,SOILTD1,11/21/2017 0:00,11/21/2017 0:00,18.27777778
UCM,H,194,SOILTD1,11/21/2017 1:00,11/21/2017 1:00,18.11111111
UCM,H,194,SOILTD1,11/21/2017 2:00,11/21/2017 2:00,17.88888889
UCM,H,194,SOILTD1,11/21/2017 3:00,11/21/2017 3:00,17.72222222
UCM,H,194,SOILTD1,11/21/2017 4:00,11/21/2017 4:00,17.5
UCM,H,194,SOILTD1,11/21/2017 5:00,11/21/2017 5:00,17.38888889
UCM,H,194,SOILTD1,11/21/2017 6:00,11/21/2017 6:00,17.27777778
UCM,H,194,SOILTD1,11/21/2017 7:00,11/21/2017 7:00,17.22222222
UCM,H,194,SOILTD1,11/21/2017 8:00,11/21/2017 8:00,17.11111111
UCM,H,194,SOILTD1,11/21/2017 9:00,11/21/2017 9:00,17.11111111
UCM,H,194,SOILTD1,11/21/2017 10:00,11/21/2017 10:00,17.11111111
UCM,H,194,SOILTD1,11/21/2017 11:00,11/21/2017 11:00,17.27777778
UCM,H,194,SOILTD1,11/21/2017 12:00,11/21/2017 12:00,17.66666667
UCM,H,194,SOILTD1,11/21/2017 13:00,11/21/2017 13:00,18.22222222
UCM,H,194,SOILTD1,11/21/2017 14:00,11/21/2017 14:00,18.83333333
UCM,H,194,SOILTD1,11/21/2017 15:00,11/21/2017 15:00,19.38888889
UCM,H,194,SOILTD1,11/21/2017 16:00,11/21/2017 16:00,19.77777778
UCM,H,194,SOILTD1,11/21/2017 17:00,11/21/2017 17:00,19.88888889
UCM,H,194,SOILTD1,11/21/2017 18:00,11/21/2017 18:00,19.88888889
UCM,H,194,SOILTD1,11/21/2017 19:00,11/21/2017 19:00,19.61111111
UCM,H,194,SOILTD1,11/21/2017 20:00,11/21/2017 20:00,19.27777778
UCM,H,194,SOILTD1,11/21/2017 21:00,11/21/2017 21:00,19
UCM,H,194,SOILTD1,11/21/2017 22:00,11/21/2017 22:00,18.66666667
UCM,H,194,SOILTD1,11/21/2017 23:00,11/21/2017 23:00,18.38888889
UCM,H,194,SOILTD1,11/22/2017 0:00,11/22/2017 0:00,18.11111111
UCM,H,194,SOILTD1,11/22/2017 1:00,11/22/2017 1:00,17.88888889
UCM,H,194,SOILTD1,11/22/2017 2:00,11/22/2017 2:00,17.61111111
UCM,H,194,SOILTD1,11/22/2017 3:00,11/22/2017 3:00,17.38888889
UCM,H,194,SOILTD1,11/22/2017 4:00,11/22/2017 4:00,17.16666667
UCM,H,194,SOILTD1,11/22/2017 5:00,11/22/2017 5:00,16.94444444
UCM,H,194,SOILTD1,11/22/2017 6:00,11/22/2017 6:00,16.77777778
UCM,H,194,SOILTD1,11/22/2017 7:00,11/22/2017 7:00,16.55555556
UCM,H,194,SOILTD1,11/22/2017 8:00,11/22/2017 8:00,16.38888889
UCM,H,194,SOILTD1,11/22/2017 9:00,11/22/2017 9:00,16.22222222
UCM,H,194,SOILTD1,11/22/2017 10:00,11/22/2017 10:00,16.22222222
UCM,H,194,SOILTD1,11/22/2017 11:00,11/22/2017 11:00,16.44444444
UCM,H,194,SOILTD1,11/22/2017 12:00,11/22/2017 12:00,17.11111111
UCM,H,194,SOILTD1,11/22/2017 13:00,11/22/2017 13:00,17.94444444
UCM,H,194,SOILTD1,11/22/2017 14:00,11/22/2017 14:00,18.77777778
UCM,H,194,SOILTD1,11/22/2017 15:00,11/22/2017 15:00,19.55555556
UCM,H,194,SOILTD1,11/22/2017 16:00,11/22/2017 16:00,20
UCM,H,194,SOILTD1,11/22/2017 17:00,11/22/2017 17:00,20.22222222
UCM,H,194,SOILTD1,11/22/2017 18:00,11/22/2017 18:00,20.22222222
UCM,H,194,SOILTD1,11/22/2017 19:00,11/22/2017 19:00,20
UCM,H,194,SOILTD1,11/22/2017 20:00,11/22/2017 20:00,19.72222222
UCM,H,194,SOILTD1,11/22/2017 21:00,11/22/2017 21:00,19.38888889
UCM,H,194,SOILTD1,11/22/2017 22:00,11/22/2017 22:00,19.11111111
UCM,H,194,SOILTD1,11/22/2017 23:00,11/22/2017 23:00,18.88888889
UCM,H,194,SOILTD1,11/23/2017 0:00,11/23/2017 0:00,18.66666667
UCM,H,194,SOILTD1,11/23/2017 1:00,11/23/2017 1:00,18.38888889
UCM,H,194,SOILTD1,11/23/2017 2:00,11/23/2017 2:00,18.22222222
UCM,H,194,SOILTD1,11/23/2017 3:00,11/23/2017 3:00,17.94444444
UCM,H,194,SOILTD1,11/23/2017 4:00,11/23/2017 4:00,17.77777778
UCM,H,194,SOILTD1,11/23/2017 5:00,11/23/2017 5:00,17.55555556
UCM,H,194,SOILTD1,11/23/2017 6:00,11/23/2017 6:00,17.33333333
UCM,H,194,SOILTD1,11/23/2017 7:00,11/23/2017 7:00,17.16666667
UCM,H,194,SOILTD1,11/23/2017 8:00,11/23/2017 8:00,16.94444444
UCM,H,194,SOILTD1,11/23/2017 9:00,11/23/2017 9:00,16.83333333
UCM,H,194,SOILTD1,11/23/2017 10:00,11/23/2017 10:00,16.83333333
UCM,H,194,SOILTD1,11/23/2017 11:00,11/23/2017 11:00,17.05555556
UCM,H,194,SOILTD1,11/23/2017 12:00,11/23/2017 12:00,17.72222222
UCM,H,194,SOILTD1,11/23/2017 13:00,11/23/2017 13:00,18.5
UCM,H,194,SOILTD1,11/23/2017 14:00,11/23/2017 14:00,19.44444444
UCM,H,194,SOILTD1,11/23/2017 15:00,11/23/2017 15:00,20.11111111
UCM,H,194,SOILTD1,11/23/2017 16:00,11/23/2017 16:00,20.5
UCM,H,194,SOILTD1,11/23/2017 17:00,11/23/2017 17:00,20.61111111
UCM,H,194,SOILTD1,11/23/2017 18:00,11/23/2017 18:00,20.55555556
UCM,H,194,SOILTD1,11/23/2017 19:00,11/23/2017 19:00,20.38888889
UCM,H,194,SOILTD1,11/23/2017 20:00,11/23/2017 20:00,20.11111111
UCM,H,194,SOILTD1,11/23/2017 21:00,11/23/2017 21:00,19.83333333
UCM,H,194,SOILTD1,11/23/2017 22:00,11/23/2017 22:00,19.61111111
UCM,H,194,SOILTD1,11/23/2017 23:00,11/23/2017 23:00,19.33333333
UCM,H,194,SOILTD1,11/24/2017 0:00,11/24/2017 0:00,19.11111111
UCM,H,194,SOILTD1,11/24/2017 1:00,11/24/2017 1:00,18.94444444
UCM,H,194,SOILTD1,11/24/2017 2:00,11/24/2017 2:00,18.77777778
UCM,H,194,SOILTD1,11/24/2017 3:00,11/24/2017 3:00,18.55555556
UCM,H,194,SOILTD1,11/24/2017 4:00,11/24/2017 4:00,18.44444444
UCM,H,194,SOILTD1,11/24/2017 5:00,11/24/2017 5:00,18.27777778
UCM,H,194,SOILTD1,11/24/2017 6:00,11/24/2017 6:00,18.22222222
UCM,H,194,SOILTD1,11/24/2017 7:00,11/24/2017 7:00,18.11111111
UCM,H,194,SOILTD1,11/24/2017 8:00,11/24/2017 8:00,18
UCM,H,194,SOILTD1,11/24/2017 9:00,11/24/2017 9:00,17.83333333
UCM,H,194,SOILTD1,11/24/2017 10:00,11/24/2017 10:00,17.77777778
UCM,H,194,SOILTD1,11/24/2017 11:00,11/24/2017 11:00,18.05555556
UCM,H,194,SOILTD1,11/24/2017 12:00,11/24/2017 12:00,18.55555556
UCM,H,194,SOILTD1,11/24/2017 13:00,11/24/2017 13:00,19.27777778
UCM,H,194,SOILTD1,11/24/2017 14:00,11/24/2017 14:00,19.94444444
UCM,H,194,SOILTD1,11/24/2017 15:00,11/24/2017 15:00,20.5
UCM,H,194,SOILTD1,11/24/2017 16:00,11/24/2017 16:00,20.83333333
UCM,H,194,SOILTD1,11/24/2017 17:00,11/24/2017 17:00,21
UCM,H,194,SOILTD1,11/24/2017 18:00,11/24/2017 18:00,20.94444444
UCM,H,194,SOILTD1,11/24/2017 19:00,11/24/2017 19:00,20.72222222
UCM,H,194,SOILTD1,11/24/2017 20:00,11/24/2017 20:00,20.38888889
UCM,H,194,SOILTD1,11/24/2017 21:00,11/24/2017 21:00,20.05555556
UCM,H,194,SOILTD1,11/24/2017 22:00,11/24/2017 22:00,19.72222222
UCM,H,194,SOILTD1,11/24/2017 23:00,11/24/2017 23:00,19.38888889
UCM,H,194,SOILTD1,11/25/2017 0:00,11/25/2017 0:00,19.11111111
UCM,H,194,SOILTD1,11/25/2017 1:00,11/25/2017 1:00,18.83333333
UCM,H,194,SOILTD1,11/25/2017 2:00,11/25/2017 2:00,18.61111111
UCM,H,194,SOILTD1,11/25/2017 3:00,11/25/2017 3:00,18.38888889
UCM,H,194,SOILTD1,11/25/2017 4:00,11/25/2017 4:00,18.22222222
UCM,H,194,SOILTD1,11/25/2017 5:00,11/25/2017 5:00,18
UCM,H,194,SOILTD1,11/25/2017 6:00,11/25/2017 6:00,17.77777778
UCM,H,194,SOILTD1,11/25/2017 7:00,11/25/2017 7:00,17.5
UCM,H,194,SOILTD1,11/25/2017 8:00,11/25/2017 8:00,17.27777778
UCM,H,194,SOILTD1,11/25/2017 9:00,11/25/2017 9:00,17.16666667
UCM,H,194,SOILTD1,11/25/2017 10:00,11/25/2017 10:00,17.16666667
UCM,H,194,SOILTD1,11/25/2017 11:00,11/25/2017 11:00,17.33333333
UCM,H,194,SOILTD1,11/25/2017 12:00,11/25/2017 12:00,17.83333333
UCM,H,194,SOILTD1,11/25/2017 13:00,11/25/2017 13:00,18.5
UCM,H,194,SOILTD1,11/25/2017 14:00,11/25/2017 14:00,19.16666667
UCM,H,194,SOILTD1,11/25/2017 15:00,11/25/2017 15:00,19.77777778
UCM,H,194,SOILTD1,11/25/2017 16:00,11/25/2017 16:00,20.11111111
UCM,H,194,SOILTD1,11/25/2017 17:00,11/25/2017 17:00,20.27777778
UCM,H,194,SOILTD1,11/25/2017 18:00,11/25/2017 18:00,20.22222222
UCM,H,194,SOILTD1,11/25/2017 19:00,11/25/2017 19:00,20.05555556
UCM,H,194,SOILTD1,11/25/2017 20:00,11/25/2017 20:00,19.83333333
UCM,H,194,SOILTD1,11/25/2017 21:00,11/25/2017 21:00,19.61111111
UCM,H,194,SOILTD1,11/25/2017 22:00,11/25/2017 22:00,19.27777778
UCM,H,194,SOILTD1,11/25/2017 23:00,11/25/2017 23:00,19.11111111
UCM,H,194,SOILTD1,11/26/2017 0:00,11/26/2017 0:00,18.88888889
UCM,H,194,SOILTD1,11/26/2017 1:00,11/26/2017 1:00,18.72222222
UCM,H,194,SOILTD1,11/26/2017 2:00,11/26/2017 2:00,18.55555556
UCM,H,194,SOILTD1,11/26/2017 3:00,11/26/2017 3:00,18.33333333
UCM,H,194,SOILTD1,11/26/2017 4:00,11/26/2017 4:00,18.22222222
UCM,H,194,SOILTD1,11/26/2017 5:00,11/26/2017 5:00,18.05555556
UCM,H,194,SOILTD1,11/26/2017 6:00,11/26/2017 6:00,17.88888889
UCM,H,194,SOILTD1,11/26/2017 7:00,11/26/2017 7:00,17.77777778
UCM,H,194,SOILTD1,11/26/2017 8:00,11/26/2017 8:00,17.61111111
UCM,H,194,SOILTD1,11/26/2017 9:00,11/26/2017 9:00,17.5
UCM,H,194,SOILTD1,11/26/2017 10:00,11/26/2017 10:00,17.5
UCM,H,194,SOILTD1,11/26/2017 11:00,11/26/2017 11:00,17.66666667
UCM,H,194,SOILTD1,11/26/2017 12:00,11/26/2017 12:00,17.94444444
UCM,H,194,SOILTD1,11/26/2017 13:00,11/26/2017 13:00,18.22222222
UCM,H,194,SOILTD1,11/26/2017 14:00,11/26/2017 14:00,18.55555556
UCM,H,194,SOILTD1,11/26/2017 15:00,11/26/2017 15:00,18.77777778
UCM,H,194,SOILTD1,11/26/2017 16:00,11/26/2017 16:00,18.83333333
UCM,H,194,SOILTD1,11/26/2017 17:00,11/26/2017 17:00,18.88888889
UCM,H,194,SOILTD1,11/26/2017 18:00,11/26/2017 18:00,18.83333333
UCM,H,194,SOILTD1,11/26/2017 19:00,11/26/2017 19:00,18.77777778
UCM,H,194,SOILTD1,11/26/2017 20:00,11/26/2017 20:00,18.72222222
UCM,H,194,SOILTD1,11/26/2017 21:00,11/26/2017 21:00,18.61111111
UCM,H,194,SOILTD1,11/26/2017 22:00,11/26/2017 22:00,18.55555556
UCM,H,194,SOILTD1,11/26/2017 23:00,11/26/2017 23:00,18.5
UCM,H,194,SOILTD1,11/27/2017 0:00,11/27/2017 0:00,18.38888889
UCM,H,194,SOILTD1,11/27/2017 1:00,11/27/2017 1:00,18.38888889
UCM,H,194,SOILTD1,11/27/2017 2:00,11/27/2017 2:00,18.27777778
UCM,H,194,SOILTD1,11/27/2017 3:00,11/27/2017 3:00,18.22222222
UCM,H,194,SOILTD1,11/27/2017 4:00,11/27/2017 4:00,18.05555556
UCM,H,194,SOILTD1,11/27/2017 5:00,11/27/2017 5:00,17.94444444
UCM,H,194,SOILTD1,11/27/2017 6:00,11/27/2017 6:00,17.77777778
UCM,H,194,SOILTD1,11/27/2017 7:00,11/27/2017 7:00,17.55555556
UCM,H,194,SOILTD1,11/27/2017 8:00,11/27/2017 8:00,17.33333333
UCM,H,194,SOILTD1,11/27/2017 9:00,11/27/2017 9:00,17.11111111
UCM,H,194,SOILTD1,11/27/2017 10:00,11/27/2017 10:00,17
UCM,H,194,SOILTD1,11/27/2017 11:00,11/27/2017 11:00,17.11111111
UCM,H,194,SOILTD1,11/27/2017 12:00,11/27/2017 12:00,17.61111111
UCM,H,194,SOILTD1,11/27/2017 13:00,11/27/2017 13:00,18.22222222
UCM,H,194,SOILTD1,11/27/2017 14:00,11/27/2017 14:00,18.83333333
UCM,H,194,SOILTD1,11/27/2017 15:00,11/27/2017 15:00,19.16666667
UCM,H,194,SOILTD1,11/27/2017 16:00,11/27/2017 16:00,19.27777778
UCM,H,194,SOILTD1,11/27/2017 17:00,11/27/2017 17:00,19.11111111
UCM,H,194,SOILTD1,11/27/2017 18:00,11/27/2017 18:00,18.83333333
UCM,H,194,SOILTD1,11/27/2017 19:00,11/27/2017 19:00,18.44444444
UCM,H,194,SOILTD1,11/27/2017 20:00,11/27/2017 20:00,18.05555556
UCM,H,194,SOILTD1,11/27/2017 21:00,11/27/2017 21:00,17.66666667
UCM,H,194,SOILTD1,11/27/2017 22:00,11/27/2017 22:00,17.27777778
UCM,H,194,SOILTD1,11/27/2017 23:00,11/27/2017 23:00,16.94444444
UCM,H,194,SOILTD1,11/28/2017 0:00,11/28/2017 0:00,16.61111111
UCM,H,194,SOILTD1,11/28/2017 1:00,11/28/2017 1:00,16.27777778
UCM,H,194,SOILTD1,11/28/2017 2:00,11/28/2017 2:00,16
UCM,H,194,SOILTD1,11/28/2017 3:00,11/28/2017 3:00,15.66666667
UCM,H,194,SOILTD1,11/28/2017 4:00,11/28/2017 4:00,15.38888889
UCM,H,194,SOILTD1,11/28/2017 5:00,11/28/2017 5:00,15.16666667
UCM,H,194,SOILTD1,11/28/2017 6:00,11/28/2017 6:00,14.94444444
UCM,H,194,SOILTD1,11/28/2017 7:00,11/28/2017 7:00,14.77777778
UCM,H,194,SOILTD1,11/28/2017 8:00,11/28/2017 8:00,14.55555556
UCM,H,194,SOILTD1,11/28/2017 9:00,11/28/2017 9:00,14.33333333
UCM,H,194,SOILTD1,11/28/2017 10:00,11/28/2017 10:00,14.33333333
UCM,H,194,SOILTD1,11/28/2017 11:00,11/28/2017 11:00,14.55555556
UCM,H,194,SOILTD1,11/28/2017 12:00,11/28/2017 12:00,15.11111111
UCM,H,194,SOILTD1,11/28/2017 13:00,11/28/2017 13:00,15.88888889
UCM,H,194,SOILTD1,11/28/2017 14:00,11/28/2017 14:00,16.72222222
UCM,H,194,SOILTD1,11/28/2017 15:00,11/28/2017 15:00,17.22222222
UCM,H,194,SOILTD1,11/28/2017 16:00,11/28/2017 16:00,17.61111111
UCM,H,194,SOILTD1,11/28/2017 17:00,11/28/2017 17:00,17.72222222
UCM,H,194,SOILTD1,11/28/2017 18:00,11/28/2017 18:00,17.61111111
UCM,H,194,SOILTD1,11/28/2017 19:00,11/28/2017 19:00,17.33333333
UCM,H,194,SOILTD1,11/28/2017 20:00,11/28/2017 20:00,17.05555556
UCM,H,194,SOILTD1,11/28/2017 21:00,11/28/2017 21:00,16.77777778
UCM,H,194,SOILTD1,11/28/2017 22:00,11/28/2017 22:00,16.44444444
UCM,H,194,SOILTD1,11/28/2017 23:00,11/28/2017 23:00,16.22222222
UCM,H,194,SOILTD1,11/29/2017 0:00,11/29/2017 0:00,15.88888889
UCM,H,194,SOILTD1,11/29/2017 1:00,11/29/2017 1:00,15.61111111
UCM,H,194,SOILTD1,11/29/2017 2:00,11/29/2017 2:00,15.33333333
UCM,H,194,SOILTD1,11/29/2017 3:00,11/29/2017 3:00,15.11111111
UCM,H,194,SOILTD1,11/29/2017 4:00,11/29/2017 4:00,14.83333333
UCM,H,194,SOILTD1,11/29/2017 5:00,11/29/2017 5:00,14.66666667
UCM,H,194,SOILTD1,11/29/2017 6:00,11/29/2017 6:00,14.44444444
UCM,H,194,SOILTD1,11/29/2017 7:00,11/29/2017 7:00,14.27777778
UCM,H,194,SOILTD1,11/29/2017 8:00,11/29/2017 8:00,14.11111111
UCM,H,194,SOILTD1,11/29/2017 9:00,11/29/2017 9:00,13.94444444
UCM,H,194,SOILTD1,11/29/2017 10:00,11/29/2017 10:00,13.94444444
UCM,H,194,SOILTD1,11/29/2017 11:00,11/29/2017 11:00,14.16666667
UCM,H,194,SOILTD1,11/29/2017 12:00,11/29/2017 12:00,14.66666667
UCM,H,194,SOILTD1,11/29/2017 13:00,11/29/2017 13:00,15.38888889
UCM,H,194,SOILTD1,11/29/2017 14:00,11/29/2017 14:00,16.11111111
UCM,H,194,SOILTD1,11/29/2017 15:00,11/29/2017 15:00,16.66666667
UCM,H,194,SOILTD1,11/29/2017 16:00,11/29/2017 16:00,17
UCM,H,194,SOILTD1,11/29/2017 17:00,11/29/2017 17:00,17.11111111
UCM,H,194,SOILTD1,11/29/2017 18:00,11/29/2017 18:00,17
UCM,H,194,SOILTD1,11/29/2017 19:00,11/29/2017 19:00,16.77777778
UCM,H,194,SOILTD1,11/29/2017 20:00,11/29/2017 20:00,16.44444444
UCM,H,194,SOILTD1,11/29/2017 21:00,11/29/2017 21:00,16.16666667
UCM,H,194,SOILTD1,11/29/2017 22:00,11/29/2017 22:00,15.83333333
UCM,H,194,SOILTD1,11/29/2017 23:00,11/29/2017 23:00,15.5
UCM,H,194,SOILTD1,11/30/2017 0:00,11/30/2017 0:00,15.27777778
UCM,H,194,SOILTD1,11/30/2017 1:00,11/30/2017 1:00,15
UCM,H,194,SOILTD1,11/30/2017 2:00,11/30/2017 2:00,14.77777778
UCM,H,194,SOILTD1,11/30/2017 3:00,11/30/2017 3:00,14.55555556
UCM,H,194,SOILTD1,11/30/2017 4:00,11/30/2017 4:00,14.33333333
UCM,H,194,SOILTD1,11/30/2017 5:00,11/30/2017 5:00,14.16666667
UCM,H,194,SOILTD1,11/30/2017 6:00,11/30/2017 6:00,13.94444444
UCM,H,194,SOILTD1,11/30/2017 7:00,11/30/2017 7:00,13.77777778
UCM,H,194,SOILTD1,11/30/2017 8:00,11/30/2017 8:00,13.55555556
UCM,H,194,SOILTD1,11/30/2017 9:00,11/30/2017 9:00,13.5
UCM,H,194,SOILTD1,11/30/2017 10:00,11/30/2017 10:00,13.55555556
UCM,H,194,SOILTD1,11/30/2017 11:00,11/30/2017 11:00,13.77777778
UCM,H,194,SOILTD1,11/30/2017 12:00,11/30/2017 12:00,14.16666667
UCM,H,194,SOILTD1,11/30/2017 13:00,11/30/2017 13:00,14.66666667
UCM,H,194,SOILTD1,11/30/2017 14:00,11/30/2017 14:00,15.33333333
UCM,H,194,SOILTD1,11/30/2017 15:00,11/30/2017 15:00,15.94444444
UCM,H,194,SOILTD1,11/30/2017 16:00,11/30/2017 16:00,16.27777778
UCM,H,194,SOILTD1,11/30/2017 17:00,11/30/2017 17:00,16.44444444
UCM,H,194,SOILTD1,11/30/2017 18:00,11/30/2017 18:00,16.44444444
UCM,H,194,SOILTD1,11/30/2017 19:00,11/30/2017 19:00,16.27777778
UCM,H,194,SOILTD1,11/30/2017 20:00,11/30/2017 20:00,16
UCM,H,194,SOILTD1,11/30/2017 21:00,11/30/2017 21:00,15.77777778
UCM,H,194,SOILTD1,11/30/2017 22:00,11/30/2017 22:00,15.5
UCM,H,194,SOILTD1,11/30/2017 23:00,11/30/2017 23:00,15.22222222
UCM,H,194,SOILTD1,12/1/2017 0:00,12/1/2017 0:00,15
UCM,H,194,SOILTD1,12/1/2017 1:00,12/1/2017 1:00,14.77777778
UCM,H,194,SOILTD1,12/1/2017 2:00,12/1/2017 2:00,14.55555556
UCM,H,194,SOILTD1,12/1/2017 3:00,12/1/2017 3:00,14.33333333
UCM,H,194,SOILTD1,12/1/2017 4:00,12/1/2017 4:00,14.16666667
UCM,H,194,SOILTD1,12/1/2017 5:00,12/1/2017 5:00,14
UCM,H,194,SOILTD1,12/1/2017 6:00,12/1/2017 6:00,13.77777778
UCM,H,194,SOILTD1,12/1/2017 7:00,12/1/2017 7:00,13.55555556
UCM,H,194,SOILTD1,12/1/2017 8:00,12/1/2017 8:00,13.44444444
UCM,H,194,SOILTD1,12/1/2017 9:00,12/1/2017 9:00,13.27777778
UCM,H,194,SOILTD1,12/1/2017 10:00,12/1/2017 10:00,13.33333333
UCM,H,194,SOILTD1,12/1/2017 11:00,12/1/2017 11:00,13.55555556
UCM,H,194,SOILTD1,12/1/2017 12:00,12/1/2017 12:00,14.11111111
UCM,H,194,SOILTD1,12/1/2017 13:00,12/1/2017 13:00,14.77777778
UCM,H,194,SOILTD1,12/1/2017 14:00,12/1/2017 14:00,15.44444444
UCM,H,194,SOILTD1,12/1/2017 15:00,12/1/2017 15:00,16.05555556
UCM,H,194,SOILTD1,12/1/2017 16:00,12/1/2017 16:00,16.38888889
UCM,H,194,SOILTD1,12/1/2017 17:00,12/1/2017 17:00,16.5
UCM,H,194,SOILTD1,12/1/2017 18:00,12/1/2017 18:00,16.44444444
UCM,H,194,SOILTD1,12/1/2017 19:00,12/1/2017 19:00,16.22222222
UCM,H,194,SOILTD1,12/1/2017 20:00,12/1/2017 20:00,16
UCM,H,194,SOILTD1,12/1/2017 21:00,12/1/2017 21:00,15.72222222
UCM,H,194,SOILTD1,12/1/2017 22:00,12/1/2017 22:00,15.38888889
UCM,H,194,SOILTD1,12/1/2017 23:00,12/1/2017 23:00,15.11111111
UCM,H,194,SOILTD1,12/2/2017 0:00,12/2/2017 0:00,14.88888889
UCM,H,194,SOILTD1,12/2/2017 1:00,12/2/2017 1:00,14.66666667
UCM,H,194,SOILTD1,12/2/2017 2:00,12/2/2017 2:00,14.44444444
UCM,H,194,SOILTD1,12/2/2017 3:00,12/2/2017 3:00,14.22222222
UCM,H,194,SOILTD1,12/2/2017 4:00,12/2/2017 4:00,14.05555556
UCM,H,194,SOILTD1,12/2/2017 5:00,12/2/2017 5:00,13.83333333
UCM,H,194,SOILTD1,12/2/2017 6:00,12/2/2017 6:00,13.66666667
UCM,H,194,SOILTD1,12/2/2017 7:00,12/2/2017 7:00,13.5
UCM,H,194,SOILTD1,12/2/2017 8:00,12/2/2017 8:00,13.38888889
UCM,H,194,SOILTD1,12/2/2017 9:00,12/2/2017 9:00,13.27777778
UCM,H,194,SOILTD1,12/2/2017 10:00,12/2/2017 10:00,13.38888889
UCM,H,194,SOILTD1,12/2/2017 11:00,12/2/2017 11:00,13.66666667
UCM,H,194,SOILTD1,12/2/2017 12:00,12/2/2017 12:00,14.16666667
UCM,H,194,SOILTD1,12/2/2017 13:00,12/2/2017 13:00,14.77777778
UCM,H,194,SOILTD1,12/2/2017 14:00,12/2/2017 14:00,15.38888889
UCM,H,194,SOILTD1,12/2/2017 15:00,12/2/2017 15:00,15.88888889
UCM,H,194,SOILTD1,12/2/2017 16:00,12/2/2017 16:00,16.22222222
UCM,H,194,SOILTD1,12/2/2017 17:00,12/2/2017 17:00,16.44444444
UCM,H,194,SOILTD1,12/2/2017 18:00,12/2/2017 18:00,16.44444444
UCM,H,194,SOILTD1,12/2/2017 19:00,12/2/2017 19:00,16.22222222
UCM,H,194,SOILTD1,12/2/2017 20:00,12/2/2017 20:00,16
UCM,H,194,SOILTD1,12/2/2017 21:00,12/2/2017 21:00,15.77777778
UCM,H,194,SOILTD1,12/2/2017 22:00,12/2/2017 22:00,15.55555556
UCM,H,194,SOILTD1,12/2/2017 23:00,12/2/2017 23:00,15.38888889
UCM,H,194,SOILTD1,12/3/2017 0:00,12/3/2017 0:00,15.22222222
UCM,H,194,SOILTD1,12/3/2017 1:00,12/3/2017 1:00,15.05555556
UCM,H,194,SOILTD1,12/3/2017 2:00,12/3/2017 2:00,15
UCM,H,194,SOILTD1,12/3/2017 3:00,12/3/2017 3:00,14.88888889
UCM,H,194,SOILTD1,12/3/2017 4:00,12/3/2017 4:00,14.77777778
UCM,H,194,SOILTD1,12/3/2017 5:00,12/3/2017 5:00,14.77777778
UCM,H,194,SOILTD1,12/3/2017 6:00,12/3/2017 6:00,14.72222222
UCM,H,194,SOILTD1,12/3/2017 7:00,12/3/2017 7:00,14.72222222
UCM,H,194,SOILTD1,12/3/2017 8:00,12/3/2017 8:00,14.72222222
UCM,H,194,SOILTD1,12/3/2017 9:00,12/3/2017 9:00,14.61111111
UCM,H,194,SOILTD1,12/3/2017 10:00,12/3/2017 10:00,14.5
UCM,H,194,SOILTD1,12/3/2017 11:00,12/3/2017 11:00,14.61111111
UCM,H,194,SOILTD1,12/3/2017 12:00,12/3/2017 12:00,15
UCM,H,194,SOILTD1,12/3/2017 13:00,12/3/2017 13:00,15.61111111
UCM,H,194,SOILTD1,12/3/2017 14:00,12/3/2017 14:00,16.27777778
UCM,H,194,SOILTD1,12/3/2017 15:00,12/3/2017 15:00,16.72222222
UCM,H,194,SOILTD1,12/3/2017 16:00,12/3/2017 16:00,16.88888889
UCM,H,194,SOILTD1,12/3/2017 17:00,12/3/2017 17:00,16.88888889
UCM,H,194,SOILTD1,12/3/2017 18:00,12/3/2017 18:00,16.66666667
UCM,H,194,SOILTD1,12/3/2017 19:00,12/3/2017 19:00,16.38888889
UCM,H,194,SOILTD1,12/3/2017 20:00,12/3/2017 20:00,16.05555556
UCM,H,194,SOILTD1,12/3/2017 21:00,12/3/2017 21:00,15.72222222
UCM,H,194,SOILTD1,12/3/2017 22:00,12/3/2017 22:00,15.38888889
UCM,H,194,SOILTD1,12/3/2017 23:00,12/3/2017 23:00,15.11111111
UCM,H,194,SOILTD1,12/4/2017 0:00,12/4/2017 0:00,14.77777778
UCM,H,194,SOILTD1,12/4/2017 1:00,12/4/2017 1:00,14.5
UCM,H,194,SOILTD1,12/4/2017 2:00,12/4/2017 2:00,14.22222222
UCM,H,194,SOILTD1,12/4/2017 3:00,12/4/2017 3:00,13.88888889
UCM,H,194,SOILTD1,12/4/2017 4:00,12/4/2017 4:00,13.55555556
UCM,H,194,SOILTD1,12/4/2017 5:00,12/4/2017 5:00,13.27777778
UCM,H,194,SOILTD1,12/4/2017 6:00,12/4/2017 6:00,13.05555556
UCM,H,194,SOILTD1,12/4/2017 7:00,12/4/2017 7:00,12.83333333
UCM,H,194,SOILTD1,12/4/2017 8:00,12/4/2017 8:00,12.66666667
UCM,H,194,SOILTD1,12/4/2017 9:00,12/4/2017 9:00,12.5
UCM,H,194,SOILTD1,12/4/2017 10:00,12/4/2017 10:00,12.44444444
UCM,H,194,SOILTD1,12/4/2017 11:00,12/4/2017 11:00,12.55555556
UCM,H,194,SOILTD1,12/4/2017 12:00,12/4/2017 12:00,13
UCM,H,194,SOILTD1,12/4/2017 13:00,12/4/2017 13:00,13.77777778
UCM,H,194,SOILTD1,12/4/2017 14:00,12/4/2017 14:00,14.5
UCM,H,194,SOILTD1,12/4/2017 15:00,12/4/2017 15:00,15.05555556
UCM,H,194,SOILTD1,12/4/2017 16:00,12/4/2017 16:00,15.38888889
UCM,H,194,SOILTD1,12/4/2017 17:00,12/4/2017 17:00,15.5
UCM,H,194,SOILTD1,12/4/2017 18:00,12/4/2017 18:00,15.38888889
UCM,H,194,SOILTD1,12/4/2017 19:00,12/4/2017 19:00,15.16666667
UCM,H,194,SOILTD1,12/4/2017 20:00,12/4/2017 20:00,14.83333333
UCM,H,194,SOILTD1,12/4/2017 21:00,12/4/2017 21:00,14.5
UCM,H,194,SOILTD1,12/4/2017 22:00,12/4/2017 22:00,14.16666667
UCM,H,194,SOILTD1,12/4/2017 23:00,12/4/2017 23:00,13.83333333
UCM,H,194,SOILTD1,12/5/2017 0:00,12/5/2017 0:00,13.5
UCM,H,194,SOILTD1,12/5/2017 1:00,12/5/2017 1:00,13.22222222
UCM,H,194,SOILTD1,12/5/2017 2:00,12/5/2017 2:00,12.94444444
UCM,H,194,SOILTD1,12/5/2017 3:00,12/5/2017 3:00,
UCM,H,194,SOILTD1,12/5/2017 4:00,12/5/2017 4:00,12.38888889
UCM,H,194,SOILTD1,12/5/2017 5:00,12/5/2017 5:00,12.11111111
UCM,H,194,SOILTD1,12/5/2017 6:00,12/5/2017 6:00,11.88888889
UCM,H,194,SOILTD1,12/5/2017 7:00,12/5/2017 7:00,11.72222222
UCM,H,194,SOILTD1,12/5/2017 8:00,12/5/2017 8:00,11.5
UCM,H,194,SOILTD1,12/5/2017 9:00,12/5/2017 9:00,11.33333333
UCM,H,194,SOILTD1,12/5/2017 10:00,12/5/2017 10:00,11.27777778
UCM,H,194,SOILTD1,12/5/2017 11:00,12/5/2017 11:00,11.44444444
UCM,H,194,SOILTD1,12/5/2017 12:00,12/5/2017 12:00,11.88888889
UCM,H,194,SOILTD1,12/5/2017 13:00,12/5/2017 13:00,12.61111111
UCM,H,194,SOILTD1,12/5/2017 14:00,12/5/2017 14:00,13.38888889
UCM,H,194,SOILTD1,12/5/2017 15:00,12/5/2017 15:00,14
UCM,H,194,SOILTD1,12/5/2017 16:00,12/5/2017 16:00,14.38888889
UCM,H,194,SOILTD1,12/5/2017 17:00,12/5/2017 17:00,14.5
UCM,H,194,SOILTD1,12/5/2017 18:00,12/5/2017 18:00,14.5
UCM,H,194,SOILTD1,12/5/2017 19:00,12/5/2017 19:00,14.27777778
UCM,H,194,SOILTD1,12/5/2017 20:00,12/5/2017 20:00,14
UCM,H,194,SOILTD1,12/5/2017 21:00,12/5/2017 21:00,13.66666667
UCM,H,194,SOILTD1,12/5/2017 22:00,12/5/2017 22:00,13.38888889
UCM,H,194,SOILTD1,12/5/2017 23:00,12/5/2017 23:00,13.11111111
UCM,H,194,SOILTD1,12/6/2017 0:00,12/6/2017 0:00,12.88888889
UCM,H,194,SOILTD1,12/6/2017 1:00,12/6/2017 1:00,12.66666667
UCM,H,194,SOILTD1,12/6/2017 2:00,12/6/2017 2:00,12.38888889
UCM,H,194,SOILTD1,12/6/2017 3:00,12/6/2017 3:00,12.22222222
UCM,H,194,SOILTD1,12/6/2017 4:00,12/6/2017 4:00,12
UCM,H,194,SOILTD1,12/6/2017 5:00,12/6/2017 5:00,11.83333333
UCM,H,194,SOILTD1,12/6/2017 6:00,12/6/2017 6:00,11.66666667
UCM,H,194,SOILTD1,12/6/2017 7:00,12/6/2017 7:00,11.5
UCM,H,194,SOILTD1,12/6/2017 8:00,12/6/2017 8:00,11.33333333
UCM,H,194,SOILTD1,12/6/2017 9:00,12/6/2017 9:00,11.22222222
UCM,H,194,SOILTD1,12/6/2017 10:00,12/6/2017 10:00,11.22222222
UCM,H,194,SOILTD1,12/6/2017 11:00,12/6/2017 11:00,11.38888889
UCM,H,194,SOILTD1,12/6/2017 12:00,12/6/2017 12:00,11.83333333
UCM,H,194,SOILTD1,12/6/2017 13:00,12/6/2017 13:00,12.55555556
UCM,H,194,SOILTD1,12/6/2017 14:00,12/6/2017 14:00,13.27777778
UCM,H,194,SOILTD1,12/6/2017 15:00,12/6/2017 15:00,14
UCM,H,194,SOILTD1,12/6/2017 16:00,12/6/2017 16:00,14.38888889
UCM,H,194,SOILTD1,12/6/2017 17:00,12/6/2017 17:00,14.5
UCM,H,194,SOILTD1,12/6/2017 18:00,12/6/2017 18:00,14.5
UCM,H,194,SOILTD1,12/6/2017 19:00,12/6/2017 19:00,14.27777778
UCM,H,194,SOILTD1,12/6/2017 20:00,12/6/2017 20:00,14
UCM,H,194,SOILTD1,12/6/2017 21:00,12/6/2017 21:00,13.61111111
UCM,H,194,SOILTD1,12/6/2017 22:00,12/6/2017 22:00,13.33333333
UCM,H,194,SOILTD1,12/6/2017 23:00,12/6/2017 23:00,13
UCM,H,194,SOILTD1,12/7/2017 0:00,12/7/2017 0:00,12.72222222
UCM,H,194,SOILTD1,12/7/2017 1:00,12/7/2017 1:00,12.5
UCM,H,194,SOILTD1,12/7/2017 2:00,12/7/2017 2:00,12.22222222
UCM,H,194,SOILTD1,12/7/2017 3:00,12/7/2017 3:00,12
UCM,H,194,SOILTD1,12/7/2017 4:00,12/7/2017 4:00,11.77777778
UCM,H,194,SOILTD1,12/7/2017 5:00,12/7/2017 5:00,11.55555556
UCM,H,194,SOILTD1,12/7/2017 6:00,12/7/2017 6:00,11.33333333
UCM,H,194,SOILTD1,12/7/2017 7:00,12/7/2017 7:00,11.16666667
UCM,H,194,SOILTD1,12/7/2017 8:00,12/7/2017 8:00,11
UCM,H,194,SOILTD1,12/7/2017 9:00,12/7/2017 9:00,10.83333333
UCM,H,194,SOILTD1,12/7/2017 10:00,12/7/2017 10:00,10.77777778
UCM,H,194,SOILTD1,12/7/2017 11:00,12/7/2017 11:00,10.94444444
UCM,H,194,SOILTD1,12/7/2017 12:00,12/7/2017 12:00,11.38888889
UCM,H,194,SOILTD1,12/7/2017 13:00,12/7/2017 13:00,12.11111111
UCM,H,194,SOILTD1,12/7/2017 14:00,12/7/2017 14:00,12.88888889
UCM,H,194,SOILTD1,12/7/2017 15:00,12/7/2017 15:00,13.61111111
UCM,H,194,SOILTD1,12/7/2017 16:00,12/7/2017 16:00,14.05555556
UCM,H,194,SOILTD1,12/7/2017 17:00,12/7/2017 17:00,14.22222222
UCM,H,194,SOILTD1,12/7/2017 18:00,12/7/2017 18:00,14.22222222
UCM,H,194,SOILTD1,12/7/2017 19:00,12/7/2017 19:00,14.05555556
UCM,H,194,SOILTD1,12/7/2017 20:00,12/7/2017 20:00,13.77777778
UCM,H,194,SOILTD1,12/7/2017 21:00,12/7/2017 21:00,13.44444444
UCM,H,194,SOILTD1,12/7/2017 22:00,12/7/2017 22:00,13.16666667
UCM,H,194,SOILTD1,12/7/2017 23:00,12/7/2017 23:00,12.94444444
UCM,H,194,SOILTD1,12/8/2017 0:00,12/8/2017 0:00,12.72222222
UCM,H,194,SOILTD1,12/8/2017 1:00,12/8/2017 1:00,12.5
UCM,H,194,SOILTD1,12/8/2017 2:00,12/8/2017 2:00,12.22222222
UCM,H,194,SOILTD1,12/8/2017 3:00,12/8/2017 3:00,12.05555556
UCM,H,194,SOILTD1,12/8/2017 4:00,12/8/2017 4:00,11.88888889
UCM,H,194,SOILTD1,12/8/2017 5:00,12/8/2017 5:00,11.72222222
UCM,H,194,SOILTD1,12/8/2017 6:00,12/8/2017 6:00,11.5
UCM,H,194,SOILTD1,12/8/2017 7:00,12/8/2017 7:00,11.38888889
UCM,H,194,SOILTD1,12/8/2017 8:00,12/8/2017 8:00,11.22222222
UCM,H,194,SOILTD1,12/8/2017 9:00,12/8/2017 9:00,11.11111111
UCM,H,194,SOILTD1,12/8/2017 10:00,12/8/2017 10:00,11.11111111
UCM,H,194,SOILTD1,12/8/2017 11:00,12/8/2017 11:00,11.27777778
UCM,H,194,SOILTD1,12/8/2017 12:00,12/8/2017 12:00,11.77777778
UCM,H,194,SOILTD1,12/8/2017 13:00,12/8/2017 13:00,12.5
UCM,H,194,SOILTD1,12/8/2017 14:00,12/8/2017 14:00,13.27777778
UCM,H,194,SOILTD1,12/8/2017 15:00,12/8/2017 15:00,14
UCM,H,194,SOILTD1,12/8/2017 16:00,12/8/2017 16:00,14.44444444
UCM,H,194,SOILTD1,12/8/2017 17:00,12/8/2017 17:00,14.55555556
UCM,H,194,SOILTD1,12/8/2017 18:00,12/8/2017 18:00,14.55555556
UCM,H,194,SOILTD1,12/8/2017 19:00,12/8/2017 19:00,14.27777778
UCM,H,194,SOILTD1,12/8/2017 20:00,12/8/2017 20:00,14
UCM,H,194,SOILTD1,12/8/2017 21:00,12/8/2017 21:00,13.61111111
UCM,H,194,SOILTD1,12/8/2017 22:00,12/8/2017 22:00,13.33333333
UCM,H,194,SOILTD1,12/8/2017 23:00,12/8/2017 23:00,13
UCM,H,194,SOILTD1,12/9/2017 0:00,12/9/2017 0:00,12.72222222
UCM,H,194,SOILTD1,12/9/2017 1:00,12/9/2017 1:00,12.44444444
UCM,H,194,SOILTD1,12/9/2017 2:00,12/9/2017 2:00,12.22222222
UCM,H,194,SOILTD1,12/9/2017 3:00,12/9/2017 3:00,12
UCM,H,194,SOILTD1,12/9/2017 4:00,12/9/2017 4:00,11.77777778
UCM,H,194,SOILTD1,12/9/2017 5:00,12/9/2017 5:00,11.55555556
UCM,H,194,SOILTD1,12/9/2017 6:00,12/9/2017 6:00,11.33333333
UCM,H,194,SOILTD1,12/9/2017 7:00,12/9/2017 7:00,11.16666667
UCM,H,194,SOILTD1,12/9/2017 8:00,12/9/2017 8:00,11
UCM,H,194,SOILTD1,12/9/2017 9:00,12/9/2017 9:00,10.83333333
UCM,H,194,SOILTD1,12/9/2017 10:00,12/9/2017 10:00,10.83333333
UCM,H,194,SOILTD1,12/9/2017 11:00,12/9/2017 11:00,11
UCM,H,194,SOILTD1,12/9/2017 12:00,12/9/2017 12:00,11.44444444
UCM,H,194,SOILTD1,12/9/2017 13:00,12/9/2017 13:00,
UCM,H,194,SOILTD1,12/9/2017 14:00,12/9/2017 14:00,12.88888889
UCM,H,194,SOILTD1,12/9/2017 15:00,12/9/2017 15:00,13.55555556
UCM,H,194,SOILTD1,12/9/2017 16:00,12/9/2017 16:00,14
UCM,H,194,SOILTD1,12/9/2017 17:00,12/9/2017 17:00,14.16666667
UCM,H,194,SOILTD1,12/9/2017 18:00,12/9/2017 18:00,14.22222222
UCM,H,194,SOILTD1,12/9/2017 19:00,12/9/2017 19:00,14.05555556
UCM,H,194,SOILTD1,12/9/2017 20:00,12/9/2017 20:00,13.77777778
UCM,H,194,SOILTD1,12/9/2017 21:00,12/9/2017 21:00,13.44444444
UCM,H,194,SOILTD1,12/9/2017 22:00,12/9/2017 22:00,13.16666667
UCM,H,194,SOILTD1,12/9/2017 23:00,12/9/2017 23:00,12.88888889
UCM,H,194,SOILTD1,12/10/2017 0:00,12/10/2017 0:00,12.66666667
UCM,H,194,SOILTD1,12/10/2017 1:00,12/10/2017 1:00,12.38888889
UCM,H,194,SOILTD1,12/10/2017 2:00,12/10/2017 2:00,12.22222222
UCM,H,194,SOILTD1,12/10/2017 3:00,12/10/2017 3:00,12
UCM,H,194,SOILTD1,12/10/2017 4:00,12/10/2017 4:00,11.77777778
UCM,H,194,SOILTD1,12/10/2017 5:00,12/10/2017 5:00,11.55555556
UCM,H,194,SOILTD1,12/10/2017 6:00,12/10/2017 6:00,11.33333333
UCM,H,194,SOILTD1,12/10/2017 7:00,12/10/2017 7:00,11.16666667
UCM,H,194,SOILTD1,12/10/2017 8:00,12/10/2017 8:00,11
UCM,H,194,SOILTD1,12/10/2017 9:00,12/10/2017 9:00,10.88888889
UCM,H,194,SOILTD1,12/10/2017 10:00,12/10/2017 10:00,10.88888889
UCM,H,194,SOILTD1,12/10/2017 11:00,12/10/2017 11:00,11
UCM,H,194,SOILTD1,12/10/2017 12:00,12/10/2017 12:00,11.5
UCM,H,194,SOILTD1,12/10/2017 13:00,12/10/2017 13:00,12.22222222
UCM,H,194,SOILTD1,12/10/2017 14:00,12/10/2017 14:00,13
UCM,H,194,SOILTD1,12/10/2017 15:00,12/10/2017 15:00,13.72222222
UCM,H,194,SOILTD1,12/10/2017 16:00,12/10/2017 16:00,14.16666667
UCM,H,194,SOILTD1,12/10/2017 17:00,12/10/2017 17:00,14.27777778
UCM,H,194,SOILTD1,12/10/2017 18:00,12/10/2017 18:00,14.22222222
UCM,H,194,SOILTD1,12/10/2017 19:00,12/10/2017 19:00,14
UCM,H,194,SOILTD1,12/10/2017 20:00,12/10/2017 20:00,13.72222222
UCM,H,194,SOILTD1,12/10/2017 21:00,12/10/2017 21:00,13.38888889
UCM,H,194,SOILTD1,12/10/2017 22:00,12/10/2017 22:00,13.11111111
UCM,H,194,SOILTD1,12/10/2017 23:00,12/10/2017 23:00,12.77777778
UCM,H,194,SOILTD1,12/11/2017 0:00,12/11/2017 0:00,12.55555556
UCM,H,194,SOILTD1,12/11/2017 1:00,12/11/2017 1:00,12.27777778
UCM,H,194,SOILTD1,12/11/2017 2:00,12/11/2017 2:00,12.05555556
UCM,H,194,SOILTD1,12/11/2017 3:00,12/11/2017 3:00,11.83333333
UCM,H,194,SOILTD1,12/11/2017 4:00,12/11/2017 4:00,11.72222222
UCM,H,194,SOILTD1,12/11/2017 5:00,12/11/2017 5:00,11.5
UCM,H,194,SOILTD1,12/11/2017 6:00,12/11/2017 6:00,11.33333333
UCM,H,194,SOILTD1,12/11/2017 7:00,12/11/2017 7:00,11.16666667
UCM,H,194,SOILTD1,12/11/2017 8:00,12/11/2017 8:00,11
UCM,H,194,SOILTD1,12/11/2017 9:00,12/11/2017 9:00,10.88888889
UCM,H,194,SOILTD1,12/11/2017 10:00,12/11/2017 10:00,10.83333333
UCM,H,194,SOILTD1,12/11/2017 11:00,12/11/2017 11:00,11.05555556
UCM,H,194,SOILTD1,12/11/2017 12:00,12/11/2017 12:00,11.5
UCM,H,194,SOILTD1,12/11/2017 13:00,12/11/2017 13:00,12.22222222
UCM,H,194,SOILTD1,12/11/2017 14:00,12/11/2017 14:00,12.94444444
UCM,H,194,SOILTD1,12/11/2017 15:00,12/11/2017 15:00,13.55555556
UCM,H,194,SOILTD1,12/11/2017 16:00,12/11/2017 16:00,14
UCM,H,194,SOILTD1,12/11/2017 17:00,12/11/2017 17:00,14.22222222
UCM,H,194,SOILTD1,12/11/2017 18:00,12/11/2017 18:00,14.16666667
UCM,H,194,SOILTD1,12/11/2017 19:00,12/11/2017 19:00,14
UCM,H,194,SOILTD1,12/11/2017 20:00,12/11/2017 20:00,13.61111111
UCM,H,194,SOILTD1,12/11/2017 21:00,12/11/2017 21:00,13.33333333
UCM,H,194,SOILTD1,12/11/2017 22:00,12/11/2017 22:00,13
UCM,H,194,SOILTD1,12/11/2017 23:00,12/11/2017 23:00,12.72222222
UCM,H,194,SOILTD1,12/12/2017 0:00,12/12/2017 0:00,12.5
UCM,H,194,SOILTD1,12/12/2017 1:00,12/12/2017 1:00,12.22222222
UCM,H,194,SOILTD1,12/12/2017 2:00,12/12/2017 2:00,12
UCM,H,194,SOILTD1,12/12/2017 3:00,12/12/2017 3:00,11.77777778
UCM,H,194,SOILTD1,12/12/2017 4:00,12/12/2017 4:00,11.55555556
UCM,H,194,SOILTD1,12/12/2017 5:00,12/12/2017 5:00,11.33333333
UCM,H,194,SOILTD1,12/12/2017 6:00,12/12/2017 6:00,11.16666667
UCM,H,194,SOILTD1,12/12/2017 7:00,12/12/2017 7:00,11
UCM,H,194,SOILTD1,12/12/2017 8:00,12/12/2017 8:00,10.88888889
UCM,H,194,SOILTD1,12/12/2017 9:00,12/12/2017 9:00,10.77777778
UCM,H,194,SOILTD1,12/12/2017 10:00,12/12/2017 10:00,10.72222222
UCM,H,194,SOILTD1,12/12/2017 11:00,12/12/2017 11:00,10.88888889
UCM,H,194,SOILTD1,12/12/2017 12:00,12/12/2017 12:00,11.27777778
UCM,H,194,SOILTD1,12/12/2017 13:00,12/12/2017 13:00,12
UCM,H,194,SOILTD1,12/12/2017 14:00,12/12/2017 14:00,12.77777778
UCM,H,194,SOILTD1,12/12/2017 15:00,12/12/2017 15:00,13.38888889
UCM,H,194,SOILTD1,12/12/2017 16:00,12/12/2017 16:00,13.83333333
UCM,H,194,SOILTD1,12/12/2017 17:00,12/12/2017 17:00,14.05555556
UCM,H,194,SOILTD1,12/12/2017 18:00,12/12/2017 18:00,14
UCM,H,194,SOILTD1,12/12/2017 19:00,12/12/2017 19:00,13.77777778
UCM,H,194,SOILTD1,12/12/2017 20:00,12/12/2017 20:00,13.5
UCM,H,194,SOILTD1,12/12/2017 21:00,12/12/2017 21:00,13.22222222
UCM,H,194,SOILTD1,12/12/2017 22:00,12/12/2017 22:00,12.88888889
UCM,H,194,SOILTD1,12/12/2017 23:00,12/12/2017 23:00,12.61111111
UCM,H,194,SOILTD1,12/13/2017 0:00,12/13/2017 0:00,12.33333333
UCM,H,194,SOILTD1,12/13/2017 1:00,12/13/2017 1:00,12.11111111
UCM,H,194,SOILTD1,12/13/2017 2:00,12/13/2017 2:00,11.88888889
UCM,H,194,SOILTD1,12/13/2017 3:00,12/13/2017 3:00,11.72222222
UCM,H,194,SOILTD1,12/13/2017 4:00,12/13/2017 4:00,11.5
UCM,H,194,SOILTD1,12/13/2017 5:00,12/13/2017 5:00,11.27777778
UCM,H,194,SOILTD1,12/13/2017 6:00,12/13/2017 6:00,11.11111111
UCM,H,194,SOILTD1,12/13/2017 7:00,12/13/2017 7:00,10.88888889
UCM,H,194,SOILTD1,12/13/2017 8:00,12/13/2017 8:00,10.77777778
UCM,H,194,SOILTD1,12/13/2017 9:00,12/13/2017 9:00,10.61111111
UCM,H,194,SOILTD1,12/13/2017 10:00,12/13/2017 10:00,10.61111111
UCM,H,194,SOILTD1,12/13/2017 11:00,12/13/2017 11:00,10.72222222
UCM,H,194,SOILTD1,12/13/2017 12:00,12/13/2017 12:00,11.16666667
UCM,H,194,SOILTD1,12/13/2017 13:00,12/13/2017 13:00,11.83333333
UCM,H,194,SOILTD1,12/13/2017 14:00,12/13/2017 14:00,12.61111111
UCM,H,194,SOILTD1,12/13/2017 15:00,12/13/2017 15:00,13.22222222
UCM,H,194,SOILTD1,12/13/2017 16:00,12/13/2017 16:00,13.72222222
UCM,H,194,SOILTD1,12/13/2017 17:00,12/13/2017 17:00,13.94444444
UCM,H,194,SOILTD1,12/13/2017 18:00,12/13/2017 18:00,13.94444444
UCM,H,194,SOILTD1,12/13/2017 19:00,12/13/2017 19:00,13.66666667
UCM,H,194,SOILTD1,12/13/2017 20:00,12/13/2017 20:00,13.38888889
UCM,H,194,SOILTD1,12/13/2017 21:00,12/13/2017 21:00,13.05555556
UCM,H,194,SOILTD1,12/13/2017 22:00,12/13/2017 22:00,12.77777778
UCM,H,194,SOILTD1,12/13/2017 23:00,12/13/2017 23:00,12.5
UCM,H,194,SOILTD1,12/14/2017 0:00,12/14/2017 0:00,12.22222222
UCM,H,194,SOILTD1,12/14/2017 1:00,12/14/2017 1:00,12
UCM,H,194,SOILTD1,12/14/2017 2:00,12/14/2017 2:00,11.77777778
UCM,H,194,SOILTD1,12/14/2017 3:00,12/14/2017 3:00,11.61111111
UCM,H,194,SOILTD1,12/14/2017 4:00,12/14/2017 4:00,11.38888889
UCM,H,194,SOILTD1,12/14/2017 5:00,12/14/2017 5:00,11.22222222
UCM,H,194,SOILTD1,12/14/2017 6:00,12/14/2017 6:00,11
UCM,H,194,SOILTD1,12/14/2017 7:00,12/14/2017 7:00,10.83333333
UCM,H,194,SOILTD1,12/14/2017 8:00,12/14/2017 8:00,10.66666667
UCM,H,194,SOILTD1,12/14/2017 9:00,12/14/2017 9:00,10.55555556
UCM,H,194,SOILTD1,12/14/2017 10:00,12/14/2017 10:00,10.5
UCM,H,194,SOILTD1,12/14/2017 11:00,12/14/2017 11:00,10.66666667
UCM,H,194,SOILTD1,12/14/2017 12:00,12/14/2017 12:00,11.11111111
UCM,H,194,SOILTD1,12/14/2017 13:00,12/14/2017 13:00,11.77777778
UCM,H,194,SOILTD1,12/14/2017 14:00,12/14/2017 14:00,12.5
UCM,H,194,SOILTD1,12/14/2017 15:00,12/14/2017 15:00,13.22222222
UCM,H,194,SOILTD1,12/14/2017 16:00,12/14/2017 16:00,13.61111111
UCM,H,194,SOILTD1,12/14/2017 17:00,12/14/2017 17:00,13.83333333
UCM,H,194,SOILTD1,12/14/2017 18:00,12/14/2017 18:00,13.83333333
UCM,H,194,SOILTD1,12/14/2017 19:00,12/14/2017 19:00,13.61111111
UCM,H,194,SOILTD1,12/14/2017 20:00,12/14/2017 20:00,13.33333333
UCM,H,194,SOILTD1,12/14/2017 21:00,12/14/2017 21:00,13.05555556
UCM,H,194,SOILTD1,12/14/2017 22:00,12/14/2017 22:00,12.77777778
UCM,H,194,SOILTD1,12/14/2017 23:00,12/14/2017 23:00,12.55555556
UCM,H,194,SOILTD1,12/15/2017 0:00,12/15/2017 0:00,12.33333333
UCM,H,194,SOILTD1,12/15/2017 1:00,12/15/2017 1:00,12.16666667
UCM,H,194,SOILTD1,12/15/2017 2:00,12/15/2017 2:00,11.94444444
UCM,H,194,SOILTD1,12/15/2017 3:00,12/15/2017 3:00,11.72222222
UCM,H,194,SOILTD1,12/15/2017 4:00,12/15/2017 4:00,11.55555556
UCM,H,194,SOILTD1,12/15/2017 5:00,12/15/2017 5:00,11.33333333
UCM,H,194,SOILTD1,12/15/2017 6:00,12/15/2017 6:00,11.16666667
UCM,H,194,SOILTD1,12/15/2017 7:00,12/15/2017 7:00,11
UCM,H,194,SOILTD1,12/15/2017 8:00,12/15/2017 8:00,10.88888889
UCM,H,194,SOILTD1,12/15/2017 9:00,12/15/2017 9:00,10.72222222
UCM,H,194,SOILTD1,12/15/2017 10:00,12/15/2017 10:00,10.72222222
UCM,H,194,SOILTD1,12/15/2017 11:00,12/15/2017 11:00,10.83333333
UCM,H,194,SOILTD1,12/15/2017 12:00,12/15/2017 12:00,11.27777778
UCM,H,194,SOILTD1,12/15/2017 13:00,12/15/2017 13:00,11.83333333
UCM,H,194,SOILTD1,12/15/2017 14:00,12/15/2017 14:00,12.5
UCM,H,194,SOILTD1,12/15/2017 15:00,12/15/2017 15:00,13.05555556
UCM,H,194,SOILTD1,12/15/2017 16:00,12/15/2017 16:00,13.44444444
UCM,H,194,SOILTD1,12/15/2017 17:00,12/15/2017 17:00,13.66666667
UCM,H,194,SOILTD1,12/15/2017 18:00,12/15/2017 18:00,13.72222222
UCM,H,194,SOILTD1,12/15/2017 19:00,12/15/2017 19:00,13.61111111
UCM,H,194,SOILTD1,12/15/2017 20:00,12/15/2017 20:00,13.44444444
UCM,H,194,SOILTD1,12/15/2017 21:00,12/15/2017 21:00,13.27777778
UCM,H,194,SOILTD1,12/15/2017 22:00,12/15/2017 22:00,13.11111111
UCM,H,194,SOILTD1,12/15/2017 23:00,12/15/2017 23:00,13
UCM,H,194,SOILTD1,12/16/2017 0:00,12/16/2017 0:00,12.88888889
UCM,H,194,SOILTD1,12/16/2017 1:00,12/16/2017 1:00,12.83333333
UCM,H,194,SOILTD1,12/16/2017 2:00,12/16/2017 2:00,12.72222222
UCM,H,194,SOILTD1,12/16/2017 3:00,12/16/2017 3:00,12.55555556
UCM,H,194,SOILTD1,12/16/2017 4:00,12/16/2017 4:00,12.5
UCM,H,194,SOILTD1,12/16/2017 5:00,12/16/2017 5:00,12.33333333
UCM,H,194,SOILTD1,12/16/2017 6:00,12/16/2017 6:00,12.16666667
UCM,H,194,SOILTD1,12/16/2017 7:00,12/16/2017 7:00,12.05555556
UCM,H,194,SOILTD1,12/16/2017 8:00,12/16/2017 8:00,11.94444444
UCM,H,194,SOILTD1,12/16/2017 9:00,12/16/2017 9:00,11.77777778
UCM,H,194,SOILTD1,12/16/2017 10:00,12/16/2017 10:00,11.77777778
UCM,H,194,SOILTD1,12/16/2017 11:00,12/16/2017 11:00,11.83333333
UCM,H,194,SOILTD1,12/16/2017 12:00,12/16/2017 12:00,12.16666667
UCM,H,194,SOILTD1,12/16/2017 13:00,12/16/2017 13:00,12.77777778
UCM,H,194,SOILTD1,12/16/2017 14:00,12/16/2017 14:00,13.44444444
UCM,H,194,SOILTD1,12/16/2017 15:00,12/16/2017 15:00,14.05555556
UCM,H,194,SOILTD1,12/16/2017 16:00,12/16/2017 16:00,14.38888889
UCM,H,194,SOILTD1,12/16/2017 17:00,12/16/2017 17:00,14.5
UCM,H,194,SOILTD1,12/16/2017 18:00,12/16/2017 18:00,14.38888889
UCM,H,194,SOILTD1,12/16/2017 19:00,12/16/2017 19:00,14.16666667
UCM,H,194,SOILTD1,12/16/2017 20:00,12/16/2017 20:00,13.83333333
UCM,H,194,SOILTD1,12/16/2017 21:00,12/16/2017 21:00,13.44444444
UCM,H,194,SOILTD1,12/16/2017 22:00,12/16/2017 22:00,13.16666667
UCM,H,194,SOILTD1,12/16/2017 23:00,12/16/2017 23:00,12.83333333
UCM,H,194,SOILTD1,12/17/2017 0:00,12/17/2017 0:00,12.55555556
UCM,H,194,SOILTD1,12/17/2017 1:00,12/17/2017 1:00,12.33333333
UCM,H,194,SOILTD1,12/17/2017 2:00,12/17/2017 2:00,12.11111111
UCM,H,194,SOILTD1,12/17/2017 3:00,12/17/2017 3:00,11.88888889
UCM,H,194,SOILTD1,12/17/2017 4:00,12/17/2017 4:00,11.72222222
UCM,H,194,SOILTD1,12/17/2017 5:00,12/17/2017 5:00,11.5
UCM,H,194,SOILTD1,12/17/2017 6:00,12/17/2017 6:00,11.27777778
UCM,H,194,SOILTD1,12/17/2017 7:00,12/17/2017 7:00,11.11111111
UCM,H,194,SOILTD1,12/17/2017 8:00,12/17/2017 8:00,10.94444444
UCM,H,194,SOILTD1,12/17/2017 9:00,12/17/2017 9:00,10.77777778
UCM,H,194,SOILTD1,12/17/2017 10:00,12/17/2017 10:00,10.72222222
UCM,H,194,SOILTD1,12/17/2017 11:00,12/17/2017 11:00,10.88888889
UCM,H,194,SOILTD1,12/17/2017 12:00,12/17/2017 12:00,11.27777778
UCM,H,194,SOILTD1,12/17/2017 13:00,12/17/2017 13:00,11.94444444
UCM,H,194,SOILTD1,12/17/2017 14:00,12/17/2017 14:00,12.55555556
UCM,H,194,SOILTD1,12/17/2017 15:00,12/17/2017 15:00,13.16666667
UCM,H,194,SOILTD1,12/17/2017 16:00,12/17/2017 16:00,13.5
UCM,H,194,SOILTD1,12/17/2017 17:00,12/17/2017 17:00,13.66666667
UCM,H,194,SOILTD1,12/17/2017 18:00,12/17/2017 18:00,13.61111111
UCM,H,194,SOILTD1,12/17/2017 19:00,12/17/2017 19:00,13.44444444
UCM,H,194,SOILTD1,12/17/2017 20:00,12/17/2017 20:00,13.16666667
UCM,H,194,SOILTD1,12/17/2017 21:00,12/17/2017 21:00,12.88888889
UCM,H,194,SOILTD1,12/17/2017 22:00,12/17/2017 22:00,12.61111111
UCM,H,194,SOILTD1,12/17/2017 23:00,12/17/2017 23:00,12.33333333
UCM,H,194,SOILTD1,12/18/2017 0:00,12/18/2017 0:00,12.11111111
UCM,H,194,SOILTD1,12/18/2017 1:00,12/18/2017 1:00,11.88888889
UCM,H,194,SOILTD1,12/18/2017 2:00,12/18/2017 2:00,11.77777778
UCM,H,194,SOILTD1,12/18/2017 3:00,12/18/2017 3:00,11.55555556
UCM,H,194,SOILTD1,12/18/2017 4:00,12/18/2017 4:00,11.38888889
UCM,H,194,SOILTD1,12/18/2017 5:00,12/18/2017 5:00,11.22222222
UCM,H,194,SOILTD1,12/18/2017 6:00,12/18/2017 6:00,11
UCM,H,194,SOILTD1,12/18/2017 7:00,12/18/2017 7:00,10.83333333
UCM,H,194,SOILTD1,12/18/2017 8:00,12/18/2017 8:00,10.72222222
UCM,H,194,SOILTD1,12/18/2017 9:00,12/18/2017 9:00,10.55555556
UCM,H,194,SOILTD1,12/18/2017 10:00,12/18/2017 10:00,10.5
UCM,H,194,SOILTD1,12/18/2017 11:00,12/18/2017 11:00,10.61111111
UCM,H,194,SOILTD1,12/18/2017 12:00,12/18/2017 12:00,11
UCM,H,194,SOILTD1,12/18/2017 13:00,12/18/2017 13:00,11.66666667
UCM,H,194,SOILTD1,12/18/2017 14:00,12/18/2017 14:00,12.38888889
UCM,H,194,SOILTD1,12/18/2017 15:00,12/18/2017 15:00,13
UCM,H,194,SOILTD1,12/18/2017 16:00,12/18/2017 16:00,13.44444444
UCM,H,194,SOILTD1,12/18/2017 17:00,12/18/2017 17:00,13.55555556
UCM,H,194,SOILTD1,12/18/2017 18:00,12/18/2017 18:00,13.55555556
UCM,H,194,SOILTD1,12/18/2017 19:00,12/18/2017 19:00,13.38888889
UCM,H,194,SOILTD1,12/18/2017 20:00,12/18/2017 20:00,13.11111111
UCM,H,194,SOILTD1,12/18/2017 21:00,12/18/2017 21:00,12.77777778
UCM,H,194,SOILTD1,12/18/2017 22:00,12/18/2017 22:00,12.5
UCM,H,194,SOILTD1,12/18/2017 23:00,12/18/2017 23:00,12.22222222
UCM,H,194,SOILTD1,12/19/2017 0:00,12/19/2017 0:00,11.94444444
UCM,H,194,SOILTD1,12/19/2017 1:00,12/19/2017 1:00,11.72222222
UCM,H,194,SOILTD1,12/19/2017 2:00,12/19/2017 2:00,11.44444444
UCM,H,194,SOILTD1,12/19/2017 3:00,12/19/2017 3:00,11.22222222
UCM,H,194,SOILTD1,12/19/2017 4:00,12/19/2017 4:00,11
UCM,H,194,SOILTD1,12/19/2017 5:00,12/19/2017 5:00,10.83333333
UCM,H,194,SOILTD1,12/19/2017 6:00,12/19/2017 6:00,10.66666667
UCM,H,194,SOILTD1,12/19/2017 7:00,12/19/2017 7:00,10.44444444
UCM,H,194,SOILTD1,12/19/2017 8:00,12/19/2017 8:00,10.33333333
UCM,H,194,SOILTD1,12/19/2017 9:00,12/19/2017 9:00,10.22222222
UCM,H,194,SOILTD1,12/19/2017 10:00,12/19/2017 10:00,10.16666667
UCM,H,194,SOILTD1,12/19/2017 11:00,12/19/2017 11:00,10.27777778
UCM,H,194,SOILTD1,12/19/2017 12:00,12/19/2017 12:00,10.72222222
UCM,H,194,SOILTD1,12/19/2017 13:00,12/19/2017 13:00,11.38888889
UCM,H,194,SOILTD1,12/19/2017 14:00,12/19/2017 14:00,12
UCM,H,194,SOILTD1,12/19/2017 15:00,12/19/2017 15:00,12.61111111
UCM,H,194,SOILTD1,12/19/2017 16:00,12/19/2017 16:00,13
UCM,H,194,SOILTD1,12/19/2017 17:00,12/19/2017 17:00,13.22222222
UCM,H,194,SOILTD1,12/19/2017 18:00,12/19/2017 18:00,13.27777778
UCM,H,194,SOILTD1,12/19/2017 19:00,12/19/2017 19:00,13.22222222
UCM,H,194,SOILTD1,12/19/2017 20:00,12/19/2017 20:00,13.05555556
UCM,H,194,SOILTD1,12/19/2017 21:00,12/19/2017 21:00,12.94444444
UCM,H,194,SOILTD1,12/19/2017 22:00,12/19/2017 22:00,12.83333333
UCM,H,194,SOILTD1,12/19/2017 23:00,12/19/2017 23:00,12.66666667
UCM,H,194,SOILTD1,12/20/2017 0:00,12/20/2017 0:00,12.55555556
UCM,H,194,SOILTD1,12/20/2017 1:00,12/20/2017 1:00,12.5
UCM,H,194,SOILTD1,12/20/2017 2:00,12/20/2017 2:00,12.38888889
UCM,H,194,SOILTD1,12/20/2017 3:00,12/20/2017 3:00,12.33333333
UCM,H,194,SOILTD1,12/20/2017 4:00,12/20/2017 4:00,12.27777778
UCM,H,194,SOILTD1,12/20/2017 5:00,12/20/2017 5:00,12.22222222
UCM,H,194,SOILTD1,12/20/2017 6:00,12/20/2017 6:00,12.22222222
UCM,H,194,SOILTD1,12/20/2017 7:00,12/20/2017 7:00,12.22222222
UCM,H,194,SOILTD1,12/20/2017 8:00,12/20/2017 8:00,12.22222222
UCM,H,194,SOILTD1,12/20/2017 9:00,12/20/2017 9:00,12.27777778
UCM,H,194,SOILTD1,12/20/2017 10:00,12/20/2017 10:00,12.27777778
UCM,H,194,SOILTD1,12/20/2017 11:00,12/20/2017 11:00,12.33333333
UCM,H,194,SOILTD1,12/20/2017 12:00,12/20/2017 12:00,12.55555556
UCM,H,194,SOILTD1,12/20/2017 13:00,12/20/2017 13:00,13.05555556
UCM,H,194,SOILTD1,12/20/2017 14:00,12/20/2017 14:00,13.44444444
UCM,H,194,SOILTD1,12/20/2017 15:00,12/20/2017 15:00,13.83333333
UCM,H,194,SOILTD1,12/20/2017 16:00,12/20/2017 16:00,14
UCM,H,194,SOILTD1,12/20/2017 17:00,12/20/2017 17:00,13.88888889
UCM,H,194,SOILTD1,12/20/2017 18:00,12/20/2017 18:00,13.61111111
UCM,H,194,SOILTD1,12/20/2017 19:00,12/20/2017 19:00,13.22222222
UCM,H,194,SOILTD1,12/20/2017 20:00,12/20/2017 20:00,12.94444444
UCM,H,194,SOILTD1,12/20/2017 21:00,12/20/2017 21:00,12.55555556
UCM,H,194,SOILTD1,12/20/2017 22:00,12/20/2017 22:00,12.22222222
UCM,H,194,SOILTD1,12/20/2017 23:00,12/20/2017 23:00,11.88888889
UCM,H,194,SOILTD1,12/21/2017 0:00,12/21/2017 0:00,11.55555556
UCM,H,194,SOILTD1,12/21/2017 1:00,12/21/2017 1:00,11.27777778
UCM,H,194,SOILTD1,12/21/2017 2:00,12/21/2017 2:00,11.11111111
UCM,H,194,SOILTD1,12/21/2017 3:00,12/21/2017 3:00,10.83333333
UCM,H,194,SOILTD1,12/21/2017 4:00,12/21/2017 4:00,10.66666667
UCM,H,194,SOILTD1,12/21/2017 5:00,12/21/2017 5:00,10.38888889
UCM,H,194,SOILTD1,12/21/2017 6:00,12/21/2017 6:00,10.16666667
UCM,H,194,SOILTD1,12/21/2017 7:00,12/21/2017 7:00,9.888888889
UCM,H,194,SOILTD1,12/21/2017 8:00,12/21/2017 8:00,9.722222222
UCM,H,194,SOILTD1,12/21/2017 9:00,12/21/2017 9:00,9.555555556
UCM,H,194,SOILTD1,12/21/2017 10:00,12/21/2017 10:00,9.5
UCM,H,194,SOILTD1,12/21/2017 11:00,12/21/2017 11:00,9.555555556
UCM,H,194,SOILTD1,12/21/2017 12:00,12/21/2017 12:00,10
UCM,H,194,SOILTD1,12/21/2017 13:00,12/21/2017 13:00,10.66666667
UCM,H,194,SOILTD1,12/21/2017 14:00,12/21/2017 14:00,11.27777778
UCM,H,194,SOILTD1,12/21/2017 15:00,12/21/2017 15:00,11.83333333
UCM,H,194,SOILTD1,12/21/2017 16:00,12/21/2017 16:00,12.11111111
UCM,H,194,SOILTD1,12/21/2017 17:00,12/21/2017 17:00,12.22222222
UCM,H,194,SOILTD1,12/21/2017 18:00,12/21/2017 18:00,12.16666667
UCM,H,194,SOILTD1,12/21/2017 19:00,12/21/2017 19:00,11.94444444
UCM,H,194,SOILTD1,12/21/2017 20:00,12/21/2017 20:00,11.66666667
UCM,H,194,SOILTD1,12/21/2017 21:00,12/21/2017 21:00,11.38888889
UCM,H,194,SOILTD1,12/21/2017 22:00,12/21/2017 22:00,11.11111111
UCM,H,194,SOILTD1,12/21/2017 23:00,12/21/2017 23:00,10.83333333
UCM,H,194,SOILTD1,12/22/2017 0:00,12/22/2017 0:00,10.55555556
UCM,H,194,SOILTD1,12/22/2017 1:00,12/22/2017 1:00,10.33333333
UCM,H,194,SOILTD1,12/22/2017 2:00,12/22/2017 2:00,10.05555556
UCM,H,194,SOILTD1,12/22/2017 3:00,12/22/2017 3:00,9.777777778
UCM,H,194,SOILTD1,12/22/2017 4:00,12/22/2017 4:00,9.611111111
UCM,H,194,SOILTD1,12/22/2017 5:00,12/22/2017 5:00,9.388888889
UCM,H,194,SOILTD1,12/22/2017 6:00,12/22/2017 6:00,9.222222222
UCM,H,194,SOILTD1,12/22/2017 7:00,12/22/2017 7:00,9.055555556
UCM,H,194,SOILTD1,12/22/2017 8:00,12/22/2017 8:00,8.944444444
UCM,H,194,SOILTD1,12/22/2017 9:00,12/22/2017 9:00,8.833333333
UCM,H,194,SOILTD1,12/22/2017 10:00,12/22/2017 10:00,8.777777778
UCM,H,194,SOILTD1,12/22/2017 11:00,12/22/2017 11:00,8.888888889
UCM,H,194,SOILTD1,12/22/2017 12:00,12/22/2017 12:00,9.277777778
UCM,H,194,SOILTD1,12/22/2017 13:00,12/22/2017 13:00,9.888888889
UCM,H,194,SOILTD1,12/22/2017 14:00,12/22/2017 14:00,10.61111111
UCM,H,194,SOILTD1,12/22/2017 15:00,12/22/2017 15:00,11.16666667
UCM,H,194,SOILTD1,12/22/2017 16:00,12/22/2017 16:00,11.55555556
UCM,H,194,SOILTD1,12/22/2017 17:00,12/22/2017 17:00,11.77777778
UCM,H,194,SOILTD1,12/22/2017 18:00,12/22/2017 18:00,11.83333333
UCM,H,194,SOILTD1,12/22/2017 19:00,12/22/2017 19:00,11.77777778
UCM,H,194,SOILTD1,12/22/2017 20:00,12/22/2017 20:00,11.55555556
UCM,H,194,SOILTD1,12/22/2017 21:00,12/22/2017 21:00,11.33333333
UCM,H,194,SOILTD1,12/22/2017 22:00,12/22/2017 22:00,11.16666667
UCM,H,194,SOILTD1,12/22/2017 23:00,12/22/2017 23:00,11
UCM,H,194,SOILTD1,12/23/2017 0:00,12/23/2017 0:00,10.83333333
UCM,H,194,SOILTD1,12/23/2017 1:00,12/23/2017 1:00,10.66666667
UCM,H,194,SOILTD1,12/23/2017 2:00,12/23/2017 2:00,10.55555556
UCM,H,194,SOILTD1,12/23/2017 3:00,12/23/2017 3:00,10.5
UCM,H,194,SOILTD1,12/23/2017 4:00,12/23/2017 4:00,10.38888889
UCM,H,194,SOILTD1,12/23/2017 5:00,12/23/2017 5:00,10.33333333
UCM,H,194,SOILTD1,12/23/2017 6:00,12/23/2017 6:00,10.27777778
UCM,H,194,SOILTD1,12/23/2017 7:00,12/23/2017 7:00,10.16666667
UCM,H,194,SOILTD1,12/23/2017 8:00,12/23/2017 8:00,10
UCM,H,194,SOILTD1,12/23/2017 9:00,12/23/2017 9:00,9.833333333
UCM,H,194,SOILTD1,12/23/2017 10:00,12/23/2017 10:00,9.777777778
UCM,H,194,SOILTD1,12/23/2017 11:00,12/23/2017 11:00,9.888888889
UCM,H,194,SOILTD1,12/23/2017 12:00,12/23/2017 12:00,10.22222222
UCM,H,194,SOILTD1,12/23/2017 13:00,12/23/2017 13:00,10.72222222
UCM,H,194,SOILTD1,12/23/2017 14:00,12/23/2017 14:00,11.27777778
UCM,H,194,SOILTD1,12/23/2017 15:00,12/23/2017 15:00,11.88888889
UCM,H,194,SOILTD1,12/23/2017 16:00,12/23/2017 16:00,12.33333333
UCM,H,194,SOILTD1,12/23/2017 17:00,12/23/2017 17:00,12.66666667
UCM,H,194,SOILTD1,12/23/2017 18:00,12/23/2017 18:00,12.72222222
UCM,H,194,SOILTD1,12/23/2017 19:00,12/23/2017 19:00,12.61111111
UCM,H,194,SOILTD1,12/23/2017 20:00,12/23/2017 20:00,12.44444444
UCM,H,194,SOILTD1,12/23/2017 21:00,12/23/2017 21:00,12.22222222
UCM,H,194,SOILTD1,12/23/2017 22:00,12/23/2017 22:00,12.05555556
UCM,H,194,SOILTD1,12/23/2017 23:00,12/23/2017 23:00,11.83333333
UCM,H,194,SOILTD1,12/24/2017 0:00,12/24/2017 0:00,11.72222222
UCM,H,194,SOILTD1,12/24/2017 1:00,12/24/2017 1:00,11.5
UCM,H,194,SOILTD1,12/24/2017 2:00,12/24/2017 2:00,11.38888889
UCM,H,194,SOILTD1,12/24/2017 3:00,12/24/2017 3:00,11.22222222
UCM,H,194,SOILTD1,12/24/2017 4:00,12/24/2017 4:00,11.11111111
UCM,H,194,SOILTD1,12/24/2017 5:00,12/24/2017 5:00,11
UCM,H,194,SOILTD1,12/24/2017 6:00,12/24/2017 6:00,10.88888889
UCM,H,194,SOILTD1,12/24/2017 7:00,12/24/2017 7:00,10.77777778
UCM,H,194,SOILTD1,12/24/2017 8:00,12/24/2017 8:00,10.77777778
UCM,H,194,SOILTD1,12/24/2017 9:00,12/24/2017 9:00,10.72222222
UCM,H,194,SOILTD1,12/24/2017 10:00,12/24/2017 10:00,10.72222222
UCM,H,194,SOILTD1,12/24/2017 11:00,12/24/2017 11:00,10.77777778
UCM,H,194,SOILTD1,12/24/2017 12:00,12/24/2017 12:00,11
UCM,H,194,SOILTD1,12/24/2017 13:00,12/24/2017 13:00,11.33333333
UCM,H,194,SOILTD1,12/24/2017 14:00,12/24/2017 14:00,11.66666667
UCM,H,194,SOILTD1,12/24/2017 15:00,12/24/2017 15:00,11.88888889
UCM,H,194,SOILTD1,12/24/2017 16:00,12/24/2017 16:00,12
UCM,H,194,SOILTD1,12/24/2017 17:00,12/24/2017 17:00,12.11111111
UCM,H,194,SOILTD1,12/24/2017 18:00,12/24/2017 18:00,12.11111111
UCM,H,194,SOILTD1,12/24/2017 19:00,12/24/2017 19:00,12
UCM,H,194,SOILTD1,12/24/2017 20:00,12/24/2017 20:00,11.94444444
UCM,H,194,SOILTD1,12/24/2017 21:00,12/24/2017 21:00,11.83333333
UCM,H,194,SOILTD1,12/24/2017 22:00,12/24/2017 22:00,11.72222222
UCM,H,194,SOILTD1,12/24/2017 23:00,12/24/2017 23:00,11.61111111
UCM,H,194,SOILTD1,12/25/2017 0:00,12/25/2017 0:00,11.55555556
UCM,H,194,SOILTD1,12/25/2017 1:00,12/25/2017 1:00,11.44444444
UCM,H,194,SOILTD1,12/25/2017 2:00,12/25/2017 2:00,11.33333333
UCM,H,194,SOILTD1,12/25/2017 3:00,12/25/2017 3:00,11.22222222
UCM,H,194,SOILTD1,12/25/2017 4:00,12/25/2017 4:00,11.05555556
UCM,H,194,SOILTD1,12/25/2017 5:00,12/25/2017 5:00,10.88888889
UCM,H,194,SOILTD1,12/25/2017 6:00,12/25/2017 6:00,10.72222222
UCM,H,194,SOILTD1,12/25/2017 7:00,12/25/2017 7:00,10.5
UCM,H,194,SOILTD1,12/25/2017 8:00,12/25/2017 8:00,10.38888889
UCM,H,194,SOILTD1,12/25/2017 9:00,12/25/2017 9:00,10.27777778
UCM,H,194,SOILTD1,12/25/2017 10:00,12/25/2017 10:00,10.27777778
UCM,H,194,SOILTD1,12/25/2017 11:00,12/25/2017 11:00,10.44444444
UCM,H,194,SOILTD1,12/25/2017 12:00,12/25/2017 12:00,10.77777778
UCM,H,194,SOILTD1,12/25/2017 13:00,12/25/2017 13:00,11.22222222
UCM,H,194,SOILTD1,12/25/2017 14:00,12/25/2017 14:00,11.83333333
UCM,H,194,SOILTD1,12/25/2017 15:00,12/25/2017 15:00,12.22222222
UCM,H,194,SOILTD1,12/25/2017 16:00,12/25/2017 16:00,12.66666667
UCM,H,194,SOILTD1,12/25/2017 17:00,12/25/2017 17:00,12.88888889
UCM,H,194,SOILTD1,12/25/2017 18:00,12/25/2017 18:00,13
UCM,H,194,SOILTD1,12/25/2017 19:00,12/25/2017 19:00,12.88888889
UCM,H,194,SOILTD1,12/25/2017 20:00,12/25/2017 20:00,12.77777778
UCM,H,194,SOILTD1,12/25/2017 21:00,12/25/2017 21:00,12.55555556
UCM,H,194,SOILTD1,12/25/2017 22:00,12/25/2017 22:00,12.38888889
UCM,H,194,SOILTD1,12/25/2017 23:00,12/25/2017 23:00,12.22222222
UCM,H,194,SOILTD1,12/26/2017 0:00,12/26/2017 0:00,12.05555556
UCM,H,194,SOILTD1,12/26/2017 1:00,12/26/2017 1:00,11.94444444
UCM,H,194,SOILTD1,12/26/2017 2:00,12/26/2017 2:00,11.83333333
UCM,H,194,SOILTD1,12/26/2017 3:00,12/26/2017 3:00,11.72222222
UCM,H,194,SOILTD1,12/26/2017 4:00,12/26/2017 4:00,11.55555556
UCM,H,194,SOILTD1,12/26/2017 5:00,12/26/2017 5:00,11.44444444
UCM,H,194,SOILTD1,12/26/2017 6:00,12/26/2017 6:00,11.33333333
UCM,H,194,SOILTD1,12/26/2017 7:00,12/26/2017 7:00,11.16666667
UCM,H,194,SOILTD1,12/26/2017 8:00,12/26/2017 8:00,11
UCM,H,194,SOILTD1,12/26/2017 9:00,12/26/2017 9:00,10.77777778
UCM,H,194,SOILTD1,12/26/2017 10:00,12/26/2017 10:00,10.72222222
UCM,H,194,SOILTD1,12/26/2017 11:00,12/26/2017 11:00,10.77777778
UCM,H,194,SOILTD1,12/26/2017 12:00,12/26/2017 12:00,11.11111111
UCM,H,194,SOILTD1,12/26/2017 13:00,12/26/2017 13:00,11.77777778
UCM,H,194,SOILTD1,12/26/2017 14:00,12/26/2017 14:00,12.44444444
UCM,H,194,SOILTD1,12/26/2017 15:00,12/26/2017 15:00,13.05555556
UCM,H,194,SOILTD1,12/26/2017 16:00,12/26/2017 16:00,13.44444444
UCM,H,194,SOILTD1,12/26/2017 17:00,12/26/2017 17:00,13.55555556
UCM,H,194,SOILTD1,12/26/2017 18:00,12/26/2017 18:00,13.55555556
UCM,H,194,SOILTD1,12/26/2017 19:00,12/26/2017 19:00,13.33333333
UCM,H,194,SOILTD1,12/26/2017 20:00,12/26/2017 20:00,13.05555556
UCM,H,194,SOILTD1,12/26/2017 21:00,12/26/2017 21:00,12.77777778
UCM,H,194,SOILTD1,12/26/2017 22:00,12/26/2017 22:00,12.5
UCM,H,194,SOILTD1,12/26/2017 23:00,12/26/2017 23:00,12.22222222
UCM,H,194,SOILTD1,12/27/2017 0:00,12/27/2017 0:00,11.88888889
UCM,H,194,SOILTD1,12/27/2017 1:00,12/27/2017 1:00,11.61111111
UCM,H,194,SOILTD1,12/27/2017 2:00,12/27/2017 2:00,11.38888889
UCM,H,194,SOILTD1,12/27/2017 3:00,12/27/2017 3:00,11.16666667
UCM,H,194,SOILTD1,12/27/2017 4:00,12/27/2017 4:00,10.94444444
UCM,H,194,SOILTD1,12/27/2017 5:00,12/27/2017 5:00,10.77777778
UCM,H,194,SOILTD1,12/27/2017 6:00,12/27/2017 6:00,10.55555556
UCM,H,194,SOILTD1,12/27/2017 7:00,12/27/2017 7:00,10.33333333
UCM,H,194,SOILTD1,12/27/2017 8:00,12/27/2017 8:00,10.16666667
UCM,H,194,SOILTD1,12/27/2017 9:00,12/27/2017 9:00,9.944444444
UCM,H,194,SOILTD1,12/27/2017 10:00,12/27/2017 10:00,9.888888889
UCM,H,194,SOILTD1,12/27/2017 11:00,12/27/2017 11:00,10
UCM,H,194,SOILTD1,12/27/2017 12:00,12/27/2017 12:00,10.44444444
UCM,H,194,SOILTD1,12/27/2017 13:00,12/27/2017 13:00,11.11111111
UCM,H,194,SOILTD1,12/27/2017 14:00,12/27/2017 14:00,11.77777778
UCM,H,194,SOILTD1,12/27/2017 15:00,12/27/2017 15:00,12.44444444
UCM,H,194,SOILTD1,12/27/2017 16:00,12/27/2017 16:00,12.83333333
UCM,H,194,SOILTD1,12/27/2017 17:00,12/27/2017 17:00,13.05555556
UCM,H,194,SOILTD1,12/27/2017 18:00,12/27/2017 18:00,13.11111111
UCM,H,194,SOILTD1,12/27/2017 19:00,12/27/2017 19:00,12.94444444
UCM,H,194,SOILTD1,12/27/2017 20:00,12/27/2017 20:00,12.66666667
UCM,H,194,SOILTD1,12/27/2017 21:00,12/27/2017 21:00,12.38888889
UCM,H,194,SOILTD1,12/27/2017 22:00,12/27/2017 22:00,12.11111111
UCM,H,194,SOILTD1,12/27/2017 23:00,12/27/2017 23:00,11.83333333
UCM,H,194,SOILTD1,12/28/2017 0:00,12/28/2017 0:00,11.55555556
UCM,H,194,SOILTD1,12/28/2017 1:00,12/28/2017 1:00,11.27777778
UCM,H,194,SOILTD1,12/28/2017 2:00,12/28/2017 2:00,11.05555556
UCM,H,194,SOILTD1,12/28/2017 3:00,12/28/2017 3:00,10.83333333
UCM,H,194,SOILTD1,12/28/2017 4:00,12/28/2017 4:00,10.66666667
UCM,H,194,SOILTD1,12/28/2017 5:00,12/28/2017 5:00,10.44444444
UCM,H,194,SOILTD1,12/28/2017 6:00,12/28/2017 6:00,10.27777778
UCM,H,194,SOILTD1,12/28/2017 7:00,12/28/2017 7:00,10.05555556
UCM,H,194,SOILTD1,12/28/2017 8:00,12/28/2017 8:00,9.944444444
UCM,H,194,SOILTD1,12/28/2017 9:00,12/28/2017 9:00,9.833333333
UCM,H,194,SOILTD1,12/28/2017 10:00,12/28/2017 10:00,9.777777778
UCM,H,194,SOILTD1,12/28/2017 11:00,12/28/2017 11:00,9.888888889
UCM,H,194,SOILTD1,12/28/2017 12:00,12/28/2017 12:00,10.38888889
UCM,H,194,SOILTD1,12/28/2017 13:00,12/28/2017 13:00,11
UCM,H,194,SOILTD1,12/28/2017 14:00,12/28/2017 14:00,11.77777778
UCM,H,194,SOILTD1,12/28/2017 15:00,12/28/2017 15:00,12.38888889
UCM,H,194,SOILTD1,12/28/2017 16:00,12/28/2017 16:00,12.83333333
UCM,H,194,SOILTD1,12/28/2017 17:00,12/28/2017 17:00,13.05555556
UCM,H,194,SOILTD1,12/28/2017 18:00,12/28/2017 18:00,13.11111111
UCM,H,194,SOILTD1,12/28/2017 19:00,12/28/2017 19:00,12.94444444
UCM,H,194,SOILTD1,12/28/2017 20:00,12/28/2017 20:00,12.72222222
UCM,H,194,SOILTD1,12/28/2017 21:00,12/28/2017 21:00,12.5
UCM,H,194,SOILTD1,12/28/2017 22:00,12/28/2017 22:00,12.22222222
UCM,H,194,SOILTD1,12/28/2017 23:00,12/28/2017 23:00,11.94444444
UCM,H,194,SOILTD1,12/29/2017 0:00,12/29/2017 0:00,11.72222222
UCM,H,194,SOILTD1,12/29/2017 1:00,12/29/2017 1:00,11.44444444
UCM,H,194,SOILTD1,12/29/2017 2:00,12/29/2017 2:00,11.22222222
UCM,H,194,SOILTD1,12/29/2017 3:00,12/29/2017 3:00,11.05555556
UCM,H,194,SOILTD1,12/29/2017 4:00,12/29/2017 4:00,10.88888889
UCM,H,194,SOILTD1,12/29/2017 5:00,12/29/2017 5:00,10.72222222
UCM,H,194,SOILTD1,12/29/2017 6:00,12/29/2017 6:00,10.55555556
UCM,H,194,SOILTD1,12/29/2017 7:00,12/29/2017 7:00,10.38888889
UCM,H,194,SOILTD1,12/29/2017 8:00,12/29/2017 8:00,10.22222222
UCM,H,194,SOILTD1,12/29/2017 9:00,12/29/2017 9:00,10
UCM,H,194,SOILTD1,12/29/2017 10:00,12/29/2017 10:00,10
UCM,H,194,SOILTD1,12/29/2017 11:00,12/29/2017 11:00,10.16666667
UCM,H,194,SOILTD1,12/29/2017 12:00,12/29/2017 12:00,10.55555556
UCM,H,194,SOILTD1,12/29/2017 13:00,12/29/2017 13:00,11.16666667
UCM,H,194,SOILTD1,12/29/2017 14:00,12/29/2017 14:00,11.83333333
UCM,H,194,SOILTD1,12/29/2017 15:00,12/29/2017 15:00,12.5
UCM,H,194,SOILTD1,12/29/2017 16:00,12/29/2017 16:00,12.94444444
UCM,H,194,SOILTD1,12/29/2017 17:00,12/29/2017 17:00,13.11111111
UCM,H,194,SOILTD1,12/29/2017 18:00,12/29/2017 18:00,13.16666667
UCM,H,194,SOILTD1,12/29/2017 19:00,12/29/2017 19:00,13
UCM,H,194,SOILTD1,12/29/2017 20:00,12/29/2017 20:00,12.72222222
UCM,H,194,SOILTD1,12/29/2017 21:00,12/29/2017 21:00,12.38888889
UCM,H,194,SOILTD1,12/29/2017 22:00,12/29/2017 22:00,12.11111111
UCM,H,194,SOILTD1,12/29/2017 23:00,12/29/2017 23:00,11.88888889
UCM,H,194,SOILTD1,12/30/2017 0:00,12/30/2017 0:00,11.61111111
UCM,H,194,SOILTD1,12/30/2017 1:00,12/30/2017 1:00,11.38888889
UCM,H,194,SOILTD1,12/30/2017 2:00,12/30/2017 2:00,11.22222222
UCM,H,194,SOILTD1,12/30/2017 3:00,12/30/2017 3:00,11.05555556
UCM,H,194,SOILTD1,12/30/2017 4:00,12/30/2017 4:00,10.83333333
UCM,H,194,SOILTD1,12/30/2017 5:00,12/30/2017 5:00,10.72222222
UCM,H,194,SOILTD1,12/30/2017 6:00,12/30/2017 6:00,10.55555556
UCM,H,194,SOILTD1,12/30/2017 7:00,12/30/2017 7:00,10.38888889
UCM,H,194,SOILTD1,12/30/2017 8:00,12/30/2017 8:00,10.22222222
UCM,H,194,SOILTD1,12/30/2017 9:00,12/30/2017 9:00,10
UCM,H,194,SOILTD1,12/30/2017 10:00,12/30/2017 10:00,9.944444444
UCM,H,194,SOILTD1,12/30/2017 11:00,12/30/2017 11:00,10.11111111
UCM,H,194,SOILTD1,12/30/2017 12:00,12/30/2017 12:00,10.55555556
UCM,H,194,SOILTD1,12/30/2017 13:00,12/30/2017 13:00,11.16666667
UCM,H,194,SOILTD1,12/30/2017 14:00,12/30/2017 14:00,11.88888889
UCM,H,194,SOILTD1,12/30/2017 15:00,12/30/2017 15:00,12.5
UCM,H,194,SOILTD1,12/30/2017 16:00,12/30/2017 16:00,12.94444444
UCM,H,194,SOILTD1,12/30/2017 17:00,12/30/2017 17:00,13.11111111
UCM,H,194,SOILTD1,12/30/2017 18:00,12/30/2017 18:00,13.16666667
UCM,H,194,SOILTD1,12/30/2017 19:00,12/30/2017 19:00,13
UCM,H,194,SOILTD1,12/30/2017 20:00,12/30/2017 20:00,12.72222222
UCM,H,194,SOILTD1,12/30/2017 21:00,12/30/2017 21:00,12.5
UCM,H,194,SOILTD1,12/30/2017 22:00,12/30/2017 22:00,12.22222222
UCM,H,194,SOILTD1,12/30/2017 23:00,12/30/2017 23:00,11.94444444
UCM,H,194,SOILTD1,12/31/2017 0:00,12/31/2017 0:00,11.72222222
UCM,H,194,SOILTD1,12/31/2017 1:00,12/31/2017 1:00,11.44444444
UCM,H,194,SOILTD1,12/31/2017 2:00,12/31/2017 2:00,11.27777778
UCM,H,194,SOILTD1,12/31/2017 3:00,12/31/2017 3:00,11.11111111
UCM,H,194,SOILTD1,12/31/2017 4:00,12/31/2017 4:00,10.94444444
UCM,H,194,SOILTD1,12/31/2017 5:00,12/31/2017 5:00,10.77777778
UCM,H,194,SOILTD1,12/31/2017 6:00,12/31/2017 6:00,10.72222222
UCM,H,194,SOILTD1,12/31/2017 7:00,12/31/2017 7:00,10.61111111
UCM,H,194,SOILTD1,12/31/2017 8:00,12/31/2017 8:00,10.55555556
UCM,H,194,SOILTD1,12/31/2017 9:00,12/31/2017 9:00,10.5
UCM,H,194,SOILTD1,12/31/2017 10:00,12/31/2017 10:00,10.5
UCM,H,194,SOILTD1,12/31/2017 11:00,12/31/2017 11:00,10.72222222
UCM,H,194,SOILTD1,12/31/2017 12:00,12/31/2017 12:00,11.16666667
UCM,H,194,SOILTD1,12/31/2017 13:00,12/31/2017 13:00,11.88888889
UCM,H,194,SOILTD1,12/31/2017 14:00,12/31/2017 14:00,12.61111111
UCM,H,194,SOILTD1,12/31/2017 15:00,12/31/2017 15:00,13.27777778
UCM,H,194,SOILTD1,12/31/2017 16:00,12/31/2017 16:00,13.77777778
UCM,H,194,SOILTD1,12/31/2017 17:00,12/31/2017 17:00,13.94444444
UCM,H,194,SOILTD1,12/31/2017 18:00,12/31/2017 18:00,13.88888889
UCM,H,194,SOILTD1,12/31/2017 19:00,12/31/2017 19:00,13.66666667
UCM,H,194,SOILTD1,12/31/2017 20:00,12/31/2017 20:00,13.5
UCM,H,194,SOILTD1,12/31/2017 21:00,12/31/2017 21:00,13.22222222
UCM,H,194,SOILTD1,12/31/2017 22:00,12/31/2017 22:00,13.05555556
UCM,H,194,SOILTD1,12/31/2017 23:00,12/31/2017 23:00,12.88888889
UCM,H,194,SOILTD1,1/1/2018 0:00,1/1/2018 0:00,12.66666667
UCM,H,194,SOILTD1,1/1/2018 1:00,1/1/2018 1:00,12.38888889
UCM,H,194,SOILTD1,1/1/2018 2:00,1/1/2018 2:00,12.22222222
UCM,H,194,SOILTD1,1/1/2018 3:00,1/1/2018 3:00,11.94444444
UCM,H,194,SOILTD1,1/1/2018 4:00,1/1/2018 4:00,11.83333333
UCM,H,194,SOILTD1,1/1/2018 5:00,1/1/2018 5:00,11.66666667
UCM,H,194,SOILTD1,1/1/2018 6:00,1/1/2018 6:00,11.44444444
UCM,H,194,SOILTD1,1/1/2018 7:00,1/1/2018 7:00,11.22222222
UCM,H,194,SOILTD1,1/1/2018 8:00,1/1/2018 8:00,11.05555556
UCM,H,194,SOILTD1,1/1/2018 9:00,1/1/2018 9:00,10.88888889
UCM,H,194,SOILTD1,1/1/2018 10:00,1/1/2018 10:00,10.77777778
UCM,H,194,SOILTD1,1/1/2018 11:00,1/1/2018 11:00,10.88888889
UCM,H,194,SOILTD1,1/1/2018 12:00,1/1/2018 12:00,11.27777778
UCM,H,194,SOILTD1,1/1/2018 13:00,1/1/2018 13:00,11.83333333
UCM,H,194,SOILTD1,1/1/2018 14:00,1/1/2018 14:00,12.5
UCM,H,194,SOILTD1,1/1/2018 15:00,1/1/2018 15:00,13.11111111
UCM,H,194,SOILTD1,1/1/2018 16:00,1/1/2018 16:00,13.55555556
UCM,H,194,SOILTD1,1/1/2018 17:00,1/1/2018 17:00,13.88888889
UCM,H,194,SOILTD1,1/1/2018 18:00,1/1/2018 18:00,13.94444444
UCM,H,194,SOILTD1,1/1/2018 19:00,1/1/2018 19:00,13.77777778
UCM,H,194,SOILTD1,1/1/2018 20:00,1/1/2018 20:00,13.5
UCM,H,194,SOILTD1,1/1/2018 21:00,1/1/2018 21:00,13.22222222
UCM,H,194,SOILTD1,1/1/2018 22:00,1/1/2018 22:00,12.94444444
UCM,H,194,SOILTD1,1/1/2018 23:00,1/1/2018 23:00,12.72222222
UCM,H,194,SOILTD1,1/2/2018 0:00,1/2/2018 0:00,12.5
UCM,H,194,SOILTD1,1/2/2018 1:00,1/2/2018 1:00,12.27777778
UCM,H,194,SOILTD1,1/2/2018 2:00,1/2/2018 2:00,12.16666667
UCM,H,194,SOILTD1,1/2/2018 3:00,1/2/2018 3:00,12
UCM,H,194,SOILTD1,1/2/2018 4:00,1/2/2018 4:00,11.88888889
UCM,H,194,SOILTD1,1/2/2018 5:00,1/2/2018 5:00,11.72222222
UCM,H,194,SOILTD1,1/2/2018 6:00,1/2/2018 6:00,11.55555556
UCM,H,194,SOILTD1,1/2/2018 7:00,1/2/2018 7:00,11.5
UCM,H,194,SOILTD1,1/2/2018 8:00,1/2/2018 8:00,11.38888889
UCM,H,194,SOILTD1,1/2/2018 9:00,1/2/2018 9:00,11.38888889
UCM,H,194,SOILTD1,1/2/2018 10:00,1/2/2018 10:00,11.38888889
UCM,H,194,SOILTD1,1/2/2018 11:00,1/2/2018 11:00,11.44444444
UCM,H,194,SOILTD1,1/2/2018 12:00,1/2/2018 12:00,11.72222222
UCM,H,194,SOILTD1,1/2/2018 13:00,1/2/2018 13:00,12.05555556
UCM,H,194,SOILTD1,1/2/2018 14:00,1/2/2018 14:00,12.44444444
UCM,H,194,SOILTD1,1/2/2018 15:00,1/2/2018 15:00,12.83333333
UCM,H,194,SOILTD1,1/2/2018 16:00,1/2/2018 16:00,13.11111111
UCM,H,194,SOILTD1,1/2/2018 17:00,1/2/2018 17:00,13.38888889
UCM,H,194,SOILTD1,1/2/2018 18:00,1/2/2018 18:00,13.5
UCM,H,194,SOILTD1,1/2/2018 19:00,1/2/2018 19:00,13.38888889
UCM,H,194,SOILTD1,1/2/2018 20:00,1/2/2018 20:00,13.22222222
UCM,H,194,SOILTD1,1/2/2018 21:00,1/2/2018 21:00,13.05555556
UCM,H,194,SOILTD1,1/2/2018 22:00,1/2/2018 22:00,12.83333333
UCM,H,194,SOILTD1,1/2/2018 23:00,1/2/2018 23:00,12.66666667
UCM,H,194,SOILTD1,1/3/2018 0:00,1/3/2018 0:00,12.5
UCM,H,194,SOILTD1,1/3/2018 1:00,1/3/2018 1:00,12.33333333
UCM,H,194,SOILTD1,1/3/2018 2:00,1/3/2018 2:00,12.22222222
UCM,H,194,SOILTD1,1/3/2018 3:00,1/3/2018 3:00,12.05555556
UCM,H,194,SOILTD1,1/3/2018 4:00,1/3/2018 4:00,11.83333333
UCM,H,194,SOILTD1,1/3/2018 5:00,1/3/2018 5:00,11.66666667
UCM,H,194,SOILTD1,1/3/2018 6:00,1/3/2018 6:00,11.5
UCM,H,194,SOILTD1,1/3/2018 7:00,1/3/2018 7:00,11.33333333
UCM,H,194,SOILTD1,1/3/2018 8:00,1/3/2018 8:00,11.22222222
UCM,H,194,SOILTD1,1/3/2018 9:00,1/3/2018 9:00,11.16666667
UCM,H,194,SOILTD1,1/3/2018 10:00,1/3/2018 10:00,11.16666667
UCM,H,194,SOILTD1,1/3/2018 11:00,1/3/2018 11:00,11.27777778
UCM,H,194,SOILTD1,1/3/2018 12:00,1/3/2018 12:00,11.55555556
UCM,H,194,SOILTD1,1/3/2018 13:00,1/3/2018 13:00,11.94444444
UCM,H,194,SOILTD1,1/3/2018 14:00,1/3/2018 14:00,12.33333333
UCM,H,194,SOILTD1,1/3/2018 15:00,1/3/2018 15:00,12.61111111
UCM,H,194,SOILTD1,1/3/2018 16:00,1/3/2018 16:00,12.83333333
UCM,H,194,SOILTD1,1/3/2018 17:00,1/3/2018 17:00,13
UCM,H,194,SOILTD1,1/3/2018 18:00,1/3/2018 18:00,13
UCM,H,194,SOILTD1,1/3/2018 19:00,1/3/2018 19:00,13
UCM,H,194,SOILTD1,1/3/2018 20:00,1/3/2018 20:00,12.94444444
UCM,H,194,SOILTD1,1/3/2018 21:00,1/3/2018 21:00,12.88888889
UCM,H,194,SOILTD1,1/3/2018 22:00,1/3/2018 22:00,12.88888889
UCM,H,194,SOILTD1,1/3/2018 23:00,1/3/2018 23:00,12.77777778
UCM,H,194,SOILTD1,1/4/2018 0:00,1/4/2018 0:00,12.77777778
UCM,H,194,SOILTD1,1/4/2018 1:00,1/4/2018 1:00,12.66666667
UCM,H,194,SOILTD1,1/4/2018 2:00,1/4/2018 2:00,12.61111111
UCM,H,194,SOILTD1,1/4/2018 3:00,1/4/2018 3:00,12.61111111
UCM,H,194,SOILTD1,1/4/2018 4:00,1/4/2018 4:00,12.61111111
UCM,H,194,SOILTD1,1/4/2018 5:00,1/4/2018 5:00,12.61111111
UCM,H,194,SOILTD1,1/4/2018 6:00,1/4/2018 6:00,12.61111111
UCM,H,194,SOILTD1,1/4/2018 7:00,1/4/2018 7:00,12.61111111
UCM,H,194,SOILTD1,1/4/2018 8:00,1/4/2018 8:00,12.55555556
UCM,H,194,SOILTD1,1/4/2018 9:00,1/4/2018 9:00,12.5
UCM,H,194,SOILTD1,1/4/2018 10:00,1/4/2018 10:00,12.5
UCM,H,194,SOILTD1,1/4/2018 11:00,1/4/2018 11:00,12.61111111
UCM,H,194,SOILTD1,1/4/2018 12:00,1/4/2018 12:00,13
UCM,H,194,SOILTD1,1/4/2018 13:00,1/4/2018 13:00,13.55555556
UCM,H,194,SOILTD1,1/4/2018 14:00,1/4/2018 14:00,14.22222222
UCM,H,194,SOILTD1,1/4/2018 15:00,1/4/2018 15:00,14.72222222
UCM,H,194,SOILTD1,1/4/2018 16:00,1/4/2018 16:00,15.05555556
UCM,H,194,SOILTD1,1/4/2018 17:00,1/4/2018 17:00,15.22222222
UCM,H,194,SOILTD1,1/4/2018 18:00,1/4/2018 18:00,15.16666667
UCM,H,194,SOILTD1,1/4/2018 19:00,1/4/2018 19:00,15
UCM,H,194,SOILTD1,1/4/2018 20:00,1/4/2018 20:00,14.77777778
UCM,H,194,SOILTD1,1/4/2018 21:00,1/4/2018 21:00,14.55555556
UCM,H,194,SOILTD1,1/4/2018 22:00,1/4/2018 22:00,14.27777778
UCM,H,194,SOILTD1,1/4/2018 23:00,1/4/2018 23:00,14
UCM,H,194,SOILTD1,1/5/2018 0:00,1/5/2018 0:00,13.77777778
UCM,H,194,SOILTD1,1/5/2018 1:00,1/5/2018 1:00,13.55555556
UCM,H,194,SOILTD1,1/5/2018 2:00,1/5/2018 2:00,13.44444444
UCM,H,194,SOILTD1,1/5/2018 3:00,1/5/2018 3:00,13.33333333
UCM,H,194,SOILTD1,1/5/2018 4:00,1/5/2018 4:00,13.16666667
UCM,H,194,SOILTD1,1/5/2018 5:00,1/5/2018 5:00,13.05555556
UCM,H,194,SOILTD1,1/5/2018 6:00,1/5/2018 6:00,12.88888889
UCM,H,194,SOILTD1,1/5/2018 7:00,1/5/2018 7:00,12.77777778
UCM,H,194,SOILTD1,1/5/2018 8:00,1/5/2018 8:00,12.66666667
UCM,H,194,SOILTD1,1/5/2018 9:00,1/5/2018 9:00,12.61111111
UCM,H,194,SOILTD1,1/5/2018 10:00,1/5/2018 10:00,12.66666667
UCM,H,194,SOILTD1,1/5/2018 11:00,1/5/2018 11:00,12.94444444
UCM,H,194,SOILTD1,1/5/2018 12:00,1/5/2018 12:00,13.5
UCM,H,194,SOILTD1,1/5/2018 13:00,1/5/2018 13:00,14.16666667
UCM,H,194,SOILTD1,1/5/2018 14:00,1/5/2018 14:00,14.88888889
UCM,H,194,SOILTD1,1/5/2018 15:00,1/5/2018 15:00,15.44444444
UCM,H,194,SOILTD1,1/5/2018 16:00,1/5/2018 16:00,15.94444444
UCM,H,194,SOILTD1,1/5/2018 17:00,1/5/2018 17:00,16.16666667
UCM,H,194,SOILTD1,1/5/2018 18:00,1/5/2018 18:00,16.22222222
UCM,H,194,SOILTD1,1/5/2018 19:00,1/5/2018 19:00,16.05555556
UCM,H,194,SOILTD1,1/5/2018 20:00,1/5/2018 20:00,15.88888889
UCM,H,194,SOILTD1,1/5/2018 21:00,1/5/2018 21:00,15.72222222
UCM,H,194,SOILTD1,1/5/2018 22:00,1/5/2018 22:00,15.55555556
UCM,H,194,SOILTD1,1/5/2018 23:00,1/5/2018 23:00,15.33333333
UCM,H,194,SOILTD1,1/6/2018 0:00,1/6/2018 0:00,15.22222222
UCM,H,194,SOILTD1,1/6/2018 1:00,1/6/2018 1:00,15.05555556
UCM,H,194,SOILTD1,1/6/2018 2:00,1/6/2018 2:00,15
UCM,H,194,SOILTD1,1/6/2018 3:00,1/6/2018 3:00,14.94444444
UCM,H,194,SOILTD1,1/6/2018 4:00,1/6/2018 4:00,14.83333333
UCM,H,194,SOILTD1,1/6/2018 5:00,1/6/2018 5:00,14.77777778
UCM,H,194,SOILTD1,1/6/2018 6:00,1/6/2018 6:00,14.66666667
UCM,H,194,SOILTD1,1/6/2018 7:00,1/6/2018 7:00,14.55555556
UCM,H,194,SOILTD1,1/6/2018 8:00,1/6/2018 8:00,14.5
UCM,H,194,SOILTD1,1/6/2018 9:00,1/6/2018 9:00,14.38888889
UCM,H,194,SOILTD1,1/6/2018 10:00,1/6/2018 10:00,14.27777778
UCM,H,194,SOILTD1,1/6/2018 11:00,1/6/2018 11:00,14.33333333
UCM,H,194,SOILTD1,1/6/2018 12:00,1/6/2018 12:00,14.44444444
UCM,H,194,SOILTD1,1/6/2018 13:00,1/6/2018 13:00,14.55555556
UCM,H,194,SOILTD1,1/6/2018 14:00,1/6/2018 14:00,14.61111111
UCM,H,194,SOILTD1,1/6/2018 15:00,1/6/2018 15:00,14.72222222
UCM,H,194,SOILTD1,1/6/2018 16:00,1/6/2018 16:00,14.83333333
UCM,H,194,SOILTD1,1/6/2018 17:00,1/6/2018 17:00,14.94444444
UCM,H,194,SOILTD1,1/6/2018 18:00,1/6/2018 18:00,14.94444444
UCM,H,194,SOILTD1,1/6/2018 19:00,1/6/2018 19:00,14.77777778
UCM,H,194,SOILTD1,1/6/2018 20:00,1/6/2018 20:00,14.55555556
UCM,H,194,SOILTD1,1/6/2018 21:00,1/6/2018 21:00,14.33333333
UCM,H,194,SOILTD1,1/6/2018 22:00,1/6/2018 22:00,14.11111111
UCM,H,194,SOILTD1,1/6/2018 23:00,1/6/2018 23:00,13.77777778
UCM,H,194,SOILTD1,1/7/2018 0:00,1/7/2018 0:00,13.55555556
UCM,H,194,SOILTD1,1/7/2018 1:00,1/7/2018 1:00,13.27777778
UCM,H,194,SOILTD1,1/7/2018 2:00,1/7/2018 2:00,13.05555556
UCM,H,194,SOILTD1,1/7/2018 3:00,1/7/2018 3:00,12.88888889
UCM,H,194,SOILTD1,1/7/2018 4:00,1/7/2018 4:00,12.72222222
UCM,H,194,SOILTD1,1/7/2018 5:00,1/7/2018 5:00,12.55555556
UCM,H,194,SOILTD1,1/7/2018 6:00,1/7/2018 6:00,12.44444444
UCM,H,194,SOILTD1,1/7/2018 7:00,1/7/2018 7:00,12.33333333
UCM,H,194,SOILTD1,1/7/2018 8:00,1/7/2018 8:00,12.27777778
UCM,H,194,SOILTD1,1/7/2018 9:00,1/7/2018 9:00,12.27777778
UCM,H,194,SOILTD1,1/7/2018 10:00,1/7/2018 10:00,12.33333333
UCM,H,194,SOILTD1,1/7/2018 11:00,1/7/2018 11:00,12.5
UCM,H,194,SOILTD1,1/7/2018 12:00,1/7/2018 12:00,12.83333333
UCM,H,194,SOILTD1,1/7/2018 13:00,1/7/2018 13:00,13.38888889
UCM,H,194,SOILTD1,1/7/2018 14:00,1/7/2018 14:00,14.05555556
UCM,H,194,SOILTD1,1/7/2018 15:00,1/7/2018 15:00,14.61111111
UCM,H,194,SOILTD1,1/7/2018 16:00,1/7/2018 16:00,15
UCM,H,194,SOILTD1,1/7/2018 17:00,1/7/2018 17:00,15.22222222
UCM,H,194,SOILTD1,1/7/2018 18:00,1/7/2018 18:00,15.27777778
UCM,H,194,SOILTD1,1/7/2018 19:00,1/7/2018 19:00,15.22222222
UCM,H,194,SOILTD1,1/7/2018 20:00,1/7/2018 20:00,15.05555556
UCM,H,194,SOILTD1,1/7/2018 21:00,1/7/2018 21:00,14.88888889
UCM,H,194,SOILTD1,1/7/2018 22:00,1/7/2018 22:00,14.77777778
UCM,H,194,SOILTD1,1/7/2018 23:00,1/7/2018 23:00,14.55555556
UCM,H,194,SOILTD1,1/8/2018 0:00,1/8/2018 0:00,14.44444444
UCM,H,194,SOILTD1,1/8/2018 1:00,1/8/2018 1:00,14.33333333
UCM,H,194,SOILTD1,1/8/2018 2:00,1/8/2018 2:00,14.22222222
UCM,H,194,SOILTD1,1/8/2018 3:00,1/8/2018 3:00,14.11111111
UCM,H,194,SOILTD1,1/8/2018 4:00,1/8/2018 4:00,14
UCM,H,194,SOILTD1,1/8/2018 5:00,1/8/2018 5:00,14
UCM,H,194,SOILTD1,1/8/2018 6:00,1/8/2018 6:00,14
UCM,H,194,SOILTD1,1/8/2018 7:00,1/8/2018 7:00,13.88888889
UCM,H,194,SOILTD1,1/8/2018 8:00,1/8/2018 8:00,13.88888889
UCM,H,194,SOILTD1,1/8/2018 9:00,1/8/2018 9:00,13.88888889
UCM,H,194,SOILTD1,1/8/2018 10:00,1/8/2018 10:00,13.88888889
UCM,H,194,SOILTD1,1/8/2018 11:00,1/8/2018 11:00,13.94444444
UCM,H,194,SOILTD1,1/8/2018 12:00,1/8/2018 12:00,14
UCM,H,194,SOILTD1,1/8/2018 13:00,1/8/2018 13:00,14.11111111
UCM,H,194,SOILTD1,1/8/2018 14:00,1/8/2018 14:00,14.27777778
UCM,H,194,SOILTD1,1/8/2018 15:00,1/8/2018 15:00,14.38888889
UCM,H,194,SOILTD1,1/8/2018 16:00,1/8/2018 16:00,14.5
UCM,H,194,SOILTD1,1/8/2018 17:00,1/8/2018 17:00,14.61111111
UCM,H,194,SOILTD1,1/8/2018 18:00,1/8/2018 18:00,14.61111111
UCM,H,194,SOILTD1,1/8/2018 19:00,1/8/2018 19:00,14.61111111
UCM,H,194,SOILTD1,1/8/2018 20:00,1/8/2018 20:00,14.66666667
UCM,H,194,SOILTD1,1/8/2018 21:00,1/8/2018 21:00,14.66666667
UCM,H,194,SOILTD1,1/8/2018 22:00,1/8/2018 22:00,14.66666667
UCM,H,194,SOILTD1,1/8/2018 23:00,1/8/2018 23:00,14.61111111
UCM,H,194,SOILTD1,1/9/2018 0:00,1/9/2018 0:00,14.61111111
UCM,H,194,SOILTD1,1/9/2018 1:00,1/9/2018 1:00,14.61111111
UCM,H,194,SOILTD1,1/9/2018 2:00,1/9/2018 2:00,14.61111111
UCM,H,194,SOILTD1,1/9/2018 3:00,1/9/2018 3:00,14.61111111
UCM,H,194,SOILTD1,1/9/2018 4:00,1/9/2018 4:00,14.5
UCM,H,194,SOILTD1,1/9/2018 5:00,1/9/2018 5:00,14.5
UCM,H,194,SOILTD1,1/9/2018 6:00,1/9/2018 6:00,14.5
UCM,H,194,SOILTD1,1/9/2018 7:00,1/9/2018 7:00,14.5
UCM,H,194,SOILTD1,1/9/2018 8:00,1/9/2018 8:00,14.44444444
UCM,H,194,SOILTD1,1/9/2018 9:00,1/9/2018 9:00,14.38888889
UCM,H,194,SOILTD1,1/9/2018 10:00,1/9/2018 10:00,14.44444444
UCM,H,194,SOILTD1,1/9/2018 11:00,1/9/2018 11:00,14.55555556
UCM,H,194,SOILTD1,1/9/2018 12:00,1/9/2018 12:00,14.61111111
UCM,H,194,SOILTD1,1/9/2018 13:00,1/9/2018 13:00,14.55555556
UCM,H,194,SOILTD1,1/9/2018 14:00,1/9/2018 14:00,14.55555556
UCM,H,194,SOILTD1,1/9/2018 15:00,1/9/2018 15:00,14.61111111
UCM,H,194,SOILTD1,1/9/2018 16:00,1/9/2018 16:00,14.61111111
UCM,H,194,SOILTD1,1/9/2018 17:00,1/9/2018 17:00,14.55555556
UCM,H,194,SOILTD1,1/9/2018 18:00,1/9/2018 18:00,14.5
UCM,H,194,SOILTD1,1/9/2018 19:00,1/9/2018 19:00,14.38888889
UCM,H,194,SOILTD1,1/9/2018 20:00,1/9/2018 20:00,14.27777778
UCM,H,194,SOILTD1,1/9/2018 21:00,1/9/2018 21:00,14.22222222
UCM,H,194,SOILTD1,1/9/2018 22:00,1/9/2018 22:00,14.11111111
UCM,H,194,SOILTD1,1/9/2018 23:00,1/9/2018 23:00,14
UCM,H,194,SOILTD1,1/10/2018 0:00,1/10/2018 0:00,14
UCM,H,194,SOILTD1,1/10/2018 1:00,1/10/2018 1:00,14
UCM,H,194,SOILTD1,1/10/2018 2:00,1/10/2018 2:00,13.88888889
UCM,H,194,SOILTD1,1/10/2018 3:00,1/10/2018 3:00,13.88888889
UCM,H,194,SOILTD1,1/10/2018 4:00,1/10/2018 4:00,13.88888889
UCM,H,194,SOILTD1,1/10/2018 5:00,1/10/2018 5:00,13.72222222
UCM,H,194,SOILTD1,1/10/2018 6:00,1/10/2018 6:00,13.66666667
UCM,H,194,SOILTD1,1/10/2018 7:00,1/10/2018 7:00,13.55555556
UCM,H,194,SOILTD1,1/10/2018 8:00,1/10/2018 8:00,13.44444444
UCM,H,194,SOILTD1,1/10/2018 9:00,1/10/2018 9:00,13.27777778
UCM,H,194,SOILTD1,1/10/2018 10:00,1/10/2018 10:00,13.33333333
UCM,H,194,SOILTD1,1/10/2018 11:00,1/10/2018 11:00,13.5
UCM,H,194,SOILTD1,1/10/2018 12:00,1/10/2018 12:00,13.83333333
UCM,H,194,SOILTD1,1/10/2018 13:00,1/10/2018 13:00,14.22222222
UCM,H,194,SOILTD1,1/10/2018 14:00,1/10/2018 14:00,14.61111111
UCM,H,194,SOILTD1,1/10/2018 15:00,1/10/2018 15:00,14.83333333
UCM,H,194,SOILTD1,1/10/2018 16:00,1/10/2018 16:00,15.05555556
UCM,H,194,SOILTD1,1/10/2018 17:00,1/10/2018 17:00,15.11111111
UCM,H,194,SOILTD1,1/10/2018 18:00,1/10/2018 18:00,14.94444444
UCM,H,194,SOILTD1,1/10/2018 19:00,1/10/2018 19:00,14.66666667
UCM,H,194,SOILTD1,1/10/2018 20:00,1/10/2018 20:00,14.38888889
UCM,H,194,SOILTD1,1/10/2018 21:00,1/10/2018 21:00,14.27777778
UCM,H,194,SOILTD1,1/10/2018 22:00,1/10/2018 22:00,14.22222222
UCM,H,194,SOILTD1,1/10/2018 23:00,1/10/2018 23:00,14.11111111
UCM,H,194,SOILTD1,1/11/2018 0:00,1/11/2018 0:00,13.94444444
UCM,H,194,SOILTD1,1/11/2018 1:00,1/11/2018 1:00,13.66666667
UCM,H,194,SOILTD1,1/11/2018 2:00,1/11/2018 2:00,13.38888889
UCM,H,194,SOILTD1,1/11/2018 3:00,1/11/2018 3:00,13.11111111
UCM,H,194,SOILTD1,1/11/2018 4:00,1/11/2018 4:00,12.94444444
UCM,H,194,SOILTD1,1/11/2018 5:00,1/11/2018 5:00,12.83333333
UCM,H,194,SOILTD1,1/11/2018 6:00,1/11/2018 6:00,12.77777778
UCM,H,194,SOILTD1,1/11/2018 7:00,1/11/2018 7:00,12.77777778
UCM,H,194,SOILTD1,1/11/2018 8:00,1/11/2018 8:00,12.77777778
UCM,H,194,SOILTD1,1/11/2018 9:00,1/11/2018 9:00,12.77777778
UCM,H,194,SOILTD1,1/11/2018 10:00,1/11/2018 10:00,12.94444444
UCM,H,194,SOILTD1,1/11/2018 11:00,1/11/2018 11:00,13.11111111
UCM,H,194,SOILTD1,1/11/2018 12:00,1/11/2018 12:00,13.66666667
UCM,H,194,SOILTD1,1/11/2018 13:00,1/11/2018 13:00,14.38888889
UCM,H,194,SOILTD1,1/11/2018 14:00,1/11/2018 14:00,15.11111111
UCM,H,194,SOILTD1,1/11/2018 15:00,1/11/2018 15:00,15.61111111
UCM,H,194,SOILTD1,1/11/2018 16:00,1/11/2018 16:00,15.83333333
UCM,H,194,SOILTD1,1/11/2018 17:00,1/11/2018 17:00,15.83333333
UCM,H,194,SOILTD1,1/11/2018 18:00,1/11/2018 18:00,15.61111111
UCM,H,194,SOILTD1,1/11/2018 19:00,1/11/2018 19:00,15.33333333
UCM,H,194,SOILTD1,1/11/2018 20:00,1/11/2018 20:00,14.94444444
UCM,H,194,SOILTD1,1/11/2018 21:00,1/11/2018 21:00,14.66666667
UCM,H,194,SOILTD1,1/11/2018 22:00,1/11/2018 22:00,14.27777778
UCM,H,194,SOILTD1,1/11/2018 23:00,1/11/2018 23:00,14
UCM,H,194,SOILTD1,1/12/2018 0:00,1/12/2018 0:00,13.66666667
UCM,H,194,SOILTD1,1/12/2018 1:00,1/12/2018 1:00,13.38888889
UCM,H,194,SOILTD1,1/12/2018 2:00,1/12/2018 2:00,13.16666667
UCM,H,194,SOILTD1,1/12/2018 3:00,1/12/2018 3:00,12.88888889
UCM,H,194,SOILTD1,1/12/2018 4:00,1/12/2018 4:00,12.72222222
UCM,H,194,SOILTD1,1/12/2018 5:00,1/12/2018 5:00,12.5
UCM,H,194,SOILTD1,1/12/2018 6:00,1/12/2018 6:00,12.33333333
UCM,H,194,SOILTD1,1/12/2018 7:00,1/12/2018 7:00,12.22222222
UCM,H,194,SOILTD1,1/12/2018 8:00,1/12/2018 8:00,12.11111111
UCM,H,194,SOILTD1,1/12/2018 9:00,1/12/2018 9:00,12
UCM,H,194,SOILTD1,1/12/2018 10:00,1/12/2018 10:00,12.05555556
UCM,H,194,SOILTD1,1/12/2018 11:00,1/12/2018 11:00,12.27777778
UCM,H,194,SOILTD1,1/12/2018 12:00,1/12/2018 12:00,12.66666667
UCM,H,194,SOILTD1,1/12/2018 13:00,1/12/2018 13:00,13
UCM,H,194,SOILTD1,1/12/2018 14:00,1/12/2018 14:00,13.27777778
UCM,H,194,SOILTD1,1/12/2018 15:00,1/12/2018 15:00,13.55555556
UCM,H,194,SOILTD1,1/12/2018 16:00,1/12/2018 16:00,13.66666667
UCM,H,194,SOILTD1,1/12/2018 17:00,1/12/2018 17:00,13.72222222
UCM,H,194,SOILTD1,1/12/2018 18:00,1/12/2018 18:00,13.66666667
UCM,H,194,SOILTD1,1/12/2018 19:00,1/12/2018 19:00,13.61111111
UCM,H,194,SOILTD1,1/12/2018 20:00,1/12/2018 20:00,13.55555556
UCM,H,194,SOILTD1,1/12/2018 21:00,1/12/2018 21:00,13.5
UCM,H,194,SOILTD1,1/12/2018 22:00,1/12/2018 22:00,13.38888889
UCM,H,194,SOILTD1,1/12/2018 23:00,1/12/2018 23:00,13.38888889
UCM,H,194,SOILTD1,1/13/2018 0:00,1/13/2018 0:00,13.33333333
UCM,H,194,SOILTD1,1/13/2018 1:00,1/13/2018 1:00,13.27777778
UCM,H,194,SOILTD1,1/13/2018 2:00,1/13/2018 2:00,13.22222222
UCM,H,194,SOILTD1,1/13/2018 3:00,1/13/2018 3:00,13.22222222
UCM,H,194,SOILTD1,1/13/2018 4:00,1/13/2018 4:00,13.22222222
UCM,H,194,SOILTD1,1/13/2018 5:00,1/13/2018 5:00,13.11111111
UCM,H,194,SOILTD1,1/13/2018 6:00,1/13/2018 6:00,13.11111111
UCM,H,194,SOILTD1,1/13/2018 7:00,1/13/2018 7:00,13.11111111
UCM,H,194,SOILTD1,1/13/2018 8:00,1/13/2018 8:00,13.11111111
UCM,H,194,SOILTD1,1/13/2018 9:00,1/13/2018 9:00,13
UCM,H,194,SOILTD1,1/13/2018 10:00,1/13/2018 10:00,13
UCM,H,194,SOILTD1,1/13/2018 11:00,1/13/2018 11:00,13.11111111
UCM,H,194,SOILTD1,1/13/2018 12:00,1/13/2018 12:00,13.16666667
UCM,H,194,SOILTD1,1/13/2018 13:00,1/13/2018 13:00,13.27777778
UCM,H,194,SOILTD1,1/13/2018 14:00,1/13/2018 14:00,13.55555556
UCM,H,194,SOILTD1,1/13/2018 15:00,1/13/2018 15:00,13.77777778
UCM,H,194,SOILTD1,1/13/2018 16:00,1/13/2018 16:00,14
UCM,H,194,SOILTD1,1/13/2018 17:00,1/13/2018 17:00,14
UCM,H,194,SOILTD1,1/13/2018 18:00,1/13/2018 18:00,14
UCM,H,194,SOILTD1,1/13/2018 19:00,1/13/2018 19:00,13.94444444
UCM,H,194,SOILTD1,1/13/2018 20:00,1/13/2018 20:00,13.83333333
UCM,H,194,SOILTD1,1/13/2018 21:00,1/13/2018 21:00,13.72222222
UCM,H,194,SOILTD1,1/13/2018 22:00,1/13/2018 22:00,13.61111111
UCM,H,194,SOILTD1,1/13/2018 23:00,1/13/2018 23:00,13.55555556
UCM,H,194,SOILTD1,1/14/2018 0:00,1/14/2018 0:00,13.44444444
UCM,H,194,SOILTD1,1/14/2018 1:00,1/14/2018 1:00,13.38888889
UCM,H,194,SOILTD1,1/14/2018 2:00,1/14/2018 2:00,13.33333333
UCM,H,194,SOILTD1,1/14/2018 3:00,1/14/2018 3:00,13.27777778
UCM,H,194,SOILTD1,1/14/2018 4:00,1/14/2018 4:00,13.22222222
UCM,H,194,SOILTD1,1/14/2018 5:00,1/14/2018 5:00,13.22222222
UCM,H,194,SOILTD1,1/14/2018 6:00,1/14/2018 6:00,13.11111111
UCM,H,194,SOILTD1,1/14/2018 7:00,1/14/2018 7:00,13.11111111
UCM,H,194,SOILTD1,1/14/2018 8:00,1/14/2018 8:00,13
UCM,H,194,SOILTD1,1/14/2018 9:00,1/14/2018 9:00,13
UCM,H,194,SOILTD1,1/14/2018 10:00,1/14/2018 10:00,13
UCM,H,194,SOILTD1,1/14/2018 11:00,1/14/2018 11:00,13
UCM,H,194,SOILTD1,1/14/2018 12:00,1/14/2018 12:00,13.11111111
UCM,H,194,SOILTD1,1/14/2018 13:00,1/14/2018 13:00,13.22222222
UCM,H,194,SOILTD1,1/14/2018 14:00,1/14/2018 14:00,13.5
UCM,H,194,SOILTD1,1/14/2018 15:00,1/14/2018 15:00,13.88888889
UCM,H,194,SOILTD1,1/14/2018 16:00,1/14/2018 16:00,14.16666667
UCM,H,194,SOILTD1,1/14/2018 17:00,1/14/2018 17:00,14.27777778
UCM,H,194,SOILTD1,1/14/2018 18:00,1/14/2018 18:00,14.22222222
UCM,H,194,SOILTD1,1/14/2018 19:00,1/14/2018 19:00,14.05555556
UCM,H,194,SOILTD1,1/14/2018 20:00,1/14/2018 20:00,13.77777778
UCM,H,194,SOILTD1,1/14/2018 21:00,1/14/2018 21:00,13.55555556
UCM,H,194,SOILTD1,1/14/2018 22:00,1/14/2018 22:00,13.33333333
UCM,H,194,SOILTD1,1/14/2018 23:00,1/14/2018 23:00,13.16666667
UCM,H,194,SOILTD1,1/15/2018 0:00,1/15/2018 0:00,13.05555556
UCM,H,194,SOILTD1,1/15/2018 1:00,1/15/2018 1:00,12.94444444
UCM,H,194,SOILTD1,1/15/2018 2:00,1/15/2018 2:00,12.77777778
UCM,H,194,SOILTD1,1/15/2018 3:00,1/15/2018 3:00,12.66666667
UCM,H,194,SOILTD1,1/15/2018 4:00,1/15/2018 4:00,12.5
UCM,H,194,SOILTD1,1/15/2018 5:00,1/15/2018 5:00,12.38888889
UCM,H,194,SOILTD1,1/15/2018 6:00,1/15/2018 6:00,12.27777778
UCM,H,194,SOILTD1,1/15/2018 7:00,1/15/2018 7:00,12.22222222
UCM,H,194,SOILTD1,1/15/2018 8:00,1/15/2018 8:00,12.22222222
UCM,H,194,SOILTD1,1/15/2018 9:00,1/15/2018 9:00,12.22222222
UCM,H,194,SOILTD1,1/15/2018 10:00,1/15/2018 10:00,12.22222222
UCM,H,194,SOILTD1,1/15/2018 11:00,1/15/2018 11:00,12.38888889
UCM,H,194,SOILTD1,1/15/2018 12:00,1/15/2018 12:00,12.55555556
UCM,H,194,SOILTD1,1/15/2018 13:00,1/15/2018 13:00,12.77777778
UCM,H,194,SOILTD1,1/15/2018 14:00,1/15/2018 14:00,13.11111111
UCM,H,194,SOILTD1,1/15/2018 15:00,1/15/2018 15:00,13.55555556
UCM,H,194,SOILTD1,1/15/2018 16:00,1/15/2018 16:00,13.94444444
UCM,H,194,SOILTD1,1/15/2018 17:00,1/15/2018 17:00,14.16666667
UCM,H,194,SOILTD1,1/15/2018 18:00,1/15/2018 18:00,14.16666667
UCM,H,194,SOILTD1,1/15/2018 19:00,1/15/2018 19:00,14
UCM,H,194,SOILTD1,1/15/2018 20:00,1/15/2018 20:00,13.66666667
UCM,H,194,SOILTD1,1/15/2018 21:00,1/15/2018 21:00,13.38888889
UCM,H,194,SOILTD1,1/15/2018 22:00,1/15/2018 22:00,13.16666667
UCM,H,194,SOILTD1,1/15/2018 23:00,1/15/2018 23:00,12.88888889
UCM,H,194,SOILTD1,1/16/2018 0:00,1/16/2018 0:00,12.77777778
UCM,H,194,SOILTD1,1/16/2018 1:00,1/16/2018 1:00,12.66666667
UCM,H,194,SOILTD1,1/16/2018 2:00,1/16/2018 2:00,12.61111111
UCM,H,194,SOILTD1,1/16/2018 3:00,1/16/2018 3:00,12.61111111
UCM,H,194,SOILTD1,1/16/2018 4:00,1/16/2018 4:00,12.61111111
UCM,H,194,SOILTD1,1/16/2018 5:00,1/16/2018 5:00,12.5
UCM,H,194,SOILTD1,1/16/2018 6:00,1/16/2018 6:00,12.5
UCM,H,194,SOILTD1,1/16/2018 7:00,1/16/2018 7:00,12.5
UCM,H,194,SOILTD1,1/16/2018 8:00,1/16/2018 8:00,12.5
UCM,H,194,SOILTD1,1/16/2018 9:00,1/16/2018 9:00,12.5
UCM,H,194,SOILTD1,1/16/2018 10:00,1/16/2018 10:00,12.5
UCM,H,194,SOILTD1,1/16/2018 11:00,1/16/2018 11:00,12.61111111
UCM,H,194,SOILTD1,1/16/2018 12:00,1/16/2018 12:00,12.83333333
UCM,H,194,SOILTD1,1/16/2018 13:00,1/16/2018 13:00,13.22222222
UCM,H,194,SOILTD1,1/16/2018 14:00,1/16/2018 14:00,13.72222222
UCM,H,194,SOILTD1,1/16/2018 15:00,1/16/2018 15:00,14.16666667
UCM,H,194,SOILTD1,1/16/2018 16:00,1/16/2018 16:00,14.5
UCM,H,194,SOILTD1,1/16/2018 17:00,1/16/2018 17:00,14.61111111
UCM,H,194,SOILTD1,1/16/2018 18:00,1/16/2018 18:00,14.55555556
UCM,H,194,SOILTD1,1/16/2018 19:00,1/16/2018 19:00,14.44444444
UCM,H,194,SOILTD1,1/16/2018 20:00,1/16/2018 20:00,14.33333333
UCM,H,194,SOILTD1,1/16/2018 21:00,1/16/2018 21:00,14.16666667
UCM,H,194,SOILTD1,1/16/2018 22:00,1/16/2018 22:00,14.05555556
UCM,H,194,SOILTD1,1/16/2018 23:00,1/16/2018 23:00,14
UCM,H,194,SOILTD1,1/17/2018 0:00,1/17/2018 0:00,13.88888889
UCM,H,194,SOILTD1,1/17/2018 1:00,1/17/2018 1:00,13.83333333
UCM,H,194,SOILTD1,1/17/2018 2:00,1/17/2018 2:00,13.72222222
UCM,H,194,SOILTD1,1/17/2018 3:00,1/17/2018 3:00,13.66666667
UCM,H,194,SOILTD1,1/17/2018 4:00,1/17/2018 4:00,13.61111111
UCM,H,194,SOILTD1,1/17/2018 5:00,1/17/2018 5:00,13.55555556
UCM,H,194,SOILTD1,1/17/2018 6:00,1/17/2018 6:00,13.5
UCM,H,194,SOILTD1,1/17/2018 7:00,1/17/2018 7:00,13.44444444
UCM,H,194,SOILTD1,1/17/2018 8:00,1/17/2018 8:00,13.38888889
UCM,H,194,SOILTD1,1/17/2018 9:00,1/17/2018 9:00,13.33333333
UCM,H,194,SOILTD1,1/17/2018 10:00,1/17/2018 10:00,13.27777778
UCM,H,194,SOILTD1,1/17/2018 11:00,1/17/2018 11:00,13.33333333
UCM,H,194,SOILTD1,1/17/2018 12:00,1/17/2018 12:00,13.44444444
UCM,H,194,SOILTD1,1/17/2018 13:00,1/17/2018 13:00,13.55555556
UCM,H,194,SOILTD1,1/17/2018 14:00,1/17/2018 14:00,13.77777778
UCM,H,194,SOILTD1,1/17/2018 15:00,1/17/2018 15:00,14
UCM,H,194,SOILTD1,1/17/2018 16:00,1/17/2018 16:00,14.22222222
UCM,H,194,SOILTD1,1/17/2018 17:00,1/17/2018 17:00,14.38888889
UCM,H,194,SOILTD1,1/17/2018 18:00,1/17/2018 18:00,14.33333333
UCM,H,194,SOILTD1,1/17/2018 19:00,1/17/2018 19:00,14.16666667
UCM,H,194,SOILTD1,1/17/2018 20:00,1/17/2018 20:00,13.94444444
UCM,H,194,SOILTD1,1/17/2018 21:00,1/17/2018 21:00,13.61111111
UCM,H,194,SOILTD1,1/17/2018 22:00,1/17/2018 22:00,13.33333333
UCM,H,194,SOILTD1,1/17/2018 23:00,1/17/2018 23:00,13.11111111
UCM,H,194,SOILTD1,1/18/2018 0:00,1/18/2018 0:00,12.94444444
UCM,H,194,SOILTD1,1/18/2018 1:00,1/18/2018 1:00,12.77777778
UCM,H,194,SOILTD1,1/18/2018 2:00,1/18/2018 2:00,12.72222222
UCM,H,194,SOILTD1,1/18/2018 3:00,1/18/2018 3:00,12.72222222
UCM,H,194,SOILTD1,1/18/2018 4:00,1/18/2018 4:00,12.72222222
UCM,H,194,SOILTD1,1/18/2018 5:00,1/18/2018 5:00,12.72222222
UCM,H,194,SOILTD1,1/18/2018 6:00,1/18/2018 6:00,12.72222222
UCM,H,194,SOILTD1,1/18/2018 7:00,1/18/2018 7:00,12.72222222
UCM,H,194,SOILTD1,1/18/2018 8:00,1/18/2018 8:00,12.72222222
UCM,H,194,SOILTD1,1/18/2018 9:00,1/18/2018 9:00,12.72222222
UCM,H,194,SOILTD1,1/18/2018 10:00,1/18/2018 10:00,12.72222222
UCM,H,194,SOILTD1,1/18/2018 11:00,1/18/2018 11:00,12.77777778
UCM,H,194,SOILTD1,1/18/2018 12:00,1/18/2018 12:00,12.88888889
UCM,H,194,SOILTD1,1/18/2018 13:00,1/18/2018 13:00,13.05555556
UCM,H,194,SOILTD1,1/18/2018 14:00,1/18/2018 14:00,13.22222222
UCM,H,194,SOILTD1,1/18/2018 15:00,1/18/2018 15:00,13.44444444
UCM,H,194,SOILTD1,1/18/2018 16:00,1/18/2018 16:00,13.72222222
UCM,H,194,SOILTD1,1/18/2018 17:00,1/18/2018 17:00,13.88888889
UCM,H,194,SOILTD1,1/18/2018 18:00,1/18/2018 18:00,13.83333333
UCM,H,194,SOILTD1,1/18/2018 19:00,1/18/2018 19:00,13.66666667
UCM,H,194,SOILTD1,1/18/2018 20:00,1/18/2018 20:00,13.55555556
UCM,H,194,SOILTD1,1/18/2018 21:00,1/18/2018 21:00,13.33333333
UCM,H,194,SOILTD1,1/18/2018 22:00,1/18/2018 22:00,13.16666667
UCM,H,194,SOILTD1,1/18/2018 23:00,1/18/2018 23:00,13.11111111
UCM,H,194,SOILTD1,1/19/2018 0:00,1/19/2018 0:00,13.11111111
UCM,H,194,SOILTD1,1/19/2018 1:00,1/19/2018 1:00,13.11111111
UCM,H,194,SOILTD1,1/19/2018 2:00,1/19/2018 2:00,13.05555556
UCM,H,194,SOILTD1,1/19/2018 3:00,1/19/2018 3:00,13
UCM,H,194,SOILTD1,1/19/2018 4:00,1/19/2018 4:00,13
UCM,H,194,SOILTD1,1/19/2018 5:00,1/19/2018 5:00,12.88888889
UCM,H,194,SOILTD1,1/19/2018 6:00,1/19/2018 6:00,12.77777778
UCM,H,194,SOILTD1,1/19/2018 7:00,1/19/2018 7:00,12.72222222
UCM,H,194,SOILTD1,1/19/2018 8:00,1/19/2018 8:00,12.61111111
UCM,H,194,SOILTD1,1/19/2018 9:00,1/19/2018 9:00,12.55555556
UCM,H,194,SOILTD1,1/19/2018 10:00,1/19/2018 10:00,12.5
UCM,H,194,SOILTD1,1/19/2018 11:00,1/19/2018 11:00,12.61111111
UCM,H,194,SOILTD1,1/19/2018 12:00,1/19/2018 12:00,13
UCM,H,194,SOILTD1,1/19/2018 13:00,1/19/2018 13:00,13.61111111
UCM,H,194,SOILTD1,1/19/2018 14:00,1/19/2018 14:00,14.33333333
UCM,H,194,SOILTD1,1/19/2018 15:00,1/19/2018 15:00,14.83333333
UCM,H,194,SOILTD1,1/19/2018 16:00,1/19/2018 16:00,15
UCM,H,194,SOILTD1,1/19/2018 17:00,1/19/2018 17:00,14.88888889
UCM,H,194,SOILTD1,1/19/2018 18:00,1/19/2018 18:00,14.61111111
UCM,H,194,SOILTD1,1/19/2018 19:00,1/19/2018 19:00,14.22222222
UCM,H,194,SOILTD1,1/19/2018 20:00,1/19/2018 20:00,13.77777778
UCM,H,194,SOILTD1,1/19/2018 21:00,1/19/2018 21:00,13.33333333
UCM,H,194,SOILTD1,1/19/2018 22:00,1/19/2018 22:00,13.05555556
UCM,H,194,SOILTD1,1/19/2018 23:00,1/19/2018 23:00,12.72222222
UCM,H,194,SOILTD1,1/20/2018 0:00,1/20/2018 0:00,12.44444444
UCM,H,194,SOILTD1,1/20/2018 1:00,1/20/2018 1:00,12.11111111
UCM,H,194,SOILTD1,1/20/2018 2:00,1/20/2018 2:00,11.88888889
UCM,H,194,SOILTD1,1/20/2018 3:00,1/20/2018 3:00,11.66666667
UCM,H,194,SOILTD1,1/20/2018 4:00,1/20/2018 4:00,11.44444444
UCM,H,194,SOILTD1,1/20/2018 5:00,1/20/2018 5:00,11.22222222
UCM,H,194,SOILTD1,1/20/2018 6:00,1/20/2018 6:00,11.05555556
UCM,H,194,SOILTD1,1/20/2018 7:00,1/20/2018 7:00,10.88888889
UCM,H,194,SOILTD1,1/20/2018 8:00,1/20/2018 8:00,10.72222222
UCM,H,194,SOILTD1,1/20/2018 9:00,1/20/2018 9:00,10.55555556
UCM,H,194,SOILTD1,1/20/2018 10:00,1/20/2018 10:00,10.5
UCM,H,194,SOILTD1,1/20/2018 11:00,1/20/2018 11:00,10.77777778
UCM,H,194,SOILTD1,1/20/2018 12:00,1/20/2018 12:00,11.27777778
UCM,H,194,SOILTD1,1/20/2018 13:00,1/20/2018 13:00,12.11111111
UCM,H,194,SOILTD1,1/20/2018 14:00,1/20/2018 14:00,12.88888889
UCM,H,194,SOILTD1,1/20/2018 15:00,1/20/2018 15:00,13.44444444
UCM,H,194,SOILTD1,1/20/2018 16:00,1/20/2018 16:00,13.61111111
UCM,H,194,SOILTD1,1/20/2018 17:00,1/20/2018 17:00,13.55555556
UCM,H,194,SOILTD1,1/20/2018 18:00,1/20/2018 18:00,13.33333333
UCM,H,194,SOILTD1,1/20/2018 19:00,1/20/2018 19:00,12.94444444
UCM,H,194,SOILTD1,1/20/2018 20:00,1/20/2018 20:00,12.55555556
UCM,H,194,SOILTD1,1/20/2018 21:00,1/20/2018 21:00,12.22222222
UCM,H,194,SOILTD1,1/20/2018 22:00,1/20/2018 22:00,11.83333333
UCM,H,194,SOILTD1,1/20/2018 23:00,1/20/2018 23:00,11.5
UCM,H,194,SOILTD1,1/21/2018 0:00,1/21/2018 0:00,11.27777778
UCM,H,194,SOILTD1,1/21/2018 1:00,1/21/2018 1:00,11
UCM,H,194,SOILTD1,1/21/2018 2:00,1/21/2018 2:00,10.77777778
UCM,H,194,SOILTD1,1/21/2018 3:00,1/21/2018 3:00,10.61111111
UCM,H,194,SOILTD1,1/21/2018 4:00,1/21/2018 4:00,10.38888889
UCM,H,194,SOILTD1,1/21/2018 5:00,1/21/2018 5:00,10.22222222
UCM,H,194,SOILTD1,1/21/2018 6:00,1/21/2018 6:00,10
UCM,H,194,SOILTD1,1/21/2018 7:00,1/21/2018 7:00,9.833333333
UCM,H,194,SOILTD1,1/21/2018 8:00,1/21/2018 8:00,9.666666667
UCM,H,194,SOILTD1,1/21/2018 9:00,1/21/2018 9:00,9.5
UCM,H,194,SOILTD1,1/21/2018 10:00,1/21/2018 10:00,9.5
UCM,H,194,SOILTD1,1/21/2018 11:00,1/21/2018 11:00,9.722222222
UCM,H,194,SOILTD1,1/21/2018 12:00,1/21/2018 12:00,10.27777778
UCM,H,194,SOILTD1,1/21/2018 13:00,1/21/2018 13:00,11.11111111
UCM,H,194,SOILTD1,1/21/2018 14:00,1/21/2018 14:00,11.88888889
UCM,H,194,SOILTD1,1/21/2018 15:00,1/21/2018 15:00,12.5
UCM,H,194,SOILTD1,1/21/2018 16:00,1/21/2018 16:00,12.77777778
UCM,H,194,SOILTD1,1/21/2018 17:00,1/21/2018 17:00,12.88888889
UCM,H,194,SOILTD1,1/21/2018 18:00,1/21/2018 18:00,12.83333333
UCM,H,194,SOILTD1,1/21/2018 19:00,1/21/2018 19:00,12.61111111
UCM,H,194,SOILTD1,1/21/2018 20:00,1/21/2018 20:00,12.27777778
UCM,H,194,SOILTD1,1/21/2018 21:00,1/21/2018 21:00,12
UCM,H,194,SOILTD1,1/21/2018 22:00,1/21/2018 22:00,11.77777778
UCM,H,194,SOILTD1,1/21/2018 23:00,1/21/2018 23:00,11.5
UCM,H,194,SOILTD1,1/22/2018 0:00,1/22/2018 0:00,11.33333333
UCM,H,194,SOILTD1,1/22/2018 1:00,1/22/2018 1:00,11.16666667
UCM,H,194,SOILTD1,1/22/2018 2:00,1/22/2018 2:00,11
UCM,H,194,SOILTD1,1/22/2018 3:00,1/22/2018 3:00,10.77777778
UCM,H,194,SOILTD1,1/22/2018 4:00,1/22/2018 4:00,10.61111111
UCM,H,194,SOILTD1,1/22/2018 5:00,1/22/2018 5:00,10.44444444
UCM,H,194,SOILTD1,1/22/2018 6:00,1/22/2018 6:00,10.38888889
UCM,H,194,SOILTD1,1/22/2018 7:00,1/22/2018 7:00,10.38888889
UCM,H,194,SOILTD1,1/22/2018 8:00,1/22/2018 8:00,10.44444444
UCM,H,194,SOILTD1,1/22/2018 9:00,1/22/2018 9:00,10.5
UCM,H,194,SOILTD1,1/22/2018 10:00,1/22/2018 10:00,10.61111111
UCM,H,194,SOILTD1,1/22/2018 11:00,1/22/2018 11:00,10.77777778
UCM,H,194,SOILTD1,1/22/2018 12:00,1/22/2018 12:00,11.05555556
UCM,H,194,SOILTD1,1/22/2018 13:00,1/22/2018 13:00,11.44444444
UCM,H,194,SOILTD1,1/22/2018 14:00,1/22/2018 14:00,12
UCM,H,194,SOILTD1,1/22/2018 15:00,1/22/2018 15:00,12.5
UCM,H,194,SOILTD1,1/22/2018 16:00,1/22/2018 16:00,12.83333333
UCM,H,194,SOILTD1,1/22/2018 17:00,1/22/2018 17:00,13
UCM,H,194,SOILTD1,1/22/2018 18:00,1/22/2018 18:00,13.11111111
UCM,H,194,SOILTD1,1/22/2018 19:00,1/22/2018 19:00,13
UCM,H,194,SOILTD1,1/22/2018 20:00,1/22/2018 20:00,12.83333333
UCM,H,194,SOILTD1,1/22/2018 21:00,1/22/2018 21:00,12.66666667
UCM,H,194,SOILTD1,1/22/2018 22:00,1/22/2018 22:00,12.61111111
UCM,H,194,SOILTD1,1/22/2018 23:00,1/22/2018 23:00,12.5
UCM,H,194,SOILTD1,1/23/2018 0:00,1/23/2018 0:00,12.44444444
UCM,H,194,SOILTD1,1/23/2018 1:00,1/23/2018 1:00,12.38888889
UCM,H,194,SOILTD1,1/23/2018 2:00,1/23/2018 2:00,12.27777778
UCM,H,194,SOILTD1,1/23/2018 3:00,1/23/2018 3:00,12.27777778
UCM,H,194,SOILTD1,1/23/2018 4:00,1/23/2018 4:00,12.22222222
UCM,H,194,SOILTD1,1/23/2018 5:00,1/23/2018 5:00,12.22222222
UCM,H,194,SOILTD1,1/23/2018 6:00,1/23/2018 6:00,12.22222222
UCM,H,194,SOILTD1,1/23/2018 7:00,1/23/2018 7:00,12.16666667
UCM,H,194,SOILTD1,1/23/2018 8:00,1/23/2018 8:00,12.11111111
UCM,H,194,SOILTD1,1/23/2018 9:00,1/23/2018 9:00,12.11111111
UCM,H,194,SOILTD1,1/23/2018 10:00,1/23/2018 10:00,12.11111111
UCM,H,194,SOILTD1,1/23/2018 11:00,1/23/2018 11:00,12.22222222
UCM,H,194,SOILTD1,1/23/2018 12:00,1/23/2018 12:00,12.38888889
UCM,H,194,SOILTD1,1/23/2018 13:00,1/23/2018 13:00,12.72222222
UCM,H,194,SOILTD1,1/23/2018 14:00,1/23/2018 14:00,13.16666667
UCM,H,194,SOILTD1,1/23/2018 15:00,1/23/2018 15:00,13.66666667
UCM,H,194,SOILTD1,1/23/2018 16:00,1/23/2018 16:00,14
UCM,H,194,SOILTD1,1/23/2018 17:00,1/23/2018 17:00,14
UCM,H,194,SOILTD1,1/23/2018 18:00,1/23/2018 18:00,13.83333333
UCM,H,194,SOILTD1,1/23/2018 19:00,1/23/2018 19:00,13.55555556
UCM,H,194,SOILTD1,1/23/2018 20:00,1/23/2018 20:00,13.16666667
UCM,H,194,SOILTD1,1/23/2018 21:00,1/23/2018 21:00,12.83333333
UCM,H,194,SOILTD1,1/23/2018 22:00,1/23/2018 22:00,12.5
UCM,H,194,SOILTD1,1/23/2018 23:00,1/23/2018 23:00,12.22222222
UCM,H,194,SOILTD1,1/24/2018 0:00,1/24/2018 0:00,12
UCM,H,194,SOILTD1,1/24/2018 1:00,1/24/2018 1:00,11.72222222
UCM,H,194,SOILTD1,1/24/2018 2:00,1/24/2018 2:00,11.5
UCM,H,194,SOILTD1,1/24/2018 3:00,1/24/2018 3:00,11.27777778
UCM,H,194,SOILTD1,1/24/2018 4:00,1/24/2018 4:00,11.11111111
UCM,H,194,SOILTD1,1/24/2018 5:00,1/24/2018 5:00,10.88888889
UCM,H,194,SOILTD1,1/24/2018 6:00,1/24/2018 6:00,10.72222222
UCM,H,194,SOILTD1,1/24/2018 7:00,1/24/2018 7:00,10.55555556
UCM,H,194,SOILTD1,1/24/2018 8:00,1/24/2018 8:00,10.44444444
UCM,H,194,SOILTD1,1/24/2018 9:00,1/24/2018 9:00,10.27777778
UCM,H,194,SOILTD1,1/24/2018 10:00,1/24/2018 10:00,10.38888889
UCM,H,194,SOILTD1,1/24/2018 11:00,1/24/2018 11:00,10.61111111
UCM,H,194,SOILTD1,1/24/2018 12:00,1/24/2018 12:00,11
UCM,H,194,SOILTD1,1/24/2018 13:00,1/24/2018 13:00,11.5
UCM,H,194,SOILTD1,1/24/2018 14:00,1/24/2018 14:00,11.94444444
UCM,H,194,SOILTD1,1/24/2018 15:00,1/24/2018 15:00,12.27777778
UCM,H,194,SOILTD1,1/24/2018 16:00,1/24/2018 16:00,12.61111111
UCM,H,194,SOILTD1,1/24/2018 17:00,1/24/2018 17:00,12.77777778
UCM,H,194,SOILTD1,1/24/2018 18:00,1/24/2018 18:00,12.77777778
UCM,H,194,SOILTD1,1/24/2018 19:00,1/24/2018 19:00,12.66666667
UCM,H,194,SOILTD1,1/24/2018 20:00,1/24/2018 20:00,12.5
UCM,H,194,SOILTD1,1/24/2018 21:00,1/24/2018 21:00,12.33333333
UCM,H,194,SOILTD1,1/24/2018 22:00,1/24/2018 22:00,12.22222222
UCM,H,194,SOILTD1,1/24/2018 23:00,1/24/2018 23:00,12.16666667
UCM,H,194,SOILTD1,1/25/2018 0:00,1/25/2018 0:00,12.11111111
UCM,H,194,SOILTD1,1/25/2018 1:00,1/25/2018 1:00,12
UCM,H,194,SOILTD1,1/25/2018 2:00,1/25/2018 2:00,12
UCM,H,194,SOILTD1,1/25/2018 3:00,1/25/2018 3:00,11.94444444
UCM,H,194,SOILTD1,1/25/2018 4:00,1/25/2018 4:00,11.88888889
UCM,H,194,SOILTD1,1/25/2018 5:00,1/25/2018 5:00,11.83333333
UCM,H,194,SOILTD1,1/25/2018 6:00,1/25/2018 6:00,11.72222222
UCM,H,194,SOILTD1,1/25/2018 7:00,1/25/2018 7:00,11.5
UCM,H,194,SOILTD1,1/25/2018 8:00,1/25/2018 8:00,11.27777778
UCM,H,194,SOILTD1,1/25/2018 9:00,1/25/2018 9:00,11.05555556
UCM,H,194,SOILTD1,1/25/2018 10:00,1/25/2018 10:00,11
UCM,H,194,SOILTD1,1/25/2018 11:00,1/25/2018 11:00,11.22222222
UCM,H,194,SOILTD1,1/25/2018 12:00,1/25/2018 12:00,11.77777778
UCM,H,194,SOILTD1,1/25/2018 13:00,1/25/2018 13:00,12.55555556
UCM,H,194,SOILTD1,1/25/2018 14:00,1/25/2018 14:00,13.27777778
UCM,H,194,SOILTD1,1/25/2018 15:00,1/25/2018 15:00,13.94444444
UCM,H,194,SOILTD1,1/25/2018 16:00,1/25/2018 16:00,14.22222222
UCM,H,194,SOILTD1,1/25/2018 17:00,1/25/2018 17:00,14.27777778
UCM,H,194,SOILTD1,1/25/2018 18:00,1/25/2018 18:00,14.11111111
UCM,H,194,SOILTD1,1/25/2018 19:00,1/25/2018 19:00,13.83333333
UCM,H,194,SOILTD1,1/25/2018 20:00,1/25/2018 20:00,13.44444444
UCM,H,194,SOILTD1,1/25/2018 21:00,1/25/2018 21:00,13.05555556
UCM,H,194,SOILTD1,1/25/2018 22:00,1/25/2018 22:00,12.72222222
UCM,H,194,SOILTD1,1/25/2018 23:00,1/25/2018 23:00,12.33333333
UCM,H,194,SOILTD1,1/26/2018 0:00,1/26/2018 0:00,12
UCM,H,194,SOILTD1,1/26/2018 1:00,1/26/2018 1:00,11.72222222
UCM,H,194,SOILTD1,1/26/2018 2:00,1/26/2018 2:00,11.38888889
UCM,H,194,SOILTD1,1/26/2018 3:00,1/26/2018 3:00,11.16666667
UCM,H,194,SOILTD1,1/26/2018 4:00,1/26/2018 4:00,10.94444444
UCM,H,194,SOILTD1,1/26/2018 5:00,1/26/2018 5:00,10.77777778
UCM,H,194,SOILTD1,1/26/2018 6:00,1/26/2018 6:00,10.55555556
UCM,H,194,SOILTD1,1/26/2018 7:00,1/26/2018 7:00,10.38888889
UCM,H,194,SOILTD1,1/26/2018 8:00,1/26/2018 8:00,10.22222222
UCM,H,194,SOILTD1,1/26/2018 9:00,1/26/2018 9:00,10
UCM,H,194,SOILTD1,1/26/2018 10:00,1/26/2018 10:00,10
UCM,H,194,SOILTD1,1/26/2018 11:00,1/26/2018 11:00,10.33333333
UCM,H,194,SOILTD1,1/26/2018 12:00,1/26/2018 12:00,11
UCM,H,194,SOILTD1,1/26/2018 13:00,1/26/2018 13:00,11.83333333
UCM,H,194,SOILTD1,1/26/2018 14:00,1/26/2018 14:00,12.72222222
UCM,H,194,SOILTD1,1/26/2018 15:00,1/26/2018 15:00,13.22222222
UCM,H,194,SOILTD1,1/26/2018 16:00,1/26/2018 16:00,13.44444444
UCM,H,194,SOILTD1,1/26/2018 17:00,1/26/2018 17:00,13.44444444
UCM,H,194,SOILTD1,1/26/2018 18:00,1/26/2018 18:00,13.27777778
UCM,H,194,SOILTD1,1/26/2018 19:00,1/26/2018 19:00,13
UCM,H,194,SOILTD1,1/26/2018 20:00,1/26/2018 20:00,12.72222222
UCM,H,194,SOILTD1,1/26/2018 21:00,1/26/2018 21:00,12.33333333
UCM,H,194,SOILTD1,1/26/2018 22:00,1/26/2018 22:00,12
UCM,H,194,SOILTD1,1/26/2018 23:00,1/26/2018 23:00,11.72222222
UCM,H,194,SOILTD1,1/27/2018 0:00,1/27/2018 0:00,11.44444444
UCM,H,194,SOILTD1,1/27/2018 1:00,1/27/2018 1:00,11.16666667
UCM,H,194,SOILTD1,1/27/2018 2:00,1/27/2018 2:00,10.94444444
UCM,H,194,SOILTD1,1/27/2018 3:00,1/27/2018 3:00,10.77777778
UCM,H,194,SOILTD1,1/27/2018 4:00,1/27/2018 4:00,10.72222222
UCM,H,194,SOILTD1,1/27/2018 5:00,1/27/2018 5:00,10.61111111
UCM,H,194,SOILTD1,1/27/2018 6:00,1/27/2018 6:00,10.44444444
UCM,H,194,SOILTD1,1/27/2018 7:00,1/27/2018 7:00,10.27777778
UCM,H,194,SOILTD1,1/27/2018 8:00,1/27/2018 8:00,10.11111111
UCM,H,194,SOILTD1,1/27/2018 9:00,1/27/2018 9:00,9.944444444
UCM,H,194,SOILTD1,1/27/2018 10:00,1/27/2018 10:00,9.944444444
UCM,H,194,SOILTD1,1/27/2018 11:00,1/27/2018 11:00,10.22222222
UCM,H,194,SOILTD1,1/27/2018 12:00,1/27/2018 12:00,10.83333333
UCM,H,194,SOILTD1,1/27/2018 13:00,1/27/2018 13:00,11.66666667
UCM,H,194,SOILTD1,1/27/2018 14:00,1/27/2018 14:00,12.5
UCM,H,194,SOILTD1,1/27/2018 15:00,1/27/2018 15:00,13.05555556
UCM,H,194,SOILTD1,1/27/2018 16:00,1/27/2018 16:00,13.38888889
UCM,H,194,SOILTD1,1/27/2018 17:00,1/27/2018 17:00,13.38888889
UCM,H,194,SOILTD1,1/27/2018 18:00,1/27/2018 18:00,13.27777778
UCM,H,194,SOILTD1,1/27/2018 19:00,1/27/2018 19:00,13
UCM,H,194,SOILTD1,1/27/2018 20:00,1/27/2018 20:00,12.72222222
UCM,H,194,SOILTD1,1/27/2018 21:00,1/27/2018 21:00,12.38888889
UCM,H,194,SOILTD1,1/27/2018 22:00,1/27/2018 22:00,12.05555556
UCM,H,194,SOILTD1,1/27/2018 23:00,1/27/2018 23:00,11.77777778
UCM,H,194,SOILTD1,1/28/2018 0:00,1/28/2018 0:00,11.5
UCM,H,194,SOILTD1,1/28/2018 1:00,1/28/2018 1:00,11.27777778
UCM,H,194,SOILTD1,1/28/2018 2:00,1/28/2018 2:00,11.05555556
UCM,H,194,SOILTD1,1/28/2018 3:00,1/28/2018 3:00,10.77777778
UCM,H,194,SOILTD1,1/28/2018 4:00,1/28/2018 4:00,10.61111111
UCM,H,194,SOILTD1,1/28/2018 5:00,1/28/2018 5:00,10.38888889
UCM,H,194,SOILTD1,1/28/2018 6:00,1/28/2018 6:00,10.22222222
UCM,H,194,SOILTD1,1/28/2018 7:00,1/28/2018 7:00,10.05555556
UCM,H,194,SOILTD1,1/28/2018 8:00,1/28/2018 8:00,9.833333333
UCM,H,194,SOILTD1,1/28/2018 9:00,1/28/2018 9:00,9.722222222
UCM,H,194,SOILTD1,1/28/2018 10:00,1/28/2018 10:00,9.722222222
UCM,H,194,SOILTD1,1/28/2018 11:00,1/28/2018 11:00,10.05555556
UCM,H,194,SOILTD1,1/28/2018 12:00,1/28/2018 12:00,10.61111111
UCM,H,194,SOILTD1,1/28/2018 13:00,1/28/2018 13:00,11.38888889
UCM,H,194,SOILTD1,1/28/2018 14:00,1/28/2018 14:00,12.22222222
UCM,H,194,SOILTD1,1/28/2018 15:00,1/28/2018 15:00,12.83333333
UCM,H,194,SOILTD1,1/28/2018 16:00,1/28/2018 16:00,13.16666667
UCM,H,194,SOILTD1,1/28/2018 17:00,1/28/2018 17:00,13.22222222
UCM,H,194,SOILTD1,1/28/2018 18:00,1/28/2018 18:00,13.11111111
UCM,H,194,SOILTD1,1/28/2018 19:00,1/28/2018 19:00,12.88888889
UCM,H,194,SOILTD1,1/28/2018 20:00,1/28/2018 20:00,12.55555556
UCM,H,194,SOILTD1,1/28/2018 21:00,1/28/2018 21:00,12.27777778
UCM,H,194,SOILTD1,1/28/2018 22:00,1/28/2018 22:00,12
UCM,H,194,SOILTD1,1/28/2018 23:00,1/28/2018 23:00,11.77777778
UCM,H,194,SOILTD1,1/29/2018 0:00,1/29/2018 0:00,11.55555556
UCM,H,194,SOILTD1,1/29/2018 1:00,1/29/2018 1:00,11.27777778
UCM,H,194,SOILTD1,1/29/2018 2:00,1/29/2018 2:00,11.16666667
UCM,H,194,SOILTD1,1/29/2018 3:00,1/29/2018 3:00,10.94444444
UCM,H,194,SOILTD1,1/29/2018 4:00,1/29/2018 4:00,10.77777778
UCM,H,194,SOILTD1,1/29/2018 5:00,1/29/2018 5:00,10.66666667
UCM,H,194,SOILTD1,1/29/2018 6:00,1/29/2018 6:00,10.5
UCM,H,194,SOILTD1,1/29/2018 7:00,1/29/2018 7:00,10.38888889
UCM,H,194,SOILTD1,1/29/2018 8:00,1/29/2018 8:00,10.22222222
UCM,H,194,SOILTD1,1/29/2018 9:00,1/29/2018 9:00,10.11111111
UCM,H,194,SOILTD1,1/29/2018 10:00,1/29/2018 10:00,10.16666667
UCM,H,194,SOILTD1,1/29/2018 11:00,1/29/2018 11:00,10.44444444
UCM,H,194,SOILTD1,1/29/2018 12:00,1/29/2018 12:00,11
UCM,H,194,SOILTD1,1/29/2018 13:00,1/29/2018 13:00,11.61111111
UCM,H,194,SOILTD1,1/29/2018 14:00,1/29/2018 14:00,12.22222222
UCM,H,194,SOILTD1,1/29/2018 15:00,1/29/2018 15:00,12.66666667
UCM,H,194,SOILTD1,1/29/2018 16:00,1/29/2018 16:00,13
UCM,H,194,SOILTD1,1/29/2018 17:00,1/29/2018 17:00,13.16666667
UCM,H,194,SOILTD1,1/29/2018 18:00,1/29/2018 18:00,13.16666667
UCM,H,194,SOILTD1,1/29/2018 19:00,1/29/2018 19:00,13
UCM,H,194,SOILTD1,1/29/2018 20:00,1/29/2018 20:00,12.77777778
UCM,H,194,SOILTD1,1/29/2018 21:00,1/29/2018 21:00,12.55555556
UCM,H,194,SOILTD1,1/29/2018 22:00,1/29/2018 22:00,12.27777778
UCM,H,194,SOILTD1,1/29/2018 23:00,1/29/2018 23:00,12.05555556
UCM,H,194,SOILTD1,1/30/2018 0:00,1/30/2018 0:00,11.83333333
UCM,H,194,SOILTD1,1/30/2018 1:00,1/30/2018 1:00,11.61111111
UCM,H,194,SOILTD1,1/30/2018 2:00,1/30/2018 2:00,11.44444444
UCM,H,194,SOILTD1,1/30/2018 3:00,1/30/2018 3:00,11.27777778
UCM,H,194,SOILTD1,1/30/2018 4:00,1/30/2018 4:00,11.16666667
UCM,H,194,SOILTD1,1/30/2018 5:00,1/30/2018 5:00,10.94444444
UCM,H,194,SOILTD1,1/30/2018 6:00,1/30/2018 6:00,10.83333333
UCM,H,194,SOILTD1,1/30/2018 7:00,1/30/2018 7:00,10.77777778
UCM,H,194,SOILTD1,1/30/2018 8:00,1/30/2018 8:00,10.77777778
UCM,H,194,SOILTD1,1/30/2018 9:00,1/30/2018 9:00,10.72222222
UCM,H,194,SOILTD1,1/30/2018 10:00,1/30/2018 10:00,10.72222222
UCM,H,194,SOILTD1,1/30/2018 11:00,1/30/2018 11:00,11.05555556
UCM,H,194,SOILTD1,1/30/2018 12:00,1/30/2018 12:00,11.66666667
UCM,H,194,SOILTD1,1/30/2018 13:00,1/30/2018 13:00,12.5
UCM,H,194,SOILTD1,1/30/2018 14:00,1/30/2018 14:00,13.27777778
UCM,H,194,SOILTD1,1/30/2018 15:00,1/30/2018 15:00,13.94444444
UCM,H,194,SOILTD1,1/30/2018 16:00,1/30/2018 16:00,14.22222222
UCM,H,194,SOILTD1,1/30/2018 17:00,1/30/2018 17:00,14.27777778
UCM,H,194,SOILTD1,1/30/2018 18:00,1/30/2018 18:00,14.16666667
UCM,H,194,SOILTD1,1/30/2018 19:00,1/30/2018 19:00,13.88888889
UCM,H,194,SOILTD1,1/30/2018 20:00,1/30/2018 20:00,13.55555556
UCM,H,194,SOILTD1,1/30/2018 21:00,1/30/2018 21:00,13.16666667
UCM,H,194,SOILTD1,1/30/2018 22:00,1/30/2018 22:00,12.83333333
UCM,H,194,SOILTD1,1/30/2018 23:00,1/30/2018 23:00,12.5
UCM,H,194,SOILTD1,1/31/2018 0:00,1/31/2018 0:00,12.27777778
UCM,H,194,SOILTD1,1/31/2018 1:00,1/31/2018 1:00,12
UCM,H,194,SOILTD1,1/31/2018 2:00,1/31/2018 2:00,11.77777778
UCM,H,194,SOILTD1,1/31/2018 3:00,1/31/2018 3:00,11.61111111
UCM,H,194,SOILTD1,1/31/2018 4:00,1/31/2018 4:00,11.38888889
UCM,H,194,SOILTD1,1/31/2018 5:00,1/31/2018 5:00,11.22222222
UCM,H,194,SOILTD1,1/31/2018 6:00,1/31/2018 6:00,11.05555556
UCM,H,194,SOILTD1,1/31/2018 7:00,1/31/2018 7:00,10.88888889
UCM,H,194,SOILTD1,1/31/2018 8:00,1/31/2018 8:00,10.77777778
UCM,H,194,SOILTD1,1/31/2018 9:00,1/31/2018 9:00,10.72222222
UCM,H,194,SOILTD1,1/31/2018 10:00,1/31/2018 10:00,10.77777778
UCM,H,194,SOILTD1,1/31/2018 11:00,1/31/2018 11:00,11
UCM,H,194,SOILTD1,1/31/2018 12:00,1/31/2018 12:00,11.33333333
UCM,H,194,SOILTD1,1/31/2018 13:00,1/31/2018 13:00,11.88888889
UCM,H,194,SOILTD1,1/31/2018 14:00,1/31/2018 14:00,12.72222222
UCM,H,194,SOILTD1,1/31/2018 15:00,1/31/2018 15:00,13.33333333
UCM,H,194,SOILTD1,1/31/2018 16:00,1/31/2018 16:00,13.77777778
UCM,H,194,SOILTD1,1/31/2018 17:00,1/31/2018 17:00,14
UCM,H,194,SOILTD1,1/31/2018 18:00,1/31/2018 18:00,13.94444444
UCM,H,194,SOILTD1,1/31/2018 19:00,1/31/2018 19:00,13.72222222
UCM,H,194,SOILTD1,1/31/2018 20:00,1/31/2018 20:00,13.44444444
UCM,H,194,SOILTD1,1/31/2018 21:00,1/31/2018 21:00,13.11111111
UCM,H,194,SOILTD1,1/31/2018 22:00,1/31/2018 22:00,12.83333333
UCM,H,194,SOILTD1,1/31/2018 23:00,1/31/2018 23:00,12.61111111
UCM,H,194,SOILTD1,2/1/2018 0:00,2/1/2018 0:00,12.33333333
UCM,H,194,SOILTD1,2/1/2018 1:00,2/1/2018 1:00,12.16666667
UCM,H,194,SOILTD1,2/1/2018 2:00,2/1/2018 2:00,11.94444444
UCM,H,194,SOILTD1,2/1/2018 3:00,2/1/2018 3:00,11.77777778
UCM,H,194,SOILTD1,2/1/2018 4:00,2/1/2018 4:00,11.66666667
UCM,H,194,SOILTD1,2/1/2018 5:00,2/1/2018 5:00,11.44444444
UCM,H,194,SOILTD1,2/1/2018 6:00,2/1/2018 6:00,11.33333333
UCM,H,194,SOILTD1,2/1/2018 7:00,2/1/2018 7:00,11.27777778
UCM,H,194,SOILTD1,2/1/2018 8:00,2/1/2018 8:00,11.22222222
UCM,H,194,SOILTD1,2/1/2018 9:00,2/1/2018 9:00,11.22222222
UCM,H,194,SOILTD1,2/1/2018 10:00,2/1/2018 10:00,11.22222222
UCM,H,194,SOILTD1,2/1/2018 11:00,2/1/2018 11:00,11.44444444
UCM,H,194,SOILTD1,2/1/2018 12:00,2/1/2018 12:00,12
UCM,H,194,SOILTD1,2/1/2018 13:00,2/1/2018 13:00,12.55555556
UCM,H,194,SOILTD1,2/1/2018 14:00,2/1/2018 14:00,13.22222222
UCM,H,194,SOILTD1,2/1/2018 15:00,2/1/2018 15:00,13.77777778
UCM,H,194,SOILTD1,2/1/2018 16:00,2/1/2018 16:00,14.11111111
UCM,H,194,SOILTD1,2/1/2018 17:00,2/1/2018 17:00,14.27777778
UCM,H,194,SOILTD1,2/1/2018 18:00,2/1/2018 18:00,14.22222222
UCM,H,194,SOILTD1,2/1/2018 19:00,2/1/2018 19:00,14.05555556
UCM,H,194,SOILTD1,2/1/2018 20:00,2/1/2018 20:00,13.77777778
UCM,H,194,SOILTD1,2/1/2018 21:00,2/1/2018 21:00,13.5
UCM,H,194,SOILTD1,2/1/2018 22:00,2/1/2018 22:00,13.16666667
UCM,H,194,SOILTD1,2/1/2018 23:00,2/1/2018 23:00,12.94444444
UCM,H,194,SOILTD1,2/2/2018 0:00,2/2/2018 0:00,12.72222222
UCM,H,194,SOILTD1,2/2/2018 1:00,2/2/2018 1:00,12.5
UCM,H,194,SOILTD1,2/2/2018 2:00,2/2/2018 2:00,12.27777778
UCM,H,194,SOILTD1,2/2/2018 3:00,2/2/2018 3:00,12.16666667
UCM,H,194,SOILTD1,2/2/2018 4:00,2/2/2018 4:00,12
UCM,H,194,SOILTD1,2/2/2018 5:00,2/2/2018 5:00,11.88888889
UCM,H,194,SOILTD1,2/2/2018 6:00,2/2/2018 6:00,11.77777778
UCM,H,194,SOILTD1,2/2/2018 7:00,2/2/2018 7:00,11.66666667
UCM,H,194,SOILTD1,2/2/2018 8:00,2/2/2018 8:00,11.5
UCM,H,194,SOILTD1,2/2/2018 9:00,2/2/2018 9:00,11.44444444
UCM,H,194,SOILTD1,2/2/2018 10:00,2/2/2018 10:00,11.5
UCM,H,194,SOILTD1,2/2/2018 11:00,2/2/2018 11:00,11.77777778
UCM,H,194,SOILTD1,2/2/2018 12:00,2/2/2018 12:00,12.33333333
UCM,H,194,SOILTD1,2/2/2018 13:00,2/2/2018 13:00,13.11111111
UCM,H,194,SOILTD1,2/2/2018 14:00,2/2/2018 14:00,13.77777778
UCM,H,194,SOILTD1,2/2/2018 15:00,2/2/2018 15:00,14.33333333
UCM,H,194,SOILTD1,2/2/2018 16:00,2/2/2018 16:00,14.66666667
UCM,H,194,SOILTD1,2/2/2018 17:00,2/2/2018 17:00,14.72222222
UCM,H,194,SOILTD1,2/2/2018 18:00,2/2/2018 18:00,14.66666667
UCM,H,194,SOILTD1,2/2/2018 19:00,2/2/2018 19:00,14.5
UCM,H,194,SOILTD1,2/2/2018 20:00,2/2/2018 20:00,14.22222222
UCM,H,194,SOILTD1,2/2/2018 21:00,2/2/2018 21:00,13.94444444
UCM,H,194,SOILTD1,2/2/2018 22:00,2/2/2018 22:00,13.61111111
UCM,H,194,SOILTD1,2/2/2018 23:00,2/2/2018 23:00,13.33333333
UCM,H,194,SOILTD1,2/3/2018 0:00,2/3/2018 0:00,13.11111111
UCM,H,194,SOILTD1,2/3/2018 1:00,2/3/2018 1:00,12.83333333
UCM,H,194,SOILTD1,2/3/2018 2:00,2/3/2018 2:00,12.66666667
UCM,H,194,SOILTD1,2/3/2018 3:00,2/3/2018 3:00,12.5
UCM,H,194,SOILTD1,2/3/2018 4:00,2/3/2018 4:00,12.27777778
UCM,H,194,SOILTD1,2/3/2018 5:00,2/3/2018 5:00,12.16666667
UCM,H,194,SOILTD1,2/3/2018 6:00,2/3/2018 6:00,12
UCM,H,194,SOILTD1,2/3/2018 7:00,2/3/2018 7:00,11.88888889
UCM,H,194,SOILTD1,2/3/2018 8:00,2/3/2018 8:00,11.72222222
UCM,H,194,SOILTD1,2/3/2018 9:00,2/3/2018 9:00,11.61111111
UCM,H,194,SOILTD1,2/3/2018 10:00,2/3/2018 10:00,11.61111111
UCM,H,194,SOILTD1,2/3/2018 11:00,2/3/2018 11:00,11.94444444
UCM,H,194,SOILTD1,2/3/2018 12:00,2/3/2018 12:00,12.5
UCM,H,194,SOILTD1,2/3/2018 13:00,2/3/2018 13:00,13.22222222
UCM,H,194,SOILTD1,2/3/2018 14:00,2/3/2018 14:00,14
UCM,H,194,SOILTD1,2/3/2018 15:00,2/3/2018 15:00,14.66666667
UCM,H,194,SOILTD1,2/3/2018 16:00,2/3/2018 16:00,15
UCM,H,194,SOILTD1,2/3/2018 17:00,2/3/2018 17:00,15.11111111
UCM,H,194,SOILTD1,2/3/2018 18:00,2/3/2018 18:00,15.05555556
UCM,H,194,SOILTD1,2/3/2018 19:00,2/3/2018 19:00,14.88888889
UCM,H,194,SOILTD1,2/3/2018 20:00,2/3/2018 20:00,14.55555556
UCM,H,194,SOILTD1,2/3/2018 21:00,2/3/2018 21:00,14.22222222
UCM,H,194,SOILTD1,2/3/2018 22:00,2/3/2018 22:00,14
UCM,H,194,SOILTD1,2/3/2018 23:00,2/3/2018 23:00,13.66666667
UCM,H,194,SOILTD1,2/4/2018 0:00,2/4/2018 0:00,13.44444444
UCM,H,194,SOILTD1,2/4/2018 1:00,2/4/2018 1:00,13.22222222
UCM,H,194,SOILTD1,2/4/2018 2:00,2/4/2018 2:00,13
UCM,H,194,SOILTD1,2/4/2018 3:00,2/4/2018 3:00,12.77777778
UCM,H,194,SOILTD1,2/4/2018 4:00,2/4/2018 4:00,12.66666667
UCM,H,194,SOILTD1,2/4/2018 5:00,2/4/2018 5:00,12.44444444
UCM,H,194,SOILTD1,2/4/2018 6:00,2/4/2018 6:00,12.27777778
UCM,H,194,SOILTD1,2/4/2018 7:00,2/4/2018 7:00,12.16666667
UCM,H,194,SOILTD1,2/4/2018 8:00,2/4/2018 8:00,12
UCM,H,194,SOILTD1,2/4/2018 9:00,2/4/2018 9:00,11.88888889
UCM,H,194,SOILTD1,2/4/2018 10:00,2/4/2018 10:00,12
UCM,H,194,SOILTD1,2/4/2018 11:00,2/4/2018 11:00,12.22222222
UCM,H,194,SOILTD1,2/4/2018 12:00,2/4/2018 12:00,12.83333333
UCM,H,194,SOILTD1,2/4/2018 13:00,2/4/2018 13:00,13.66666667
UCM,H,194,SOILTD1,2/4/2018 14:00,2/4/2018 14:00,14.5
UCM,H,194,SOILTD1,2/4/2018 15:00,2/4/2018 15:00,15
UCM,H,194,SOILTD1,2/4/2018 16:00,2/4/2018 16:00,15.22222222
UCM,H,194,SOILTD1,2/4/2018 17:00,2/4/2018 17:00,15.27777778
UCM,H,194,SOILTD1,2/4/2018 18:00,2/4/2018 18:00,15.22222222
UCM,H,194,SOILTD1,2/4/2018 19:00,2/4/2018 19:00,15
UCM,H,194,SOILTD1,2/4/2018 20:00,2/4/2018 20:00,14.72222222
UCM,H,194,SOILTD1,2/4/2018 21:00,2/4/2018 21:00,14.38888889
UCM,H,194,SOILTD1,2/4/2018 22:00,2/4/2018 22:00,14.11111111
UCM,H,194,SOILTD1,2/4/2018 23:00,2/4/2018 23:00,13.83333333
UCM,H,194,SOILTD1,2/5/2018 0:00,2/5/2018 0:00,13.55555556
UCM,H,194,SOILTD1,2/5/2018 1:00,2/5/2018 1:00,13.27777778
UCM,H,194,SOILTD1,2/5/2018 2:00,2/5/2018 2:00,13.11111111
UCM,H,194,SOILTD1,2/5/2018 3:00,2/5/2018 3:00,12.88888889
UCM,H,194,SOILTD1,2/5/2018 4:00,2/5/2018 4:00,12.72222222
UCM,H,194,SOILTD1,2/5/2018 5:00,2/5/2018 5:00,12.55555556
UCM,H,194,SOILTD1,2/5/2018 6:00,2/5/2018 6:00,12.38888889
UCM,H,194,SOILTD1,2/5/2018 7:00,2/5/2018 7:00,12.27777778
UCM,H,194,SOILTD1,2/5/2018 8:00,2/5/2018 8:00,12.16666667
UCM,H,194,SOILTD1,2/5/2018 9:00,2/5/2018 9:00,12
UCM,H,194,SOILTD1,2/5/2018 10:00,2/5/2018 10:00,12.05555556
UCM,H,194,SOILTD1,2/5/2018 11:00,2/5/2018 11:00,12.33333333
UCM,H,194,SOILTD1,2/5/2018 12:00,2/5/2018 12:00,12.94444444
UCM,H,194,SOILTD1,2/5/2018 13:00,2/5/2018 13:00,13.77777778
UCM,H,194,SOILTD1,2/5/2018 14:00,2/5/2018 14:00,14.5
UCM,H,194,SOILTD1,2/5/2018 15:00,2/5/2018 15:00,15.05555556
UCM,H,194,SOILTD1,2/5/2018 16:00,2/5/2018 16:00,15.27777778
UCM,H,194,SOILTD1,2/5/2018 17:00,2/5/2018 17:00,15.38888889
UCM,H,194,SOILTD1,2/5/2018 18:00,2/5/2018 18:00,15.27777778
UCM,H,194,SOILTD1,2/5/2018 19:00,2/5/2018 19:00,15.11111111
UCM,H,194,SOILTD1,2/5/2018 20:00,2/5/2018 20:00,14.88888889
UCM,H,194,SOILTD1,2/5/2018 21:00,2/5/2018 21:00,14.61111111
UCM,H,194,SOILTD1,2/5/2018 22:00,2/5/2018 22:00,14.33333333
UCM,H,194,SOILTD1,2/5/2018 23:00,2/5/2018 23:00,14.05555556
UCM,H,194,SOILTD1,2/6/2018 0:00,2/6/2018 0:00,13.77777778
UCM,H,194,SOILTD1,2/6/2018 1:00,2/6/2018 1:00,13.55555556
UCM,H,194,SOILTD1,2/6/2018 2:00,2/6/2018 2:00,13.33333333
UCM,H,194,SOILTD1,2/6/2018 3:00,2/6/2018 3:00,13.16666667
UCM,H,194,SOILTD1,2/6/2018 4:00,2/6/2018 4:00,13
UCM,H,194,SOILTD1,2/6/2018 5:00,2/6/2018 5:00,12.77777778
UCM,H,194,SOILTD1,2/6/2018 6:00,2/6/2018 6:00,12.66666667
UCM,H,194,SOILTD1,2/6/2018 7:00,2/6/2018 7:00,12.5
UCM,H,194,SOILTD1,2/6/2018 8:00,2/6/2018 8:00,12.38888889
UCM,H,194,SOILTD1,2/6/2018 9:00,2/6/2018 9:00,12.27777778
UCM,H,194,SOILTD1,2/6/2018 10:00,2/6/2018 10:00,12.33333333
UCM,H,194,SOILTD1,2/6/2018 11:00,2/6/2018 11:00,12.66666667
UCM,H,194,SOILTD1,2/6/2018 12:00,2/6/2018 12:00,13.22222222
UCM,H,194,SOILTD1,2/6/2018 13:00,2/6/2018 13:00,14
UCM,H,194,SOILTD1,2/6/2018 14:00,2/6/2018 14:00,14.66666667
UCM,H,194,SOILTD1,2/6/2018 15:00,2/6/2018 15:00,15.22222222
UCM,H,194,SOILTD1,2/6/2018 16:00,2/6/2018 16:00,15.5
UCM,H,194,SOILTD1,2/6/2018 17:00,2/6/2018 17:00,15.55555556
UCM,H,194,SOILTD1,2/6/2018 18:00,2/6/2018 18:00,15.44444444
UCM,H,194,SOILTD1,2/6/2018 19:00,2/6/2018 19:00,15.22222222
UCM,H,194,SOILTD1,2/6/2018 20:00,2/6/2018 20:00,14.94444444
UCM,H,194,SOILTD1,2/6/2018 21:00,2/6/2018 21:00,14.66666667
UCM,H,194,SOILTD1,2/6/2018 22:00,2/6/2018 22:00,14.38888889
UCM,H,194,SOILTD1,2/6/2018 23:00,2/6/2018 23:00,14.11111111
UCM,H,194,SOILTD1,2/7/2018 0:00,2/7/2018 0:00,13.88888889
UCM,H,194,SOILTD1,2/7/2018 1:00,2/7/2018 1:00,13.66666667
UCM,H,194,SOILTD1,2/7/2018 2:00,2/7/2018 2:00,13.44444444
UCM,H,194,SOILTD1,2/7/2018 3:00,2/7/2018 3:00,13.22222222
UCM,H,194,SOILTD1,2/7/2018 4:00,2/7/2018 4:00,13.05555556
UCM,H,194,SOILTD1,2/7/2018 5:00,2/7/2018 5:00,12.83333333
UCM,H,194,SOILTD1,2/7/2018 6:00,2/7/2018 6:00,12.72222222
UCM,H,194,SOILTD1,2/7/2018 7:00,2/7/2018 7:00,12.55555556
UCM,H,194,SOILTD1,2/7/2018 8:00,2/7/2018 8:00,12.38888889
UCM,H,194,SOILTD1,2/7/2018 9:00,2/7/2018 9:00,12.27777778
UCM,H,194,SOILTD1,2/7/2018 10:00,2/7/2018 10:00,12.33333333
UCM,H,194,SOILTD1,2/7/2018 11:00,2/7/2018 11:00,12.66666667
UCM,H,194,SOILTD1,2/7/2018 12:00,2/7/2018 12:00,13.27777778
UCM,H,194,SOILTD1,2/7/2018 13:00,2/7/2018 13:00,14.05555556
UCM,H,194,SOILTD1,2/7/2018 14:00,2/7/2018 14:00,14.83333333
UCM,H,194,SOILTD1,2/7/2018 15:00,2/7/2018 15:00,15.44444444
UCM,H,194,SOILTD1,2/7/2018 16:00,2/7/2018 16:00,15.77777778
UCM,H,194,SOILTD1,2/7/2018 17:00,2/7/2018 17:00,15.77777778
UCM,H,194,SOILTD1,2/7/2018 18:00,2/7/2018 18:00,15.77777778
UCM,H,194,SOILTD1,2/7/2018 19:00,2/7/2018 19:00,15.61111111
UCM,H,194,SOILTD1,2/7/2018 20:00,2/7/2018 20:00,15.27777778
UCM,H,194,SOILTD1,2/7/2018 21:00,2/7/2018 21:00,15
UCM,H,194,SOILTD1,2/7/2018 22:00,2/7/2018 22:00,14.72222222
UCM,H,194,SOILTD1,2/7/2018 23:00,2/7/2018 23:00,14.44444444
UCM,H,194,SOILTD1,2/8/2018 0:00,2/8/2018 0:00,14.22222222
UCM,H,194,SOILTD1,2/8/2018 1:00,2/8/2018 1:00,13.94444444
UCM,H,194,SOILTD1,2/8/2018 2:00,2/8/2018 2:00,13.66666667
UCM,H,194,SOILTD1,2/8/2018 3:00,2/8/2018 3:00,13.44444444
UCM,H,194,SOILTD1,2/8/2018 4:00,2/8/2018 4:00,13.22222222
UCM,H,194,SOILTD1,2/8/2018 5:00,2/8/2018 5:00,13
UCM,H,194,SOILTD1,2/8/2018 6:00,2/8/2018 6:00,12.83333333
UCM,H,194,SOILTD1,2/8/2018 7:00,2/8/2018 7:00,12.66666667
UCM,H,194,SOILTD1,2/8/2018 8:00,2/8/2018 8:00,12.44444444
UCM,H,194,SOILTD1,2/8/2018 9:00,2/8/2018 9:00,12.33333333
UCM,H,194,SOILTD1,2/8/2018 10:00,2/8/2018 10:00,12.33333333
UCM,H,194,SOILTD1,2/8/2018 11:00,2/8/2018 11:00,12.66666667
UCM,H,194,SOILTD1,2/8/2018 12:00,2/8/2018 12:00,13.22222222
UCM,H,194,SOILTD1,2/8/2018 13:00,2/8/2018 13:00,14
UCM,H,194,SOILTD1,2/8/2018 14:00,2/8/2018 14:00,14.77777778
UCM,H,194,SOILTD1,2/8/2018 15:00,2/8/2018 15:00,15.33333333
UCM,H,194,SOILTD1,2/8/2018 16:00,2/8/2018 16:00,15.66666667
UCM,H,194,SOILTD1,2/8/2018 17:00,2/8/2018 17:00,15.77777778
UCM,H,194,SOILTD1,2/8/2018 18:00,2/8/2018 18:00,15.72222222
UCM,H,194,SOILTD1,2/8/2018 19:00,2/8/2018 19:00,15.5
UCM,H,194,SOILTD1,2/8/2018 20:00,2/8/2018 20:00,15.22222222
UCM,H,194,SOILTD1,2/8/2018 21:00,2/8/2018 21:00,14.94444444
UCM,H,194,SOILTD1,2/8/2018 22:00,2/8/2018 22:00,14.66666667
UCM,H,194,SOILTD1,2/8/2018 23:00,2/8/2018 23:00,14.38888889
UCM,H,194,SOILTD1,2/9/2018 0:00,2/9/2018 0:00,14.11111111
UCM,H,194,SOILTD1,2/9/2018 1:00,2/9/2018 1:00,13.83333333
UCM,H,194,SOILTD1,2/9/2018 2:00,2/9/2018 2:00,13.61111111
UCM,H,194,SOILTD1,2/9/2018 3:00,2/9/2018 3:00,13.38888889
UCM,H,194,SOILTD1,2/9/2018 4:00,2/9/2018 4:00,13.22222222
UCM,H,194,SOILTD1,2/9/2018 5:00,2/9/2018 5:00,13.05555556
UCM,H,194,SOILTD1,2/9/2018 6:00,2/9/2018 6:00,12.83333333
UCM,H,194,SOILTD1,2/9/2018 7:00,2/9/2018 7:00,12.72222222
UCM,H,194,SOILTD1,2/9/2018 8:00,2/9/2018 8:00,12.55555556
UCM,H,194,SOILTD1,2/9/2018 9:00,2/9/2018 9:00,12.44444444
UCM,H,194,SOILTD1,2/9/2018 10:00,2/9/2018 10:00,12.44444444
UCM,H,194,SOILTD1,2/9/2018 11:00,2/9/2018 11:00,12.77777778
UCM,H,194,SOILTD1,2/9/2018 12:00,2/9/2018 12:00,13.38888889
UCM,H,194,SOILTD1,2/9/2018 13:00,2/9/2018 13:00,14.22222222
UCM,H,194,SOILTD1,2/9/2018 14:00,2/9/2018 14:00,14.94444444
UCM,H,194,SOILTD1,2/9/2018 15:00,2/9/2018 15:00,15.5
UCM,H,194,SOILTD1,2/9/2018 16:00,2/9/2018 16:00,15.83333333
UCM,H,194,SOILTD1,2/9/2018 17:00,2/9/2018 17:00,16
UCM,H,194,SOILTD1,2/9/2018 18:00,2/9/2018 18:00,15.88888889
UCM,H,194,SOILTD1,2/9/2018 19:00,2/9/2018 19:00,15.72222222
UCM,H,194,SOILTD1,2/9/2018 20:00,2/9/2018 20:00,15.44444444
UCM,H,194,SOILTD1,2/9/2018 21:00,2/9/2018 21:00,15.16666667
UCM,H,194,SOILTD1,2/9/2018 22:00,2/9/2018 22:00,14.88888889
UCM,H,194,SOILTD1,2/9/2018 23:00,2/9/2018 23:00,14.55555556
UCM,H,194,SOILTD1,2/10/2018 0:00,2/10/2018 0:00,14.27777778
UCM,H,194,SOILTD1,2/10/2018 1:00,2/10/2018 1:00,14.05555556
UCM,H,194,SOILTD1,2/10/2018 2:00,2/10/2018 2:00,13.83333333
UCM,H,194,SOILTD1,2/10/2018 3:00,2/10/2018 3:00,13.61111111
UCM,H,194,SOILTD1,2/10/2018 4:00,2/10/2018 4:00,13.44444444
UCM,H,194,SOILTD1,2/10/2018 5:00,2/10/2018 5:00,13.22222222
UCM,H,194,SOILTD1,2/10/2018 6:00,2/10/2018 6:00,13.05555556
UCM,H,194,SOILTD1,2/10/2018 7:00,2/10/2018 7:00,12.94444444
UCM,H,194,SOILTD1,2/10/2018 8:00,2/10/2018 8:00,12.83333333
UCM,H,194,SOILTD1,2/10/2018 9:00,2/10/2018 9:00,12.72222222
UCM,H,194,SOILTD1,2/10/2018 10:00,2/10/2018 10:00,12.77777778
UCM,H,194,SOILTD1,2/10/2018 11:00,2/10/2018 11:00,13.05555556
UCM,H,194,SOILTD1,2/10/2018 12:00,2/10/2018 12:00,13.72222222
UCM,H,194,SOILTD1,2/10/2018 13:00,2/10/2018 13:00,14.38888889
UCM,H,194,SOILTD1,2/10/2018 14:00,2/10/2018 14:00,15.11111111
UCM,H,194,SOILTD1,2/10/2018 15:00,2/10/2018 15:00,15.61111111
UCM,H,194,SOILTD1,2/10/2018 16:00,2/10/2018 16:00,15.77777778
UCM,H,194,SOILTD1,2/10/2018 17:00,2/10/2018 17:00,15.77777778
UCM,H,194,SOILTD1,2/10/2018 18:00,2/10/2018 18:00,15.66666667
UCM,H,194,SOILTD1,2/10/2018 19:00,2/10/2018 19:00,15.44444444
UCM,H,194,SOILTD1,2/10/2018 20:00,2/10/2018 20:00,15.22222222
UCM,H,194,SOILTD1,2/10/2018 21:00,2/10/2018 21:00,14.94444444
UCM,H,194,SOILTD1,2/10/2018 22:00,2/10/2018 22:00,14.61111111
UCM,H,194,SOILTD1,2/10/2018 23:00,2/10/2018 23:00,14.27777778
UCM,H,194,SOILTD1,2/11/2018 0:00,2/11/2018 0:00,14
UCM,H,194,SOILTD1,2/11/2018 1:00,2/11/2018 1:00,13.66666667
UCM,H,194,SOILTD1,2/11/2018 2:00,2/11/2018 2:00,13.38888889
UCM,H,194,SOILTD1,2/11/2018 3:00,2/11/2018 3:00,13.16666667
UCM,H,194,SOILTD1,2/11/2018 4:00,2/11/2018 4:00,12.94444444
UCM,H,194,SOILTD1,2/11/2018 5:00,2/11/2018 5:00,12.77777778
UCM,H,194,SOILTD1,2/11/2018 6:00,2/11/2018 6:00,12.61111111
UCM,H,194,SOILTD1,2/11/2018 7:00,2/11/2018 7:00,12.44444444
UCM,H,194,SOILTD1,2/11/2018 8:00,2/11/2018 8:00,12.22222222
UCM,H,194,SOILTD1,2/11/2018 9:00,2/11/2018 9:00,12.11111111
UCM,H,194,SOILTD1,2/11/2018 10:00,2/11/2018 10:00,12.11111111
UCM,H,194,SOILTD1,2/11/2018 11:00,2/11/2018 11:00,12.33333333
UCM,H,194,SOILTD1,2/11/2018 12:00,2/11/2018 12:00,12.83333333
UCM,H,194,SOILTD1,2/11/2018 13:00,2/11/2018 13:00,13.44444444
UCM,H,194,SOILTD1,2/11/2018 14:00,2/11/2018 14:00,14
UCM,H,194,SOILTD1,2/11/2018 15:00,2/11/2018 15:00,14.33333333
UCM,H,194,SOILTD1,2/11/2018 16:00,2/11/2018 16:00,14.55555556
UCM,H,194,SOILTD1,2/11/2018 17:00,2/11/2018 17:00,14.66666667
UCM,H,194,SOILTD1,2/11/2018 18:00,2/11/2018 18:00,14.72222222
UCM,H,194,SOILTD1,2/11/2018 19:00,2/11/2018 19:00,14.61111111
UCM,H,194,SOILTD1,2/11/2018 20:00,2/11/2018 20:00,14.38888889
UCM,H,194,SOILTD1,2/11/2018 21:00,2/11/2018 21:00,14.11111111
UCM,H,194,SOILTD1,2/11/2018 22:00,2/11/2018 22:00,13.77777778
UCM,H,194,SOILTD1,2/11/2018 23:00,2/11/2018 23:00,13.5
UCM,H,194,SOILTD1,2/12/2018 0:00,2/12/2018 0:00,13.22222222
UCM,H,194,SOILTD1,2/12/2018 1:00,2/12/2018 1:00,13.05555556
UCM,H,194,SOILTD1,2/12/2018 2:00,2/12/2018 2:00,12.83333333
UCM,H,194,SOILTD1,2/12/2018 3:00,2/12/2018 3:00,12.66666667
UCM,H,194,SOILTD1,2/12/2018 4:00,2/12/2018 4:00,12.44444444
UCM,H,194,SOILTD1,2/12/2018 5:00,2/12/2018 5:00,12.22222222
UCM,H,194,SOILTD1,2/12/2018 6:00,2/12/2018 6:00,12.05555556
UCM,H,194,SOILTD1,2/12/2018 7:00,2/12/2018 7:00,11.94444444
UCM,H,194,SOILTD1,2/12/2018 8:00,2/12/2018 8:00,11.77777778
UCM,H,194,SOILTD1,2/12/2018 9:00,2/12/2018 9:00,11.72222222
UCM,H,194,SOILTD1,2/12/2018 10:00,2/12/2018 10:00,11.72222222
UCM,H,194,SOILTD1,2/12/2018 11:00,2/12/2018 11:00,11.94444444
UCM,H,194,SOILTD1,2/12/2018 12:00,2/12/2018 12:00,12.5
UCM,H,194,SOILTD1,2/12/2018 13:00,2/12/2018 13:00,12.94444444
UCM,H,194,SOILTD1,2/12/2018 14:00,2/12/2018 14:00,13.55555556
UCM,H,194,SOILTD1,2/12/2018 15:00,2/12/2018 15:00,14.16666667
UCM,H,194,SOILTD1,2/12/2018 16:00,2/12/2018 16:00,14.5
UCM,H,194,SOILTD1,2/12/2018 17:00,2/12/2018 17:00,14.61111111
UCM,H,194,SOILTD1,2/12/2018 18:00,2/12/2018 18:00,14.5
UCM,H,194,SOILTD1,2/12/2018 19:00,2/12/2018 19:00,14.27777778
UCM,H,194,SOILTD1,2/12/2018 20:00,2/12/2018 20:00,14
UCM,H,194,SOILTD1,2/12/2018 21:00,2/12/2018 21:00,13.66666667
UCM,H,194,SOILTD1,2/12/2018 22:00,2/12/2018 22:00,13.33333333
UCM,H,194,SOILTD1,2/12/2018 23:00,2/12/2018 23:00,13.05555556
UCM,H,194,SOILTD1,2/13/2018 0:00,2/13/2018 0:00,12.77777778
UCM,H,194,SOILTD1,2/13/2018 1:00,2/13/2018 1:00,12.55555556
UCM,H,194,SOILTD1,2/13/2018 2:00,2/13/2018 2:00,12.27777778
UCM,H,194,SOILTD1,2/13/2018 3:00,2/13/2018 3:00,12.11111111
UCM,H,194,SOILTD1,2/13/2018 4:00,2/13/2018 4:00,11.88888889
UCM,H,194,SOILTD1,2/13/2018 5:00,2/13/2018 5:00,11.66666667
UCM,H,194,SOILTD1,2/13/2018 6:00,2/13/2018 6:00,11.44444444
UCM,H,194,SOILTD1,2/13/2018 7:00,2/13/2018 7:00,11.27777778
UCM,H,194,SOILTD1,2/13/2018 8:00,2/13/2018 8:00,11.16666667
UCM,H,194,SOILTD1,2/13/2018 9:00,2/13/2018 9:00,11
UCM,H,194,SOILTD1,2/13/2018 10:00,2/13/2018 10:00,11
UCM,H,194,SOILTD1,2/13/2018 11:00,2/13/2018 11:00,11.33333333
UCM,H,194,SOILTD1,2/13/2018 12:00,2/13/2018 12:00,11.88888889
UCM,H,194,SOILTD1,2/13/2018 13:00,2/13/2018 13:00,12.66666667
UCM,H,194,SOILTD1,2/13/2018 14:00,2/13/2018 14:00,13.5
UCM,H,194,SOILTD1,2/13/2018 15:00,2/13/2018 15:00,14.11111111
UCM,H,194,SOILTD1,2/13/2018 16:00,2/13/2018 16:00,14.44444444
UCM,H,194,SOILTD1,2/13/2018 17:00,2/13/2018 17:00,14.5
UCM,H,194,SOILTD1,2/13/2018 18:00,2/13/2018 18:00,14.44444444
UCM,H,194,SOILTD1,2/13/2018 19:00,2/13/2018 19:00,14.27777778
UCM,H,194,SOILTD1,2/13/2018 20:00,2/13/2018 20:00,13.94444444
UCM,H,194,SOILTD1,2/13/2018 21:00,2/13/2018 21:00,13.61111111
UCM,H,194,SOILTD1,2/13/2018 22:00,2/13/2018 22:00,13.22222222
UCM,H,194,SOILTD1,2/13/2018 23:00,2/13/2018 23:00,13
UCM,H,194,SOILTD1,2/14/2018 0:00,2/14/2018 0:00,12.72222222
UCM,H,194,SOILTD1,2/14/2018 1:00,2/14/2018 1:00,12.5
UCM,H,194,SOILTD1,2/14/2018 2:00,2/14/2018 2:00,12.27777778
UCM,H,194,SOILTD1,2/14/2018 3:00,2/14/2018 3:00,12.11111111
UCM,H,194,SOILTD1,2/14/2018 4:00,2/14/2018 4:00,11.88888889
UCM,H,194,SOILTD1,2/14/2018 5:00,2/14/2018 5:00,11.72222222
UCM,H,194,SOILTD1,2/14/2018 6:00,2/14/2018 6:00,11.55555556
UCM,H,194,SOILTD1,2/14/2018 7:00,2/14/2018 7:00,11.5
UCM,H,194,SOILTD1,2/14/2018 8:00,2/14/2018 8:00,11.38888889
UCM,H,194,SOILTD1,2/14/2018 9:00,2/14/2018 9:00,11.38888889
UCM,H,194,SOILTD1,2/14/2018 10:00,2/14/2018 10:00,11.5
UCM,H,194,SOILTD1,2/14/2018 11:00,2/14/2018 11:00,11.83333333
UCM,H,194,SOILTD1,2/14/2018 12:00,2/14/2018 12:00,12.44444444
UCM,H,194,SOILTD1,2/14/2018 13:00,2/14/2018 13:00,13.22222222
UCM,H,194,SOILTD1,2/14/2018 14:00,2/14/2018 14:00,14.05555556
UCM,H,194,SOILTD1,2/14/2018 15:00,2/14/2018 15:00,14.55555556
UCM,H,194,SOILTD1,2/14/2018 16:00,2/14/2018 16:00,14.83333333
UCM,H,194,SOILTD1,2/14/2018 17:00,2/14/2018 17:00,14.88888889
UCM,H,194,SOILTD1,2/14/2018 18:00,2/14/2018 18:00,14.77777778
UCM,H,194,SOILTD1,2/14/2018 19:00,2/14/2018 19:00,14.55555556
UCM,H,194,SOILTD1,2/14/2018 20:00,2/14/2018 20:00,14.22222222
UCM,H,194,SOILTD1,2/14/2018 21:00,2/14/2018 21:00,13.88888889
UCM,H,194,SOILTD1,2/14/2018 22:00,2/14/2018 22:00,13.55555556
UCM,H,194,SOILTD1,2/14/2018 23:00,2/14/2018 23:00,13.27777778
UCM,H,194,SOILTD1,2/15/2018 0:00,2/15/2018 0:00,13.05555556
UCM,H,194,SOILTD1,2/15/2018 1:00,2/15/2018 1:00,12.77777778
UCM,H,194,SOILTD1,2/15/2018 2:00,2/15/2018 2:00,12.61111111
UCM,H,194,SOILTD1,2/15/2018 3:00,2/15/2018 3:00,12.38888889
UCM,H,194,SOILTD1,2/15/2018 4:00,2/15/2018 4:00,12.22222222
UCM,H,194,SOILTD1,2/15/2018 5:00,2/15/2018 5:00,12.11111111
UCM,H,194,SOILTD1,2/15/2018 6:00,2/15/2018 6:00,11.94444444
UCM,H,194,SOILTD1,2/15/2018 7:00,2/15/2018 7:00,11.77777778
UCM,H,194,SOILTD1,2/15/2018 8:00,2/15/2018 8:00,11.66666667
UCM,H,194,SOILTD1,2/15/2018 9:00,2/15/2018 9:00,11.55555556
UCM,H,194,SOILTD1,2/15/2018 10:00,2/15/2018 10:00,11.55555556
UCM,H,194,SOILTD1,2/15/2018 11:00,2/15/2018 11:00,11.77777778
UCM,H,194,SOILTD1,2/15/2018 12:00,2/15/2018 12:00,12.33333333
UCM,H,194,SOILTD1,2/15/2018 13:00,2/15/2018 13:00,13.11111111
UCM,H,194,SOILTD1,2/15/2018 14:00,2/15/2018 14:00,13.88888889
UCM,H,194,SOILTD1,2/15/2018 15:00,2/15/2018 15:00,14.44444444
UCM,H,194,SOILTD1,2/15/2018 16:00,2/15/2018 16:00,14.77777778
UCM,H,194,SOILTD1,2/15/2018 17:00,2/15/2018 17:00,14.77777778
UCM,H,194,SOILTD1,2/15/2018 18:00,2/15/2018 18:00,14.72222222
UCM,H,194,SOILTD1,2/15/2018 19:00,2/15/2018 19:00,14.5
UCM,H,194,SOILTD1,2/15/2018 20:00,2/15/2018 20:00,14.16666667
UCM,H,194,SOILTD1,2/15/2018 21:00,2/15/2018 21:00,13.77777778
UCM,H,194,SOILTD1,2/15/2018 22:00,2/15/2018 22:00,13.44444444
UCM,H,194,SOILTD1,2/15/2018 23:00,2/15/2018 23:00,13.05555556
UCM,H,194,SOILTD1,2/16/2018 0:00,2/16/2018 0:00,12.72222222
UCM,H,194,SOILTD1,2/16/2018 1:00,2/16/2018 1:00,12.44444444
UCM,H,194,SOILTD1,2/16/2018 2:00,2/16/2018 2:00,12.11111111
UCM,H,194,SOILTD1,2/16/2018 3:00,2/16/2018 3:00,11.88888889
UCM,H,194,SOILTD1,2/16/2018 4:00,2/16/2018 4:00,11.66666667
UCM,H,194,SOILTD1,2/16/2018 5:00,2/16/2018 5:00,11.44444444
UCM,H,194,SOILTD1,2/16/2018 6:00,2/16/2018 6:00,11.27777778
UCM,H,194,SOILTD1,2/16/2018 7:00,2/16/2018 7:00,11.11111111
UCM,H,194,SOILTD1,2/16/2018 8:00,2/16/2018 8:00,10.94444444
UCM,H,194,SOILTD1,2/16/2018 9:00,2/16/2018 9:00,10.77777778
UCM,H,194,SOILTD1,2/16/2018 10:00,2/16/2018 10:00,10.83333333
UCM,H,194,SOILTD1,2/16/2018 11:00,2/16/2018 11:00,11.16666667
UCM,H,194,SOILTD1,2/16/2018 12:00,2/16/2018 12:00,11.72222222
UCM,H,194,SOILTD1,2/16/2018 13:00,2/16/2018 13:00,12.55555556
UCM,H,194,SOILTD1,2/16/2018 14:00,2/16/2018 14:00,13.38888889
UCM,H,194,SOILTD1,2/16/2018 15:00,2/16/2018 15:00,14.11111111
UCM,H,194,SOILTD1,2/16/2018 16:00,2/16/2018 16:00,14.55555556
UCM,H,194,SOILTD1,2/16/2018 17:00,2/16/2018 17:00,14.66666667
UCM,H,194,SOILTD1,2/16/2018 18:00,2/16/2018 18:00,14.55555556
UCM,H,194,SOILTD1,2/16/2018 19:00,2/16/2018 19:00,14.38888889
UCM,H,194,SOILTD1,2/16/2018 20:00,2/16/2018 20:00,14.11111111
UCM,H,194,SOILTD1,2/16/2018 21:00,2/16/2018 21:00,13.77777778
UCM,H,194,SOILTD1,2/16/2018 22:00,2/16/2018 22:00,13.44444444
UCM,H,194,SOILTD1,2/16/2018 23:00,2/16/2018 23:00,13.11111111
UCM,H,194,SOILTD1,2/17/2018 0:00,2/17/2018 0:00,12.77777778
UCM,H,194,SOILTD1,2/17/2018 1:00,2/17/2018 1:00,12.5
UCM,H,194,SOILTD1,2/17/2018 2:00,2/17/2018 2:00,12.27777778
UCM,H,194,SOILTD1,2/17/2018 3:00,2/17/2018 3:00,12.05555556
UCM,H,194,SOILTD1,2/17/2018 4:00,2/17/2018 4:00,11.83333333
UCM,H,194,SOILTD1,2/17/2018 5:00,2/17/2018 5:00,11.66666667
UCM,H,194,SOILTD1,2/17/2018 6:00,2/17/2018 6:00,11.44444444
UCM,H,194,SOILTD1,2/17/2018 7:00,2/17/2018 7:00,11.27777778
UCM,H,194,SOILTD1,2/17/2018 8:00,2/17/2018 8:00,11.16666667
UCM,H,194,SOILTD1,2/17/2018 9:00,2/17/2018 9:00,11
UCM,H,194,SOILTD1,2/17/2018 10:00,2/17/2018 10:00,11.05555556
UCM,H,194,SOILTD1,2/17/2018 11:00,2/17/2018 11:00,11.38888889
UCM,H,194,SOILTD1,2/17/2018 12:00,2/17/2018 12:00,12
UCM,H,194,SOILTD1,2/17/2018 13:00,2/17/2018 13:00,12.77777778
UCM,H,194,SOILTD1,2/17/2018 14:00,2/17/2018 14:00,13.72222222
UCM,H,194,SOILTD1,2/17/2018 15:00,2/17/2018 15:00,14.38888889
UCM,H,194,SOILTD1,2/17/2018 16:00,2/17/2018 16:00,14.77777778
UCM,H,194,SOILTD1,2/17/2018 17:00,2/17/2018 17:00,15
UCM,H,194,SOILTD1,2/17/2018 18:00,2/17/2018 18:00,14.94444444
UCM,H,194,SOILTD1,2/17/2018 19:00,2/17/2018 19:00,14.77777778
UCM,H,194,SOILTD1,2/17/2018 20:00,2/17/2018 20:00,14.5
UCM,H,194,SOILTD1,2/17/2018 21:00,2/17/2018 21:00,14.16666667
UCM,H,194,SOILTD1,2/17/2018 22:00,2/17/2018 22:00,13.83333333
UCM,H,194,SOILTD1,2/17/2018 23:00,2/17/2018 23:00,13.55555556
UCM,H,194,SOILTD1,2/18/2018 0:00,2/18/2018 0:00,13.22222222
UCM,H,194,SOILTD1,2/18/2018 1:00,2/18/2018 1:00,13
UCM,H,194,SOILTD1,2/18/2018 2:00,2/18/2018 2:00,12.77777778
UCM,H,194,SOILTD1,2/18/2018 3:00,2/18/2018 3:00,12.55555556
UCM,H,194,SOILTD1,2/18/2018 4:00,2/18/2018 4:00,12.38888889
UCM,H,194,SOILTD1,2/18/2018 5:00,2/18/2018 5:00,12.22222222
UCM,H,194,SOILTD1,2/18/2018 6:00,2/18/2018 6:00,12.05555556
UCM,H,194,SOILTD1,2/18/2018 7:00,2/18/2018 7:00,11.88888889
UCM,H,194,SOILTD1,2/18/2018 8:00,2/18/2018 8:00,11.77777778
UCM,H,194,SOILTD1,2/18/2018 9:00,2/18/2018 9:00,11.61111111
UCM,H,194,SOILTD1,2/18/2018 10:00,2/18/2018 10:00,11.61111111
UCM,H,194,SOILTD1,2/18/2018 11:00,2/18/2018 11:00,11.83333333
UCM,H,194,SOILTD1,2/18/2018 12:00,2/18/2018 12:00,12.5
UCM,H,194,SOILTD1,2/18/2018 13:00,2/18/2018 13:00,13.27777778
UCM,H,194,SOILTD1,2/18/2018 14:00,2/18/2018 14:00,14.05555556
UCM,H,194,SOILTD1,2/18/2018 15:00,2/18/2018 15:00,14.72222222
UCM,H,194,SOILTD1,2/18/2018 16:00,2/18/2018 16:00,15.05555556
UCM,H,194,SOILTD1,2/18/2018 17:00,2/18/2018 17:00,15.11111111
UCM,H,194,SOILTD1,2/18/2018 18:00,2/18/2018 18:00,15
UCM,H,194,SOILTD1,2/18/2018 19:00,2/18/2018 19:00,14.77777778
UCM,H,194,SOILTD1,2/18/2018 20:00,2/18/2018 20:00,14.44444444
UCM,H,194,SOILTD1,2/18/2018 21:00,2/18/2018 21:00,14.16666667
UCM,H,194,SOILTD1,2/18/2018 22:00,2/18/2018 22:00,13.83333333
UCM,H,194,SOILTD1,2/18/2018 23:00,2/18/2018 23:00,13.55555556
UCM,H,194,SOILTD1,2/19/2018 0:00,2/19/2018 0:00,13.16666667
UCM,H,194,SOILTD1,2/19/2018 1:00,2/19/2018 1:00,12.88888889
UCM,H,194,SOILTD1,2/19/2018 2:00,2/19/2018 2:00,12.61111111
UCM,H,194,SOILTD1,2/19/2018 3:00,2/19/2018 3:00,12.33333333
UCM,H,194,SOILTD1,2/19/2018 4:00,2/19/2018 4:00,12
UCM,H,194,SOILTD1,2/19/2018 5:00,2/19/2018 5:00,11.77777778
UCM,H,194,SOILTD1,2/19/2018 6:00,2/19/2018 6:00,11.5
UCM,H,194,SOILTD1,2/19/2018 7:00,2/19/2018 7:00,11.22222222
UCM,H,194,SOILTD1,2/19/2018 8:00,2/19/2018 8:00,11
UCM,H,194,SOILTD1,2/19/2018 9:00,2/19/2018 9:00,10.83333333
UCM,H,194,SOILTD1,2/19/2018 10:00,2/19/2018 10:00,10.77777778
UCM,H,194,SOILTD1,2/19/2018 11:00,2/19/2018 11:00,11.05555556
UCM,H,194,SOILTD1,2/19/2018 12:00,2/19/2018 12:00,11.55555556
UCM,H,194,SOILTD1,2/19/2018 13:00,2/19/2018 13:00,12.33333333
UCM,H,194,SOILTD1,2/19/2018 14:00,2/19/2018 14:00,13.11111111
UCM,H,194,SOILTD1,2/19/2018 15:00,2/19/2018 15:00,13.77777778
UCM,H,194,SOILTD1,2/19/2018 16:00,2/19/2018 16:00,14.05555556
UCM,H,194,SOILTD1,2/19/2018 17:00,2/19/2018 17:00,14.05555556
UCM,H,194,SOILTD1,2/19/2018 18:00,2/19/2018 18:00,13.88888889
UCM,H,194,SOILTD1,2/19/2018 19:00,2/19/2018 19:00,13.66666667
UCM,H,194,SOILTD1,2/19/2018 20:00,2/19/2018 20:00,13.33333333
UCM,H,194,SOILTD1,2/19/2018 21:00,2/19/2018 21:00,12.94444444
UCM,H,194,SOILTD1,2/19/2018 22:00,2/19/2018 22:00,12.55555556
UCM,H,194,SOILTD1,2/19/2018 23:00,2/19/2018 23:00,12.22222222
UCM,H,194,SOILTD1,2/20/2018 0:00,2/20/2018 0:00,11.88888889
UCM,H,194,SOILTD1,2/20/2018 1:00,2/20/2018 1:00,11.61111111
UCM,H,194,SOILTD1,2/20/2018 2:00,2/20/2018 2:00,11.33333333
UCM,H,194,SOILTD1,2/20/2018 3:00,2/20/2018 3:00,11.05555556
UCM,H,194,SOILTD1,2/20/2018 4:00,2/20/2018 4:00,10.77777778
UCM,H,194,SOILTD1,2/20/2018 5:00,2/20/2018 5:00,10.55555556
UCM,H,194,SOILTD1,2/20/2018 6:00,2/20/2018 6:00,10.27777778
UCM,H,194,SOILTD1,2/20/2018 7:00,2/20/2018 7:00,10.05555556
UCM,H,194,SOILTD1,2/20/2018 8:00,2/20/2018 8:00,9.833333333
UCM,H,194,SOILTD1,2/20/2018 9:00,2/20/2018 9:00,9.666666667
UCM,H,194,SOILTD1,2/20/2018 10:00,2/20/2018 10:00,9.666666667
UCM,H,194,SOILTD1,2/20/2018 11:00,2/20/2018 11:00,9.944444444
UCM,H,194,SOILTD1,2/20/2018 12:00,2/20/2018 12:00,10.5
UCM,H,194,SOILTD1,2/20/2018 13:00,2/20/2018 13:00,11.27777778
UCM,H,194,SOILTD1,2/20/2018 14:00,2/20/2018 14:00,12.11111111
UCM,H,194,SOILTD1,2/20/2018 15:00,2/20/2018 15:00,12.77777778
UCM,H,194,SOILTD1,2/20/2018 16:00,2/20/2018 16:00,13.22222222
UCM,H,194,SOILTD1,2/20/2018 17:00,2/20/2018 17:00,13.5
UCM,H,194,SOILTD1,2/20/2018 18:00,2/20/2018 18:00,13.5
UCM,H,194,SOILTD1,2/20/2018 19:00,2/20/2018 19:00,13.33333333
UCM,H,194,SOILTD1,2/20/2018 20:00,2/20/2018 20:00,13
UCM,H,194,SOILTD1,2/20/2018 21:00,2/20/2018 21:00,12.77777778
UCM,H,194,SOILTD1,2/20/2018 22:00,2/20/2018 22:00,12.5
UCM,H,194,SOILTD1,2/20/2018 23:00,2/20/2018 23:00,12.22222222
UCM,H,194,SOILTD1,2/21/2018 0:00,2/21/2018 0:00,11.88888889
UCM,H,194,SOILTD1,2/21/2018 1:00,2/21/2018 1:00,11.55555556
UCM,H,194,SOILTD1,2/21/2018 2:00,2/21/2018 2:00,11.27777778
UCM,H,194,SOILTD1,2/21/2018 3:00,2/21/2018 3:00,11
UCM,H,194,SOILTD1,2/21/2018 4:00,2/21/2018 4:00,10.72222222
UCM,H,194,SOILTD1,2/21/2018 5:00,2/21/2018 5:00,10.5
UCM,H,194,SOILTD1,2/21/2018 6:00,2/21/2018 6:00,10.27777778
UCM,H,194,SOILTD1,2/21/2018 7:00,2/21/2018 7:00,10.05555556
UCM,H,194,SOILTD1,2/21/2018 8:00,2/21/2018 8:00,9.833333333
UCM,H,194,SOILTD1,2/21/2018 9:00,2/21/2018 9:00,9.666666667
UCM,H,194,SOILTD1,2/21/2018 10:00,2/21/2018 10:00,9.666666667
UCM,H,194,SOILTD1,2/21/2018 11:00,2/21/2018 11:00,10
UCM,H,194,SOILTD1,2/21/2018 12:00,2/21/2018 12:00,10.61111111
UCM,H,194,SOILTD1,2/21/2018 13:00,2/21/2018 13:00,11.5
UCM,H,194,SOILTD1,2/21/2018 14:00,2/21/2018 14:00,12.44444444
UCM,H,194,SOILTD1,2/21/2018 15:00,2/21/2018 15:00,13.22222222
UCM,H,194,SOILTD1,2/21/2018 16:00,2/21/2018 16:00,13.61111111
UCM,H,194,SOILTD1,2/21/2018 17:00,2/21/2018 17:00,13.77777778
UCM,H,194,SOILTD1,2/21/2018 18:00,2/21/2018 18:00,13.72222222
UCM,H,194,SOILTD1,2/21/2018 19:00,2/21/2018 19:00,13.5
UCM,H,194,SOILTD1,2/21/2018 20:00,2/21/2018 20:00,13.16666667
UCM,H,194,SOILTD1,2/21/2018 21:00,2/21/2018 21:00,12.77777778
UCM,H,194,SOILTD1,2/21/2018 22:00,2/21/2018 22:00,12.44444444
UCM,H,194,SOILTD1,2/21/2018 23:00,2/21/2018 23:00,12.05555556
UCM,H,194,SOILTD1,2/22/2018 0:00,2/22/2018 0:00,11.77777778
UCM,H,194,SOILTD1,2/22/2018 1:00,2/22/2018 1:00,11.44444444
UCM,H,194,SOILTD1,2/22/2018 2:00,2/22/2018 2:00,11.11111111
UCM,H,194,SOILTD1,2/22/2018 3:00,2/22/2018 3:00,10.88888889
UCM,H,194,SOILTD1,2/22/2018 4:00,2/22/2018 4:00,10.61111111
UCM,H,194,SOILTD1,2/22/2018 5:00,2/22/2018 5:00,10.38888889
UCM,H,194,SOILTD1,2/22/2018 6:00,2/22/2018 6:00,10.22222222
UCM,H,194,SOILTD1,2/22/2018 7:00,2/22/2018 7:00,10.11111111
UCM,H,194,SOILTD1,2/22/2018 8:00,2/22/2018 8:00,10.05555556
UCM,H,194,SOILTD1,2/22/2018 9:00,2/22/2018 9:00,10
UCM,H,194,SOILTD1,2/22/2018 10:00,2/22/2018 10:00,10.05555556
UCM,H,194,SOILTD1,2/22/2018 11:00,2/22/2018 11:00,10.33333333
UCM,H,194,SOILTD1,2/22/2018 12:00,2/22/2018 12:00,10.94444444
UCM,H,194,SOILTD1,2/22/2018 13:00,2/22/2018 13:00,11.72222222
UCM,H,194,SOILTD1,2/22/2018 14:00,2/22/2018 14:00,12.5
UCM,H,194,SOILTD1,2/22/2018 15:00,2/22/2018 15:00,13.11111111
UCM,H,194,SOILTD1,2/22/2018 16:00,2/22/2018 16:00,13.55555556
UCM,H,194,SOILTD1,2/22/2018 17:00,2/22/2018 17:00,13.61111111
UCM,H,194,SOILTD1,2/22/2018 18:00,2/22/2018 18:00,13.55555556
UCM,H,194,SOILTD1,2/22/2018 19:00,2/22/2018 19:00,13.38888889
UCM,H,194,SOILTD1,2/22/2018 20:00,2/22/2018 20:00,13.11111111
UCM,H,194,SOILTD1,2/22/2018 21:00,2/22/2018 21:00,12.88888889
UCM,H,194,SOILTD1,2/22/2018 22:00,2/22/2018 22:00,12.61111111
UCM,H,194,SOILTD1,2/22/2018 23:00,2/22/2018 23:00,12.38888889
UCM,H,194,SOILTD1,2/23/2018 0:00,2/23/2018 0:00,12.11111111
UCM,H,194,SOILTD1,2/23/2018 1:00,2/23/2018 1:00,11.88888889
UCM,H,194,SOILTD1,2/23/2018 2:00,2/23/2018 2:00,11.61111111
UCM,H,194,SOILTD1,2/23/2018 3:00,2/23/2018 3:00,11.38888889
UCM,H,194,SOILTD1,2/23/2018 4:00,2/23/2018 4:00,11.11111111
UCM,H,194,SOILTD1,2/23/2018 5:00,2/23/2018 5:00,10.88888889
UCM,H,194,SOILTD1,2/23/2018 6:00,2/23/2018 6:00,10.66666667
UCM,H,194,SOILTD1,2/23/2018 7:00,2/23/2018 7:00,10.44444444
UCM,H,194,SOILTD1,2/23/2018 8:00,2/23/2018 8:00,10.27777778
UCM,H,194,SOILTD1,2/23/2018 9:00,2/23/2018 9:00,10.16666667
UCM,H,194,SOILTD1,2/23/2018 10:00,2/23/2018 10:00,10.16666667
UCM,H,194,SOILTD1,2/23/2018 11:00,2/23/2018 11:00,10.38888889
UCM,H,194,SOILTD1,2/23/2018 12:00,2/23/2018 12:00,10.83333333
UCM,H,194,SOILTD1,2/23/2018 13:00,2/23/2018 13:00,11.61111111
UCM,H,194,SOILTD1,2/23/2018 14:00,2/23/2018 14:00,12.33333333
UCM,H,194,SOILTD1,2/23/2018 15:00,2/23/2018 15:00,12.94444444
UCM,H,194,SOILTD1,2/23/2018 16:00,2/23/2018 16:00,13.27777778
UCM,H,194,SOILTD1,2/23/2018 17:00,2/23/2018 17:00,13.38888889
UCM,H,194,SOILTD1,2/23/2018 18:00,2/23/2018 18:00,13.27777778
UCM,H,194,SOILTD1,2/23/2018 19:00,2/23/2018 19:00,13.05555556
UCM,H,194,SOILTD1,2/23/2018 20:00,2/23/2018 20:00,12.77777778
UCM,H,194,SOILTD1,2/23/2018 21:00,2/23/2018 21:00,12.44444444
UCM,H,194,SOILTD1,2/23/2018 22:00,2/23/2018 22:00,12.16666667
UCM,H,194,SOILTD1,2/23/2018 23:00,2/23/2018 23:00,11.83333333
UCM,H,194,SOILTD1,2/24/2018 0:00,2/24/2018 0:00,11.5
UCM,H,194,SOILTD1,2/24/2018 1:00,2/24/2018 1:00,11.22222222
UCM,H,194,SOILTD1,2/24/2018 2:00,2/24/2018 2:00,10.94444444
UCM,H,194,SOILTD1,2/24/2018 3:00,2/24/2018 3:00,10.66666667
UCM,H,194,SOILTD1,2/24/2018 4:00,2/24/2018 4:00,10.38888889
UCM,H,194,SOILTD1,2/24/2018 5:00,2/24/2018 5:00,10.16666667
UCM,H,194,SOILTD1,2/24/2018 6:00,2/24/2018 6:00,9.944444444
UCM,H,194,SOILTD1,2/24/2018 7:00,2/24/2018 7:00,9.722222222
UCM,H,194,SOILTD1,2/24/2018 8:00,2/24/2018 8:00,9.555555556
UCM,H,194,SOILTD1,2/24/2018 9:00,2/24/2018 9:00,9.388888889
UCM,H,194,SOILTD1,2/24/2018 10:00,2/24/2018 10:00,9.444444444
UCM,H,194,SOILTD1,2/24/2018 11:00,2/24/2018 11:00,9.777777778
UCM,H,194,SOILTD1,2/24/2018 12:00,2/24/2018 12:00,10.33333333
UCM,H,194,SOILTD1,2/24/2018 13:00,2/24/2018 13:00,11.16666667
UCM,H,194,SOILTD1,2/24/2018 14:00,2/24/2018 14:00,12
UCM,H,194,SOILTD1,2/24/2018 15:00,2/24/2018 15:00,12.77777778
UCM,H,194,SOILTD1,2/24/2018 16:00,2/24/2018 16:00,13.27777778
UCM,H,194,SOILTD1,2/24/2018 17:00,2/24/2018 17:00,13.55555556
UCM,H,194,SOILTD1,2/24/2018 18:00,2/24/2018 18:00,13.61111111
UCM,H,194,SOILTD1,2/24/2018 19:00,2/24/2018 19:00,13.55555556
UCM,H,194,SOILTD1,2/24/2018 20:00,2/24/2018 20:00,13.33333333
UCM,H,194,SOILTD1,2/24/2018 21:00,2/24/2018 21:00,13.11111111
UCM,H,194,SOILTD1,2/24/2018 22:00,2/24/2018 22:00,12.83333333
UCM,H,194,SOILTD1,2/24/2018 23:00,2/24/2018 23:00,12.61111111
UCM,H,194,SOILTD1,2/25/2018 0:00,2/25/2018 0:00,12.33333333
UCM,H,194,SOILTD1,2/25/2018 1:00,2/25/2018 1:00,12.05555556
UCM,H,194,SOILTD1,2/25/2018 2:00,2/25/2018 2:00,11.83333333
UCM,H,194,SOILTD1,2/25/2018 3:00,2/25/2018 3:00,11.61111111
UCM,H,194,SOILTD1,2/25/2018 4:00,2/25/2018 4:00,11.38888889
UCM,H,194,SOILTD1,2/25/2018 5:00,2/25/2018 5:00,11.22222222
UCM,H,194,SOILTD1,2/25/2018 6:00,2/25/2018 6:00,11.05555556
UCM,H,194,SOILTD1,2/25/2018 7:00,2/25/2018 7:00,10.88888889
UCM,H,194,SOILTD1,2/25/2018 8:00,2/25/2018 8:00,10.77777778
UCM,H,194,SOILTD1,2/25/2018 9:00,2/25/2018 9:00,10.61111111
UCM,H,194,SOILTD1,2/25/2018 10:00,2/25/2018 10:00,10.66666667
UCM,H,194,SOILTD1,2/25/2018 11:00,2/25/2018 11:00,10.94444444
UCM,H,194,SOILTD1,2/25/2018 12:00,2/25/2018 12:00,11.55555556
UCM,H,194,SOILTD1,2/25/2018 13:00,2/25/2018 13:00,12.38888889
UCM,H,194,SOILTD1,2/25/2018 14:00,2/25/2018 14:00,13.22222222
UCM,H,194,SOILTD1,2/25/2018 15:00,2/25/2018 15:00,14
UCM,H,194,SOILTD1,2/25/2018 16:00,2/25/2018 16:00,14.44444444
UCM,H,194,SOILTD1,2/25/2018 17:00,2/25/2018 17:00,14.61111111
UCM,H,194,SOILTD1,2/25/2018 18:00,2/25/2018 18:00,14.55555556
UCM,H,194,SOILTD1,2/25/2018 19:00,2/25/2018 19:00,14.27777778
UCM,H,194,SOILTD1,2/25/2018 20:00,2/25/2018 20:00,13.94444444
UCM,H,194,SOILTD1,2/25/2018 21:00,2/25/2018 21:00,13.55555556
UCM,H,194,SOILTD1,2/25/2018 22:00,2/25/2018 22:00,13.22222222
UCM,H,194,SOILTD1,2/25/2018 23:00,2/25/2018 23:00,12.83333333
UCM,H,194,SOILTD1,2/26/2018 0:00,2/26/2018 0:00,12.55555556
UCM,H,194,SOILTD1,2/26/2018 1:00,2/26/2018 1:00,12.22222222
UCM,H,194,SOILTD1,2/26/2018 2:00,2/26/2018 2:00,11.94444444
UCM,H,194,SOILTD1,2/26/2018 3:00,2/26/2018 3:00,11.72222222
UCM,H,194,SOILTD1,2/26/2018 4:00,2/26/2018 4:00,11.5
UCM,H,194,SOILTD1,2/26/2018 5:00,2/26/2018 5:00,11.33333333
UCM,H,194,SOILTD1,2/26/2018 6:00,2/26/2018 6:00,11.22222222
UCM,H,194,SOILTD1,2/26/2018 7:00,2/26/2018 7:00,11.11111111
UCM,H,194,SOILTD1,2/26/2018 8:00,2/26/2018 8:00,11
UCM,H,194,SOILTD1,2/26/2018 9:00,2/26/2018 9:00,10.94444444
UCM,H,194,SOILTD1,2/26/2018 10:00,2/26/2018 10:00,11
UCM,H,194,SOILTD1,2/26/2018 11:00,2/26/2018 11:00,11.11111111
UCM,H,194,SOILTD1,2/26/2018 12:00,2/26/2018 12:00,11.22222222
UCM,H,194,SOILTD1,2/26/2018 13:00,2/26/2018 13:00,11.33333333
UCM,H,194,SOILTD1,2/26/2018 14:00,2/26/2018 14:00,11.44444444
UCM,H,194,SOILTD1,2/26/2018 15:00,2/26/2018 15:00,11.5
UCM,H,194,SOILTD1,2/26/2018 16:00,2/26/2018 16:00,11.61111111
UCM,H,194,SOILTD1,2/26/2018 17:00,2/26/2018 17:00,11.61111111
UCM,H,194,SOILTD1,2/26/2018 18:00,2/26/2018 18:00,11.61111111
UCM,H,194,SOILTD1,2/26/2018 19:00,2/26/2018 19:00,11.55555556
UCM,H,194,SOILTD1,2/26/2018 20:00,2/26/2018 20:00,11.5
UCM,H,194,SOILTD1,2/26/2018 21:00,2/26/2018 21:00,11.38888889
UCM,H,194,SOILTD1,2/26/2018 22:00,2/26/2018 22:00,11.33333333
UCM,H,194,SOILTD1,2/26/2018 23:00,2/26/2018 23:00,11.27777778
UCM,H,194,SOILTD1,2/27/2018 0:00,2/27/2018 0:00,11.22222222
UCM,H,194,SOILTD1,2/27/2018 1:00,2/27/2018 1:00,11.16666667
UCM,H,194,SOILTD1,2/27/2018 2:00,2/27/2018 2:00,11.11111111
UCM,H,194,SOILTD1,2/27/2018 3:00,2/27/2018 3:00,11
UCM,H,194,SOILTD1,2/27/2018 4:00,2/27/2018 4:00,10.94444444
UCM,H,194,SOILTD1,2/27/2018 5:00,2/27/2018 5:00,10.88888889
UCM,H,194,SOILTD1,2/27/2018 6:00,2/27/2018 6:00,10.83333333
UCM,H,194,SOILTD1,2/27/2018 7:00,2/27/2018 7:00,10.77777778
UCM,H,194,SOILTD1,2/27/2018 8:00,2/27/2018 8:00,10.72222222
UCM,H,194,SOILTD1,2/27/2018 9:00,2/27/2018 9:00,10.72222222
UCM,H,194,SOILTD1,2/27/2018 10:00,2/27/2018 10:00,10.72222222
UCM,H,194,SOILTD1,2/27/2018 11:00,2/27/2018 11:00,10.88888889
UCM,H,194,SOILTD1,2/27/2018 12:00,2/27/2018 12:00,11.16666667
UCM,H,194,SOILTD1,2/27/2018 13:00,2/27/2018 13:00,11.5
UCM,H,194,SOILTD1,2/27/2018 14:00,2/27/2018 14:00,12.11111111
UCM,H,194,SOILTD1,2/27/2018 15:00,2/27/2018 15:00,12.55555556
UCM,H,194,SOILTD1,2/27/2018 16:00,2/27/2018 16:00,12.94444444
UCM,H,194,SOILTD1,2/27/2018 17:00,2/27/2018 17:00,13.16666667
UCM,H,194,SOILTD1,2/27/2018 18:00,2/27/2018 18:00,13.16666667
UCM,H,194,SOILTD1,2/27/2018 19:00,2/27/2018 19:00,13
UCM,H,194,SOILTD1,2/27/2018 20:00,2/27/2018 20:00,12.66666667
UCM,H,194,SOILTD1,2/27/2018 21:00,2/27/2018 21:00,12.38888889
UCM,H,194,SOILTD1,2/27/2018 22:00,2/27/2018 22:00,12.22222222
UCM,H,194,SOILTD1,2/27/2018 23:00,2/27/2018 23:00,12
UCM,H,194,SOILTD1,2/28/2018 0:00,2/28/2018 0:00,11.77777778
UCM,H,194,SOILTD1,2/28/2018 1:00,2/28/2018 1:00,11.5
UCM,H,194,SOILTD1,2/28/2018 2:00,2/28/2018 2:00,11.22222222
UCM,H,194,SOILTD1,2/28/2018 3:00,2/28/2018 3:00,11
UCM,H,194,SOILTD1,2/28/2018 4:00,2/28/2018 4:00,10.77777778
UCM,H,194,SOILTD1,2/28/2018 5:00,2/28/2018 5:00,10.55555556
UCM,H,194,SOILTD1,2/28/2018 6:00,2/28/2018 6:00,10.38888889
UCM,H,194,SOILTD1,2/28/2018 7:00,2/28/2018 7:00,10.22222222
UCM,H,194,SOILTD1,2/28/2018 8:00,2/28/2018 8:00,10.05555556
UCM,H,194,SOILTD1,2/28/2018 9:00,2/28/2018 9:00,9.944444444
UCM,H,194,SOILTD1,2/28/2018 10:00,2/28/2018 10:00,10
UCM,H,194,SOILTD1,2/28/2018 11:00,2/28/2018 11:00,10.38888889
UCM,H,194,SOILTD1,2/28/2018 12:00,2/28/2018 12:00,10.88888889
UCM,H,194,SOILTD1,2/28/2018 13:00,2/28/2018 13:00,11.38888889
UCM,H,194,SOILTD1,2/28/2018 14:00,2/28/2018 14:00,11.94444444
UCM,H,194,SOILTD1,2/28/2018 15:00,2/28/2018 15:00,12.44444444
UCM,H,194,SOILTD1,2/28/2018 16:00,2/28/2018 16:00,12.83333333
UCM,H,194,SOILTD1,2/28/2018 17:00,2/28/2018 17:00,13.11111111
UCM,H,194,SOILTD1,2/28/2018 18:00,2/28/2018 18:00,13.16666667
UCM,H,194,SOILTD1,2/28/2018 19:00,2/28/2018 19:00,13.05555556
UCM,H,194,SOILTD1,2/28/2018 20:00,2/28/2018 20:00,12.83333333
UCM,H,194,SOILTD1,2/28/2018 21:00,2/28/2018 21:00,12.66666667
UCM,H,194,SOILTD1,2/28/2018 22:00,2/28/2018 22:00,12.44444444
UCM,H,194,SOILTD1,2/28/2018 23:00,2/28/2018 23:00,12.27777778
UCM,H,194,SOILTD1,3/1/2018 0:00,3/1/2018 0:00,12.16666667
UCM,H,194,SOILTD1,3/1/2018 1:00,3/1/2018 1:00,12.05555556
UCM,H,194,SOILTD1,3/1/2018 2:00,3/1/2018 2:00,11.94444444
UCM,H,194,SOILTD1,3/1/2018 3:00,3/1/2018 3:00,11.88888889
UCM,H,194,SOILTD1,3/1/2018 4:00,3/1/2018 4:00,11.77777778
UCM,H,194,SOILTD1,3/1/2018 5:00,3/1/2018 5:00,11.72222222
UCM,H,194,SOILTD1,3/1/2018 6:00,3/1/2018 6:00,11.61111111
UCM,H,194,SOILTD1,3/1/2018 7:00,3/1/2018 7:00,11.5
UCM,H,194,SOILTD1,3/1/2018 8:00,3/1/2018 8:00,11.44444444
UCM,H,194,SOILTD1,3/1/2018 9:00,3/1/2018 9:00,11.38888889
UCM,H,194,SOILTD1,3/1/2018 10:00,3/1/2018 10:00,11.27777778
UCM,H,194,SOILTD1,3/1/2018 11:00,3/1/2018 11:00,11.27777778
UCM,H,194,SOILTD1,3/1/2018 12:00,3/1/2018 12:00,11.33333333
UCM,H,194,SOILTD1,3/1/2018 13:00,3/1/2018 13:00,11.5
UCM,H,194,SOILTD1,3/1/2018 14:00,3/1/2018 14:00,11.66666667
UCM,H,194,SOILTD1,3/1/2018 15:00,3/1/2018 15:00,11.77777778
UCM,H,194,SOILTD1,3/1/2018 16:00,3/1/2018 16:00,11.83333333
UCM,H,194,SOILTD1,3/1/2018 17:00,3/1/2018 17:00,11.88888889
UCM,H,194,SOILTD1,3/1/2018 18:00,3/1/2018 18:00,11.88888889
UCM,H,194,SOILTD1,3/1/2018 19:00,3/1/2018 19:00,11.88888889
UCM,H,194,SOILTD1,3/1/2018 20:00,3/1/2018 20:00,11.83333333
UCM,H,194,SOILTD1,3/1/2018 21:00,3/1/2018 21:00,11.77777778
UCM,H,194,SOILTD1,3/1/2018 22:00,3/1/2018 22:00,11.72222222
UCM,H,194,SOILTD1,3/1/2018 23:00,3/1/2018 23:00,11.72222222
UCM,H,194,SOILTD1,3/2/2018 0:00,3/2/2018 0:00,11.61111111
UCM,H,194,SOILTD1,3/2/2018 1:00,3/2/2018 1:00,11.61111111
UCM,H,194,SOILTD1,3/2/2018 2:00,3/2/2018 2:00,11.55555556
UCM,H,194,SOILTD1,3/2/2018 3:00,3/2/2018 3:00,11.5
UCM,H,194,SOILTD1,3/2/2018 4:00,3/2/2018 4:00,11.44444444
UCM,H,194,SOILTD1,3/2/2018 5:00,3/2/2018 5:00,11.38888889
UCM,H,194,SOILTD1,3/2/2018 6:00,3/2/2018 6:00,11.38888889
UCM,H,194,SOILTD1,3/2/2018 7:00,3/2/2018 7:00,11.27777778
UCM,H,194,SOILTD1,3/2/2018 8:00,3/2/2018 8:00,11.22222222
UCM,H,194,SOILTD1,3/2/2018 9:00,3/2/2018 9:00,11.22222222
UCM,H,194,SOILTD1,3/2/2018 10:00,3/2/2018 10:00,11.22222222
UCM,H,194,SOILTD1,3/2/2018 11:00,3/2/2018 11:00,11.44444444
UCM,H,194,SOILTD1,3/2/2018 12:00,3/2/2018 12:00,11.83333333
UCM,H,194,SOILTD1,3/2/2018 13:00,3/2/2018 13:00,12.16666667
UCM,H,194,SOILTD1,3/2/2018 14:00,3/2/2018 14:00,12.27777778
UCM,H,194,SOILTD1,3/2/2018 15:00,3/2/2018 15:00,12.27777778
UCM,H,194,SOILTD1,3/2/2018 16:00,3/2/2018 16:00,12.33333333
UCM,H,194,SOILTD1,3/2/2018 17:00,3/2/2018 17:00,12.38888889
UCM,H,194,SOILTD1,3/2/2018 18:00,3/2/2018 18:00,12.38888889
UCM,H,194,SOILTD1,3/2/2018 19:00,3/2/2018 19:00,12.33333333
UCM,H,194,SOILTD1,3/2/2018 20:00,3/2/2018 20:00,12.27777778
UCM,H,194,SOILTD1,3/2/2018 21:00,3/2/2018 21:00,12.16666667
UCM,H,194,SOILTD1,3/2/2018 22:00,3/2/2018 22:00,12.11111111
UCM,H,194,SOILTD1,3/2/2018 23:00,3/2/2018 23:00,12
UCM,H,194,SOILTD1,3/3/2018 0:00,3/3/2018 0:00,11.94444444
UCM,H,194,SOILTD1,3/3/2018 1:00,3/3/2018 1:00,11.83333333
UCM,H,194,SOILTD1,3/3/2018 2:00,3/3/2018 2:00,11.77777778
UCM,H,194,SOILTD1,3/3/2018 3:00,3/3/2018 3:00,11.66666667
UCM,H,194,SOILTD1,3/3/2018 4:00,3/3/2018 4:00,11.55555556
UCM,H,194,SOILTD1,3/3/2018 5:00,3/3/2018 5:00,11.44444444
UCM,H,194,SOILTD1,3/3/2018 6:00,3/3/2018 6:00,11.38888889
UCM,H,194,SOILTD1,3/3/2018 7:00,3/3/2018 7:00,11.27777778
UCM,H,194,SOILTD1,3/3/2018 8:00,3/3/2018 8:00,11.22222222
UCM,H,194,SOILTD1,3/3/2018 9:00,3/3/2018 9:00,11.05555556
UCM,H,194,SOILTD1,3/3/2018 10:00,3/3/2018 10:00,11.11111111
UCM,H,194,SOILTD1,3/3/2018 11:00,3/3/2018 11:00,11.5
UCM,H,194,SOILTD1,3/3/2018 12:00,3/3/2018 12:00,12.22222222
UCM,H,194,SOILTD1,3/3/2018 13:00,3/3/2018 13:00,12.83333333
UCM,H,194,SOILTD1,3/3/2018 14:00,3/3/2018 14:00,13.16666667
UCM,H,194,SOILTD1,3/3/2018 15:00,3/3/2018 15:00,13.38888889
UCM,H,194,SOILTD1,3/3/2018 16:00,3/3/2018 16:00,13.5
UCM,H,194,SOILTD1,3/3/2018 17:00,3/3/2018 17:00,13.5
UCM,H,194,SOILTD1,3/3/2018 18:00,3/3/2018 18:00,13.38888889
UCM,H,194,SOILTD1,3/3/2018 19:00,3/3/2018 19:00,13.16666667
UCM,H,194,SOILTD1,3/3/2018 20:00,3/3/2018 20:00,12.88888889
UCM,H,194,SOILTD1,3/3/2018 21:00,3/3/2018 21:00,12.61111111
UCM,H,194,SOILTD1,3/3/2018 22:00,3/3/2018 22:00,12.27777778
UCM,H,194,SOILTD1,3/3/2018 23:00,3/3/2018 23:00,12
UCM,H,194,SOILTD1,3/4/2018 0:00,3/4/2018 0:00,11.77777778
UCM,H,194,SOILTD1,3/4/2018 1:00,3/4/2018 1:00,11.61111111
UCM,H,194,SOILTD1,3/4/2018 2:00,3/4/2018 2:00,11.38888889
UCM,H,194,SOILTD1,3/4/2018 3:00,3/4/2018 3:00,11.22222222
UCM,H,194,SOILTD1,3/4/2018 4:00,3/4/2018 4:00,11.11111111
UCM,H,194,SOILTD1,3/4/2018 5:00,3/4/2018 5:00,10.94444444
UCM,H,194,SOILTD1,3/4/2018 6:00,3/4/2018 6:00,10.77777778
UCM,H,194,SOILTD1,3/4/2018 7:00,3/4/2018 7:00,10.61111111
UCM,H,194,SOILTD1,3/4/2018 8:00,3/4/2018 8:00,10.44444444
UCM,H,194,SOILTD1,3/4/2018 9:00,3/4/2018 9:00,10.33333333
UCM,H,194,SOILTD1,3/4/2018 10:00,3/4/2018 10:00,10.38888889
UCM,H,194,SOILTD1,3/4/2018 11:00,3/4/2018 11:00,10.83333333
UCM,H,194,SOILTD1,3/4/2018 12:00,3/4/2018 12:00,11.61111111
UCM,H,194,SOILTD1,3/4/2018 13:00,3/4/2018 13:00,12.5
UCM,H,194,SOILTD1,3/4/2018 14:00,3/4/2018 14:00,13.38888889
UCM,H,194,SOILTD1,3/4/2018 15:00,3/4/2018 15:00,13.94444444
UCM,H,194,SOILTD1,3/4/2018 16:00,3/4/2018 16:00,14.16666667
UCM,H,194,SOILTD1,3/4/2018 17:00,3/4/2018 17:00,14.11111111
UCM,H,194,SOILTD1,3/4/2018 18:00,3/4/2018 18:00,13.94444444
UCM,H,194,SOILTD1,3/4/2018 19:00,3/4/2018 19:00,13.66666667
UCM,H,194,SOILTD1,3/4/2018 20:00,3/4/2018 20:00,13.33333333
UCM,H,194,SOILTD1,3/4/2018 21:00,3/4/2018 21:00,12.94444444
UCM,H,194,SOILTD1,3/4/2018 22:00,3/4/2018 22:00,12.61111111
UCM,H,194,SOILTD1,3/4/2018 23:00,3/4/2018 23:00,12.27777778
UCM,H,194,SOILTD1,3/5/2018 0:00,3/5/2018 0:00,12.05555556
UCM,H,194,SOILTD1,3/5/2018 1:00,3/5/2018 1:00,11.77777778
UCM,H,194,SOILTD1,3/5/2018 2:00,3/5/2018 2:00,11.55555556
UCM,H,194,SOILTD1,3/5/2018 3:00,3/5/2018 3:00,11.27777778
UCM,H,194,SOILTD1,3/5/2018 4:00,3/5/2018 4:00,11.05555556
UCM,H,194,SOILTD1,3/5/2018 5:00,3/5/2018 5:00,10.83333333
UCM,H,194,SOILTD1,3/5/2018 6:00,3/5/2018 6:00,10.61111111
UCM,H,194,SOILTD1,3/5/2018 7:00,3/5/2018 7:00,10.38888889
UCM,H,194,SOILTD1,3/5/2018 8:00,3/5/2018 8:00,10.22222222
UCM,H,194,SOILTD1,3/5/2018 9:00,3/5/2018 9:00,10.11111111
UCM,H,194,SOILTD1,3/5/2018 10:00,3/5/2018 10:00,10.16666667
UCM,H,194,SOILTD1,3/5/2018 11:00,3/5/2018 11:00,10.55555556
UCM,H,194,SOILTD1,3/5/2018 12:00,3/5/2018 12:00,11.33333333
UCM,H,194,SOILTD1,3/5/2018 13:00,3/5/2018 13:00,12.27777778
UCM,H,194,SOILTD1,3/5/2018 14:00,3/5/2018 14:00,13.16666667
UCM,H,194,SOILTD1,3/5/2018 15:00,3/5/2018 15:00,13.83333333
UCM,H,194,SOILTD1,3/5/2018 16:00,3/5/2018 16:00,14.16666667
UCM,H,194,SOILTD1,3/5/2018 17:00,3/5/2018 17:00,14.22222222
UCM,H,194,SOILTD1,3/5/2018 18:00,3/5/2018 18:00,14.11111111
UCM,H,194,SOILTD1,3/5/2018 19:00,3/5/2018 19:00,13.83333333
UCM,H,194,SOILTD1,3/5/2018 20:00,3/5/2018 20:00,13.55555556
UCM,H,194,SOILTD1,3/5/2018 21:00,3/5/2018 21:00,13.16666667
UCM,H,194,SOILTD1,3/5/2018 22:00,3/5/2018 22:00,12.77777778
UCM,H,194,SOILTD1,3/5/2018 23:00,3/5/2018 23:00,12.44444444
UCM,H,194,SOILTD1,3/6/2018 0:00,3/6/2018 0:00,12.22222222
UCM,H,194,SOILTD1,3/6/2018 1:00,3/6/2018 1:00,11.88888889
UCM,H,194,SOILTD1,3/6/2018 2:00,3/6/2018 2:00,11.66666667
UCM,H,194,SOILTD1,3/6/2018 3:00,3/6/2018 3:00,11.44444444
UCM,H,194,SOILTD1,3/6/2018 4:00,3/6/2018 4:00,11.22222222
UCM,H,194,SOILTD1,3/6/2018 5:00,3/6/2018 5:00,11
UCM,H,194,SOILTD1,3/6/2018 6:00,3/6/2018 6:00,10.83333333
UCM,H,194,SOILTD1,3/6/2018 7:00,3/6/2018 7:00,10.66666667
UCM,H,194,SOILTD1,3/6/2018 8:00,3/6/2018 8:00,10.5
UCM,H,194,SOILTD1,3/6/2018 9:00,3/6/2018 9:00,10.44444444
UCM,H,194,SOILTD1,3/6/2018 10:00,3/6/2018 10:00,10.55555556
UCM,H,194,SOILTD1,3/6/2018 11:00,3/6/2018 11:00,11
UCM,H,194,SOILTD1,3/6/2018 12:00,3/6/2018 12:00,11.72222222
UCM,H,194,SOILTD1,3/6/2018 13:00,3/6/2018 13:00,12.55555556
UCM,H,194,SOILTD1,3/6/2018 14:00,3/6/2018 14:00,13.44444444
UCM,H,194,SOILTD1,3/6/2018 15:00,3/6/2018 15:00,14.11111111
UCM,H,194,SOILTD1,3/6/2018 16:00,3/6/2018 16:00,14.44444444
UCM,H,194,SOILTD1,3/6/2018 17:00,3/6/2018 17:00,14.55555556
UCM,H,194,SOILTD1,3/6/2018 18:00,3/6/2018 18:00,14.5
UCM,H,194,SOILTD1,3/6/2018 19:00,3/6/2018 19:00,14.27777778
UCM,H,194,SOILTD1,3/6/2018 20:00,3/6/2018 20:00,14
UCM,H,194,SOILTD1,3/6/2018 21:00,3/6/2018 21:00,13.66666667
UCM,H,194,SOILTD1,3/6/2018 22:00,3/6/2018 22:00,13.33333333
UCM,H,194,SOILTD1,3/6/2018 23:00,3/6/2018 23:00,13
UCM,H,194,SOILTD1,3/7/2018 0:00,3/7/2018 0:00,12.77777778
UCM,H,194,SOILTD1,3/7/2018 1:00,3/7/2018 1:00,12.55555556
UCM,H,194,SOILTD1,3/7/2018 2:00,3/7/2018 2:00,12.33333333
UCM,H,194,SOILTD1,3/7/2018 3:00,3/7/2018 3:00,12.16666667
UCM,H,194,SOILTD1,3/7/2018 4:00,3/7/2018 4:00,12.05555556
UCM,H,194,SOILTD1,3/7/2018 5:00,3/7/2018 5:00,11.94444444
UCM,H,194,SOILTD1,3/7/2018 6:00,3/7/2018 6:00,11.83333333
UCM,H,194,SOILTD1,3/7/2018 7:00,3/7/2018 7:00,11.77777778
UCM,H,194,SOILTD1,3/7/2018 8:00,3/7/2018 8:00,11.72222222
UCM,H,194,SOILTD1,3/7/2018 9:00,3/7/2018 9:00,11.72222222
UCM,H,194,SOILTD1,3/7/2018 10:00,3/7/2018 10:00,11.72222222
UCM,H,194,SOILTD1,3/7/2018 11:00,3/7/2018 11:00,11.94444444
UCM,H,194,SOILTD1,3/7/2018 12:00,3/7/2018 12:00,12.38888889
UCM,H,194,SOILTD1,3/7/2018 13:00,3/7/2018 13:00,13.05555556
UCM,H,194,SOILTD1,3/7/2018 14:00,3/7/2018 14:00,13.72222222
UCM,H,194,SOILTD1,3/7/2018 15:00,3/7/2018 15:00,14.22222222
UCM,H,194,SOILTD1,3/7/2018 16:00,3/7/2018 16:00,14.61111111
UCM,H,194,SOILTD1,3/7/2018 17:00,3/7/2018 17:00,14.72222222
UCM,H,194,SOILTD1,3/7/2018 18:00,3/7/2018 18:00,14.72222222
UCM,H,194,SOILTD1,3/7/2018 19:00,3/7/2018 19:00,14.61111111
UCM,H,194,SOILTD1,3/7/2018 20:00,3/7/2018 20:00,14.38888889
UCM,H,194,SOILTD1,3/7/2018 21:00,3/7/2018 21:00,14.11111111
UCM,H,194,SOILTD1,3/7/2018 22:00,3/7/2018 22:00,13.83333333
UCM,H,194,SOILTD1,3/7/2018 23:00,3/7/2018 23:00,13.55555556
UCM,H,194,SOILTD1,3/8/2018 0:00,3/8/2018 0:00,13.33333333
UCM,H,194,SOILTD1,3/8/2018 1:00,3/8/2018 1:00,13.22222222
UCM,H,194,SOILTD1,3/8/2018 2:00,3/8/2018 2:00,13.11111111
UCM,H,194,SOILTD1,3/8/2018 3:00,3/8/2018 3:00,13
UCM,H,194,SOILTD1,3/8/2018 4:00,3/8/2018 4:00,12.83333333
UCM,H,194,SOILTD1,3/8/2018 5:00,3/8/2018 5:00,12.66666667
UCM,H,194,SOILTD1,3/8/2018 6:00,3/8/2018 6:00,12.5
UCM,H,194,SOILTD1,3/8/2018 7:00,3/8/2018 7:00,12.38888889
UCM,H,194,SOILTD1,3/8/2018 8:00,3/8/2018 8:00,12.27777778
UCM,H,194,SOILTD1,3/8/2018 9:00,3/8/2018 9:00,12.33333333
UCM,H,194,SOILTD1,3/8/2018 10:00,3/8/2018 10:00,12.5
UCM,H,194,SOILTD1,3/8/2018 11:00,3/8/2018 11:00,12.88888889
UCM,H,194,SOILTD1,3/8/2018 12:00,3/8/2018 12:00,13.61111111
UCM,H,194,SOILTD1,3/8/2018 13:00,3/8/2018 13:00,14.38888889
UCM,H,194,SOILTD1,3/8/2018 14:00,3/8/2018 14:00,15.16666667
UCM,H,194,SOILTD1,3/8/2018 15:00,3/8/2018 15:00,15.77777778
UCM,H,194,SOILTD1,3/8/2018 16:00,3/8/2018 16:00,16.11111111
UCM,H,194,SOILTD1,3/8/2018 17:00,3/8/2018 17:00,16.11111111
UCM,H,194,SOILTD1,3/8/2018 18:00,3/8/2018 18:00,16
UCM,H,194,SOILTD1,3/8/2018 19:00,3/8/2018 19:00,15.77777778
UCM,H,194,SOILTD1,3/8/2018 20:00,3/8/2018 20:00,15.5
UCM,H,194,SOILTD1,3/8/2018 21:00,3/8/2018 21:00,15.22222222
UCM,H,194,SOILTD1,3/8/2018 22:00,3/8/2018 22:00,14.94444444
UCM,H,194,SOILTD1,3/8/2018 23:00,3/8/2018 23:00,14.72222222
UCM,H,194,SOILTD1,3/9/2018 0:00,3/9/2018 0:00,14.5
UCM,H,194,SOILTD1,3/9/2018 1:00,3/9/2018 1:00,14.33333333
UCM,H,194,SOILTD1,3/9/2018 2:00,3/9/2018 2:00,14.22222222
UCM,H,194,SOILTD1,3/9/2018 3:00,3/9/2018 3:00,14.05555556
UCM,H,194,SOILTD1,3/9/2018 4:00,3/9/2018 4:00,13.94444444
UCM,H,194,SOILTD1,3/9/2018 5:00,3/9/2018 5:00,13.77777778
UCM,H,194,SOILTD1,3/9/2018 6:00,3/9/2018 6:00,13.61111111
UCM,H,194,SOILTD1,3/9/2018 7:00,3/9/2018 7:00,13.5
UCM,H,194,SOILTD1,3/9/2018 8:00,3/9/2018 8:00,13.38888889
UCM,H,194,SOILTD1,3/9/2018 9:00,3/9/2018 9:00,13.27777778
UCM,H,194,SOILTD1,3/9/2018 10:00,3/9/2018 10:00,13.38888889
UCM,H,194,SOILTD1,3/9/2018 11:00,3/9/2018 11:00,13.66666667
UCM,H,194,SOILTD1,3/9/2018 12:00,3/9/2018 12:00,14.22222222
UCM,H,194,SOILTD1,3/9/2018 13:00,3/9/2018 13:00,14.88888889
UCM,H,194,SOILTD1,3/9/2018 14:00,3/9/2018 14:00,15.61111111
UCM,H,194,SOILTD1,3/9/2018 15:00,3/9/2018 15:00,16.11111111
UCM,H,194,SOILTD1,3/9/2018 16:00,3/9/2018 16:00,16.33333333
UCM,H,194,SOILTD1,3/9/2018 17:00,3/9/2018 17:00,16.38888889
UCM,H,194,SOILTD1,3/9/2018 18:00,3/9/2018 18:00,16.27777778
UCM,H,194,SOILTD1,3/9/2018 19:00,3/9/2018 19:00,16.11111111
UCM,H,194,SOILTD1,3/9/2018 20:00,3/9/2018 20:00,15.83333333
UCM,H,194,SOILTD1,3/9/2018 21:00,3/9/2018 21:00,15.5
UCM,H,194,SOILTD1,3/9/2018 22:00,3/9/2018 22:00,15.27777778
UCM,H,194,SOILTD1,3/9/2018 23:00,3/9/2018 23:00,15.05555556
UCM,H,194,SOILTD1,3/10/2018 0:00,3/10/2018 0:00,14.83333333
UCM,H,194,SOILTD1,3/10/2018 1:00,3/10/2018 1:00,14.66666667
UCM,H,194,SOILTD1,3/10/2018 2:00,3/10/2018 2:00,14.55555556
UCM,H,194,SOILTD1,3/10/2018 3:00,3/10/2018 3:00,14.38888889
UCM,H,194,SOILTD1,3/10/2018 4:00,3/10/2018 4:00,14.33333333
UCM,H,194,SOILTD1,3/10/2018 5:00,3/10/2018 5:00,14.22222222
UCM,H,194,SOILTD1,3/10/2018 6:00,3/10/2018 6:00,14.16666667
UCM,H,194,SOILTD1,3/10/2018 7:00,3/10/2018 7:00,14.05555556
UCM,H,194,SOILTD1,3/10/2018 8:00,3/10/2018 8:00,13.94444444
UCM,H,194,SOILTD1,3/10/2018 9:00,3/10/2018 9:00,13.88888889
UCM,H,194,SOILTD1,3/10/2018 10:00,3/10/2018 10:00,14
UCM,H,194,SOILTD1,3/10/2018 11:00,3/10/2018 11:00,14.16666667
UCM,H,194,SOILTD1,3/10/2018 12:00,3/10/2018 12:00,14.38888889
UCM,H,194,SOILTD1,3/10/2018 13:00,3/10/2018 13:00,14.61111111
UCM,H,194,SOILTD1,3/10/2018 14:00,3/10/2018 14:00,14.88888889
UCM,H,194,SOILTD1,3/10/2018 15:00,3/10/2018 15:00,15.16666667
UCM,H,194,SOILTD1,3/10/2018 16:00,3/10/2018 16:00,15.27777778
UCM,H,194,SOILTD1,3/10/2018 17:00,3/10/2018 17:00,15.27777778
UCM,H,194,SOILTD1,3/10/2018 18:00,3/10/2018 18:00,15.22222222
UCM,H,194,SOILTD1,3/10/2018 19:00,3/10/2018 19:00,15.16666667
UCM,H,194,SOILTD1,3/10/2018 20:00,3/10/2018 20:00,15
UCM,H,194,SOILTD1,3/10/2018 21:00,3/10/2018 21:00,14.83333333
UCM,H,194,SOILTD1,3/10/2018 22:00,3/10/2018 22:00,14.66666667
UCM,H,194,SOILTD1,3/10/2018 23:00,3/10/2018 23:00,14.5
UCM,H,194,SOILTD1,3/11/2018 0:00,3/11/2018 0:00,14.22222222
UCM,H,194,SOILTD1,3/11/2018 1:00,3/11/2018 1:00,14
UCM,H,194,SOILTD1,3/11/2018 3:00,3/11/2018 3:00,
UCM,H,194,SOILTD1,3/11/2018 4:00,3/11/2018 4:00,13.66666667
UCM,H,194,SOILTD1,3/11/2018 5:00,3/11/2018 5:00,13.55555556
UCM,H,194,SOILTD1,3/11/2018 6:00,3/11/2018 6:00,13.33333333
UCM,H,194,SOILTD1,3/11/2018 7:00,3/11/2018 7:00,13.16666667
UCM,H,194,SOILTD1,3/11/2018 8:00,3/11/2018 8:00,13.05555556
UCM,H,194,SOILTD1,3/11/2018 9:00,3/11/2018 9:00,12.94444444
UCM,H,194,SOILTD1,3/11/2018 10:00,3/11/2018 10:00,12.88888889
UCM,H,194,SOILTD1,3/11/2018 11:00,3/11/2018 11:00,13
UCM,H,194,SOILTD1,3/11/2018 12:00,3/11/2018 12:00,13.16666667
UCM,H,194,SOILTD1,3/11/2018 13:00,3/11/2018 13:00,13.66666667
UCM,H,194,SOILTD1,3/11/2018 14:00,3/11/2018 14:00,14.27777778
UCM,H,194,SOILTD1,3/11/2018 15:00,3/11/2018 15:00,15
UCM,H,194,SOILTD1,3/11/2018 16:00,3/11/2018 16:00,15.55555556
UCM,H,194,SOILTD1,3/11/2018 17:00,3/11/2018 17:00,15.94444444
UCM,H,194,SOILTD1,3/11/2018 18:00,3/11/2018 18:00,16.05555556
UCM,H,194,SOILTD1,3/11/2018 19:00,3/11/2018 19:00,16.05555556
UCM,H,194,SOILTD1,3/11/2018 20:00,3/11/2018 20:00,15.94444444
UCM,H,194,SOILTD1,3/11/2018 21:00,3/11/2018 21:00,15.72222222
UCM,H,194,SOILTD1,3/11/2018 22:00,3/11/2018 22:00,15.44444444
UCM,H,194,SOILTD1,3/11/2018 23:00,3/11/2018 23:00,15.22222222
UCM,H,194,SOILTD1,3/12/2018 0:00,3/12/2018 0:00,15
UCM,H,194,SOILTD1,3/12/2018 1:00,3/12/2018 1:00,14.83333333
UCM,H,194,SOILTD1,3/12/2018 2:00,3/12/2018 2:00,14.66666667
UCM,H,194,SOILTD1,3/12/2018 3:00,3/12/2018 3:00,14.55555556
UCM,H,194,SOILTD1,3/12/2018 4:00,3/12/2018 4:00,14.33333333
UCM,H,194,SOILTD1,3/12/2018 5:00,3/12/2018 5:00,14.22222222
UCM,H,194,SOILTD1,3/12/2018 6:00,3/12/2018 6:00,14.11111111
UCM,H,194,SOILTD1,3/12/2018 7:00,3/12/2018 7:00,14
UCM,H,194,SOILTD1,3/12/2018 8:00,3/12/2018 8:00,13.88888889
UCM,H,194,SOILTD1,3/12/2018 9:00,3/12/2018 9:00,13.77777778
UCM,H,194,SOILTD1,3/12/2018 10:00,3/12/2018 10:00,13.77777778
UCM,H,194,SOILTD1,3/12/2018 11:00,3/12/2018 11:00,13.83333333
UCM,H,194,SOILTD1,3/12/2018 12:00,3/12/2018 12:00,14.16666667
UCM,H,194,SOILTD1,3/12/2018 13:00,3/12/2018 13:00,14.72222222
UCM,H,194,SOILTD1,3/12/2018 14:00,3/12/2018 14:00,15.33333333
UCM,H,194,SOILTD1,3/12/2018 15:00,3/12/2018 15:00,15.94444444
UCM,H,194,SOILTD1,3/12/2018 16:00,3/12/2018 16:00,16.38888889
UCM,H,194,SOILTD1,3/12/2018 17:00,3/12/2018 17:00,16.66666667
UCM,H,194,SOILTD1,3/12/2018 18:00,3/12/2018 18:00,16.77777778
UCM,H,194,SOILTD1,3/12/2018 19:00,3/12/2018 19:00,16.77777778
UCM,H,194,SOILTD1,3/12/2018 20:00,3/12/2018 20:00,16.72222222
UCM,H,194,SOILTD1,3/12/2018 21:00,3/12/2018 21:00,16.55555556
UCM,H,194,SOILTD1,3/12/2018 22:00,3/12/2018 22:00,16.44444444
UCM,H,194,SOILTD1,3/12/2018 23:00,3/12/2018 23:00,16.33333333
UCM,H,194,SOILTD1,3/13/2018 0:00,3/13/2018 0:00,16.16666667
UCM,H,194,SOILTD1,3/13/2018 1:00,3/13/2018 1:00,16.05555556
UCM,H,194,SOILTD1,3/13/2018 2:00,3/13/2018 2:00,16
UCM,H,194,SOILTD1,3/13/2018 3:00,3/13/2018 3:00,15.83333333
UCM,H,194,SOILTD1,3/13/2018 4:00,3/13/2018 4:00,15.77777778
UCM,H,194,SOILTD1,3/13/2018 5:00,3/13/2018 5:00,15.66666667
UCM,H,194,SOILTD1,3/13/2018 6:00,3/13/2018 6:00,15.61111111
UCM,H,194,SOILTD1,3/13/2018 7:00,3/13/2018 7:00,15.5
UCM,H,194,SOILTD1,3/13/2018 8:00,3/13/2018 8:00,15.44444444
UCM,H,194,SOILTD1,3/13/2018 9:00,3/13/2018 9:00,15.38888889
UCM,H,194,SOILTD1,3/13/2018 10:00,3/13/2018 10:00,15.38888889
UCM,H,194,SOILTD1,3/13/2018 11:00,3/13/2018 11:00,15.44444444
UCM,H,194,SOILTD1,3/13/2018 12:00,3/13/2018 12:00,15.55555556
UCM,H,194,SOILTD1,3/13/2018 13:00,3/13/2018 13:00,15.72222222
UCM,H,194,SOILTD1,3/13/2018 14:00,3/13/2018 14:00,15.94444444
UCM,H,194,SOILTD1,3/13/2018 15:00,3/13/2018 15:00,16.22222222
UCM,H,194,SOILTD1,3/13/2018 16:00,3/13/2018 16:00,16.38888889
UCM,H,194,SOILTD1,3/13/2018 17:00,3/13/2018 17:00,16.5
UCM,H,194,SOILTD1,3/13/2018 18:00,3/13/2018 18:00,16.55555556
UCM,H,194,SOILTD1,3/13/2018 19:00,3/13/2018 19:00,16.5
UCM,H,194,SOILTD1,3/13/2018 20:00,3/13/2018 20:00,16.33333333
UCM,H,194,SOILTD1,3/13/2018 21:00,3/13/2018 21:00,16.22222222
UCM,H,194,SOILTD1,3/13/2018 22:00,3/13/2018 22:00,16
UCM,H,194,SOILTD1,3/13/2018 23:00,3/13/2018 23:00,15.83333333
UCM,H,194,SOILTD1,3/14/2018 0:00,3/14/2018 0:00,15.66666667
UCM,H,194,SOILTD1,3/14/2018 1:00,3/14/2018 1:00,15.55555556
UCM,H,194,SOILTD1,3/14/2018 2:00,3/14/2018 2:00,15.33333333
UCM,H,194,SOILTD1,3/14/2018 3:00,3/14/2018 3:00,15.11111111
UCM,H,194,SOILTD1,3/14/2018 4:00,3/14/2018 4:00,14.94444444
UCM,H,194,SOILTD1,3/14/2018 5:00,3/14/2018 5:00,14.77777778
UCM,H,194,SOILTD1,3/14/2018 6:00,3/14/2018 6:00,14.66666667
UCM,H,194,SOILTD1,3/14/2018 7:00,3/14/2018 7:00,14.55555556
UCM,H,194,SOILTD1,3/14/2018 8:00,3/14/2018 8:00,14.44444444
UCM,H,194,SOILTD1,3/14/2018 9:00,3/14/2018 9:00,14.38888889
UCM,H,194,SOILTD1,3/14/2018 10:00,3/14/2018 10:00,14.38888889
UCM,H,194,SOILTD1,3/14/2018 11:00,3/14/2018 11:00,14.44444444
UCM,H,194,SOILTD1,3/14/2018 12:00,3/14/2018 12:00,14.61111111
UCM,H,194,SOILTD1,3/14/2018 13:00,3/14/2018 13:00,14.72222222
UCM,H,194,SOILTD1,3/14/2018 14:00,3/14/2018 14:00,14.83333333
UCM,H,194,SOILTD1,3/14/2018 15:00,3/14/2018 15:00,15
UCM,H,194,SOILTD1,3/14/2018 16:00,3/14/2018 16:00,15.22222222
UCM,H,194,SOILTD1,3/14/2018 17:00,3/14/2018 17:00,15.44444444
UCM,H,194,SOILTD1,3/14/2018 18:00,3/14/2018 18:00,15.55555556
UCM,H,194,SOILTD1,3/14/2018 19:00,3/14/2018 19:00,15.5
UCM,H,194,SOILTD1,3/14/2018 20:00,3/14/2018 20:00,15.38888889
UCM,H,194,SOILTD1,3/14/2018 21:00,3/14/2018 21:00,15.22222222
UCM,H,194,SOILTD1,3/14/2018 22:00,3/14/2018 22:00,15.05555556
UCM,H,194,SOILTD1,3/14/2018 23:00,3/14/2018 23:00,14.88888889
UCM,H,194,SOILTD1,3/15/2018 0:00,3/15/2018 0:00,14.77777778
UCM,H,194,SOILTD1,3/15/2018 1:00,3/15/2018 1:00,14.66666667
UCM,H,194,SOILTD1,3/15/2018 2:00,3/15/2018 2:00,14.55555556
UCM,H,194,SOILTD1,3/15/2018 3:00,3/15/2018 3:00,14.38888889
UCM,H,194,SOILTD1,3/15/2018 4:00,3/15/2018 4:00,14.22222222
UCM,H,194,SOILTD1,3/15/2018 5:00,3/15/2018 5:00,14.05555556
UCM,H,194,SOILTD1,3/15/2018 6:00,3/15/2018 6:00,13.83333333
UCM,H,194,SOILTD1,3/15/2018 7:00,3/15/2018 7:00,13.72222222
UCM,H,194,SOILTD1,3/15/2018 8:00,3/15/2018 8:00,13.55555556
UCM,H,194,SOILTD1,3/15/2018 9:00,3/15/2018 9:00,13.38888889
UCM,H,194,SOILTD1,3/15/2018 10:00,3/15/2018 10:00,13.27777778
UCM,H,194,SOILTD1,3/15/2018 11:00,3/15/2018 11:00,13.22222222
UCM,H,194,SOILTD1,3/15/2018 12:00,3/15/2018 12:00,13.44444444
UCM,H,194,SOILTD1,3/15/2018 13:00,3/15/2018 13:00,13.94444444
UCM,H,194,SOILTD1,3/15/2018 14:00,3/15/2018 14:00,14.55555556
UCM,H,194,SOILTD1,3/15/2018 15:00,3/15/2018 15:00,15.11111111
UCM,H,194,SOILTD1,3/15/2018 16:00,3/15/2018 16:00,15.5
UCM,H,194,SOILTD1,3/15/2018 17:00,3/15/2018 17:00,15.72222222
UCM,H,194,SOILTD1,3/15/2018 18:00,3/15/2018 18:00,15.77777778
UCM,H,194,SOILTD1,3/15/2018 19:00,3/15/2018 19:00,15.72222222
UCM,H,194,SOILTD1,3/15/2018 20:00,3/15/2018 20:00,15.55555556
UCM,H,194,SOILTD1,3/15/2018 21:00,3/15/2018 21:00,15.38888889
UCM,H,194,SOILTD1,3/15/2018 22:00,3/15/2018 22:00,15.22222222
UCM,H,194,SOILTD1,3/15/2018 23:00,3/15/2018 23:00,15
UCM,H,194,SOILTD1,3/16/2018 0:00,3/16/2018 0:00,14.83333333
UCM,H,194,SOILTD1,3/16/2018 1:00,3/16/2018 1:00,14.66666667
UCM,H,194,SOILTD1,3/16/2018 2:00,3/16/2018 2:00,14.55555556
UCM,H,194,SOILTD1,3/16/2018 3:00,3/16/2018 3:00,14.44444444
UCM,H,194,SOILTD1,3/16/2018 4:00,3/16/2018 4:00,14.27777778
UCM,H,194,SOILTD1,3/16/2018 5:00,3/16/2018 5:00,14.16666667
UCM,H,194,SOILTD1,3/16/2018 6:00,3/16/2018 6:00,14
UCM,H,194,SOILTD1,3/16/2018 7:00,3/16/2018 7:00,13.94444444
UCM,H,194,SOILTD1,3/16/2018 8:00,3/16/2018 8:00,13.77777778
UCM,H,194,SOILTD1,3/16/2018 9:00,3/16/2018 9:00,13.66666667
UCM,H,194,SOILTD1,3/16/2018 10:00,3/16/2018 10:00,13.55555556
UCM,H,194,SOILTD1,3/16/2018 11:00,3/16/2018 11:00,13.5
UCM,H,194,SOILTD1,3/16/2018 12:00,3/16/2018 12:00,13.5
UCM,H,194,SOILTD1,3/16/2018 13:00,3/16/2018 13:00,13.5
UCM,H,194,SOILTD1,3/16/2018 14:00,3/16/2018 14:00,13.55555556
UCM,H,194,SOILTD1,3/16/2018 15:00,3/16/2018 15:00,13.72222222
UCM,H,194,SOILTD1,3/16/2018 16:00,3/16/2018 16:00,14
UCM,H,194,SOILTD1,3/16/2018 17:00,3/16/2018 17:00,14.27777778
UCM,H,194,SOILTD1,3/16/2018 18:00,3/16/2018 18:00,14.44444444
UCM,H,194,SOILTD1,3/16/2018 19:00,3/16/2018 19:00,14.5
UCM,H,194,SOILTD1,3/16/2018 20:00,3/16/2018 20:00,14.44444444
UCM,H,194,SOILTD1,3/16/2018 21:00,3/16/2018 21:00,14.22222222
UCM,H,194,SOILTD1,3/16/2018 22:00,3/16/2018 22:00,14.05555556
UCM,H,194,SOILTD1,3/16/2018 23:00,3/16/2018 23:00,13.88888889
UCM,H,194,SOILTD1,3/17/2018 0:00,3/17/2018 0:00,13.77777778
UCM,H,194,SOILTD1,3/17/2018 1:00,3/17/2018 1:00,13.66666667
UCM,H,194,SOILTD1,3/17/2018 2:00,3/17/2018 2:00,13.55555556
UCM,H,194,SOILTD1,3/17/2018 3:00,3/17/2018 3:00,13.38888889
UCM,H,194,SOILTD1,3/17/2018 4:00,3/17/2018 4:00,13.22222222
UCM,H,194,SOILTD1,3/17/2018 5:00,3/17/2018 5:00,13
UCM,H,194,SOILTD1,3/17/2018 6:00,3/17/2018 6:00,12.83333333
UCM,H,194,SOILTD1,3/17/2018 7:00,3/17/2018 7:00,12.72222222
UCM,H,194,SOILTD1,3/17/2018 8:00,3/17/2018 8:00,12.55555556
UCM,H,194,SOILTD1,3/17/2018 9:00,3/17/2018 9:00,12.44444444
UCM,H,194,SOILTD1,3/17/2018 10:00,3/17/2018 10:00,12.38888889
UCM,H,194,SOILTD1,3/17/2018 11:00,3/17/2018 11:00,12.5
UCM,H,194,SOILTD1,3/17/2018 12:00,3/17/2018 12:00,12.77777778
UCM,H,194,SOILTD1,3/17/2018 13:00,3/17/2018 13:00,13.33333333
UCM,H,194,SOILTD1,3/17/2018 14:00,3/17/2018 14:00,13.88888889
UCM,H,194,SOILTD1,3/17/2018 15:00,3/17/2018 15:00,14.44444444
UCM,H,194,SOILTD1,3/17/2018 16:00,3/17/2018 16:00,14.94444444
UCM,H,194,SOILTD1,3/17/2018 17:00,3/17/2018 17:00,15.16666667
UCM,H,194,SOILTD1,3/17/2018 18:00,3/17/2018 18:00,15.27777778
UCM,H,194,SOILTD1,3/17/2018 19:00,3/17/2018 19:00,15.22222222
UCM,H,194,SOILTD1,3/17/2018 20:00,3/17/2018 20:00,15.11111111
UCM,H,194,SOILTD1,3/17/2018 21:00,3/17/2018 21:00,14.88888889
UCM,H,194,SOILTD1,3/17/2018 22:00,3/17/2018 22:00,14.55555556
UCM,H,194,SOILTD1,3/17/2018 23:00,3/17/2018 23:00,14.27777778
UCM,H,194,SOILTD1,3/18/2018 0:00,3/18/2018 0:00,14
UCM,H,194,SOILTD1,3/18/2018 1:00,3/18/2018 1:00,13.72222222
UCM,H,194,SOILTD1,3/18/2018 2:00,3/18/2018 2:00,13.5
UCM,H,194,SOILTD1,3/18/2018 3:00,3/18/2018 3:00,13.22222222
UCM,H,194,SOILTD1,3/18/2018 4:00,3/18/2018 4:00,13
UCM,H,194,SOILTD1,3/18/2018 5:00,3/18/2018 5:00,12.77777778
UCM,H,194,SOILTD1,3/18/2018 6:00,3/18/2018 6:00,12.5
UCM,H,194,SOILTD1,3/18/2018 7:00,3/18/2018 7:00,12.27777778
UCM,H,194,SOILTD1,3/18/2018 8:00,3/18/2018 8:00,12.05555556
UCM,H,194,SOILTD1,3/18/2018 9:00,3/18/2018 9:00,11.88888889
UCM,H,194,SOILTD1,3/18/2018 10:00,3/18/2018 10:00,11.77777778
UCM,H,194,SOILTD1,3/18/2018 11:00,3/18/2018 11:00,11.83333333
UCM,H,194,SOILTD1,3/18/2018 12:00,3/18/2018 12:00,12.05555556
UCM,H,194,SOILTD1,3/18/2018 13:00,3/18/2018 13:00,12.55555556
UCM,H,194,SOILTD1,3/18/2018 14:00,3/18/2018 14:00,13.11111111
UCM,H,194,SOILTD1,3/18/2018 15:00,3/18/2018 15:00,13.66666667
UCM,H,194,SOILTD1,3/18/2018 16:00,3/18/2018 16:00,14.16666667
UCM,H,194,SOILTD1,3/18/2018 17:00,3/18/2018 17:00,14.38888889
UCM,H,194,SOILTD1,3/18/2018 18:00,3/18/2018 18:00,14.5
UCM,H,194,SOILTD1,3/18/2018 19:00,3/18/2018 19:00,14.5
UCM,H,194,SOILTD1,3/18/2018 20:00,3/18/2018 20:00,14.38888889
UCM,H,194,SOILTD1,3/18/2018 21:00,3/18/2018 21:00,14.22222222
UCM,H,194,SOILTD1,3/18/2018 22:00,3/18/2018 22:00,14.05555556
UCM,H,194,SOILTD1,3/18/2018 23:00,3/18/2018 23:00,13.83333333
UCM,H,194,SOILTD1,3/19/2018 0:00,3/19/2018 0:00,13.66666667
UCM,H,194,SOILTD1,3/19/2018 1:00,3/19/2018 1:00,13.44444444
UCM,H,194,SOILTD1,3/19/2018 2:00,3/19/2018 2:00,13.22222222
UCM,H,194,SOILTD1,3/19/2018 3:00,3/19/2018 3:00,13
UCM,H,194,SOILTD1,3/19/2018 4:00,3/19/2018 4:00,12.72222222
UCM,H,194,SOILTD1,3/19/2018 5:00,3/19/2018 5:00,12.5
UCM,H,194,SOILTD1,3/19/2018 6:00,3/19/2018 6:00,12.27777778
UCM,H,194,SOILTD1,3/19/2018 7:00,3/19/2018 7:00,12.16666667
UCM,H,194,SOILTD1,3/19/2018 8:00,3/19/2018 8:00,11.94444444
UCM,H,194,SOILTD1,3/19/2018 9:00,3/19/2018 9:00,11.77777778
UCM,H,194,SOILTD1,3/19/2018 10:00,3/19/2018 10:00,11.72222222
UCM,H,194,SOILTD1,3/19/2018 11:00,3/19/2018 11:00,11.77777778
UCM,H,194,SOILTD1,3/19/2018 12:00,3/19/2018 12:00,12
UCM,H,194,SOILTD1,3/19/2018 13:00,3/19/2018 13:00,12.5
UCM,H,194,SOILTD1,3/19/2018 14:00,3/19/2018 14:00,13.22222222
UCM,H,194,SOILTD1,3/19/2018 15:00,3/19/2018 15:00,13.83333333
UCM,H,194,SOILTD1,3/19/2018 16:00,3/19/2018 16:00,14.33333333
UCM,H,194,SOILTD1,3/19/2018 17:00,3/19/2018 17:00,14.72222222
UCM,H,194,SOILTD1,3/19/2018 18:00,3/19/2018 18:00,14.83333333
UCM,H,194,SOILTD1,3/19/2018 19:00,3/19/2018 19:00,14.88888889
UCM,H,194,SOILTD1,3/19/2018 20:00,3/19/2018 20:00,14.83333333
UCM,H,194,SOILTD1,3/19/2018 21:00,3/19/2018 21:00,14.66666667
UCM,H,194,SOILTD1,3/19/2018 22:00,3/19/2018 22:00,14.44444444
UCM,H,194,SOILTD1,3/19/2018 23:00,3/19/2018 23:00,14.22222222
UCM,H,194,SOILTD1,3/20/2018 0:00,3/20/2018 0:00,14.05555556
UCM,H,194,SOILTD1,3/20/2018 1:00,3/20/2018 1:00,13.88888889
UCM,H,194,SOILTD1,3/20/2018 2:00,3/20/2018 2:00,13.77777778
UCM,H,194,SOILTD1,3/20/2018 3:00,3/20/2018 3:00,13.66666667
UCM,H,194,SOILTD1,3/20/2018 4:00,3/20/2018 4:00,13.61111111
UCM,H,194,SOILTD1,3/20/2018 5:00,3/20/2018 5:00,13.55555556
UCM,H,194,SOILTD1,3/20/2018 6:00,3/20/2018 6:00,13.5
UCM,H,194,SOILTD1,3/20/2018 7:00,3/20/2018 7:00,13.38888889
UCM,H,194,SOILTD1,3/20/2018 8:00,3/20/2018 8:00,13.38888889
UCM,H,194,SOILTD1,3/20/2018 9:00,3/20/2018 9:00,13.38888889
UCM,H,194,SOILTD1,3/20/2018 10:00,3/20/2018 10:00,13.38888889
UCM,H,194,SOILTD1,3/20/2018 11:00,3/20/2018 11:00,13.38888889
UCM,H,194,SOILTD1,3/20/2018 12:00,3/20/2018 12:00,13.5
UCM,H,194,SOILTD1,3/20/2018 13:00,3/20/2018 13:00,13.55555556
UCM,H,194,SOILTD1,3/20/2018 14:00,3/20/2018 14:00,13.66666667
UCM,H,194,SOILTD1,3/20/2018 15:00,3/20/2018 15:00,13.83333333
UCM,H,194,SOILTD1,3/20/2018 16:00,3/20/2018 16:00,14
UCM,H,194,SOILTD1,3/20/2018 17:00,3/20/2018 17:00,14.11111111
UCM,H,194,SOILTD1,3/20/2018 18:00,3/20/2018 18:00,14.11111111
UCM,H,194,SOILTD1,3/20/2018 19:00,3/20/2018 19:00,14.05555556
UCM,H,194,SOILTD1,3/20/2018 20:00,3/20/2018 20:00,14
UCM,H,194,SOILTD1,3/20/2018 21:00,3/20/2018 21:00,13.88888889
UCM,H,194,SOILTD1,3/20/2018 22:00,3/20/2018 22:00,13.77777778
UCM,H,194,SOILTD1,3/20/2018 23:00,3/20/2018 23:00,13.77777778
UCM,H,194,SOILTD1,3/21/2018 0:00,3/21/2018 0:00,13.72222222
UCM,H,194,SOILTD1,3/21/2018 1:00,3/21/2018 1:00,13.66666667
UCM,H,194,SOILTD1,3/21/2018 2:00,3/21/2018 2:00,13.61111111
UCM,H,194,SOILTD1,3/21/2018 3:00,3/21/2018 3:00,13.61111111
UCM,H,194,SOILTD1,3/21/2018 4:00,3/21/2018 4:00,13.61111111
UCM,H,194,SOILTD1,3/21/2018 5:00,3/21/2018 5:00,13.55555556
UCM,H,194,SOILTD1,3/21/2018 6:00,3/21/2018 6:00,13.55555556
UCM,H,194,SOILTD1,3/21/2018 7:00,3/21/2018 7:00,13.61111111
UCM,H,194,SOILTD1,3/21/2018 8:00,3/21/2018 8:00,13.61111111
UCM,H,194,SOILTD1,3/21/2018 9:00,3/21/2018 9:00,13.61111111
UCM,H,194,SOILTD1,3/21/2018 10:00,3/21/2018 10:00,13.61111111
UCM,H,194,SOILTD1,3/21/2018 11:00,3/21/2018 11:00,13.77777778
UCM,H,194,SOILTD1,3/21/2018 12:00,3/21/2018 12:00,13.94444444
UCM,H,194,SOILTD1,3/21/2018 13:00,3/21/2018 13:00,14.16666667
UCM,H,194,SOILTD1,3/21/2018 14:00,3/21/2018 14:00,14.33333333
UCM,H,194,SOILTD1,3/21/2018 15:00,3/21/2018 15:00,14.55555556
UCM,H,194,SOILTD1,3/21/2018 16:00,3/21/2018 16:00,14.72222222
UCM,H,194,SOILTD1,3/21/2018 17:00,3/21/2018 17:00,14.83333333
UCM,H,194,SOILTD1,3/21/2018 18:00,3/21/2018 18:00,15
UCM,H,194,SOILTD1,3/21/2018 19:00,3/21/2018 19:00,15
UCM,H,194,SOILTD1,3/21/2018 20:00,3/21/2018 20:00,15
UCM,H,194,SOILTD1,3/21/2018 21:00,3/21/2018 21:00,15
UCM,H,194,SOILTD1,3/21/2018 22:00,3/21/2018 22:00,15
UCM,H,194,SOILTD1,3/21/2018 23:00,3/21/2018 23:00,15
UCM,H,194,SOILTD1,3/22/2018 0:00,3/22/2018 0:00,15
UCM,H,194,SOILTD1,3/22/2018 1:00,3/22/2018 1:00,15
UCM,H,194,SOILTD1,3/22/2018 2:00,3/22/2018 2:00,15
UCM,H,194,SOILTD1,3/22/2018 3:00,3/22/2018 3:00,15
UCM,H,194,SOILTD1,3/22/2018 4:00,3/22/2018 4:00,15
UCM,H,194,SOILTD1,3/22/2018 5:00,3/22/2018 5:00,15
UCM,H,194,SOILTD1,3/22/2018 6:00,3/22/2018 6:00,15
UCM,H,194,SOILTD1,3/22/2018 7:00,3/22/2018 7:00,14.88888889
UCM,H,194,SOILTD1,3/22/2018 8:00,3/22/2018 8:00,14.88888889
UCM,H,194,SOILTD1,3/22/2018 9:00,3/22/2018 9:00,14.88888889
UCM,H,194,SOILTD1,3/22/2018 10:00,3/22/2018 10:00,14.88888889
UCM,H,194,SOILTD1,3/22/2018 11:00,3/22/2018 11:00,14.88888889
UCM,H,194,SOILTD1,3/22/2018 12:00,3/22/2018 12:00,15
UCM,H,194,SOILTD1,3/22/2018 13:00,3/22/2018 13:00,15.16666667
UCM,H,194,SOILTD1,3/22/2018 14:00,3/22/2018 14:00,15.38888889
UCM,H,194,SOILTD1,3/22/2018 15:00,3/22/2018 15:00,15.61111111
UCM,H,194,SOILTD1,3/22/2018 16:00,3/22/2018 16:00,15.72222222
UCM,H,194,SOILTD1,3/22/2018 17:00,3/22/2018 17:00,15.77777778
UCM,H,194,SOILTD1,3/22/2018 18:00,3/22/2018 18:00,15.77777778
UCM,H,194,SOILTD1,3/22/2018 19:00,3/22/2018 19:00,15.77777778
UCM,H,194,SOILTD1,3/22/2018 20:00,3/22/2018 20:00,15.72222222
UCM,H,194,SOILTD1,3/22/2018 21:00,3/22/2018 21:00,15.55555556
UCM,H,194,SOILTD1,3/22/2018 22:00,3/22/2018 22:00,15.38888889
UCM,H,194,SOILTD1,3/22/2018 23:00,3/22/2018 23:00,15.22222222
UCM,H,194,SOILTD1,3/23/2018 0:00,3/23/2018 0:00,15
UCM,H,194,SOILTD1,3/23/2018 1:00,3/23/2018 1:00,14.77777778
UCM,H,194,SOILTD1,3/23/2018 2:00,3/23/2018 2:00,14.55555556
UCM,H,194,SOILTD1,3/23/2018 3:00,3/23/2018 3:00,14.33333333
UCM,H,194,SOILTD1,3/23/2018 4:00,3/23/2018 4:00,14.16666667
UCM,H,194,SOILTD1,3/23/2018 5:00,3/23/2018 5:00,14
UCM,H,194,SOILTD1,3/23/2018 6:00,3/23/2018 6:00,13.77777778
UCM,H,194,SOILTD1,3/23/2018 7:00,3/23/2018 7:00,13.66666667
UCM,H,194,SOILTD1,3/23/2018 8:00,3/23/2018 8:00,13.5
UCM,H,194,SOILTD1,3/23/2018 9:00,3/23/2018 9:00,13.33333333
UCM,H,194,SOILTD1,3/23/2018 10:00,3/23/2018 10:00,13.27777778
UCM,H,194,SOILTD1,3/23/2018 11:00,3/23/2018 11:00,13.22222222
UCM,H,194,SOILTD1,3/23/2018 12:00,3/23/2018 12:00,13.38888889
UCM,H,194,SOILTD1,3/23/2018 13:00,3/23/2018 13:00,13.77777778
UCM,H,194,SOILTD1,3/23/2018 14:00,3/23/2018 14:00,14.16666667
UCM,H,194,SOILTD1,3/23/2018 15:00,3/23/2018 15:00,14.66666667
UCM,H,194,SOILTD1,3/23/2018 16:00,3/23/2018 16:00,15.05555556
UCM,H,194,SOILTD1,3/23/2018 17:00,3/23/2018 17:00,15.27777778
UCM,H,194,SOILTD1,3/23/2018 18:00,3/23/2018 18:00,15.27777778
UCM,H,194,SOILTD1,3/23/2018 19:00,3/23/2018 19:00,15.27777778
UCM,H,194,SOILTD1,3/23/2018 20:00,3/23/2018 20:00,15.16666667
UCM,H,194,SOILTD1,3/23/2018 21:00,3/23/2018 21:00,14.94444444
UCM,H,194,SOILTD1,3/23/2018 22:00,3/23/2018 22:00,14.61111111
UCM,H,194,SOILTD1,3/23/2018 23:00,3/23/2018 23:00,14.38888889
UCM,H,194,SOILTD1,3/24/2018 0:00,3/24/2018 0:00,14.22222222
UCM,H,194,SOILTD1,3/24/2018 1:00,3/24/2018 1:00,14
UCM,H,194,SOILTD1,3/24/2018 2:00,3/24/2018 2:00,13.88888889
UCM,H,194,SOILTD1,3/24/2018 3:00,3/24/2018 3:00,13.77777778
UCM,H,194,SOILTD1,3/24/2018 4:00,3/24/2018 4:00,13.61111111
UCM,H,194,SOILTD1,3/24/2018 5:00,3/24/2018 5:00,13.44444444
UCM,H,194,SOILTD1,3/24/2018 6:00,3/24/2018 6:00,13.33333333
UCM,H,194,SOILTD1,3/24/2018 7:00,3/24/2018 7:00,13.16666667
UCM,H,194,SOILTD1,3/24/2018 8:00,3/24/2018 8:00,13
UCM,H,194,SOILTD1,3/24/2018 9:00,3/24/2018 9:00,12.83333333
UCM,H,194,SOILTD1,3/24/2018 10:00,3/24/2018 10:00,12.77777778
UCM,H,194,SOILTD1,3/24/2018 11:00,3/24/2018 11:00,12.77777778
UCM,H,194,SOILTD1,3/24/2018 12:00,3/24/2018 12:00,13.05555556
UCM,H,194,SOILTD1,3/24/2018 13:00,3/24/2018 13:00,13.44444444
UCM,H,194,SOILTD1,3/24/2018 14:00,3/24/2018 14:00,13.94444444
UCM,H,194,SOILTD1,3/24/2018 15:00,3/24/2018 15:00,14.44444444
UCM,H,194,SOILTD1,3/24/2018 16:00,3/24/2018 16:00,14.44444444
UCM,H,194,SOILTD1,3/24/2018 17:00,3/24/2018 17:00,14
UCM,H,194,SOILTD1,3/24/2018 18:00,3/24/2018 18:00,13.88888889
UCM,H,194,SOILTD1,3/24/2018 19:00,3/24/2018 19:00,13.88888889
UCM,H,194,SOILTD1,3/24/2018 20:00,3/24/2018 20:00,14
UCM,H,194,SOILTD1,3/24/2018 21:00,3/24/2018 21:00,13.88888889
UCM,H,194,SOILTD1,3/24/2018 22:00,3/24/2018 22:00,13.83333333
UCM,H,194,SOILTD1,3/24/2018 23:00,3/24/2018 23:00,13.66666667
UCM,H,194,SOILTD1,3/25/2018 0:00,3/25/2018 0:00,13.55555556
UCM,H,194,SOILTD1,3/25/2018 1:00,3/25/2018 1:00,13.44444444
UCM,H,194,SOILTD1,3/25/2018 2:00,3/25/2018 2:00,13.22222222
UCM,H,194,SOILTD1,3/25/2018 3:00,3/25/2018 3:00,13.11111111
UCM,H,194,SOILTD1,3/25/2018 4:00,3/25/2018 4:00,13
UCM,H,194,SOILTD1,3/25/2018 5:00,3/25/2018 5:00,12.83333333
UCM,H,194,SOILTD1,3/25/2018 6:00,3/25/2018 6:00,12.77777778
UCM,H,194,SOILTD1,3/25/2018 7:00,3/25/2018 7:00,12.66666667
UCM,H,194,SOILTD1,3/25/2018 8:00,3/25/2018 8:00,12.55555556
UCM,H,194,SOILTD1,3/25/2018 9:00,3/25/2018 9:00,12.5
UCM,H,194,SOILTD1,3/25/2018 10:00,3/25/2018 10:00,12.38888889
UCM,H,194,SOILTD1,3/25/2018 11:00,3/25/2018 11:00,12.5
UCM,H,194,SOILTD1,3/25/2018 12:00,3/25/2018 12:00,12.66666667
UCM,H,194,SOILTD1,3/25/2018 13:00,3/25/2018 13:00,12.94444444
UCM,H,194,SOILTD1,3/25/2018 14:00,3/25/2018 14:00,13.33333333
UCM,H,194,SOILTD1,3/25/2018 15:00,3/25/2018 15:00,13.77777778
UCM,H,194,SOILTD1,3/25/2018 16:00,3/25/2018 16:00,14.11111111
UCM,H,194,SOILTD1,3/25/2018 17:00,3/25/2018 17:00,14.27777778
UCM,H,194,SOILTD1,3/25/2018 18:00,3/25/2018 18:00,14.27777778
UCM,H,194,SOILTD1,3/25/2018 19:00,3/25/2018 19:00,14.22222222
UCM,H,194,SOILTD1,3/25/2018 20:00,3/25/2018 20:00,14.11111111
UCM,H,194,SOILTD1,3/25/2018 21:00,3/25/2018 21:00,13.94444444
UCM,H,194,SOILTD1,3/25/2018 22:00,3/25/2018 22:00,13.77777778
UCM,H,194,SOILTD1,3/25/2018 23:00,3/25/2018 23:00,13.61111111
UCM,H,194,SOILTD1,3/26/2018 0:00,3/26/2018 0:00,13.5
UCM,H,194,SOILTD1,3/26/2018 1:00,3/26/2018 1:00,13.33333333
UCM,H,194,SOILTD1,3/26/2018 2:00,3/26/2018 2:00,13.22222222
UCM,H,194,SOILTD1,3/26/2018 3:00,3/26/2018 3:00,13.11111111
UCM,H,194,SOILTD1,3/26/2018 4:00,3/26/2018 4:00,13
UCM,H,194,SOILTD1,3/26/2018 5:00,3/26/2018 5:00,12.83333333
UCM,H,194,SOILTD1,3/26/2018 6:00,3/26/2018 6:00,12.77777778
UCM,H,194,SOILTD1,3/26/2018 7:00,3/26/2018 7:00,12.61111111
UCM,H,194,SOILTD1,3/26/2018 8:00,3/26/2018 8:00,12.5
UCM,H,194,SOILTD1,3/26/2018 9:00,3/26/2018 9:00,12.38888889
UCM,H,194,SOILTD1,3/26/2018 10:00,3/26/2018 10:00,12.27777778
UCM,H,194,SOILTD1,3/26/2018 11:00,3/26/2018 11:00,12.33333333
UCM,H,194,SOILTD1,3/26/2018 12:00,3/26/2018 12:00,12.5
UCM,H,194,SOILTD1,3/26/2018 13:00,3/26/2018 13:00,12.83333333
UCM,H,194,SOILTD1,3/26/2018 14:00,3/26/2018 14:00,13.33333333
UCM,H,194,SOILTD1,3/26/2018 15:00,3/26/2018 15:00,13.83333333
UCM,H,194,SOILTD1,3/26/2018 16:00,3/26/2018 16:00,14.22222222
UCM,H,194,SOILTD1,3/26/2018 17:00,3/26/2018 17:00,14.44444444
UCM,H,194,SOILTD1,3/26/2018 18:00,3/26/2018 18:00,14.5
UCM,H,194,SOILTD1,3/26/2018 19:00,3/26/2018 19:00,14.5
UCM,H,194,SOILTD1,3/26/2018 20:00,3/26/2018 20:00,14.38888889
UCM,H,194,SOILTD1,3/26/2018 21:00,3/26/2018 21:00,14.22222222
UCM,H,194,SOILTD1,3/26/2018 22:00,3/26/2018 22:00,14.05555556
UCM,H,194,SOILTD1,3/26/2018 23:00,3/26/2018 23:00,13.77777778
UCM,H,194,SOILTD1,3/27/2018 0:00,3/27/2018 0:00,13.61111111
UCM,H,194,SOILTD1,3/27/2018 1:00,3/27/2018 1:00,13.38888889
UCM,H,194,SOILTD1,3/27/2018 2:00,3/27/2018 2:00,13.16666667
UCM,H,194,SOILTD1,3/27/2018 3:00,3/27/2018 3:00,13
UCM,H,194,SOILTD1,3/27/2018 4:00,3/27/2018 4:00,12.83333333
UCM,H,194,SOILTD1,3/27/2018 5:00,3/27/2018 5:00,12.66666667
UCM,H,194,SOILTD1,3/27/2018 6:00,3/27/2018 6:00,12.44444444
UCM,H,194,SOILTD1,3/27/2018 7:00,3/27/2018 7:00,12.27777778
UCM,H,194,SOILTD1,3/27/2018 8:00,3/27/2018 8:00,12.16666667
UCM,H,194,SOILTD1,3/27/2018 9:00,3/27/2018 9:00,12
UCM,H,194,SOILTD1,3/27/2018 10:00,3/27/2018 10:00,12
UCM,H,194,SOILTD1,3/27/2018 11:00,3/27/2018 11:00,12.11111111
UCM,H,194,SOILTD1,3/27/2018 12:00,3/27/2018 12:00,12.38888889
UCM,H,194,SOILTD1,3/27/2018 13:00,3/27/2018 13:00,12.83333333
UCM,H,194,SOILTD1,3/27/2018 14:00,3/27/2018 14:00,13.38888889
UCM,H,194,SOILTD1,3/27/2018 15:00,3/27/2018 15:00,14
UCM,H,194,SOILTD1,3/27/2018 16:00,3/27/2018 16:00,14.44444444
UCM,H,194,SOILTD1,3/27/2018 17:00,3/27/2018 17:00,14.66666667
UCM,H,194,SOILTD1,3/27/2018 18:00,3/27/2018 18:00,14.77777778
UCM,H,194,SOILTD1,3/27/2018 19:00,3/27/2018 19:00,14.77777778
UCM,H,194,SOILTD1,3/27/2018 20:00,3/27/2018 20:00,14.66666667
UCM,H,194,SOILTD1,3/27/2018 21:00,3/27/2018 21:00,14.55555556
UCM,H,194,SOILTD1,3/27/2018 22:00,3/27/2018 22:00,14.33333333
UCM,H,194,SOILTD1,3/27/2018 23:00,3/27/2018 23:00,14.16666667
UCM,H,194,SOILTD1,3/28/2018 0:00,3/28/2018 0:00,13.94444444
UCM,H,194,SOILTD1,3/28/2018 1:00,3/28/2018 1:00,13.77777778
UCM,H,194,SOILTD1,3/28/2018 2:00,3/28/2018 2:00,13.61111111
UCM,H,194,SOILTD1,3/28/2018 3:00,3/28/2018 3:00,13.5
UCM,H,194,SOILTD1,3/28/2018 4:00,3/28/2018 4:00,13.33333333
UCM,H,194,SOILTD1,3/28/2018 5:00,3/28/2018 5:00,13.22222222
UCM,H,194,SOILTD1,3/28/2018 6:00,3/28/2018 6:00,13.11111111
UCM,H,194,SOILTD1,3/28/2018 7:00,3/28/2018 7:00,13.05555556
UCM,H,194,SOILTD1,3/28/2018 8:00,3/28/2018 8:00,12.94444444
UCM,H,194,SOILTD1,3/28/2018 9:00,3/28/2018 9:00,12.83333333
UCM,H,194,SOILTD1,3/28/2018 10:00,3/28/2018 10:00,12.77777778
UCM,H,194,SOILTD1,3/28/2018 11:00,3/28/2018 11:00,12.94444444
UCM,H,194,SOILTD1,3/28/2018 12:00,3/28/2018 12:00,13.16666667
UCM,H,194,SOILTD1,3/28/2018 13:00,3/28/2018 13:00,13.55555556
UCM,H,194,SOILTD1,3/28/2018 14:00,3/28/2018 14:00,14.05555556
UCM,H,194,SOILTD1,3/28/2018 15:00,3/28/2018 15:00,14.61111111
UCM,H,194,SOILTD1,3/28/2018 16:00,3/28/2018 16:00,15
UCM,H,194,SOILTD1,3/28/2018 17:00,3/28/2018 17:00,15.27777778
UCM,H,194,SOILTD1,3/28/2018 18:00,3/28/2018 18:00,15.38888889
UCM,H,194,SOILTD1,3/28/2018 19:00,3/28/2018 19:00,15.38888889
UCM,H,194,SOILTD1,3/28/2018 20:00,3/28/2018 20:00,15.33333333
UCM,H,194,SOILTD1,3/28/2018 21:00,3/28/2018 21:00,15.22222222
UCM,H,194,SOILTD1,3/28/2018 22:00,3/28/2018 22:00,15.05555556
UCM,H,194,SOILTD1,3/28/2018 23:00,3/28/2018 23:00,14.88888889
UCM,H,194,SOILTD1,3/29/2018 0:00,3/29/2018 0:00,14.72222222
UCM,H,194,SOILTD1,3/29/2018 1:00,3/29/2018 1:00,14.55555556
UCM,H,194,SOILTD1,3/29/2018 2:00,3/29/2018 2:00,14.44444444
UCM,H,194,SOILTD1,3/29/2018 3:00,3/29/2018 3:00,14.33333333
UCM,H,194,SOILTD1,3/29/2018 4:00,3/29/2018 4:00,14.22222222
UCM,H,194,SOILTD1,3/29/2018 5:00,3/29/2018 5:00,14.05555556
UCM,H,194,SOILTD1,3/29/2018 6:00,3/29/2018 6:00,14
UCM,H,194,SOILTD1,3/29/2018 7:00,3/29/2018 7:00,13.88888889
UCM,H,194,SOILTD1,3/29/2018 8:00,3/29/2018 8:00,13.77777778
UCM,H,194,SOILTD1,3/29/2018 9:00,3/29/2018 9:00,13.72222222
UCM,H,194,SOILTD1,3/29/2018 10:00,3/29/2018 10:00,13.72222222
UCM,H,194,SOILTD1,3/29/2018 11:00,3/29/2018 11:00,13.77777778
UCM,H,194,SOILTD1,3/29/2018 12:00,3/29/2018 12:00,14.05555556
UCM,H,194,SOILTD1,3/29/2018 13:00,3/29/2018 13:00,14.44444444
UCM,H,194,SOILTD1,3/29/2018 14:00,3/29/2018 14:00,14.88888889
UCM,H,194,SOILTD1,3/29/2018 15:00,3/29/2018 15:00,15.38888889
UCM,H,194,SOILTD1,3/29/2018 16:00,3/29/2018 16:00,15.77777778
UCM,H,194,SOILTD1,3/29/2018 17:00,3/29/2018 17:00,16.05555556
UCM,H,194,SOILTD1,3/29/2018 18:00,3/29/2018 18:00,16.22222222
UCM,H,194,SOILTD1,3/29/2018 19:00,3/29/2018 19:00,16.22222222
UCM,H,194,SOILTD1,3/29/2018 20:00,3/29/2018 20:00,16.16666667
UCM,H,194,SOILTD1,3/29/2018 21:00,3/29/2018 21:00,16.05555556
UCM,H,194,SOILTD1,3/29/2018 22:00,3/29/2018 22:00,15.88888889
UCM,H,194,SOILTD1,3/29/2018 23:00,3/29/2018 23:00,15.77777778
UCM,H,194,SOILTD1,3/30/2018 0:00,3/30/2018 0:00,15.55555556
UCM,H,194,SOILTD1,3/30/2018 1:00,3/30/2018 1:00,15.33333333
UCM,H,194,SOILTD1,3/30/2018 2:00,3/30/2018 2:00,15.16666667
UCM,H,194,SOILTD1,3/30/2018 3:00,3/30/2018 3:00,15.05555556
UCM,H,194,SOILTD1,3/30/2018 4:00,3/30/2018 4:00,14.88888889
UCM,H,194,SOILTD1,3/30/2018 5:00,3/30/2018 5:00,14.77777778
UCM,H,194,SOILTD1,3/30/2018 6:00,3/30/2018 6:00,14.72222222
UCM,H,194,SOILTD1,3/30/2018 7:00,3/30/2018 7:00,14.61111111
UCM,H,194,SOILTD1,3/30/2018 8:00,3/30/2018 8:00,14.5
UCM,H,194,SOILTD1,3/30/2018 9:00,3/30/2018 9:00,14.38888889
UCM,H,194,SOILTD1,3/30/2018 10:00,3/30/2018 10:00,14.38888889
UCM,H,194,SOILTD1,3/30/2018 11:00,3/30/2018 11:00,14.55555556
UCM,H,194,SOILTD1,3/30/2018 12:00,3/30/2018 12:00,14.77777778
UCM,H,194,SOILTD1,3/30/2018 13:00,3/30/2018 13:00,15.16666667
UCM,H,194,SOILTD1,3/30/2018 14:00,3/30/2018 14:00,15.55555556
UCM,H,194,SOILTD1,3/30/2018 15:00,3/30/2018 15:00,16.05555556
UCM,H,194,SOILTD1,3/30/2018 16:00,3/30/2018 16:00,16.38888889
UCM,H,194,SOILTD1,3/30/2018 17:00,3/30/2018 17:00,16.61111111
UCM,H,194,SOILTD1,3/30/2018 18:00,3/30/2018 18:00,16.77777778
UCM,H,194,SOILTD1,3/30/2018 19:00,3/30/2018 19:00,16.77777778
UCM,H,194,SOILTD1,3/30/2018 20:00,3/30/2018 20:00,16.77777778
UCM,H,194,SOILTD1,3/30/2018 21:00,3/30/2018 21:00,16.66666667
UCM,H,194,SOILTD1,3/30/2018 22:00,3/30/2018 22:00,16.55555556
UCM,H,194,SOILTD1,3/30/2018 23:00,3/30/2018 23:00,16.38888889
UCM,H,194,SOILTD1,3/31/2018 0:00,3/31/2018 0:00,16.22222222
UCM,H,194,SOILTD1,3/31/2018 1:00,3/31/2018 1:00,16.05555556
UCM,H,194,SOILTD1,3/31/2018 2:00,3/31/2018 2:00,15.83333333
UCM,H,194,SOILTD1,3/31/2018 3:00,3/31/2018 3:00,15.72222222
UCM,H,194,SOILTD1,3/31/2018 4:00,3/31/2018 4:00,15.55555556
UCM,H,194,SOILTD1,3/31/2018 5:00,3/31/2018 5:00,15.38888889
UCM,H,194,SOILTD1,3/31/2018 6:00,3/31/2018 6:00,15.27777778
UCM,H,194,SOILTD1,3/31/2018 7:00,3/31/2018 7:00,15.11111111
UCM,H,194,SOILTD1,3/31/2018 8:00,3/31/2018 8:00,15
UCM,H,194,SOILTD1,3/31/2018 9:00,3/31/2018 9:00,14.83333333
UCM,H,194,SOILTD1,3/31/2018 10:00,3/31/2018 10:00,14.83333333
UCM,H,194,SOILTD1,3/31/2018 11:00,3/31/2018 11:00,14.94444444
UCM,H,194,SOILTD1,3/31/2018 12:00,3/31/2018 12:00,15.22222222
UCM,H,194,SOILTD1,3/31/2018 13:00,3/31/2018 13:00,15.55555556
UCM,H,194,SOILTD1,3/31/2018 14:00,3/31/2018 14:00,15.94444444
UCM,H,194,SOILTD1,3/31/2018 15:00,3/31/2018 15:00,16.27777778
UCM,H,194,SOILTD1,3/31/2018 16:00,3/31/2018 16:00,16.55555556
UCM,H,194,SOILTD1,3/31/2018 17:00,3/31/2018 17:00,16.77777778
UCM,H,194,SOILTD1,3/31/2018 18:00,3/31/2018 18:00,16.88888889
UCM,H,194,SOILTD1,3/31/2018 19:00,3/31/2018 19:00,17
UCM,H,194,SOILTD1,3/31/2018 20:00,3/31/2018 20:00,16.94444444
UCM,H,194,SOILTD1,3/31/2018 21:00,3/31/2018 21:00,16.83333333
UCM,H,194,SOILTD1,3/31/2018 22:00,3/31/2018 22:00,16.72222222
UCM,H,194,SOILTD1,3/31/2018 23:00,3/31/2018 23:00,16.5
UCM,H,194,SOILTD1,4/1/2018 0:00,4/1/2018 0:00,16.33333333
UCM,H,194,SOILTD1,4/1/2018 1:00,4/1/2018 1:00,16.16666667
UCM,H,194,SOILTD1,4/1/2018 2:00,4/1/2018 2:00,16
UCM,H,194,SOILTD1,4/1/2018 3:00,4/1/2018 3:00,15.83333333
UCM,H,194,SOILTD1,4/1/2018 4:00,4/1/2018 4:00,15.66666667
UCM,H,194,SOILTD1,4/1/2018 5:00,4/1/2018 5:00,15.5
UCM,H,194,SOILTD1,4/1/2018 6:00,4/1/2018 6:00,15.33333333
UCM,H,194,SOILTD1,4/1/2018 7:00,4/1/2018 7:00,15.16666667
UCM,H,194,SOILTD1,4/1/2018 8:00,4/1/2018 8:00,14.94444444
UCM,H,194,SOILTD1,4/1/2018 9:00,4/1/2018 9:00,14.83333333
UCM,H,194,SOILTD1,4/1/2018 10:00,4/1/2018 10:00,14.77777778
UCM,H,194,SOILTD1,4/1/2018 11:00,4/1/2018 11:00,14.83333333
UCM,H,194,SOILTD1,4/1/2018 12:00,4/1/2018 12:00,15.05555556
UCM,H,194,SOILTD1,4/1/2018 13:00,4/1/2018 13:00,15.33333333
UCM,H,194,SOILTD1,4/1/2018 14:00,4/1/2018 14:00,15.77777778
UCM,H,194,SOILTD1,4/1/2018 15:00,4/1/2018 15:00,16.16666667
UCM,H,194,SOILTD1,4/1/2018 16:00,4/1/2018 16:00,16.44444444
UCM,H,194,SOILTD1,4/1/2018 17:00,4/1/2018 17:00,16.66666667
UCM,H,194,SOILTD1,4/1/2018 18:00,4/1/2018 18:00,16.77777778
UCM,H,194,SOILTD1,4/1/2018 19:00,4/1/2018 19:00,16.88888889
UCM,H,194,SOILTD1,4/1/2018 20:00,4/1/2018 20:00,16.83333333
UCM,H,194,SOILTD1,4/1/2018 21:00,4/1/2018 21:00,16.77777778
UCM,H,194,SOILTD1,4/1/2018 22:00,4/1/2018 22:00,16.55555556
UCM,H,194,SOILTD1,4/1/2018 23:00,4/1/2018 23:00,16.44444444
UCM,H,194,SOILTD1,4/2/2018 0:00,4/2/2018 0:00,16.27777778
UCM,H,194,SOILTD1,4/2/2018 1:00,4/2/2018 1:00,16.16666667
UCM,H,194,SOILTD1,4/2/2018 2:00,4/2/2018 2:00,16
UCM,H,194,SOILTD1,4/2/2018 3:00,4/2/2018 3:00,15.83333333
UCM,H,194,SOILTD1,4/2/2018 4:00,4/2/2018 4:00,15.66666667
UCM,H,194,SOILTD1,4/2/2018 5:00,4/2/2018 5:00,15.5
UCM,H,194,SOILTD1,4/2/2018 6:00,4/2/2018 6:00,15.38888889
UCM,H,194,SOILTD1,4/2/2018 7:00,4/2/2018 7:00,15.27777778
UCM,H,194,SOILTD1,4/2/2018 8:00,4/2/2018 8:00,15.22222222
UCM,H,194,SOILTD1,4/2/2018 9:00,4/2/2018 9:00,15.16666667
UCM,H,194,SOILTD1,4/2/2018 10:00,4/2/2018 10:00,15.16666667
UCM,H,194,SOILTD1,4/2/2018 11:00,4/2/2018 11:00,15.22222222
UCM,H,194,SOILTD1,4/2/2018 12:00,4/2/2018 12:00,15.38888889
UCM,H,194,SOILTD1,4/2/2018 13:00,4/2/2018 13:00,15.61111111
UCM,H,194,SOILTD1,4/2/2018 14:00,4/2/2018 14:00,15.94444444
UCM,H,194,SOILTD1,4/2/2018 15:00,4/2/2018 15:00,16.22222222
UCM,H,194,SOILTD1,4/2/2018 16:00,4/2/2018 16:00,16.55555556
UCM,H,194,SOILTD1,4/2/2018 17:00,4/2/2018 17:00,16.77777778
UCM,H,194,SOILTD1,4/2/2018 18:00,4/2/2018 18:00,16.88888889
UCM,H,194,SOILTD1,4/2/2018 19:00,4/2/2018 19:00,16.88888889
UCM,H,194,SOILTD1,4/2/2018 20:00,4/2/2018 20:00,16.88888889
UCM,H,194,SOILTD1,4/2/2018 21:00,4/2/2018 21:00,16.77777778
UCM,H,194,SOILTD1,4/2/2018 22:00,4/2/2018 22:00,16.66666667
UCM,H,194,SOILTD1,4/2/2018 23:00,4/2/2018 23:00,16.5
UCM,H,194,SOILTD1,4/3/2018 0:00,4/3/2018 0:00,16.38888889
UCM,H,194,SOILTD1,4/3/2018 1:00,4/3/2018 1:00,16.22222222
UCM,H,194,SOILTD1,4/3/2018 2:00,4/3/2018 2:00,16.11111111
UCM,H,194,SOILTD1,4/3/2018 3:00,4/3/2018 3:00,16
UCM,H,194,SOILTD1,4/3/2018 4:00,4/3/2018 4:00,15.83333333
UCM,H,194,SOILTD1,4/3/2018 5:00,4/3/2018 5:00,15.72222222
UCM,H,194,SOILTD1,4/3/2018 6:00,4/3/2018 6:00,15.55555556
UCM,H,194,SOILTD1,4/3/2018 7:00,4/3/2018 7:00,15.44444444
UCM,H,194,SOILTD1,4/3/2018 8:00,4/3/2018 8:00,15.22222222
UCM,H,194,SOILTD1,4/3/2018 9:00,4/3/2018 9:00,15.05555556
UCM,H,194,SOILTD1,4/3/2018 10:00,4/3/2018 10:00,15
UCM,H,194,SOILTD1,4/3/2018 11:00,4/3/2018 11:00,15.11111111
UCM,H,194,SOILTD1,4/3/2018 12:00,4/3/2018 12:00,15.22222222
UCM,H,194,SOILTD1,4/3/2018 13:00,4/3/2018 13:00,15.5
UCM,H,194,SOILTD1,4/3/2018 14:00,4/3/2018 14:00,15.83333333
UCM,H,194,SOILTD1,4/3/2018 15:00,4/3/2018 15:00,16.22222222
UCM,H,194,SOILTD1,4/3/2018 16:00,4/3/2018 16:00,16.61111111
UCM,H,194,SOILTD1,4/3/2018 17:00,4/3/2018 17:00,16.88888889
UCM,H,194,SOILTD1,4/3/2018 18:00,4/3/2018 18:00,17.05555556
UCM,H,194,SOILTD1,4/3/2018 19:00,4/3/2018 19:00,17.11111111
UCM,H,194,SOILTD1,4/3/2018 20:00,4/3/2018 20:00,17.05555556
UCM,H,194,SOILTD1,4/3/2018 21:00,4/3/2018 21:00,16.94444444
UCM,H,194,SOILTD1,4/3/2018 22:00,4/3/2018 22:00,16.77777778
UCM,H,194,SOILTD1,4/3/2018 23:00,4/3/2018 23:00,16.55555556
UCM,H,194,SOILTD1,4/4/2018 0:00,4/4/2018 0:00,16.38888889
UCM,H,194,SOILTD1,4/4/2018 1:00,4/4/2018 1:00,16.22222222
UCM,H,194,SOILTD1,4/4/2018 2:00,4/4/2018 2:00,16.11111111
UCM,H,194,SOILTD1,4/4/2018 3:00,4/4/2018 3:00,16
UCM,H,194,SOILTD1,4/4/2018 4:00,4/4/2018 4:00,15.83333333
UCM,H,194,SOILTD1,4/4/2018 5:00,4/4/2018 5:00,15.72222222
UCM,H,194,SOILTD1,4/4/2018 6:00,4/4/2018 6:00,15.55555556
UCM,H,194,SOILTD1,4/4/2018 7:00,4/4/2018 7:00,15.44444444
UCM,H,194,SOILTD1,4/4/2018 8:00,4/4/2018 8:00,15.33333333
UCM,H,194,SOILTD1,4/4/2018 9:00,4/4/2018 9:00,15.27777778
UCM,H,194,SOILTD1,4/4/2018 10:00,4/4/2018 10:00,15.27777778
UCM,H,194,SOILTD1,4/4/2018 11:00,4/4/2018 11:00,15.33333333
UCM,H,194,SOILTD1,4/4/2018 12:00,4/4/2018 12:00,15.55555556
UCM,H,194,SOILTD1,4/4/2018 13:00,4/4/2018 13:00,15.77777778
UCM,H,194,SOILTD1,4/4/2018 14:00,4/4/2018 14:00,16.16666667
UCM,H,194,SOILTD1,4/4/2018 15:00,4/4/2018 15:00,16.55555556
UCM,H,194,SOILTD1,4/4/2018 16:00,4/4/2018 16:00,16.83333333
UCM,H,194,SOILTD1,4/4/2018 17:00,4/4/2018 17:00,17.11111111
UCM,H,194,SOILTD1,4/4/2018 18:00,4/4/2018 18:00,17.27777778
UCM,H,194,SOILTD1,4/4/2018 19:00,4/4/2018 19:00,17.27777778
UCM,H,194,SOILTD1,4/4/2018 20:00,4/4/2018 20:00,17.27777778
UCM,H,194,SOILTD1,4/4/2018 21:00,4/4/2018 21:00,17.22222222
UCM,H,194,SOILTD1,4/4/2018 22:00,4/4/2018 22:00,17.11111111
UCM,H,194,SOILTD1,4/4/2018 23:00,4/4/2018 23:00,17
UCM,H,194,SOILTD1,4/5/2018 0:00,4/5/2018 0:00,16.83333333
UCM,H,194,SOILTD1,4/5/2018 1:00,4/5/2018 1:00,16.77777778
UCM,H,194,SOILTD1,4/5/2018 2:00,4/5/2018 2:00,16.61111111
UCM,H,194,SOILTD1,4/5/2018 3:00,4/5/2018 3:00,16.5
UCM,H,194,SOILTD1,4/5/2018 4:00,4/5/2018 4:00,16.44444444
UCM,H,194,SOILTD1,4/5/2018 5:00,4/5/2018 5:00,16.33333333
UCM,H,194,SOILTD1,4/5/2018 6:00,4/5/2018 6:00,16.16666667
UCM,H,194,SOILTD1,4/5/2018 7:00,4/5/2018 7:00,16.05555556
UCM,H,194,SOILTD1,4/5/2018 8:00,4/5/2018 8:00,15.88888889
UCM,H,194,SOILTD1,4/5/2018 9:00,4/5/2018 9:00,15.77777778
UCM,H,194,SOILTD1,4/5/2018 10:00,4/5/2018 10:00,15.72222222
UCM,H,194,SOILTD1,4/5/2018 11:00,4/5/2018 11:00,15.72222222
UCM,H,194,SOILTD1,4/5/2018 12:00,4/5/2018 12:00,15.77777778
UCM,H,194,SOILTD1,4/5/2018 13:00,4/5/2018 13:00,16
UCM,H,194,SOILTD1,4/5/2018 14:00,4/5/2018 14:00,16.22222222
UCM,H,194,SOILTD1,4/5/2018 15:00,4/5/2018 15:00,16.61111111
UCM,H,194,SOILTD1,4/5/2018 16:00,4/5/2018 16:00,16.83333333
UCM,H,194,SOILTD1,4/5/2018 17:00,4/5/2018 17:00,16.94444444
UCM,H,194,SOILTD1,4/5/2018 18:00,4/5/2018 18:00,17
UCM,H,194,SOILTD1,4/5/2018 19:00,4/5/2018 19:00,17
UCM,H,194,SOILTD1,4/5/2018 20:00,4/5/2018 20:00,16.88888889
UCM,H,194,SOILTD1,4/5/2018 21:00,4/5/2018 21:00,16.83333333
UCM,H,194,SOILTD1,4/5/2018 22:00,4/5/2018 22:00,16.72222222
UCM,H,194,SOILTD1,4/5/2018 23:00,4/5/2018 23:00,16.61111111
UCM,H,194,SOILTD1,4/6/2018 0:00,4/6/2018 0:00,16.55555556
UCM,H,194,SOILTD1,4/6/2018 1:00,4/6/2018 1:00,16.44444444
UCM,H,194,SOILTD1,4/6/2018 2:00,4/6/2018 2:00,16.38888889
UCM,H,194,SOILTD1,4/6/2018 3:00,4/6/2018 3:00,16.33333333
UCM,H,194,SOILTD1,4/6/2018 4:00,4/6/2018 4:00,16.27777778
UCM,H,194,SOILTD1,4/6/2018 5:00,4/6/2018 5:00,16.22222222
UCM,H,194,SOILTD1,4/6/2018 6:00,4/6/2018 6:00,16.16666667
UCM,H,194,SOILTD1,4/6/2018 7:00,4/6/2018 7:00,16.11111111
UCM,H,194,SOILTD1,4/6/2018 8:00,4/6/2018 8:00,16.11111111
UCM,H,194,SOILTD1,4/6/2018 9:00,4/6/2018 9:00,16.11111111
UCM,H,194,SOILTD1,4/6/2018 10:00,4/6/2018 10:00,16.11111111
UCM,H,194,SOILTD1,4/6/2018 11:00,4/6/2018 11:00,16.11111111
UCM,H,194,SOILTD1,4/6/2018 12:00,4/6/2018 12:00,16.11111111
UCM,H,194,SOILTD1,4/6/2018 13:00,4/6/2018 13:00,16.22222222
UCM,H,194,SOILTD1,4/6/2018 14:00,4/6/2018 14:00,16.27777778
UCM,H,194,SOILTD1,4/6/2018 15:00,4/6/2018 15:00,16.33333333
UCM,H,194,SOILTD1,4/6/2018 16:00,4/6/2018 16:00,16.38888889
UCM,H,194,SOILTD1,4/6/2018 17:00,4/6/2018 17:00,16.44444444
UCM,H,194,SOILTD1,4/6/2018 18:00,4/6/2018 18:00,16.44444444
UCM,H,194,SOILTD1,4/6/2018 19:00,4/6/2018 19:00,16.44444444
UCM,H,194,SOILTD1,4/6/2018 20:00,4/6/2018 20:00,16.38888889
UCM,H,194,SOILTD1,4/6/2018 21:00,4/6/2018 21:00,16.38888889
UCM,H,194,SOILTD1,4/6/2018 22:00,4/6/2018 22:00,16.33333333
UCM,H,194,SOILTD1,4/6/2018 23:00,4/6/2018 23:00,16.27777778
UCM,H,194,SOILTD1,4/7/2018 0:00,4/7/2018 0:00,16.27777778
UCM,H,194,SOILTD1,4/7/2018 1:00,4/7/2018 1:00,16.27777778
UCM,H,194,SOILTD1,4/7/2018 2:00,4/7/2018 2:00,16.27777778
UCM,H,194,SOILTD1,4/7/2018 3:00,4/7/2018 3:00,16.27777778
UCM,H,194,SOILTD1,4/7/2018 4:00,4/7/2018 4:00,16.22222222
UCM,H,194,SOILTD1,4/7/2018 5:00,4/7/2018 5:00,16.22222222
UCM,H,194,SOILTD1,4/7/2018 6:00,4/7/2018 6:00,16.22222222
UCM,H,194,SOILTD1,4/7/2018 7:00,4/7/2018 7:00,16.22222222
UCM,H,194,SOILTD1,4/7/2018 8:00,4/7/2018 8:00,16.16666667
UCM,H,194,SOILTD1,4/7/2018 9:00,4/7/2018 9:00,16.11111111
UCM,H,194,SOILTD1,4/7/2018 10:00,4/7/2018 10:00,16.11111111
UCM,H,194,SOILTD1,4/7/2018 11:00,4/7/2018 11:00,16.22222222
UCM,H,194,SOILTD1,4/7/2018 12:00,4/7/2018 12:00,16.22222222
UCM,H,194,SOILTD1,4/7/2018 13:00,4/7/2018 13:00,16.33333333
UCM,H,194,SOILTD1,4/7/2018 14:00,4/7/2018 14:00,16.55555556
UCM,H,194,SOILTD1,4/7/2018 15:00,4/7/2018 15:00,16.77777778
UCM,H,194,SOILTD1,4/7/2018 16:00,4/7/2018 16:00,17
UCM,H,194,SOILTD1,4/7/2018 17:00,4/7/2018 17:00,17.27777778
UCM,H,194,SOILTD1,4/7/2018 18:00,4/7/2018 18:00,17.44444444
UCM,H,194,SOILTD1,4/7/2018 19:00,4/7/2018 19:00,17.5
UCM,H,194,SOILTD1,4/7/2018 20:00,4/7/2018 20:00,17.44444444
UCM,H,194,SOILTD1,4/7/2018 21:00,4/7/2018 21:00,17.33333333
UCM,H,194,SOILTD1,4/7/2018 22:00,4/7/2018 22:00,17.16666667
UCM,H,194,SOILTD1,4/7/2018 23:00,4/7/2018 23:00,17.05555556
UCM,H,194,SOILTD1,4/8/2018 0:00,4/8/2018 0:00,16.88888889
UCM,H,194,SOILTD1,4/8/2018 1:00,4/8/2018 1:00,16.77777778
UCM,H,194,SOILTD1,4/8/2018 2:00,4/8/2018 2:00,16.61111111
UCM,H,194,SOILTD1,4/8/2018 3:00,4/8/2018 3:00,16.5
UCM,H,194,SOILTD1,4/8/2018 4:00,4/8/2018 4:00,16.38888889
UCM,H,194,SOILTD1,4/8/2018 5:00,4/8/2018 5:00,16.27777778
UCM,H,194,SOILTD1,4/8/2018 6:00,4/8/2018 6:00,16.16666667
UCM,H,194,SOILTD1,4/8/2018 7:00,4/8/2018 7:00,16.05555556
UCM,H,194,SOILTD1,4/8/2018 8:00,4/8/2018 8:00,16
UCM,H,194,SOILTD1,4/8/2018 9:00,4/8/2018 9:00,15.88888889
UCM,H,194,SOILTD1,4/8/2018 10:00,4/8/2018 10:00,15.88888889
UCM,H,194,SOILTD1,4/8/2018 11:00,4/8/2018 11:00,15.88888889
UCM,H,194,SOILTD1,4/8/2018 12:00,4/8/2018 12:00,16.05555556
UCM,H,194,SOILTD1,4/8/2018 13:00,4/8/2018 13:00,16.33333333
UCM,H,194,SOILTD1,4/8/2018 14:00,4/8/2018 14:00,16.66666667
UCM,H,194,SOILTD1,4/8/2018 15:00,4/8/2018 15:00,17.05555556
UCM,H,194,SOILTD1,4/8/2018 16:00,4/8/2018 16:00,17.27777778
UCM,H,194,SOILTD1,4/8/2018 17:00,4/8/2018 17:00,17.5
UCM,H,194,SOILTD1,4/8/2018 18:00,4/8/2018 18:00,17.61111111
UCM,H,194,SOILTD1,4/8/2018 19:00,4/8/2018 19:00,17.55555556
UCM,H,194,SOILTD1,4/8/2018 20:00,4/8/2018 20:00,17.5
UCM,H,194,SOILTD1,4/8/2018 21:00,4/8/2018 21:00,17.38888889
UCM,H,194,SOILTD1,4/8/2018 22:00,4/8/2018 22:00,17.22222222
UCM,H,194,SOILTD1,4/8/2018 23:00,4/8/2018 23:00,17
UCM,H,194,SOILTD1,4/9/2018 0:00,4/9/2018 0:00,16.77777778
UCM,H,194,SOILTD1,4/9/2018 1:00,4/9/2018 1:00,16.55555556
UCM,H,194,SOILTD1,4/9/2018 2:00,4/9/2018 2:00,16.44444444
UCM,H,194,SOILTD1,4/9/2018 3:00,4/9/2018 3:00,16.27777778
UCM,H,194,SOILTD1,4/9/2018 4:00,4/9/2018 4:00,16.11111111
UCM,H,194,SOILTD1,4/9/2018 5:00,4/9/2018 5:00,15.94444444
UCM,H,194,SOILTD1,4/9/2018 6:00,4/9/2018 6:00,15.77777778
UCM,H,194,SOILTD1,4/9/2018 7:00,4/9/2018 7:00,15.55555556
UCM,H,194,SOILTD1,4/9/2018 8:00,4/9/2018 8:00,15.44444444
UCM,H,194,SOILTD1,4/9/2018 9:00,4/9/2018 9:00,15.27777778
UCM,H,194,SOILTD1,4/9/2018 10:00,4/9/2018 10:00,15.27777778
UCM,H,194,SOILTD1,4/9/2018 11:00,4/9/2018 11:00,15.33333333
UCM,H,194,SOILTD1,4/9/2018 12:00,4/9/2018 12:00,15.5
UCM,H,194,SOILTD1,4/9/2018 13:00,4/9/2018 13:00,15.77777778
UCM,H,194,SOILTD1,4/9/2018 14:00,4/9/2018 14:00,16.05555556
UCM,H,194,SOILTD1,4/9/2018 15:00,4/9/2018 15:00,16.44444444
UCM,H,194,SOILTD1,4/9/2018 16:00,4/9/2018 16:00,16.83333333
UCM,H,194,SOILTD1,4/9/2018 17:00,4/9/2018 17:00,17.11111111
UCM,H,194,SOILTD1,4/9/2018 18:00,4/9/2018 18:00,17.33333333
UCM,H,194,SOILTD1,4/9/2018 19:00,4/9/2018 19:00,17.38888889
UCM,H,194,SOILTD1,4/9/2018 20:00,4/9/2018 20:00,17.38888889
UCM,H,194,SOILTD1,4/9/2018 21:00,4/9/2018 21:00,17.33333333
UCM,H,194,SOILTD1,4/9/2018 22:00,4/9/2018 22:00,17.22222222
UCM,H,194,SOILTD1,4/9/2018 23:00,4/9/2018 23:00,17.05555556
UCM,H,194,SOILTD1,4/10/2018 0:00,4/10/2018 0:00,17
UCM,H,194,SOILTD1,4/10/2018 1:00,4/10/2018 1:00,16.88888889
UCM,H,194,SOILTD1,4/10/2018 2:00,4/10/2018 2:00,16.83333333
UCM,H,194,SOILTD1,4/10/2018 3:00,4/10/2018 3:00,16.77777778
UCM,H,194,SOILTD1,4/10/2018 4:00,4/10/2018 4:00,16.72222222
UCM,H,194,SOILTD1,4/10/2018 5:00,4/10/2018 5:00,16.61111111
UCM,H,194,SOILTD1,4/10/2018 6:00,4/10/2018 6:00,16.5
UCM,H,194,SOILTD1,4/10/2018 7:00,4/10/2018 7:00,16.44444444
UCM,H,194,SOILTD1,4/10/2018 8:00,4/10/2018 8:00,16.38888889
UCM,H,194,SOILTD1,4/10/2018 9:00,4/10/2018 9:00,16.33333333
UCM,H,194,SOILTD1,4/10/2018 10:00,4/10/2018 10:00,16.38888889
UCM,H,194,SOILTD1,4/10/2018 11:00,4/10/2018 11:00,16.44444444
UCM,H,194,SOILTD1,4/10/2018 12:00,4/10/2018 12:00,16.61111111
UCM,H,194,SOILTD1,4/10/2018 13:00,4/10/2018 13:00,16.83333333
UCM,H,194,SOILTD1,4/10/2018 14:00,4/10/2018 14:00,17.16666667
UCM,H,194,SOILTD1,4/10/2018 15:00,4/10/2018 15:00,17.5
UCM,H,194,SOILTD1,4/10/2018 16:00,4/10/2018 16:00,17.77777778
UCM,H,194,SOILTD1,4/10/2018 17:00,4/10/2018 17:00,17.88888889
UCM,H,194,SOILTD1,4/10/2018 18:00,4/10/2018 18:00,17.88888889
UCM,H,194,SOILTD1,4/10/2018 19:00,4/10/2018 19:00,17.83333333
UCM,H,194,SOILTD1,4/10/2018 20:00,4/10/2018 20:00,17.77777778
UCM,H,194,SOILTD1,4/10/2018 21:00,4/10/2018 21:00,17.66666667
UCM,H,194,SOILTD1,4/10/2018 22:00,4/10/2018 22:00,17.55555556
UCM,H,194,SOILTD1,4/10/2018 23:00,4/10/2018 23:00,17.5
UCM,H,194,SOILTD1,4/11/2018 0:00,4/11/2018 0:00,17.38888889
UCM,H,194,SOILTD1,4/11/2018 1:00,4/11/2018 1:00,17.27777778
UCM,H,194,SOILTD1,4/11/2018 2:00,4/11/2018 2:00,17.22222222
UCM,H,194,SOILTD1,4/11/2018 3:00,4/11/2018 3:00,17.11111111
UCM,H,194,SOILTD1,4/11/2018 4:00,4/11/2018 4:00,17
UCM,H,194,SOILTD1,4/11/2018 5:00,4/11/2018 5:00,16.88888889
UCM,H,194,SOILTD1,4/11/2018 6:00,4/11/2018 6:00,16.77777778
UCM,H,194,SOILTD1,4/11/2018 7:00,4/11/2018 7:00,16.66666667
UCM,H,194,SOILTD1,4/11/2018 8:00,4/11/2018 8:00,16.5
UCM,H,194,SOILTD1,4/11/2018 9:00,4/11/2018 9:00,16.38888889
UCM,H,194,SOILTD1,4/11/2018 10:00,4/11/2018 10:00,16.27777778
UCM,H,194,SOILTD1,4/11/2018 11:00,4/11/2018 11:00,16.33333333
UCM,H,194,SOILTD1,4/11/2018 12:00,4/11/2018 12:00,16.5
UCM,H,194,SOILTD1,4/11/2018 13:00,4/11/2018 13:00,16.72222222
UCM,H,194,SOILTD1,4/11/2018 14:00,4/11/2018 14:00,17
UCM,H,194,SOILTD1,4/11/2018 15:00,4/11/2018 15:00,17.16666667
UCM,H,194,SOILTD1,4/11/2018 16:00,4/11/2018 16:00,17.33333333
UCM,H,194,SOILTD1,4/11/2018 17:00,4/11/2018 17:00,17.38888889
UCM,H,194,SOILTD1,4/11/2018 18:00,4/11/2018 18:00,17.44444444
UCM,H,194,SOILTD1,4/11/2018 19:00,4/11/2018 19:00,17.44444444
UCM,H,194,SOILTD1,4/11/2018 20:00,4/11/2018 20:00,17.38888889
UCM,H,194,SOILTD1,4/11/2018 21:00,4/11/2018 21:00,17.27777778
UCM,H,194,SOILTD1,4/11/2018 22:00,4/11/2018 22:00,17.16666667
UCM,H,194,SOILTD1,4/11/2018 23:00,4/11/2018 23:00,17
UCM,H,194,SOILTD1,4/12/2018 0:00,4/12/2018 0:00,16.83333333
UCM,H,194,SOILTD1,4/12/2018 1:00,4/12/2018 1:00,16.72222222
UCM,H,194,SOILTD1,4/12/2018 2:00,4/12/2018 2:00,16.55555556
UCM,H,194,SOILTD1,4/12/2018 3:00,4/12/2018 3:00,16.38888889
UCM,H,194,SOILTD1,4/12/2018 4:00,4/12/2018 4:00,16.22222222
UCM,H,194,SOILTD1,4/12/2018 5:00,4/12/2018 5:00,16.05555556
UCM,H,194,SOILTD1,4/12/2018 6:00,4/12/2018 6:00,15.94444444
UCM,H,194,SOILTD1,4/12/2018 7:00,4/12/2018 7:00,15.83333333
UCM,H,194,SOILTD1,4/12/2018 8:00,4/12/2018 8:00,15.72222222
UCM,H,194,SOILTD1,4/12/2018 9:00,4/12/2018 9:00,15.55555556
UCM,H,194,SOILTD1,4/12/2018 10:00,4/12/2018 10:00,15.5
UCM,H,194,SOILTD1,4/12/2018 11:00,4/12/2018 11:00,15.5
UCM,H,194,SOILTD1,4/12/2018 12:00,4/12/2018 12:00,15.61111111
UCM,H,194,SOILTD1,4/12/2018 13:00,4/12/2018 13:00,15.77777778
UCM,H,194,SOILTD1,4/12/2018 14:00,4/12/2018 14:00,16.05555556
UCM,H,194,SOILTD1,4/12/2018 15:00,4/12/2018 15:00,16.27777778
UCM,H,194,SOILTD1,4/12/2018 16:00,4/12/2018 16:00,16.5
UCM,H,194,SOILTD1,4/12/2018 17:00,4/12/2018 17:00,16.66666667
UCM,H,194,SOILTD1,4/12/2018 18:00,4/12/2018 18:00,16.72222222
UCM,H,194,SOILTD1,4/12/2018 19:00,4/12/2018 19:00,16.72222222
UCM,H,194,SOILTD1,4/12/2018 20:00,4/12/2018 20:00,16.61111111
UCM,H,194,SOILTD1,4/12/2018 21:00,4/12/2018 21:00,16.5
UCM,H,194,SOILTD1,4/12/2018 22:00,4/12/2018 22:00,16.44444444
UCM,H,194,SOILTD1,4/12/2018 23:00,4/12/2018 23:00,16.27777778
UCM,H,194,SOILTD1,4/13/2018 0:00,4/13/2018 0:00,16.16666667
UCM,H,194,SOILTD1,4/13/2018 1:00,4/13/2018 1:00,16.05555556
UCM,H,194,SOILTD1,4/13/2018 2:00,4/13/2018 2:00,15.94444444
UCM,H,194,SOILTD1,4/13/2018 3:00,4/13/2018 3:00,15.83333333
UCM,H,194,SOILTD1,4/13/2018 4:00,4/13/2018 4:00,15.77777778
UCM,H,194,SOILTD1,4/13/2018 5:00,4/13/2018 5:00,15.66666667
UCM,H,194,SOILTD1,4/13/2018 6:00,4/13/2018 6:00,15.55555556
UCM,H,194,SOILTD1,4/13/2018 7:00,4/13/2018 7:00,15.44444444
UCM,H,194,SOILTD1,4/13/2018 8:00,4/13/2018 8:00,15.33333333
UCM,H,194,SOILTD1,4/13/2018 9:00,4/13/2018 9:00,15.27777778
UCM,H,194,SOILTD1,4/13/2018 10:00,4/13/2018 10:00,15.27777778
UCM,H,194,SOILTD1,4/13/2018 11:00,4/13/2018 11:00,15.27777778
UCM,H,194,SOILTD1,4/13/2018 12:00,4/13/2018 12:00,15.44444444
UCM,H,194,SOILTD1,4/13/2018 13:00,4/13/2018 13:00,15.72222222
UCM,H,194,SOILTD1,4/13/2018 14:00,4/13/2018 14:00,16
UCM,H,194,SOILTD1,4/13/2018 15:00,4/13/2018 15:00,16.33333333
UCM,H,194,SOILTD1,4/13/2018 16:00,4/13/2018 16:00,16.61111111
UCM,H,194,SOILTD1,4/13/2018 17:00,4/13/2018 17:00,16.83333333
UCM,H,194,SOILTD1,4/13/2018 18:00,4/13/2018 18:00,17
UCM,H,194,SOILTD1,4/13/2018 19:00,4/13/2018 19:00,17
UCM,H,194,SOILTD1,4/13/2018 20:00,4/13/2018 20:00,17
UCM,H,194,SOILTD1,4/13/2018 21:00,4/13/2018 21:00,16.88888889
UCM,H,194,SOILTD1,4/13/2018 22:00,4/13/2018 22:00,16.72222222
UCM,H,194,SOILTD1,4/13/2018 23:00,4/13/2018 23:00,16.44444444
UCM,H,194,SOILTD1,4/14/2018 0:00,4/14/2018 0:00,16.22222222
UCM,H,194,SOILTD1,4/14/2018 1:00,4/14/2018 1:00,16.05555556
UCM,H,194,SOILTD1,4/14/2018 2:00,4/14/2018 2:00,15.88888889
UCM,H,194,SOILTD1,4/14/2018 3:00,4/14/2018 3:00,15.72222222
UCM,H,194,SOILTD1,4/14/2018 4:00,4/14/2018 4:00,15.55555556
UCM,H,194,SOILTD1,4/14/2018 5:00,4/14/2018 5:00,15.44444444
UCM,H,194,SOILTD1,4/14/2018 6:00,4/14/2018 6:00,15.33333333
UCM,H,194,SOILTD1,4/14/2018 7:00,4/14/2018 7:00,15.16666667
UCM,H,194,SOILTD1,4/14/2018 8:00,4/14/2018 8:00,15.05555556
UCM,H,194,SOILTD1,4/14/2018 9:00,4/14/2018 9:00,14.94444444
UCM,H,194,SOILTD1,4/14/2018 10:00,4/14/2018 10:00,14.94444444
UCM,H,194,SOILTD1,4/14/2018 11:00,4/14/2018 11:00,15.05555556
UCM,H,194,SOILTD1,4/14/2018 12:00,4/14/2018 12:00,15.22222222
UCM,H,194,SOILTD1,4/14/2018 13:00,4/14/2018 13:00,15.5
UCM,H,194,SOILTD1,4/14/2018 14:00,4/14/2018 14:00,15.83333333
UCM,H,194,SOILTD1,4/14/2018 15:00,4/14/2018 15:00,16.22222222
UCM,H,194,SOILTD1,4/14/2018 16:00,4/14/2018 16:00,16.61111111
UCM,H,194,SOILTD1,4/14/2018 17:00,4/14/2018 17:00,16.88888889
UCM,H,194,SOILTD1,4/14/2018 18:00,4/14/2018 18:00,17.05555556
UCM,H,194,SOILTD1,4/14/2018 19:00,4/14/2018 19:00,17.22222222
UCM,H,194,SOILTD1,4/14/2018 20:00,4/14/2018 20:00,17.22222222
UCM,H,194,SOILTD1,4/14/2018 21:00,4/14/2018 21:00,17.16666667
UCM,H,194,SOILTD1,4/14/2018 22:00,4/14/2018 22:00,17
UCM,H,194,SOILTD1,4/14/2018 23:00,4/14/2018 23:00,16.83333333
UCM,H,194,SOILTD1,4/15/2018 0:00,4/15/2018 0:00,16.66666667
UCM,H,194,SOILTD1,4/15/2018 1:00,4/15/2018 1:00,16.5
UCM,H,194,SOILTD1,4/15/2018 2:00,4/15/2018 2:00,16.38888889
UCM,H,194,SOILTD1,4/15/2018 3:00,4/15/2018 3:00,16.33333333
UCM,H,194,SOILTD1,4/15/2018 4:00,4/15/2018 4:00,16.27777778
UCM,H,194,SOILTD1,4/15/2018 5:00,4/15/2018 5:00,16.22222222
UCM,H,194,SOILTD1,4/15/2018 6:00,4/15/2018 6:00,16.16666667
UCM,H,194,SOILTD1,4/15/2018 7:00,4/15/2018 7:00,16.11111111
UCM,H,194,SOILTD1,4/15/2018 8:00,4/15/2018 8:00,16
UCM,H,194,SOILTD1,4/15/2018 9:00,4/15/2018 9:00,15.94444444
UCM,H,194,SOILTD1,4/15/2018 10:00,4/15/2018 10:00,15.88888889
UCM,H,194,SOILTD1,4/15/2018 11:00,4/15/2018 11:00,16
UCM,H,194,SOILTD1,4/15/2018 12:00,4/15/2018 12:00,16.16666667
UCM,H,194,SOILTD1,4/15/2018 13:00,4/15/2018 13:00,16.38888889
UCM,H,194,SOILTD1,4/15/2018 14:00,4/15/2018 14:00,16.77777778
UCM,H,194,SOILTD1,4/15/2018 15:00,4/15/2018 15:00,17.05555556
UCM,H,194,SOILTD1,4/15/2018 16:00,4/15/2018 16:00,17.33333333
UCM,H,194,SOILTD1,4/15/2018 17:00,4/15/2018 17:00,17.61111111
UCM,H,194,SOILTD1,4/15/2018 18:00,4/15/2018 18:00,17.77777778
UCM,H,194,SOILTD1,4/15/2018 19:00,4/15/2018 19:00,17.77777778
UCM,H,194,SOILTD1,4/15/2018 20:00,4/15/2018 20:00,17.66666667
UCM,H,194,SOILTD1,4/15/2018 21:00,4/15/2018 21:00,17.55555556
UCM,H,194,SOILTD1,4/15/2018 22:00,4/15/2018 22:00,17.44444444
UCM,H,194,SOILTD1,4/15/2018 23:00,4/15/2018 23:00,17.27777778
UCM,H,194,SOILTD1,4/16/2018 0:00,4/16/2018 0:00,17.16666667
UCM,H,194,SOILTD1,4/16/2018 1:00,4/16/2018 1:00,17
UCM,H,194,SOILTD1,4/16/2018 2:00,4/16/2018 2:00,16.88888889
UCM,H,194,SOILTD1,4/16/2018 3:00,4/16/2018 3:00,16.77777778
UCM,H,194,SOILTD1,4/16/2018 4:00,4/16/2018 4:00,16.61111111
UCM,H,194,SOILTD1,4/16/2018 5:00,4/16/2018 5:00,16.38888889
UCM,H,194,SOILTD1,4/16/2018 6:00,4/16/2018 6:00,16.16666667
UCM,H,194,SOILTD1,4/16/2018 7:00,4/16/2018 7:00,16
UCM,H,194,SOILTD1,4/16/2018 8:00,4/16/2018 8:00,15.83333333
UCM,H,194,SOILTD1,4/16/2018 9:00,4/16/2018 9:00,15.72222222
UCM,H,194,SOILTD1,4/16/2018 10:00,4/16/2018 10:00,15.72222222
UCM,H,194,SOILTD1,4/16/2018 11:00,4/16/2018 11:00,15.72222222
UCM,H,194,SOILTD1,4/16/2018 12:00,4/16/2018 12:00,15.83333333
UCM,H,194,SOILTD1,4/16/2018 13:00,4/16/2018 13:00,15.94444444
UCM,H,194,SOILTD1,4/16/2018 14:00,4/16/2018 14:00,15.94444444
UCM,H,194,SOILTD1,4/16/2018 15:00,4/16/2018 15:00,15.88888889
UCM,H,194,SOILTD1,4/16/2018 16:00,4/16/2018 16:00,15.88888889
UCM,H,194,SOILTD1,4/16/2018 17:00,4/16/2018 17:00,15.88888889
UCM,H,194,SOILTD1,4/16/2018 18:00,4/16/2018 18:00,15.83333333
UCM,H,194,SOILTD1,4/16/2018 19:00,4/16/2018 19:00,15.55555556
UCM,H,194,SOILTD1,4/16/2018 20:00,4/16/2018 20:00,15.27777778
UCM,H,194,SOILTD1,4/16/2018 21:00,4/16/2018 21:00,15.11111111
UCM,H,194,SOILTD1,4/16/2018 22:00,4/16/2018 22:00,15
UCM,H,194,SOILTD1,4/16/2018 23:00,4/16/2018 23:00,14.88888889
UCM,H,194,SOILTD1,4/17/2018 0:00,4/17/2018 0:00,14.83333333
UCM,H,194,SOILTD1,4/17/2018 1:00,4/17/2018 1:00,14.72222222
UCM,H,194,SOILTD1,4/17/2018 2:00,4/17/2018 2:00,14.66666667
UCM,H,194,SOILTD1,4/17/2018 3:00,4/17/2018 3:00,14.55555556
UCM,H,194,SOILTD1,4/17/2018 4:00,4/17/2018 4:00,14.44444444
UCM,H,194,SOILTD1,4/17/2018 5:00,4/17/2018 5:00,14.33333333
UCM,H,194,SOILTD1,4/17/2018 6:00,4/17/2018 6:00,14.22222222
UCM,H,194,SOILTD1,4/17/2018 7:00,4/17/2018 7:00,14.05555556
UCM,H,194,SOILTD1,4/17/2018 8:00,4/17/2018 8:00,13.88888889
UCM,H,194,SOILTD1,4/17/2018 9:00,4/17/2018 9:00,13.77777778
UCM,H,194,SOILTD1,4/17/2018 10:00,4/17/2018 10:00,13.77777778
UCM,H,194,SOILTD1,4/17/2018 11:00,4/17/2018 11:00,13.94444444
UCM,H,194,SOILTD1,4/17/2018 12:00,4/17/2018 12:00,14.11111111
UCM,H,194,SOILTD1,4/17/2018 13:00,4/17/2018 13:00,14.38888889
UCM,H,194,SOILTD1,4/17/2018 14:00,4/17/2018 14:00,14.72222222
UCM,H,194,SOILTD1,4/17/2018 15:00,4/17/2018 15:00,15.05555556
UCM,H,194,SOILTD1,4/17/2018 16:00,4/17/2018 16:00,15.33333333
UCM,H,194,SOILTD1,4/17/2018 17:00,4/17/2018 17:00,15.55555556
UCM,H,194,SOILTD1,4/17/2018 18:00,4/17/2018 18:00,15.77777778
UCM,H,194,SOILTD1,4/17/2018 19:00,4/17/2018 19:00,15.83333333
UCM,H,194,SOILTD1,4/17/2018 20:00,4/17/2018 20:00,15.83333333
UCM,H,194,SOILTD1,4/17/2018 21:00,4/17/2018 21:00,15.77777778
UCM,H,194,SOILTD1,4/17/2018 22:00,4/17/2018 22:00,15.61111111
UCM,H,194,SOILTD1,4/17/2018 23:00,4/17/2018 23:00,15.38888889
UCM,H,194,SOILTD1,4/18/2018 0:00,4/18/2018 0:00,15.22222222
UCM,H,194,SOILTD1,4/18/2018 1:00,4/18/2018 1:00,15
UCM,H,194,SOILTD1,4/18/2018 2:00,4/18/2018 2:00,14.77777778
UCM,H,194,SOILTD1,4/18/2018 3:00,4/18/2018 3:00,14.66666667
UCM,H,194,SOILTD1,4/18/2018 4:00,4/18/2018 4:00,14.5
UCM,H,194,SOILTD1,4/18/2018 5:00,4/18/2018 5:00,14.38888889
UCM,H,194,SOILTD1,4/18/2018 6:00,4/18/2018 6:00,14.22222222
UCM,H,194,SOILTD1,4/18/2018 7:00,4/18/2018 7:00,14.11111111
UCM,H,194,SOILTD1,4/18/2018 8:00,4/18/2018 8:00,14.05555556
UCM,H,194,SOILTD1,4/18/2018 9:00,4/18/2018 9:00,14
UCM,H,194,SOILTD1,4/18/2018 10:00,4/18/2018 10:00,14.11111111
UCM,H,194,SOILTD1,4/18/2018 11:00,4/18/2018 11:00,14.22222222
UCM,H,194,SOILTD1,4/18/2018 12:00,4/18/2018 12:00,14.38888889
UCM,H,194,SOILTD1,4/18/2018 13:00,4/18/2018 13:00,14.55555556
UCM,H,194,SOILTD1,4/18/2018 14:00,4/18/2018 14:00,14.77777778
UCM,H,194,SOILTD1,4/18/2018 15:00,4/18/2018 15:00,15
UCM,H,194,SOILTD1,4/18/2018 16:00,4/18/2018 16:00,15.27777778
UCM,H,194,SOILTD1,4/18/2018 17:00,4/18/2018 17:00,15.44444444
UCM,H,194,SOILTD1,4/18/2018 18:00,4/18/2018 18:00,15.61111111
UCM,H,194,SOILTD1,4/18/2018 19:00,4/18/2018 19:00,15.72222222
UCM,H,194,SOILTD1,4/18/2018 20:00,4/18/2018 20:00,15.72222222
UCM,H,194,SOILTD1,4/18/2018 21:00,4/18/2018 21:00,15.72222222
UCM,H,194,SOILTD1,4/18/2018 22:00,4/18/2018 22:00,15.61111111
UCM,H,194,SOILTD1,4/18/2018 23:00,4/18/2018 23:00,15.44444444
UCM,H,194,SOILTD1,4/19/2018 0:00,4/19/2018 0:00,15.38888889
UCM,H,194,SOILTD1,4/19/2018 1:00,4/19/2018 1:00,15.27777778
UCM,H,194,SOILTD1,4/19/2018 2:00,4/19/2018 2:00,15.22222222
UCM,H,194,SOILTD1,4/19/2018 3:00,4/19/2018 3:00,15.16666667
UCM,H,194,SOILTD1,4/19/2018 4:00,4/19/2018 4:00,15.05555556
UCM,H,194,SOILTD1,4/19/2018 5:00,4/19/2018 5:00,15
UCM,H,194,SOILTD1,4/19/2018 6:00,4/19/2018 6:00,14.88888889
UCM,H,194,SOILTD1,4/19/2018 7:00,4/19/2018 7:00,14.83333333
UCM,H,194,SOILTD1,4/19/2018 8:00,4/19/2018 8:00,14.77777778
UCM,H,194,SOILTD1,4/19/2018 9:00,4/19/2018 9:00,14.72222222
UCM,H,194,SOILTD1,4/19/2018 10:00,4/19/2018 10:00,14.72222222
UCM,H,194,SOILTD1,4/19/2018 11:00,4/19/2018 11:00,14.72222222
UCM,H,194,SOILTD1,4/19/2018 12:00,4/19/2018 12:00,14.83333333
UCM,H,194,SOILTD1,4/19/2018 13:00,4/19/2018 13:00,15.05555556
UCM,H,194,SOILTD1,4/19/2018 14:00,4/19/2018 14:00,15.38888889
UCM,H,194,SOILTD1,4/19/2018 15:00,4/19/2018 15:00,15.72222222
UCM,H,194,SOILTD1,4/19/2018 16:00,4/19/2018 16:00,16
UCM,H,194,SOILTD1,4/19/2018 17:00,4/19/2018 17:00,16.22222222
UCM,H,194,SOILTD1,4/19/2018 18:00,4/19/2018 18:00,16.33333333
UCM,H,194,SOILTD1,4/19/2018 19:00,4/19/2018 19:00,16.38888889
UCM,H,194,SOILTD1,4/19/2018 20:00,4/19/2018 20:00,16.27777778
UCM,H,194,SOILTD1,4/19/2018 21:00,4/19/2018 21:00,16.22222222
UCM,H,194,SOILTD1,4/19/2018 22:00,4/19/2018 22:00,16.16666667
UCM,H,194,SOILTD1,4/19/2018 23:00,4/19/2018 23:00,16
UCM,H,194,SOILTD1,4/20/2018 0:00,4/20/2018 0:00,15.77777778
UCM,H,194,SOILTD1,4/20/2018 1:00,4/20/2018 1:00,15.61111111
UCM,H,194,SOILTD1,4/20/2018 2:00,4/20/2018 2:00,15.38888889
UCM,H,194,SOILTD1,4/20/2018 3:00,4/20/2018 3:00,15.27777778
UCM,H,194,SOILTD1,4/20/2018 4:00,4/20/2018 4:00,15.11111111
UCM,H,194,SOILTD1,4/20/2018 5:00,4/20/2018 5:00,14.94444444
UCM,H,194,SOILTD1,4/20/2018 6:00,4/20/2018 6:00,14.77777778
UCM,H,194,SOILTD1,4/20/2018 7:00,4/20/2018 7:00,14.66666667
UCM,H,194,SOILTD1,4/20/2018 8:00,4/20/2018 8:00,14.55555556
UCM,H,194,SOILTD1,4/20/2018 9:00,4/20/2018 9:00,14.5
UCM,H,194,SOILTD1,4/20/2018 10:00,4/20/2018 10:00,14.5
UCM,H,194,SOILTD1,4/20/2018 11:00,4/20/2018 11:00,14.61111111
UCM,H,194,SOILTD1,4/20/2018 12:00,4/20/2018 12:00,14.77777778
UCM,H,194,SOILTD1,4/20/2018 13:00,4/20/2018 13:00,15.11111111
UCM,H,194,SOILTD1,4/20/2018 14:00,4/20/2018 14:00,15.44444444
UCM,H,194,SOILTD1,4/20/2018 15:00,4/20/2018 15:00,15.83333333
UCM,H,194,SOILTD1,4/20/2018 16:00,4/20/2018 16:00,16.22222222
UCM,H,194,SOILTD1,4/20/2018 17:00,4/20/2018 17:00,16.61111111
UCM,H,194,SOILTD1,4/20/2018 18:00,4/20/2018 18:00,16.83333333
UCM,H,194,SOILTD1,4/20/2018 19:00,4/20/2018 19:00,16.88888889
UCM,H,194,SOILTD1,4/20/2018 20:00,4/20/2018 20:00,16.88888889
UCM,H,194,SOILTD1,4/20/2018 21:00,4/20/2018 21:00,16.88888889
UCM,H,194,SOILTD1,4/20/2018 22:00,4/20/2018 22:00,16.72222222
UCM,H,194,SOILTD1,4/20/2018 23:00,4/20/2018 23:00,16.5
UCM,H,194,SOILTD1,4/21/2018 0:00,4/21/2018 0:00,16.27777778
UCM,H,194,SOILTD1,4/21/2018 1:00,4/21/2018 1:00,16.16666667
UCM,H,194,SOILTD1,4/21/2018 2:00,4/21/2018 2:00,15.94444444
UCM,H,194,SOILTD1,4/21/2018 3:00,4/21/2018 3:00,15.77777778
UCM,H,194,SOILTD1,4/21/2018 4:00,4/21/2018 4:00,15.66666667
UCM,H,194,SOILTD1,4/21/2018 5:00,4/21/2018 5:00,15.44444444
UCM,H,194,SOILTD1,4/21/2018 6:00,4/21/2018 6:00,15.33333333
UCM,H,194,SOILTD1,4/21/2018 7:00,4/21/2018 7:00,15.16666667
UCM,H,194,SOILTD1,4/21/2018 8:00,4/21/2018 8:00,15.05555556
UCM,H,194,SOILTD1,4/21/2018 9:00,4/21/2018 9:00,15
UCM,H,194,SOILTD1,4/21/2018 10:00,4/21/2018 10:00,15
UCM,H,194,SOILTD1,4/21/2018 11:00,4/21/2018 11:00,15.16666667
UCM,H,194,SOILTD1,4/21/2018 12:00,4/21/2018 12:00,15.38888889
UCM,H,194,SOILTD1,4/21/2018 13:00,4/21/2018 13:00,15.66666667
UCM,H,194,SOILTD1,4/21/2018 14:00,4/21/2018 14:00,16.11111111
UCM,H,194,SOILTD1,4/21/2018 15:00,4/21/2018 15:00,16.55555556
UCM,H,194,SOILTD1,4/21/2018 16:00,4/21/2018 16:00,16.94444444
UCM,H,194,SOILTD1,4/21/2018 17:00,4/21/2018 17:00,17.33333333
UCM,H,194,SOILTD1,4/21/2018 18:00,4/21/2018 18:00,17.5
UCM,H,194,SOILTD1,4/21/2018 19:00,4/21/2018 19:00,17.61111111
UCM,H,194,SOILTD1,4/21/2018 20:00,4/21/2018 20:00,17.61111111
UCM,H,194,SOILTD1,4/21/2018 21:00,4/21/2018 21:00,17.55555556
UCM,H,194,SOILTD1,4/21/2018 22:00,4/21/2018 22:00,17.38888889
UCM,H,194,SOILTD1,4/21/2018 23:00,4/21/2018 23:00,17.22222222
UCM,H,194,SOILTD1,4/22/2018 0:00,4/22/2018 0:00,17
UCM,H,194,SOILTD1,4/22/2018 1:00,4/22/2018 1:00,16.83333333
UCM,H,194,SOILTD1,4/22/2018 2:00,4/22/2018 2:00,16.66666667
UCM,H,194,SOILTD1,4/22/2018 3:00,4/22/2018 3:00,16.44444444
UCM,H,194,SOILTD1,4/22/2018 4:00,4/22/2018 4:00,16.27777778
UCM,H,194,SOILTD1,4/22/2018 5:00,4/22/2018 5:00,16.16666667
UCM,H,194,SOILTD1,4/22/2018 6:00,4/22/2018 6:00,16
UCM,H,194,SOILTD1,4/22/2018 7:00,4/22/2018 7:00,15.88888889
UCM,H,194,SOILTD1,4/22/2018 8:00,4/22/2018 8:00,15.77777778
UCM,H,194,SOILTD1,4/22/2018 9:00,4/22/2018 9:00,15.72222222
UCM,H,194,SOILTD1,4/22/2018 10:00,4/22/2018 10:00,15.72222222
UCM,H,194,SOILTD1,4/22/2018 11:00,4/22/2018 11:00,15.83333333
UCM,H,194,SOILTD1,4/22/2018 12:00,4/22/2018 12:00,16.11111111
UCM,H,194,SOILTD1,4/22/2018 13:00,4/22/2018 13:00,16.44444444
UCM,H,194,SOILTD1,4/22/2018 14:00,4/22/2018 14:00,16.83333333
UCM,H,194,SOILTD1,4/22/2018 15:00,4/22/2018 15:00,17.33333333
UCM,H,194,SOILTD1,4/22/2018 16:00,4/22/2018 16:00,17.83333333
UCM,H,194,SOILTD1,4/22/2018 17:00,4/22/2018 17:00,18.16666667
UCM,H,194,SOILTD1,4/22/2018 18:00,4/22/2018 18:00,18.38888889
UCM,H,194,SOILTD1,4/22/2018 19:00,4/22/2018 19:00,18.44444444
UCM,H,194,SOILTD1,4/22/2018 20:00,4/22/2018 20:00,18.5
UCM,H,194,SOILTD1,4/22/2018 21:00,4/22/2018 21:00,18.38888889
UCM,H,194,SOILTD1,4/22/2018 22:00,4/22/2018 22:00,18.22222222
UCM,H,194,SOILTD1,4/22/2018 23:00,4/22/2018 23:00,18
UCM,H,194,SOILTD1,4/23/2018 0:00,4/23/2018 0:00,17.77777778
UCM,H,194,SOILTD1,4/23/2018 1:00,4/23/2018 1:00,17.55555556
UCM,H,194,SOILTD1,4/23/2018 2:00,4/23/2018 2:00,17.33333333
UCM,H,194,SOILTD1,4/23/2018 3:00,4/23/2018 3:00,17.16666667
UCM,H,194,SOILTD1,4/23/2018 4:00,4/23/2018 4:00,16.94444444
UCM,H,194,SOILTD1,4/23/2018 5:00,4/23/2018 5:00,16.77777778
UCM,H,194,SOILTD1,4/23/2018 6:00,4/23/2018 6:00,16.61111111
UCM,H,194,SOILTD1,4/23/2018 7:00,4/23/2018 7:00,16.44444444
UCM,H,194,SOILTD1,4/23/2018 8:00,4/23/2018 8:00,16.33333333
UCM,H,194,SOILTD1,4/23/2018 9:00,4/23/2018 9:00,16.22222222
UCM,H,194,SOILTD1,4/23/2018 10:00,4/23/2018 10:00,16.27777778
UCM,H,194,SOILTD1,4/23/2018 11:00,4/23/2018 11:00,16.38888889
UCM,H,194,SOILTD1,4/23/2018 12:00,4/23/2018 12:00,16.61111111
UCM,H,194,SOILTD1,4/23/2018 13:00,4/23/2018 13:00,16.94444444
UCM,H,194,SOILTD1,4/23/2018 14:00,4/23/2018 14:00,17.38888889
UCM,H,194,SOILTD1,4/23/2018 15:00,4/23/2018 15:00,17.88888889
UCM,H,194,SOILTD1,4/23/2018 16:00,4/23/2018 16:00,18.33333333
UCM,H,194,SOILTD1,4/23/2018 17:00,4/23/2018 17:00,18.72222222
UCM,H,194,SOILTD1,4/23/2018 18:00,4/23/2018 18:00,18.94444444
UCM,H,194,SOILTD1,4/23/2018 19:00,4/23/2018 19:00,19.05555556
UCM,H,194,SOILTD1,4/23/2018 20:00,4/23/2018 20:00,19.11111111
UCM,H,194,SOILTD1,4/23/2018 21:00,4/23/2018 21:00,19
UCM,H,194,SOILTD1,4/23/2018 22:00,4/23/2018 22:00,18.83333333
UCM,H,194,SOILTD1,4/23/2018 23:00,4/23/2018 23:00,18.61111111
UCM,H,194,SOILTD1,4/24/2018 0:00,4/24/2018 0:00,18.38888889
UCM,H,194,SOILTD1,4/24/2018 1:00,4/24/2018 1:00,18.22222222
UCM,H,194,SOILTD1,4/24/2018 2:00,4/24/2018 2:00,18
UCM,H,194,SOILTD1,4/24/2018 3:00,4/24/2018 3:00,17.83333333
UCM,H,194,SOILTD1,4/24/2018 4:00,4/24/2018 4:00,17.66666667
UCM,H,194,SOILTD1,4/24/2018 5:00,4/24/2018 5:00,17.5
UCM,H,194,SOILTD1,4/24/2018 6:00,4/24/2018 6:00,17.27777778
UCM,H,194,SOILTD1,4/24/2018 7:00,4/24/2018 7:00,17.16666667
UCM,H,194,SOILTD1,4/24/2018 8:00,4/24/2018 8:00,16.94444444
UCM,H,194,SOILTD1,4/24/2018 9:00,4/24/2018 9:00,16.88888889
UCM,H,194,SOILTD1,4/24/2018 10:00,4/24/2018 10:00,16.83333333
UCM,H,194,SOILTD1,4/24/2018 11:00,4/24/2018 11:00,16.94444444
UCM,H,194,SOILTD1,4/24/2018 12:00,4/24/2018 12:00,17.16666667
UCM,H,194,SOILTD1,4/24/2018 13:00,4/24/2018 13:00,17.44444444
UCM,H,194,SOILTD1,4/24/2018 14:00,4/24/2018 14:00,17.94444444
UCM,H,194,SOILTD1,4/24/2018 15:00,4/24/2018 15:00,18.44444444
UCM,H,194,SOILTD1,4/24/2018 16:00,4/24/2018 16:00,18.94444444
UCM,H,194,SOILTD1,4/24/2018 17:00,4/24/2018 17:00,19.27777778
UCM,H,194,SOILTD1,4/24/2018 18:00,4/24/2018 18:00,19.55555556
UCM,H,194,SOILTD1,4/24/2018 19:00,4/24/2018 19:00,19.61111111
UCM,H,194,SOILTD1,4/24/2018 20:00,4/24/2018 20:00,19.66666667
UCM,H,194,SOILTD1,4/24/2018 21:00,4/24/2018 21:00,19.55555556
UCM,H,194,SOILTD1,4/24/2018 22:00,4/24/2018 22:00,19.44444444
UCM,H,194,SOILTD1,4/24/2018 23:00,4/24/2018 23:00,19.22222222
UCM,H,194,SOILTD1,4/25/2018 0:00,4/25/2018 0:00,19.11111111
UCM,H,194,SOILTD1,4/25/2018 1:00,4/25/2018 1:00,18.88888889
UCM,H,194,SOILTD1,4/25/2018 2:00,4/25/2018 2:00,18.77777778
UCM,H,194,SOILTD1,4/25/2018 3:00,4/25/2018 3:00,18.55555556
UCM,H,194,SOILTD1,4/25/2018 4:00,4/25/2018 4:00,18.38888889
UCM,H,194,SOILTD1,4/25/2018 5:00,4/25/2018 5:00,18.16666667
UCM,H,194,SOILTD1,4/25/2018 6:00,4/25/2018 6:00,18
UCM,H,194,SOILTD1,4/25/2018 7:00,4/25/2018 7:00,17.83333333
UCM,H,194,SOILTD1,4/25/2018 8:00,4/25/2018 8:00,17.66666667
UCM,H,194,SOILTD1,4/25/2018 9:00,4/25/2018 9:00,17.61111111
UCM,H,194,SOILTD1,4/25/2018 10:00,4/25/2018 10:00,17.5
UCM,H,194,SOILTD1,4/25/2018 11:00,4/25/2018 11:00,17.66666667
UCM,H,194,SOILTD1,4/25/2018 12:00,4/25/2018 12:00,17.83333333
UCM,H,194,SOILTD1,4/25/2018 13:00,4/25/2018 13:00,18.16666667
UCM,H,194,SOILTD1,4/25/2018 14:00,4/25/2018 14:00,18.61111111
UCM,H,194,SOILTD1,4/25/2018 15:00,4/25/2018 15:00,19.16666667
UCM,H,194,SOILTD1,4/25/2018 16:00,4/25/2018 16:00,19.61111111
UCM,H,194,SOILTD1,4/25/2018 17:00,4/25/2018 17:00,20
UCM,H,194,SOILTD1,4/25/2018 18:00,4/25/2018 18:00,20.22222222
UCM,H,194,SOILTD1,4/25/2018 19:00,4/25/2018 19:00,20.27777778
UCM,H,194,SOILTD1,4/25/2018 20:00,4/25/2018 20:00,20.27777778
UCM,H,194,SOILTD1,4/25/2018 21:00,4/25/2018 21:00,20.16666667
UCM,H,194,SOILTD1,4/25/2018 22:00,4/25/2018 22:00,20
UCM,H,194,SOILTD1,4/25/2018 23:00,4/25/2018 23:00,19.77777778
UCM,H,194,SOILTD1,4/26/2018 0:00,4/26/2018 0:00,19.55555556
UCM,H,194,SOILTD1,4/26/2018 1:00,4/26/2018 1:00,19.33333333
UCM,H,194,SOILTD1,4/26/2018 2:00,4/26/2018 2:00,19.22222222
UCM,H,194,SOILTD1,4/26/2018 3:00,4/26/2018 3:00,19
UCM,H,194,SOILTD1,4/26/2018 4:00,4/26/2018 4:00,18.83333333
UCM,H,194,SOILTD1,4/26/2018 5:00,4/26/2018 5:00,18.72222222
UCM,H,194,SOILTD1,4/26/2018 6:00,4/26/2018 6:00,18.55555556
UCM,H,194,SOILTD1,4/26/2018 7:00,4/26/2018 7:00,18.44444444
UCM,H,194,SOILTD1,4/26/2018 8:00,4/26/2018 8:00,18.22222222
UCM,H,194,SOILTD1,4/26/2018 9:00,4/26/2018 9:00,18.16666667
UCM,H,194,SOILTD1,4/26/2018 10:00,4/26/2018 10:00,18.11111111
UCM,H,194,SOILTD1,4/26/2018 11:00,4/26/2018 11:00,18.16666667
UCM,H,194,SOILTD1,4/26/2018 12:00,4/26/2018 12:00,18.27777778
UCM,H,194,SOILTD1,4/26/2018 13:00,4/26/2018 13:00,18.61111111
UCM,H,194,SOILTD1,4/26/2018 14:00,4/26/2018 14:00,19.05555556
UCM,H,194,SOILTD1,4/26/2018 15:00,4/26/2018 15:00,19.55555556
UCM,H,194,SOILTD1,4/26/2018 16:00,4/26/2018 16:00,20.05555556
UCM,H,194,SOILTD1,4/26/2018 17:00,4/26/2018 17:00,20.33333333
UCM,H,194,SOILTD1,4/26/2018 18:00,4/26/2018 18:00,20.55555556
UCM,H,194,SOILTD1,4/26/2018 19:00,4/26/2018 19:00,20.61111111
UCM,H,194,SOILTD1,4/26/2018 20:00,4/26/2018 20:00,20.61111111
UCM,H,194,SOILTD1,4/26/2018 21:00,4/26/2018 21:00,20.5
UCM,H,194,SOILTD1,4/26/2018 22:00,4/26/2018 22:00,20.27777778
UCM,H,194,SOILTD1,4/26/2018 23:00,4/26/2018 23:00,20.11111111
UCM,H,194,SOILTD1,4/27/2018 0:00,4/27/2018 0:00,19.88888889
UCM,H,194,SOILTD1,4/27/2018 1:00,4/27/2018 1:00,19.72222222
UCM,H,194,SOILTD1,4/27/2018 2:00,4/27/2018 2:00,19.5
UCM,H,194,SOILTD1,4/27/2018 3:00,4/27/2018 3:00,19.27777778
UCM,H,194,SOILTD1,4/27/2018 4:00,4/27/2018 4:00,19.11111111
UCM,H,194,SOILTD1,4/27/2018 5:00,4/27/2018 5:00,18.88888889
UCM,H,194,SOILTD1,4/27/2018 6:00,4/27/2018 6:00,18.72222222
UCM,H,194,SOILTD1,4/27/2018 7:00,4/27/2018 7:00,18.55555556
UCM,H,194,SOILTD1,4/27/2018 8:00,4/27/2018 8:00,18.38888889
UCM,H,194,SOILTD1,4/27/2018 9:00,4/27/2018 9:00,18.22222222
UCM,H,194,SOILTD1,4/27/2018 10:00,4/27/2018 10:00,18.22222222
UCM,H,194,SOILTD1,4/27/2018 11:00,4/27/2018 11:00,18.22222222
UCM,H,194,SOILTD1,4/27/2018 12:00,4/27/2018 12:00,18.44444444
UCM,H,194,SOILTD1,4/27/2018 13:00,4/27/2018 13:00,18.66666667
UCM,H,194,SOILTD1,4/27/2018 14:00,4/27/2018 14:00,19.11111111
UCM,H,194,SOILTD1,4/27/2018 15:00,4/27/2018 15:00,19.61111111
UCM,H,194,SOILTD1,4/27/2018 16:00,4/27/2018 16:00,20
UCM,H,194,SOILTD1,4/27/2018 17:00,4/27/2018 17:00,20.33333333
UCM,H,194,SOILTD1,4/27/2018 18:00,4/27/2018 18:00,20.5
UCM,H,194,SOILTD1,4/27/2018 19:00,4/27/2018 19:00,20.5
UCM,H,194,SOILTD1,4/27/2018 20:00,4/27/2018 20:00,20.44444444
UCM,H,194,SOILTD1,4/27/2018 21:00,4/27/2018 21:00,20.27777778
UCM,H,194,SOILTD1,4/27/2018 22:00,4/27/2018 22:00,20.11111111
UCM,H,194,SOILTD1,4/27/2018 23:00,4/27/2018 23:00,19.88888889
UCM,H,194,SOILTD1,4/28/2018 0:00,4/28/2018 0:00,19.66666667
UCM,H,194,SOILTD1,4/28/2018 1:00,4/28/2018 1:00,19.44444444
UCM,H,194,SOILTD1,4/28/2018 2:00,4/28/2018 2:00,19.22222222
UCM,H,194,SOILTD1,4/28/2018 3:00,4/28/2018 3:00,19.05555556
UCM,H,194,SOILTD1,4/28/2018 4:00,4/28/2018 4:00,18.83333333
UCM,H,194,SOILTD1,4/28/2018 5:00,4/28/2018 5:00,18.72222222
UCM,H,194,SOILTD1,4/28/2018 6:00,4/28/2018 6:00,18.55555556
UCM,H,194,SOILTD1,4/28/2018 7:00,4/28/2018 7:00,18.38888889
UCM,H,194,SOILTD1,4/28/2018 8:00,4/28/2018 8:00,18.22222222
UCM,H,194,SOILTD1,4/28/2018 9:00,4/28/2018 9:00,18.11111111
UCM,H,194,SOILTD1,4/28/2018 10:00,4/28/2018 10:00,18.05555556
UCM,H,194,SOILTD1,4/28/2018 11:00,4/28/2018 11:00,18.16666667
UCM,H,194,SOILTD1,4/28/2018 12:00,4/28/2018 12:00,18.27777778
UCM,H,194,SOILTD1,4/28/2018 13:00,4/28/2018 13:00,18.55555556
UCM,H,194,SOILTD1,4/28/2018 14:00,4/28/2018 14:00,19.05555556
UCM,H,194,SOILTD1,4/28/2018 15:00,4/28/2018 15:00,19.5
UCM,H,194,SOILTD1,4/28/2018 16:00,4/28/2018 16:00,19.94444444
UCM,H,194,SOILTD1,4/28/2018 17:00,4/28/2018 17:00,20.27777778
UCM,H,194,SOILTD1,4/28/2018 18:00,4/28/2018 18:00,20.5
UCM,H,194,SOILTD1,4/28/2018 19:00,4/28/2018 19:00,20.5
UCM,H,194,SOILTD1,4/28/2018 20:00,4/28/2018 20:00,20.44444444
UCM,H,194,SOILTD1,4/28/2018 21:00,4/28/2018 21:00,20.22222222
UCM,H,194,SOILTD1,4/28/2018 22:00,4/28/2018 22:00,20.11111111
UCM,H,194,SOILTD1,4/28/2018 23:00,4/28/2018 23:00,19.83333333
UCM,H,194,SOILTD1,4/29/2018 0:00,4/29/2018 0:00,19.61111111
UCM,H,194,SOILTD1,4/29/2018 1:00,4/29/2018 1:00,19.38888889
UCM,H,194,SOILTD1,4/29/2018 2:00,4/29/2018 2:00,19.22222222
UCM,H,194,SOILTD1,4/29/2018 3:00,4/29/2018 3:00,19
UCM,H,194,SOILTD1,4/29/2018 4:00,4/29/2018 4:00,18.77777778
UCM,H,194,SOILTD1,4/29/2018 5:00,4/29/2018 5:00,18.61111111
UCM,H,194,SOILTD1,4/29/2018 6:00,4/29/2018 6:00,18.44444444
UCM,H,194,SOILTD1,4/29/2018 7:00,4/29/2018 7:00,18.33333333
UCM,H,194,SOILTD1,4/29/2018 8:00,4/29/2018 8:00,18.16666667
UCM,H,194,SOILTD1,4/29/2018 9:00,4/29/2018 9:00,18.05555556
UCM,H,194,SOILTD1,4/29/2018 10:00,4/29/2018 10:00,18
UCM,H,194,SOILTD1,4/29/2018 11:00,4/29/2018 11:00,18.16666667
UCM,H,194,SOILTD1,4/29/2018 12:00,4/29/2018 12:00,18.27777778
UCM,H,194,SOILTD1,4/29/2018 13:00,4/29/2018 13:00,18.55555556
UCM,H,194,SOILTD1,4/29/2018 14:00,4/29/2018 14:00,18.94444444
UCM,H,194,SOILTD1,4/29/2018 15:00,4/29/2018 15:00,19.33333333
UCM,H,194,SOILTD1,4/29/2018 16:00,4/29/2018 16:00,19.72222222
UCM,H,194,SOILTD1,4/29/2018 17:00,4/29/2018 17:00,19.94444444
UCM,H,194,SOILTD1,4/29/2018 18:00,4/29/2018 18:00,20.11111111
UCM,H,194,SOILTD1,4/29/2018 19:00,4/29/2018 19:00,20.11111111
UCM,H,194,SOILTD1,4/29/2018 20:00,4/29/2018 20:00,20.05555556
UCM,H,194,SOILTD1,4/29/2018 21:00,4/29/2018 21:00,19.94444444
UCM,H,194,SOILTD1,4/29/2018 22:00,4/29/2018 22:00,19.77777778
UCM,H,194,SOILTD1,4/29/2018 23:00,4/29/2018 23:00,19.55555556
UCM,H,194,SOILTD1,4/30/2018 0:00,4/30/2018 0:00,19.38888889
UCM,H,194,SOILTD1,4/30/2018 1:00,4/30/2018 1:00,19.22222222
UCM,H,194,SOILTD1,4/30/2018 2:00,4/30/2018 2:00,19
UCM,H,194,SOILTD1,4/30/2018 3:00,4/30/2018 3:00,18.83333333
UCM,H,194,SOILTD1,4/30/2018 4:00,4/30/2018 4:00,18.66666667
UCM,H,194,SOILTD1,4/30/2018 5:00,4/30/2018 5:00,18.55555556
UCM,H,194,SOILTD1,4/30/2018 6:00,4/30/2018 6:00,18.38888889
UCM,H,194,SOILTD1,4/30/2018 7:00,4/30/2018 7:00,18.22222222
UCM,H,194,SOILTD1,4/30/2018 8:00,4/30/2018 8:00,18.05555556
UCM,H,194,SOILTD1,4/30/2018 9:00,4/30/2018 9:00,18
UCM,H,194,SOILTD1,4/30/2018 10:00,4/30/2018 10:00,18
UCM,H,194,SOILTD1,4/30/2018 11:00,4/30/2018 11:00,18.05555556
UCM,H,194,SOILTD1,4/30/2018 12:00,4/30/2018 12:00,18.22222222
UCM,H,194,SOILTD1,4/30/2018 13:00,4/30/2018 13:00,18.44444444
UCM,H,194,SOILTD1,4/30/2018 14:00,4/30/2018 14:00,18.77777778
UCM,H,194,SOILTD1,4/30/2018 15:00,4/30/2018 15:00,19.22222222
UCM,H,194,SOILTD1,4/30/2018 16:00,4/30/2018 16:00,19.66666667
UCM,H,194,SOILTD1,4/30/2018 17:00,4/30/2018 17:00,20
UCM,H,194,SOILTD1,4/30/2018 18:00,4/30/2018 18:00,20.22222222
UCM,H,194,SOILTD1,4/30/2018 19:00,4/30/2018 19:00,20.27777778
UCM,H,194,SOILTD1,4/30/2018 20:00,4/30/2018 20:00,20.22222222
UCM,H,194,SOILTD1,4/30/2018 21:00,4/30/2018 21:00,20.16666667
UCM,H,194,SOILTD1,4/30/2018 22:00,4/30/2018 22:00,20
UCM,H,194,SOILTD1,4/30/2018 23:00,4/30/2018 23:00,19.77777778
UCM,H,194,SOILTD1,5/1/2018 0:00,5/1/2018 0:00,19.5
UCM,H,194,SOILTD1,5/1/2018 1:00,5/1/2018 1:00,19.27777778
UCM,H,194,SOILTD1,5/1/2018 2:00,5/1/2018 2:00,19
UCM,H,194,SOILTD1,5/1/2018 3:00,5/1/2018 3:00,18.77777778
UCM,H,194,SOILTD1,5/1/2018 4:00,5/1/2018 4:00,18.61111111
UCM,H,194,SOILTD1,5/1/2018 5:00,5/1/2018 5:00,18.44444444
UCM,H,194,SOILTD1,5/1/2018 6:00,5/1/2018 6:00,18.22222222
UCM,H,194,SOILTD1,5/1/2018 7:00,5/1/2018 7:00,18.05555556
UCM,H,194,SOILTD1,5/1/2018 8:00,5/1/2018 8:00,18
UCM,H,194,SOILTD1,5/1/2018 9:00,5/1/2018 9:00,17.88888889
UCM,H,194,SOILTD1,5/1/2018 10:00,5/1/2018 10:00,17.88888889
UCM,H,194,SOILTD1,5/1/2018 11:00,5/1/2018 11:00,18
UCM,H,194,SOILTD1,5/1/2018 12:00,5/1/2018 12:00,18.16666667
UCM,H,194,SOILTD1,5/1/2018 13:00,5/1/2018 13:00,18.44444444
UCM,H,194,SOILTD1,5/1/2018 14:00,5/1/2018 14:00,18.88888889
UCM,H,194,SOILTD1,5/1/2018 15:00,5/1/2018 15:00,19.38888889
UCM,H,194,SOILTD1,5/1/2018 16:00,5/1/2018 16:00,19.83333333
UCM,H,194,SOILTD1,5/1/2018 17:00,5/1/2018 17:00,20.22222222
UCM,H,194,SOILTD1,5/1/2018 18:00,5/1/2018 18:00,20.44444444
UCM,H,194,SOILTD1,5/1/2018 19:00,5/1/2018 19:00,20.55555556
UCM,H,194,SOILTD1,5/1/2018 20:00,5/1/2018 20:00,20.61111111
UCM,H,194,SOILTD1,5/1/2018 21:00,5/1/2018 21:00,20.5
UCM,H,194,SOILTD1,5/1/2018 22:00,5/1/2018 22:00,20.33333333
UCM,H,194,SOILTD1,5/1/2018 23:00,5/1/2018 23:00,20.16666667
UCM,H,194,SOILTD1,5/2/2018 0:00,5/2/2018 0:00,19.94444444
UCM,H,194,SOILTD1,5/2/2018 1:00,5/2/2018 1:00,19.77777778
UCM,H,194,SOILTD1,5/2/2018 2:00,5/2/2018 2:00,19.55555556
UCM,H,194,SOILTD1,5/2/2018 3:00,5/2/2018 3:00,19.33333333
UCM,H,194,SOILTD1,5/2/2018 4:00,5/2/2018 4:00,19.11111111
UCM,H,194,SOILTD1,5/2/2018 5:00,5/2/2018 5:00,18.83333333
UCM,H,194,SOILTD1,5/2/2018 6:00,5/2/2018 6:00,18.55555556
UCM,H,194,SOILTD1,5/2/2018 7:00,5/2/2018 7:00,18.27777778
UCM,H,194,SOILTD1,5/2/2018 8:00,5/2/2018 8:00,18.05555556
UCM,H,194,SOILTD1,5/2/2018 9:00,5/2/2018 9:00,17.88888889
UCM,H,194,SOILTD1,5/2/2018 10:00,5/2/2018 10:00,17.83333333
UCM,H,194,SOILTD1,5/2/2018 11:00,5/2/2018 11:00,17.94444444
UCM,H,194,SOILTD1,5/2/2018 12:00,5/2/2018 12:00,18.16666667
UCM,H,194,SOILTD1,5/2/2018 13:00,5/2/2018 13:00,18.44444444
UCM,H,194,SOILTD1,5/2/2018 14:00,5/2/2018 14:00,18.88888889
UCM,H,194,SOILTD1,5/2/2018 15:00,5/2/2018 15:00,19.38888889
UCM,H,194,SOILTD1,5/2/2018 16:00,5/2/2018 16:00,19.88888889
UCM,H,194,SOILTD1,5/2/2018 17:00,5/2/2018 17:00,20.33333333
UCM,H,194,SOILTD1,5/2/2018 18:00,5/2/2018 18:00,20.55555556
UCM,H,194,SOILTD1,5/2/2018 19:00,5/2/2018 19:00,20.72222222
UCM,H,194,SOILTD1,5/2/2018 20:00,5/2/2018 20:00,20.66666667
UCM,H,194,SOILTD1,5/2/2018 21:00,5/2/2018 21:00,20.55555556
UCM,H,194,SOILTD1,5/2/2018 22:00,5/2/2018 22:00,20.38888889
UCM,H,194,SOILTD1,5/2/2018 23:00,5/2/2018 23:00,20.16666667
UCM,H,194,SOILTD1,5/3/2018 0:00,5/3/2018 0:00,19.94444444
UCM,H,194,SOILTD1,5/3/2018 1:00,5/3/2018 1:00,19.72222222
UCM,H,194,SOILTD1,5/3/2018 2:00,5/3/2018 2:00,19.55555556
UCM,H,194,SOILTD1,5/3/2018 3:00,5/3/2018 3:00,19.38888889
UCM,H,194,SOILTD1,5/3/2018 4:00,5/3/2018 4:00,19.22222222
UCM,H,194,SOILTD1,5/3/2018 5:00,5/3/2018 5:00,19
UCM,H,194,SOILTD1,5/3/2018 6:00,5/3/2018 6:00,18.77777778
UCM,H,194,SOILTD1,5/3/2018 7:00,5/3/2018 7:00,18.61111111
UCM,H,194,SOILTD1,5/3/2018 8:00,5/3/2018 8:00,18.38888889
UCM,H,194,SOILTD1,5/3/2018 9:00,5/3/2018 9:00,18.22222222
UCM,H,194,SOILTD1,5/3/2018 10:00,5/3/2018 10:00,18.22222222
UCM,H,194,SOILTD1,5/3/2018 11:00,5/3/2018 11:00,18.38888889
UCM,H,194,SOILTD1,5/3/2018 12:00,5/3/2018 12:00,18.61111111
UCM,H,194,SOILTD1,5/3/2018 13:00,5/3/2018 13:00,18.94444444
UCM,H,194,SOILTD1,5/3/2018 14:00,5/3/2018 14:00,19.5
UCM,H,194,SOILTD1,5/3/2018 15:00,5/3/2018 15:00,20
UCM,H,194,SOILTD1,5/3/2018 16:00,5/3/2018 16:00,20.44444444
UCM,H,194,SOILTD1,5/3/2018 17:00,5/3/2018 17:00,20.83333333
UCM,H,194,SOILTD1,5/3/2018 18:00,5/3/2018 18:00,21.11111111
UCM,H,194,SOILTD1,5/3/2018 19:00,5/3/2018 19:00,21.22222222
UCM,H,194,SOILTD1,5/3/2018 20:00,5/3/2018 20:00,21.22222222
UCM,H,194,SOILTD1,5/3/2018 21:00,5/3/2018 21:00,21.16666667
UCM,H,194,SOILTD1,5/3/2018 22:00,5/3/2018 22:00,20.94444444
UCM,H,194,SOILTD1,5/3/2018 23:00,5/3/2018 23:00,20.72222222
UCM,H,194,SOILTD1,5/4/2018 0:00,5/4/2018 0:00,20.5
UCM,H,194,SOILTD1,5/4/2018 1:00,5/4/2018 1:00,20.27777778
UCM,H,194,SOILTD1,5/4/2018 2:00,5/4/2018 2:00,20.05555556
UCM,H,194,SOILTD1,5/4/2018 3:00,5/4/2018 3:00,19.88888889
UCM,H,194,SOILTD1,5/4/2018 4:00,5/4/2018 4:00,19.72222222
UCM,H,194,SOILTD1,5/4/2018 5:00,5/4/2018 5:00,19.55555556
UCM,H,194,SOILTD1,5/4/2018 6:00,5/4/2018 6:00,19.38888889
UCM,H,194,SOILTD1,5/4/2018 7:00,5/4/2018 7:00,19.16666667
UCM,H,194,SOILTD1,5/4/2018 8:00,5/4/2018 8:00,18.94444444
UCM,H,194,SOILTD1,5/4/2018 9:00,5/4/2018 9:00,18.83333333
UCM,H,194,SOILTD1,5/4/2018 10:00,5/4/2018 10:00,18.77777778
UCM,H,194,SOILTD1,5/4/2018 11:00,5/4/2018 11:00,18.94444444
UCM,H,194,SOILTD1,5/4/2018 12:00,5/4/2018 12:00,19.22222222
UCM,H,194,SOILTD1,5/4/2018 13:00,5/4/2018 13:00,19.55555556
UCM,H,194,SOILTD1,5/4/2018 14:00,5/4/2018 14:00,20.05555556
UCM,H,194,SOILTD1,5/4/2018 15:00,5/4/2018 15:00,20.61111111
UCM,H,194,SOILTD1,5/4/2018 16:00,5/4/2018 16:00,21.11111111
UCM,H,194,SOILTD1,5/4/2018 17:00,5/4/2018 17:00,21.55555556
UCM,H,194,SOILTD1,5/4/2018 18:00,5/4/2018 18:00,21.72222222
UCM,H,194,SOILTD1,5/4/2018 19:00,5/4/2018 19:00,21.77777778
UCM,H,194,SOILTD1,5/4/2018 20:00,5/4/2018 20:00,21.83333333
UCM,H,194,SOILTD1,5/4/2018 21:00,5/4/2018 21:00,21.77777778
UCM,H,194,SOILTD1,5/4/2018 22:00,5/4/2018 22:00,21.61111111
UCM,H,194,SOILTD1,5/4/2018 23:00,5/4/2018 23:00,21.38888889
UCM,H,194,SOILTD1,5/5/2018 0:00,5/5/2018 0:00,21.16666667
UCM,H,194,SOILTD1,5/5/2018 1:00,5/5/2018 1:00,20.94444444
UCM,H,194,SOILTD1,5/5/2018 2:00,5/5/2018 2:00,20.77777778
UCM,H,194,SOILTD1,5/5/2018 3:00,5/5/2018 3:00,20.55555556
UCM,H,194,SOILTD1,5/5/2018 4:00,5/5/2018 4:00,20.38888889
UCM,H,194,SOILTD1,5/5/2018 5:00,5/5/2018 5:00,20.22222222
UCM,H,194,SOILTD1,5/5/2018 6:00,5/5/2018 6:00,20
UCM,H,194,SOILTD1,5/5/2018 7:00,5/5/2018 7:00,19.77777778
UCM,H,194,SOILTD1,5/5/2018 8:00,5/5/2018 8:00,19.61111111
UCM,H,194,SOILTD1,5/5/2018 9:00,5/5/2018 9:00,19.5
UCM,H,194,SOILTD1,5/5/2018 10:00,5/5/2018 10:00,19.5
UCM,H,194,SOILTD1,5/5/2018 11:00,5/5/2018 11:00,19.66666667
UCM,H,194,SOILTD1,5/5/2018 12:00,5/5/2018 12:00,19.83333333
UCM,H,194,SOILTD1,5/5/2018 13:00,5/5/2018 13:00,20.11111111
UCM,H,194,SOILTD1,5/5/2018 14:00,5/5/2018 14:00,20.44444444
UCM,H,194,SOILTD1,5/5/2018 15:00,5/5/2018 15:00,20.94444444
UCM,H,194,SOILTD1,5/5/2018 16:00,5/5/2018 16:00,21.33333333
UCM,H,194,SOILTD1,5/5/2018 17:00,5/5/2018 17:00,21.66666667
UCM,H,194,SOILTD1,5/5/2018 18:00,5/5/2018 18:00,21.94444444
UCM,H,194,SOILTD1,5/5/2018 19:00,5/5/2018 19:00,22.05555556
UCM,H,194,SOILTD1,5/5/2018 20:00,5/5/2018 20:00,22.11111111
UCM,H,194,SOILTD1,5/5/2018 21:00,5/5/2018 21:00,22.05555556
UCM,H,194,SOILTD1,5/5/2018 22:00,5/5/2018 22:00,21.94444444
UCM,H,194,SOILTD1,5/5/2018 23:00,5/5/2018 23:00,21.77777778
UCM,H,194,SOILTD1,5/6/2018 0:00,5/6/2018 0:00,21.55555556
UCM,H,194,SOILTD1,5/6/2018 1:00,5/6/2018 1:00,21.38888889
UCM,H,194,SOILTD1,5/6/2018 2:00,5/6/2018 2:00,21.16666667
UCM,H,194,SOILTD1,5/6/2018 3:00,5/6/2018 3:00,21
UCM,H,194,SOILTD1,5/6/2018 4:00,5/6/2018 4:00,20.83333333
UCM,H,194,SOILTD1,5/6/2018 5:00,5/6/2018 5:00,20.66666667
UCM,H,194,SOILTD1,5/6/2018 6:00,5/6/2018 6:00,20.5
UCM,H,194,SOILTD1,5/6/2018 7:00,5/6/2018 7:00,20.33333333
UCM,H,194,SOILTD1,5/6/2018 8:00,5/6/2018 8:00,20.16666667
UCM,H,194,SOILTD1,5/6/2018 9:00,5/6/2018 9:00,20
UCM,H,194,SOILTD1,5/6/2018 10:00,5/6/2018 10:00,19.88888889
UCM,H,194,SOILTD1,5/6/2018 11:00,5/6/2018 11:00,20
UCM,H,194,SOILTD1,5/6/2018 12:00,5/6/2018 12:00,20.11111111
UCM,H,194,SOILTD1,5/6/2018 13:00,5/6/2018 13:00,20.38888889
UCM,H,194,SOILTD1,5/6/2018 14:00,5/6/2018 14:00,20.83333333
UCM,H,194,SOILTD1,5/6/2018 15:00,5/6/2018 15:00,21.27777778
UCM,H,194,SOILTD1,5/6/2018 16:00,5/6/2018 16:00,21.77777778
UCM,H,194,SOILTD1,5/6/2018 17:00,5/6/2018 17:00,22.11111111
UCM,H,194,SOILTD1,5/6/2018 18:00,5/6/2018 18:00,22.27777778
UCM,H,194,SOILTD1,5/6/2018 19:00,5/6/2018 19:00,22.38888889
UCM,H,194,SOILTD1,5/6/2018 20:00,5/6/2018 20:00,22.27777778
UCM,H,194,SOILTD1,5/6/2018 21:00,5/6/2018 21:00,22.22222222
UCM,H,194,SOILTD1,5/6/2018 22:00,5/6/2018 22:00,22.05555556
UCM,H,194,SOILTD1,5/6/2018 23:00,5/6/2018 23:00,21.83333333
UCM,H,194,SOILTD1,5/7/2018 0:00,5/7/2018 0:00,21.61111111
UCM,H,194,SOILTD1,5/7/2018 1:00,5/7/2018 1:00,21.38888889
UCM,H,194,SOILTD1,5/7/2018 2:00,5/7/2018 2:00,21.22222222
UCM,H,194,SOILTD1,5/7/2018 3:00,5/7/2018 3:00,21
UCM,H,194,SOILTD1,5/7/2018 4:00,5/7/2018 4:00,20.77777778
UCM,H,194,SOILTD1,5/7/2018 5:00,5/7/2018 5:00,20.61111111
UCM,H,194,SOILTD1,5/7/2018 6:00,5/7/2018 6:00,20.44444444
UCM,H,194,SOILTD1,5/7/2018 7:00,5/7/2018 7:00,20.33333333
UCM,H,194,SOILTD1,5/7/2018 8:00,5/7/2018 8:00,20.16666667
UCM,H,194,SOILTD1,5/7/2018 9:00,5/7/2018 9:00,20
UCM,H,194,SOILTD1,5/7/2018 10:00,5/7/2018 10:00,20
UCM,H,194,SOILTD1,5/7/2018 11:00,5/7/2018 11:00,20.11111111
UCM,H,194,SOILTD1,5/7/2018 12:00,5/7/2018 12:00,20.33333333
UCM,H,194,SOILTD1,5/7/2018 13:00,5/7/2018 13:00,20.66666667
UCM,H,194,SOILTD1,5/7/2018 14:00,5/7/2018 14:00,21.11111111
UCM,H,194,SOILTD1,5/7/2018 15:00,5/7/2018 15:00,21.66666667
UCM,H,194,SOILTD1,5/7/2018 16:00,5/7/2018 16:00,22.16666667
UCM,H,194,SOILTD1,5/7/2018 17:00,5/7/2018 17:00,22.55555556
UCM,H,194,SOILTD1,5/7/2018 18:00,5/7/2018 18:00,22.83333333
UCM,H,194,SOILTD1,5/7/2018 19:00,5/7/2018 19:00,22.94444444
UCM,H,194,SOILTD1,5/7/2018 20:00,5/7/2018 20:00,22.94444444
UCM,H,194,SOILTD1,5/7/2018 21:00,5/7/2018 21:00,22.83333333
UCM,H,194,SOILTD1,5/7/2018 22:00,5/7/2018 22:00,22.61111111
UCM,H,194,SOILTD1,5/7/2018 23:00,5/7/2018 23:00,22.38888889
UCM,H,194,SOILTD1,5/8/2018 0:00,5/8/2018 0:00,22.11111111
UCM,H,194,SOILTD1,5/8/2018 1:00,5/8/2018 1:00,21.88888889
UCM,H,194,SOILTD1,5/8/2018 2:00,5/8/2018 2:00,21.66666667
UCM,H,194,SOILTD1,5/8/2018 3:00,5/8/2018 3:00,21.5
UCM,H,194,SOILTD1,5/8/2018 4:00,5/8/2018 4:00,21.27777778
UCM,H,194,SOILTD1,5/8/2018 5:00,5/8/2018 5:00,21.05555556
UCM,H,194,SOILTD1,5/8/2018 6:00,5/8/2018 6:00,20.83333333
UCM,H,194,SOILTD1,5/8/2018 7:00,5/8/2018 7:00,20.61111111
UCM,H,194,SOILTD1,5/8/2018 8:00,5/8/2018 8:00,20.38888889
UCM,H,194,SOILTD1,5/8/2018 9:00,5/8/2018 9:00,20.27777778
UCM,H,194,SOILTD1,5/8/2018 10:00,5/8/2018 10:00,20.27777778
UCM,H,194,SOILTD1,5/8/2018 11:00,5/8/2018 11:00,20.38888889
UCM,H,194,SOILTD1,5/8/2018 12:00,5/8/2018 12:00,20.66666667
UCM,H,194,SOILTD1,5/8/2018 13:00,5/8/2018 13:00,21.05555556
UCM,H,194,SOILTD1,5/8/2018 14:00,5/8/2018 14:00,21.55555556
UCM,H,194,SOILTD1,5/8/2018 15:00,5/8/2018 15:00,22
UCM,H,194,SOILTD1,5/8/2018 16:00,5/8/2018 16:00,22.44444444
UCM,H,194,SOILTD1,5/8/2018 17:00,5/8/2018 17:00,22.77777778
UCM,H,194,SOILTD1,5/8/2018 18:00,5/8/2018 18:00,23
UCM,H,194,SOILTD1,5/8/2018 19:00,5/8/2018 19:00,23.11111111
UCM,H,194,SOILTD1,5/8/2018 20:00,5/8/2018 20:00,23.22222222
UCM,H,194,SOILTD1,5/8/2018 21:00,5/8/2018 21:00,23.11111111
UCM,H,194,SOILTD1,5/8/2018 22:00,5/8/2018 22:00,23
UCM,H,194,SOILTD1,5/8/2018 23:00,5/8/2018 23:00,22.83333333
UCM,H,194,SOILTD1,5/9/2018 0:00,5/9/2018 0:00,22.61111111
UCM,H,194,SOILTD1,5/9/2018 1:00,5/9/2018 1:00,22.44444444
UCM,H,194,SOILTD1,5/9/2018 2:00,5/9/2018 2:00,22.22222222
UCM,H,194,SOILTD1,5/9/2018 3:00,5/9/2018 3:00,22.05555556
UCM,H,194,SOILTD1,5/9/2018 4:00,5/9/2018 4:00,21.83333333
UCM,H,194,SOILTD1,5/9/2018 5:00,5/9/2018 5:00,21.66666667
UCM,H,194,SOILTD1,5/9/2018 6:00,5/9/2018 6:00,21.5
UCM,H,194,SOILTD1,5/9/2018 7:00,5/9/2018 7:00,21.33333333
UCM,H,194,SOILTD1,5/9/2018 8:00,5/9/2018 8:00,21.16666667
UCM,H,194,SOILTD1,5/9/2018 9:00,5/9/2018 9:00,21
UCM,H,194,SOILTD1,5/9/2018 10:00,5/9/2018 10:00,21
UCM,H,194,SOILTD1,5/9/2018 11:00,5/9/2018 11:00,21.05555556
UCM,H,194,SOILTD1,5/9/2018 12:00,5/9/2018 12:00,21.22222222
UCM,H,194,SOILTD1,5/9/2018 13:00,5/9/2018 13:00,21.5
UCM,H,194,SOILTD1,5/9/2018 14:00,5/9/2018 14:00,21.88888889
UCM,H,194,SOILTD1,5/9/2018 15:00,5/9/2018 15:00,22.33333333
UCM,H,194,SOILTD1,5/9/2018 16:00,5/9/2018 16:00,22.77777778
UCM,H,194,SOILTD1,5/9/2018 17:00,5/9/2018 17:00,23.11111111
UCM,H,194,SOILTD1,5/9/2018 18:00,5/9/2018 18:00,23.33333333
UCM,H,194,SOILTD1,5/9/2018 19:00,5/9/2018 19:00,23.38888889
UCM,H,194,SOILTD1,5/9/2018 20:00,5/9/2018 20:00,23.38888889
UCM,H,194,SOILTD1,5/9/2018 21:00,5/9/2018 21:00,23.27777778
UCM,H,194,SOILTD1,5/9/2018 22:00,5/9/2018 22:00,23.11111111
UCM,H,194,SOILTD1,5/9/2018 23:00,5/9/2018 23:00,22.88888889
UCM,H,194,SOILTD1,5/10/2018 0:00,5/10/2018 0:00,22.66666667
UCM,H,194,SOILTD1,5/10/2018 1:00,5/10/2018 1:00,22.44444444
UCM,H,194,SOILTD1,5/10/2018 2:00,5/10/2018 2:00,22.22222222
UCM,H,194,SOILTD1,5/10/2018 3:00,5/10/2018 3:00,22
UCM,H,194,SOILTD1,5/10/2018 4:00,5/10/2018 4:00,21.77777778
UCM,H,194,SOILTD1,5/10/2018 5:00,5/10/2018 5:00,21.55555556
UCM,H,194,SOILTD1,5/10/2018 6:00,5/10/2018 6:00,21.33333333
UCM,H,194,SOILTD1,5/10/2018 7:00,5/10/2018 7:00,21.16666667
UCM,H,194,SOILTD1,5/10/2018 8:00,5/10/2018 8:00,21
UCM,H,194,SOILTD1,5/10/2018 9:00,5/10/2018 9:00,20.88888889
UCM,H,194,SOILTD1,5/10/2018 10:00,5/10/2018 10:00,20.83333333
UCM,H,194,SOILTD1,5/10/2018 11:00,5/10/2018 11:00,20.94444444
UCM,H,194,SOILTD1,5/10/2018 12:00,5/10/2018 12:00,21.16666667
UCM,H,194,SOILTD1,5/10/2018 13:00,5/10/2018 13:00,21.44444444
UCM,H,194,SOILTD1,5/10/2018 14:00,5/10/2018 14:00,21.94444444
UCM,H,194,SOILTD1,5/10/2018 15:00,5/10/2018 15:00,22.38888889
UCM,H,194,SOILTD1,5/10/2018 16:00,5/10/2018 16:00,22.83333333
UCM,H,194,SOILTD1,5/10/2018 17:00,5/10/2018 17:00,23.11111111
UCM,H,194,SOILTD1,5/10/2018 18:00,5/10/2018 18:00,23.33333333
UCM,H,194,SOILTD1,5/10/2018 19:00,5/10/2018 19:00,23.44444444
UCM,H,194,SOILTD1,5/10/2018 20:00,5/10/2018 20:00,23.44444444
UCM,H,194,SOILTD1,5/10/2018 21:00,5/10/2018 21:00,23.38888889
UCM,H,194,SOILTD1,5/10/2018 22:00,5/10/2018 22:00,23.22222222
UCM,H,194,SOILTD1,5/10/2018 23:00,5/10/2018 23:00,23
UCM,H,194,SOILTD1,5/11/2018 0:00,5/11/2018 0:00,22.77777778
UCM,H,194,SOILTD1,5/11/2018 1:00,5/11/2018 1:00,22.5
UCM,H,194,SOILTD1,5/11/2018 2:00,5/11/2018 2:00,22.22222222
UCM,H,194,SOILTD1,5/11/2018 3:00,5/11/2018 3:00,22
UCM,H,194,SOILTD1,5/11/2018 4:00,5/11/2018 4:00,21.72222222
UCM,H,194,SOILTD1,5/11/2018 5:00,5/11/2018 5:00,21.5
UCM,H,194,SOILTD1,5/11/2018 6:00,5/11/2018 6:00,21.33333333
UCM,H,194,SOILTD1,5/11/2018 7:00,5/11/2018 7:00,21.16666667
UCM,H,194,SOILTD1,5/11/2018 8:00,5/11/2018 8:00,21
UCM,H,194,SOILTD1,5/11/2018 9:00,5/11/2018 9:00,20.88888889
UCM,H,194,SOILTD1,5/11/2018 10:00,5/11/2018 10:00,20.88888889
UCM,H,194,SOILTD1,5/11/2018 11:00,5/11/2018 11:00,21
UCM,H,194,SOILTD1,5/11/2018 12:00,5/11/2018 12:00,21.16666667
UCM,H,194,SOILTD1,5/11/2018 13:00,5/11/2018 13:00,21.44444444
UCM,H,194,SOILTD1,5/11/2018 14:00,5/11/2018 14:00,21.77777778
UCM,H,194,SOILTD1,5/11/2018 15:00,5/11/2018 15:00,22.22222222
UCM,H,194,SOILTD1,5/11/2018 16:00,5/11/2018 16:00,22.61111111
UCM,H,194,SOILTD1,5/11/2018 17:00,5/11/2018 17:00,22.94444444
UCM,H,194,SOILTD1,5/11/2018 18:00,5/11/2018 18:00,23.11111111
UCM,H,194,SOILTD1,5/11/2018 19:00,5/11/2018 19:00,23.22222222
UCM,H,194,SOILTD1,5/11/2018 20:00,5/11/2018 20:00,23.22222222
UCM,H,194,SOILTD1,5/11/2018 21:00,5/11/2018 21:00,23.05555556
UCM,H,194,SOILTD1,5/11/2018 22:00,5/11/2018 22:00,22.94444444
UCM,H,194,SOILTD1,5/11/2018 23:00,5/11/2018 23:00,22.77777778
UCM,H,194,SOILTD1,5/12/2018 0:00,5/12/2018 0:00,22.61111111
UCM,H,194,SOILTD1,5/12/2018 1:00,5/12/2018 1:00,22.38888889
UCM,H,194,SOILTD1,5/12/2018 2:00,5/12/2018 2:00,22.16666667
UCM,H,194,SOILTD1,5/12/2018 3:00,5/12/2018 3:00,21.94444444
UCM,H,194,SOILTD1,5/12/2018 4:00,5/12/2018 4:00,21.66666667
UCM,H,194,SOILTD1,5/12/2018 5:00,5/12/2018 5:00,21.5
UCM,H,194,SOILTD1,5/12/2018 6:00,5/12/2018 6:00,21.22222222
UCM,H,194,SOILTD1,5/12/2018 7:00,5/12/2018 7:00,20.88888889
UCM,H,194,SOILTD1,5/12/2018 8:00,5/12/2018 8:00,20.61111111
UCM,H,194,SOILTD1,5/12/2018 9:00,5/12/2018 9:00,20.38888889
UCM,H,194,SOILTD1,5/12/2018 10:00,5/12/2018 10:00,20.33333333
UCM,H,194,SOILTD1,5/12/2018 11:00,5/12/2018 11:00,20.5
UCM,H,194,SOILTD1,5/12/2018 12:00,5/12/2018 12:00,20.77777778
UCM,H,194,SOILTD1,5/12/2018 13:00,5/12/2018 13:00,21.16666667
UCM,H,194,SOILTD1,5/12/2018 14:00,5/12/2018 14:00,21.61111111
UCM,H,194,SOILTD1,5/12/2018 15:00,5/12/2018 15:00,22.22222222
UCM,H,194,SOILTD1,5/12/2018 16:00,5/12/2018 16:00,22.72222222
UCM,H,194,SOILTD1,5/12/2018 17:00,5/12/2018 17:00,23.16666667
UCM,H,194,SOILTD1,5/12/2018 18:00,5/12/2018 18:00,23.38888889
UCM,H,194,SOILTD1,5/12/2018 19:00,5/12/2018 19:00,23.5
UCM,H,194,SOILTD1,5/12/2018 20:00,5/12/2018 20:00,23.5
UCM,H,194,SOILTD1,5/12/2018 21:00,5/12/2018 21:00,23.44444444
UCM,H,194,SOILTD1,5/12/2018 22:00,5/12/2018 22:00,23.22222222
UCM,H,194,SOILTD1,5/12/2018 23:00,5/12/2018 23:00,23.05555556
UCM,H,194,SOILTD1,5/13/2018 0:00,5/13/2018 0:00,22.77777778
UCM,H,194,SOILTD1,5/13/2018 1:00,5/13/2018 1:00,22.55555556
UCM,H,194,SOILTD1,5/13/2018 2:00,5/13/2018 2:00,22.33333333
UCM,H,194,SOILTD1,5/13/2018 3:00,5/13/2018 3:00,22.05555556
UCM,H,194,SOILTD1,5/13/2018 4:00,5/13/2018 4:00,21.83333333
UCM,H,194,SOILTD1,5/13/2018 5:00,5/13/2018 5:00,21.61111111
UCM,H,194,SOILTD1,5/13/2018 6:00,5/13/2018 6:00,21.38888889
UCM,H,194,SOILTD1,5/13/2018 7:00,5/13/2018 7:00,21.16666667
UCM,H,194,SOILTD1,5/13/2018 8:00,5/13/2018 8:00,21
UCM,H,194,SOILTD1,5/13/2018 9:00,5/13/2018 9:00,20.88888889
UCM,H,194,SOILTD1,5/13/2018 10:00,5/13/2018 10:00,20.83333333
UCM,H,194,SOILTD1,5/13/2018 11:00,5/13/2018 11:00,21
UCM,H,194,SOILTD1,5/13/2018 12:00,5/13/2018 12:00,21.22222222
UCM,H,194,SOILTD1,5/13/2018 13:00,5/13/2018 13:00,21.55555556
UCM,H,194,SOILTD1,5/13/2018 14:00,5/13/2018 14:00,22
UCM,H,194,SOILTD1,5/13/2018 15:00,5/13/2018 15:00,22.5
UCM,H,194,SOILTD1,5/13/2018 16:00,5/13/2018 16:00,23
UCM,H,194,SOILTD1,5/13/2018 17:00,5/13/2018 17:00,23.33333333
UCM,H,194,SOILTD1,5/13/2018 18:00,5/13/2018 18:00,23.55555556
UCM,H,194,SOILTD1,5/13/2018 19:00,5/13/2018 19:00,23.72222222
UCM,H,194,SOILTD1,5/13/2018 20:00,5/13/2018 20:00,23.72222222
UCM,H,194,SOILTD1,5/13/2018 21:00,5/13/2018 21:00,23.55555556
UCM,H,194,SOILTD1,5/13/2018 22:00,5/13/2018 22:00,23.44444444
UCM,H,194,SOILTD1,5/13/2018 23:00,5/13/2018 23:00,23.22222222
UCM,H,194,SOILTD1,5/14/2018 0:00,5/14/2018 0:00,23.05555556
UCM,H,194,SOILTD1,5/14/2018 1:00,5/14/2018 1:00,22.77777778
UCM,H,194,SOILTD1,5/14/2018 2:00,5/14/2018 2:00,22.61111111
UCM,H,194,SOILTD1,5/14/2018 3:00,5/14/2018 3:00,22.38888889
UCM,H,194,SOILTD1,5/14/2018 4:00,5/14/2018 4:00,22.16666667
UCM,H,194,SOILTD1,5/14/2018 5:00,5/14/2018 5:00,22
UCM,H,194,SOILTD1,5/14/2018 6:00,5/14/2018 6:00,21.77777778
UCM,H,194,SOILTD1,5/14/2018 7:00,5/14/2018 7:00,21.55555556
UCM,H,194,SOILTD1,5/14/2018 8:00,5/14/2018 8:00,21.38888889
UCM,H,194,SOILTD1,5/14/2018 9:00,5/14/2018 9:00,21.22222222
UCM,H,194,SOILTD1,5/14/2018 10:00,5/14/2018 10:00,21.22222222
UCM,H,194,SOILTD1,5/14/2018 11:00,5/14/2018 11:00,21.22222222
UCM,H,194,SOILTD1,5/14/2018 12:00,5/14/2018 12:00,21.44444444
UCM,H,194,SOILTD1,5/14/2018 13:00,5/14/2018 13:00,21.77777778
UCM,H,194,SOILTD1,5/14/2018 14:00,5/14/2018 14:00,22.22222222
UCM,H,194,SOILTD1,5/14/2018 15:00,5/14/2018 15:00,22.72222222
UCM,H,194,SOILTD1,5/14/2018 16:00,5/14/2018 16:00,23.16666667
UCM,H,194,SOILTD1,5/14/2018 17:00,5/14/2018 17:00,23.55555556
UCM,H,194,SOILTD1,5/14/2018 18:00,5/14/2018 18:00,23.77777778
UCM,H,194,SOILTD1,5/14/2018 19:00,5/14/2018 19:00,23.88888889
UCM,H,194,SOILTD1,5/14/2018 20:00,5/14/2018 20:00,23.88888889
UCM,H,194,SOILTD1,5/14/2018 21:00,5/14/2018 21:00,23.83333333
UCM,H,194,SOILTD1,5/14/2018 22:00,5/14/2018 22:00,23.66666667
UCM,H,194,SOILTD1,5/14/2018 23:00,5/14/2018 23:00,23.5
UCM,H,194,SOILTD1,5/15/2018 0:00,5/15/2018 0:00,23.27777778
UCM,H,194,SOILTD1,5/15/2018 1:00,5/15/2018 1:00,23.05555556
UCM,H,194,SOILTD1,5/15/2018 2:00,5/15/2018 2:00,22.83333333
UCM,H,194,SOILTD1,5/15/2018 3:00,5/15/2018 3:00,22.61111111
UCM,H,194,SOILTD1,5/15/2018 4:00,5/15/2018 4:00,22.38888889
UCM,H,194,SOILTD1,5/15/2018 5:00,5/15/2018 5:00,22.22222222
UCM,H,194,SOILTD1,5/15/2018 6:00,5/15/2018 6:00,22
UCM,H,194,SOILTD1,5/15/2018 7:00,5/15/2018 7:00,21.77777778
UCM,H,194,SOILTD1,5/15/2018 8:00,5/15/2018 8:00,21.61111111
UCM,H,194,SOILTD1,5/15/2018 9:00,5/15/2018 9:00,21.44444444
UCM,H,194,SOILTD1,5/15/2018 10:00,5/15/2018 10:00,21.38888889
UCM,H,194,SOILTD1,5/15/2018 11:00,5/15/2018 11:00,21.44444444
UCM,H,194,SOILTD1,5/15/2018 12:00,5/15/2018 12:00,21.61111111
UCM,H,194,SOILTD1,5/15/2018 13:00,5/15/2018 13:00,21.88888889
UCM,H,194,SOILTD1,5/15/2018 14:00,5/15/2018 14:00,22.33333333
UCM,H,194,SOILTD1,5/15/2018 15:00,5/15/2018 15:00,22.77777778
UCM,H,194,SOILTD1,5/15/2018 16:00,5/15/2018 16:00,23.27777778
UCM,H,194,SOILTD1,5/15/2018 17:00,5/15/2018 17:00,23.66666667
UCM,H,194,SOILTD1,5/15/2018 18:00,5/15/2018 18:00,23.94444444
UCM,H,194,SOILTD1,5/15/2018 19:00,5/15/2018 19:00,24.05555556
UCM,H,194,SOILTD1,5/15/2018 20:00,5/15/2018 20:00,24.05555556
UCM,H,194,SOILTD1,5/15/2018 21:00,5/15/2018 21:00,23.94444444
UCM,H,194,SOILTD1,5/15/2018 22:00,5/15/2018 22:00,23.77777778
UCM,H,194,SOILTD1,5/15/2018 23:00,5/15/2018 23:00,23.55555556
UCM,H,194,SOILTD1,5/16/2018 0:00,5/16/2018 0:00,23.33333333
UCM,H,194,SOILTD1,5/16/2018 1:00,5/16/2018 1:00,23.11111111
UCM,H,194,SOILTD1,5/16/2018 2:00,5/16/2018 2:00,22.83333333
UCM,H,194,SOILTD1,5/16/2018 3:00,5/16/2018 3:00,22.61111111
UCM,H,194,SOILTD1,5/16/2018 4:00,5/16/2018 4:00,22.38888889
UCM,H,194,SOILTD1,5/16/2018 5:00,5/16/2018 5:00,22.22222222
UCM,H,194,SOILTD1,5/16/2018 6:00,5/16/2018 6:00,22
UCM,H,194,SOILTD1,5/16/2018 7:00,5/16/2018 7:00,21.83333333
UCM,H,194,SOILTD1,5/16/2018 8:00,5/16/2018 8:00,21.66666667
UCM,H,194,SOILTD1,5/16/2018 9:00,5/16/2018 9:00,21.55555556
UCM,H,194,SOILTD1,5/16/2018 10:00,5/16/2018 10:00,21.5
UCM,H,194,SOILTD1,5/16/2018 11:00,5/16/2018 11:00,21.5
UCM,H,194,SOILTD1,5/16/2018 12:00,5/16/2018 12:00,21.72222222
UCM,H,194,SOILTD1,5/16/2018 13:00,5/16/2018 13:00,22
UCM,H,194,SOILTD1,5/16/2018 14:00,5/16/2018 14:00,22.33333333
UCM,H,194,SOILTD1,5/16/2018 15:00,5/16/2018 15:00,22.72222222
UCM,H,194,SOILTD1,5/16/2018 16:00,5/16/2018 16:00,23.05555556
UCM,H,194,SOILTD1,5/16/2018 17:00,5/16/2018 17:00,23.44444444
UCM,H,194,SOILTD1,5/16/2018 18:00,5/16/2018 18:00,23.66666667
UCM,H,194,SOILTD1,5/16/2018 19:00,5/16/2018 19:00,23.77777778
UCM,H,194,SOILTD1,5/16/2018 20:00,5/16/2018 20:00,23.77777778
UCM,H,194,SOILTD1,5/16/2018 21:00,5/16/2018 21:00,23.66666667
UCM,H,194,SOILTD1,5/16/2018 22:00,5/16/2018 22:00,23.44444444
UCM,H,194,SOILTD1,5/16/2018 23:00,5/16/2018 23:00,23.22222222
UCM,H,194,SOILTD1,5/17/2018 0:00,5/17/2018 0:00,23
UCM,H,194,SOILTD1,5/17/2018 1:00,5/17/2018 1:00,22.77777778
UCM,H,194,SOILTD1,5/17/2018 2:00,5/17/2018 2:00,22.5
UCM,H,194,SOILTD1,5/17/2018 3:00,5/17/2018 3:00,22.27777778
UCM,H,194,SOILTD1,5/17/2018 4:00,5/17/2018 4:00,22.11111111
UCM,H,194,SOILTD1,5/17/2018 5:00,5/17/2018 5:00,21.88888889
UCM,H,194,SOILTD1,5/17/2018 6:00,5/17/2018 6:00,21.72222222
UCM,H,194,SOILTD1,5/17/2018 7:00,5/17/2018 7:00,21.55555556
UCM,H,194,SOILTD1,5/17/2018 8:00,5/17/2018 8:00,21.38888889
UCM,H,194,SOILTD1,5/17/2018 9:00,5/17/2018 9:00,21.22222222
UCM,H,194,SOILTD1,5/17/2018 10:00,5/17/2018 10:00,21.22222222
UCM,H,194,SOILTD1,5/17/2018 11:00,5/17/2018 11:00,21.33333333
UCM,H,194,SOILTD1,5/17/2018 12:00,5/17/2018 12:00,21.61111111
UCM,H,194,SOILTD1,5/17/2018 13:00,5/17/2018 13:00,21.94444444
UCM,H,194,SOILTD1,5/17/2018 14:00,5/17/2018 14:00,22.44444444
UCM,H,194,SOILTD1,5/17/2018 15:00,5/17/2018 15:00,22.94444444
UCM,H,194,SOILTD1,5/17/2018 16:00,5/17/2018 16:00,23.44444444
UCM,H,194,SOILTD1,5/17/2018 17:00,5/17/2018 17:00,23.83333333
UCM,H,194,SOILTD1,5/17/2018 18:00,5/17/2018 18:00,24.11111111
UCM,H,194,SOILTD1,5/17/2018 19:00,5/17/2018 19:00,24.22222222
UCM,H,194,SOILTD1,5/17/2018 20:00,5/17/2018 20:00,24.22222222
UCM,H,194,SOILTD1,5/17/2018 21:00,5/17/2018 21:00,24.05555556
UCM,H,194,SOILTD1,5/17/2018 22:00,5/17/2018 22:00,23.94444444
UCM,H,194,SOILTD1,5/17/2018 23:00,5/17/2018 23:00,23.77777778
UCM,H,194,SOILTD1,5/18/2018 0:00,5/18/2018 0:00,23.55555556
UCM,H,194,SOILTD1,5/18/2018 1:00,5/18/2018 1:00,23.27777778
UCM,H,194,SOILTD1,5/18/2018 2:00,5/18/2018 2:00,23.05555556
UCM,H,194,SOILTD1,5/18/2018 3:00,5/18/2018 3:00,22.83333333
UCM,H,194,SOILTD1,5/18/2018 4:00,5/18/2018 4:00,22.61111111
UCM,H,194,SOILTD1,5/18/2018 5:00,5/18/2018 5:00,22.38888889
UCM,H,194,SOILTD1,5/18/2018 6:00,5/18/2018 6:00,22.22222222
UCM,H,194,SOILTD1,5/18/2018 7:00,5/18/2018 7:00,22
UCM,H,194,SOILTD1,5/18/2018 8:00,5/18/2018 8:00,21.83333333
UCM,H,194,SOILTD1,5/18/2018 9:00,5/18/2018 9:00,21.72222222
UCM,H,194,SOILTD1,5/18/2018 10:00,5/18/2018 10:00,21.72222222
UCM,H,194,SOILTD1,5/18/2018 11:00,5/18/2018 11:00,21.77777778
UCM,H,194,SOILTD1,5/18/2018 12:00,5/18/2018 12:00,22.05555556
UCM,H,194,SOILTD1,5/18/2018 13:00,5/18/2018 13:00,22.5
UCM,H,194,SOILTD1,5/18/2018 14:00,5/18/2018 14:00,23
UCM,H,194,SOILTD1,5/18/2018 15:00,5/18/2018 15:00,23.55555556
UCM,H,194,SOILTD1,5/18/2018 16:00,5/18/2018 16:00,24.05555556
UCM,H,194,SOILTD1,5/18/2018 17:00,5/18/2018 17:00,24.44444444
UCM,H,194,SOILTD1,5/18/2018 18:00,5/18/2018 18:00,24.77777778
UCM,H,194,SOILTD1,5/18/2018 19:00,5/18/2018 19:00,24.88888889
UCM,H,194,SOILTD1,5/18/2018 20:00,5/18/2018 20:00,24.83333333
UCM,H,194,SOILTD1,5/18/2018 21:00,5/18/2018 21:00,24.77777778
UCM,H,194,SOILTD1,5/18/2018 22:00,5/18/2018 22:00,24.61111111
UCM,H,194,SOILTD1,5/18/2018 23:00,5/18/2018 23:00,24.38888889
UCM,H,194,SOILTD1,5/19/2018 0:00,5/19/2018 0:00,24.22222222
UCM,H,194,SOILTD1,5/19/2018 1:00,5/19/2018 1:00,24
UCM,H,194,SOILTD1,5/19/2018 2:00,5/19/2018 2:00,23.72222222
UCM,H,194,SOILTD1,5/19/2018 3:00,5/19/2018 3:00,23.5
UCM,H,194,SOILTD1,5/19/2018 4:00,5/19/2018 4:00,23.27777778
UCM,H,194,SOILTD1,5/19/2018 5:00,5/19/2018 5:00,23
UCM,H,194,SOILTD1,5/19/2018 6:00,5/19/2018 6:00,22.77777778
UCM,H,194,SOILTD1,5/19/2018 7:00,5/19/2018 7:00,22.61111111
UCM,H,194,SOILTD1,5/19/2018 8:00,5/19/2018 8:00,22.44444444
UCM,H,194,SOILTD1,5/19/2018 9:00,5/19/2018 9:00,22.27777778
UCM,H,194,SOILTD1,5/19/2018 10:00,5/19/2018 10:00,22.27777778
UCM,H,194,SOILTD1,5/19/2018 11:00,5/19/2018 11:00,22.38888889
UCM,H,194,SOILTD1,5/19/2018 12:00,5/19/2018 12:00,22.72222222
UCM,H,194,SOILTD1,5/19/2018 13:00,5/19/2018 13:00,23.05555556
UCM,H,194,SOILTD1,5/19/2018 14:00,5/19/2018 14:00,23.55555556
UCM,H,194,SOILTD1,5/19/2018 15:00,5/19/2018 15:00,24
UCM,H,194,SOILTD1,5/19/2018 16:00,5/19/2018 16:00,24.44444444
UCM,H,194,SOILTD1,5/19/2018 17:00,5/19/2018 17:00,24.77777778
UCM,H,194,SOILTD1,5/19/2018 18:00,5/19/2018 18:00,25
UCM,H,194,SOILTD1,5/19/2018 19:00,5/19/2018 19:00,25.11111111
UCM,H,194,SOILTD1,5/19/2018 20:00,5/19/2018 20:00,25
UCM,H,194,SOILTD1,5/19/2018 21:00,5/19/2018 21:00,24.88888889
UCM,H,194,SOILTD1,5/19/2018 22:00,5/19/2018 22:00,24.72222222
UCM,H,194,SOILTD1,5/19/2018 23:00,5/19/2018 23:00,24.44444444
UCM,H,194,SOILTD1,5/20/2018 0:00,5/20/2018 0:00,24.16666667
UCM,H,194,SOILTD1,5/20/2018 1:00,5/20/2018 1:00,23.88888889
UCM,H,194,SOILTD1,5/20/2018 2:00,5/20/2018 2:00,23.61111111
UCM,H,194,SOILTD1,5/20/2018 3:00,5/20/2018 3:00,23.38888889
UCM,H,194,SOILTD1,5/20/2018 4:00,5/20/2018 4:00,23.05555556
UCM,H,194,SOILTD1,5/20/2018 5:00,5/20/2018 5:00,22.88888889
UCM,H,194,SOILTD1,5/20/2018 6:00,5/20/2018 6:00,22.61111111
UCM,H,194,SOILTD1,5/20/2018 7:00,5/20/2018 7:00,22.44444444
UCM,H,194,SOILTD1,5/20/2018 8:00,5/20/2018 8:00,22.22222222
UCM,H,194,SOILTD1,5/20/2018 9:00,5/20/2018 9:00,22
UCM,H,194,SOILTD1,5/20/2018 10:00,5/20/2018 10:00,22
UCM,H,194,SOILTD1,5/20/2018 11:00,5/20/2018 11:00,22.05555556
UCM,H,194,SOILTD1,5/20/2018 12:00,5/20/2018 12:00,22.27777778
UCM,H,194,SOILTD1,5/20/2018 13:00,5/20/2018 13:00,22.55555556
UCM,H,194,SOILTD1,5/20/2018 14:00,5/20/2018 14:00,23
UCM,H,194,SOILTD1,5/20/2018 15:00,5/20/2018 15:00,23.44444444
UCM,H,194,SOILTD1,5/20/2018 16:00,5/20/2018 16:00,23.83333333
UCM,H,194,SOILTD1,5/20/2018 17:00,5/20/2018 17:00,24.22222222
UCM,H,194,SOILTD1,5/20/2018 18:00,5/20/2018 18:00,24.44444444
UCM,H,194,SOILTD1,5/20/2018 19:00,5/20/2018 19:00,24.5
UCM,H,194,SOILTD1,5/20/2018 20:00,5/20/2018 20:00,24.5
UCM,H,194,SOILTD1,5/20/2018 21:00,5/20/2018 21:00,24.38888889
UCM,H,194,SOILTD1,5/20/2018 22:00,5/20/2018 22:00,24.22222222
UCM,H,194,SOILTD1,5/20/2018 23:00,5/20/2018 23:00,24
UCM,H,194,SOILTD1,5/21/2018 0:00,5/21/2018 0:00,23.72222222
UCM,H,194,SOILTD1,5/21/2018 1:00,5/21/2018 1:00,23.5
UCM,H,194,SOILTD1,5/21/2018 2:00,5/21/2018 2:00,23.22222222
UCM,H,194,SOILTD1,5/21/2018 3:00,5/21/2018 3:00,22.94444444
UCM,H,194,SOILTD1,5/21/2018 4:00,5/21/2018 4:00,22.66666667
UCM,H,194,SOILTD1,5/21/2018 5:00,5/21/2018 5:00,22.44444444
UCM,H,194,SOILTD1,5/21/2018 6:00,5/21/2018 6:00,22.22222222
UCM,H,194,SOILTD1,5/21/2018 7:00,5/21/2018 7:00,22.05555556
UCM,H,194,SOILTD1,5/21/2018 8:00,5/21/2018 8:00,21.94444444
UCM,H,194,SOILTD1,5/21/2018 9:00,5/21/2018 9:00,21.83333333
UCM,H,194,SOILTD1,5/21/2018 10:00,5/21/2018 10:00,21.77777778
UCM,H,194,SOILTD1,5/21/2018 11:00,5/21/2018 11:00,21.94444444
UCM,H,194,SOILTD1,5/21/2018 12:00,5/21/2018 12:00,22.16666667
UCM,H,194,SOILTD1,5/21/2018 13:00,5/21/2018 13:00,22.5
UCM,H,194,SOILTD1,5/21/2018 14:00,5/21/2018 14:00,22.88888889
UCM,H,194,SOILTD1,5/21/2018 15:00,5/21/2018 15:00,23.22222222
UCM,H,194,SOILTD1,5/21/2018 16:00,5/21/2018 16:00,23.66666667
UCM,H,194,SOILTD1,5/21/2018 17:00,5/21/2018 17:00,24.05555556
UCM,H,194,SOILTD1,5/21/2018 18:00,5/21/2018 18:00,24.27777778
UCM,H,194,SOILTD1,5/21/2018 19:00,5/21/2018 19:00,24.44444444
UCM,H,194,SOILTD1,5/21/2018 20:00,5/21/2018 20:00,24.5
UCM,H,194,SOILTD1,5/21/2018 21:00,5/21/2018 21:00,24.44444444
UCM,H,194,SOILTD1,5/21/2018 22:00,5/21/2018 22:00,24.27777778
UCM,H,194,SOILTD1,5/21/2018 23:00,5/21/2018 23:00,24.11111111
UCM,H,194,SOILTD1,5/22/2018 0:00,5/22/2018 0:00,23.88888889
UCM,H,194,SOILTD1,5/22/2018 1:00,5/22/2018 1:00,23.66666667
UCM,H,194,SOILTD1,5/22/2018 2:00,5/22/2018 2:00,23.44444444
UCM,H,194,SOILTD1,5/22/2018 3:00,5/22/2018 3:00,23.16666667
UCM,H,194,SOILTD1,5/22/2018 4:00,5/22/2018 4:00,22.94444444
UCM,H,194,SOILTD1,5/22/2018 5:00,5/22/2018 5:00,22.77777778
UCM,H,194,SOILTD1,5/22/2018 6:00,5/22/2018 6:00,22.61111111
UCM,H,194,SOILTD1,5/22/2018 7:00,5/22/2018 7:00,22.44444444
UCM,H,194,SOILTD1,5/22/2018 8:00,5/22/2018 8:00,22.33333333
UCM,H,194,SOILTD1,5/22/2018 9:00,5/22/2018 9:00,22.22222222
UCM,H,194,SOILTD1,5/22/2018 10:00,5/22/2018 10:00,22.22222222
UCM,H,194,SOILTD1,5/22/2018 11:00,5/22/2018 11:00,22.22222222
UCM,H,194,SOILTD1,5/22/2018 12:00,5/22/2018 12:00,22.5
UCM,H,194,SOILTD1,5/22/2018 13:00,5/22/2018 13:00,22.94444444
UCM,H,194,SOILTD1,5/22/2018 14:00,5/22/2018 14:00,23.44444444
UCM,H,194,SOILTD1,5/22/2018 15:00,5/22/2018 15:00,24
UCM,H,194,SOILTD1,5/22/2018 16:00,5/22/2018 16:00,24.61111111
UCM,H,194,SOILTD1,5/22/2018 17:00,5/22/2018 17:00,25.05555556
UCM,H,194,SOILTD1,5/22/2018 18:00,5/22/2018 18:00,25.27777778
UCM,H,194,SOILTD1,5/22/2018 19:00,5/22/2018 19:00,25.38888889
UCM,H,194,SOILTD1,5/22/2018 20:00,5/22/2018 20:00,25.38888889
UCM,H,194,SOILTD1,5/22/2018 21:00,5/22/2018 21:00,25.33333333
UCM,H,194,SOILTD1,5/22/2018 22:00,5/22/2018 22:00,25.16666667
UCM,H,194,SOILTD1,5/22/2018 23:00,5/22/2018 23:00,24.94444444
UCM,H,194,SOILTD1,5/23/2018 0:00,5/23/2018 0:00,24.72222222
UCM,H,194,SOILTD1,5/23/2018 1:00,5/23/2018 1:00,24.5
UCM,H,194,SOILTD1,5/23/2018 2:00,5/23/2018 2:00,24.22222222
UCM,H,194,SOILTD1,5/23/2018 3:00,5/23/2018 3:00,24
UCM,H,194,SOILTD1,5/23/2018 4:00,5/23/2018 4:00,23.77777778
UCM,H,194,SOILTD1,5/23/2018 5:00,5/23/2018 5:00,23.55555556
UCM,H,194,SOILTD1,5/23/2018 6:00,5/23/2018 6:00,23.33333333
UCM,H,194,SOILTD1,5/23/2018 7:00,5/23/2018 7:00,23.11111111
UCM,H,194,SOILTD1,5/23/2018 8:00,5/23/2018 8:00,22.88888889
UCM,H,194,SOILTD1,5/23/2018 9:00,5/23/2018 9:00,22.77777778
UCM,H,194,SOILTD1,5/23/2018 10:00,5/23/2018 10:00,22.72222222
UCM,H,194,SOILTD1,5/23/2018 11:00,5/23/2018 11:00,22.77777778
UCM,H,194,SOILTD1,5/23/2018 12:00,5/23/2018 12:00,23
UCM,H,194,SOILTD1,5/23/2018 13:00,5/23/2018 13:00,23.44444444
UCM,H,194,SOILTD1,5/23/2018 14:00,5/23/2018 14:00,23.88888889
UCM,H,194,SOILTD1,5/23/2018 15:00,5/23/2018 15:00,24.44444444
UCM,H,194,SOILTD1,5/23/2018 16:00,5/23/2018 16:00,24.94444444
UCM,H,194,SOILTD1,5/23/2018 17:00,5/23/2018 17:00,25.33333333
UCM,H,194,SOILTD1,5/23/2018 18:00,5/23/2018 18:00,25.55555556
UCM,H,194,SOILTD1,5/23/2018 19:00,5/23/2018 19:00,25.72222222
UCM,H,194,SOILTD1,5/23/2018 20:00,5/23/2018 20:00,25.61111111
UCM,H,194,SOILTD1,5/23/2018 21:00,5/23/2018 21:00,25.5
UCM,H,194,SOILTD1,5/23/2018 22:00,5/23/2018 22:00,25.33333333
UCM,H,194,SOILTD1,5/23/2018 23:00,5/23/2018 23:00,25.11111111
UCM,H,194,SOILTD1,5/24/2018 0:00,5/24/2018 0:00,24.77777778
UCM,H,194,SOILTD1,5/24/2018 1:00,5/24/2018 1:00,24.5
UCM,H,194,SOILTD1,5/24/2018 2:00,5/24/2018 2:00,24.27777778
UCM,H,194,SOILTD1,5/24/2018 3:00,5/24/2018 3:00,24
UCM,H,194,SOILTD1,5/24/2018 4:00,5/24/2018 4:00,23.72222222
UCM,H,194,SOILTD1,5/24/2018 5:00,5/24/2018 5:00,23.5
UCM,H,194,SOILTD1,5/24/2018 6:00,5/24/2018 6:00,23.27777778
UCM,H,194,SOILTD1,5/24/2018 7:00,5/24/2018 7:00,23.05555556
UCM,H,194,SOILTD1,5/24/2018 8:00,5/24/2018 8:00,22.83333333
UCM,H,194,SOILTD1,5/24/2018 9:00,5/24/2018 9:00,22.72222222
UCM,H,194,SOILTD1,5/24/2018 10:00,5/24/2018 10:00,22.66666667
UCM,H,194,SOILTD1,5/24/2018 11:00,5/24/2018 11:00,22.72222222
UCM,H,194,SOILTD1,5/24/2018 12:00,5/24/2018 12:00,23
UCM,H,194,SOILTD1,5/24/2018 13:00,5/24/2018 13:00,23.38888889
UCM,H,194,SOILTD1,5/24/2018 14:00,5/24/2018 14:00,23.88888889
UCM,H,194,SOILTD1,5/24/2018 15:00,5/24/2018 15:00,24.38888889
UCM,H,194,SOILTD1,5/24/2018 16:00,5/24/2018 16:00,24.83333333
UCM,H,194,SOILTD1,5/24/2018 17:00,5/24/2018 17:00,25.22222222
UCM,H,194,SOILTD1,5/24/2018 18:00,5/24/2018 18:00,25.44444444
UCM,H,194,SOILTD1,5/24/2018 19:00,5/24/2018 19:00,25.5
UCM,H,194,SOILTD1,5/24/2018 20:00,5/24/2018 20:00,25.5
UCM,H,194,SOILTD1,5/24/2018 21:00,5/24/2018 21:00,25.33333333
UCM,H,194,SOILTD1,5/24/2018 22:00,5/24/2018 22:00,25.16666667
UCM,H,194,SOILTD1,5/24/2018 23:00,5/24/2018 23:00,24.94444444
UCM,H,194,SOILTD1,5/25/2018 0:00,5/25/2018 0:00,24.66666667
UCM,H,194,SOILTD1,5/25/2018 1:00,5/25/2018 1:00,24.38888889
UCM,H,194,SOILTD1,5/25/2018 2:00,5/25/2018 2:00,24.16666667
UCM,H,194,SOILTD1,5/25/2018 3:00,5/25/2018 3:00,23.88888889
UCM,H,194,SOILTD1,5/25/2018 4:00,5/25/2018 4:00,23.72222222
UCM,H,194,SOILTD1,5/25/2018 5:00,5/25/2018 5:00,23.55555556
UCM,H,194,SOILTD1,5/25/2018 6:00,5/25/2018 6:00,23.27777778
UCM,H,194,SOILTD1,5/25/2018 7:00,5/25/2018 7:00,23.16666667
UCM,H,194,SOILTD1,5/25/2018 8:00,5/25/2018 8:00,22.94444444
UCM,H,194,SOILTD1,5/25/2018 9:00,5/25/2018 9:00,22.77777778
UCM,H,194,SOILTD1,5/25/2018 10:00,5/25/2018 10:00,22.66666667
UCM,H,194,SOILTD1,5/25/2018 11:00,5/25/2018 11:00,22.55555556
UCM,H,194,SOILTD1,5/25/2018 12:00,5/25/2018 12:00,22.5
UCM,H,194,SOILTD1,5/25/2018 13:00,5/25/2018 13:00,22.5
UCM,H,194,SOILTD1,5/25/2018 14:00,5/25/2018 14:00,22.55555556
UCM,H,194,SOILTD1,5/25/2018 15:00,5/25/2018 15:00,22.72222222
UCM,H,194,SOILTD1,5/25/2018 16:00,5/25/2018 16:00,22.77777778
UCM,H,194,SOILTD1,5/25/2018 17:00,5/25/2018 17:00,22.88888889
UCM,H,194,SOILTD1,5/25/2018 18:00,5/25/2018 18:00,22.94444444
UCM,H,194,SOILTD1,5/25/2018 19:00,5/25/2018 19:00,23
UCM,H,194,SOILTD1,5/25/2018 20:00,5/25/2018 20:00,23
UCM,H,194,SOILTD1,5/25/2018 21:00,5/25/2018 21:00,22.94444444
UCM,H,194,SOILTD1,5/25/2018 22:00,5/25/2018 22:00,22.77777778
UCM,H,194,SOILTD1,5/25/2018 23:00,5/25/2018 23:00,22.66666667
UCM,H,194,SOILTD1,5/26/2018 0:00,5/26/2018 0:00,22.5
UCM,H,194,SOILTD1,5/26/2018 1:00,5/26/2018 1:00,22.27777778
UCM,H,194,SOILTD1,5/26/2018 2:00,5/26/2018 2:00,22.11111111
UCM,H,194,SOILTD1,5/26/2018 3:00,5/26/2018 3:00,21.94444444
UCM,H,194,SOILTD1,5/26/2018 4:00,5/26/2018 4:00,21.77777778
UCM,H,194,SOILTD1,5/26/2018 5:00,5/26/2018 5:00,21.61111111
UCM,H,194,SOILTD1,5/26/2018 6:00,5/26/2018 6:00,21.44444444
UCM,H,194,SOILTD1,5/26/2018 7:00,5/26/2018 7:00,21.27777778
UCM,H,194,SOILTD1,5/26/2018 8:00,5/26/2018 8:00,21.11111111
UCM,H,194,SOILTD1,5/26/2018 9:00,5/26/2018 9:00,21.05555556
UCM,H,194,SOILTD1,5/26/2018 10:00,5/26/2018 10:00,21.05555556
UCM,H,194,SOILTD1,5/26/2018 11:00,5/26/2018 11:00,21.22222222
UCM,H,194,SOILTD1,5/26/2018 12:00,5/26/2018 12:00,21.44444444
UCM,H,194,SOILTD1,5/26/2018 13:00,5/26/2018 13:00,21.83333333
UCM,H,194,SOILTD1,5/26/2018 14:00,5/26/2018 14:00,22.27777778
UCM,H,194,SOILTD1,5/26/2018 15:00,5/26/2018 15:00,22.72222222
UCM,H,194,SOILTD1,5/26/2018 16:00,5/26/2018 16:00,23.16666667
UCM,H,194,SOILTD1,5/26/2018 17:00,5/26/2018 17:00,23.55555556
UCM,H,194,SOILTD1,5/26/2018 18:00,5/26/2018 18:00,23.72222222
UCM,H,194,SOILTD1,5/26/2018 19:00,5/26/2018 19:00,23.77777778
UCM,H,194,SOILTD1,5/26/2018 20:00,5/26/2018 20:00,23.77777778
UCM,H,194,SOILTD1,5/26/2018 21:00,5/26/2018 21:00,23.72222222
UCM,H,194,SOILTD1,5/26/2018 22:00,5/26/2018 22:00,23.55555556
UCM,H,194,SOILTD1,5/26/2018 23:00,5/26/2018 23:00,23.38888889
UCM,H,194,SOILTD1,5/27/2018 0:00,5/27/2018 0:00,23.16666667
UCM,H,194,SOILTD1,5/27/2018 1:00,5/27/2018 1:00,23
UCM,H,194,SOILTD1,5/27/2018 2:00,5/27/2018 2:00,22.77777778
UCM,H,194,SOILTD1,5/27/2018 3:00,5/27/2018 3:00,22.55555556
UCM,H,194,SOILTD1,5/27/2018 4:00,5/27/2018 4:00,22.38888889
UCM,H,194,SOILTD1,5/27/2018 5:00,5/27/2018 5:00,22.22222222
UCM,H,194,SOILTD1,5/27/2018 6:00,5/27/2018 6:00,22.05555556
UCM,H,194,SOILTD1,5/27/2018 7:00,5/27/2018 7:00,21.83333333
UCM,H,194,SOILTD1,5/27/2018 8:00,5/27/2018 8:00,21.66666667
UCM,H,194,SOILTD1,5/27/2018 9:00,5/27/2018 9:00,21.61111111
UCM,H,194,SOILTD1,5/27/2018 10:00,5/27/2018 10:00,21.61111111
UCM,H,194,SOILTD1,5/27/2018 11:00,5/27/2018 11:00,21.83333333
UCM,H,194,SOILTD1,5/27/2018 12:00,5/27/2018 12:00,22.16666667
UCM,H,194,SOILTD1,5/27/2018 13:00,5/27/2018 13:00,22.66666667
UCM,H,194,SOILTD1,5/27/2018 14:00,5/27/2018 14:00,23.22222222
UCM,H,194,SOILTD1,5/27/2018 15:00,5/27/2018 15:00,23.77777778
UCM,H,194,SOILTD1,5/27/2018 16:00,5/27/2018 16:00,24.33333333
UCM,H,194,SOILTD1,5/27/2018 17:00,5/27/2018 17:00,24.77777778
UCM,H,194,SOILTD1,5/27/2018 18:00,5/27/2018 18:00,25.05555556
UCM,H,194,SOILTD1,5/27/2018 19:00,5/27/2018 19:00,25.11111111
UCM,H,194,SOILTD1,5/27/2018 20:00,5/27/2018 20:00,25.11111111
UCM,H,194,SOILTD1,5/27/2018 21:00,5/27/2018 21:00,25.05555556
UCM,H,194,SOILTD1,5/27/2018 22:00,5/27/2018 22:00,24.88888889
UCM,H,194,SOILTD1,5/27/2018 23:00,5/27/2018 23:00,24.66666667
UCM,H,194,SOILTD1,5/28/2018 0:00,5/28/2018 0:00,24.38888889
UCM,H,194,SOILTD1,5/28/2018 1:00,5/28/2018 1:00,24.16666667
UCM,H,194,SOILTD1,5/28/2018 2:00,5/28/2018 2:00,23.88888889
UCM,H,194,SOILTD1,5/28/2018 3:00,5/28/2018 3:00,23.66666667
UCM,H,194,SOILTD1,5/28/2018 4:00,5/28/2018 4:00,23.44444444
UCM,H,194,SOILTD1,5/28/2018 5:00,5/28/2018 5:00,23.16666667
UCM,H,194,SOILTD1,5/28/2018 6:00,5/28/2018 6:00,23
UCM,H,194,SOILTD1,5/28/2018 7:00,5/28/2018 7:00,22.77777778
UCM,H,194,SOILTD1,5/28/2018 8:00,5/28/2018 8:00,22.61111111
UCM,H,194,SOILTD1,5/28/2018 9:00,5/28/2018 9:00,22.5
UCM,H,194,SOILTD1,5/28/2018 10:00,5/28/2018 10:00,22.61111111
UCM,H,194,SOILTD1,5/28/2018 11:00,5/28/2018 11:00,22.83333333
UCM,H,194,SOILTD1,5/28/2018 12:00,5/28/2018 12:00,23.27777778
UCM,H,194,SOILTD1,5/28/2018 13:00,5/28/2018 13:00,23.83333333
UCM,H,194,SOILTD1,5/28/2018 14:00,5/28/2018 14:00,24.44444444
UCM,H,194,SOILTD1,5/28/2018 15:00,5/28/2018 15:00,25
UCM,H,194,SOILTD1,5/28/2018 16:00,5/28/2018 16:00,25.55555556
UCM,H,194,SOILTD1,5/28/2018 17:00,5/28/2018 17:00,26.05555556
UCM,H,194,SOILTD1,5/28/2018 18:00,5/28/2018 18:00,26.33333333
UCM,H,194,SOILTD1,5/28/2018 19:00,5/28/2018 19:00,26.44444444
UCM,H,194,SOILTD1,5/28/2018 20:00,5/28/2018 20:00,26.44444444
UCM,H,194,SOILTD1,5/28/2018 21:00,5/28/2018 21:00,26.33333333
UCM,H,194,SOILTD1,5/28/2018 22:00,5/28/2018 22:00,26.11111111
UCM,H,194,SOILTD1,5/28/2018 23:00,5/28/2018 23:00,25.83333333
UCM,H,194,SOILTD1,5/29/2018 0:00,5/29/2018 0:00,25.5
UCM,H,194,SOILTD1,5/29/2018 1:00,5/29/2018 1:00,25.27777778
UCM,H,194,SOILTD1,5/29/2018 2:00,5/29/2018 2:00,25
UCM,H,194,SOILTD1,5/29/2018 3:00,5/29/2018 3:00,24.77777778
UCM,H,194,SOILTD1,5/29/2018 4:00,5/29/2018 4:00,24.55555556
UCM,H,194,SOILTD1,5/29/2018 5:00,5/29/2018 5:00,24.27777778
UCM,H,194,SOILTD1,5/29/2018 6:00,5/29/2018 6:00,24.11111111
UCM,H,194,SOILTD1,5/29/2018 7:00,5/29/2018 7:00,23.94444444
UCM,H,194,SOILTD1,5/29/2018 8:00,5/29/2018 8:00,23.77777778
UCM,H,194,SOILTD1,5/29/2018 9:00,5/29/2018 9:00,23.72222222
UCM,H,194,SOILTD1,5/29/2018 10:00,5/29/2018 10:00,23.77777778
UCM,H,194,SOILTD1,5/29/2018 11:00,5/29/2018 11:00,24.05555556
UCM,H,194,SOILTD1,5/29/2018 12:00,5/29/2018 12:00,24.44444444
UCM,H,194,SOILTD1,5/29/2018 13:00,5/29/2018 13:00,24.94444444
UCM,H,194,SOILTD1,5/29/2018 14:00,5/29/2018 14:00,25.55555556
UCM,H,194,SOILTD1,5/29/2018 15:00,5/29/2018 15:00,26.16666667
UCM,H,194,SOILTD1,5/29/2018 16:00,5/29/2018 16:00,26.72222222
UCM,H,194,SOILTD1,5/29/2018 17:00,5/29/2018 17:00,27.22222222
UCM,H,194,SOILTD1,5/29/2018 18:00,5/29/2018 18:00,27.5
UCM,H,194,SOILTD1,5/29/2018 19:00,5/29/2018 19:00,27.61111111
UCM,H,194,SOILTD1,5/29/2018 20:00,5/29/2018 20:00,27.61111111
UCM,H,194,SOILTD1,5/29/2018 21:00,5/29/2018 21:00,27.5
UCM,H,194,SOILTD1,5/29/2018 22:00,5/29/2018 22:00,27.27777778
UCM,H,194,SOILTD1,5/29/2018 23:00,5/29/2018 23:00,27.05555556
UCM,H,194,SOILTD1,5/30/2018 0:00,5/30/2018 0:00,26.83333333
UCM,H,194,SOILTD1,5/30/2018 1:00,5/30/2018 1:00,26.55555556
UCM,H,194,SOILTD1,5/30/2018 2:00,5/30/2018 2:00,26.27777778
UCM,H,194,SOILTD1,5/30/2018 3:00,5/30/2018 3:00,26
UCM,H,194,SOILTD1,5/30/2018 4:00,5/30/2018 4:00,25.72222222
UCM,H,194,SOILTD1,5/30/2018 5:00,5/30/2018 5:00,25.5
UCM,H,194,SOILTD1,5/30/2018 6:00,5/30/2018 6:00,25.22222222
UCM,H,194,SOILTD1,5/30/2018 7:00,5/30/2018 7:00,24.94444444
UCM,H,194,SOILTD1,5/30/2018 8:00,5/30/2018 8:00,24.66666667
UCM,H,194,SOILTD1,5/30/2018 9:00,5/30/2018 9:00,24.5
UCM,H,194,SOILTD1,5/30/2018 10:00,5/30/2018 10:00,24.44444444
UCM,H,194,SOILTD1,5/30/2018 11:00,5/30/2018 11:00,24.55555556
UCM,H,194,SOILTD1,5/30/2018 12:00,5/30/2018 12:00,24.83333333
UCM,H,194,SOILTD1,5/30/2018 13:00,5/30/2018 13:00,25.22222222
UCM,H,194,SOILTD1,5/30/2018 14:00,5/30/2018 14:00,25.72222222
UCM,H,194,SOILTD1,5/30/2018 15:00,5/30/2018 15:00,26.33333333
UCM,H,194,SOILTD1,5/30/2018 16:00,5/30/2018 16:00,26.88888889
UCM,H,194,SOILTD1,5/30/2018 17:00,5/30/2018 17:00,27.33333333
UCM,H,194,SOILTD1,5/30/2018 18:00,5/30/2018 18:00,27.66666667
UCM,H,194,SOILTD1,5/30/2018 19:00,5/30/2018 19:00,27.72222222
UCM,H,194,SOILTD1,5/30/2018 20:00,5/30/2018 20:00,27.66666667
UCM,H,194,SOILTD1,5/30/2018 21:00,5/30/2018 21:00,27.44444444
UCM,H,194,SOILTD1,5/30/2018 22:00,5/30/2018 22:00,27.16666667
UCM,H,194,SOILTD1,5/30/2018 23:00,5/30/2018 23:00,26.83333333
UCM,H,194,SOILTD1,5/31/2018 0:00,5/31/2018 0:00,26.44444444
UCM,H,194,SOILTD1,5/31/2018 1:00,5/31/2018 1:00,26.16666667
UCM,H,194,SOILTD1,5/31/2018 2:00,5/31/2018 2:00,25.77777778
UCM,H,194,SOILTD1,5/31/2018 3:00,5/31/2018 3:00,25.38888889
UCM,H,194,SOILTD1,5/31/2018 4:00,5/31/2018 4:00,25.05555556
UCM,H,194,SOILTD1,5/31/2018 5:00,5/31/2018 5:00,24.77777778
UCM,H,194,SOILTD1,5/31/2018 6:00,5/31/2018 6:00,24.38888889
UCM,H,194,SOILTD1,5/31/2018 7:00,5/31/2018 7:00,24.11111111
UCM,H,194,SOILTD1,5/31/2018 8:00,5/31/2018 8:00,23.88888889
UCM,H,194,SOILTD1,5/31/2018 9:00,5/31/2018 9:00,23.72222222
UCM,H,194,SOILTD1,5/31/2018 10:00,5/31/2018 10:00,23.72222222
UCM,H,194,SOILTD1,5/31/2018 11:00,5/31/2018 11:00,23.83333333
UCM,H,194,SOILTD1,5/31/2018 12:00,5/31/2018 12:00,24.16666667
UCM,H,194,SOILTD1,5/31/2018 13:00,5/31/2018 13:00,24.72222222
UCM,H,194,SOILTD1,5/31/2018 14:00,5/31/2018 14:00,25.27777778
UCM,H,194,SOILTD1,5/31/2018 15:00,5/31/2018 15:00,25.88888889
UCM,H,194,SOILTD1,5/31/2018 16:00,5/31/2018 16:00,26.5
UCM,H,194,SOILTD1,5/31/2018 17:00,5/31/2018 17:00,26.94444444
UCM,H,194,SOILTD1,5/31/2018 18:00,5/31/2018 18:00,27.22222222
UCM,H,194,SOILTD1,5/31/2018 19:00,5/31/2018 19:00,27.27777778
UCM,H,194,SOILTD1,5/31/2018 20:00,5/31/2018 20:00,27.22222222
UCM,H,194,SOILTD1,5/31/2018 21:00,5/31/2018 21:00,27
UCM,H,194,SOILTD1,5/31/2018 22:00,5/31/2018 22:00,26.77777778
UCM,H,194,SOILTD1,5/31/2018 23:00,5/31/2018 23:00,26.44444444
UCM,H,194,SOILTD1,6/1/2018 0:00,6/1/2018 0:00,26.16666667
UCM,H,194,SOILTD1,6/1/2018 1:00,6/1/2018 1:00,25.77777778
UCM,H,194,SOILTD1,6/1/2018 2:00,6/1/2018 2:00,25.5
UCM,H,194,SOILTD1,6/1/2018 3:00,6/1/2018 3:00,25.16666667
UCM,H,194,SOILTD1,6/1/2018 4:00,6/1/2018 4:00,24.88888889
UCM,H,194,SOILTD1,6/1/2018 5:00,6/1/2018 5:00,24.61111111
UCM,H,194,SOILTD1,6/1/2018 6:00,6/1/2018 6:00,24.33333333
UCM,H,194,SOILTD1,6/1/2018 7:00,6/1/2018 7:00,24.11111111
UCM,H,194,SOILTD1,6/1/2018 8:00,6/1/2018 8:00,23.88888889
UCM,H,194,SOILTD1,6/1/2018 9:00,6/1/2018 9:00,23.77777778
UCM,H,194,SOILTD1,6/1/2018 10:00,6/1/2018 10:00,23.77777778
UCM,H,194,SOILTD1,6/1/2018 11:00,6/1/2018 11:00,24
UCM,H,194,SOILTD1,6/1/2018 12:00,6/1/2018 12:00,24.33333333
UCM,H,194,SOILTD1,6/1/2018 13:00,6/1/2018 13:00,24.77777778
UCM,H,194,SOILTD1,6/1/2018 14:00,6/1/2018 14:00,25.38888889
UCM,H,194,SOILTD1,6/1/2018 15:00,6/1/2018 15:00,26
UCM,H,194,SOILTD1,6/1/2018 16:00,6/1/2018 16:00,26.61111111
UCM,H,194,SOILTD1,6/1/2018 17:00,6/1/2018 17:00,27.05555556
UCM,H,194,SOILTD1,6/1/2018 18:00,6/1/2018 18:00,27.27777778
UCM,H,194,SOILTD1,6/1/2018 19:00,6/1/2018 19:00,27.38888889
UCM,H,194,SOILTD1,6/1/2018 20:00,6/1/2018 20:00,27.38888889
UCM,H,194,SOILTD1,6/1/2018 21:00,6/1/2018 21:00,27.22222222
UCM,H,194,SOILTD1,6/1/2018 22:00,6/1/2018 22:00,27
UCM,H,194,SOILTD1,6/1/2018 23:00,6/1/2018 23:00,26.77777778
UCM,H,194,SOILTD1,6/2/2018 0:00,6/2/2018 0:00,26.44444444
UCM,H,194,SOILTD1,6/2/2018 1:00,6/2/2018 1:00,26.16666667
UCM,H,194,SOILTD1,6/2/2018 2:00,6/2/2018 2:00,25.88888889
UCM,H,194,SOILTD1,6/2/2018 3:00,6/2/2018 3:00,25.61111111
UCM,H,194,SOILTD1,6/2/2018 4:00,6/2/2018 4:00,25.38888889
UCM,H,194,SOILTD1,6/2/2018 5:00,6/2/2018 5:00,25.11111111
UCM,H,194,SOILTD1,6/2/2018 6:00,6/2/2018 6:00,24.83333333
UCM,H,194,SOILTD1,6/2/2018 7:00,6/2/2018 7:00,24.61111111
UCM,H,194,SOILTD1,6/2/2018 8:00,6/2/2018 8:00,24.38888889
UCM,H,194,SOILTD1,6/2/2018 9:00,6/2/2018 9:00,24.27777778
UCM,H,194,SOILTD1,6/2/2018 10:00,6/2/2018 10:00,24.33333333
UCM,H,194,SOILTD1,6/2/2018 11:00,6/2/2018 11:00,24.66666667
UCM,H,194,SOILTD1,6/2/2018 12:00,6/2/2018 12:00,25.05555556
UCM,H,194,SOILTD1,6/2/2018 13:00,6/2/2018 13:00,25.66666667
UCM,H,194,SOILTD1,6/2/2018 14:00,6/2/2018 14:00,26.38888889
UCM,H,194,SOILTD1,6/2/2018 15:00,6/2/2018 15:00,27.05555556
UCM,H,194,SOILTD1,6/2/2018 16:00,6/2/2018 16:00,27.72222222
UCM,H,194,SOILTD1,6/2/2018 17:00,6/2/2018 17:00,28.33333333
UCM,H,194,SOILTD1,6/2/2018 18:00,6/2/2018 18:00,28.66666667
UCM,H,194,SOILTD1,6/2/2018 19:00,6/2/2018 19:00,28.77777778
UCM,H,194,SOILTD1,6/2/2018 20:00,6/2/2018 20:00,28.77777778
UCM,H,194,SOILTD1,6/2/2018 21:00,6/2/2018 21:00,28.66666667
UCM,H,194,SOILTD1,6/2/2018 22:00,6/2/2018 22:00,28.44444444
UCM,H,194,SOILTD1,6/2/2018 23:00,6/2/2018 23:00,28.11111111
UCM,H,194,SOILTD1,6/3/2018 0:00,6/3/2018 0:00,27.77777778
UCM,H,194,SOILTD1,6/3/2018 1:00,6/3/2018 1:00,27.44444444
UCM,H,194,SOILTD1,6/3/2018 2:00,6/3/2018 2:00,27.11111111
UCM,H,194,SOILTD1,6/3/2018 3:00,6/3/2018 3:00,26.77777778
UCM,H,194,SOILTD1,6/3/2018 4:00,6/3/2018 4:00,26.5
UCM,H,194,SOILTD1,6/3/2018 5:00,6/3/2018 5:00,26.16666667
UCM,H,194,SOILTD1,6/3/2018 6:00,6/3/2018 6:00,25.88888889
UCM,H,194,SOILTD1,6/3/2018 7:00,6/3/2018 7:00,25.66666667
UCM,H,194,SOILTD1,6/3/2018 8:00,6/3/2018 8:00,25.44444444
UCM,H,194,SOILTD1,6/3/2018 9:00,6/3/2018 9:00,25.27777778
UCM,H,194,SOILTD1,6/3/2018 10:00,6/3/2018 10:00,25.38888889
UCM,H,194,SOILTD1,6/3/2018 11:00,6/3/2018 11:00,25.66666667
UCM,H,194,SOILTD1,6/3/2018 12:00,6/3/2018 12:00,26.11111111
UCM,H,194,SOILTD1,6/3/2018 13:00,6/3/2018 13:00,26.72222222
UCM,H,194,SOILTD1,6/3/2018 14:00,6/3/2018 14:00,27.38888889
UCM,H,194,SOILTD1,6/3/2018 15:00,6/3/2018 15:00,28.11111111
UCM,H,194,SOILTD1,6/3/2018 16:00,6/3/2018 16:00,28.83333333
UCM,H,194,SOILTD1,6/3/2018 17:00,6/3/2018 17:00,29.33333333
UCM,H,194,SOILTD1,6/3/2018 18:00,6/3/2018 18:00,29.77777778
UCM,H,194,SOILTD1,6/3/2018 19:00,6/3/2018 19:00,29.88888889
UCM,H,194,SOILTD1,6/3/2018 20:00,6/3/2018 20:00,29.83333333
UCM,H,194,SOILTD1,6/3/2018 21:00,6/3/2018 21:00,29.72222222
UCM,H,194,SOILTD1,6/3/2018 22:00,6/3/2018 22:00,29.38888889
UCM,H,194,SOILTD1,6/3/2018 23:00,6/3/2018 23:00,29.16666667
UCM,H,194,SOILTD1,6/4/2018 0:00,6/4/2018 0:00,28.88888889
UCM,H,194,SOILTD1,6/4/2018 1:00,6/4/2018 1:00,28.61111111
UCM,H,194,SOILTD1,6/4/2018 2:00,6/4/2018 2:00,28.38888889
UCM,H,194,SOILTD1,6/4/2018 3:00,6/4/2018 3:00,28.11111111
UCM,H,194,SOILTD1,6/4/2018 4:00,6/4/2018 4:00,27.77777778
UCM,H,194,SOILTD1,6/4/2018 5:00,6/4/2018 5:00,27.5
UCM,H,194,SOILTD1,6/4/2018 6:00,6/4/2018 6:00,27.27777778
UCM,H,194,SOILTD1,6/4/2018 7:00,6/4/2018 7:00,27
UCM,H,194,SOILTD1,6/4/2018 8:00,6/4/2018 8:00,26.77777778
UCM,H,194,SOILTD1,6/4/2018 9:00,6/4/2018 9:00,26.66666667
UCM,H,194,SOILTD1,6/4/2018 10:00,6/4/2018 10:00,26.61111111
UCM,H,194,SOILTD1,6/4/2018 11:00,6/4/2018 11:00,26.77777778
UCM,H,194,SOILTD1,6/4/2018 12:00,6/4/2018 12:00,27.05555556
UCM,H,194,SOILTD1,6/4/2018 13:00,6/4/2018 13:00,27.44444444
UCM,H,194,SOILTD1,6/4/2018 14:00,6/4/2018 14:00,28
UCM,H,194,SOILTD1,6/4/2018 15:00,6/4/2018 15:00,28.55555556
UCM,H,194,SOILTD1,6/4/2018 16:00,6/4/2018 16:00,28.94444444
UCM,H,194,SOILTD1,6/4/2018 17:00,6/4/2018 17:00,29.33333333
UCM,H,194,SOILTD1,6/4/2018 18:00,6/4/2018 18:00,29.61111111
UCM,H,194,SOILTD1,6/4/2018 19:00,6/4/2018 19:00,29.72222222
UCM,H,194,SOILTD1,6/4/2018 20:00,6/4/2018 20:00,29.61111111
UCM,H,194,SOILTD1,6/4/2018 21:00,6/4/2018 21:00,29.38888889
UCM,H,194,SOILTD1,6/4/2018 22:00,6/4/2018 22:00,29.11111111
UCM,H,194,SOILTD1,6/4/2018 23:00,6/4/2018 23:00,28.83333333
UCM,H,194,SOILTD1,6/5/2018 0:00,6/5/2018 0:00,28.5
UCM,H,194,SOILTD1,6/5/2018 1:00,6/5/2018 1:00,28.16666667
UCM,H,194,SOILTD1,6/5/2018 2:00,6/5/2018 2:00,27.77777778
UCM,H,194,SOILTD1,6/5/2018 3:00,6/5/2018 3:00,27.44444444
UCM,H,194,SOILTD1,6/5/2018 4:00,6/5/2018 4:00,27.16666667
UCM,H,194,SOILTD1,6/5/2018 5:00,6/5/2018 5:00,26.83333333
UCM,H,194,SOILTD1,6/5/2018 6:00,6/5/2018 6:00,26.55555556
UCM,H,194,SOILTD1,6/5/2018 7:00,6/5/2018 7:00,26.22222222
UCM,H,194,SOILTD1,6/5/2018 8:00,6/5/2018 8:00,26
UCM,H,194,SOILTD1,6/5/2018 9:00,6/5/2018 9:00,25.77777778
UCM,H,194,SOILTD1,6/5/2018 10:00,6/5/2018 10:00,25.77777778
UCM,H,194,SOILTD1,6/5/2018 11:00,6/5/2018 11:00,26
UCM,H,194,SOILTD1,6/5/2018 12:00,6/5/2018 12:00,26.33333333
UCM,H,194,SOILTD1,6/5/2018 13:00,6/5/2018 13:00,26.88888889
UCM,H,194,SOILTD1,6/5/2018 14:00,6/5/2018 14:00,27.38888889
UCM,H,194,SOILTD1,6/5/2018 15:00,6/5/2018 15:00,27.94444444
UCM,H,194,SOILTD1,6/5/2018 16:00,6/5/2018 16:00,28.55555556
UCM,H,194,SOILTD1,6/5/2018 17:00,6/5/2018 17:00,29
UCM,H,194,SOILTD1,6/5/2018 18:00,6/5/2018 18:00,29.22222222
UCM,H,194,SOILTD1,6/5/2018 19:00,6/5/2018 19:00,29.38888889
UCM,H,194,SOILTD1,6/5/2018 20:00,6/5/2018 20:00,29.33333333
UCM,H,194,SOILTD1,6/5/2018 21:00,6/5/2018 21:00,29.16666667
UCM,H,194,SOILTD1,6/5/2018 22:00,6/5/2018 22:00,28.94444444
UCM,H,194,SOILTD1,6/5/2018 23:00,6/5/2018 23:00,28.66666667
UCM,H,194,SOILTD1,6/6/2018 0:00,6/6/2018 0:00,28.33333333
UCM,H,194,SOILTD1,6/6/2018 1:00,6/6/2018 1:00,28
UCM,H,194,SOILTD1,6/6/2018 2:00,6/6/2018 2:00,27.66666667
UCM,H,194,SOILTD1,6/6/2018 3:00,6/6/2018 3:00,27.33333333
UCM,H,194,SOILTD1,6/6/2018 4:00,6/6/2018 4:00,27.05555556
UCM,H,194,SOILTD1,6/6/2018 5:00,6/6/2018 5:00,26.77777778
UCM,H,194,SOILTD1,6/6/2018 6:00,6/6/2018 6:00,26.44444444
UCM,H,194,SOILTD1,6/6/2018 7:00,6/6/2018 7:00,26.16666667
UCM,H,194,SOILTD1,6/6/2018 8:00,6/6/2018 8:00,25.88888889
UCM,H,194,SOILTD1,6/6/2018 9:00,6/6/2018 9:00,25.72222222
UCM,H,194,SOILTD1,6/6/2018 10:00,6/6/2018 10:00,25.72222222
UCM,H,194,SOILTD1,6/6/2018 11:00,6/6/2018 11:00,25.88888889
UCM,H,194,SOILTD1,6/6/2018 12:00,6/6/2018 12:00,26.27777778
UCM,H,194,SOILTD1,6/6/2018 13:00,6/6/2018 13:00,26.77777778
UCM,H,194,SOILTD1,6/6/2018 14:00,6/6/2018 14:00,27.27777778
UCM,H,194,SOILTD1,6/6/2018 15:00,6/6/2018 15:00,27.77777778
UCM,H,194,SOILTD1,6/6/2018 16:00,6/6/2018 16:00,28.44444444
UCM,H,194,SOILTD1,6/6/2018 17:00,6/6/2018 17:00,28.88888889
UCM,H,194,SOILTD1,6/6/2018 18:00,6/6/2018 18:00,29.16666667
UCM,H,194,SOILTD1,6/6/2018 19:00,6/6/2018 19:00,29.27777778
UCM,H,194,SOILTD1,6/6/2018 20:00,6/6/2018 20:00,29.22222222
UCM,H,194,SOILTD1,6/6/2018 21:00,6/6/2018 21:00,29.11111111
UCM,H,194,SOILTD1,6/6/2018 22:00,6/6/2018 22:00,28.83333333
UCM,H,194,SOILTD1,6/6/2018 23:00,6/6/2018 23:00,28.55555556
UCM,H,194,SOILTD1,6/7/2018 0:00,6/7/2018 0:00,28.22222222
UCM,H,194,SOILTD1,6/7/2018 1:00,6/7/2018 1:00,27.83333333
UCM,H,194,SOILTD1,6/7/2018 2:00,6/7/2018 2:00,27.55555556
UCM,H,194,SOILTD1,6/7/2018 3:00,6/7/2018 3:00,27.22222222
UCM,H,194,SOILTD1,6/7/2018 4:00,6/7/2018 4:00,26.94444444
UCM,H,194,SOILTD1,6/7/2018 5:00,6/7/2018 5:00,26.61111111
UCM,H,194,SOILTD1,6/7/2018 6:00,6/7/2018 6:00,26.38888889
UCM,H,194,SOILTD1,6/7/2018 7:00,6/7/2018 7:00,26.05555556
UCM,H,194,SOILTD1,6/7/2018 8:00,6/7/2018 8:00,25.77777778
UCM,H,194,SOILTD1,6/7/2018 9:00,6/7/2018 9:00,25.66666667
UCM,H,194,SOILTD1,6/7/2018 10:00,6/7/2018 10:00,25.61111111
UCM,H,194,SOILTD1,6/7/2018 11:00,6/7/2018 11:00,25.77777778
UCM,H,194,SOILTD1,6/7/2018 12:00,6/7/2018 12:00,26.22222222
UCM,H,194,SOILTD1,6/7/2018 13:00,6/7/2018 13:00,26.72222222
UCM,H,194,SOILTD1,6/7/2018 14:00,6/7/2018 14:00,27.27777778
UCM,H,194,SOILTD1,6/7/2018 15:00,6/7/2018 15:00,27.94444444
UCM,H,194,SOILTD1,6/7/2018 16:00,6/7/2018 16:00,28.55555556
UCM,H,194,SOILTD1,6/7/2018 17:00,6/7/2018 17:00,28.94444444
UCM,H,194,SOILTD1,6/7/2018 18:00,6/7/2018 18:00,29.22222222
UCM,H,194,SOILTD1,6/7/2018 19:00,6/7/2018 19:00,29.27777778
UCM,H,194,SOILTD1,6/7/2018 20:00,6/7/2018 20:00,29.27777778
UCM,H,194,SOILTD1,6/7/2018 21:00,6/7/2018 21:00,29.11111111
UCM,H,194,SOILTD1,6/7/2018 22:00,6/7/2018 22:00,28.88888889
UCM,H,194,SOILTD1,6/7/2018 23:00,6/7/2018 23:00,28.61111111
UCM,H,194,SOILTD1,6/8/2018 0:00,6/8/2018 0:00,28.33333333
UCM,H,194,SOILTD1,6/8/2018 1:00,6/8/2018 1:00,28
UCM,H,194,SOILTD1,6/8/2018 2:00,6/8/2018 2:00,27.66666667
UCM,H,194,SOILTD1,6/8/2018 3:00,6/8/2018 3:00,27.38888889
UCM,H,194,SOILTD1,6/8/2018 4:00,6/8/2018 4:00,27.11111111
UCM,H,194,SOILTD1,6/8/2018 5:00,6/8/2018 5:00,26.77777778
UCM,H,194,SOILTD1,6/8/2018 6:00,6/8/2018 6:00,26.5
UCM,H,194,SOILTD1,6/8/2018 7:00,6/8/2018 7:00,26.22222222
UCM,H,194,SOILTD1,6/8/2018 8:00,6/8/2018 8:00,25.94444444
UCM,H,194,SOILTD1,6/8/2018 9:00,6/8/2018 9:00,25.77777778
UCM,H,194,SOILTD1,6/8/2018 10:00,6/8/2018 10:00,25.77777778
UCM,H,194,SOILTD1,6/8/2018 11:00,6/8/2018 11:00,26
UCM,H,194,SOILTD1,6/8/2018 12:00,6/8/2018 12:00,26.33333333
UCM,H,194,SOILTD1,6/8/2018 13:00,6/8/2018 13:00,26.83333333
UCM,H,194,SOILTD1,6/8/2018 14:00,6/8/2018 14:00,27.44444444
UCM,H,194,SOILTD1,6/8/2018 15:00,6/8/2018 15:00,28.11111111
UCM,H,194,SOILTD1,6/8/2018 16:00,6/8/2018 16:00,28.72222222
UCM,H,194,SOILTD1,6/8/2018 17:00,6/8/2018 17:00,29.16666667
UCM,H,194,SOILTD1,6/8/2018 18:00,6/8/2018 18:00,29.44444444
UCM,H,194,SOILTD1,6/8/2018 19:00,6/8/2018 19:00,29.5
UCM,H,194,SOILTD1,6/8/2018 20:00,6/8/2018 20:00,29.5
UCM,H,194,SOILTD1,6/8/2018 21:00,6/8/2018 21:00,29.33333333
UCM,H,194,SOILTD1,6/8/2018 22:00,6/8/2018 22:00,29.16666667
UCM,H,194,SOILTD1,6/8/2018 23:00,6/8/2018 23:00,28.88888889
UCM,H,194,SOILTD1,6/9/2018 0:00,6/9/2018 0:00,28.61111111
UCM,H,194,SOILTD1,6/9/2018 1:00,6/9/2018 1:00,28.38888889
UCM,H,194,SOILTD1,6/9/2018 2:00,6/9/2018 2:00,28.05555556
UCM,H,194,SOILTD1,6/9/2018 3:00,6/9/2018 3:00,27.72222222
UCM,H,194,SOILTD1,6/9/2018 4:00,6/9/2018 4:00,27.5
UCM,H,194,SOILTD1,6/9/2018 5:00,6/9/2018 5:00,27.22222222
UCM,H,194,SOILTD1,6/9/2018 6:00,6/9/2018 6:00,27
UCM,H,194,SOILTD1,6/9/2018 7:00,6/9/2018 7:00,26.77777778
UCM,H,194,SOILTD1,6/9/2018 8:00,6/9/2018 8:00,26.55555556
UCM,H,194,SOILTD1,6/9/2018 9:00,6/9/2018 9:00,26.38888889
UCM,H,194,SOILTD1,6/9/2018 10:00,6/9/2018 10:00,26.33333333
UCM,H,194,SOILTD1,6/9/2018 11:00,6/9/2018 11:00,26.44444444
UCM,H,194,SOILTD1,6/9/2018 12:00,6/9/2018 12:00,26.66666667
UCM,H,194,SOILTD1,6/9/2018 13:00,6/9/2018 13:00,27.05555556
UCM,H,194,SOILTD1,6/9/2018 14:00,6/9/2018 14:00,27.44444444
UCM,H,194,SOILTD1,6/9/2018 15:00,6/9/2018 15:00,27.83333333
UCM,H,194,SOILTD1,6/9/2018 16:00,6/9/2018 16:00,28.27777778
UCM,H,194,SOILTD1,6/9/2018 17:00,6/9/2018 17:00,28.55555556
UCM,H,194,SOILTD1,6/9/2018 18:00,6/9/2018 18:00,28.61111111
UCM,H,194,SOILTD1,6/9/2018 19:00,6/9/2018 19:00,28.61111111
UCM,H,194,SOILTD1,6/9/2018 20:00,6/9/2018 20:00,28.55555556
UCM,H,194,SOILTD1,6/9/2018 21:00,6/9/2018 21:00,28.33333333
UCM,H,194,SOILTD1,6/9/2018 22:00,6/9/2018 22:00,28.05555556
UCM,H,194,SOILTD1,6/9/2018 23:00,6/9/2018 23:00,27.77777778
UCM,H,194,SOILTD1,6/10/2018 0:00,6/10/2018 0:00,27.5
UCM,H,194,SOILTD1,6/10/2018 1:00,6/10/2018 1:00,27.22222222
UCM,H,194,SOILTD1,6/10/2018 2:00,6/10/2018 2:00,27
UCM,H,194,SOILTD1,6/10/2018 3:00,6/10/2018 3:00,26.72222222
UCM,H,194,SOILTD1,6/10/2018 4:00,6/10/2018 4:00,26.44444444
UCM,H,194,SOILTD1,6/10/2018 5:00,6/10/2018 5:00,26.16666667
UCM,H,194,SOILTD1,6/10/2018 6:00,6/10/2018 6:00,25.88888889
UCM,H,194,SOILTD1,6/10/2018 7:00,6/10/2018 7:00,25.66666667
UCM,H,194,SOILTD1,6/10/2018 8:00,6/10/2018 8:00,25.44444444
UCM,H,194,SOILTD1,6/10/2018 9:00,6/10/2018 9:00,25.33333333
UCM,H,194,SOILTD1,6/10/2018 10:00,6/10/2018 10:00,25.22222222
UCM,H,194,SOILTD1,6/10/2018 11:00,6/10/2018 11:00,25.33333333
UCM,H,194,SOILTD1,6/10/2018 12:00,6/10/2018 12:00,25.66666667
UCM,H,194,SOILTD1,6/10/2018 13:00,6/10/2018 13:00,26.05555556
UCM,H,194,SOILTD1,6/10/2018 14:00,6/10/2018 14:00,26.55555556
UCM,H,194,SOILTD1,6/10/2018 15:00,6/10/2018 15:00,27.05555556
UCM,H,194,SOILTD1,6/10/2018 16:00,6/10/2018 16:00,27.44444444
UCM,H,194,SOILTD1,6/10/2018 17:00,6/10/2018 17:00,27.77777778
UCM,H,194,SOILTD1,6/10/2018 18:00,6/10/2018 18:00,28
UCM,H,194,SOILTD1,6/10/2018 19:00,6/10/2018 19:00,28.05555556
UCM,H,194,SOILTD1,6/10/2018 20:00,6/10/2018 20:00,28
UCM,H,194,SOILTD1,6/10/2018 21:00,6/10/2018 21:00,27.88888889
UCM,H,194,SOILTD1,6/10/2018 22:00,6/10/2018 22:00,27.72222222
UCM,H,194,SOILTD1,6/10/2018 23:00,6/10/2018 23:00,27.5
UCM,H,194,SOILTD1,6/11/2018 0:00,6/11/2018 0:00,27.22222222
UCM,H,194,SOILTD1,6/11/2018 1:00,6/11/2018 1:00,27
UCM,H,194,SOILTD1,6/11/2018 2:00,6/11/2018 2:00,26.77777778
UCM,H,194,SOILTD1,6/11/2018 3:00,6/11/2018 3:00,26.61111111
UCM,H,194,SOILTD1,6/11/2018 4:00,6/11/2018 4:00,26.33333333
UCM,H,194,SOILTD1,6/11/2018 5:00,6/11/2018 5:00,26.05555556
UCM,H,194,SOILTD1,6/11/2018 6:00,6/11/2018 6:00,25.83333333
UCM,H,194,SOILTD1,6/11/2018 7:00,6/11/2018 7:00,25.61111111
UCM,H,194,SOILTD1,6/11/2018 8:00,6/11/2018 8:00,25.44444444
UCM,H,194,SOILTD1,6/11/2018 9:00,6/11/2018 9:00,25.33333333
UCM,H,194,SOILTD1,6/11/2018 10:00,6/11/2018 10:00,25.38888889
UCM,H,194,SOILTD1,6/11/2018 11:00,6/11/2018 11:00,25.5
UCM,H,194,SOILTD1,6/11/2018 12:00,6/11/2018 12:00,25.94444444
UCM,H,194,SOILTD1,6/11/2018 13:00,6/11/2018 13:00,26.55555556
UCM,H,194,SOILTD1,6/11/2018 14:00,6/11/2018 14:00,27.16666667
UCM,H,194,SOILTD1,6/11/2018 15:00,6/11/2018 15:00,27.83333333
UCM,H,194,SOILTD1,6/11/2018 16:00,6/11/2018 16:00,28.44444444
UCM,H,194,SOILTD1,6/11/2018 17:00,6/11/2018 17:00,28.94444444
UCM,H,194,SOILTD1,6/11/2018 18:00,6/11/2018 18:00,29.22222222
UCM,H,194,SOILTD1,6/11/2018 19:00,6/11/2018 19:00,29.27777778
UCM,H,194,SOILTD1,6/11/2018 20:00,6/11/2018 20:00,29.27777778
UCM,H,194,SOILTD1,6/11/2018 21:00,6/11/2018 21:00,29.16666667
UCM,H,194,SOILTD1,6/11/2018 22:00,6/11/2018 22:00,29
UCM,H,194,SOILTD1,6/11/2018 23:00,6/11/2018 23:00,28.77777778
UCM,H,194,SOILTD1,6/12/2018 0:00,6/12/2018 0:00,28.5
UCM,H,194,SOILTD1,6/12/2018 1:00,6/12/2018 1:00,28.16666667
UCM,H,194,SOILTD1,6/12/2018 2:00,6/12/2018 2:00,27.88888889
UCM,H,194,SOILTD1,6/12/2018 3:00,6/12/2018 3:00,27.61111111
UCM,H,194,SOILTD1,6/12/2018 4:00,6/12/2018 4:00,27.38888889
UCM,H,194,SOILTD1,6/12/2018 5:00,6/12/2018 5:00,27.16666667
UCM,H,194,SOILTD1,6/12/2018 6:00,6/12/2018 6:00,26.88888889
UCM,H,194,SOILTD1,6/12/2018 7:00,6/12/2018 7:00,26.66666667
UCM,H,194,SOILTD1,6/12/2018 8:00,6/12/2018 8:00,26.44444444
UCM,H,194,SOILTD1,6/12/2018 9:00,6/12/2018 9:00,26.27777778
UCM,H,194,SOILTD1,6/12/2018 10:00,6/12/2018 10:00,26.38888889
UCM,H,194,SOILTD1,6/12/2018 11:00,6/12/2018 11:00,26.66666667
UCM,H,194,SOILTD1,6/12/2018 12:00,6/12/2018 12:00,27.11111111
UCM,H,194,SOILTD1,6/12/2018 13:00,6/12/2018 13:00,27.72222222
UCM,H,194,SOILTD1,6/12/2018 14:00,6/12/2018 14:00,28.44444444
UCM,H,194,SOILTD1,6/12/2018 15:00,6/12/2018 15:00,29.16666667
UCM,H,194,SOILTD1,6/12/2018 16:00,6/12/2018 16:00,29.88888889
UCM,H,194,SOILTD1,6/12/2018 17:00,6/12/2018 17:00,30.44444444
UCM,H,194,SOILTD1,6/12/2018 18:00,6/12/2018 18:00,30.72222222
UCM,H,194,SOILTD1,6/12/2018 19:00,6/12/2018 19:00,30.77777778
UCM,H,194,SOILTD1,6/12/2018 20:00,6/12/2018 20:00,30.77777778
UCM,H,194,SOILTD1,6/12/2018 21:00,6/12/2018 21:00,30.66666667
UCM,H,194,SOILTD1,6/12/2018 22:00,6/12/2018 22:00,30.44444444
UCM,H,194,SOILTD1,6/12/2018 23:00,6/12/2018 23:00,30.16666667
UCM,H,194,SOILTD1,6/13/2018 0:00,6/13/2018 0:00,29.83333333
UCM,H,194,SOILTD1,6/13/2018 1:00,6/13/2018 1:00,29.5
UCM,H,194,SOILTD1,6/13/2018 2:00,6/13/2018 2:00,29.22222222
UCM,H,194,SOILTD1,6/13/2018 3:00,6/13/2018 3:00,28.94444444
UCM,H,194,SOILTD1,6/13/2018 4:00,6/13/2018 4:00,28.66666667
UCM,H,194,SOILTD1,6/13/2018 5:00,6/13/2018 5:00,28.38888889
UCM,H,194,SOILTD1,6/13/2018 6:00,6/13/2018 6:00,28.05555556
UCM,H,194,SOILTD1,6/13/2018 7:00,6/13/2018 7:00,27.72222222
UCM,H,194,SOILTD1,6/13/2018 8:00,6/13/2018 8:00,27.5
UCM,H,194,SOILTD1,6/13/2018 9:00,6/13/2018 9:00,27.33333333
UCM,H,194,SOILTD1,6/13/2018 10:00,6/13/2018 10:00,27.38888889
UCM,H,194,SOILTD1,6/13/2018 11:00,6/13/2018 11:00,27.66666667
UCM,H,194,SOILTD1,6/13/2018 12:00,6/13/2018 12:00,28.11111111
UCM,H,194,SOILTD1,6/13/2018 13:00,6/13/2018 13:00,28.77777778
UCM,H,194,SOILTD1,6/13/2018 14:00,6/13/2018 14:00,29.44444444
UCM,H,194,SOILTD1,6/13/2018 15:00,6/13/2018 15:00,30.16666667
UCM,H,194,SOILTD1,6/13/2018 16:00,6/13/2018 16:00,30.83333333
UCM,H,194,SOILTD1,6/13/2018 17:00,6/13/2018 17:00,31.38888889
UCM,H,194,SOILTD1,6/13/2018 18:00,6/13/2018 18:00,31.66666667
UCM,H,194,SOILTD1,6/13/2018 19:00,6/13/2018 19:00,31.77777778
UCM,H,194,SOILTD1,6/13/2018 20:00,6/13/2018 20:00,31.72222222
UCM,H,194,SOILTD1,6/13/2018 21:00,6/13/2018 21:00,31.55555556
UCM,H,194,SOILTD1,6/13/2018 22:00,6/13/2018 22:00,31.33333333
UCM,H,194,SOILTD1,6/13/2018 23:00,6/13/2018 23:00,31
UCM,H,194,SOILTD1,6/14/2018 0:00,6/14/2018 0:00,30.66666667
UCM,H,194,SOILTD1,6/14/2018 1:00,6/14/2018 1:00,30.38888889
UCM,H,194,SOILTD1,6/14/2018 2:00,6/14/2018 2:00,30.05555556
UCM,H,194,SOILTD1,6/14/2018 3:00,6/14/2018 3:00,29.77777778
UCM,H,194,SOILTD1,6/14/2018 4:00,6/14/2018 4:00,29.44444444
UCM,H,194,SOILTD1,6/14/2018 5:00,6/14/2018 5:00,29.11111111
UCM,H,194,SOILTD1,6/14/2018 6:00,6/14/2018 6:00,28.83333333
UCM,H,194,SOILTD1,6/14/2018 7:00,6/14/2018 7:00,28.55555556
UCM,H,194,SOILTD1,6/14/2018 8:00,6/14/2018 8:00,28.27777778
UCM,H,194,SOILTD1,6/14/2018 9:00,6/14/2018 9:00,28.05555556
UCM,H,194,SOILTD1,6/14/2018 10:00,6/14/2018 10:00,28.05555556
UCM,H,194,SOILTD1,6/14/2018 11:00,6/14/2018 11:00,28.27777778
UCM,H,194,SOILTD1,6/14/2018 12:00,6/14/2018 12:00,28.66666667
UCM,H,194,SOILTD1,6/14/2018 13:00,6/14/2018 13:00,29.11111111
UCM,H,194,SOILTD1,6/14/2018 14:00,6/14/2018 14:00,29.77777778
UCM,H,194,SOILTD1,6/14/2018 15:00,6/14/2018 15:00,30.38888889
UCM,H,194,SOILTD1,6/14/2018 16:00,6/14/2018 16:00,31
UCM,H,194,SOILTD1,6/14/2018 17:00,6/14/2018 17:00,31.55555556
UCM,H,194,SOILTD1,6/14/2018 18:00,6/14/2018 18:00,31.77777778
UCM,H,194,SOILTD1,6/14/2018 19:00,6/14/2018 19:00,31.88888889
UCM,H,194,SOILTD1,6/14/2018 20:00,6/14/2018 20:00,31.83333333
UCM,H,194,SOILTD1,6/14/2018 21:00,6/14/2018 21:00,31.66666667
UCM,H,194,SOILTD1,6/14/2018 22:00,6/14/2018 22:00,31.38888889
UCM,H,194,SOILTD1,6/14/2018 23:00,6/14/2018 23:00,31
UCM,H,194,SOILTD1,6/15/2018 0:00,6/15/2018 0:00,30.66666667
UCM,H,194,SOILTD1,6/15/2018 1:00,6/15/2018 1:00,30.27777778
UCM,H,194,SOILTD1,6/15/2018 2:00,6/15/2018 2:00,29.94444444
UCM,H,194,SOILTD1,6/15/2018 3:00,6/15/2018 3:00,29.61111111
UCM,H,194,SOILTD1,6/15/2018 4:00,6/15/2018 4:00,29.22222222
UCM,H,194,SOILTD1,6/15/2018 5:00,6/15/2018 5:00,28.94444444
UCM,H,194,SOILTD1,6/15/2018 6:00,6/15/2018 6:00,28.66666667
UCM,H,194,SOILTD1,6/15/2018 7:00,6/15/2018 7:00,28.33333333
UCM,H,194,SOILTD1,6/15/2018 8:00,6/15/2018 8:00,28.05555556
UCM,H,194,SOILTD1,6/15/2018 9:00,6/15/2018 9:00,27.88888889
UCM,H,194,SOILTD1,6/15/2018 10:00,6/15/2018 10:00,27.94444444
UCM,H,194,SOILTD1,6/15/2018 11:00,6/15/2018 11:00,28.16666667
UCM,H,194,SOILTD1,6/15/2018 12:00,6/15/2018 12:00,28.61111111
UCM,H,194,SOILTD1,6/15/2018 13:00,6/15/2018 13:00,29.16666667
UCM,H,194,SOILTD1,6/15/2018 14:00,6/15/2018 14:00,29.83333333
UCM,H,194,SOILTD1,6/15/2018 15:00,6/15/2018 15:00,30.5
UCM,H,194,SOILTD1,6/15/2018 16:00,6/15/2018 16:00,31.11111111
UCM,H,194,SOILTD1,6/15/2018 17:00,6/15/2018 17:00,31.66666667
UCM,H,194,SOILTD1,6/15/2018 18:00,6/15/2018 18:00,31.88888889
UCM,H,194,SOILTD1,6/15/2018 19:00,6/15/2018 19:00,32
UCM,H,194,SOILTD1,6/15/2018 20:00,6/15/2018 20:00,31.94444444
UCM,H,194,SOILTD1,6/15/2018 21:00,6/15/2018 21:00,31.72222222
UCM,H,194,SOILTD1,6/15/2018 22:00,6/15/2018 22:00,31.44444444
UCM,H,194,SOILTD1,6/15/2018 23:00,6/15/2018 23:00,31
UCM,H,194,SOILTD1,6/16/2018 0:00,6/16/2018 0:00,30.66666667
UCM,H,194,SOILTD1,6/16/2018 1:00,6/16/2018 1:00,30.22222222
UCM,H,194,SOILTD1,6/16/2018 2:00,6/16/2018 2:00,29.88888889
UCM,H,194,SOILTD1,6/16/2018 3:00,6/16/2018 3:00,29.5
UCM,H,194,SOILTD1,6/16/2018 4:00,6/16/2018 4:00,29.16666667
UCM,H,194,SOILTD1,6/16/2018 5:00,6/16/2018 5:00,28.83333333
UCM,H,194,SOILTD1,6/16/2018 6:00,6/16/2018 6:00,28.55555556
UCM,H,194,SOILTD1,6/16/2018 7:00,6/16/2018 7:00,28.27777778
UCM,H,194,SOILTD1,6/16/2018 8:00,6/16/2018 8:00,28
UCM,H,194,SOILTD1,6/16/2018 9:00,6/16/2018 9:00,27.77777778
UCM,H,194,SOILTD1,6/16/2018 10:00,6/16/2018 10:00,27.77777778
UCM,H,194,SOILTD1,6/16/2018 11:00,6/16/2018 11:00,28.05555556
UCM,H,194,SOILTD1,6/16/2018 12:00,6/16/2018 12:00,28.44444444
UCM,H,194,SOILTD1,6/16/2018 13:00,6/16/2018 13:00,28.94444444
UCM,H,194,SOILTD1,6/16/2018 14:00,6/16/2018 14:00,29.55555556
UCM,H,194,SOILTD1,6/16/2018 15:00,6/16/2018 15:00,30.22222222
UCM,H,194,SOILTD1,6/16/2018 16:00,6/16/2018 16:00,30.77777778
UCM,H,194,SOILTD1,6/16/2018 17:00,6/16/2018 17:00,31.33333333
UCM,H,194,SOILTD1,6/16/2018 18:00,6/16/2018 18:00,31.55555556
UCM,H,194,SOILTD1,6/16/2018 19:00,6/16/2018 19:00,31.61111111
UCM,H,194,SOILTD1,6/16/2018 20:00,6/16/2018 20:00,31.55555556
UCM,H,194,SOILTD1,6/16/2018 21:00,6/16/2018 21:00,31.38888889
UCM,H,194,SOILTD1,6/16/2018 22:00,6/16/2018 22:00,31.05555556
UCM,H,194,SOILTD1,6/16/2018 23:00,6/16/2018 23:00,30.66666667
UCM,H,194,SOILTD1,6/17/2018 0:00,6/17/2018 0:00,30.27777778
UCM,H,194,SOILTD1,6/17/2018 1:00,6/17/2018 1:00,29.94444444
UCM,H,194,SOILTD1,6/17/2018 2:00,6/17/2018 2:00,29.55555556
UCM,H,194,SOILTD1,6/17/2018 3:00,6/17/2018 3:00,29.22222222
UCM,H,194,SOILTD1,6/17/2018 4:00,6/17/2018 4:00,28.88888889
UCM,H,194,SOILTD1,6/17/2018 5:00,6/17/2018 5:00,28.61111111
UCM,H,194,SOILTD1,6/17/2018 6:00,6/17/2018 6:00,28.27777778
UCM,H,194,SOILTD1,6/17/2018 7:00,6/17/2018 7:00,28
UCM,H,194,SOILTD1,6/17/2018 8:00,6/17/2018 8:00,27.72222222
UCM,H,194,SOILTD1,6/17/2018 9:00,6/17/2018 9:00,27.5
UCM,H,194,SOILTD1,6/17/2018 10:00,6/17/2018 10:00,27.5
UCM,H,194,SOILTD1,6/17/2018 11:00,6/17/2018 11:00,27.66666667
UCM,H,194,SOILTD1,6/17/2018 12:00,6/17/2018 12:00,28
UCM,H,194,SOILTD1,6/17/2018 13:00,6/17/2018 13:00,28.44444444
UCM,H,194,SOILTD1,6/17/2018 14:00,6/17/2018 14:00,28.94444444
UCM,H,194,SOILTD1,6/17/2018 15:00,6/17/2018 15:00,29.5
UCM,H,194,SOILTD1,6/17/2018 16:00,6/17/2018 16:00,30.05555556
UCM,H,194,SOILTD1,6/17/2018 17:00,6/17/2018 17:00,30.5
UCM,H,194,SOILTD1,6/17/2018 18:00,6/17/2018 18:00,30.72222222
UCM,H,194,SOILTD1,6/17/2018 19:00,6/17/2018 19:00,30.77777778
UCM,H,194,SOILTD1,6/17/2018 20:00,6/17/2018 20:00,30.72222222
UCM,H,194,SOILTD1,6/17/2018 21:00,6/17/2018 21:00,30.61111111
UCM,H,194,SOILTD1,6/17/2018 22:00,6/17/2018 22:00,30.33333333
UCM,H,194,SOILTD1,6/17/2018 23:00,6/17/2018 23:00,30.05555556
UCM,H,194,SOILTD1,6/18/2018 0:00,6/18/2018 0:00,29.72222222
UCM,H,194,SOILTD1,6/18/2018 1:00,6/18/2018 1:00,29.33333333
UCM,H,194,SOILTD1,6/18/2018 2:00,6/18/2018 2:00,29.05555556
UCM,H,194,SOILTD1,6/18/2018 3:00,6/18/2018 3:00,28.77777778
UCM,H,194,SOILTD1,6/18/2018 4:00,6/18/2018 4:00,28.55555556
UCM,H,194,SOILTD1,6/18/2018 5:00,6/18/2018 5:00,28.27777778
UCM,H,194,SOILTD1,6/18/2018 6:00,6/18/2018 6:00,28
UCM,H,194,SOILTD1,6/18/2018 7:00,6/18/2018 7:00,27.72222222
UCM,H,194,SOILTD1,6/18/2018 8:00,6/18/2018 8:00,27.5
UCM,H,194,SOILTD1,6/18/2018 9:00,6/18/2018 9:00,27.38888889
UCM,H,194,SOILTD1,6/18/2018 10:00,6/18/2018 10:00,27.44444444
UCM,H,194,SOILTD1,6/18/2018 11:00,6/18/2018 11:00,27.61111111
UCM,H,194,SOILTD1,6/18/2018 12:00,6/18/2018 12:00,28
UCM,H,194,SOILTD1,6/18/2018 13:00,6/18/2018 13:00,28.5
UCM,H,194,SOILTD1,6/18/2018 14:00,6/18/2018 14:00,29.05555556
UCM,H,194,SOILTD1,6/18/2018 15:00,6/18/2018 15:00,29.66666667
UCM,H,194,SOILTD1,6/18/2018 16:00,6/18/2018 16:00,30.22222222
UCM,H,194,SOILTD1,6/18/2018 17:00,6/18/2018 17:00,30.66666667
UCM,H,194,SOILTD1,6/18/2018 18:00,6/18/2018 18:00,30.94444444
UCM,H,194,SOILTD1,6/18/2018 19:00,6/18/2018 19:00,31.11111111
UCM,H,194,SOILTD1,6/18/2018 20:00,6/18/2018 20:00,31
UCM,H,194,SOILTD1,6/18/2018 21:00,6/18/2018 21:00,30.83333333
UCM,H,194,SOILTD1,6/18/2018 22:00,6/18/2018 22:00,30.61111111
UCM,H,194,SOILTD1,6/18/2018 23:00,6/18/2018 23:00,30.38888889
UCM,H,194,SOILTD1,6/19/2018 0:00,6/19/2018 0:00,30.11111111
UCM,H,194,SOILTD1,6/19/2018 1:00,6/19/2018 1:00,29.88888889
UCM,H,194,SOILTD1,6/19/2018 2:00,6/19/2018 2:00,29.55555556
UCM,H,194,SOILTD1,6/19/2018 3:00,6/19/2018 3:00,29.22222222
UCM,H,194,SOILTD1,6/19/2018 4:00,6/19/2018 4:00,29
UCM,H,194,SOILTD1,6/19/2018 5:00,6/19/2018 5:00,28.77777778
UCM,H,194,SOILTD1,6/19/2018 6:00,6/19/2018 6:00,28.5
UCM,H,194,SOILTD1,6/19/2018 7:00,6/19/2018 7:00,28.27777778
UCM,H,194,SOILTD1,6/19/2018 8:00,6/19/2018 8:00,28
UCM,H,194,SOILTD1,6/19/2018 9:00,6/19/2018 9:00,27.88888889
UCM,H,194,SOILTD1,6/19/2018 10:00,6/19/2018 10:00,27.94444444
UCM,H,194,SOILTD1,6/19/2018 11:00,6/19/2018 11:00,28.16666667
UCM,H,194,SOILTD1,6/19/2018 12:00,6/19/2018 12:00,28.55555556
UCM,H,194,SOILTD1,6/19/2018 13:00,6/19/2018 13:00,29.05555556
UCM,H,194,SOILTD1,6/19/2018 14:00,6/19/2018 14:00,29.72222222
UCM,H,194,SOILTD1,6/19/2018 15:00,6/19/2018 15:00,30.44444444
UCM,H,194,SOILTD1,6/19/2018 16:00,6/19/2018 16:00,31.05555556
UCM,H,194,SOILTD1,6/19/2018 17:00,6/19/2018 17:00,31.55555556
UCM,H,194,SOILTD1,6/19/2018 18:00,6/19/2018 18:00,31.83333333
UCM,H,194,SOILTD1,6/19/2018 19:00,6/19/2018 19:00,31.88888889
UCM,H,194,SOILTD1,6/19/2018 20:00,6/19/2018 20:00,31.88888889
UCM,H,194,SOILTD1,6/19/2018 21:00,6/19/2018 21:00,31.77777778
UCM,H,194,SOILTD1,6/19/2018 22:00,6/19/2018 22:00,31.55555556
UCM,H,194,SOILTD1,6/19/2018 23:00,6/19/2018 23:00,31.27777778
UCM,H,194,SOILTD1,6/20/2018 0:00,6/20/2018 0:00,30.94444444
UCM,H,194,SOILTD1,6/20/2018 1:00,6/20/2018 1:00,30.66666667
UCM,H,194,SOILTD1,6/20/2018 2:00,6/20/2018 2:00,30.38888889
UCM,H,194,SOILTD1,6/20/2018 3:00,6/20/2018 3:00,30.11111111
UCM,H,194,SOILTD1,6/20/2018 4:00,6/20/2018 4:00,29.83333333
UCM,H,194,SOILTD1,6/20/2018 5:00,6/20/2018 5:00,29.5
UCM,H,194,SOILTD1,6/20/2018 6:00,6/20/2018 6:00,29.22222222
UCM,H,194,SOILTD1,6/20/2018 7:00,6/20/2018 7:00,28.94444444
UCM,H,194,SOILTD1,6/20/2018 8:00,6/20/2018 8:00,28.66666667
UCM,H,194,SOILTD1,6/20/2018 9:00,6/20/2018 9:00,28.55555556
UCM,H,194,SOILTD1,6/20/2018 10:00,6/20/2018 10:00,28.5
UCM,H,194,SOILTD1,6/20/2018 11:00,6/20/2018 11:00,28.66666667
UCM,H,194,SOILTD1,6/20/2018 12:00,6/20/2018 12:00,29.05555556
UCM,H,194,SOILTD1,6/20/2018 13:00,6/20/2018 13:00,29.55555556
UCM,H,194,SOILTD1,6/20/2018 14:00,6/20/2018 14:00,30.22222222
UCM,H,194,SOILTD1,6/20/2018 15:00,6/20/2018 15:00,30.83333333
UCM,H,194,SOILTD1,6/20/2018 16:00,6/20/2018 16:00,31.38888889
UCM,H,194,SOILTD1,6/20/2018 17:00,6/20/2018 17:00,31.83333333
UCM,H,194,SOILTD1,6/20/2018 18:00,6/20/2018 18:00,32.11111111
UCM,H,194,SOILTD1,6/20/2018 19:00,6/20/2018 19:00,32.22222222
UCM,H,194,SOILTD1,6/20/2018 20:00,6/20/2018 20:00,32.22222222
UCM,H,194,SOILTD1,6/20/2018 21:00,6/20/2018 21:00,32
UCM,H,194,SOILTD1,6/20/2018 22:00,6/20/2018 22:00,31.77777778
UCM,H,194,SOILTD1,6/20/2018 23:00,6/20/2018 23:00,31.44444444
UCM,H,194,SOILTD1,6/21/2018 0:00,6/21/2018 0:00,31.11111111
UCM,H,194,SOILTD1,6/21/2018 1:00,6/21/2018 1:00,30.77777778
UCM,H,194,SOILTD1,6/21/2018 2:00,6/21/2018 2:00,30.38888889
UCM,H,194,SOILTD1,6/21/2018 3:00,6/21/2018 3:00,30.05555556
UCM,H,194,SOILTD1,6/21/2018 4:00,6/21/2018 4:00,29.77777778
UCM,H,194,SOILTD1,6/21/2018 5:00,6/21/2018 5:00,29.38888889
UCM,H,194,SOILTD1,6/21/2018 6:00,6/21/2018 6:00,29.11111111
UCM,H,194,SOILTD1,6/21/2018 7:00,6/21/2018 7:00,28.83333333
UCM,H,194,SOILTD1,6/21/2018 8:00,6/21/2018 8:00,28.55555556
UCM,H,194,SOILTD1,6/21/2018 9:00,6/21/2018 9:00,28.44444444
UCM,H,194,SOILTD1,6/21/2018 10:00,6/21/2018 10:00,28.44444444
UCM,H,194,SOILTD1,6/21/2018 11:00,6/21/2018 11:00,28.55555556
UCM,H,194,SOILTD1,6/21/2018 12:00,6/21/2018 12:00,28.94444444
UCM,H,194,SOILTD1,6/21/2018 13:00,6/21/2018 13:00,29.44444444
UCM,H,194,SOILTD1,6/21/2018 14:00,6/21/2018 14:00,30.05555556
UCM,H,194,SOILTD1,6/21/2018 15:00,6/21/2018 15:00,30.66666667
UCM,H,194,SOILTD1,6/21/2018 16:00,6/21/2018 16:00,31.27777778
UCM,H,194,SOILTD1,6/21/2018 17:00,6/21/2018 17:00,31.77777778
UCM,H,194,SOILTD1,6/21/2018 18:00,6/21/2018 18:00,32
UCM,H,194,SOILTD1,6/21/2018 19:00,6/21/2018 19:00,32.22222222
UCM,H,194,SOILTD1,6/21/2018 20:00,6/21/2018 20:00,32.05555556
UCM,H,194,SOILTD1,6/21/2018 21:00,6/21/2018 21:00,31.94444444
UCM,H,194,SOILTD1,6/21/2018 22:00,6/21/2018 22:00,31.72222222
UCM,H,194,SOILTD1,6/21/2018 23:00,6/21/2018 23:00,31.44444444
UCM,H,194,SOILTD1,6/22/2018 0:00,6/22/2018 0:00,31.11111111
UCM,H,194,SOILTD1,6/22/2018 1:00,6/22/2018 1:00,30.77777778
UCM,H,194,SOILTD1,6/22/2018 2:00,6/22/2018 2:00,30.5
UCM,H,194,SOILTD1,6/22/2018 3:00,6/22/2018 3:00,30.22222222
UCM,H,194,SOILTD1,6/22/2018 4:00,6/22/2018 4:00,29.94444444
UCM,H,194,SOILTD1,6/22/2018 5:00,6/22/2018 5:00,29.61111111
UCM,H,194,SOILTD1,6/22/2018 6:00,6/22/2018 6:00,29.27777778
UCM,H,194,SOILTD1,6/22/2018 7:00,6/22/2018 7:00,29
UCM,H,194,SOILTD1,6/22/2018 8:00,6/22/2018 8:00,28.72222222
UCM,H,194,SOILTD1,6/22/2018 9:00,6/22/2018 9:00,28.55555556
UCM,H,194,SOILTD1,6/22/2018 10:00,6/22/2018 10:00,28.61111111
UCM,H,194,SOILTD1,6/22/2018 11:00,6/22/2018 11:00,28.83333333
UCM,H,194,SOILTD1,6/22/2018 12:00,6/22/2018 12:00,29.27777778
UCM,H,194,SOILTD1,6/22/2018 13:00,6/22/2018 13:00,29.88888889
UCM,H,194,SOILTD1,6/22/2018 14:00,6/22/2018 14:00,30.55555556
UCM,H,194,SOILTD1,6/22/2018 15:00,6/22/2018 15:00,31.27777778
UCM,H,194,SOILTD1,6/22/2018 16:00,6/22/2018 16:00,31.94444444
UCM,H,194,SOILTD1,6/22/2018 17:00,6/22/2018 17:00,32.5
UCM,H,194,SOILTD1,6/22/2018 18:00,6/22/2018 18:00,32.83333333
UCM,H,194,SOILTD1,6/22/2018 19:00,6/22/2018 19:00,32.88888889
UCM,H,194,SOILTD1,6/22/2018 20:00,6/22/2018 20:00,32.88888889
UCM,H,194,SOILTD1,6/22/2018 21:00,6/22/2018 21:00,32.77777778
UCM,H,194,SOILTD1,6/22/2018 22:00,6/22/2018 22:00,32.55555556
UCM,H,194,SOILTD1,6/22/2018 23:00,6/22/2018 23:00,32.22222222
UCM,H,194,SOILTD1,6/23/2018 0:00,6/23/2018 0:00,31.83333333
UCM,H,194,SOILTD1,6/23/2018 1:00,6/23/2018 1:00,31.55555556
UCM,H,194,SOILTD1,6/23/2018 2:00,6/23/2018 2:00,31.22222222
UCM,H,194,SOILTD1,6/23/2018 3:00,6/23/2018 3:00,30.88888889
UCM,H,194,SOILTD1,6/23/2018 4:00,6/23/2018 4:00,30.55555556
UCM,H,194,SOILTD1,6/23/2018 5:00,6/23/2018 5:00,30.27777778
UCM,H,194,SOILTD1,6/23/2018 6:00,6/23/2018 6:00,30
UCM,H,194,SOILTD1,6/23/2018 7:00,6/23/2018 7:00,29.66666667
UCM,H,194,SOILTD1,6/23/2018 8:00,6/23/2018 8:00,29.33333333
UCM,H,194,SOILTD1,6/23/2018 9:00,6/23/2018 9:00,29.22222222
UCM,H,194,SOILTD1,6/23/2018 10:00,6/23/2018 10:00,29.22222222
UCM,H,194,SOILTD1,6/23/2018 11:00,6/23/2018 11:00,29.44444444
UCM,H,194,SOILTD1,6/23/2018 12:00,6/23/2018 12:00,29.83333333
UCM,H,194,SOILTD1,6/23/2018 13:00,6/23/2018 13:00,30.33333333
UCM,H,194,SOILTD1,6/23/2018 14:00,6/23/2018 14:00,30.88888889
UCM,H,194,SOILTD1,6/23/2018 15:00,6/23/2018 15:00,31.44444444
UCM,H,194,SOILTD1,6/23/2018 16:00,6/23/2018 16:00,32
UCM,H,194,SOILTD1,6/23/2018 17:00,6/23/2018 17:00,32.5
UCM,H,194,SOILTD1,6/23/2018 18:00,6/23/2018 18:00,32.77777778
UCM,H,194,SOILTD1,6/23/2018 19:00,6/23/2018 19:00,32.88888889
UCM,H,194,SOILTD1,6/23/2018 20:00,6/23/2018 20:00,32.88888889
UCM,H,194,SOILTD1,6/23/2018 21:00,6/23/2018 21:00,32.77777778
UCM,H,194,SOILTD1,6/23/2018 22:00,6/23/2018 22:00,32.5
UCM,H,194,SOILTD1,6/23/2018 23:00,6/23/2018 23:00,32.16666667
UCM,H,194,SOILTD1,6/24/2018 0:00,6/24/2018 0:00,31.83333333
UCM,H,194,SOILTD1,6/24/2018 1:00,6/24/2018 1:00,31.5
UCM,H,194,SOILTD1,6/24/2018 2:00,6/24/2018 2:00,31.16666667
UCM,H,194,SOILTD1,6/24/2018 3:00,6/24/2018 3:00,30.77777778
UCM,H,194,SOILTD1,6/24/2018 4:00,6/24/2018 4:00,30.5
UCM,H,194,SOILTD1,6/24/2018 5:00,6/24/2018 5:00,30.27777778
UCM,H,194,SOILTD1,6/24/2018 6:00,6/24/2018 6:00,30
UCM,H,194,SOILTD1,6/24/2018 7:00,6/24/2018 7:00,29.77777778
UCM,H,194,SOILTD1,6/24/2018 8:00,6/24/2018 8:00,29.5
UCM,H,194,SOILTD1,6/24/2018 9:00,6/24/2018 9:00,29.38888889
UCM,H,194,SOILTD1,6/24/2018 10:00,6/24/2018 10:00,29.44444444
UCM,H,194,SOILTD1,6/24/2018 11:00,6/24/2018 11:00,29.72222222
UCM,H,194,SOILTD1,6/24/2018 12:00,6/24/2018 12:00,30.11111111
UCM,H,194,SOILTD1,6/24/2018 13:00,6/24/2018 13:00,30.66666667
UCM,H,194,SOILTD1,6/24/2018 14:00,6/24/2018 14:00,31.38888889
UCM,H,194,SOILTD1,6/24/2018 15:00,6/24/2018 15:00,32.05555556
UCM,H,194,SOILTD1,6/24/2018 16:00,6/24/2018 16:00,32.72222222
UCM,H,194,SOILTD1,6/24/2018 17:00,6/24/2018 17:00,33.22222222
UCM,H,194,SOILTD1,6/24/2018 18:00,6/24/2018 18:00,33.55555556
UCM,H,194,SOILTD1,6/24/2018 19:00,6/24/2018 19:00,33.66666667
UCM,H,194,SOILTD1,6/24/2018 20:00,6/24/2018 20:00,33.61111111
UCM,H,194,SOILTD1,6/24/2018 21:00,6/24/2018 21:00,33.44444444
UCM,H,194,SOILTD1,6/24/2018 22:00,6/24/2018 22:00,33.22222222
UCM,H,194,SOILTD1,6/24/2018 23:00,6/24/2018 23:00,32.88888889
UCM,H,194,SOILTD1,6/25/2018 0:00,6/25/2018 0:00,32.55555556
UCM,H,194,SOILTD1,6/25/2018 1:00,6/25/2018 1:00,32.22222222
UCM,H,194,SOILTD1,6/25/2018 2:00,6/25/2018 2:00,31.83333333
UCM,H,194,SOILTD1,6/25/2018 3:00,6/25/2018 3:00,31.5
UCM,H,194,SOILTD1,6/25/2018 4:00,6/25/2018 4:00,31.16666667
UCM,H,194,SOILTD1,6/25/2018 5:00,6/25/2018 5:00,30.77777778
UCM,H,194,SOILTD1,6/25/2018 6:00,6/25/2018 6:00,30.5
UCM,H,194,SOILTD1,6/25/2018 7:00,6/25/2018 7:00,30.22222222
UCM,H,194,SOILTD1,6/25/2018 8:00,6/25/2018 8:00,30
UCM,H,194,SOILTD1,6/25/2018 9:00,6/25/2018 9:00,29.77777778
UCM,H,194,SOILTD1,6/25/2018 10:00,6/25/2018 10:00,29.72222222
UCM,H,194,SOILTD1,6/25/2018 11:00,6/25/2018 11:00,29.72222222
UCM,H,194,SOILTD1,6/25/2018 12:00,6/25/2018 12:00,29.94444444
UCM,H,194,SOILTD1,6/25/2018 13:00,6/25/2018 13:00,30.33333333
UCM,H,194,SOILTD1,6/25/2018 14:00,6/25/2018 14:00,30.83333333
UCM,H,194,SOILTD1,6/25/2018 15:00,6/25/2018 15:00,31.5
UCM,H,194,SOILTD1,6/25/2018 16:00,6/25/2018 16:00,32.11111111
UCM,H,194,SOILTD1,6/25/2018 17:00,6/25/2018 17:00,32.61111111
UCM,H,194,SOILTD1,6/25/2018 18:00,6/25/2018 18:00,32.88888889
UCM,H,194,SOILTD1,6/25/2018 19:00,6/25/2018 19:00,33
UCM,H,194,SOILTD1,6/25/2018 20:00,6/25/2018 20:00,33
UCM,H,194,SOILTD1,6/25/2018 21:00,6/25/2018 21:00,32.83333333
UCM,H,194,SOILTD1,6/25/2018 22:00,6/25/2018 22:00,32.61111111
UCM,H,194,SOILTD1,6/25/2018 23:00,6/25/2018 23:00,32.38888889
UCM,H,194,SOILTD1,6/26/2018 0:00,6/26/2018 0:00,32
UCM,H,194,SOILTD1,6/26/2018 1:00,6/26/2018 1:00,31.72222222
UCM,H,194,SOILTD1,6/26/2018 2:00,6/26/2018 2:00,31.44444444
UCM,H,194,SOILTD1,6/26/2018 3:00,6/26/2018 3:00,31.16666667
UCM,H,194,SOILTD1,6/26/2018 4:00,6/26/2018 4:00,30.77777778
UCM,H,194,SOILTD1,6/26/2018 5:00,6/26/2018 5:00,30.5
UCM,H,194,SOILTD1,6/26/2018 6:00,6/26/2018 6:00,30.16666667
UCM,H,194,SOILTD1,6/26/2018 7:00,6/26/2018 7:00,29.88888889
UCM,H,194,SOILTD1,6/26/2018 8:00,6/26/2018 8:00,29.61111111
UCM,H,194,SOILTD1,6/26/2018 9:00,6/26/2018 9:00,29.38888889
UCM,H,194,SOILTD1,6/26/2018 10:00,6/26/2018 10:00,29.44444444
UCM,H,194,SOILTD1,6/26/2018 11:00,6/26/2018 11:00,29.66666667
UCM,H,194,SOILTD1,6/26/2018 12:00,6/26/2018 12:00,30.11111111
UCM,H,194,SOILTD1,6/26/2018 13:00,6/26/2018 13:00,30.66666667
UCM,H,194,SOILTD1,6/26/2018 14:00,6/26/2018 14:00,31.33333333
UCM,H,194,SOILTD1,6/26/2018 15:00,6/26/2018 15:00,31.94444444
UCM,H,194,SOILTD1,6/26/2018 16:00,6/26/2018 16:00,32.61111111
UCM,H,194,SOILTD1,6/26/2018 17:00,6/26/2018 17:00,33.16666667
UCM,H,194,SOILTD1,6/26/2018 18:00,6/26/2018 18:00,33.5
UCM,H,194,SOILTD1,6/26/2018 19:00,6/26/2018 19:00,33.61111111
UCM,H,194,SOILTD1,6/26/2018 20:00,6/26/2018 20:00,33.55555556
UCM,H,194,SOILTD1,6/26/2018 21:00,6/26/2018 21:00,33.38888889
UCM,H,194,SOILTD1,6/26/2018 22:00,6/26/2018 22:00,33.11111111
UCM,H,194,SOILTD1,6/26/2018 23:00,6/26/2018 23:00,32.77777778
UCM,H,194,SOILTD1,6/27/2018 0:00,6/27/2018 0:00,32.44444444
UCM,H,194,SOILTD1,6/27/2018 1:00,6/27/2018 1:00,32.05555556
UCM,H,194,SOILTD1,6/27/2018 2:00,6/27/2018 2:00,31.66666667
UCM,H,194,SOILTD1,6/27/2018 3:00,6/27/2018 3:00,31.33333333
UCM,H,194,SOILTD1,6/27/2018 4:00,6/27/2018 4:00,31
UCM,H,194,SOILTD1,6/27/2018 5:00,6/27/2018 5:00,30.61111111
UCM,H,194,SOILTD1,6/27/2018 6:00,6/27/2018 6:00,30.27777778
UCM,H,194,SOILTD1,6/27/2018 7:00,6/27/2018 7:00,30
UCM,H,194,SOILTD1,6/27/2018 8:00,6/27/2018 8:00,29.72222222
UCM,H,194,SOILTD1,6/27/2018 9:00,6/27/2018 9:00,29.5
UCM,H,194,SOILTD1,6/27/2018 10:00,6/27/2018 10:00,29.44444444
UCM,H,194,SOILTD1,6/27/2018 11:00,6/27/2018 11:00,29.66666667
UCM,H,194,SOILTD1,6/27/2018 12:00,6/27/2018 12:00,30.05555556
UCM,H,194,SOILTD1,6/27/2018 13:00,6/27/2018 13:00,30.61111111
UCM,H,194,SOILTD1,6/27/2018 14:00,6/27/2018 14:00,31.33333333
UCM,H,194,SOILTD1,6/27/2018 15:00,6/27/2018 15:00,32
UCM,H,194,SOILTD1,6/27/2018 16:00,6/27/2018 16:00,32.61111111
UCM,H,194,SOILTD1,6/27/2018 17:00,6/27/2018 17:00,33.22222222
UCM,H,194,SOILTD1,6/27/2018 18:00,6/27/2018 18:00,33.55555556
UCM,H,194,SOILTD1,6/27/2018 19:00,6/27/2018 19:00,33.61111111
UCM,H,194,SOILTD1,6/27/2018 20:00,6/27/2018 20:00,33.55555556
UCM,H,194,SOILTD1,6/27/2018 21:00,6/27/2018 21:00,33.44444444
UCM,H,194,SOILTD1,6/27/2018 22:00,6/27/2018 22:00,33.16666667
UCM,H,194,SOILTD1,6/27/2018 23:00,6/27/2018 23:00,32.83333333
UCM,H,194,SOILTD1,6/28/2018 0:00,6/28/2018 0:00,32.5
UCM,H,194,SOILTD1,6/28/2018 1:00,6/28/2018 1:00,32.11111111
UCM,H,194,SOILTD1,6/28/2018 2:00,6/28/2018 2:00,31.77777778
UCM,H,194,SOILTD1,6/28/2018 3:00,6/28/2018 3:00,31.33333333
UCM,H,194,SOILTD1,6/28/2018 4:00,6/28/2018 4:00,31
UCM,H,194,SOILTD1,6/28/2018 5:00,6/28/2018 5:00,30.55555556
UCM,H,194,SOILTD1,6/28/2018 6:00,6/28/2018 6:00,30.22222222
UCM,H,194,SOILTD1,6/28/2018 7:00,6/28/2018 7:00,29.94444444
UCM,H,194,SOILTD1,6/28/2018 8:00,6/28/2018 8:00,29.66666667
UCM,H,194,SOILTD1,6/28/2018 9:00,6/28/2018 9:00,29.44444444
UCM,H,194,SOILTD1,6/28/2018 10:00,6/28/2018 10:00,29.44444444
UCM,H,194,SOILTD1,6/28/2018 11:00,6/28/2018 11:00,29.66666667
UCM,H,194,SOILTD1,6/28/2018 12:00,6/28/2018 12:00,30.05555556
UCM,H,194,SOILTD1,6/28/2018 13:00,6/28/2018 13:00,30.5
UCM,H,194,SOILTD1,6/28/2018 14:00,6/28/2018 14:00,31.05555556
UCM,H,194,SOILTD1,6/28/2018 15:00,6/28/2018 15:00,31.66666667
UCM,H,194,SOILTD1,6/28/2018 16:00,6/28/2018 16:00,32.22222222
UCM,H,194,SOILTD1,6/28/2018 17:00,6/28/2018 17:00,32.66666667
UCM,H,194,SOILTD1,6/28/2018 18:00,6/28/2018 18:00,32.94444444
UCM,H,194,SOILTD1,6/28/2018 19:00,6/28/2018 19:00,33
UCM,H,194,SOILTD1,6/28/2018 20:00,6/28/2018 20:00,33
UCM,H,194,SOILTD1,6/28/2018 21:00,6/28/2018 21:00,32.83333333
UCM,H,194,SOILTD1,6/28/2018 22:00,6/28/2018 22:00,32.61111111
UCM,H,194,SOILTD1,6/28/2018 23:00,6/28/2018 23:00,32.38888889
UCM,H,194,SOILTD1,6/29/2018 0:00,6/29/2018 0:00,32
UCM,H,194,SOILTD1,6/29/2018 1:00,6/29/2018 1:00,31.66666667
UCM,H,194,SOILTD1,6/29/2018 2:00,6/29/2018 2:00,31.38888889
UCM,H,194,SOILTD1,6/29/2018 3:00,6/29/2018 3:00,31
UCM,H,194,SOILTD1,6/29/2018 4:00,6/29/2018 4:00,30.66666667
UCM,H,194,SOILTD1,6/29/2018 5:00,6/29/2018 5:00,30.38888889
UCM,H,194,SOILTD1,6/29/2018 6:00,6/29/2018 6:00,30.11111111
UCM,H,194,SOILTD1,6/29/2018 7:00,6/29/2018 7:00,29.83333333
UCM,H,194,SOILTD1,6/29/2018 8:00,6/29/2018 8:00,29.55555556
UCM,H,194,SOILTD1,6/29/2018 9:00,6/29/2018 9:00,29.38888889
UCM,H,194,SOILTD1,6/29/2018 10:00,6/29/2018 10:00,29.38888889
UCM,H,194,SOILTD1,6/29/2018 11:00,6/29/2018 11:00,29.61111111
UCM,H,194,SOILTD1,6/29/2018 12:00,6/29/2018 12:00,29.94444444
UCM,H,194,SOILTD1,6/29/2018 13:00,6/29/2018 13:00,30.5
UCM,H,194,SOILTD1,6/29/2018 14:00,6/29/2018 14:00,31.11111111
UCM,H,194,SOILTD1,6/29/2018 15:00,6/29/2018 15:00,31.77777778
UCM,H,194,SOILTD1,6/29/2018 16:00,6/29/2018 16:00,32.33333333
UCM,H,194,SOILTD1,6/29/2018 17:00,6/29/2018 17:00,32.77777778
UCM,H,194,SOILTD1,6/29/2018 18:00,6/29/2018 18:00,33.05555556
UCM,H,194,SOILTD1,6/29/2018 19:00,6/29/2018 19:00,33.22222222
UCM,H,194,SOILTD1,6/29/2018 20:00,6/29/2018 20:00,33.16666667
UCM,H,194,SOILTD1,6/29/2018 21:00,6/29/2018 21:00,32.94444444
UCM,H,194,SOILTD1,6/29/2018 22:00,6/29/2018 22:00,32.72222222
UCM,H,194,SOILTD1,6/29/2018 23:00,6/29/2018 23:00,32.44444444
UCM,H,194,SOILTD1,6/30/2018 0:00,6/30/2018 0:00,32.16666667
UCM,H,194,SOILTD1,6/30/2018 1:00,6/30/2018 1:00,31.77777778
UCM,H,194,SOILTD1,6/30/2018 2:00,6/30/2018 2:00,31.5
UCM,H,194,SOILTD1,6/30/2018 3:00,6/30/2018 3:00,31.22222222
UCM,H,194,SOILTD1,6/30/2018 4:00,6/30/2018 4:00,30.83333333
UCM,H,194,SOILTD1,6/30/2018 5:00,6/30/2018 5:00,30.55555556
UCM,H,194,SOILTD1,6/30/2018 6:00,6/30/2018 6:00,30.27777778
UCM,H,194,SOILTD1,6/30/2018 7:00,6/30/2018 7:00,30
UCM,H,194,SOILTD1,6/30/2018 8:00,6/30/2018 8:00,29.77777778
UCM,H,194,SOILTD1,6/30/2018 9:00,6/30/2018 9:00,29.72222222
UCM,H,194,SOILTD1,6/30/2018 10:00,6/30/2018 10:00,29.72222222
UCM,H,194,SOILTD1,6/30/2018 11:00,6/30/2018 11:00,30
UCM,H,194,SOILTD1,6/30/2018 12:00,6/30/2018 12:00,30.38888889
UCM,H,194,SOILTD1,6/30/2018 13:00,6/30/2018 13:00,30.94444444
UCM,H,194,SOILTD1,6/30/2018 14:00,6/30/2018 14:00,31.66666667
UCM,H,194,SOILTD1,6/30/2018 15:00,6/30/2018 15:00,32.33333333
UCM,H,194,SOILTD1,6/30/2018 16:00,6/30/2018 16:00,33
UCM,H,194,SOILTD1,6/30/2018 17:00,6/30/2018 17:00,33.55555556
UCM,H,194,SOILTD1,6/30/2018 18:00,6/30/2018 18:00,33.88888889
UCM,H,194,SOILTD1,6/30/2018 19:00,6/30/2018 19:00,34
UCM,H,194,SOILTD1,6/30/2018 20:00,6/30/2018 20:00,34
UCM,H,194,SOILTD1,6/30/2018 21:00,6/30/2018 21:00,33.83333333
UCM,H,194,SOILTD1,6/30/2018 22:00,6/30/2018 22:00,33.66666667
UCM,H,194,SOILTD1,6/30/2018 23:00,6/30/2018 23:00,33.38888889
UCM,H,194,SOILTD1,7/1/2018 0:00,7/1/2018 0:00,33.05555556
UCM,H,194,SOILTD1,7/1/2018 1:00,7/1/2018 1:00,32.77777778
UCM,H,194,SOILTD1,7/1/2018 2:00,7/1/2018 2:00,32.44444444
UCM,H,194,SOILTD1,7/1/2018 3:00,7/1/2018 3:00,32.16666667
UCM,H,194,SOILTD1,7/1/2018 4:00,7/1/2018 4:00,31.77777778
UCM,H,194,SOILTD1,7/1/2018 5:00,7/1/2018 5:00,31.5
UCM,H,194,SOILTD1,7/1/2018 6:00,7/1/2018 6:00,31.22222222
UCM,H,194,SOILTD1,7/1/2018 7:00,7/1/2018 7:00,30.83333333
UCM,H,194,SOILTD1,7/1/2018 8:00,7/1/2018 8:00,30.61111111
UCM,H,194,SOILTD1,7/1/2018 9:00,7/1/2018 9:00,30.44444444
UCM,H,194,SOILTD1,7/1/2018 10:00,7/1/2018 10:00,30.44444444
UCM,H,194,SOILTD1,7/1/2018 11:00,7/1/2018 11:00,30.61111111
UCM,H,194,SOILTD1,7/1/2018 12:00,7/1/2018 12:00,31
UCM,H,194,SOILTD1,7/1/2018 13:00,7/1/2018 13:00,31.44444444
UCM,H,194,SOILTD1,7/1/2018 14:00,7/1/2018 14:00,32.11111111
UCM,H,194,SOILTD1,7/1/2018 15:00,7/1/2018 15:00,32.77777778
UCM,H,194,SOILTD1,7/1/2018 16:00,7/1/2018 16:00,33.38888889
UCM,H,194,SOILTD1,7/1/2018 17:00,7/1/2018 17:00,33.83333333
UCM,H,194,SOILTD1,7/1/2018 18:00,7/1/2018 18:00,34.22222222
UCM,H,194,SOILTD1,7/1/2018 19:00,7/1/2018 19:00,34.38888889
UCM,H,194,SOILTD1,7/1/2018 20:00,7/1/2018 20:00,34.33333333
UCM,H,194,SOILTD1,7/1/2018 21:00,7/1/2018 21:00,34.16666667
UCM,H,194,SOILTD1,7/1/2018 22:00,7/1/2018 22:00,33.88888889
UCM,H,194,SOILTD1,7/1/2018 23:00,7/1/2018 23:00,33.61111111
UCM,H,194,SOILTD1,7/2/2018 0:00,7/2/2018 0:00,33.33333333
UCM,H,194,SOILTD1,7/2/2018 1:00,7/2/2018 1:00,32.94444444
UCM,H,194,SOILTD1,7/2/2018 2:00,7/2/2018 2:00,32.61111111
UCM,H,194,SOILTD1,7/2/2018 3:00,7/2/2018 3:00,32.27777778
UCM,H,194,SOILTD1,7/2/2018 4:00,7/2/2018 4:00,31.88888889
UCM,H,194,SOILTD1,7/2/2018 5:00,7/2/2018 5:00,31.61111111
UCM,H,194,SOILTD1,7/2/2018 6:00,7/2/2018 6:00,31.27777778
UCM,H,194,SOILTD1,7/2/2018 7:00,7/2/2018 7:00,31
UCM,H,194,SOILTD1,7/2/2018 8:00,7/2/2018 8:00,30.72222222
UCM,H,194,SOILTD1,7/2/2018 9:00,7/2/2018 9:00,30.5
UCM,H,194,SOILTD1,7/2/2018 10:00,7/2/2018 10:00,30.5
UCM,H,194,SOILTD1,7/2/2018 11:00,7/2/2018 11:00,30.61111111
UCM,H,194,SOILTD1,7/2/2018 12:00,7/2/2018 12:00,30.83333333
UCM,H,194,SOILTD1,7/2/2018 13:00,7/2/2018 13:00,31.27777778
UCM,H,194,SOILTD1,7/2/2018 14:00,7/2/2018 14:00,31.77777778
UCM,H,194,SOILTD1,7/2/2018 15:00,7/2/2018 15:00,32.38888889
UCM,H,194,SOILTD1,7/2/2018 16:00,7/2/2018 16:00,32.94444444
UCM,H,194,SOILTD1,7/2/2018 17:00,7/2/2018 17:00,33.44444444
UCM,H,194,SOILTD1,7/2/2018 18:00,7/2/2018 18:00,33.77777778
UCM,H,194,SOILTD1,7/2/2018 19:00,7/2/2018 19:00,33.77777778
UCM,H,194,SOILTD1,7/2/2018 20:00,7/2/2018 20:00,33.77777778
UCM,H,194,SOILTD1,7/2/2018 21:00,7/2/2018 21:00,33.66666667
UCM,H,194,SOILTD1,7/2/2018 22:00,7/2/2018 22:00,33.44444444
UCM,H,194,SOILTD1,7/2/2018 23:00,7/2/2018 23:00,33.05555556
UCM,H,194,SOILTD1,7/3/2018 0:00,7/3/2018 0:00,32.77777778
UCM,H,194,SOILTD1,7/3/2018 1:00,7/3/2018 1:00,32.44444444
UCM,H,194,SOILTD1,7/3/2018 2:00,7/3/2018 2:00,32.05555556
UCM,H,194,SOILTD1,7/3/2018 3:00,7/3/2018 3:00,31.77777778
UCM,H,194,SOILTD1,7/3/2018 4:00,7/3/2018 4:00,31.44444444
UCM,H,194,SOILTD1,7/3/2018 5:00,7/3/2018 5:00,31.11111111
UCM,H,194,SOILTD1,7/3/2018 6:00,7/3/2018 6:00,30.77777778
UCM,H,194,SOILTD1,7/3/2018 7:00,7/3/2018 7:00,30.5
UCM,H,194,SOILTD1,7/3/2018 8:00,7/3/2018 8:00,30.22222222
UCM,H,194,SOILTD1,7/3/2018 9:00,7/3/2018 9:00,30.05555556
UCM,H,194,SOILTD1,7/3/2018 10:00,7/3/2018 10:00,
UCM,H,194,SOILTD1,7/3/2018 11:00,7/3/2018 11:00,30.16666667
UCM,H,194,SOILTD1,7/3/2018 12:00,7/3/2018 12:00,30.44444444
UCM,H,194,SOILTD1,7/3/2018 13:00,7/3/2018 13:00,30.94444444
UCM,H,194,SOILTD1,7/3/2018 14:00,7/3/2018 14:00,31.55555556
UCM,H,194,SOILTD1,7/3/2018 15:00,7/3/2018 15:00,32.16666667
UCM,H,194,SOILTD1,7/3/2018 16:00,7/3/2018 16:00,32.77777778
UCM,H,194,SOILTD1,7/3/2018 17:00,7/3/2018 17:00,33.33333333
UCM,H,194,SOILTD1,7/3/2018 18:00,7/3/2018 18:00,33.66666667
UCM,H,194,SOILTD1,7/3/2018 19:00,7/3/2018 19:00,33.77777778
UCM,H,194,SOILTD1,7/3/2018 20:00,7/3/2018 20:00,33.77777778
UCM,H,194,SOILTD1,7/3/2018 21:00,7/3/2018 21:00,33.66666667
UCM,H,194,SOILTD1,7/3/2018 22:00,7/3/2018 22:00,
UCM,H,194,SOILTD1,7/3/2018 23:00,7/3/2018 23:00,33.11111111
UCM,H,194,SOILTD1,7/4/2018 0:00,7/4/2018 0:00,32.72222222
UCM,H,194,SOILTD1,7/4/2018 1:00,7/4/2018 1:00,32.33333333
UCM,H,194,SOILTD1,7/4/2018 2:00,7/4/2018 2:00,32
UCM,H,194,SOILTD1,7/4/2018 3:00,7/4/2018 3:00,31.66666667
UCM,H,194,SOILTD1,7/4/2018 4:00,7/4/2018 4:00,31.38888889
UCM,H,194,SOILTD1,7/4/2018 5:00,7/4/2018 5:00,31.05555556
UCM,H,194,SOILTD1,7/4/2018 6:00,7/4/2018 6:00,30.77777778
UCM,H,194,SOILTD1,7/4/2018 7:00,7/4/2018 7:00,30.5
UCM,H,194,SOILTD1,7/4/2018 8:00,7/4/2018 8:00,30.27777778
UCM,H,194,SOILTD1,7/4/2018 9:00,7/4/2018 9:00,30.11111111
UCM,H,194,SOILTD1,7/4/2018 10:00,7/4/2018 10:00,30.11111111
UCM,H,194,SOILTD1,7/4/2018 11:00,7/4/2018 11:00,30.27777778
UCM,H,194,SOILTD1,7/4/2018 12:00,7/4/2018 12:00,30.66666667
UCM,H,194,SOILTD1,7/4/2018 13:00,7/4/2018 13:00,31.11111111
UCM,H,194,SOILTD1,7/4/2018 14:00,7/4/2018 14:00,31.72222222
UCM,H,194,SOILTD1,7/4/2018 15:00,7/4/2018 15:00,32.33333333
UCM,H,194,SOILTD1,7/4/2018 16:00,7/4/2018 16:00,32.94444444
UCM,H,194,SOILTD1,7/4/2018 17:00,7/4/2018 17:00,33.44444444
UCM,H,194,SOILTD1,7/4/2018 18:00,7/4/2018 18:00,33.77777778
UCM,H,194,SOILTD1,7/4/2018 19:00,7/4/2018 19:00,33.77777778
UCM,H,194,SOILTD1,7/4/2018 20:00,7/4/2018 20:00,33.77777778
UCM,H,194,SOILTD1,7/4/2018 21:00,7/4/2018 21:00,33.61111111
UCM,H,194,SOILTD1,7/4/2018 22:00,7/4/2018 22:00,33.38888889
UCM,H,194,SOILTD1,7/4/2018 23:00,7/4/2018 23:00,33.05555556
UCM,H,194,SOILTD1,7/5/2018 0:00,7/5/2018 0:00,
UCM,H,194,SOILTD1,7/5/2018 1:00,7/5/2018 1:00,32.38888889
UCM,H,194,SOILTD1,7/5/2018 2:00,7/5/2018 2:00,32.05555556
UCM,H,194,SOILTD1,7/5/2018 3:00,7/5/2018 3:00,31.72222222
UCM,H,194,SOILTD1,7/5/2018 4:00,7/5/2018 4:00,31.44444444
UCM,H,194,SOILTD1,7/5/2018 5:00,7/5/2018 5:00,31.11111111
UCM,H,194,SOILTD1,7/5/2018 6:00,7/5/2018 6:00,30.77777778
UCM,H,194,SOILTD1,7/5/2018 7:00,7/5/2018 7:00,30.5
UCM,H,194,SOILTD1,7/5/2018 8:00,7/5/2018 8:00,30.27777778
UCM,H,194,SOILTD1,7/5/2018 9:00,7/5/2018 9:00,30.11111111
UCM,H,194,SOILTD1,7/5/2018 10:00,7/5/2018 10:00,30.11111111
UCM,H,194,SOILTD1,7/5/2018 11:00,7/5/2018 11:00,30.22222222
UCM,H,194,SOILTD1,7/5/2018 12:00,7/5/2018 12:00,30.55555556
UCM,H,194,SOILTD1,7/5/2018 13:00,7/5/2018 13:00,31.05555556
UCM,H,194,SOILTD1,7/5/2018 14:00,7/5/2018 14:00,31.66666667
UCM,H,194,SOILTD1,7/5/2018 15:00,7/5/2018 15:00,32.33333333
UCM,H,194,SOILTD1,7/5/2018 16:00,7/5/2018 16:00,32.94444444
UCM,H,194,SOILTD1,7/5/2018 17:00,7/5/2018 17:00,33.55555556
UCM,H,194,SOILTD1,7/5/2018 18:00,7/5/2018 18:00,33.83333333
UCM,H,194,SOILTD1,7/5/2018 19:00,7/5/2018 19:00,34
UCM,H,194,SOILTD1,7/5/2018 20:00,7/5/2018 20:00,33.94444444
UCM,H,194,SOILTD1,7/5/2018 21:00,7/5/2018 21:00,33.83333333
UCM,H,194,SOILTD1,7/5/2018 22:00,7/5/2018 22:00,
UCM,H,194,SOILTD1,7/5/2018 23:00,7/5/2018 23:00,
UCM,H,194,SOILTD1,7/6/2018 0:00,7/6/2018 0:00,33
UCM,H,194,SOILTD1,7/6/2018 1:00,7/6/2018 1:00,32.72222222
UCM,H,194,SOILTD1,7/6/2018 2:00,7/6/2018 2:00,32.44444444
UCM,H,194,SOILTD1,7/6/2018 3:00,7/6/2018 3:00,32.16666667
UCM,H,194,SOILTD1,7/6/2018 4:00,7/6/2018 4:00,31.88888889
UCM,H,194,SOILTD1,7/6/2018 5:00,7/6/2018 5:00,31.66666667
UCM,H,194,SOILTD1,7/6/2018 6:00,7/6/2018 6:00,31.44444444
UCM,H,194,SOILTD1,7/6/2018 7:00,7/6/2018 7:00,31.22222222
UCM,H,194,SOILTD1,7/6/2018 8:00,7/6/2018 8:00,31
UCM,H,194,SOILTD1,7/6/2018 9:00,7/6/2018 9:00,30.83333333
UCM,H,194,SOILTD1,7/6/2018 10:00,7/6/2018 10:00,30.77777778
UCM,H,194,SOILTD1,7/6/2018 11:00,7/6/2018 11:00,30.83333333
UCM,H,194,SOILTD1,7/6/2018 12:00,7/6/2018 12:00,31.11111111
UCM,H,194,SOILTD1,7/6/2018 13:00,7/6/2018 13:00,31.44444444
UCM,H,194,SOILTD1,7/6/2018 14:00,7/6/2018 14:00,32
UCM,H,194,SOILTD1,7/6/2018 15:00,7/6/2018 15:00,32.66666667
UCM,H,194,SOILTD1,7/6/2018 16:00,7/6/2018 16:00,33.27777778
UCM,H,194,SOILTD1,7/6/2018 17:00,7/6/2018 17:00,33.77777778
UCM,H,194,SOILTD1,7/6/2018 18:00,7/6/2018 18:00,34.05555556
UCM,H,194,SOILTD1,7/6/2018 19:00,7/6/2018 19:00,34.22222222
UCM,H,194,SOILTD1,7/6/2018 20:00,7/6/2018 20:00,34.11111111
UCM,H,194,SOILTD1,7/6/2018 21:00,7/6/2018 21:00,33.94444444
UCM,H,194,SOILTD1,7/6/2018 22:00,7/6/2018 22:00,33.72222222
UCM,H,194,SOILTD1,7/6/2018 23:00,7/6/2018 23:00,33.44444444
UCM,H,194,SOILTD1,7/7/2018 0:00,7/7/2018 0:00,33.16666667
UCM,H,194,SOILTD1,7/7/2018 1:00,7/7/2018 1:00,32.83333333
UCM,H,194,SOILTD1,7/7/2018 2:00,7/7/2018 2:00,32.61111111
UCM,H,194,SOILTD1,7/7/2018 3:00,7/7/2018 3:00,32.33333333
UCM,H,194,SOILTD1,7/7/2018 4:00,7/7/2018 4:00,32
UCM,H,194,SOILTD1,7/7/2018 5:00,7/7/2018 5:00,31.77777778
UCM,H,194,SOILTD1,7/7/2018 6:00,7/7/2018 6:00,31.5
UCM,H,194,SOILTD1,7/7/2018 7:00,7/7/2018 7:00,31.27777778
UCM,H,194,SOILTD1,7/7/2018 8:00,7/7/2018 8:00,31.05555556
UCM,H,194,SOILTD1,7/7/2018 9:00,7/7/2018 9:00,30.88888889
UCM,H,194,SOILTD1,7/7/2018 10:00,7/7/2018 10:00,30.83333333
UCM,H,194,SOILTD1,7/7/2018 11:00,7/7/2018 11:00,31
UCM,H,194,SOILTD1,7/7/2018 12:00,7/7/2018 12:00,31.33333333
UCM,H,194,SOILTD1,7/7/2018 13:00,7/7/2018 13:00,31.77777778
UCM,H,194,SOILTD1,7/7/2018 14:00,7/7/2018 14:00,32.33333333
UCM,H,194,SOILTD1,7/7/2018 15:00,7/7/2018 15:00,32.88888889
UCM,H,194,SOILTD1,7/7/2018 16:00,7/7/2018 16:00,33.44444444
UCM,H,194,SOILTD1,7/7/2018 17:00,7/7/2018 17:00,33.72222222
UCM,H,194,SOILTD1,7/7/2018 18:00,7/7/2018 18:00,33.94444444
UCM,H,194,SOILTD1,7/7/2018 19:00,7/7/2018 19:00,34
UCM,H,194,SOILTD1,7/7/2018 20:00,7/7/2018 20:00,33.94444444
UCM,H,194,SOILTD1,7/7/2018 21:00,7/7/2018 21:00,33.83333333
UCM,H,194,SOILTD1,7/7/2018 22:00,7/7/2018 22:00,33.61111111
UCM,H,194,SOILTD1,7/7/2018 23:00,7/7/2018 23:00,33.33333333
UCM,H,194,SOILTD1,7/8/2018 0:00,7/8/2018 0:00,
UCM,H,194,SOILTD1,7/8/2018 1:00,7/8/2018 1:00,
UCM,H,194,SOILTD1,7/8/2018 2:00,7/8/2018 2:00,
UCM,H,194,SOILTD1,7/8/2018 3:00,7/8/2018 3:00,
UCM,H,194,SOILTD1,7/8/2018 4:00,7/8/2018 4:00,31.77777778
UCM,H,194,SOILTD1,7/8/2018 5:00,7/8/2018 5:00,31.5
UCM,H,194,SOILTD1,7/8/2018 6:00,7/8/2018 6:00,31.27777778
UCM,H,194,SOILTD1,7/8/2018 7:00,7/8/2018 7:00,30.94444444
UCM,H,194,SOILTD1,7/8/2018 8:00,7/8/2018 8:00,30.72222222
UCM,H,194,SOILTD1,7/8/2018 9:00,7/8/2018 9:00,30.55555556
UCM,H,194,SOILTD1,7/8/2018 10:00,7/8/2018 10:00,30.55555556
UCM,H,194,SOILTD1,7/8/2018 11:00,7/8/2018 11:00,30.77777778
UCM,H,194,SOILTD1,7/8/2018 12:00,7/8/2018 12:00,31.11111111
UCM,H,194,SOILTD1,7/8/2018 13:00,7/8/2018 13:00,31.61111111
UCM,H,194,SOILTD1,7/8/2018 14:00,7/8/2018 14:00,32.11111111
UCM,H,194,SOILTD1,7/8/2018 15:00,7/8/2018 15:00,32.72222222
UCM,H,194,SOILTD1,7/8/2018 16:00,7/8/2018 16:00,33.27777778
UCM,H,194,SOILTD1,7/8/2018 17:00,7/8/2018 17:00,33.72222222
UCM,H,194,SOILTD1,7/8/2018 18:00,7/8/2018 18:00,34
UCM,H,194,SOILTD1,7/8/2018 19:00,7/8/2018 19:00,34.11111111
UCM,H,194,SOILTD1,7/8/2018 20:00,7/8/2018 20:00,34.05555556
UCM,H,194,SOILTD1,7/8/2018 21:00,7/8/2018 21:00,33.94444444
UCM,H,194,SOILTD1,7/8/2018 22:00,7/8/2018 22:00,33.72222222
UCM,H,194,SOILTD1,7/8/2018 23:00,7/8/2018 23:00,33.44444444
UCM,H,194,SOILTD1,7/9/2018 0:00,7/9/2018 0:00,33.16666667
UCM,H,194,SOILTD1,7/9/2018 1:00,7/9/2018 1:00,32.83333333
UCM,H,194,SOILTD1,7/9/2018 2:00,7/9/2018 2:00,32.5
UCM,H,194,SOILTD1,7/9/2018 3:00,7/9/2018 3:00,32.27777778
UCM,H,194,SOILTD1,7/9/2018 4:00,7/9/2018 4:00,31.88888889
UCM,H,194,SOILTD1,7/9/2018 5:00,7/9/2018 5:00,31.61111111
UCM,H,194,SOILTD1,7/9/2018 6:00,7/9/2018 6:00,31.38888889
UCM,H,194,SOILTD1,7/9/2018 7:00,7/9/2018 7:00,31.11111111
UCM,H,194,SOILTD1,7/9/2018 8:00,7/9/2018 8:00,30.83333333
UCM,H,194,SOILTD1,7/9/2018 9:00,7/9/2018 9:00,30.66666667
UCM,H,194,SOILTD1,7/9/2018 10:00,7/9/2018 10:00,30.66666667
UCM,H,194,SOILTD1,7/9/2018 11:00,7/9/2018 11:00,30.83333333
UCM,H,194,SOILTD1,7/9/2018 12:00,7/9/2018 12:00,31.22222222
UCM,H,194,SOILTD1,7/9/2018 13:00,7/9/2018 13:00,31.61111111
UCM,H,194,SOILTD1,7/9/2018 14:00,7/9/2018 14:00,32.11111111
UCM,H,194,SOILTD1,7/9/2018 15:00,7/9/2018 15:00,32.61111111
UCM,H,194,SOILTD1,7/9/2018 16:00,7/9/2018 16:00,33.11111111
UCM,H,194,SOILTD1,7/9/2018 17:00,7/9/2018 17:00,33.55555556
UCM,H,194,SOILTD1,7/9/2018 18:00,7/9/2018 18:00,33.77777778
UCM,H,194,SOILTD1,7/9/2018 19:00,7/9/2018 19:00,33.94444444
UCM,H,194,SOILTD1,7/9/2018 20:00,7/9/2018 20:00,33.94444444
UCM,H,194,SOILTD1,7/9/2018 21:00,7/9/2018 21:00,33.83333333
UCM,H,194,SOILTD1,7/9/2018 22:00,7/9/2018 22:00,33.66666667
UCM,H,194,SOILTD1,7/9/2018 23:00,7/9/2018 23:00,33.44444444
UCM,H,194,SOILTD1,7/10/2018 0:00,7/10/2018 0:00,33.11111111
UCM,H,194,SOILTD1,7/10/2018 1:00,7/10/2018 1:00,32.77777778
UCM,H,194,SOILTD1,7/10/2018 2:00,7/10/2018 2:00,32.5
