"seqID","kbase_suffix","Domain","Phylum","Class","Order","Family","Genus","Species","FastANI Reference","FastANI Reference Radius","FastANI Taxonomy","FastANI ANI","FastANI Alignment Fraction","Closest Placement Reference","Closest Placement Taxonomy","Closest Placement ANI","Closest Placement Alignment Fraction","Classification Method","Note","Other Related References","MSA AA Percent","RED Value","Warnings","kbase_file","Marker Lineage","# Genomes","# Markers","# Marker Sets","0","1","2","3","4","5+","Completeness","Contamination","Contamination level"
"1","TCS_genomes_1","Bacteria","Pseudomonadota","Gammaproteobacteria","Pseudomonadales","Pseudomonadaceae","Pseudomonas_E","Pseudomonas_E sp002901475","GCF_018326005.1","95","d__Bacteria;p__Pseudomonadota;c__Gammaproteobacteria;o__Pseudomonadales;f__Pseudomonadaceae;g__Pseudomonas_E;s__Pseudomonas_E sp002901475","98.46","0.935","GCF_018326005.1","d__Bacteria;p__Pseudomonadota;c__Gammaproteobacteria;o__Pseudomonadales;f__Pseudomonadaceae;g__Pseudomonas_E;s__Pseudomonas_E sp002901475","98.46","0.935","ani_screen","classification based on ANI only","GCF_016651305.1, s__Pseudomonas_E sp01...","43.12","-","Genome has more than 56.7% of markers with multiple hits","TCS_genomes_1_DRAM","k__Bacteria",5449,103,57,0,41,61,1,0,0,100,57.09,"Very high"
"10","TCS_genomes_1","Bacteria","Pseudomonadota","Gammaproteobacteria","Pseudomonadales","Pseudomonadaceae","Pseudomonas_E","Pseudomonas_E sp002901475","GCF_018326005.1","95","d__Bacteria;p__Pseudomonadota;c__Gammaproteobacteria;o__Pseudomonadales;f__Pseudomonadaceae;g__Pseudomonas_E;s__Pseudomonas_E sp002901475","98.47","0.932","GCF_018326005.1","d__Bacteria;p__Pseudomonadota;c__Gammaproteobacteria;o__Pseudomonadales;f__Pseudomonadaceae;g__Pseudomonas_E;s__Pseudomonas_E sp002901475","98.47","0.932","ani_screen","classification based on ANI only","GCF_016651305.1, s__Pseudomonas_E sp01...","92.77","-","-","TCS_genomes_1_DRAM","o__Pseudomonadales",185,813,308,1,782,30,0,0,0,99.68,3.87,"Low"
"100","TCS_genomes_6","Bacteria","Pseudomonadota","Gammaproteobacteria","Enterobacterales","Enterobacteriaceae","UBA7405","UBA7405 sp002469605","GCA_002469605.1","95","d__Bacteria;p__Pseudomonadota;c__Gammaproteobacteria;o__Enterobacterales;f__Enterobacteriaceae;g__UBA7405;s__UBA7405 sp002469605","95.69","0.936","GCA_002469605.1","d__Bacteria;p__Pseudomonadota;c__Gammaproteobacteria;o__Enterobacterales;f__Enterobacteriaceae;g__UBA7405;s__UBA7405 sp002469605","95.69","0.936","ani_screen","classification based on ANI only","GCF_017348915.1, s__UBA7405 sp00075553...","96.62","-","-","TCS_genomes_6_DRAM","f__Enterobacteriaceae",223,876,305,1,873,2,0,0,0,99.89,0.12,"Very low"
"101","TCS_genomes_6","Bacteria","Pseudomonadota","Gammaproteobacteria","Pseudomonadales","Pseudomonadaceae","Pseudomonas_E","Pseudomonas_E sp009764645","GCF_009764645.1","95","d__Bacteria;p__Pseudomonadota;c__Gammaproteobacteria;o__Pseudomonadales;f__Pseudomonadaceae;g__Pseudomonas_E;s__Pseudomonas_E sp009764645","95.52","0.91","GCF_009764645.1","d__Bacteria;p__Pseudomonadota;c__Gammaproteobacteria;o__Pseudomonadales;f__Pseudomonadaceae;g__Pseudomonas_E;s__Pseudomonas_E sp009764645","95.52","0.91","ani_screen","classification based on ANI only","GCF_001297015.1, s__Pseudomonas_E sp00...","97.76","-","-","TCS_genomes_6_DRAM","o__Pseudomonadales",185,813,308,0,812,1,0,0,0,100,0.11,"Very low"
"102","TCS_genomes_6","Bacteria","Pseudomonadota","Gammaproteobacteria","Enterobacterales","Enterobacteriaceae","UBA7405","UBA7405 sp002469605","GCA_002469605.1","95","d__Bacteria;p__Pseudomonadota;c__Gammaproteobacteria;o__Enterobacterales;f__Enterobacteriaceae;g__UBA7405;s__UBA7405 sp002469605","95.69","0.937","GCA_002469605.1","d__Bacteria;p__Pseudomonadota;c__Gammaproteobacteria;o__Enterobacterales;f__Enterobacteriaceae;g__UBA7405;s__UBA7405 sp002469605","95.69","0.937","ani_screen","classification based on ANI only","GCF_017348915.1, s__UBA7405 sp00075553...","96.62","-","-","TCS_genomes_6_DRAM","f__Enterobacteriaceae",223,876,305,1,873,2,0,0,0,99.89,0.12,"Very low"
"103","TCS_genomes_6","Bacteria","Pseudomonadota","Gammaproteobacteria","Enterobacterales","Enterobacteriaceae","Buttiauxella","Buttiauxella davisae_A","GCF_016756775.1","95","d__Bacteria;p__Pseudomonadota;c__Gammaproteobacteria;o__Enterobacterales;f__Enterobacteriaceae;g__Buttiauxella;s__Buttiauxella davisae_A","97.09","0.913","GCF_016756775.1","d__Bacteria;p__Pseudomonadota;c__Gammaproteobacteria;o__Enterobacterales;f__Enterobacteriaceae;g__Buttiauxella;s__Buttiauxella davisae_A","97.09","0.913","ani_screen","classification based on ANI only","GCF_003628475.1, s__Buttiauxella sp002...","98.25","-","-","TCS_genomes_6_DRAM","f__Enterobacteriaceae",223,876,305,0,874,2,0,0,0,100,0.11,"Very low"
"104","TCS_genomes_6","Bacteria","Pseudomonadota","Gammaproteobacteria","Pseudomonadales","Pseudomonadaceae","Pseudomonas_E","Pseudomonas_E sp002878485","GCF_002878485.1","95","d__Bacteria;p__Pseudomonadota;c__Gammaproteobacteria;o__Pseudomonadales;f__Pseudomonadaceae;g__Pseudomonas_E;s__Pseudomonas_E sp002878485","99.2","0.927","GCF_002878485.1","d__Bacteria;p__Pseudomonadota;c__Gammaproteobacteria;o__Pseudomonadales;f__Pseudomonadaceae;g__Pseudomonas_E;s__Pseudomonas_E sp002878485","99.2","0.927","ani_screen","classification based on ANI only","GCF_000633255.1, s__Pseudomonas_E sp00...","97.72","-","-","TCS_genomes_6_DRAM","o__Pseudomonadales",185,813,308,0,811,2,0,0,0,100,0.22,"Very low"
"105","TCS_genomes_6","Bacteria","Pseudomonadota","Gammaproteobacteria","Pseudomonadales","Pseudomonadaceae","Pseudomonas_E","Pseudomonas_E shirazensis","GCF_014268785.2","95","d__Bacteria;p__Pseudomonadota;c__Gammaproteobacteria;o__Pseudomonadales;f__Pseudomonadaceae;g__Pseudomonas_E;s__Pseudomonas_E shirazensis","99.02","0.919","GCF_014268785.2","d__Bacteria;p__Pseudomonadota;c__Gammaproteobacteria;o__Pseudomonadales;f__Pseudomonadaceae;g__Pseudomonas_E;s__Pseudomonas_E shirazensis","99.02","0.919","ani_screen","classification based on ANI only","GCF_900536025.1, s__Pseudomonas_E reid...","97.89","-","-","TCS_genomes_6_DRAM","o__Pseudomonadales",185,813,308,0,809,4,0,0,0,100,0.23,"Very low"
"106","TCS_genomes_6","Bacteria","Pseudomonadota","Gammaproteobacteria","Pseudomonadales","Pseudomonadaceae","Pseudomonas_E","Pseudomonas_E sp002980155","GCF_019212185.1","95","d__Bacteria;p__Pseudomonadota;c__Gammaproteobacteria;o__Pseudomonadales;f__Pseudomonadaceae;g__Pseudomonas_E;s__Pseudomonas_E sp002980155","97.43","0.864","GCF_019212185.1","d__Bacteria;p__Pseudomonadota;c__Gammaproteobacteria;o__Pseudomonadales;f__Pseudomonadaceae;g__Pseudomonas_E;s__Pseudomonas_E sp002980155","97.43","0.864","ani_screen","classification based on ANI only","GCF_014236655.1, s__Pseudomonas_E kiel...","97.7","-","-","TCS_genomes_6_DRAM","o__Pseudomonadales",185,813,308,0,810,3,0,0,0,100,0.45,"Very low"
"107","TCS_genomes_6","Bacteria","Pseudomonadota","Gammaproteobacteria","Pseudomonadales","Pseudomonadaceae","Pseudomonas_E","Pseudomonas_E sp002980155","GCF_019212185.1","95","d__Bacteria;p__Pseudomonadota;c__Gammaproteobacteria;o__Pseudomonadales;f__Pseudomonadaceae;g__Pseudomonas_E;s__Pseudomonas_E sp002980155","97.44","0.866","GCF_019212185.1","d__Bacteria;p__Pseudomonadota;c__Gammaproteobacteria;o__Pseudomonadales;f__Pseudomonadaceae;g__Pseudomonas_E;s__Pseudomonas_E sp002980155","97.44","0.866","ani_screen","classification based on ANI only","GCF_014236655.1, s__Pseudomonas_E kiel...","97.7","-","-","TCS_genomes_6_DRAM","o__Pseudomonadales",185,813,308,0,810,3,0,0,0,100,0.45,"Very low"
"108","TCS_genomes_7","Bacteria","Pseudomonadota","Gammaproteobacteria","Pseudomonadales","Pseudomonadaceae","Pseudomonas_E","Pseudomonas_E edaphica","GCF_005863185.1","95","d__Bacteria;p__Pseudomonadota;c__Gammaproteobacteria;o__Pseudomonadales;f__Pseudomonadaceae;g__Pseudomonas_E;s__Pseudomonas_E edaphica","98.77","0.904","GCF_005863185.1","d__Bacteria;p__Pseudomonadota;c__Gammaproteobacteria;o__Pseudomonadales;f__Pseudomonadaceae;g__Pseudomonas_E;s__Pseudomonas_E edaphica","98.77","0.904","ani_screen","classification based on ANI only","GCF_900107155.1, s__Pseudomonas_E salo...","96.72","-","-","TCS_genomes_7_DRAM","o__Pseudomonadales",185,813,308,0,809,3,1,0,0,100,0.87,"Very low"
"109","TCS_genomes_7","Bacteria","Pseudomonadota","Gammaproteobacteria","Pseudomonadales","Pseudomonadaceae","Pseudomonas_E","Pseudomonas_E shirazensis","GCF_014268785.2","95","d__Bacteria;p__Pseudomonadota;c__Gammaproteobacteria;o__Pseudomonadales;f__Pseudomonadaceae;g__Pseudomonas_E;s__Pseudomonas_E shirazensis","97.52","0.911","GCF_014268785.2","d__Bacteria;p__Pseudomonadota;c__Gammaproteobacteria;o__Pseudomonadales;f__Pseudomonadaceae;g__Pseudomonas_E;s__Pseudomonas_E shirazensis","97.52","0.911","ani_screen","classification based on ANI only","GCF_900536025.1, s__Pseudomonas_E reid...","97.87","-","-","TCS_genomes_7_DRAM","o__Pseudomonadales",185,813,308,0,811,2,0,0,0,100,0.14,"Very low"
"11","TCS_genomes_1","Bacteria","Pseudomonadota","Gammaproteobacteria","Pseudomonadales","Pseudomonadaceae","Pseudomonas_E","Pseudomonas_E fluorescens_BG","GCF_900636825.1","95","d__Bacteria;p__Pseudomonadota;c__Gammaproteobacteria;o__Pseudomonadales;f__Pseudomonadaceae;g__Pseudomonas_E;s__Pseudomonas_E fluorescens_BG","97.51","0.897","-","-","-","-","ani_screen","classification based on ANI only","GCF_001598475.1, s__Pantoea agglomeran...","-","-","No bacterial or archaeal marker","TCS_genomes_1_DRAM","root",5656,56,24,0,0,56,0,0,0,100,100,"Very high"
"110","TCS_genomes_7","Bacteria","Pseudomonadota","Gammaproteobacteria","Pseudomonadales","Moraxellaceae","Acinetobacter","Acinetobacter calcoaceticus_C","GCF_900520355.1","95","d__Bacteria;p__Pseudomonadota;c__Gammaproteobacteria;o__Pseudomonadales;f__Moraxellaceae;g__Acinetobacter;s__Acinetobacter calcoaceticus_C","96.36","0.912","GCF_900520355.1","d__Bacteria;p__Pseudomonadota;c__Gammaproteobacteria;o__Pseudomonadales;f__Moraxellaceae;g__Acinetobacter;s__Acinetobacter calcoaceticus_C","96.36","0.912","ani_screen","classification based on ANI only","GCF_000368965.1, s__Acinetobacter calc...","97.24","-","-","TCS_genomes_7_DRAM","c__Gammaproteobacteria",1164,275,174,1,272,2,0,0,0,99.43,0.57,"Very low"
"111","TCS_genomes_7","Bacteria","Pseudomonadota","Gammaproteobacteria","Pseudomonadales","Pseudomonadaceae","Pseudomonas_E","Pseudomonas_E putida_G","GCF_001976065.1","95","d__Bacteria;p__Pseudomonadota;c__Gammaproteobacteria;o__Pseudomonadales;f__Pseudomonadaceae;g__Pseudomonas_E;s__Pseudomonas_E putida_G","99.25","0.937","GCF_001976065.1","d__Bacteria;p__Pseudomonadota;c__Gammaproteobacteria;o__Pseudomonadales;f__Pseudomonadaceae;g__Pseudomonas_E;s__Pseudomonas_E putida_G","99.25","0.937","ani_screen","classification based on ANI only","GCF_000282475.1, s__Pseudomonas_E sp00...","97.66","-","-","TCS_genomes_7_DRAM","o__Pseudomonadales",185,813,308,0,810,3,0,0,0,100,0.54,"Very low"
"112","TCS_genomes_7","Bacteria","Pseudomonadota","Gammaproteobacteria","Pseudomonadales","Pseudomonadaceae","Pseudomonas_E","Pseudomonas_E fluorescens_BG","GCF_900636825.1","95","d__Bacteria;p__Pseudomonadota;c__Gammaproteobacteria;o__Pseudomonadales;f__Pseudomonadaceae;g__Pseudomonas_E;s__Pseudomonas_E fluorescens_BG","97.53","0.938","GCF_900636825.1","d__Bacteria;p__Pseudomonadota;c__Gammaproteobacteria;o__Pseudomonadales;f__Pseudomonadaceae;g__Pseudomonas_E;s__Pseudomonas_E fluorescens_BG","97.53","0.938","ani_screen","classification based on ANI only","GCF_009764645.1, s__Pseudomonas_E sp00...","97.74","-","-","TCS_genomes_7_DRAM","o__Pseudomonadales",185,813,308,0,811,2,0,0,0,100,0.22,"Very low"
"113","TCS_genomes_7","Bacteria","Pseudomonadota","Gammaproteobacteria","Pseudomonadales","Pseudomonadaceae","Pseudomonas_E","Pseudomonas_E fluorescens_BG","GCF_900636825.1","95","d__Bacteria;p__Pseudomonadota;c__Gammaproteobacteria;o__Pseudomonadales;f__Pseudomonadaceae;g__Pseudomonas_E;s__Pseudomonas_E fluorescens_BG","97.49","0.937","GCF_900636825.1","d__Bacteria;p__Pseudomonadota;c__Gammaproteobacteria;o__Pseudomonadales;f__Pseudomonadaceae;g__Pseudomonas_E;s__Pseudomonas_E fluorescens_BG","97.49","0.937","ani_screen","classification based on ANI only","GCF_009764645.1, s__Pseudomonas_E sp00...","97.74","-","-","TCS_genomes_7_DRAM","o__Pseudomonadales",185,813,308,0,811,2,0,0,0,100,0.22,"Very low"
"114","TCS_genomes_7","Bacteria","Pseudomonadota","Gammaproteobacteria","Pseudomonadales","Pseudomonadaceae","Pseudomonas_E","Pseudomonas_E granadensis","GCF_900105485.1","95","d__Bacteria;p__Pseudomonadota;c__Gammaproteobacteria;o__Pseudomonadales;f__Pseudomonadaceae;g__Pseudomonas_E;s__Pseudomonas_E granadensis","95.54","0.922","GCA_902825215.1","d__Bacteria;p__Pseudomonadota;c__Gammaproteobacteria;o__Pseudomonadales;f__Pseudomonadaceae;g__Pseudomonas_E;s__Pseudomonas_E fluorescens_G","93.74","0.895","ani_screen","classification based on ANI only","GCF_004011755.1, s__Pseudomonas_E sp00...","97.68","-","-","TCS_genomes_7_DRAM","o__Pseudomonadales",185,813,308,0,812,1,0,0,0,100,0.11,"Very low"
"115","TCS_genomes_7","Bacteria","Pseudomonadota","Gammaproteobacteria","Pseudomonadales","Pseudomonadaceae","Pseudomonas_E","","-","-","-","-","-","GCF_021605415.1","d__Bacteria;p__Pseudomonadota;c__Gammaproteobacteria;o__Pseudomonadales;f__Pseudomonadaceae;g__Pseudomonas_E;s__Pseudomonas_E syringae_S","89.19","0.86","taxonomic classification defined by topology and ANI","classification based on placement in class-level tree","GCF_003352875.1, s__Pseudomonas_E fluo...","96.86","0.99645","Genome not assigned to closest species as it falls outside its pre-defined ANI radius","TCS_genomes_7_DRAM","o__Pseudomonadales",185,813,308,0,807,5,1,0,0,100,1.03,"Low"
"116","TCS_genomes_7","Bacteria","Pseudomonadota","Gammaproteobacteria","Pseudomonadales","Pseudomonadaceae","Pseudomonas_E","Pseudomonas_E granadensis","GCF_900105485.1","95","d__Bacteria;p__Pseudomonadota;c__Gammaproteobacteria;o__Pseudomonadales;f__Pseudomonadaceae;g__Pseudomonas_E;s__Pseudomonas_E granadensis","95.29","0.928","-","-","-","-","ani_screen","classification based on ANI only","GCF_900105485.1, s__Pseudomonas_E gran...","97.68","-","-","TCS_genomes_7_DRAM","o__Pseudomonadales",185,813,308,0,812,1,0,0,0,100,0.11,"Very low"
"117","TCS_genomes_7","Bacteria","Pseudomonadota","Gammaproteobacteria","Pseudomonadales","Pseudomonadaceae","Pseudomonas_E","Pseudomonas_E granadensis","GCF_900105485.1","95","d__Bacteria;p__Pseudomonadota;c__Gammaproteobacteria;o__Pseudomonadales;f__Pseudomonadaceae;g__Pseudomonas_E;s__Pseudomonas_E granadensis","95.3","0.924","-","-","-","-","ani_screen","classification based on ANI only","GCF_900105485.1, s__Pseudomonas_E gran...","97.68","-","-","TCS_genomes_7_DRAM","o__Pseudomonadales",185,813,308,0,812,1,0,0,0,100,0.11,"Very low"
"118","TCS_genomes_7","Bacteria","Pseudomonadota","Gammaproteobacteria","Enterobacterales","Enterobacteriaceae","Pantoea","Pantoea agglomerans","GCF_001598475.1","95","d__Bacteria;p__Pseudomonadota;c__Gammaproteobacteria;o__Enterobacterales;f__Enterobacteriaceae;g__Pantoea;s__Pantoea agglomerans","97.18","0.927","GCF_001598475.1","d__Bacteria;p__Pseudomonadota;c__Gammaproteobacteria;o__Enterobacterales;f__Enterobacteriaceae;g__Pantoea;s__Pantoea agglomerans","97.18","0.927","ani_screen","classification based on ANI only","GCF_900115075.1, s__Pantoea sp90011507...","97.76","-","-","TCS_genomes_7_DRAM","f__Enterobacteriaceae",223,876,305,0,872,4,0,0,0,100,0.49,"Very low"
"119","TCS_genomes_7","Bacteria","Pseudomonadota","Gammaproteobacteria","Pseudomonadales","Pseudomonadaceae","Pseudomonas_E","","-","-","-","-","-","-","-","-","-","taxonomic classification defined by topology and ANI","classification based on placement in class-level tree","GCF_014268655.2, s__Pseudomonas_E marv...","97.54","0.98895","Genome not assigned to closest species as it falls outside its pre-defined ANI radius","TCS_genomes_7_DRAM","o__Pseudomonadales",185,813,308,1,811,1,0,0,0,99.92,0.11,"Very low"
"12","TCS_genomes_1","Bacteria","Pseudomonadota","Gammaproteobacteria","Pseudomonadales","Pseudomonadaceae","Pseudomonas_E","Pseudomonas_E chlororaphis_G","GCF_003731765.1","95","d__Bacteria;p__Pseudomonadota;c__Gammaproteobacteria;o__Pseudomonadales;f__Pseudomonadaceae;g__Pseudomonas_E;s__Pseudomonas_E chlororaphis_G","98.06","0.921","GCF_003731765.1","d__Bacteria;p__Pseudomonadota;c__Gammaproteobacteria;o__Pseudomonadales;f__Pseudomonadaceae;g__Pseudomonas_E;s__Pseudomonas_E chlororaphis_G","98.06","0.921","ani_screen","classification based on ANI only","GCF_013407925.2, s__Pseudomonas_E fluo...","96.78","-","-","TCS_genomes_1_DRAM","o__Pseudomonadales",185,813,308,0,809,4,0,0,0,100,0.78,"Very low"
"120","TCS_genomes_7","Bacteria","Pseudomonadota","Gammaproteobacteria","Pseudomonadales","Pseudomonadaceae","Pseudomonas_E","","-","-","-","-","-","-","-","-","-","taxonomic classification defined by topology and ANI","classification based on placement in class-level tree","GCF_014268655.2, s__Pseudomonas_E marv...","97.54","0.98873","Genome not assigned to closest species as it falls outside its pre-defined ANI radius","TCS_genomes_7_DRAM","o__Pseudomonadales",185,813,308,0,812,1,0,0,0,100,0.11,"Very low"
"121","TCS_genomes_7","Bacteria","Pseudomonadota","Gammaproteobacteria","Pseudomonadales","Pseudomonadaceae","Pseudomonas_E","","-","-","-","-","-","-","-","-","-","taxonomic classification defined by topology and ANI","classification based on placement in class-level tree","GCF_019145495.1, s__Pseudomonas_E azer...","97.66","0.9903","Genome not assigned to closest species as it falls outside its pre-defined ANI radius","TCS_genomes_7_DRAM","o__Pseudomonadales",185,813,308,0,809,3,0,1,0,100,1.46,"Low"
"122","TCS_genomes_7","Bacteria","Pseudomonadota","Gammaproteobacteria","Pseudomonadales","Pseudomonadaceae","Pseudomonas_E","","-","-","-","-","-","GCF_003851685.1","d__Bacteria;p__Pseudomonadota;c__Gammaproteobacteria;o__Pseudomonadales;f__Pseudomonadaceae;g__Pseudomonas_E;s__Pseudomonas_E sp003851685","94.48","0.862","taxonomic classification defined by topology and ANI","classification based on placement in class-level tree","GCF_003852235.1, s__Pseudomonas_E sp00...","92.08","0.99956","Genome not assigned to closest species as it falls outside its pre-defined ANI radius","TCS_genomes_7_DRAM","o__Pseudomonadales",185,813,308,0,780,32,1,0,0,100,5.36,"Medium"
"123","TCS_genomes_7","Bacteria","Pseudomonadota","Gammaproteobacteria","Pseudomonadales","Pseudomonadaceae","Pseudomonas_E","Pseudomonas_E alvandae","GCF_019141525.1","95","d__Bacteria;p__Pseudomonadota;c__Gammaproteobacteria;o__Pseudomonadales;f__Pseudomonadaceae;g__Pseudomonas_E;s__Pseudomonas_E alvandae","98.15","0.91","GCF_019141525.1","d__Bacteria;p__Pseudomonadota;c__Gammaproteobacteria;o__Pseudomonadales;f__Pseudomonadaceae;g__Pseudomonas_E;s__Pseudomonas_E alvandae","98.15","0.91","ani_screen","classification based on ANI only","GCF_013608025.1, s__Pseudomonas_E neoa...","93.43","-","-","TCS_genomes_7_DRAM","o__Pseudomonadales",185,813,308,0,780,32,1,0,0,100,5.36,"Medium"
"124","TCS_genomes_7","Bacteria","Pseudomonadota","Gammaproteobacteria","Pseudomonadales","Pseudomonadaceae","Pseudomonas_E","","-","-","-","-","-","-","-","-","-","taxonomic classification defined by topology and ANI","classification based on placement in class-level tree","GCF_900105485.1, s__Pseudomonas_E gran...","97.68","0.99977","Genome not assigned to closest species as it falls outside its pre-defined ANI radius","TCS_genomes_7_DRAM","o__Pseudomonadales",185,813,308,0,811,2,0,0,0,100,0.19,"Very low"
"125","TCS_genomes_7","Bacteria","Pseudomonadota","Gammaproteobacteria","Pseudomonadales","Pseudomonadaceae","Pseudomonas_E","Pseudomonas_E kilonensis","GCF_001269885.1","95","d__Bacteria;p__Pseudomonadota;c__Gammaproteobacteria;o__Pseudomonadales;f__Pseudomonadaceae;g__Pseudomonas_E;s__Pseudomonas_E kilonensis","96.3","0.885","GCF_001269885.1","d__Bacteria;p__Pseudomonadota;c__Gammaproteobacteria;o__Pseudomonadales;f__Pseudomonadaceae;g__Pseudomonas_E;s__Pseudomonas_E kilonensis","96.3","0.885","ani_screen","classification based on ANI only","GCF_008801605.1, s__Pseudomonas_E bras...","97.44","-","-","TCS_genomes_7_DRAM","o__Pseudomonadales",185,813,308,0,812,1,0,0,0,100,0.11,"Very low"
"126","TCS_genomes_8","Bacteria","Pseudomonadota","Gammaproteobacteria","Pseudomonadales","Pseudomonadaceae","Pseudomonas_E","Pseudomonas_E poae","GCF_001439785.1","95","d__Bacteria;p__Pseudomonadota;c__Gammaproteobacteria;o__Pseudomonadales;f__Pseudomonadaceae;g__Pseudomonas_E;s__Pseudomonas_E poae","98.78","0.929","GCF_001439785.1","d__Bacteria;p__Pseudomonadota;c__Gammaproteobacteria;o__Pseudomonadales;f__Pseudomonadaceae;g__Pseudomonas_E;s__Pseudomonas_E poae","98.78","0.929","ani_screen","classification based on ANI only","GCF_001439805.1, s__Pseudomonas_E triv...","97.6","-","-","TCS_genomes_8_DRAM","o__Pseudomonadales",185,813,308,0,812,1,0,0,0,100,0.11,"Very low"
"127","TCS_genomes_8","Bacteria","Pseudomonadota","Gammaproteobacteria","Pseudomonadales","Pseudomonadaceae","Pseudomonas_E","","-","-","-","-","-","GCF_019733355.1","d__Bacteria;p__Pseudomonadota;c__Gammaproteobacteria;o__Pseudomonadales;f__Pseudomonadaceae;g__Pseudomonas_E;s__Pseudomonas_E baetica_A","87.58","0.756","taxonomic classification defined by topology and ANI","classification based on placement in class-level tree","GCF_018336155.1, s__Pseudomonas_E rust...","97.7","0.99824","Genome not assigned to closest species as it falls outside its pre-defined ANI radius","TCS_genomes_8_DRAM","o__Pseudomonadales",185,813,308,0,811,2,0,0,0,100,0.22,"Very low"
"128","TCS_genomes_8","Bacteria","Pseudomonadota","Gammaproteobacteria","Enterobacterales","Enterobacteriaceae","Lelliottia","Lelliottia amnigena","GCA_900635465.1","95","d__Bacteria;p__Pseudomonadota;c__Gammaproteobacteria;o__Enterobacterales;f__Enterobacteriaceae;g__Lelliottia;s__Lelliottia amnigena","98.28","0.913","GCA_900635465.1","d__Bacteria;p__Pseudomonadota;c__Gammaproteobacteria;o__Enterobacterales;f__Enterobacteriaceae;g__Lelliottia;s__Lelliottia amnigena","98.28","0.913","ani_screen","classification based on ANI only","GCA_000016325.1, s__Lelliottia sp00001...","98.35","-","-","TCS_genomes_8_DRAM","f__Enterobacteriaceae",157,1005,324,1,1003,1,0,0,0,99.96,0.08,"Very low"
"129","TCS_genomes_8","Bacteria","Pseudomonadota","Gammaproteobacteria","Pseudomonadales","Pseudomonadaceae","Pseudomonas_E","Pseudomonas_E sp009764265","GCF_009764265.1","95","d__Bacteria;p__Pseudomonadota;c__Gammaproteobacteria;o__Pseudomonadales;f__Pseudomonadaceae;g__Pseudomonas_E;s__Pseudomonas_E sp009764265","95.42","0.865","GCF_009764265.1","d__Bacteria;p__Pseudomonadota;c__Gammaproteobacteria;o__Pseudomonadales;f__Pseudomonadaceae;g__Pseudomonas_E;s__Pseudomonas_E sp009764265","95.42","0.865","ani_screen","classification based on ANI only","GCF_019956575.1, s__Pseudomonas_E sp01...","97.7","-","-","TCS_genomes_8_DRAM","o__Pseudomonadales",185,813,308,1,810,2,0,0,0,99.84,0.14,"Very low"
"13","TCS_genomes_1","Bacteria","Pseudomonadota","Gammaproteobacteria","Pseudomonadales","Pseudomonadaceae","Pseudomonas_E","Pseudomonas_E moraviensis_B","GCF_004358055.1","96.0199","d__Bacteria;p__Pseudomonadota;c__Gammaproteobacteria;o__Pseudomonadales;f__Pseudomonadaceae;g__Pseudomonas_E;s__Pseudomonas_E moraviensis_B","96.95","0.918","GCF_004358055.1","d__Bacteria;p__Pseudomonadota;c__Gammaproteobacteria;o__Pseudomonadales;f__Pseudomonadaceae;g__Pseudomonas_E;s__Pseudomonas_E moraviensis_B","96.95","0.918","ani_screen","classification based on ANI only","GCF_004801935.1, s__Pseudomonas_E atac...","97.72","-","-","TCS_genomes_1_DRAM","o__Pseudomonadales",185,813,308,0,811,2,0,0,0,100,0.22,"Very low"
"130","TCS_genomes_8","Bacteria","Pseudomonadota","Gammaproteobacteria","Pseudomonadales","Moraxellaceae","Acinetobacter","Acinetobacter calcoaceticus_C","GCF_900520355.1","95","d__Bacteria;p__Pseudomonadota;c__Gammaproteobacteria;o__Pseudomonadales;f__Moraxellaceae;g__Acinetobacter;s__Acinetobacter calcoaceticus_C","96.25","0.895","GCF_900520355.1","d__Bacteria;p__Pseudomonadota;c__Gammaproteobacteria;o__Pseudomonadales;f__Moraxellaceae;g__Acinetobacter;s__Acinetobacter calcoaceticus_C","96.25","0.895","ani_screen","classification based on ANI only","GCF_000368965.1, s__Acinetobacter calc...","98.83","-","-","TCS_genomes_8_DRAM","c__Gammaproteobacteria",1164,275,174,0,275,0,0,0,0,100,0,"No detectable contamination"
"131","TCS_genomes_8","Bacteria","Pseudomonadota","Gammaproteobacteria","Pseudomonadales","Moraxellaceae","Acinetobacter","Acinetobacter calcoaceticus_C","GCF_900520355.1","95","d__Bacteria;p__Pseudomonadota;c__Gammaproteobacteria;o__Pseudomonadales;f__Moraxellaceae;g__Acinetobacter;s__Acinetobacter calcoaceticus_C","96.28","0.89","GCF_900520355.1","d__Bacteria;p__Pseudomonadota;c__Gammaproteobacteria;o__Pseudomonadales;f__Moraxellaceae;g__Acinetobacter;s__Acinetobacter calcoaceticus_C","96.28","0.89","ani_screen","classification based on ANI only","GCF_000368965.1, s__Acinetobacter calc...","98.83","-","-","TCS_genomes_8_DRAM","c__Gammaproteobacteria",1164,275,174,0,275,0,0,0,0,100,0,"No detectable contamination"
"132","TCS_genomes_8","Bacteria","Pseudomonadota","Gammaproteobacteria","Pseudomonadales","Pseudomonadaceae","Pseudomonas_E","Pseudomonas_E sp002878485","GCF_002878485.1","95","d__Bacteria;p__Pseudomonadota;c__Gammaproteobacteria;o__Pseudomonadales;f__Pseudomonadaceae;g__Pseudomonas_E;s__Pseudomonas_E sp002878485","99.22","0.921","GCF_002878485.1","d__Bacteria;p__Pseudomonadota;c__Gammaproteobacteria;o__Pseudomonadales;f__Pseudomonadaceae;g__Pseudomonas_E;s__Pseudomonas_E sp002878485","99.22","0.921","ani_screen","classification based on ANI only","GCF_000633255.1, s__Pseudomonas_E sp00...","97.72","-","-","TCS_genomes_8_DRAM","o__Pseudomonadales",185,813,308,0,811,2,0,0,0,100,0.22,"Very low"
"133","TCS_genomes_8","Bacteria","Pseudomonadota","Gammaproteobacteria","Pseudomonadales","Pseudomonadaceae","Pseudomonas_E","Pseudomonas_E sp009764645","GCF_009764645.1","95","d__Bacteria;p__Pseudomonadota;c__Gammaproteobacteria;o__Pseudomonadales;f__Pseudomonadaceae;g__Pseudomonas_E;s__Pseudomonas_E sp009764645","98.14","0.942","GCF_009764645.1","d__Bacteria;p__Pseudomonadota;c__Gammaproteobacteria;o__Pseudomonadales;f__Pseudomonadaceae;g__Pseudomonas_E;s__Pseudomonas_E sp009764645","98.14","0.942","ani_screen","classification based on ANI only","GCF_001297015.1, s__Pseudomonas_E sp00...","96.92","-","-","TCS_genomes_8_DRAM","o__Pseudomonadales",185,813,308,0,795,18,0,0,0,100,2.09,"Low"
"134","TCS_genomes_8","Bacteria","Pseudomonadota","Gammaproteobacteria","Pseudomonadales","Moraxellaceae","Acinetobacter","Acinetobacter calcoaceticus_C","GCF_900520355.1","95","d__Bacteria;p__Pseudomonadota;c__Gammaproteobacteria;o__Pseudomonadales;f__Moraxellaceae;g__Acinetobacter;s__Acinetobacter calcoaceticus_C","96.27","0.891","GCF_900520355.1","d__Bacteria;p__Pseudomonadota;c__Gammaproteobacteria;o__Pseudomonadales;f__Moraxellaceae;g__Acinetobacter;s__Acinetobacter calcoaceticus_C","96.27","0.891","ani_screen","classification based on ANI only","GCF_000368965.1, s__Acinetobacter calc...","97.97","-","-","TCS_genomes_8_DRAM","c__Gammaproteobacteria",1164,275,174,1,274,0,0,0,0,99.43,0,"No detectable contamination"
"135","TCS_genomes_8","Bacteria","Pseudomonadota","Gammaproteobacteria","Xanthomonadales","Xanthomonadaceae","Stenotrophomonas","","-","-","-","-","-","GCF_014836545.1","d__Bacteria;p__Pseudomonadota;c__Gammaproteobacteria;o__Xanthomonadales;f__Xanthomonadaceae;g__Stenotrophomonas;s__Stenotrophomonas pennii","92.74","0.876","taxonomic classification defined by topology and ANI","classification based on placement in class-level tree","GCF_001431535.1, s__Stenotrophomonas c...","98.43","0.99851","Genome not assigned to closest species as it falls outside its pre-defined ANI radius","TCS_genomes_8_DRAM","f__Xanthomonadaceae",55,659,290,1,657,1,0,0,0,99.83,0.04,"Very low"
"136","TCS_genomes_8","Bacteria","Pseudomonadota","Gammaproteobacteria","Pseudomonadales","Pseudomonadaceae","Pseudomonas_E","Pseudomonas_E sp002980155","GCF_019212185.1","95","d__Bacteria;p__Pseudomonadota;c__Gammaproteobacteria;o__Pseudomonadales;f__Pseudomonadaceae;g__Pseudomonas_E;s__Pseudomonas_E sp002980155","97.42","0.866","GCF_019212185.1","d__Bacteria;p__Pseudomonadota;c__Gammaproteobacteria;o__Pseudomonadales;f__Pseudomonadaceae;g__Pseudomonas_E;s__Pseudomonas_E sp002980155","97.42","0.866","ani_screen","classification based on ANI only","GCF_014236655.1, s__Pseudomonas_E kiel...","97.7","-","-","TCS_genomes_8_DRAM","o__Pseudomonadales",185,813,308,0,810,3,0,0,0,100,0.45,"Very low"
"137","TCS_genomes_8","Bacteria","Pseudomonadota","Gammaproteobacteria","Pseudomonadales","Pseudomonadaceae","Pseudomonas_E","","-","-","-","-","-","GCF_003732265.1","d__Bacteria;p__Pseudomonadota;c__Gammaproteobacteria;o__Pseudomonadales;f__Pseudomonadaceae;g__Pseudomonas_E;s__Pseudomonas_E brassicacearum_D","93.74","0.852","taxonomic classification defined by topology and ANI","classification based on placement in class-level tree","GCF_006438915.1, s__Pseudomonas_E arse...","97.86","0.99665","Genome not assigned to closest species as it falls outside its pre-defined ANI radius","TCS_genomes_8_DRAM","o__Pseudomonadales",185,813,308,0,812,1,0,0,0,100,0.11,"Very low"
"138","TCS_genomes_8","Bacteria","Pseudomonadota","Gammaproteobacteria","Pseudomonadales","Pseudomonadaceae","Pseudomonas_E","","-","-","-","-","-","GCF_015461845.1","d__Bacteria;p__Pseudomonadota;c__Gammaproteobacteria;o__Pseudomonadales;f__Pseudomonadaceae;g__Pseudomonas_E;s__Pseudomonas_E mucoides","93.5","0.84","taxonomic classification defined by topology and ANI","classification based on placement in class-level tree","GCF_003732265.1, s__Pseudomonas_E bras...","97.8","0.99668","Genome not assigned to closest species as it falls outside its pre-defined ANI radius","TCS_genomes_8_DRAM","o__Pseudomonadales",185,813,308,0,810,3,0,0,0,100,0.38,"Very low"
"139","TCS_genomes_8","Bacteria","Pseudomonadota","Gammaproteobacteria","Pseudomonadales","Pseudomonadaceae","Pseudomonas_E","Pseudomonas_E proteolytica","GCF_007858275.1","95","d__Bacteria;p__Pseudomonadota;c__Gammaproteobacteria;o__Pseudomonadales;f__Pseudomonadaceae;g__Pseudomonas_E;s__Pseudomonas_E proteolytica","98.48","0.908","GCF_007858275.1","d__Bacteria;p__Pseudomonadota;c__Gammaproteobacteria;o__Pseudomonadales;f__Pseudomonadaceae;g__Pseudomonas_E;s__Pseudomonas_E proteolytica","98.48","0.908","ani_screen","classification based on ANI only","GCF_016925675.1, s__Pseudomonas_E sp01...","96.98","-","-","TCS_genomes_8_DRAM","o__Pseudomonadales",185,813,308,0,811,2,0,0,0,100,0.22,"Very low"
"14","TCS_genomes_1","Bacteria","Pseudomonadota","Gammaproteobacteria","Pseudomonadales","Pseudomonadaceae","Pseudomonas_E","Pseudomonas_E sp003851685","GCF_003851685.1","95","d__Bacteria;p__Pseudomonadota;c__Gammaproteobacteria;o__Pseudomonadales;f__Pseudomonadaceae;g__Pseudomonas_E;s__Pseudomonas_E sp003851685","95.56","0.901","GCF_003851685.1","d__Bacteria;p__Pseudomonadota;c__Gammaproteobacteria;o__Pseudomonadales;f__Pseudomonadaceae;g__Pseudomonas_E;s__Pseudomonas_E sp003851685","95.56","0.901","ani_screen","classification based on ANI only","GCF_003852235.1, s__Pseudomonas_E sp00...","97","-","-","TCS_genomes_1_DRAM","o__Pseudomonadales",185,813,308,0,811,2,0,0,0,100,0.12,"Very low"
"140","TCS_genomes_8","Bacteria","Pseudomonadota","Gammaproteobacteria","Enterobacterales","Enterobacteriaceae","Serratia_J","Serratia_J proteamaculans_D","GCF_013337185.1","95","d__Bacteria;p__Pseudomonadota;c__Gammaproteobacteria;o__Enterobacterales;f__Enterobacteriaceae;g__Serratia_J;s__Serratia_J proteamaculans_D","98.74","0.965","GCF_013337185.1","d__Bacteria;p__Pseudomonadota;c__Gammaproteobacteria;o__Enterobacterales;f__Enterobacteriaceae;g__Serratia_J;s__Serratia_J proteamaculans_D","98.74","0.965","ani_screen","classification based on ANI only","GCF_900457075.1, s__Serratia_J quinivo...","98.21","-","-","TCS_genomes_8_DRAM","f__Enterobacteriaceae",55,546,224,0,545,1,0,0,0,100,0.03,"Very low"
"141","TCS_genomes_8","Bacteria","Pseudomonadota","Gammaproteobacteria","Pseudomonadales","Pseudomonadaceae","Stutzerimonas","","-","-","-","-","-","GCA_002387205.1","d__Bacteria;p__Pseudomonadota;c__Gammaproteobacteria;o__Pseudomonadales;f__Pseudomonadaceae;g__Stutzerimonas;s__Stutzerimonas stutzeri_N","81.28","0.627","taxonomic classification defined by topology and ANI","classification based on placement in class-level tree","GCA_004010935.1, s__Stutzerimonas sp00...","98.73","0.99043","Genome not assigned to closest species as it falls outside its pre-defined ANI radius","TCS_genomes_8_DRAM","c__Gammaproteobacteria",228,583,244,1,581,1,0,0,0,99.94,0.14,"Very low"
"142","TCS_genomes_8","Bacteria","Pseudomonadota","Gammaproteobacteria","Pseudomonadales","Pseudomonadaceae","Stutzerimonas","","-","-","-","-","-","GCA_002387205.1","d__Bacteria;p__Pseudomonadota;c__Gammaproteobacteria;o__Pseudomonadales;f__Pseudomonadaceae;g__Stutzerimonas;s__Stutzerimonas stutzeri_N","81.31","0.621","taxonomic classification defined by topology and ANI","classification based on placement in class-level tree","GCA_004010935.1, s__Stutzerimonas sp00...","98.73","0.99043","Genome not assigned to closest species as it falls outside its pre-defined ANI radius","TCS_genomes_8_DRAM","c__Gammaproteobacteria",228,583,244,1,581,1,0,0,0,99.94,0.14,"Very low"
"143","TCS_genomes_9","Bacteria","Pseudomonadota","Gammaproteobacteria","Pseudomonadales","Pseudomonadaceae","Stutzerimonas","","-","-","-","-","-","GCA_002387205.1","d__Bacteria;p__Pseudomonadota;c__Gammaproteobacteria;o__Pseudomonadales;f__Pseudomonadaceae;g__Stutzerimonas;s__Stutzerimonas stutzeri_N","81.25","0.623","taxonomic classification defined by topology and ANI","classification based on placement in class-level tree","GCA_004010935.1, s__Stutzerimonas sp00...","98.73","0.99043","Genome not assigned to closest species as it falls outside its pre-defined ANI radius","TCS_genomes_9_DRAM","c__Gammaproteobacteria",228,583,244,1,581,1,0,0,0,99.94,0.14,"Very low"
"144","TCS_genomes_9","Bacteria","Pseudomonadota","Gammaproteobacteria","Pseudomonadales","Pseudomonadaceae","Pseudomonas_E","","-","-","-","-","-","GCF_902497785.1","d__Bacteria;p__Pseudomonadota;c__Gammaproteobacteria;o__Pseudomonadales;f__Pseudomonadaceae;g__Pseudomonas_E;s__Pseudomonas_E fluorescens_BO","85.67","0.77","taxonomic classification defined by topology and ANI","classification based on placement in class-level tree","GCF_018502625.1, s__Pseudomonas_E fluo...","98.61","0.99103","Genome not assigned to closest species as it falls outside its pre-defined ANI radius","TCS_genomes_9_DRAM","o__Pseudomonadales",185,813,308,1,810,2,0,0,0,99.68,0.19,"Very low"
"145","TCS_genomes_9","Bacteria","Pseudomonadota","Gammaproteobacteria","Pseudomonadales","Pseudomonadaceae","Pseudomonas_E","","-","-","-","-","-","GCF_902497785.1","d__Bacteria;p__Pseudomonadota;c__Gammaproteobacteria;o__Pseudomonadales;f__Pseudomonadaceae;g__Pseudomonas_E;s__Pseudomonas_E fluorescens_BO","85.72","0.763","taxonomic classification defined by topology and ANI","classification based on placement in class-level tree","GCF_018502625.1, s__Pseudomonas_E fluo...","98.61","0.99103","Genome not assigned to closest species as it falls outside its pre-defined ANI radius","TCS_genomes_9_DRAM","o__Pseudomonadales",185,813,308,1,810,2,0,0,0,99.68,0.19,"Very low"
"146","TCS_genomes_9","Bacteria","Pseudomonadota","Gammaproteobacteria","Pseudomonadales","Pseudomonadaceae","Pseudomonas_E","","-","-","-","-","-","GCF_902497785.1","d__Bacteria;p__Pseudomonadota;c__Gammaproteobacteria;o__Pseudomonadales;f__Pseudomonadaceae;g__Pseudomonas_E;s__Pseudomonas_E fluorescens_BO","85.67","0.778","taxonomic classification defined by topology and ANI","classification based on placement in class-level tree","GCF_024169315.1, s__Pseudomonas_E migu...","98.59","0.99103","Genome not assigned to closest species as it falls outside its pre-defined ANI radius","TCS_genomes_9_DRAM","o__Pseudomonadales",185,813,308,1,811,1,0,0,0,99.68,0.11,"Very low"
"147","TCS_genomes_9","Bacteria","Pseudomonadota","Gammaproteobacteria","Pseudomonadales","Pseudomonadaceae","Pseudomonas_E","","-","-","-","-","-","GCF_902497785.1","d__Bacteria;p__Pseudomonadota;c__Gammaproteobacteria;o__Pseudomonadales;f__Pseudomonadaceae;g__Pseudomonas_E;s__Pseudomonas_E fluorescens_BO","85.79","0.755","taxonomic classification defined by topology and ANI","classification based on placement in class-level tree","GCF_018502625.1, s__Pseudomonas_E fluo...","98.61","0.99103","Genome not assigned to closest species as it falls outside its pre-defined ANI radius","TCS_genomes_9_DRAM","o__Pseudomonadales",185,813,308,1,810,2,0,0,0,99.68,0.19,"Very low"
"148","TCS_genomes_9","Bacteria","Pseudomonadota","Gammaproteobacteria","Pseudomonadales","Pseudomonadaceae","Pseudomonas_E","Pseudomonas_E sp012935755","GCF_012935755.1","95","d__Bacteria;p__Pseudomonadota;c__Gammaproteobacteria;o__Pseudomonadales;f__Pseudomonadaceae;g__Pseudomonas_E;s__Pseudomonas_E sp012935755","98.65","0.94","GCF_012935755.1","d__Bacteria;p__Pseudomonadota;c__Gammaproteobacteria;o__Pseudomonadales;f__Pseudomonadaceae;g__Pseudomonas_E;s__Pseudomonas_E sp012935755","98.65","0.94","ani_screen","classification based on ANI only","GCF_008370045.1, s__Pseudomonas_E sp00...","97.76","-","-","TCS_genomes_9_DRAM","o__Pseudomonadales",185,813,308,0,810,3,0,0,0,100,0.45,"Very low"
"149","TCS_genomes_9","Bacteria","Pseudomonadota","Gammaproteobacteria","Pseudomonadales","Pseudomonadaceae","Pseudomonas_E","","-","-","-","-","-","GCF_000585995.1","d__Bacteria;p__Pseudomonadota;c__Gammaproteobacteria;o__Pseudomonadales;f__Pseudomonadaceae;g__Pseudomonas_E;s__Pseudomonas_E brassicacearum_A","93.97","0.888","taxonomic classification defined by topology and ANI","classification based on placement in class-level tree","GCF_004786035.1, s__Pseudomonas_E vici...","97.56","0.99648","Genome not assigned to closest species as it falls outside its pre-defined ANI radius","TCS_genomes_9_DRAM","o__Pseudomonadales",185,813,308,0,811,2,0,0,0,100,0.15,"Very low"
"15","TCS_genomes_1","Bacteria","Pseudomonadota","Gammaproteobacteria","Pseudomonadales","Pseudomonadaceae","Pseudomonas_E","Pseudomonas_E sp003851685","GCF_003851685.1","95","d__Bacteria;p__Pseudomonadota;c__Gammaproteobacteria;o__Pseudomonadales;f__Pseudomonadaceae;g__Pseudomonas_E;s__Pseudomonas_E sp003851685","96.72","0.928","GCF_003851685.1","d__Bacteria;p__Pseudomonadota;c__Gammaproteobacteria;o__Pseudomonadales;f__Pseudomonadaceae;g__Pseudomonas_E;s__Pseudomonas_E sp003851685","96.72","0.928","ani_screen","classification based on ANI only","GCF_003852235.1, s__Pseudomonas_E sp00...","96.21","-","-","TCS_genomes_1_DRAM","o__Pseudomonadales",185,813,308,1,810,2,0,0,0,99.92,0.43,"Very low"
"150","TCS_genomes_9","Bacteria","Pseudomonadota","Gammaproteobacteria","Pseudomonadales","Pseudomonadaceae","Pseudomonas_E","","-","-","-","-","-","GCF_001976065.1","d__Bacteria;p__Pseudomonadota;c__Gammaproteobacteria;o__Pseudomonadales;f__Pseudomonadaceae;g__Pseudomonas_E;s__Pseudomonas_E putida_G","93.23","0.887","taxonomic classification defined by topology and ANI","classification based on placement in class-level tree","GCF_000282475.1, s__Pseudomonas_E sp00...","96.96","0.99711","Genome not assigned to closest species as it falls outside its pre-defined ANI radius","TCS_genomes_9_DRAM","o__Pseudomonadales",185,813,308,0,810,3,0,0,0,100,0.51,"Very low"
"151","TCS_genomes_9","Bacteria","Pseudomonadota","Gammaproteobacteria","Pseudomonadales","Pseudomonadaceae","Pseudomonas_E","Pseudomonas_E migulae_B","GCF_024169315.1","95","d__Bacteria;p__Pseudomonadota;c__Gammaproteobacteria;o__Pseudomonadales;f__Pseudomonadaceae;g__Pseudomonas_E;s__Pseudomonas_E migulae_B","98.89","0.949","GCF_024169315.1","d__Bacteria;p__Pseudomonadota;c__Gammaproteobacteria;o__Pseudomonadales;f__Pseudomonadaceae;g__Pseudomonas_E;s__Pseudomonas_E migulae_B","98.89","0.949","ani_screen","classification based on ANI only","GCF_018502625.1, s__Pseudomonas_E fluo...","97.78","-","-","TCS_genomes_9_DRAM","o__Pseudomonadales",185,813,308,0,806,7,0,0,0,100,0.68,"Very low"
"152","TCS_genomes_9","Bacteria","Bacteroidota","Bacteroidia","Flavobacteriales","Weeksellaceae","Chryseobacterium","","-","-","-","-","-","-","-","-","-","taxonomic classification defined by topology and ANI","classification based on placement in class-level tree","GCF_012927325.1, s__Chryseobacterium a...","97.7","0.99635","Genome not assigned to closest species as it falls outside its pre-defined ANI radius","TCS_genomes_9_DRAM","o__Flavobacteriales",123,324,204,0,322,2,0,0,0,100,0.74,"Very low"
"153","TCS_genomes_9","Bacteria","Pseudomonadota","Gammaproteobacteria","Pseudomonadales","Pseudomonadaceae","Pseudomonas_E","","-","-","-","-","-","GCF_001297125.1","d__Bacteria;p__Pseudomonadota;c__Gammaproteobacteria;o__Pseudomonadales;f__Pseudomonadaceae;g__Pseudomonas_E;s__Pseudomonas_E sp001297125","92.36","0.815","taxonomic classification defined by topology and ANI","classification based on placement in class-level tree","GCF_008369325.1, s__Pseudomonas_E sp00...","97.76","0.99685","Genome not assigned to closest species as it falls outside its pre-defined ANI radius","TCS_genomes_9_DRAM","o__Pseudomonadales",185,813,308,0,812,1,0,0,0,100,0.11,"Very low"
"154","TCS_genomes_9","Bacteria","Pseudomonadota","Gammaproteobacteria","Pseudomonadales","Pseudomonadaceae","Pseudomonas_E","","-","-","-","-","-","GCF_001297125.1","d__Bacteria;p__Pseudomonadota;c__Gammaproteobacteria;o__Pseudomonadales;f__Pseudomonadaceae;g__Pseudomonas_E;s__Pseudomonas_E sp001297125","92.39","0.817","taxonomic classification defined by topology and ANI","classification based on placement in class-level tree","GCF_008369325.1, s__Pseudomonas_E sp00...","97.76","0.99685","Genome not assigned to closest species as it falls outside its pre-defined ANI radius","TCS_genomes_9_DRAM","o__Pseudomonadales",185,813,308,0,812,1,0,0,0,100,0.11,"Very low"
"155","TCS_genomes_9","Bacteria","Pseudomonadota","Gammaproteobacteria","Pseudomonadales","Pseudomonadaceae","Pseudomonas_E","","-","-","-","-","-","GCF_001297125.1","d__Bacteria;p__Pseudomonadota;c__Gammaproteobacteria;o__Pseudomonadales;f__Pseudomonadaceae;g__Pseudomonas_E;s__Pseudomonas_E sp001297125","92.31","0.828","taxonomic classification defined by topology and ANI","classification based on placement in class-level tree","GCF_008369325.1, s__Pseudomonas_E sp00...","97.76","0.99685","Genome not assigned to closest species as it falls outside its pre-defined ANI radius","TCS_genomes_9_DRAM","o__Pseudomonadales",185,813,308,0,812,1,0,0,0,100,0.11,"Very low"
"156","TCS_genomes_9","Bacteria","Pseudomonadota","Gammaproteobacteria","Pseudomonadales","Pseudomonadaceae","Pseudomonas_E","Pseudomonas_E sp003851685","GCF_003851685.1","95","d__Bacteria;p__Pseudomonadota;c__Gammaproteobacteria;o__Pseudomonadales;f__Pseudomonadaceae;g__Pseudomonas_E;s__Pseudomonas_E sp003851685","96.39","0.882","GCF_003851685.1","d__Bacteria;p__Pseudomonadota;c__Gammaproteobacteria;o__Pseudomonadales;f__Pseudomonadaceae;g__Pseudomonas_E;s__Pseudomonas_E sp003851685","96.39","0.882","ani_screen","classification based on ANI only","GCF_003852235.1, s__Pseudomonas_E sp00...","95.35","-","-","TCS_genomes_9_DRAM","o__Pseudomonadales",185,813,308,0,736,76,1,0,0,100,10.36,"High"
"157","TCS_genomes_9","Bacteria","Pseudomonadota","Gammaproteobacteria","Pseudomonadales","Pseudomonadaceae","Pseudomonas_E","Pseudomonas_E sp003851685","GCF_003851685.1","95","d__Bacteria;p__Pseudomonadota;c__Gammaproteobacteria;o__Pseudomonadales;f__Pseudomonadaceae;g__Pseudomonas_E;s__Pseudomonas_E sp003851685","96.39","0.888","GCF_003851685.1","d__Bacteria;p__Pseudomonadota;c__Gammaproteobacteria;o__Pseudomonadales;f__Pseudomonadaceae;g__Pseudomonas_E;s__Pseudomonas_E sp003851685","96.39","0.888","ani_screen","classification based on ANI only","GCF_003852235.1, s__Pseudomonas_E sp00...","97.72","-","-","TCS_genomes_9_DRAM","o__Pseudomonadales",185,813,308,0,808,5,0,0,0,100,1.16,"Low"
"158","TCS_genomes_9","Bacteria","Pseudomonadota","Gammaproteobacteria","Pseudomonadales","Pseudomonadaceae","Pseudomonas_E","Pseudomonas_E sp003851685","GCF_003851685.1","95","d__Bacteria;p__Pseudomonadota;c__Gammaproteobacteria;o__Pseudomonadales;f__Pseudomonadaceae;g__Pseudomonas_E;s__Pseudomonas_E sp003851685","96.37","0.885","GCF_003851685.1","d__Bacteria;p__Pseudomonadota;c__Gammaproteobacteria;o__Pseudomonadales;f__Pseudomonadaceae;g__Pseudomonas_E;s__Pseudomonas_E sp003851685","96.37","0.885","ani_screen","classification based on ANI only","GCF_003852235.1, s__Pseudomonas_E sp00...","97","-","-","TCS_genomes_9_DRAM","o__Pseudomonadales",185,813,308,0,808,5,0,0,0,100,1.16,"Low"
"159","TCS_genomes_9","Bacteria","Pseudomonadota","Gammaproteobacteria","Pseudomonadales","Pseudomonadaceae","Pseudomonas_E","Pseudomonas_E sp003851685","GCF_003851685.1","95","d__Bacteria;p__Pseudomonadota;c__Gammaproteobacteria;o__Pseudomonadales;f__Pseudomonadaceae;g__Pseudomonas_E;s__Pseudomonas_E sp003851685","96.37","0.884","GCF_003851685.1","d__Bacteria;p__Pseudomonadota;c__Gammaproteobacteria;o__Pseudomonadales;f__Pseudomonadaceae;g__Pseudomonas_E;s__Pseudomonas_E sp003851685","96.37","0.884","ani_screen","classification based on ANI only","GCF_003852235.1, s__Pseudomonas_E sp00...","97","-","-","TCS_genomes_9_DRAM","o__Pseudomonadales",185,813,308,0,808,5,0,0,0,100,1.16,"Low"
"16","TCS_genomes_1","Bacteria","Pseudomonadota","Gammaproteobacteria","Pseudomonadales","Pseudomonadaceae","Pseudomonas_E","Pseudomonas_E sp003851685","GCF_003851685.1","95","d__Bacteria;p__Pseudomonadota;c__Gammaproteobacteria;o__Pseudomonadales;f__Pseudomonadaceae;g__Pseudomonas_E;s__Pseudomonas_E sp003851685","98.58","0.959","GCF_003851685.1","d__Bacteria;p__Pseudomonadota;c__Gammaproteobacteria;o__Pseudomonadales;f__Pseudomonadaceae;g__Pseudomonas_E;s__Pseudomonas_E sp003851685","98.58","0.959","ani_screen","classification based on ANI only","GCF_003852235.1, s__Pseudomonas_E sp00...","97.02","-","-","TCS_genomes_1_DRAM","o__Pseudomonadales",185,813,308,1,810,2,0,0,0,99.68,0.22,"Very low"
"160","TCS_genomes_9","Bacteria","Pseudomonadota","Gammaproteobacteria","Pseudomonadales","Pseudomonadaceae","Pseudomonas_E","Pseudomonas_E sp003851685","GCF_003851685.1","95","d__Bacteria;p__Pseudomonadota;c__Gammaproteobacteria;o__Pseudomonadales;f__Pseudomonadaceae;g__Pseudomonas_E;s__Pseudomonas_E sp003851685","96.37","0.887","GCF_003851685.1","d__Bacteria;p__Pseudomonadota;c__Gammaproteobacteria;o__Pseudomonadales;f__Pseudomonadaceae;g__Pseudomonas_E;s__Pseudomonas_E sp003851685","96.37","0.887","ani_screen","classification based on ANI only","GCF_003852235.1, s__Pseudomonas_E sp00...","97","-","-","TCS_genomes_9_DRAM","o__Pseudomonadales",185,813,308,0,808,5,0,0,0,100,1.16,"Low"
"161","TCS_genomes_10","Bacteria","Proteobacteria","Gammaproteobacteria","Pseudomonadales","Pseudomonadaceae","Pseudomonas_E","","-","-","-","-","-","GCF_902497785.1","d__Bacteria;p__Proteobacteria;c__Gammaproteobacteria;o__Pseudomonadales;f__Pseudomonadaceae;g__Pseudomonas_E;s__Pseudomonas_E fluorescens_BO","86.97","0.77","taxonomic classification defined by topology and ANI","-","GCF_000282415.1, s__Pseudomonas_E sp00...","97.08","0.9966897473","Genome not assigned to closest species as it falls outside its pre-defined ANI radius","TCS_genomes_10_DRAM","o__Pseudomonadales",185,813,308,0,808,5,0,0,0,100,0.52,"Very low"
"162","TCS_genomes_10","Bacteria","Proteobacteria","Gammaproteobacteria","Pseudomonadales","Pseudomonadaceae","Pseudomonas_E","","-","-","-","-","-","GCF_001297125.1","d__Bacteria;p__Proteobacteria;c__Gammaproteobacteria;o__Pseudomonadales;f__Pseudomonadaceae;g__Pseudomonas_E;s__Pseudomonas_E sp001297125","92.76","0.8","taxonomic classification defined by topology and ANI","-","GCF_008369325.1, s__Pseudomonas_E sp00...","98.39","0.9956360223","Genome not assigned to closest species as it falls outside its pre-defined ANI radius","TCS_genomes_10_DRAM","o__Pseudomonadales",185,813,308,0,812,1,0,0,0,100,0.11,"Very low"
"163","TCS_genomes_10","Bacteria","Proteobacteria","Gammaproteobacteria","Pseudomonadales","Pseudomonadaceae","Pseudomonas_E","","-","-","-","-","-","GCF_000585995.1","d__Bacteria;p__Proteobacteria;c__Gammaproteobacteria;o__Pseudomonadales;f__Pseudomonadaceae;g__Pseudomonas_E;s__Pseudomonas_E brassicacearum_A","94","0.86","taxonomic classification defined by topology and ANI","-","GCF_004786035.1, s__Pseudomonas_E sp00...","96.92","0.9983247299","Genome not assigned to closest species as it falls outside its pre-defined ANI radius","TCS_genomes_10_DRAM","o__Pseudomonadales",185,813,308,0,808,5,0,0,0,100,0.71,"Very low"
"164","TCS_genomes_10","Bacteria","Proteobacteria","Gammaproteobacteria","Pseudomonadales","Pseudomonadaceae","Pseudomonas_E","Pseudomonas_E kilonensis","GCF_001269885.1","95","d__Bacteria;p__Proteobacteria;c__Gammaproteobacteria;o__Pseudomonadales;f__Pseudomonadaceae;g__Pseudomonas_E;s__Pseudomonas_E kilonensis","98.79","0.94","GCF_001269885.1","d__Bacteria;p__Proteobacteria;c__Gammaproteobacteria;o__Pseudomonadales;f__Pseudomonadaceae;g__Pseudomonas_E;s__Pseudomonas_E kilonensis","98.79","0.94","taxonomic classification defined by topology and ANI","topological placement and ANI have congruent species assignments","GCF_008801605.1, s__Pseudomonas_E bras...","96.88","-","-","TCS_genomes_10_DRAM","o__Pseudomonadales",185,813,308,0,808,5,0,0,0,100,0.45,"Very low"
"165","TCS_genomes_10","Bacteria","Proteobacteria","Gammaproteobacteria","Xanthomonadales","Xanthomonadaceae","Stenotrophomonas","Stenotrophomonas rhizophila","GCF_000661955.1","95","d__Bacteria;p__Proteobacteria;c__Gammaproteobacteria;o__Xanthomonadales;f__Xanthomonadaceae;g__Stenotrophomonas;s__Stenotrophomonas rhizophila","98.26","0.92","GCF_000661955.1","d__Bacteria;p__Proteobacteria;c__Gammaproteobacteria;o__Xanthomonadales;f__Xanthomonadaceae;g__Stenotrophomonas;s__Stenotrophomonas rhizophila","98.26","0.92","taxonomic classification defined by topology and ANI","topological placement and ANI have congruent species assignments","GCF_009832905.1, s__Stenotrophomonas m...","97.58","-","-","TCS_genomes_10_DRAM","f__Xanthomonadaceae",55,659,290,0,657,2,0,0,0,100,0.13,"Very low"
"166","TCS_genomes_10","Bacteria","Proteobacteria","Gammaproteobacteria","Pseudomonadales","Pseudomonadaceae","Pseudomonas_E","","-","-","-","-","-","-","-","-","-","taxonomic classification defined by topology and ANI","-","GCF_012986595.1, s__Pseudomonas_E kore...","98.61","0.9995309647","Genome not assigned to closest species as it falls outside its pre-defined ANI radius","TCS_genomes_10_DRAM","o__Pseudomonadales",185,813,308,0,811,2,0,0,0,100,0.22,"Very low"
"167","TCS_genomes_10","Bacteria","Proteobacteria","Gammaproteobacteria","Pseudomonadales","Pseudomonadaceae","Pseudomonas_E","Pseudomonas_E sp001952855","GCF_001952855.1","95","d__Bacteria;p__Proteobacteria;c__Gammaproteobacteria;o__Pseudomonadales;f__Pseudomonadaceae;g__Pseudomonas_E;s__Pseudomonas_E sp001952855","98.49","0.9","GCF_000346775.1","d__Bacteria;p__Proteobacteria;c__Gammaproteobacteria;o__Pseudomonadales;f__Pseudomonadaceae;g__Pseudomonas_E;s__Pseudomonas_E fluorescens_T","83.7","0.68","ANI","topological placement and ANI have incongruent species assignments","GCF_900105735.1, s__Pseudomonas_E yama...","10.9","-","Genome has more than 87.5% of markers with multiple hits;Genome domain questionable ( 11.7% Bacterial, 2.5% Archaeal)","TCS_genomes_10_DRAM","k__Bacteria",5449,103,57,0,16,86,1,0,0,100,96.55,"Very high"
"168","TCS_genomes_10","Bacteria","Proteobacteria","Gammaproteobacteria","Pseudomonadales","Pseudomonadaceae","Pseudomonas_E","","-","-","-","-","-","-","-","-","-","taxonomic classification defined by topology and ANI","-","GCF_012986595.1, s__Pseudomonas_E kore...","98.61","0.9995309647","Genome not assigned to closest species as it falls outside its pre-defined ANI radius","TCS_genomes_10_DRAM","o__Pseudomonadales",185,813,308,0,811,2,0,0,0,100,0.22,"Very low"
"169","TCS_genomes_10","Bacteria","Proteobacteria","Gammaproteobacteria","Pseudomonadales","Pseudomonadaceae","Pseudomonas_E","Pseudomonas_E sp001952855","GCF_001952855.1","95","d__Bacteria;p__Proteobacteria;c__Gammaproteobacteria;o__Pseudomonadales;f__Pseudomonadaceae;g__Pseudomonas_E;s__Pseudomonas_E sp001952855","98.68","0.94","GCF_001952855.1","d__Bacteria;p__Proteobacteria;c__Gammaproteobacteria;o__Pseudomonadales;f__Pseudomonadaceae;g__Pseudomonas_E;s__Pseudomonas_E sp001952855","98.68","0.94","taxonomic classification defined by topology and ANI","topological placement and ANI have congruent species assignments","GCF_900105735.1, s__Pseudomonas_E yama...","97.78","-","-","TCS_genomes_10_DRAM","o__Pseudomonadales",185,813,308,0,810,3,0,0,0,100,0.38,"Very low"
"17","TCS_genomes_1","Bacteria","Pseudomonadota","Gammaproteobacteria","Pseudomonadales","Pseudomonadaceae","Pseudomonas_E","Pseudomonas_E sp003851685","GCF_003851685.1","95","d__Bacteria;p__Pseudomonadota;c__Gammaproteobacteria;o__Pseudomonadales;f__Pseudomonadaceae;g__Pseudomonas_E;s__Pseudomonas_E sp003851685","96.73","0.928","GCF_003851685.1","d__Bacteria;p__Pseudomonadota;c__Gammaproteobacteria;o__Pseudomonadales;f__Pseudomonadaceae;g__Pseudomonas_E;s__Pseudomonas_E sp003851685","96.73","0.928","ani_screen","classification based on ANI only","GCF_003852235.1, s__Pseudomonas_E sp00...","96.21","-","-","TCS_genomes_1_DRAM","o__Pseudomonadales",185,813,308,1,810,2,0,0,0,99.92,0.43,"Very low"
"170","TCS_genomes_10","Bacteria","Proteobacteria","Gammaproteobacteria","Pseudomonadales","Pseudomonadaceae","Pseudomonas_E","Pseudomonas_E sp002840155","GCA_002840155.1","95","d__Bacteria;p__Proteobacteria;c__Gammaproteobacteria;o__Pseudomonadales;f__Pseudomonadaceae;g__Pseudomonas_E;s__Pseudomonas_E sp002840155","96.28","0.92","GCA_002840155.1","d__Bacteria;p__Proteobacteria;c__Gammaproteobacteria;o__Pseudomonadales;f__Pseudomonadaceae;g__Pseudomonas_E;s__Pseudomonas_E sp002840155","96.28","0.92","taxonomic classification defined by topology and ANI","topological placement and ANI have congruent species assignments","GCF_900105355.1, s__Pseudomonas_E angu...","98.67","-","-","TCS_genomes_10_DRAM","o__Pseudomonadales",185,813,308,0,809,4,0,0,0,100,0.49,"Very low"
"171","TCS_genomes_10","Bacteria","Proteobacteria","Gammaproteobacteria","Enterobacterales","Aeromonadaceae","Aeromonas","Aeromonas rivipollensis","GCF_010974825.1","95","d__Bacteria;p__Proteobacteria;c__Gammaproteobacteria;o__Enterobacterales;f__Aeromonadaceae;g__Aeromonas;s__Aeromonas rivipollensis","97.57","0.91","GCF_010974825.1","d__Bacteria;p__Proteobacteria;c__Gammaproteobacteria;o__Enterobacterales;f__Aeromonadaceae;g__Aeromonas;s__Aeromonas rivipollensis","97.57","0.91","taxonomic classification defined by topology and ANI","topological placement and ANI have congruent species assignments","GCF_000819985.1, s__Aeromonas media, 9...","98.63","-","-","TCS_genomes_10_DRAM","c__Gammaproteobacteria",899,312,185,1,311,0,0,0,0,99.97,0,"No detectable contamination"
"172","TCS_genomes_10","Bacteria","Proteobacteria","Gammaproteobacteria","Enterobacterales","Shewanellaceae","Shewanella","Shewanella sp002966515","GCF_002966515.1","95","d__Bacteria;p__Proteobacteria;c__Gammaproteobacteria;o__Enterobacterales;f__Shewanellaceae;g__Shewanella;s__Shewanella sp002966515","97.28","0.89","GCF_002966515.1","d__Bacteria;p__Proteobacteria;c__Gammaproteobacteria;o__Enterobacterales;f__Shewanellaceae;g__Shewanella;s__Shewanella sp002966515","97.28","0.89","taxonomic classification defined by topology and ANI","topological placement and ANI have congruent species assignments","GCF_002838165.1, s__Shewanella sp00283...","98.53","-","-","TCS_genomes_10_DRAM","o__Alteromonadales",30,868,324,2,861,4,1,0,0,99.84,1.07,"Low"
"173","TCS_genomes_10","Bacteria","Proteobacteria","Gammaproteobacteria","Pseudomonadales","Pseudomonadaceae","Pseudomonas_E","","-","-","-","-","-","-","-","-","-","taxonomic classification defined by topology and ANI","-","GCF_001308855.1, s__Pseudomonas_E sp00...","97.8","0.9962062225","Genome not assigned to closest species as it falls outside its pre-defined ANI radius","TCS_genomes_10_DRAM","o__Pseudomonadales",185,813,308,0,811,2,0,0,0,100,0.13,"Very low"
"174","TCS_genomes_10","Bacteria","Proteobacteria","Gammaproteobacteria","Pseudomonadales","Pseudomonadaceae","Pseudomonas_E","","-","-","-","-","-","GCF_001297125.1","d__Bacteria;p__Proteobacteria;c__Gammaproteobacteria;o__Pseudomonadales;f__Pseudomonadaceae;g__Pseudomonas_E;s__Pseudomonas_E sp001297125","93.47","0.78","taxonomic classification defined by topology and ANI","-","GCF_900187425.1, s__Pseudomonas_E sp90...","98.69","0.9950577122","Genome not assigned to closest species as it falls outside its pre-defined ANI radius","TCS_genomes_10_DRAM","o__Pseudomonadales",185,813,308,0,809,4,0,0,0,100,0.36,"Very low"
"175","TCS_genomes_10","Bacteria","Proteobacteria","Gammaproteobacteria","Pseudomonadales","Pseudomonadaceae","Pseudomonas_E","","-","-","-","-","-","-","-","-","-","taxonomic classification defined by topology and ANI","-","GCF_012935755.1, s__Pseudomonas_E sp01...","97.84","0.9986487895","Genome not assigned to closest species as it falls outside its pre-defined ANI radius","TCS_genomes_10_DRAM","o__Pseudomonadales",185,813,308,0,811,2,0,0,0,100,0.22,"Very low"
"176","TCS_genomes_10","Bacteria","Proteobacteria","Gammaproteobacteria","Pseudomonadales","Pseudomonadaceae","Pseudomonas_E","Pseudomonas_E sp003852235","GCF_003852235.1","95","d__Bacteria;p__Proteobacteria;c__Gammaproteobacteria;o__Pseudomonadales;f__Pseudomonadaceae;g__Pseudomonas_E;s__Pseudomonas_E sp003852235","97.06","0.88","GCF_003852235.1","d__Bacteria;p__Proteobacteria;c__Gammaproteobacteria;o__Pseudomonadales;f__Pseudomonadaceae;g__Pseudomonas_E;s__Pseudomonas_E sp003852235","97.06","0.88","taxonomic classification defined by topology and ANI","topological placement and ANI have congruent species assignments","GCF_003851685.1, s__Pseudomonas_E sp00...","97.76","-","-","TCS_genomes_10_DRAM","o__Pseudomonadales",185,813,308,0,811,2,0,0,0,100,0.22,"Very low"
"177","TCS_genomes_10","Bacteria","Proteobacteria","Gammaproteobacteria","Pseudomonadales","Pseudomonadaceae","Pseudomonas_E","Pseudomonas_E cedrina","GCF_001983175.1","95","d__Bacteria;p__Proteobacteria;c__Gammaproteobacteria;o__Pseudomonadales;f__Pseudomonadaceae;g__Pseudomonas_E;s__Pseudomonas_E cedrina","97.3","0.92","GCF_001983175.1","d__Bacteria;p__Proteobacteria;c__Gammaproteobacteria;o__Pseudomonadales;f__Pseudomonadaceae;g__Pseudomonas_E;s__Pseudomonas_E cedrina","97.3","0.92","taxonomic classification defined by topology and ANI","topological placement and ANI have congruent species assignments","GCF_012844475.1, s__Pseudomonas_E sp01...","97.8","-","-","TCS_genomes_10_DRAM","o__Pseudomonadales",185,813,308,0,811,2,0,0,0,100,0.22,"Very low"
"178","TCS_genomes_10","Bacteria","Proteobacteria","Gammaproteobacteria","Pseudomonadales","Pseudomonadaceae","Pseudomonas_E","Pseudomonas_E fluorescens_AO","GCF_000817895.1","95","d__Bacteria;p__Proteobacteria;c__Gammaproteobacteria;o__Pseudomonadales;f__Pseudomonadaceae;g__Pseudomonas_E;s__Pseudomonas_E fluorescens_AO","97.74","0.94","GCF_000817895.1","d__Bacteria;p__Proteobacteria;c__Gammaproteobacteria;o__Pseudomonadales;f__Pseudomonadaceae;g__Pseudomonas_E;s__Pseudomonas_E fluorescens_AO","97.74","0.94","taxonomic classification defined by topology and ANI","topological placement and ANI have congruent species assignments","GCF_005233515.1, s__Pseudomonas_E sp00...","97.88","-","-","TCS_genomes_10_DRAM","o__Pseudomonadales",185,813,308,0,811,2,0,0,0,100,0.16,"Very low"
"179","TCS_genomes_11","Bacteria","Pseudomonadota","Gammaproteobacteria","Pseudomonadales","Pseudomonadaceae","Pseudomonas_E","","-","-","-","-","-","GCF_001984065.1","d__Bacteria;p__Pseudomonadota;c__Gammaproteobacteria;o__Pseudomonadales;f__Pseudomonadaceae;g__Pseudomonas_E;s__Pseudomonas_E sp001984065","91.87","0.848","taxonomic classification defined by topology and ANI","classification based on placement in class-level tree","GCF_902498195.1, s__Pseudomonas_E fluo...","96.78","0.99746","Genome not assigned to closest species as it falls outside its pre-defined ANI radius","TCS_genomes_11_DRAM","o__Pseudomonadales",185,813,308,1,810,2,0,0,0,99.98,0.43,"Very low"
"18","TCS_genomes_1","Bacteria","Pseudomonadota","Gammaproteobacteria","Pseudomonadales","Pseudomonadaceae","Pseudomonas_E","Pseudomonas_E sp009764265","GCF_009764265.1","95","d__Bacteria;p__Pseudomonadota;c__Gammaproteobacteria;o__Pseudomonadales;f__Pseudomonadaceae;g__Pseudomonas_E;s__Pseudomonas_E sp009764265","95.58","0.865","GCF_009764265.1","d__Bacteria;p__Pseudomonadota;c__Gammaproteobacteria;o__Pseudomonadales;f__Pseudomonadaceae;g__Pseudomonas_E;s__Pseudomonas_E sp009764265","95.58","0.865","ani_screen","classification based on ANI only","GCF_019956575.1, s__Pseudomonas_E sp01...","97.7","-","-","TCS_genomes_1_DRAM","o__Pseudomonadales",185,813,308,0,811,2,0,0,0,100,0.14,"Very low"
"180","TCS_genomes_11","Bacteria","Pseudomonadota","Gammaproteobacteria","Pseudomonadales","Pseudomonadaceae","Pseudomonas_E","","-","-","-","-","-","GCF_010095445.2","d__Bacteria;p__Pseudomonadota;c__Gammaproteobacteria;o__Pseudomonadales;f__Pseudomonadaceae;g__Pseudomonas_E;s__Pseudomonas_E sp010095445","93.48","0.868","taxonomic classification defined by topology and ANI","classification based on placement in class-level tree","GCF_900187425.1, s__Pseudomonas_E sp90...","97.78","0.9975","Genome not assigned to closest species as it falls outside its pre-defined ANI radius","TCS_genomes_11_DRAM","o__Pseudomonadales",185,813,308,0,812,1,0,0,0,100,0.11,"Very low"
"181","TCS_genomes_11","Bacteria","Pseudomonadota","Gammaproteobacteria","Enterobacterales","Enterobacteriaceae","Pantoea","Pantoea sp900115075","GCF_900115075.1","95","d__Bacteria;p__Pseudomonadota;c__Gammaproteobacteria;o__Enterobacterales;f__Enterobacteriaceae;g__Pantoea;s__Pantoea sp900115075","96.38","0.792","-","-","-","-","ani_screen","classification based on ANI only","-","-","-","Insufficient number of amino acids in MSA (2.5%)","TCS_genomes_11_DRAM","k__Bacteria",5449,103,57,0,2,99,2,0,0,100,102.12,"Very high"
"182","TCS_genomes_11","Bacteria","Pseudomonadota","Gammaproteobacteria","Pseudomonadales","Pseudomonadaceae","Pseudomonas_E","Pseudomonas_E yamanorum","GCF_900105735.1","95","d__Bacteria;p__Pseudomonadota;c__Gammaproteobacteria;o__Pseudomonadales;f__Pseudomonadaceae;g__Pseudomonas_E;s__Pseudomonas_E yamanorum","98.85","0.956","GCF_900105735.1","d__Bacteria;p__Pseudomonadota;c__Gammaproteobacteria;o__Pseudomonadales;f__Pseudomonadaceae;g__Pseudomonas_E;s__Pseudomonas_E yamanorum","98.85","0.956","ani_screen","classification based on ANI only","GCF_001952855.1, s__Pseudomonas_E sp00...","96.76","-","-","TCS_genomes_11_DRAM","o__Pseudomonadales",185,813,308,0,811,2,0,0,0,100,0.22,"Very low"
"183","TCS_genomes_11","Bacteria","Pseudomonadota","Gammaproteobacteria","Pseudomonadales","Pseudomonadaceae","Pseudomonas_E","","-","-","-","-","-","GCF_001870435.1","d__Bacteria;p__Pseudomonadota;c__Gammaproteobacteria;o__Pseudomonadales;f__Pseudomonadaceae;g__Pseudomonas_E;s__Pseudomonas_E costantinii","89.28","0.765","taxonomic classification defined by topology and ANI","classification based on placement in class-level tree","GCF_002022275.1, s__Pseudomonas_E fluo...","97.54","0.99696","Genome not assigned to closest species as it falls outside its pre-defined ANI radius","TCS_genomes_11_DRAM","o__Pseudomonadales",185,813,308,0,804,9,0,0,0,100,0.82,"Very low"
"184","TCS_genomes_11","Bacteria","Pseudomonadota","Gammaproteobacteria","Pseudomonadales","Pseudomonadaceae","Pseudomonas_E","Pseudomonas_E cedrina","GCF_001983175.1","95","d__Bacteria;p__Pseudomonadota;c__Gammaproteobacteria;o__Pseudomonadales;f__Pseudomonadaceae;g__Pseudomonas_E;s__Pseudomonas_E cedrina","96.95","0.861","-","-","-","-","ani_screen","classification based on ANI only","-","-","-","Insufficient number of amino acids in MSA (9.3%)","TCS_genomes_11_DRAM","k__Bacteria",5449,103,57,2,15,86,0,0,0,98.09,95.5,"Very high"
"185","TCS_genomes_11","Bacteria","Pseudomonadota","Gammaproteobacteria","Pseudomonadales","Pseudomonadaceae","Pseudomonas_E","","-","-","-","-","-","GCF_001297125.1","d__Bacteria;p__Pseudomonadota;c__Gammaproteobacteria;o__Pseudomonadales;f__Pseudomonadaceae;g__Pseudomonas_E;s__Pseudomonas_E sp001297125","93.45","0.8","taxonomic classification defined by topology and ANI","classification based on placement in class-level tree","GCF_008369325.1, s__Pseudomonas_E sp00...","98.67","0.99616","Genome not assigned to closest species as it falls outside its pre-defined ANI radius","TCS_genomes_11_DRAM","o__Pseudomonadales",185,813,308,0,798,15,0,0,0,100,1.77,"Low"
"186","TCS_genomes_11","Bacteria","Pseudomonadota","Gammaproteobacteria","Pseudomonadales","Pseudomonadaceae","Pseudomonas_E","","-","-","-","-","-","GCF_001297125.1","d__Bacteria;p__Pseudomonadota;c__Gammaproteobacteria;o__Pseudomonadales;f__Pseudomonadaceae;g__Pseudomonas_E;s__Pseudomonas_E sp001297125","93.58","0.807","taxonomic classification defined by topology and ANI","classification based on placement in class-level tree","GCF_008369325.1, s__Pseudomonas_E sp00...","98.67","0.99641","Genome not assigned to closest species as it falls outside its pre-defined ANI radius","TCS_genomes_11_DRAM","o__Pseudomonadales",185,813,308,0,808,5,0,0,0,100,0.41,"Very low"
"187","TCS_genomes_11","Bacteria","Pseudomonadota","Gammaproteobacteria","Pseudomonadales","Pseudomonadaceae","Pseudomonas_E","","-","-","-","-","-","-","-","-","-","taxonomic classification defined by topology and ANI","classification based on placement in class-level tree","GCF_003151075.1, s__Pseudomonas_E sp00...","97.84","0.99027","Genome not assigned to closest species as it falls outside its pre-defined ANI radius","TCS_genomes_11_DRAM","o__Pseudomonadales",185,813,308,0,811,2,0,0,0,100,0.27,"Very low"
"188","TCS_genomes_11","Bacteria","Pseudomonadota","Gammaproteobacteria","Pseudomonadales","Pseudomonadaceae","Pseudomonas_E","","-","-","-","-","-","GCF_021605415.1","d__Bacteria;p__Pseudomonadota;c__Gammaproteobacteria;o__Pseudomonadales;f__Pseudomonadaceae;g__Pseudomonas_E;s__Pseudomonas_E syringae_S","88.98","0.838","taxonomic classification defined by topology and ANI","classification based on placement in class-level tree","GCF_021601625.1, s__Pseudomonas_E para...","97.7","0.99594","Genome not assigned to closest species as it falls outside its pre-defined ANI radius","TCS_genomes_11_DRAM","o__Pseudomonadales",185,813,308,0,811,2,0,0,0,100,0.43,"Very low"
"189","TCS_genomes_11","Bacteria","Pseudomonadota","Gammaproteobacteria","Pseudomonadales","Pseudomonadaceae","Pseudomonas_E","","-","-","-","-","-","GCF_021605415.1","d__Bacteria;p__Pseudomonadota;c__Gammaproteobacteria;o__Pseudomonadales;f__Pseudomonadaceae;g__Pseudomonas_E;s__Pseudomonas_E syringae_S","89.01","0.834","taxonomic classification defined by topology and ANI","classification based on placement in class-level tree","GCF_021602345.1, s__Pseudomonas_E phar...","97.7","0.99594","Genome not assigned to closest species as it falls outside its pre-defined ANI radius","TCS_genomes_11_DRAM","o__Pseudomonadales",185,813,308,0,811,2,0,0,0,100,0.43,"Very low"
"19","TCS_genomes_2","Bacteria","Pseudomonadota","Gammaproteobacteria","Pseudomonadales","Pseudomonadaceae","Pseudomonas_E","Pseudomonas_E sp016651305","GCF_016651305.1","95","d__Bacteria;p__Pseudomonadota;c__Gammaproteobacteria;o__Pseudomonadales;f__Pseudomonadaceae;g__Pseudomonas_E;s__Pseudomonas_E sp016651305","95.61","0.884","GCF_016651305.1","d__Bacteria;p__Pseudomonadota;c__Gammaproteobacteria;o__Pseudomonadales;f__Pseudomonadaceae;g__Pseudomonas_E;s__Pseudomonas_E sp016651305","95.61","0.884","ani_screen","classification based on ANI only","GCF_018326005.1, s__Pseudomonas_E sp00...","97.76","-","-","TCS_genomes_2_DRAM","o__Pseudomonadales",185,813,308,1,811,1,0,0,0,99.68,0.11,"Very low"
"190","TCS_genomes_11","Bacteria","Pseudomonadota","Gammaproteobacteria","Pseudomonadales","Pseudomonadaceae","Pseudomonas_E","","-","-","-","-","-","GCF_003851685.1","d__Bacteria;p__Pseudomonadota;c__Gammaproteobacteria;o__Pseudomonadales;f__Pseudomonadaceae;g__Pseudomonas_E;s__Pseudomonas_E sp003851685","94.55","0.894","taxonomic classification defined by topology and ANI","classification based on placement in class-level tree","GCF_003852235.1, s__Pseudomonas_E sp00...","97.04","0.99961","Genome not assigned to closest species as it falls outside its pre-defined ANI radius","TCS_genomes_11_DRAM","o__Pseudomonadales",185,813,308,0,808,5,0,0,0,100,0.28,"Very low"
"191","TCS_genomes_11","Bacteria","Pseudomonadota","Gammaproteobacteria","Enterobacterales","Enterobacteriaceae","Pantoea","Pantoea sp900115075","GCF_900115075.1","95","d__Bacteria;p__Pseudomonadota;c__Gammaproteobacteria;o__Enterobacterales;f__Enterobacteriaceae;g__Pantoea;s__Pantoea sp900115075","96.5","0.921","GCF_900115075.1","d__Bacteria;p__Pseudomonadota;c__Gammaproteobacteria;o__Enterobacterales;f__Enterobacteriaceae;g__Pantoea;s__Pantoea sp900115075","96.5","0.921","ani_screen","classification based on ANI only","GCF_013415305.1, s__Pantoea sp00241993...","98.59","-","-","TCS_genomes_11_DRAM","f__Enterobacteriaceae",223,876,305,0,873,3,0,0,0,100,0.41,"Very low"
"192","TCS_genomes_11","Bacteria","Pseudomonadota","Gammaproteobacteria","Pseudomonadales","Pseudomonadaceae","Pseudomonas_E","","-","-","-","-","-","-","-","-","-","taxonomic classification defined by topology and ANI","classification based on placement in class-level tree","GCF_900105485.1, s__Pseudomonas_E gran...","97.72","0.99978","Genome not assigned to closest species as it falls outside its pre-defined ANI radius","TCS_genomes_11_DRAM","o__Pseudomonadales",185,813,308,0,812,1,0,0,0,100,0.11,"Very low"
"193","TCS_genomes_11","Bacteria","Pseudomonadota","Gammaproteobacteria","Pseudomonadales","Pseudomonadaceae","Pseudomonas_E","","-","-","-","-","-","GCF_021605415.1","d__Bacteria;p__Pseudomonadota;c__Gammaproteobacteria;o__Pseudomonadales;f__Pseudomonadaceae;g__Pseudomonas_E;s__Pseudomonas_E syringae_S","89.28","0.858","taxonomic classification defined by topology and ANI","classification based on placement in class-level tree","GCF_021018765.1, s__Pseudomonas_E sp02...","97.7","0.99646","Genome not assigned to closest species as it falls outside its pre-defined ANI radius","TCS_genomes_11_DRAM","o__Pseudomonadales",185,813,308,0,812,1,0,0,0,100,0.11,"Very low"
"194","TCS_genomes_11","Bacteria","Pseudomonadota","Gammaproteobacteria","Pseudomonadales","Pseudomonadaceae","Pseudomonas_E","Pseudomonas_E sp002080045","GCF_002080045.1","95","d__Bacteria;p__Pseudomonadota;c__Gammaproteobacteria;o__Pseudomonadales;f__Pseudomonadaceae;g__Pseudomonas_E;s__Pseudomonas_E sp002080045","96.02","0.884","GCF_002080045.1","d__Bacteria;p__Pseudomonadota;c__Gammaproteobacteria;o__Pseudomonadales;f__Pseudomonadaceae;g__Pseudomonas_E;s__Pseudomonas_E sp002080045","96.02","0.884","ani_screen","classification based on ANI only","GCF_003605735.1, s__Pseudomonas_E sp00...","97.74","-","-","TCS_genomes_11_DRAM","o__Pseudomonadales",185,813,308,1,807,5,0,0,0,99.68,0.54,"Very low"
"195","TCS_genomes_11","Bacteria","Pseudomonadota","Gammaproteobacteria","Enterobacterales","Enterobacteriaceae","Enterobacter","Enterobacter cancerogenus","GCF_019047785.1","95","d__Bacteria;p__Pseudomonadota;c__Gammaproteobacteria;o__Enterobacterales;f__Enterobacteriaceae;g__Enterobacter;s__Enterobacter cancerogenus","98.66","0.902","GCF_019047785.1","d__Bacteria;p__Pseudomonadota;c__Gammaproteobacteria;o__Enterobacterales;f__Enterobacteriaceae;g__Enterobacter;s__Enterobacter cancerogenus","98.66","0.902","ani_screen","classification based on ANI only","GCF_004331265.1, s__Enterobacter wuhou...","97.44","-","-","TCS_genomes_11_DRAM","f__Enterobacteriaceae",223,876,305,0,875,1,0,0,0,100,0.08,"Very low"
"196","TCS_genomes_11","Bacteria","Pseudomonadota","Gammaproteobacteria","Enterobacterales","Enterobacteriaceae","Enterobacter","Enterobacter cancerogenus","GCF_019047785.1","95","d__Bacteria;p__Pseudomonadota;c__Gammaproteobacteria;o__Enterobacterales;f__Enterobacteriaceae;g__Enterobacter;s__Enterobacter cancerogenus","98.68","0.903","GCF_019047785.1","d__Bacteria;p__Pseudomonadota;c__Gammaproteobacteria;o__Enterobacterales;f__Enterobacteriaceae;g__Enterobacter;s__Enterobacter cancerogenus","98.68","0.903","ani_screen","classification based on ANI only","GCF_004331265.1, s__Enterobacter wuhou...","97.44","-","-","TCS_genomes_11_DRAM","f__Enterobacteriaceae",223,876,305,0,875,1,0,0,0,100,0.08,"Very low"
"197","TCS_genomes_12","Bacteria","Proteobacteria","Gammaproteobacteria","Pseudomonadales","Pseudomonadaceae","Pseudomonas_E","Pseudomonas_E sp003851685","GCF_003851685.1","95","d__Bacteria;p__Proteobacteria;c__Gammaproteobacteria;o__Pseudomonadales;f__Pseudomonadaceae;g__Pseudomonas_E;s__Pseudomonas_E sp003851685","95.59","0.89","GCF_003851685.1","d__Bacteria;p__Proteobacteria;c__Gammaproteobacteria;o__Pseudomonadales;f__Pseudomonadaceae;g__Pseudomonas_E;s__Pseudomonas_E sp003851685","95.59","0.89","taxonomic classification defined by topology and ANI","topological placement and ANI have congruent species assignments","GCF_003852235.1, s__Pseudomonas_E sp00...","97.08","-","-","TCS_genomes_12_DRAM","o__Pseudomonadales",185,813,308,2,809,2,0,0,0,99.63,0.19,"Very low"
"198","TCS_genomes_12","Bacteria","Proteobacteria","Gammaproteobacteria","Pseudomonadales","Pseudomonadaceae","Pseudomonas_E","Pseudomonas_E fluorescens_T","GCF_000346775.1","95","d__Bacteria;p__Proteobacteria;c__Gammaproteobacteria;o__Pseudomonadales;f__Pseudomonadaceae;g__Pseudomonas_E;s__Pseudomonas_E fluorescens_T","97.21","0.91","GCF_000346775.1","d__Bacteria;p__Proteobacteria;c__Gammaproteobacteria;o__Pseudomonadales;f__Pseudomonadaceae;g__Pseudomonas_E;s__Pseudomonas_E fluorescens_T","97.21","0.91","taxonomic classification defined by topology and ANI","topological placement and ANI have congruent species assignments","GCF_013608025.1, s__Pseudomonas_E neoa...","97.74","-","-","TCS_genomes_12_DRAM","o__Pseudomonadales",185,813,308,0,812,1,0,0,0,100,0.11,"Very low"
"199","TCS_genomes_12","Bacteria","Proteobacteria","Gammaproteobacteria","Pseudomonadales","Pseudomonadaceae","Pseudomonas_E","Pseudomonas_E fluorescens_T","GCF_000346775.1","95","d__Bacteria;p__Proteobacteria;c__Gammaproteobacteria;o__Pseudomonadales;f__Pseudomonadaceae;g__Pseudomonas_E;s__Pseudomonas_E fluorescens_T","97.26","0.91","GCF_000346775.1","d__Bacteria;p__Proteobacteria;c__Gammaproteobacteria;o__Pseudomonadales;f__Pseudomonadaceae;g__Pseudomonas_E;s__Pseudomonas_E fluorescens_T","97.26","0.91","taxonomic classification defined by topology and ANI","topological placement and ANI have congruent species assignments","GCF_013608025.1, s__Pseudomonas_E neoa...","97.74","-","-","TCS_genomes_12_DRAM","o__Pseudomonadales",185,813,308,0,812,1,0,0,0,100,0.11,"Very low"
"2","TCS_genomes_1","Bacteria","Pseudomonadota","Gammaproteobacteria","Pseudomonadales","Pseudomonadaceae","Pseudomonas_E","","-","-","-","-","-","GCF_003851685.1","d__Bacteria;p__Pseudomonadota;c__Gammaproteobacteria;o__Pseudomonadales;f__Pseudomonadaceae;g__Pseudomonas_E;s__Pseudomonas_E sp003851685","94.31","0.902","taxonomic classification defined by topology and ANI","classification based on placement in class-level tree","GCF_003852235.1, s__Pseudomonas_E sp00...","97.74","0.99942","Genome not assigned to closest species as it falls outside its pre-defined ANI radius","TCS_genomes_1_DRAM","o__Pseudomonadales",185,813,308,0,812,1,0,0,0,100,0.11,"Very low"
"20","TCS_genomes_2","Bacteria","Pseudomonadota","Gammaproteobacteria","Pseudomonadales","Pseudomonadaceae","Pseudomonas_E","","-","-","-","-","-","GCF_021605415.1","d__Bacteria;p__Pseudomonadota;c__Gammaproteobacteria;o__Pseudomonadales;f__Pseudomonadaceae;g__Pseudomonas_E;s__Pseudomonas_E syringae_S","89.19","0.846","taxonomic classification defined by topology and ANI","classification based on placement in class-level tree","GCF_021018765.1, s__Pseudomonas_E sp02...","97.68","0.99629","Genome not assigned to closest species as it falls outside its pre-defined ANI radius","TCS_genomes_2_DRAM","o__Pseudomonadales",185,813,308,0,810,3,0,0,0,100,0.76,"Very low"
"200","TCS_genomes_12","Bacteria","Proteobacteria","Gammaproteobacteria","Pseudomonadales","Pseudomonadaceae","Pseudomonas_E","Pseudomonas_E sp003851685","GCF_003851685.1","95","d__Bacteria;p__Proteobacteria;c__Gammaproteobacteria;o__Pseudomonadales;f__Pseudomonadaceae;g__Pseudomonas_E;s__Pseudomonas_E sp003851685","95.59","0.9","GCF_003851685.1","d__Bacteria;p__Proteobacteria;c__Gammaproteobacteria;o__Pseudomonadales;f__Pseudomonadaceae;g__Pseudomonas_E;s__Pseudomonas_E sp003851685","95.59","0.9","taxonomic classification defined by topology and ANI","topological placement and ANI have congruent species assignments","GCF_003852235.1, s__Pseudomonas_E sp00...","97.08","-","-","TCS_genomes_12_DRAM","o__Pseudomonadales",185,813,308,2,809,2,0,0,0,99.63,0.19,"Very low"
"201",NA,NA,NA,NA,NA,NA,NA,NA,NA,NA,NA,NA,NA,NA,NA,NA,NA,NA,NA,NA,NA,NA,NA,"TCS_genomes_12_DRAM","root",5656,56,24,0,0,56,0,0,0,100,100,"Very high"
"202","TCS_genomes_12","Bacteria","Proteobacteria","Gammaproteobacteria","Pseudomonadales","Pseudomonadaceae","Pseudomonas_E","","-","-","-","-","-","GCF_900105485.1","d__Bacteria;p__Proteobacteria;c__Gammaproteobacteria;o__Pseudomonadales;f__Pseudomonadaceae;g__Pseudomonas_E;s__Pseudomonas_E granadensis","94.7","0.9","taxonomic classification defined by topology and ANI","-","GCA_902825215.1, s__Pseudomonas_E fluo...","97.84","0.9998017226","Genome not assigned to closest species as it falls outside its pre-defined ANI radius","TCS_genomes_12_DRAM","o__Pseudomonadales",185,813,308,0,812,1,0,0,0,100,0.11,"Very low"
"203","TCS_genomes_12","Bacteria","Proteobacteria","Gammaproteobacteria","Pseudomonadales","Pseudomonadaceae","Pseudomonas_E","","-","-","-","-","-","GCF_900105485.1","d__Bacteria;p__Proteobacteria;c__Gammaproteobacteria;o__Pseudomonadales;f__Pseudomonadaceae;g__Pseudomonas_E;s__Pseudomonas_E granadensis","94.66","0.91","taxonomic classification defined by topology and ANI","-","GCA_902825215.1, s__Pseudomonas_E fluo...","97.84","0.9998017226","Genome not assigned to closest species as it falls outside its pre-defined ANI radius","TCS_genomes_12_DRAM","o__Pseudomonadales",185,813,308,0,812,1,0,0,0,100,0.11,"Very low"
"204","TCS_genomes_12","Bacteria","Proteobacteria","Gammaproteobacteria","Pseudomonadales","Pseudomonadaceae","Pseudomonas_E","","-","-","-","-","-","-","-","-","-","taxonomic classification defined by topology and ANI","-","GCF_002417665.1, s__Pseudomonas_E fluo...","96.98","0.9932392388","Genome not assigned to closest species as it falls outside its pre-defined ANI radius","TCS_genomes_12_DRAM","o__Pseudomonadales",185,813,308,0,809,4,0,0,0,100,0.7,"Very low"
"205","TCS_genomes_12","Bacteria","Proteobacteria","Gammaproteobacteria","Pseudomonadales","Pseudomonadaceae","Pseudomonas_E","Pseudomonas_E sp014268655","GCF_014268655.1","95","d__Bacteria;p__Proteobacteria;c__Gammaproteobacteria;o__Pseudomonadales;f__Pseudomonadaceae;g__Pseudomonas_E;s__Pseudomonas_E sp014268655","98.75","0.92","GCF_014268655.1","d__Bacteria;p__Proteobacteria;c__Gammaproteobacteria;o__Pseudomonadales;f__Pseudomonadaceae;g__Pseudomonas_E;s__Pseudomonas_E sp014268655","98.75","0.92","taxonomic classification defined by topology and ANI","topological placement and ANI have congruent species assignments","GCF_000346775.1, s__Pseudomonas_E fluo...","97.74","-","-","TCS_genomes_12_DRAM","o__Pseudomonadales",185,813,308,0,811,2,0,0,0,100,0.17,"Very low"
"206","TCS_genomes_12","Bacteria","Proteobacteria","Gammaproteobacteria","Pseudomonadales","Pseudomonadaceae","Pseudomonas_E","Pseudomonas_E sp014268655","GCF_014268655.1","95","d__Bacteria;p__Proteobacteria;c__Gammaproteobacteria;o__Pseudomonadales;f__Pseudomonadaceae;g__Pseudomonas_E;s__Pseudomonas_E sp014268655","98.74","0.92","GCF_014268655.1","d__Bacteria;p__Proteobacteria;c__Gammaproteobacteria;o__Pseudomonadales;f__Pseudomonadaceae;g__Pseudomonas_E;s__Pseudomonas_E sp014268655","98.74","0.92","taxonomic classification defined by topology and ANI","topological placement and ANI have congruent species assignments","GCF_000346775.1, s__Pseudomonas_E fluo...","97.74","-","-","TCS_genomes_12_DRAM","o__Pseudomonadales",185,813,308,0,811,2,0,0,0,100,0.17,"Very low"
"207","TCS_genomes_12","Bacteria","Proteobacteria","Gammaproteobacteria","Pseudomonadales","Pseudomonadaceae","Pseudomonas_E","Pseudomonas_E sp014268655","GCF_014268655.1","95","d__Bacteria;p__Proteobacteria;c__Gammaproteobacteria;o__Pseudomonadales;f__Pseudomonadaceae;g__Pseudomonas_E;s__Pseudomonas_E sp014268655","98.71","0.92","GCF_014268655.1","d__Bacteria;p__Proteobacteria;c__Gammaproteobacteria;o__Pseudomonadales;f__Pseudomonadaceae;g__Pseudomonas_E;s__Pseudomonas_E sp014268655","98.71","0.92","taxonomic classification defined by topology and ANI","topological placement and ANI have congruent species assignments","GCF_000346775.1, s__Pseudomonas_E fluo...","97.28","-","-","TCS_genomes_12_DRAM","o__Pseudomonadales",185,813,308,0,811,2,0,0,0,100,0.17,"Very low"
"208","TCS_genomes_12","Bacteria","Proteobacteria","Gammaproteobacteria","Pseudomonadales","Pseudomonadaceae","Pseudomonas_E","Pseudomonas_E sp014268655","GCF_014268655.1","95","d__Bacteria;p__Proteobacteria;c__Gammaproteobacteria;o__Pseudomonadales;f__Pseudomonadaceae;g__Pseudomonas_E;s__Pseudomonas_E sp014268655","98.74","0.91","GCF_014268655.1","d__Bacteria;p__Proteobacteria;c__Gammaproteobacteria;o__Pseudomonadales;f__Pseudomonadaceae;g__Pseudomonas_E;s__Pseudomonas_E sp014268655","98.74","0.91","taxonomic classification defined by topology and ANI","topological placement and ANI have congruent species assignments","GCF_000346775.1, s__Pseudomonas_E fluo...","97.28","-","-","TCS_genomes_12_DRAM","o__Pseudomonadales",185,813,308,0,811,2,0,0,0,100,0.17,"Very low"
"209","TCS_genomes_12","Bacteria","Proteobacteria","Gammaproteobacteria","Pseudomonadales","Pseudomonadaceae","Pseudomonas_A","","-","-","-","-","-","GCA_002387205.1","d__Bacteria;p__Proteobacteria;c__Gammaproteobacteria;o__Pseudomonadales;f__Pseudomonadaceae;g__Pseudomonas_A;s__Pseudomonas_A stutzeri_N","81.23","0.62","taxonomic classification defined by topology and ANI","-","GCF_004010935.1, s__Pseudomonas_A sp00...","98.81","0.9895589077","-","TCS_genomes_12_DRAM","c__Gammaproteobacteria",228,583,244,1,581,1,0,0,0,99.94,0.14,"Very low"
"21","TCS_genomes_2","Bacteria","Pseudomonadota","Gammaproteobacteria","Pseudomonadales","Pseudomonadaceae","Pseudomonas_E","Pseudomonas_E sp002874965","GCF_002874965.1","95","d__Bacteria;p__Pseudomonadota;c__Gammaproteobacteria;o__Pseudomonadales;f__Pseudomonadaceae;g__Pseudomonas_E;s__Pseudomonas_E sp002874965","98.83","0.932","GCF_002874965.1","d__Bacteria;p__Pseudomonadota;c__Gammaproteobacteria;o__Pseudomonadales;f__Pseudomonadaceae;g__Pseudomonas_E;s__Pseudomonas_E sp002874965","98.83","0.932","ani_screen","classification based on ANI only","GCF_900105735.1, s__Pseudomonas_E yama...","96.76","-","-","TCS_genomes_2_DRAM","o__Pseudomonadales",185,813,308,0,804,9,0,0,0,100,0.69,"Very low"
"210","TCS_genomes_12","Bacteria","Proteobacteria","Gammaproteobacteria","Pseudomonadales","Pseudomonadaceae","Pseudomonas_A","","-","-","-","-","-","GCA_002387205.1","d__Bacteria;p__Proteobacteria;c__Gammaproteobacteria;o__Pseudomonadales;f__Pseudomonadaceae;g__Pseudomonas_A;s__Pseudomonas_A stutzeri_N","81.25","0.62","taxonomic classification defined by topology and ANI","-","GCF_004010935.1, s__Pseudomonas_A sp00...","98.81","0.9895589077","-","TCS_genomes_12_DRAM","c__Gammaproteobacteria",228,583,244,1,581,1,0,0,0,99.94,0.14,"Very low"
"211","TCS_genomes_12","Bacteria","Proteobacteria","Gammaproteobacteria","Pseudomonadales","Pseudomonadaceae","Pseudomonas_E","","-","-","-","-","-","-","-","-","-","taxonomic classification defined by topology and ANI","-","GCF_002091715.1, s__Pseudomonas_E migu...","98.71","0.9968977336","Genome not assigned to closest species as it falls outside its pre-defined ANI radius","TCS_genomes_12_DRAM","o__Pseudomonadales",185,813,308,1,810,2,0,0,0,99.68,0.19,"Very low"
"212","TCS_genomes_12","Bacteria","Proteobacteria","Gammaproteobacteria","Pseudomonadales","Pseudomonadaceae","Pseudomonas_E","","-","-","-","-","-","-","-","-","-","taxonomic classification defined by topology and ANI","-","GCF_000282415.1, s__Pseudomonas_E sp00...","98.71","0.9968977336","Genome not assigned to closest species as it falls outside its pre-defined ANI radius","TCS_genomes_12_DRAM","o__Pseudomonadales",185,813,308,1,810,2,0,0,0,99.68,0.19,"Very low"
"213","TCS_genomes_12","Bacteria","Proteobacteria","Gammaproteobacteria","Pseudomonadales","Pseudomonadaceae","Pseudomonas_E","","-","-","-","-","-","-","-","-","-","taxonomic classification defined by topology and ANI","-","GCF_000282415.1, s__Pseudomonas_E sp00...","98.71","0.9968977336","Genome not assigned to closest species as it falls outside its pre-defined ANI radius","TCS_genomes_12_DRAM","o__Pseudomonadales",185,813,308,1,810,2,0,0,0,99.68,0.19,"Very low"
"214","TCS_genomes_13","Bacteria","Pseudomonadota","Gammaproteobacteria","Pseudomonadales","Pseudomonadaceae","Pseudomonas_E","Pseudomonas_E sp012935755","GCF_012935755.1","95","d__Bacteria;p__Pseudomonadota;c__Gammaproteobacteria;o__Pseudomonadales;f__Pseudomonadaceae;g__Pseudomonas_E;s__Pseudomonas_E sp012935755","98.67","0.937","GCF_012935755.1","d__Bacteria;p__Pseudomonadota;c__Gammaproteobacteria;o__Pseudomonadales;f__Pseudomonadaceae;g__Pseudomonas_E;s__Pseudomonas_E sp012935755","98.67","0.937","ani_screen","classification based on ANI only","GCF_008370045.1, s__Pseudomonas_E sp00...","97.76","-","-","TCS_genomes_13_DRAM","o__Pseudomonadales",185,813,308,0,810,3,0,0,0,100,0.45,"Very low"
"215","TCS_genomes_13","Bacteria","Pseudomonadota","Gammaproteobacteria","Pseudomonadales","Pseudomonadaceae","Pseudomonas_E","","-","-","-","-","-","GCF_000585995.1","d__Bacteria;p__Pseudomonadota;c__Gammaproteobacteria;o__Pseudomonadales;f__Pseudomonadaceae;g__Pseudomonas_E;s__Pseudomonas_E brassicacearum_A","93.99","0.895","taxonomic classification defined by topology and ANI","classification based on placement in class-level tree","GCF_004786035.1, s__Pseudomonas_E vici...","97.52","0.99686","Genome not assigned to closest species as it falls outside its pre-defined ANI radius","TCS_genomes_13_DRAM","o__Pseudomonadales",185,813,308,0,811,2,0,0,0,100,0.15,"Very low"
"216","TCS_genomes_13","Bacteria","Pseudomonadota","Gammaproteobacteria","Pseudomonadales","Pseudomonadaceae","Pseudomonas_E","","-","-","-","-","-","GCF_001976065.1","d__Bacteria;p__Pseudomonadota;c__Gammaproteobacteria;o__Pseudomonadales;f__Pseudomonadaceae;g__Pseudomonas_E;s__Pseudomonas_E putida_G","93.18","0.849","taxonomic classification defined by topology and ANI","classification based on placement in class-level tree","GCF_000282475.1, s__Pseudomonas_E sp00...","96.13","0.99695","Genome not assigned to closest species as it falls outside its pre-defined ANI radius","TCS_genomes_13_DRAM","o__Pseudomonadales",185,813,308,2,809,2,0,0,0,99.35,0.43,"Very low"
"217","TCS_genomes_13","Bacteria","Pseudomonadota","Gammaproteobacteria","Pseudomonadales","Pseudomonadaceae","Pseudomonas_E","Pseudomonas_E gregormendelii","GCF_017114825.1","95","d__Bacteria;p__Pseudomonadota;c__Gammaproteobacteria;o__Pseudomonadales;f__Pseudomonadaceae;g__Pseudomonas_E;s__Pseudomonas_E gregormendelii","97.19","0.875","GCF_017114825.1","d__Bacteria;p__Pseudomonadota;c__Gammaproteobacteria;o__Pseudomonadales;f__Pseudomonadaceae;g__Pseudomonas_E;s__Pseudomonas_E gregormendelii","97.19","0.875","ani_screen","classification based on ANI only","GCF_016651255.1, s__Pseudomonas_E sp01...","97.84","-","-","TCS_genomes_13_DRAM","o__Pseudomonadales",185,813,308,0,809,4,0,0,0,100,0.29,"Very low"
"218","TCS_genomes_13","Bacteria","Pseudomonadota","Gammaproteobacteria","Pseudomonadales","Pseudomonadaceae","Pseudomonas_E","","-","-","-","-","-","-","-","-","-","taxonomic classification defined by topology and ANI","classification based on placement in class-level tree","GCF_021728295.1, s__Pseudomonas_E sp02...","97.74","0.99467","Genome not assigned to closest species as it falls outside its pre-defined ANI radius","TCS_genomes_13_DRAM","o__Pseudomonadales",185,813,308,1,811,1,0,0,0,99.68,0.11,"Very low"
"219","TCS_genomes_13","Bacteria","Pseudomonadota","Gammaproteobacteria","Pseudomonadales","Pseudomonadaceae","Pseudomonas_E","Pseudomonas_E sp003851685","GCF_003851685.1","95","d__Bacteria;p__Pseudomonadota;c__Gammaproteobacteria;o__Pseudomonadales;f__Pseudomonadaceae;g__Pseudomonas_E;s__Pseudomonas_E sp003851685","96.39","0.881","GCF_003851685.1","d__Bacteria;p__Pseudomonadota;c__Gammaproteobacteria;o__Pseudomonadales;f__Pseudomonadaceae;g__Pseudomonas_E;s__Pseudomonas_E sp003851685","96.39","0.881","ani_screen","classification based on ANI only","GCF_003852235.1, s__Pseudomonas_E sp00...","97","-","-","TCS_genomes_13_DRAM","o__Pseudomonadales",185,813,308,0,808,5,0,0,0,100,1.16,"Low"
"22","TCS_genomes_2","Bacteria","Pseudomonadota","Gammaproteobacteria","Pseudomonadales","Pseudomonadaceae","Pseudomonas_E","Pseudomonas_E fluorescens_BG","GCF_900636825.1","95","d__Bacteria;p__Pseudomonadota;c__Gammaproteobacteria;o__Pseudomonadales;f__Pseudomonadaceae;g__Pseudomonas_E;s__Pseudomonas_E fluorescens_BG","97.47","0.894","-","-","-","-","ani_screen","classification based on ANI only","GCF_001598475.1, s__Pantoea agglomeran...","-","-","No bacterial or archaeal marker","TCS_genomes_2_DRAM","root",5656,56,24,0,0,56,0,0,0,100,100,"Very high"
"220","TCS_genomes_13","Bacteria","Pseudomonadota","Gammaproteobacteria","Pseudomonadales","Pseudomonadaceae","Pseudomonas_E","","-","-","-","-","-","-","-","-","-","taxonomic classification defined by topology and ANI","classification based on placement in class-level tree","GCF_021728295.1, s__Pseudomonas_E sp02...","97.74","0.99467","Genome not assigned to closest species as it falls outside its pre-defined ANI radius","TCS_genomes_13_DRAM","o__Pseudomonadales",185,813,308,1,811,1,0,0,0,99.68,0.11,"Very low"
"221","TCS_genomes_13","Bacteria","Pseudomonadota","Gammaproteobacteria","Pseudomonadales","Pseudomonadaceae","Pseudomonas_E","Pseudomonas_E sp003851685","GCF_003851685.1","95","d__Bacteria;p__Pseudomonadota;c__Gammaproteobacteria;o__Pseudomonadales;f__Pseudomonadaceae;g__Pseudomonas_E;s__Pseudomonas_E sp003851685","96.38","0.89","GCF_003851685.1","d__Bacteria;p__Pseudomonadota;c__Gammaproteobacteria;o__Pseudomonadales;f__Pseudomonadaceae;g__Pseudomonas_E;s__Pseudomonas_E sp003851685","96.38","0.89","ani_screen","classification based on ANI only","GCF_003852235.1, s__Pseudomonas_E sp00...","97","-","-","TCS_genomes_13_DRAM","o__Pseudomonadales",185,813,308,0,808,5,0,0,0,100,1.16,"Low"
"222","TCS_genomes_13","Bacteria","Pseudomonadota","Gammaproteobacteria","Pseudomonadales","Pseudomonadaceae","Pseudomonas_E","Pseudomonas_E sp003851685","GCF_003851685.1","95","d__Bacteria;p__Pseudomonadota;c__Gammaproteobacteria;o__Pseudomonadales;f__Pseudomonadaceae;g__Pseudomonas_E;s__Pseudomonas_E sp003851685","96.39","0.884","GCF_003851685.1","d__Bacteria;p__Pseudomonadota;c__Gammaproteobacteria;o__Pseudomonadales;f__Pseudomonadaceae;g__Pseudomonas_E;s__Pseudomonas_E sp003851685","96.39","0.884","ani_screen","classification based on ANI only","GCF_003852235.1, s__Pseudomonas_E sp00...","97","-","-","TCS_genomes_13_DRAM","o__Pseudomonadales",185,813,308,0,808,5,0,0,0,100,1.16,"Low"
"223","TCS_genomes_13","Bacteria","Pseudomonadota","Gammaproteobacteria","Pseudomonadales","Pseudomonadaceae","Pseudomonas_E","Pseudomonas_E gregormendelii","GCF_017114825.1","95","d__Bacteria;p__Pseudomonadota;c__Gammaproteobacteria;o__Pseudomonadales;f__Pseudomonadaceae;g__Pseudomonas_E;s__Pseudomonas_E gregormendelii","97.14","0.882","GCF_017114825.1","d__Bacteria;p__Pseudomonadota;c__Gammaproteobacteria;o__Pseudomonadales;f__Pseudomonadaceae;g__Pseudomonas_E;s__Pseudomonas_E gregormendelii","97.14","0.882","ani_screen","classification based on ANI only","GCF_016651255.1, s__Pseudomonas_E sp01...","97.84","-","-","TCS_genomes_13_DRAM","o__Pseudomonadales",185,813,308,0,809,4,0,0,0,100,0.29,"Very low"
"224","TCS_genomes_13","Bacteria","Pseudomonadota","Gammaproteobacteria","Pseudomonadales","Pseudomonadaceae","Pseudomonas_E","","-","-","-","-","-","GCF_021605415.1","d__Bacteria;p__Pseudomonadota;c__Gammaproteobacteria;o__Pseudomonadales;f__Pseudomonadaceae;g__Pseudomonas_E;s__Pseudomonas_E syringae_S","86.82","0.777","taxonomic classification defined by topology and ANI","classification based on placement in class-level tree","GCF_000282275.2, s__Pseudomonas_E sp00...","98.49","0.99326","Genome not assigned to closest species as it falls outside its pre-defined ANI radius","TCS_genomes_13_DRAM","o__Pseudomonadales",185,813,308,0,811,2,0,0,0,100,0.22,"Very low"
"225","TCS_genomes_13","Bacteria","Pseudomonadota","Gammaproteobacteria","Pseudomonadales","Pseudomonadaceae","Pseudomonas_E","Pseudomonas_E yamanorum","GCF_900105735.1","95","d__Bacteria;p__Pseudomonadota;c__Gammaproteobacteria;o__Pseudomonadales;f__Pseudomonadaceae;g__Pseudomonas_E;s__Pseudomonas_E yamanorum","98.73","0.932","GCF_900105735.1","d__Bacteria;p__Pseudomonadota;c__Gammaproteobacteria;o__Pseudomonadales;f__Pseudomonadaceae;g__Pseudomonas_E;s__Pseudomonas_E yamanorum","98.73","0.932","ani_screen","classification based on ANI only","GCF_001952855.1, s__Pseudomonas_E sp00...","97.58","-","-","TCS_genomes_13_DRAM","o__Pseudomonadales",185,813,308,0,808,5,0,0,0,100,0.7,"Very low"
"226","TCS_genomes_13","Bacteria","Pseudomonadota","Gammaproteobacteria","Pseudomonadales","Pseudomonadaceae","Pseudomonas_E","","-","-","-","-","-","-","-","-","-","taxonomic classification defined by topology and ANI","classification based on placement in class-level tree","GCF_016650815.1, s__Pseudomonas_E sp01...","97.74","0.99617","Genome not assigned to closest species as it falls outside its pre-defined ANI radius","TCS_genomes_13_DRAM","o__Pseudomonadales",185,813,308,0,811,2,0,0,0,100,0.13,"Very low"
"227","TCS_genomes_13","Bacteria","Pseudomonadota","Gammaproteobacteria","Pseudomonadales","Pseudomonadaceae","Pseudomonas_E","","-","-","-","-","-","-","-","-","-","taxonomic classification defined by topology and ANI","classification based on placement in class-level tree","GCF_012935755.1, s__Pseudomonas_E sp01...","97.8","0.99724","Genome not assigned to closest species as it falls outside its pre-defined ANI radius","TCS_genomes_13_DRAM","o__Pseudomonadales",185,813,308,0,811,2,0,0,0,100,0.22,"Very low"
"228","TCS_genomes_13","Bacteria","Pseudomonadota","Gammaproteobacteria","Pseudomonadales","Pseudomonadaceae","Pseudomonas_E","","-","-","-","-","-","-","-","-","-","taxonomic classification defined by topology and ANI","classification based on placement in class-level tree","GCF_012935755.1, s__Pseudomonas_E sp01...","97.8","0.99724","Genome not assigned to closest species as it falls outside its pre-defined ANI radius","TCS_genomes_13_DRAM","o__Pseudomonadales",185,813,308,0,811,2,0,0,0,100,0.22,"Very low"
"229","TCS_genomes_13","Bacteria","Pseudomonadota","Gammaproteobacteria","Pseudomonadales","Pseudomonadaceae","Pseudomonas_E","","-","-","-","-","-","GCF_002022275.1","d__Bacteria;p__Pseudomonadota;c__Gammaproteobacteria;o__Pseudomonadales;f__Pseudomonadaceae;g__Pseudomonas_E;s__Pseudomonas_E fluorescens_AJ","89.9","0.868","taxonomic classification defined by topology and ANI","classification based on placement in class-level tree","GCF_009707325.1, s__Pseudomonas_E sp00...","96.7","0.99694","Genome not assigned to closest species as it falls outside its pre-defined ANI radius","TCS_genomes_13_DRAM","o__Pseudomonadales",185,813,308,0,781,32,0,0,0,100,5.13,"Medium"
"23","TCS_genomes_2","Bacteria","Pseudomonadota","Gammaproteobacteria","Pseudomonadales","Pseudomonadaceae","Pseudomonas_E","Pseudomonas_E sp002874965","GCF_002874965.1","95","d__Bacteria;p__Pseudomonadota;c__Gammaproteobacteria;o__Pseudomonadales;f__Pseudomonadaceae;g__Pseudomonas_E;s__Pseudomonas_E sp002874965","98.83","0.935","GCF_002874965.1","d__Bacteria;p__Pseudomonadota;c__Gammaproteobacteria;o__Pseudomonadales;f__Pseudomonadaceae;g__Pseudomonas_E;s__Pseudomonas_E sp002874965","98.83","0.935","ani_screen","classification based on ANI only","GCF_900105735.1, s__Pseudomonas_E yama...","96.76","-","-","TCS_genomes_2_DRAM","o__Pseudomonadales",185,813,308,0,804,9,0,0,0,100,0.69,"Very low"
"230","TCS_genomes_13","Bacteria","Pseudomonadota","Gammaproteobacteria","Pseudomonadales","Pseudomonadaceae","Pseudomonas_E","Pseudomonas_E fluorescens_AO","GCF_000817895.1","95","d__Bacteria;p__Pseudomonadota;c__Gammaproteobacteria;o__Pseudomonadales;f__Pseudomonadaceae;g__Pseudomonas_E;s__Pseudomonas_E fluorescens_AO","97.74","0.934","GCF_000817895.1","d__Bacteria;p__Pseudomonadota;c__Gammaproteobacteria;o__Pseudomonadales;f__Pseudomonadaceae;g__Pseudomonas_E;s__Pseudomonas_E fluorescens_AO","97.74","0.934","ani_screen","classification based on ANI only","GCF_004358055.1, s__Pseudomonas_E mora...","97.74","-","-","TCS_genomes_13_DRAM","o__Pseudomonadales",185,813,308,0,811,2,0,0,0,100,0.16,"Very low"
"231","TCS_genomes_14","Bacteria","Pseudomonadota","Gammaproteobacteria","Enterobacterales","Enterobacteriaceae","Pantoea","Pantoea agglomerans","GCF_001598475.1","95","d__Bacteria;p__Pseudomonadota;c__Gammaproteobacteria;o__Enterobacterales;f__Enterobacteriaceae;g__Pantoea;s__Pantoea agglomerans","96.41","0.927","GCF_001598475.1","d__Bacteria;p__Pseudomonadota;c__Gammaproteobacteria;o__Enterobacterales;f__Enterobacteriaceae;g__Pantoea;s__Pantoea agglomerans","96.41","0.927","ani_screen","classification based on ANI only","GCF_900115075.1, s__Pantoea sp90011507...","93.57","-","-","TCS_genomes_14_DRAM","f__Enterobacteriaceae",223,876,305,0,834,42,0,0,0,100,3.56,"Low"
"232","TCS_genomes_14","Bacteria","Pseudomonadota","Gammaproteobacteria","Pseudomonadales","Pseudomonadaceae","Pseudomonas_E","Pseudomonas_E cedrina","GCF_001983175.1","95","d__Bacteria;p__Pseudomonadota;c__Gammaproteobacteria;o__Pseudomonadales;f__Pseudomonadaceae;g__Pseudomonas_E;s__Pseudomonas_E cedrina","97.31","0.902","GCF_001983175.1","d__Bacteria;p__Pseudomonadota;c__Gammaproteobacteria;o__Pseudomonadales;f__Pseudomonadaceae;g__Pseudomonas_E;s__Pseudomonas_E cedrina","97.31","0.902","ani_screen","classification based on ANI only","GCF_019145355.1, s__Pseudomonas_E azad...","96.86","-","-","TCS_genomes_14_DRAM","o__Pseudomonadales",185,813,308,0,811,2,0,0,0,100,0.22,"Very low"
"233","TCS_genomes_14","Bacteria","Pseudomonadota","Gammaproteobacteria","Enterobacterales","Enterobacteriaceae","Pantoea","Pantoea agglomerans","GCF_001598475.1","95","d__Bacteria;p__Pseudomonadota;c__Gammaproteobacteria;o__Enterobacterales;f__Enterobacteriaceae;g__Pantoea;s__Pantoea agglomerans","98.35","0.844","-","-","-","-","ani_screen","classification based on ANI only","GCF_019145195.1, s__Pseudomonas_E sili...","-","-","Insufficient number of amino acids in MSA (0.8%)","TCS_genomes_14_DRAM","root",5656,56,24,0,0,56,0,0,0,100,100,"Very high"
"234","TCS_genomes_14","Bacteria","Pseudomonadota","Gammaproteobacteria","Xanthomonadales","Xanthomonadaceae","Stenotrophomonas","Stenotrophomonas rhizophila_A","GCF_001704155.1","95","d__Bacteria;p__Pseudomonadota;c__Gammaproteobacteria;o__Xanthomonadales;f__Xanthomonadaceae;g__Stenotrophomonas;s__Stenotrophomonas rhizophila_A","96.92","0.917","GCF_001704155.1","d__Bacteria;p__Pseudomonadota;c__Gammaproteobacteria;o__Xanthomonadales;f__Xanthomonadaceae;g__Stenotrophomonas;s__Stenotrophomonas rhizophila_A","96.92","0.917","ani_screen","classification based on ANI only","GCA_002386405.1, s__Stenotrophomonas m...","98.35","-","-","TCS_genomes_14_DRAM","f__Xanthomonadaceae",55,659,290,2,655,2,0,0,0,99.84,0.16,"Very low"
"235","TCS_genomes_14","Bacteria","Pseudomonadota","Gammaproteobacteria","Pseudomonadales","Pseudomonadaceae","Pseudomonas_E","Pseudomonas_E sp003851685","GCF_003851685.1","95","d__Bacteria;p__Pseudomonadota;c__Gammaproteobacteria;o__Pseudomonadales;f__Pseudomonadaceae;g__Pseudomonas_E;s__Pseudomonas_E sp003851685","95.57","0.863","GCF_003851685.1","d__Bacteria;p__Pseudomonadota;c__Gammaproteobacteria;o__Pseudomonadales;f__Pseudomonadaceae;g__Pseudomonas_E;s__Pseudomonas_E sp003851685","95.57","0.863","ani_screen","classification based on ANI only","GCF_003852235.1, s__Pseudomonas_E sp00...","17.24","-","Genome has more than 82.5% of markers with multiple hits","TCS_genomes_14_DRAM","k__Bacteria",5449,103,57,0,12,83,8,0,0,100,95.98,"Very high"
"236","TCS_genomes_14","Bacteria","Pseudomonadota","Gammaproteobacteria","Xanthomonadales","Xanthomonadaceae","Stenotrophomonas","Stenotrophomonas lactitubi","GCF_002803515.1","95","d__Bacteria;p__Pseudomonadota;c__Gammaproteobacteria;o__Xanthomonadales;f__Xanthomonadaceae;g__Stenotrophomonas;s__Stenotrophomonas lactitubi","97.06","0.911","GCF_002803515.1","d__Bacteria;p__Pseudomonadota;c__Gammaproteobacteria;o__Xanthomonadales;f__Xanthomonadaceae;g__Stenotrophomonas;s__Stenotrophomonas lactitubi","97.06","0.911","ani_screen","classification based on ANI only","GCF_002750975.1, s__Stenotrophomonas i...","98.53","-","-","TCS_genomes_14_DRAM","f__Xanthomonadaceae",55,659,290,0,658,0,1,0,0,100,0.69,"Very low"
"237","TCS_genomes_14","Bacteria","Pseudomonadota","Gammaproteobacteria","Pseudomonadales","Pseudomonadaceae","Pseudomonas_E","Pseudomonas_E sp019956415","GCF_019956415.1","95","d__Bacteria;p__Pseudomonadota;c__Gammaproteobacteria;o__Pseudomonadales;f__Pseudomonadaceae;g__Pseudomonas_E;s__Pseudomonas_E sp019956415","95.22","0.823","-","-","-","-","ani_screen","classification based on ANI only","GCF_019956415.1, s__Pseudomonas_E sp01...","97.72","-","-","TCS_genomes_14_DRAM","o__Pseudomonadales",185,813,308,0,811,2,0,0,0,100,0.19,"Very low"
"238","TCS_genomes_14","Bacteria","Pseudomonadota","Gammaproteobacteria","Pseudomonadales","Pseudomonadaceae","Pseudomonas_E","Pseudomonas_E sp002874965","GCF_002874965.1","95","d__Bacteria;p__Pseudomonadota;c__Gammaproteobacteria;o__Pseudomonadales;f__Pseudomonadaceae;g__Pseudomonas_E;s__Pseudomonas_E sp002874965","98.86","0.929","GCF_002874965.1","d__Bacteria;p__Pseudomonadota;c__Gammaproteobacteria;o__Pseudomonadales;f__Pseudomonadaceae;g__Pseudomonas_E;s__Pseudomonas_E sp002874965","98.86","0.929","ani_screen","classification based on ANI only","GCF_900105735.1, s__Pseudomonas_E yama...","96.05","-","-","TCS_genomes_14_DRAM","o__Pseudomonadales",185,813,308,0,806,7,0,0,0,100,0.48,"Very low"
"239","TCS_genomes_14","Bacteria","Pseudomonadota","Gammaproteobacteria","Pseudomonadales","Pseudomonadaceae","Pseudomonas_E","","-","-","-","-","-","GCF_010095445.2","d__Bacteria;p__Pseudomonadota;c__Gammaproteobacteria;o__Pseudomonadales;f__Pseudomonadaceae;g__Pseudomonas_E;s__Pseudomonas_E sp010095445","92.86","0.851","taxonomic classification defined by topology and ANI","classification based on placement in class-level tree","GCF_000968015.1, s__Pseudomonas_E fluo...","97.82","0.99717","Genome not assigned to closest species as it falls outside its pre-defined ANI radius","TCS_genomes_14_DRAM","o__Pseudomonadales",185,813,308,1,807,5,0,0,0,99.68,0.6,"Very low"
"24","TCS_genomes_2","Bacteria","Pseudomonadota","Gammaproteobacteria","Pseudomonadales","Pseudomonadaceae","Pseudomonas_E","Pseudomonas_E fluorescens_BG","GCF_900636825.1","95","d__Bacteria;p__Pseudomonadota;c__Gammaproteobacteria;o__Pseudomonadales;f__Pseudomonadaceae;g__Pseudomonas_E;s__Pseudomonas_E fluorescens_BG","96.83","0.93","GCF_900636825.1","d__Bacteria;p__Pseudomonadota;c__Gammaproteobacteria;o__Pseudomonadales;f__Pseudomonadaceae;g__Pseudomonas_E;s__Pseudomonas_E fluorescens_BG","96.83","0.93","ani_screen","classification based on ANI only","GCF_005233515.1, s__Pseudomonas_E sp00...","97.7","-","-","TCS_genomes_2_DRAM","o__Pseudomonadales",185,813,308,0,812,1,0,0,0,100,0.11,"Very low"
"240","TCS_genomes_14","Bacteria","Pseudomonadota","Gammaproteobacteria","Enterobacterales","Enterobacteriaceae","Erwinia","Erwinia billingiae","GCF_000196615.1","95","d__Bacteria;p__Pseudomonadota;c__Gammaproteobacteria;o__Enterobacterales;f__Enterobacteriaceae;g__Erwinia;s__Erwinia billingiae","98.55","0.941","GCF_000196615.1","d__Bacteria;p__Pseudomonadota;c__Gammaproteobacteria;o__Enterobacterales;f__Enterobacteriaceae;g__Erwinia;s__Erwinia billingiae","98.55","0.941","ani_screen","classification based on ANI only","GCF_000773975.1, s__Erwinia typographi...","97.52","-","-","TCS_genomes_14_DRAM","f__Enterobacteriaceae",223,876,305,0,874,2,0,0,0,100,0.05,"Very low"
"241","TCS_genomes_14","Bacteria","Pseudomonadota","Gammaproteobacteria","Pseudomonadales","Pseudomonadaceae","Pseudomonas_E","","-","-","-","-","-","-","-","-","-","taxonomic classification defined by topology and ANI","classification based on placement in class-level tree","GCF_012935755.1, s__Pseudomonas_E sp01...","97.76","0.99759","Genome not assigned to closest species as it falls outside its pre-defined ANI radius","TCS_genomes_14_DRAM","o__Pseudomonadales",185,813,308,0,812,1,0,0,0,100,0.11,"Very low"
"242","TCS_genomes_14","Unclassified Bacteria",NA,NA,NA,NA,NA,NA,"-","-","-","-","-","-","-","-","-","-","-","-","-","-","Insufficient number of amino acids in MSA (5.6%)","TCS_genomes_14_DRAM","k__Bacteria",5449,103,57,0,5,95,3,0,0,100,98.93,"Very high"
"243","TCS_genomes_14","Bacteria","Pseudomonadota","Gammaproteobacteria","Pseudomonadales","Pseudomonadaceae","Pseudomonas_E","Pseudomonas_E sp002080045","GCF_002080045.1","95","d__Bacteria;p__Pseudomonadota;c__Gammaproteobacteria;o__Pseudomonadales;f__Pseudomonadaceae;g__Pseudomonas_E;s__Pseudomonas_E sp002080045","96.07","0.886","GCF_002080045.1","d__Bacteria;p__Pseudomonadota;c__Gammaproteobacteria;o__Pseudomonadales;f__Pseudomonadaceae;g__Pseudomonas_E;s__Pseudomonas_E sp002080045","96.07","0.886","ani_screen","classification based on ANI only","GCF_003605735.1, s__Pseudomonas_E sp00...","97.74","-","-","TCS_genomes_14_DRAM","o__Pseudomonadales",185,813,308,1,806,6,0,0,0,99.68,0.58,"Very low"
"244","TCS_genomes_14","Bacteria","Pseudomonadota","Gammaproteobacteria","Pseudomonadales","Pseudomonadaceae","Pseudomonas_E","Pseudomonas_E sp003851685","GCF_003851685.1","95","d__Bacteria;p__Pseudomonadota;c__Gammaproteobacteria;o__Pseudomonadales;f__Pseudomonadaceae;g__Pseudomonas_E;s__Pseudomonas_E sp003851685","95.59","0.897","GCF_003851685.1","d__Bacteria;p__Pseudomonadota;c__Gammaproteobacteria;o__Pseudomonadales;f__Pseudomonadaceae;g__Pseudomonas_E;s__Pseudomonas_E sp003851685","95.59","0.897","ani_screen","classification based on ANI only","GCF_003852235.1, s__Pseudomonas_E sp00...","97.02","-","-","TCS_genomes_14_DRAM","o__Pseudomonadales",185,813,308,2,809,2,0,0,0,99.63,0.19,"Very low"
"245","TCS_genomes_14","Bacteria","Pseudomonadota","Gammaproteobacteria","Enterobacterales","Enterobacteriaceae","Enterobacter","Enterobacter cancerogenus","GCF_019047785.1","95","d__Bacteria;p__Pseudomonadota;c__Gammaproteobacteria;o__Enterobacterales;f__Enterobacteriaceae;g__Enterobacter;s__Enterobacter cancerogenus","98.65","0.902","GCF_019047785.1","d__Bacteria;p__Pseudomonadota;c__Gammaproteobacteria;o__Enterobacterales;f__Enterobacteriaceae;g__Enterobacter;s__Enterobacter cancerogenus","98.65","0.902","ani_screen","classification based on ANI only","GCF_004331265.1, s__Enterobacter wuhou...","97.44","-","-","TCS_genomes_14_DRAM","f__Enterobacteriaceae",223,876,305,0,875,1,0,0,0,100,0.08,"Very low"
"246","TCS_genomes_14","Bacteria","Pseudomonadota","Gammaproteobacteria","Pseudomonadales","Pseudomonadaceae","Pseudomonas_E","Pseudomonas_E alvandae","GCF_019141525.1","95","d__Bacteria;p__Pseudomonadota;c__Gammaproteobacteria;o__Pseudomonadales;f__Pseudomonadaceae;g__Pseudomonas_E;s__Pseudomonas_E alvandae","97.28","0.904","GCF_019141525.1","d__Bacteria;p__Pseudomonadota;c__Gammaproteobacteria;o__Pseudomonadales;f__Pseudomonadaceae;g__Pseudomonas_E;s__Pseudomonas_E alvandae","97.28","0.904","ani_screen","classification based on ANI only","GCF_013608025.1, s__Pseudomonas_E neoa...","97.44","-","-","TCS_genomes_14_DRAM","o__Pseudomonadales",185,813,308,0,812,1,0,0,0,100,0.11,"Very low"
"247","TCS_genomes_14","Bacteria","Pseudomonadota","Gammaproteobacteria","Pseudomonadales","Pseudomonadaceae","Pseudomonas_E","Pseudomonas_E alvandae","GCF_019141525.1","95","d__Bacteria;p__Pseudomonadota;c__Gammaproteobacteria;o__Pseudomonadales;f__Pseudomonadaceae;g__Pseudomonas_E;s__Pseudomonas_E alvandae","97.22","0.885","-","-","-","-","ani_screen","classification based on ANI only","GCF_900115075.1, s__Pantoea sp90011507...","-","-","Insufficient number of amino acids in MSA (0.8%)","TCS_genomes_14_DRAM","k__Bacteria",5449,103,57,0,1,102,0,0,0,100,99.65,"Very high"
"248","TCS_genomes_14","Bacteria","Pseudomonadota","Gammaproteobacteria","Pseudomonadales","Pseudomonadaceae","Pseudomonas_E","","-","-","-","-","-","GCF_021605415.1","d__Bacteria;p__Pseudomonadota;c__Gammaproteobacteria;o__Pseudomonadales;f__Pseudomonadaceae;g__Pseudomonas_E;s__Pseudomonas_E syringae_S","88.92","0.835","taxonomic classification defined by topology and ANI","classification based on placement in class-level tree","GCF_021601625.1, s__Pseudomonas_E para...","96.88","0.99635","Genome not assigned to closest species as it falls outside its pre-defined ANI radius","TCS_genomes_14_DRAM","o__Pseudomonadales",185,813,308,0,810,3,0,0,0,100,0.6,"Very low"
"249","TCS_genomes_15","Bacteria","Pseudomonadota","Gammaproteobacteria","Pseudomonadales","Pseudomonadaceae","Pseudomonas_E","","-","-","-","-","-","-","-","-","-","taxonomic classification defined by topology and ANI","classification based on placement in class-level tree","GCF_900105485.1, s__Pseudomonas_E gran...","97.68","0.99977","Genome not assigned to closest species as it falls outside its pre-defined ANI radius","TCS_genomes_15_DRAM","o__Pseudomonadales",185,813,308,0,812,1,0,0,0,100,0.11,"Very low"
"25","TCS_genomes_2","Bacteria","Pseudomonadota","Gammaproteobacteria","Pseudomonadales","Pseudomonadaceae","Pseudomonas_E","","-","-","-","-","-","GCF_021605415.1","d__Bacteria;p__Pseudomonadota;c__Gammaproteobacteria;o__Pseudomonadales;f__Pseudomonadaceae;g__Pseudomonas_E;s__Pseudomonas_E syringae_S","89.17","0.871","taxonomic classification defined by topology and ANI","classification based on placement in class-level tree","GCF_021018765.1, s__Pseudomonas_E sp02...","96.03","0.99645","Genome not assigned to closest species as it falls outside its pre-defined ANI radius","TCS_genomes_2_DRAM","o__Pseudomonadales",185,813,308,0,804,9,0,0,0,100,1.33,"Low"
"250","TCS_genomes_15","Bacteria","Pseudomonadota","Gammaproteobacteria","Pseudomonadales","Pseudomonadaceae","Pseudomonas_E","","-","-","-","-","-","-","-","-","-","taxonomic classification defined by topology and ANI","classification based on placement in class-level tree","GCF_900105485.1, s__Pseudomonas_E gran...","97.68","0.99977","Genome not assigned to closest species as it falls outside its pre-defined ANI radius","TCS_genomes_15_DRAM","o__Pseudomonadales",185,813,308,0,812,1,0,0,0,100,0.11,"Very low"
"251","TCS_genomes_15","Bacteria","Pseudomonadota","Gammaproteobacteria","Pseudomonadales","Pseudomonadaceae","Pseudomonas_E","Pseudomonas_E marvdashtae","GCF_014268655.2","95","d__Bacteria;p__Pseudomonadota;c__Gammaproteobacteria;o__Pseudomonadales;f__Pseudomonadaceae;g__Pseudomonas_E;s__Pseudomonas_E marvdashtae","98.71","0.917","GCF_014268655.2","d__Bacteria;p__Pseudomonadota;c__Gammaproteobacteria;o__Pseudomonadales;f__Pseudomonadaceae;g__Pseudomonas_E;s__Pseudomonas_E marvdashtae","98.71","0.917","ani_screen","classification based on ANI only","GCF_019141525.1, s__Pseudomonas_E alva...","97.44","-","-","TCS_genomes_15_DRAM","o__Pseudomonadales",185,813,308,0,811,2,0,0,0,100,0.17,"Very low"
"252","TCS_genomes_15","Bacteria","Pseudomonadota","Gammaproteobacteria","Pseudomonadales","Pseudomonadaceae","Pseudomonas_E","Pseudomonas_E marvdashtae","GCF_014268655.2","95","d__Bacteria;p__Pseudomonadota;c__Gammaproteobacteria;o__Pseudomonadales;f__Pseudomonadaceae;g__Pseudomonas_E;s__Pseudomonas_E marvdashtae","98.73","0.913","GCF_014268655.2","d__Bacteria;p__Pseudomonadota;c__Gammaproteobacteria;o__Pseudomonadales;f__Pseudomonadaceae;g__Pseudomonas_E;s__Pseudomonas_E marvdashtae","98.73","0.913","ani_screen","classification based on ANI only","GCF_019141525.1, s__Pseudomonas_E alva...","97.44","-","-","TCS_genomes_15_DRAM","o__Pseudomonadales",185,813,308,0,811,2,0,0,0,100,0.17,"Very low"
"253","TCS_genomes_15","Bacteria","Pseudomonadota","Gammaproteobacteria","Pseudomonadales","Pseudomonadaceae","Pseudomonas_E","Pseudomonas_E marvdashtae","GCF_014268655.2","95","d__Bacteria;p__Pseudomonadota;c__Gammaproteobacteria;o__Pseudomonadales;f__Pseudomonadaceae;g__Pseudomonas_E;s__Pseudomonas_E marvdashtae","98.71","0.9","GCF_014268655.2","d__Bacteria;p__Pseudomonadota;c__Gammaproteobacteria;o__Pseudomonadales;f__Pseudomonadaceae;g__Pseudomonas_E;s__Pseudomonas_E marvdashtae","98.71","0.9","ani_screen","classification based on ANI only","GCF_019141525.1, s__Pseudomonas_E alva...","20.46","-","Genome has more than 79.2% of markers with multiple hits","TCS_genomes_15_DRAM","k__Bacteria",5449,103,57,0,19,80,4,0,0,100,80.48,"Very high"
"254","TCS_genomes_15","Bacteria","Pseudomonadota","Gammaproteobacteria","Pseudomonadales","Pseudomonadaceae","Pseudomonas_E","Pseudomonas_E marvdashtae","GCF_014268655.2","95","d__Bacteria;p__Pseudomonadota;c__Gammaproteobacteria;o__Pseudomonadales;f__Pseudomonadaceae;g__Pseudomonas_E;s__Pseudomonas_E marvdashtae","98.69","0.897","-","-","-","-","ani_screen","classification based on ANI only","GCF_001598475.1, s__Pantoea agglomeran...","-","-","Insufficient number of amino acids in MSA (2.5%)","TCS_genomes_15_DRAM","root",5656,56,24,0,0,56,0,0,0,100,100,"Very high"
"255","TCS_genomes_15","Bacteria","Pseudomonadota","Gammaproteobacteria","Xanthomonadales","Xanthomonadaceae","Stenotrophomonas","Stenotrophomonas rhizophila_A","GCF_001704155.1","95","d__Bacteria;p__Pseudomonadota;c__Gammaproteobacteria;o__Xanthomonadales;f__Xanthomonadaceae;g__Stenotrophomonas;s__Stenotrophomonas rhizophila_A","97.52","0.902","GCF_001704155.1","d__Bacteria;p__Pseudomonadota;c__Gammaproteobacteria;o__Xanthomonadales;f__Xanthomonadaceae;g__Stenotrophomonas;s__Stenotrophomonas rhizophila_A","97.52","0.902","ani_screen","classification based on ANI only","GCA_002386405.1, s__Stenotrophomonas m...","98.37","-","-","TCS_genomes_15_DRAM","f__Xanthomonadaceae",55,659,290,1,657,1,0,0,0,99.89,0.04,"Very low"
"256","TCS_genomes_15","Bacteria","Pseudomonadota","Gammaproteobacteria","Pseudomonadales","Pseudomonadaceae","Stutzerimonas","","-","-","-","-","-","GCA_002387205.1","d__Bacteria;p__Pseudomonadota;c__Gammaproteobacteria;o__Pseudomonadales;f__Pseudomonadaceae;g__Stutzerimonas;s__Stutzerimonas stutzeri_N","81.33","0.63","taxonomic classification defined by topology and ANI","classification based on placement in class-level tree","GCF_024448895.1, s__Stutzerimonas stut...","98.73","0.99043","Genome not assigned to closest species as it falls outside its pre-defined ANI radius","TCS_genomes_15_DRAM","c__Gammaproteobacteria",228,583,244,1,581,1,0,0,0,99.94,0.14,"Very low"
"257","TCS_genomes_15","Bacteria","Pseudomonadota","Gammaproteobacteria","Xanthomonadales","Xanthomonadaceae","Stenotrophomonas","Stenotrophomonas rhizophila_A","GCF_001704155.1","95","d__Bacteria;p__Pseudomonadota;c__Gammaproteobacteria;o__Xanthomonadales;f__Xanthomonadaceae;g__Stenotrophomonas;s__Stenotrophomonas rhizophila_A","97.49","0.909","GCF_001704155.1","d__Bacteria;p__Pseudomonadota;c__Gammaproteobacteria;o__Xanthomonadales;f__Xanthomonadaceae;g__Stenotrophomonas;s__Stenotrophomonas rhizophila_A","97.49","0.909","ani_screen","classification based on ANI only","GCA_002386405.1, s__Stenotrophomonas m...","98.37","-","-","TCS_genomes_15_DRAM","f__Xanthomonadaceae",55,659,290,1,657,1,0,0,0,99.89,0.04,"Very low"
"258","TCS_genomes_15","Bacteria","Pseudomonadota","Gammaproteobacteria","Pseudomonadales","Pseudomonadaceae","Stutzerimonas","","-","-","-","-","-","GCA_002387205.1","d__Bacteria;p__Pseudomonadota;c__Gammaproteobacteria;o__Pseudomonadales;f__Pseudomonadaceae;g__Stutzerimonas;s__Stutzerimonas stutzeri_N","81.32","0.622","taxonomic classification defined by topology and ANI","classification based on placement in class-level tree","GCA_004010935.1, s__Stutzerimonas sp00...","98.73","0.99043","Genome not assigned to closest species as it falls outside its pre-defined ANI radius","TCS_genomes_15_DRAM","c__Gammaproteobacteria",228,583,244,1,581,1,0,0,0,99.94,0.14,"Very low"
"259","TCS_genomes_15","Bacteria","Pseudomonadota","Gammaproteobacteria","Pseudomonadales","Pseudomonadaceae","Pseudomonas_E","","-","-","-","-","-","GCF_902497785.1","d__Bacteria;p__Pseudomonadota;c__Gammaproteobacteria;o__Pseudomonadales;f__Pseudomonadaceae;g__Pseudomonas_E;s__Pseudomonas_E fluorescens_BO","85.68","0.776","taxonomic classification defined by topology and ANI","classification based on placement in class-level tree","GCF_018502625.1, s__Pseudomonas_E fluo...","98.61","0.99103","Genome not assigned to closest species as it falls outside its pre-defined ANI radius","TCS_genomes_15_DRAM","o__Pseudomonadales",185,813,308,1,810,2,0,0,0,99.68,0.19,"Very low"
"26","TCS_genomes_2","Bacteria","Pseudomonadota","Gammaproteobacteria","Pseudomonadales","Pseudomonadaceae","Pseudomonas_E","","-","-","-","-","-","-","-","-","-","taxonomic classification defined by topology and ANI","classification based on placement in class-level tree","GCF_900105485.1, s__Pseudomonas_E gran...","97.68","0.99974","Genome not assigned to closest species as it falls outside its pre-defined ANI radius","TCS_genomes_2_DRAM","o__Pseudomonadales",185,813,308,0,811,2,0,0,0,100,0.15,"Very low"
"260","TCS_genomes_15","Bacteria","Pseudomonadota","Gammaproteobacteria","Pseudomonadales","Pseudomonadaceae","Pseudomonas_E","Pseudomonas_E marvdashtae","GCF_014268655.2","95","d__Bacteria;p__Pseudomonadota;c__Gammaproteobacteria;o__Pseudomonadales;f__Pseudomonadaceae;g__Pseudomonas_E;s__Pseudomonas_E marvdashtae","98.69","0.916","GCF_014268655.2","d__Bacteria;p__Pseudomonadota;c__Gammaproteobacteria;o__Pseudomonadales;f__Pseudomonadaceae;g__Pseudomonas_E;s__Pseudomonas_E marvdashtae","98.69","0.916","ani_screen","classification based on ANI only","GCF_019141525.1, s__Pseudomonas_E alva...","97.44","-","-","TCS_genomes_15_DRAM","o__Pseudomonadales",185,813,308,0,811,2,0,0,0,100,0.17,"Very low"
"261","TCS_genomes_15","Bacteria","Pseudomonadota","Gammaproteobacteria","Pseudomonadales","Pseudomonadaceae","Pseudomonas_E","","-","-","-","-","-","GCF_012935755.1","d__Bacteria;p__Pseudomonadota;c__Gammaproteobacteria;o__Pseudomonadales;f__Pseudomonadaceae;g__Pseudomonas_E;s__Pseudomonas_E sp012935755","93.93","0.838","taxonomic classification defined by topology and ANI","classification based on placement in class-level tree","GCF_008370045.1, s__Pseudomonas_E sp00...","97.8","0.99824","Genome not assigned to closest species as it falls outside its pre-defined ANI radius","TCS_genomes_15_DRAM","o__Pseudomonadales",185,813,308,0,811,2,0,0,0,100,0.27,"Very low"
"262","TCS_genomes_15","Bacteria","Pseudomonadota","Gammaproteobacteria","Enterobacterales","Enterobacteriaceae","Pantoea","Pantoea agglomerans","GCF_001598475.1","95","d__Bacteria;p__Pseudomonadota;c__Gammaproteobacteria;o__Enterobacterales;f__Enterobacteriaceae;g__Pantoea;s__Pantoea agglomerans","98.44","0.938","-","-","-","-","ani_screen","classification based on ANI only","GCF_900105485.1, s__Pseudomonas_E gran...","-","-","Insufficient number of amino acids in MSA (2.5%)","TCS_genomes_15_DRAM","k__Bacteria",5449,104,58,0,4,39,56,5,0,100,178.35,"Very high"
"263","TCS_genomes_15","Bacteria","Pseudomonadota","Gammaproteobacteria","Enterobacterales","Enterobacteriaceae","Pantoea","Pantoea agglomerans","GCF_001598475.1","95","d__Bacteria;p__Pseudomonadota;c__Gammaproteobacteria;o__Enterobacterales;f__Enterobacteriaceae;g__Pantoea;s__Pantoea agglomerans","98.46","0.931","-","-","-","-","ani_screen","classification based on ANI only","-","-","-","No bacterial or archaeal marker","TCS_genomes_15_DRAM","root",5656,56,24,0,0,53,3,0,0,100,112.5,"Very high"
"264","TCS_genomes_15","Bacteria","Pseudomonadota","Gammaproteobacteria","Enterobacterales","Enterobacteriaceae","Mixta","","-","-","-","-","-","GCA_940807255.1","d__Bacteria;p__Pseudomonadota;c__Gammaproteobacteria;o__Enterobacterales;f__Enterobacteriaceae;g__Mixta;s__Mixta sp940807255","91.02","0.781","taxonomic classification defined by topology and ANI","classification based on placement in class-level tree","GCF_002895925.1, s__Mixta theicola, 95...","97.66","0.99769","Genome not assigned to closest species as it falls outside its pre-defined ANI radius","TCS_genomes_15_DRAM","f__Enterobacteriaceae",223,876,305,3,872,1,0,0,0,99.68,0.08,"Very low"
"265","TCS_genomes_15","Bacteria","Pseudomonadota","Gammaproteobacteria","Enterobacterales","Enterobacteriaceae","Mixta","","-","-","-","-","-","GCA_940807255.1","d__Bacteria;p__Pseudomonadota;c__Gammaproteobacteria;o__Enterobacterales;f__Enterobacteriaceae;g__Mixta;s__Mixta sp940807255","91.05","0.782","taxonomic classification defined by topology and ANI","classification based on placement in class-level tree","GCF_002895925.1, s__Mixta theicola, 95...","97.66","0.99769","Genome not assigned to closest species as it falls outside its pre-defined ANI radius","TCS_genomes_15_DRAM","f__Enterobacteriaceae",223,876,305,4,871,1,0,0,0,99.52,0.08,"Very low"
"266","TCS_genomes_15","Bacteria","Pseudomonadota","Gammaproteobacteria","Enterobacterales","Enterobacteriaceae","Pantoea","Pantoea brenneri","GCA_002095305.1","95","d__Bacteria;p__Pseudomonadota;c__Gammaproteobacteria;o__Enterobacterales;f__Enterobacteriaceae;g__Pantoea;s__Pantoea brenneri","99.39","0.901","-","-","-","-","ani_screen","classification based on ANI only","-","-","-","Insufficient number of amino acids in MSA (0.8%)","TCS_genomes_15_DRAM","root",5656,56,24,0,0,56,0,0,0,100,100,"Very high"
"267","TCS_genomes_16","Bacteria","Pseudomonadota","Gammaproteobacteria","Enterobacterales","Enterobacteriaceae","Pantoea","Pantoea sp900115075","GCF_900115075.1","95","d__Bacteria;p__Pseudomonadota;c__Gammaproteobacteria;o__Enterobacterales;f__Enterobacteriaceae;g__Pantoea;s__Pantoea sp900115075","96.51","0.918","-","-","-","-","ani_screen","classification based on ANI only","GCF_003851685.1, s__Pseudomonas_E sp00...","-","-","Insufficient number of amino acids in MSA (1.7%)","TCS_genomes_16_DRAM","k__Bacteria",5449,104,58,0,3,27,72,2,0,100,186.68,"Very high"
"268","TCS_genomes_16","Bacteria","Pseudomonadota","Gammaproteobacteria","Pseudomonadales","Pseudomonadaceae","Pseudomonas_E","","-","-","-","-","-","GCF_003851685.1","d__Bacteria;p__Pseudomonadota;c__Gammaproteobacteria;o__Pseudomonadales;f__Pseudomonadaceae;g__Pseudomonas_E;s__Pseudomonas_E sp003851685","94.31","0.83","taxonomic classification defined by topology and ANI","classification based on placement in class-level tree","GCF_003852235.1, s__Pseudomonas_E sp00...","22.86","0.99999","Genome has more than 70.0% of markers with multiple hits;Genome not assigned to closest species as it falls outside its pre-defined ANI radius","TCS_genomes_16_DRAM","k__Bacteria",5449,103,57,7,35,54,7,0,0,97.26,82.12,"Very high"
"269","TCS_genomes_16","Bacteria","Pseudomonadota","Gammaproteobacteria","Pseudomonadales","Pseudomonadaceae","Pseudomonas_E","","-","-","-","-","-","GCF_001297125.1","d__Bacteria;p__Pseudomonadota;c__Gammaproteobacteria;o__Pseudomonadales;f__Pseudomonadaceae;g__Pseudomonas_E;s__Pseudomonas_E sp001297125","92.35","0.819","taxonomic classification defined by topology and ANI","classification based on placement in class-level tree","GCF_008369325.1, s__Pseudomonas_E sp00...","97.76","0.99685","Genome not assigned to closest species as it falls outside its pre-defined ANI radius","TCS_genomes_16_DRAM","o__Pseudomonadales",185,813,308,0,812,1,0,0,0,100,0.11,"Very low"
"27","TCS_genomes_2","Bacteria","Pseudomonadota","Gammaproteobacteria","Pseudomonadales","Pseudomonadaceae","Pseudomonas_E","","-","-","-","-","-","GCF_021605415.1","d__Bacteria;p__Pseudomonadota;c__Gammaproteobacteria;o__Pseudomonadales;f__Pseudomonadaceae;g__Pseudomonas_E;s__Pseudomonas_E syringae_S","89.15","0.863","taxonomic classification defined by topology and ANI","classification based on placement in class-level tree","GCF_021018765.1, s__Pseudomonas_E sp02...","97.7","0.99639","Genome not assigned to closest species as it falls outside its pre-defined ANI radius","TCS_genomes_2_DRAM","o__Pseudomonadales",185,813,308,0,812,1,0,0,0,100,0.11,"Very low"
"270","TCS_genomes_16","Bacteria","Pseudomonadota","Gammaproteobacteria","Pseudomonadales","Pseudomonadaceae","Pseudomonas_E","","-","-","-","-","-","-","-","-","-","taxonomic classification defined by topology and ANI","classification based on placement in class-level tree","GCF_021728295.1, s__Pseudomonas_E sp02...","97.76","0.99464","Genome not assigned to closest species as it falls outside its pre-defined ANI radius","TCS_genomes_16_DRAM","o__Pseudomonadales",185,813,308,2,811,0,0,0,0,99.59,0,"No detectable contamination"
"271","TCS_genomes_16","Bacteria","Pseudomonadota","Gammaproteobacteria","Pseudomonadales","Pseudomonadaceae","Pseudomonas_E","Pseudomonas_E sp003851685","GCF_003851685.1","95","d__Bacteria;p__Pseudomonadota;c__Gammaproteobacteria;o__Pseudomonadales;f__Pseudomonadaceae;g__Pseudomonas_E;s__Pseudomonas_E sp003851685","96.42","0.891","GCF_003851685.1","d__Bacteria;p__Pseudomonadota;c__Gammaproteobacteria;o__Pseudomonadales;f__Pseudomonadaceae;g__Pseudomonas_E;s__Pseudomonas_E sp003851685","96.42","0.891","ani_screen","classification based on ANI only","GCF_003852235.1, s__Pseudomonas_E sp00...","96.82","-","-","TCS_genomes_16_DRAM","o__Pseudomonadales",185,813,308,0,807,6,0,0,0,100,1.12,"Low"
"272","TCS_genomes_16","Bacteria","Pseudomonadota","Gammaproteobacteria","Pseudomonadales","Pseudomonadaceae","Pseudomonas_E","Pseudomonas_E sp003851685","GCF_003851685.1","95","d__Bacteria;p__Pseudomonadota;c__Gammaproteobacteria;o__Pseudomonadales;f__Pseudomonadaceae;g__Pseudomonas_E;s__Pseudomonas_E sp003851685","96.39","0.881","GCF_003851685.1","d__Bacteria;p__Pseudomonadota;c__Gammaproteobacteria;o__Pseudomonadales;f__Pseudomonadaceae;g__Pseudomonas_E;s__Pseudomonas_E sp003851685","96.39","0.881","ani_screen","classification based on ANI only","GCF_003852235.1, s__Pseudomonas_E sp00...","97","-","-","TCS_genomes_16_DRAM","o__Pseudomonadales",185,813,308,0,808,5,0,0,0,100,1.16,"Low"
"273","TCS_genomes_16","Bacteria","Pseudomonadota","Gammaproteobacteria","Pseudomonadales","Pseudomonadaceae","Pseudomonas_E","Pseudomonas_E sp003851685","GCF_003851685.1","95","d__Bacteria;p__Pseudomonadota;c__Gammaproteobacteria;o__Pseudomonadales;f__Pseudomonadaceae;g__Pseudomonas_E;s__Pseudomonas_E sp003851685","96.35","0.884","GCF_003851685.1","d__Bacteria;p__Pseudomonadota;c__Gammaproteobacteria;o__Pseudomonadales;f__Pseudomonadaceae;g__Pseudomonas_E;s__Pseudomonas_E sp003851685","96.35","0.884","ani_screen","classification based on ANI only","GCF_003852235.1, s__Pseudomonas_E sp00...","91.18","-","-","TCS_genomes_16_DRAM","o__Pseudomonadales",185,813,308,0,725,88,0,0,0,100,11.2,"High"
"274","TCS_genomes_16","Bacteria","Pseudomonadota","Gammaproteobacteria","Enterobacterales","Enterobacteriaceae","Pantoea","Pantoea sp900115075","GCF_900115075.1","95","d__Bacteria;p__Pseudomonadota;c__Gammaproteobacteria;o__Enterobacterales;f__Enterobacteriaceae;g__Pantoea;s__Pantoea sp900115075","96.47","0.904","-","-","-","-","ani_screen","classification based on ANI only","-","-","-","Insufficient number of amino acids in MSA (0.8%)","TCS_genomes_16_DRAM","k__Bacteria",5449,103,57,0,1,102,0,0,0,100,99.65,"Very high"
"275","TCS_genomes_16","Bacteria","Pseudomonadota","Gammaproteobacteria","Pseudomonadales","Pseudomonadaceae","Pseudomonas_E","","-","-","-","-","-","GCF_000585995.1","d__Bacteria;p__Pseudomonadota;c__Gammaproteobacteria;o__Pseudomonadales;f__Pseudomonadaceae;g__Pseudomonas_E;s__Pseudomonas_E brassicacearum_A","93.88","0.858","taxonomic classification defined by topology and ANI","classification based on placement in class-level tree","GCF_004786035.1, s__Pseudomonas_E vici...","85.74","0.9958","Genome not assigned to closest species as it falls outside its pre-defined ANI radius;Genome has more than 12.5% of markers with multiple hits","TCS_genomes_16_DRAM","o__Pseudomonadales",185,813,308,4,675,129,5,0,0,99.27,16.72,"Very high"
"276","TCS_genomes_16","Bacteria","Pseudomonadota","Gammaproteobacteria","Pseudomonadales","Pseudomonadaceae","Pseudomonas_E","","-","-","-","-","-","GCF_000585995.1","d__Bacteria;p__Pseudomonadota;c__Gammaproteobacteria;o__Pseudomonadales;f__Pseudomonadaceae;g__Pseudomonas_E;s__Pseudomonas_E brassicacearum_A","93.97","0.858","taxonomic classification defined by topology and ANI","classification based on placement in class-level tree","GCF_004786035.1, s__Pseudomonas_E vici...","96.68","0.99698","Genome not assigned to closest species as it falls outside its pre-defined ANI radius","TCS_genomes_16_DRAM","o__Pseudomonadales",185,813,308,0,808,5,0,0,0,100,0.71,"Very low"
"277","TCS_genomes_16","Bacteria","Pseudomonadota","Gammaproteobacteria","Enterobacterales","Enterobacteriaceae","Pantoea","Pantoea sp900115075","GCF_900115075.1","95","d__Bacteria;p__Pseudomonadota;c__Gammaproteobacteria;o__Enterobacterales;f__Enterobacteriaceae;g__Pantoea;s__Pantoea sp900115075","96.48","0.902","-","-","-","-","ani_screen","classification based on ANI only","-","-","-","No bacterial or archaeal marker","TCS_genomes_16_DRAM","root",5656,56,24,0,0,56,0,0,0,100,100,"Very high"
"278","TCS_genomes_16","Bacteria","Pseudomonadota","Gammaproteobacteria","Enterobacterales","Enterobacteriaceae","Pantoea","Pantoea sp900115075","GCF_900115075.1","95","d__Bacteria;p__Pseudomonadota;c__Gammaproteobacteria;o__Enterobacterales;f__Enterobacteriaceae;g__Pantoea;s__Pantoea sp900115075","96.18","0.66","-","-","-","-","ani_screen","classification based on ANI only","GCA_002840155.1, s__Pseudomonas_E sp00...","-","-","Insufficient number of amino acids in MSA (1.6%)","TCS_genomes_16_DRAM","root",5656,56,24,0,1,55,0,0,0,100,95.83,"Very high"
"279","TCS_genomes_16","Bacteria","Pseudomonadota","Gammaproteobacteria","Enterobacterales","Enterobacteriaceae","Pantoea","Pantoea brenneri","GCA_002095305.1","95","d__Bacteria;p__Pseudomonadota;c__Gammaproteobacteria;o__Enterobacterales;f__Enterobacteriaceae;g__Pantoea;s__Pantoea brenneri","99.37","0.902","-","-","-","-","ani_screen","classification based on ANI only","-","-","-","Insufficient number of amino acids in MSA (0.8%)","TCS_genomes_16_DRAM","root",5656,56,24,0,0,48,8,0,0,100,111.23,"Very high"
"28","TCS_genomes_2","Bacteria","Pseudomonadota","Gammaproteobacteria","Pseudomonadales","Pseudomonadaceae","Pseudomonas_E","Pseudomonas_E neoaurantiaca","GCF_013608025.1","95","d__Bacteria;p__Pseudomonadota;c__Gammaproteobacteria;o__Pseudomonadales;f__Pseudomonadaceae;g__Pseudomonas_E;s__Pseudomonas_E neoaurantiaca","95.86","0.894","-","-","-","-","ani_screen","classification based on ANI only","GCF_013608025.1, s__Pseudomonas_E neoa...","97.42","-","-","TCS_genomes_2_DRAM","o__Pseudomonadales",185,813,308,0,812,1,0,0,0,100,0.11,"Very low"
"280","TCS_genomes_16","Bacteria","Pseudomonadota","Gammaproteobacteria","Enterobacterales","Enterobacteriaceae","Pantoea","Pantoea sp900115075","GCF_900115075.1","95","d__Bacteria;p__Pseudomonadota;c__Gammaproteobacteria;o__Enterobacterales;f__Enterobacteriaceae;g__Pantoea;s__Pantoea sp900115075","96.52","0.918","GCF_900115075.1","d__Bacteria;p__Pseudomonadota;c__Gammaproteobacteria;o__Enterobacterales;f__Enterobacteriaceae;g__Pantoea;s__Pantoea sp900115075","96.52","0.918","ani_screen","classification based on ANI only","GCF_013415305.1, s__Pantoea sp00241993...","98.59","-","-","TCS_genomes_16_DRAM","f__Enterobacteriaceae",223,876,305,0,873,3,0,0,0,100,0.41,"Very low"
"281","TCS_genomes_16","Bacteria","Pseudomonadota","Gammaproteobacteria","Enterobacterales","Enterobacteriaceae","Pantoea","Pantoea sp900115075","GCF_900115075.1","95","d__Bacteria;p__Pseudomonadota;c__Gammaproteobacteria;o__Enterobacterales;f__Enterobacteriaceae;g__Pantoea;s__Pantoea sp900115075","96.52","0.897","-","-","-","-","ani_screen","classification based on ANI only","-","-","-","Insufficient number of amino acids in MSA (1.7%)","TCS_genomes_16_DRAM","k__Bacteria",5449,103,57,0,1,101,1,0,0,100,100.53,"Very high"
"282","TCS_genomes_17","Bacteria","Proteobacteria","Gammaproteobacteria","Pseudomonadales","Pseudomonadaceae","Pseudomonas_E","Pseudomonas_E fluorescens_AO","GCF_000817895.1","95","d__Bacteria;p__Proteobacteria;c__Gammaproteobacteria;o__Pseudomonadales;f__Pseudomonadaceae;g__Pseudomonas_E;s__Pseudomonas_E fluorescens_AO","97.71","0.94","GCF_000817895.1","d__Bacteria;p__Proteobacteria;c__Gammaproteobacteria;o__Pseudomonadales;f__Pseudomonadaceae;g__Pseudomonas_E;s__Pseudomonas_E fluorescens_AO","97.71","0.94","taxonomic classification defined by topology and ANI","topological placement and ANI have congruent species assignments","GCF_001605965.1, s__Pseudomonas_E kore...","97.88","-","-","TCS_genomes_17_DRAM","o__Pseudomonadales",185,813,308,0,811,2,0,0,0,100,0.16,"Very low"
"283","TCS_genomes_17","Bacteria","Proteobacteria","Gammaproteobacteria","Pseudomonadales","Pseudomonadaceae","Pseudomonas_E","Pseudomonas_E fluorescens_AO","GCF_000817895.1","95","d__Bacteria;p__Proteobacteria;c__Gammaproteobacteria;o__Pseudomonadales;f__Pseudomonadaceae;g__Pseudomonas_E;s__Pseudomonas_E fluorescens_AO","97.78","0.94","GCF_000817895.1","d__Bacteria;p__Proteobacteria;c__Gammaproteobacteria;o__Pseudomonadales;f__Pseudomonadaceae;g__Pseudomonas_E;s__Pseudomonas_E fluorescens_AO","97.78","0.94","taxonomic classification defined by topology and ANI","topological placement and ANI have congruent species assignments","GCF_005233515.1, s__Pseudomonas_E sp00...","97.88","-","-","TCS_genomes_17_DRAM","o__Pseudomonadales",185,813,308,0,811,2,0,0,0,100,0.16,"Very low"
"284","TCS_genomes_17","Bacteria","Proteobacteria","Gammaproteobacteria","Enterobacterales","Enterobacteriaceae","Pantoea","Pantoea agglomerans","GCF_001598475.1","95","d__Bacteria;p__Proteobacteria;c__Gammaproteobacteria;o__Enterobacterales;f__Enterobacteriaceae;g__Pantoea;s__Pantoea agglomerans","98.49","0.95","GCF_001598475.1","d__Bacteria;p__Proteobacteria;c__Gammaproteobacteria;o__Enterobacterales;f__Enterobacteriaceae;g__Pantoea;s__Pantoea agglomerans","98.49","0.95","taxonomic classification defined by topology and ANI","topological placement and ANI have congruent species assignments","GCF_900115075.1, s__Pantoea sp90011507...","94.38","-","-","TCS_genomes_17_DRAM","f__Enterobacteriaceae",223,876,305,0,786,89,1,0,0,100,10.96,"High"
"285",NA,NA,NA,NA,NA,NA,NA,NA,NA,NA,NA,NA,NA,NA,NA,NA,NA,NA,NA,NA,NA,NA,NA,"TCS_genomes_17_DRAM","k__Bacteria",5449,104,58,0,1,103,0,0,0,100,99.66,"Very high"
"286",NA,NA,NA,NA,NA,NA,NA,NA,NA,NA,NA,NA,NA,NA,NA,NA,NA,NA,NA,NA,NA,NA,NA,"TCS_genomes_17_DRAM","k__Bacteria",5449,104,58,0,1,103,0,0,0,100,99.66,"Very high"
"287",NA,NA,NA,NA,NA,NA,NA,NA,NA,NA,NA,NA,NA,NA,NA,NA,NA,NA,NA,NA,NA,NA,NA,"TCS_genomes_17_DRAM","root",5656,56,24,0,0,56,0,0,0,100,100,"Very high"
"288",NA,NA,NA,NA,NA,NA,NA,NA,NA,NA,NA,NA,NA,NA,NA,NA,NA,NA,NA,NA,NA,NA,NA,"TCS_genomes_17_DRAM","k__Bacteria",5449,103,57,0,1,38,58,6,0,100,182.97,"Very high"
"289","TCS_genomes_17","Bacteria","Proteobacteria","Gammaproteobacteria","Pseudomonadales","Pseudomonadaceae","Pseudomonas_E","","-","-","-","-","-","-","-","-","-","taxonomic classification defined by topology and ANI","-","GCF_004006335.1, s__Pseudomonas_E sp00...","97.82","0.9932413613","Genome not assigned to closest species as it falls outside its pre-defined ANI radius","TCS_genomes_17_DRAM","o__Pseudomonadales",185,813,308,0,811,2,0,0,0,100,0.43,"Very low"
"29","TCS_genomes_2","Bacteria","Pseudomonadota","Gammaproteobacteria","Pseudomonadales","Pseudomonadaceae","Pseudomonas_E","Pseudomonas_E alvandae","GCF_019141525.1","95","d__Bacteria;p__Pseudomonadota;c__Gammaproteobacteria;o__Pseudomonadales;f__Pseudomonadaceae;g__Pseudomonas_E;s__Pseudomonas_E alvandae","98.49","0.933","GCF_019141525.1","d__Bacteria;p__Pseudomonadota;c__Gammaproteobacteria;o__Pseudomonadales;f__Pseudomonadaceae;g__Pseudomonas_E;s__Pseudomonas_E alvandae","98.49","0.933","ani_screen","classification based on ANI only","GCF_013608025.1, s__Pseudomonas_E neoa...","97.42","-","-","TCS_genomes_2_DRAM","o__Pseudomonadales",185,813,308,0,812,1,0,0,0,100,0.11,"Very low"
"290","TCS_genomes_17","Bacteria","Proteobacteria","Gammaproteobacteria","Pseudomonadales","Pseudomonadaceae","Pseudomonas_E","","-","-","-","-","-","GCF_900100795.1","d__Bacteria;p__Proteobacteria;c__Gammaproteobacteria;o__Pseudomonadales;f__Pseudomonadaceae;g__Pseudomonas_E;s__Pseudomonas_E abietaniphila","94.48","0.84","taxonomic classification defined by topology and ANI","-","GCF_900110765.1, s__Pseudomonas_E sp90...","98.71","0.9993086693","Genome not assigned to closest species as it falls outside its pre-defined ANI radius","TCS_genomes_17_DRAM","o__Pseudomonadales",185,813,308,2,807,4,0,0,0,99.61,0.25,"Very low"
"291","TCS_genomes_17","Bacteria","Proteobacteria","Gammaproteobacteria","Enterobacterales","Enterobacteriaceae","Erwinia","Erwinia sp003937915","GCF_003937915.1","95","d__Bacteria;p__Proteobacteria;c__Gammaproteobacteria;o__Enterobacterales;f__Enterobacteriaceae;g__Erwinia;s__Erwinia sp003937915","95.72","0.9","GCF_003937915.1","d__Bacteria;p__Proteobacteria;c__Gammaproteobacteria;o__Enterobacterales;f__Enterobacteriaceae;g__Erwinia;s__Erwinia sp003937915","95.72","0.9","taxonomic classification defined by topology and ANI","topological placement and ANI have congruent species assignments","GCA_003512805.1, s__Erwinia sp00351280...","96.57","-","-","TCS_genomes_17_DRAM","f__Enterobacteriaceae",223,876,305,1,875,0,0,0,0,99.99,0,"No detectable contamination"
"292","TCS_genomes_17","Bacteria","Proteobacteria","Gammaproteobacteria","Pseudomonadales","Pseudomonadaceae","Pseudomonas_E","","-","-","-","-","-","GCF_902329575.1","d__Bacteria;p__Proteobacteria;c__Gammaproteobacteria;o__Pseudomonadales;f__Pseudomonadaceae;g__Pseudomonas_E;s__Pseudomonas_E carnis","88.21","0.78","taxonomic classification defined by topology and ANI","-","GCF_003851685.1, s__Pseudomonas_E sp00...","14.83","0.9999987422","Genome has more than 85.0% of markers with multiple hits","TCS_genomes_17_DRAM","k__Bacteria",5449,103,57,0,12,89,2,0,0,100,94.33,"Very high"
"293","TCS_genomes_17","Bacteria","Proteobacteria","Gammaproteobacteria","Pseudomonadales","Pseudomonadaceae","Pseudomonas_E","","-","-","-","-","-","GCF_900105485.1","d__Bacteria;p__Proteobacteria;c__Gammaproteobacteria;o__Pseudomonadales;f__Pseudomonadaceae;g__Pseudomonas_E;s__Pseudomonas_E granadensis","94.25","0.89","taxonomic classification defined by topology and ANI","-","GCA_902825215.1, s__Pseudomonas_E fluo...","35.48","0.9996872269","Genome has more than 64.2% of markers with multiple hits","TCS_genomes_17_DRAM","k__Bacteria",5449,103,57,0,38,59,6,0,0,100,78.85,"Very high"
"294","TCS_genomes_17","Bacteria","Proteobacteria","Gammaproteobacteria","Enterobacterales","Enterobacteriaceae","Pantoea","Pantoea sp900115075","GCF_900115075.1","95","d__Bacteria;p__Proteobacteria;c__Gammaproteobacteria;o__Enterobacterales;f__Enterobacteriaceae;g__Pantoea;s__Pantoea sp900115075","96.52","0.92","GCF_900115075.1","d__Bacteria;p__Proteobacteria;c__Gammaproteobacteria;o__Enterobacterales;f__Enterobacteriaceae;g__Pantoea;s__Pantoea sp900115075","96.52","0.92","taxonomic classification defined by topology and ANI","topological placement and ANI have congruent species assignments","GCF_013415305.1, s__Pantoea sp00241993...","98.51","-","-","TCS_genomes_17_DRAM","f__Enterobacteriaceae",223,876,305,0,873,3,0,0,0,100,0.41,"Very low"
"295","TCS_genomes_17","Bacteria","Proteobacteria","Gammaproteobacteria","Enterobacterales","Enterobacteriaceae","Enterobacter","Enterobacter cancerogenus","GCF_900185905.1","95","d__Bacteria;p__Proteobacteria;c__Gammaproteobacteria;o__Enterobacterales;f__Enterobacteriaceae;g__Enterobacter;s__Enterobacter cancerogenus","98.69","0.9","GCF_900185905.1","d__Bacteria;p__Proteobacteria;c__Gammaproteobacteria;o__Enterobacterales;f__Enterobacteriaceae;g__Enterobacter;s__Enterobacter cancerogenus","98.69","0.9","taxonomic classification defined by topology and ANI","topological placement and ANI have congruent species assignments","GCF_004331265.1, s__Enterobacter wuhou...","97.48","-","-","TCS_genomes_17_DRAM","f__Enterobacteriaceae",223,876,305,0,875,1,0,0,0,100,0.08,"Very low"
"296","TCS_genomes_17","Bacteria","Proteobacteria","Gammaproteobacteria","Pseudomonadales","Moraxellaceae","Acinetobacter","Acinetobacter calcoaceticus_C","GCF_900520355.1","95","d__Bacteria;p__Proteobacteria;c__Gammaproteobacteria;o__Pseudomonadales;f__Moraxellaceae;g__Acinetobacter;s__Acinetobacter calcoaceticus_C","96.65","0.91","GCF_900520355.1","d__Bacteria;p__Proteobacteria;c__Gammaproteobacteria;o__Pseudomonadales;f__Moraxellaceae;g__Acinetobacter;s__Acinetobacter calcoaceticus_C","96.65","0.91","taxonomic classification defined by topology and ANI","topological placement and ANI have congruent species assignments","GCF_000368965.1, s__Acinetobacter calc...","98.11","-","-","TCS_genomes_17_DRAM","c__Gammaproteobacteria",1164,275,174,0,274,1,0,0,0,100,0.57,"Very low"
"297","TCS_genomes_17","Bacteria","Proteobacteria","Gammaproteobacteria","Enterobacterales","Enterobacteriaceae","Enterobacter","Enterobacter cancerogenus","GCF_900185905.1","95","d__Bacteria;p__Proteobacteria;c__Gammaproteobacteria;o__Enterobacterales;f__Enterobacteriaceae;g__Enterobacter;s__Enterobacter cancerogenus","98.68","0.9","GCF_900185905.1","d__Bacteria;p__Proteobacteria;c__Gammaproteobacteria;o__Enterobacterales;f__Enterobacteriaceae;g__Enterobacter;s__Enterobacter cancerogenus","98.68","0.9","taxonomic classification defined by topology and ANI","topological placement and ANI have congruent species assignments","GCF_004331265.1, s__Enterobacter wuhou...","97.48","-","-","TCS_genomes_17_DRAM","f__Enterobacteriaceae",223,876,305,0,875,1,0,0,0,100,0.08,"Very low"
"298","TCS_genomes_17","Bacteria","Proteobacteria","Gammaproteobacteria","Pseudomonadales","Pseudomonadaceae","Pseudomonas_E","Pseudomonas_E fluorescens_T","GCF_000346775.1","95","d__Bacteria;p__Proteobacteria;c__Gammaproteobacteria;o__Pseudomonadales;f__Pseudomonadaceae;g__Pseudomonas_E;s__Pseudomonas_E fluorescens_T","97.17","0.89","GCF_000346775.1","d__Bacteria;p__Proteobacteria;c__Gammaproteobacteria;o__Pseudomonadales;f__Pseudomonadaceae;g__Pseudomonas_E;s__Pseudomonas_E fluorescens_T","97.17","0.89","taxonomic classification defined by topology and ANI","topological placement and ANI have congruent species assignments","GCF_013608025.1, s__Pseudomonas_E neoa...","49.1","-","Genome has more than 49.2% of markers with multiple hits","TCS_genomes_17_DRAM","o__Pseudomonadales",185,813,308,2,217,572,19,3,0,99.76,81.95,"Very high"
"299","TCS_genomes_17","Bacteria","Proteobacteria","Gammaproteobacteria","Pseudomonadales","Pseudomonadaceae","Pseudomonas_E","Pseudomonas_E fluorescens_T","GCF_000346775.1","95","d__Bacteria;p__Proteobacteria;c__Gammaproteobacteria;o__Pseudomonadales;f__Pseudomonadaceae;g__Pseudomonas_E;s__Pseudomonas_E fluorescens_T","97.24","0.91","GCF_000346775.1","d__Bacteria;p__Proteobacteria;c__Gammaproteobacteria;o__Pseudomonadales;f__Pseudomonadaceae;g__Pseudomonas_E;s__Pseudomonas_E fluorescens_T","97.24","0.91","taxonomic classification defined by topology and ANI","topological placement and ANI have congruent species assignments","GCF_013608025.1, s__Pseudomonas_E neoa...","97.74","-","-","TCS_genomes_17_DRAM","o__Pseudomonadales",185,813,308,0,812,1,0,0,0,100,0.11,"Very low"
"3","TCS_genomes_1","Bacteria","Pseudomonadota","Gammaproteobacteria","Pseudomonadales","Pseudomonadaceae","Pseudomonas_E","","-","-","-","-","-","-","-","-","-","taxonomic classification defined by topology and ANI","classification based on placement in class-level tree","GCF_019145495.1, s__Pseudomonas_E azer...","96.76","0.99052","Genome not assigned to closest species as it falls outside its pre-defined ANI radius","TCS_genomes_1_DRAM","o__Pseudomonadales",185,813,308,0,810,3,0,0,0,100,0.5,"Very low"
"30","TCS_genomes_2","Bacteria","Pseudomonadota","Gammaproteobacteria","Enterobacterales","Enterobacteriaceae","Pantoea","Pantoea agglomerans","GCF_001598475.1","95","d__Bacteria;p__Pseudomonadota;c__Gammaproteobacteria;o__Enterobacterales;f__Enterobacteriaceae;g__Pantoea;s__Pantoea agglomerans","97.36","0.936","GCF_001598475.1","d__Bacteria;p__Pseudomonadota;c__Gammaproteobacteria;o__Enterobacterales;f__Enterobacteriaceae;g__Pantoea;s__Pantoea agglomerans","97.36","0.936","ani_screen","classification based on ANI only","GCF_900115075.1, s__Pantoea sp90011507...","98.59","-","-","TCS_genomes_2_DRAM","f__Enterobacteriaceae",223,876,305,0,873,3,0,0,0,100,0.36,"Very low"
"300",NA,NA,NA,NA,NA,NA,NA,NA,NA,NA,NA,NA,NA,NA,NA,NA,NA,NA,NA,NA,NA,NA,NA,"TCS_genomes_18_DRAM","k__Bacteria",5449,103,57,0,2,95,6,0,0,100,107.38,"Very high"
"301","TCS_genomes_18","Bacteria","Proteobacteria","Gammaproteobacteria","Pseudomonadales","Pseudomonadaceae","Pseudomonas_E","","-","-","-","-","-","GCF_900105485.1","d__Bacteria;p__Proteobacteria;c__Gammaproteobacteria;o__Pseudomonadales;f__Pseudomonadaceae;g__Pseudomonas_E;s__Pseudomonas_E granadensis","94.67","0.9","taxonomic classification defined by topology and ANI","-","GCA_902825215.1, s__Pseudomonas_E fluo...","57.16","0.9997244496","Genome has more than 42.5% of markers with multiple hits","TCS_genomes_18_DRAM","k__Bacteria",5449,103,57,0,55,47,1,0,0,100,51.8,"Very high"
"302","TCS_genomes_18","Bacteria","Proteobacteria","Gammaproteobacteria","Enterobacterales","Enterobacteriaceae","Pantoea","Pantoea brenneri","GCF_002095305.1","95","d__Bacteria;p__Proteobacteria;c__Gammaproteobacteria;o__Enterobacterales;f__Enterobacteriaceae;g__Pantoea;s__Pantoea brenneri","99.39","0.9","GCF_002095305.1","d__Bacteria;p__Proteobacteria;c__Gammaproteobacteria;o__Enterobacterales;f__Enterobacteriaceae;g__Pantoea;s__Pantoea brenneri","99.39","0.9","taxonomic classification defined by topology and ANI","topological placement and ANI have congruent species assignments","GCF_009830035.1, s__Pantoea sp00983003...","98.55","-","-","TCS_genomes_18_DRAM","f__Enterobacteriaceae",223,876,305,0,875,1,0,0,0,100,0.16,"Very low"
"303","TCS_genomes_18","Bacteria","Proteobacteria","Gammaproteobacteria","Pseudomonadales","Pseudomonadaceae","Pseudomonas_E","Pseudomonas_E fluorescens_T","GCF_000346775.1","95","d__Bacteria;p__Proteobacteria;c__Gammaproteobacteria;o__Pseudomonadales;f__Pseudomonadaceae;g__Pseudomonas_E;s__Pseudomonas_E fluorescens_T","95.26","0.9","GCF_000346775.1","d__Bacteria;p__Proteobacteria;c__Gammaproteobacteria;o__Pseudomonadales;f__Pseudomonadaceae;g__Pseudomonas_E;s__Pseudomonas_E fluorescens_T","95.26","0.9","taxonomic classification defined by topology and ANI","topological placement and ANI have congruent species assignments","GCF_013608025.1, s__Pseudomonas_E neoa...","97.78","-","-","TCS_genomes_18_DRAM","o__Pseudomonadales",185,813,308,0,812,1,0,0,0,100,0.11,"Very low"
"304","TCS_genomes_18","Bacteria","Proteobacteria","Gammaproteobacteria","Pseudomonadales","Pseudomonadaceae","Pseudomonas_E","Pseudomonas_E fluorescens_T","GCF_000346775.1","95","d__Bacteria;p__Proteobacteria;c__Gammaproteobacteria;o__Pseudomonadales;f__Pseudomonadaceae;g__Pseudomonas_E;s__Pseudomonas_E fluorescens_T","95.21","0.91","GCF_000346775.1","d__Bacteria;p__Proteobacteria;c__Gammaproteobacteria;o__Pseudomonadales;f__Pseudomonadaceae;g__Pseudomonas_E;s__Pseudomonas_E fluorescens_T","95.21","0.91","taxonomic classification defined by topology and ANI","topological placement and ANI have congruent species assignments","GCF_013608025.1, s__Pseudomonas_E neoa...","97.78","-","-","TCS_genomes_18_DRAM","o__Pseudomonadales",185,813,308,0,812,1,0,0,0,100,0.11,"Very low"
"305","TCS_genomes_18","Bacteria","Proteobacteria","Gammaproteobacteria","Pseudomonadales","Pseudomonadaceae","Pseudomonas_E","Pseudomonas_E fluorescens_T","GCF_000346775.1","95","d__Bacteria;p__Proteobacteria;c__Gammaproteobacteria;o__Pseudomonadales;f__Pseudomonadaceae;g__Pseudomonas_E;s__Pseudomonas_E fluorescens_T","95.28","0.9","GCF_000346775.1","d__Bacteria;p__Proteobacteria;c__Gammaproteobacteria;o__Pseudomonadales;f__Pseudomonadaceae;g__Pseudomonas_E;s__Pseudomonas_E fluorescens_T","95.28","0.9","taxonomic classification defined by topology and ANI","topological placement and ANI have congruent species assignments","GCF_013608025.1, s__Pseudomonas_E neoa...","97.78","-","-","TCS_genomes_18_DRAM","o__Pseudomonadales",185,813,308,0,812,1,0,0,0,100,0.11,"Very low"
"306","TCS_genomes_18","Bacteria","Proteobacteria","Gammaproteobacteria","Pseudomonadales","Pseudomonadaceae","Pseudomonas_E","","-","-","-","-","-","GCF_001023535.1","d__Bacteria;p__Proteobacteria;c__Gammaproteobacteria;o__Pseudomonadales;f__Pseudomonadaceae;g__Pseudomonas_E;s__Pseudomonas_E chlororaphis_E","91.76","0.88","taxonomic classification defined by topology and ANI","-","GCF_008801605.1, s__Pseudomonas_E bras...","96.61","0.9959862963","Genome not assigned to closest species as it falls outside its pre-defined ANI radius","TCS_genomes_18_DRAM","o__Pseudomonadales",185,813,308,0,809,4,0,0,0,100,0.54,"Very low"
"307","TCS_genomes_18","Bacteria","Proteobacteria","Gammaproteobacteria","Pseudomonadales","Pseudomonadaceae","Pseudomonas_E","","-","-","-","-","-","GCF_001023535.1","d__Bacteria;p__Proteobacteria;c__Gammaproteobacteria;o__Pseudomonadales;f__Pseudomonadaceae;g__Pseudomonas_E;s__Pseudomonas_E chlororaphis_E","91.79","0.88","taxonomic classification defined by topology and ANI","-","GCF_008801605.1, s__Pseudomonas_E bras...","96.61","0.9959862963","Genome not assigned to closest species as it falls outside its pre-defined ANI radius","TCS_genomes_18_DRAM","o__Pseudomonadales",185,813,308,0,809,4,0,0,0,100,0.54,"Very low"
"308","TCS_genomes_18","Bacteria","Proteobacteria","Gammaproteobacteria","Pseudomonadales","Pseudomonadaceae","Pseudomonas_E","","-","-","-","-","-","GCF_001023535.1","d__Bacteria;p__Proteobacteria;c__Gammaproteobacteria;o__Pseudomonadales;f__Pseudomonadaceae;g__Pseudomonas_E;s__Pseudomonas_E chlororaphis_E","91.77","0.88","taxonomic classification defined by topology and ANI","-","GCF_008801605.1, s__Pseudomonas_E bras...","96.61","0.9959862963","Genome not assigned to closest species as it falls outside its pre-defined ANI radius","TCS_genomes_18_DRAM","o__Pseudomonadales",185,813,308,0,809,4,0,0,0,100,0.54,"Very low"
"309","TCS_genomes_18","Bacteria","Proteobacteria","Gammaproteobacteria","Enterobacterales","Enterobacteriaceae","Lelliottia","","-","-","-","-","-","GCF_001652505.2","d__Bacteria;p__Proteobacteria;c__Gammaproteobacteria;o__Enterobacterales;f__Enterobacteriaceae;g__Lelliottia;s__Lelliottia amnigena_A","93.1","0.89","taxonomic classification defined by topology and ANI","-","GCF_002811785.1, s__Lelliottia lapagei...","98.51","0.9985403372","Genome not assigned to closest species as it falls outside its pre-defined ANI radius","TCS_genomes_18_DRAM","f__Enterobacteriaceae",157,1005,324,1,1001,3,0,0,0,99.96,0.13,"Very low"
"31","TCS_genomes_2","Bacteria","Pseudomonadota","Gammaproteobacteria","Pseudomonadales","Pseudomonadaceae","Pseudomonas_E","","-","-","-","-","-","-","-","-","-","taxonomic classification defined by topology and ANI","classification based on placement in class-level tree","GCF_014268655.2, s__Pseudomonas_E marv...","97.54","0.98895","Genome not assigned to closest species as it falls outside its pre-defined ANI radius","TCS_genomes_2_DRAM","o__Pseudomonadales",185,813,308,1,811,1,0,0,0,99.92,0.11,"Very low"
"310","TCS_genomes_18","Bacteria","Proteobacteria","Gammaproteobacteria","Pseudomonadales","Pseudomonadaceae","Pseudomonas_E","","-","-","-","-","-","GCF_900105485.1","d__Bacteria;p__Proteobacteria;c__Gammaproteobacteria;o__Pseudomonadales;f__Pseudomonadaceae;g__Pseudomonas_E;s__Pseudomonas_E granadensis","94.68","0.92","taxonomic classification defined by topology and ANI","-","GCA_902825215.1, s__Pseudomonas_E fluo...","97.84","0.9998347951","Genome not assigned to closest species as it falls outside its pre-defined ANI radius","TCS_genomes_18_DRAM","o__Pseudomonadales",185,813,308,0,812,1,0,0,0,100,0.11,"Very low"
"311","TCS_genomes_18","Bacteria","Proteobacteria","Gammaproteobacteria","Pseudomonadales","Pseudomonadaceae","Pseudomonas_E","Pseudomonas_E sp002080045","GCF_002080045.1","95","d__Bacteria;p__Proteobacteria;c__Gammaproteobacteria;o__Pseudomonadales;f__Pseudomonadaceae;g__Pseudomonas_E;s__Pseudomonas_E sp002080045","96.05","0.91","GCF_002080045.1","d__Bacteria;p__Proteobacteria;c__Gammaproteobacteria;o__Pseudomonadales;f__Pseudomonadaceae;g__Pseudomonas_E;s__Pseudomonas_E sp002080045","96.05","0.91","taxonomic classification defined by topology and ANI","topological placement and ANI have congruent species assignments","GCF_003605735.1, s__Pseudomonas_E sp00...","97.88","-","-","TCS_genomes_18_DRAM","o__Pseudomonadales",185,813,308,1,805,7,0,0,0,99.68,0.74,"Very low"
"312","TCS_genomes_18","Bacteria","Proteobacteria","Gammaproteobacteria","Pseudomonadales","Pseudomonadaceae","Pseudomonas_A","","-","-","-","-","-","GCF_004331835.1","d__Bacteria;p__Proteobacteria;c__Gammaproteobacteria;o__Pseudomonadales;f__Pseudomonadaceae;g__Pseudomonas_A;s__Pseudomonas_A sp004331835","93.7","0.86","taxonomic classification defined by topology and ANI","-","GCA_003527165.1, s__Pseudomonas_A sp00...","98.79","0.9875344131","Genome not assigned to closest species as it falls outside its pre-defined ANI radius","TCS_genomes_18_DRAM","c__Gammaproteobacteria",228,583,244,0,582,1,0,0,0,100,0.14,"Very low"
"313","TCS_genomes_18","Bacteria","Proteobacteria","Gammaproteobacteria","Enterobacterales","Enterobacteriaceae","Siccibacter","Siccibacter colletis","GCF_000696575.1","95","d__Bacteria;p__Proteobacteria;c__Gammaproteobacteria;o__Enterobacterales;f__Enterobacteriaceae;g__Siccibacter;s__Siccibacter colletis","97.98","0.93","GCF_000696575.1","d__Bacteria;p__Proteobacteria;c__Gammaproteobacteria;o__Enterobacterales;f__Enterobacteriaceae;g__Siccibacter;s__Siccibacter colletis","97.98","0.93","taxonomic classification defined by topology and ANI","topological placement and ANI have congruent species assignments","GCF_000463155.2, s__Siccibacter turice...","96.64","-","-","TCS_genomes_18_DRAM","f__Enterobacteriaceae",223,876,305,1,874,1,0,0,0,99.89,0.08,"Very low"
"314","TCS_genomes_18","Bacteria","Proteobacteria","Gammaproteobacteria","Pseudomonadales","Pseudomonadaceae","Pseudomonas_E","","-","-","-","-","-","-","-","-","-","taxonomic classification defined by topology and ANI","-","GCF_000346775.1, s__Pseudomonas_E fluo...","97.74","0.9930484403","Genome not assigned to closest species as it falls outside its pre-defined ANI radius","TCS_genomes_18_DRAM","o__Pseudomonadales",185,813,308,0,811,2,0,0,0,100,0.13,"Very low"
"315","TCS_genomes_18","Bacteria","Proteobacteria","Gammaproteobacteria","Pseudomonadales","Pseudomonadaceae","Pseudomonas_E","","-","-","-","-","-","-","-","-","-","taxonomic classification defined by topology and ANI","-","GCF_000346775.1, s__Pseudomonas_E fluo...","97.74","0.9930484403","Genome not assigned to closest species as it falls outside its pre-defined ANI radius","TCS_genomes_18_DRAM","o__Pseudomonadales",185,813,308,0,811,2,0,0,0,100,0.13,"Very low"
"316","TCS_genomes_18","Bacteria","Proteobacteria","Gammaproteobacteria","Pseudomonadales","Pseudomonadaceae","Pseudomonas_E","","-","-","-","-","-","-","-","-","-","taxonomic classification defined by topology and ANI","-","GCF_000346775.1, s__Pseudomonas_E fluo...","97.74","0.9930484403","Genome not assigned to closest species as it falls outside its pre-defined ANI radius","TCS_genomes_18_DRAM","o__Pseudomonadales",185,813,308,0,811,2,0,0,0,100,0.13,"Very low"
"317","TCS_genomes_18","Bacteria","Proteobacteria","Gammaproteobacteria","Enterobacterales","Enterobacteriaceae","Mixta","","-","-","-","-","-","-","-","-","-","taxonomic classification defined by topology and ANI","-","GCF_002895925.1, s__Mixta theicola, 95...","97.7","0.9768245395","Genome not assigned to closest species as it falls outside its pre-defined ANI radius","TCS_genomes_18_DRAM","f__Enterobacteriaceae",223,876,305,2,867,7,0,0,0,99.93,0.93,"Very low"
"318","TCS_genomes_19","Bacteria","Pseudomonadota","Gammaproteobacteria","Enterobacterales","Enterobacteriaceae","Enterobacter","Enterobacter hormaechei_A","GCF_001729745.1","95","d__Bacteria;p__Pseudomonadota;c__Gammaproteobacteria;o__Enterobacterales;f__Enterobacteriaceae;g__Enterobacter;s__Enterobacter hormaechei_A","99.04","0.928","GCF_001729745.1","d__Bacteria;p__Pseudomonadota;c__Gammaproteobacteria;o__Enterobacterales;f__Enterobacteriaceae;g__Enterobacter;s__Enterobacter hormaechei_A","99.04","0.928","ani_screen","classification based on ANI only","GCF_001875655.1, s__Enterobacter horma...","97.46","-","-","TCS_genomes_19_DRAM","f__Enterobacteriaceae",223,876,305,1,873,2,0,0,0,99.89,0.19,"Very low"
"319","TCS_genomes_19","Bacteria","Pseudomonadota","Gammaproteobacteria","Pseudomonadales","Pseudomonadaceae","Pseudomonas_E","Pseudomonas_E argentinensis_B","GCF_001839655.2","95","d__Bacteria;p__Pseudomonadota;c__Gammaproteobacteria;o__Pseudomonadales;f__Pseudomonadaceae;g__Pseudomonas_E;s__Pseudomonas_E argentinensis_B","98.73","0.932","GCF_001839655.2","d__Bacteria;p__Pseudomonadota;c__Gammaproteobacteria;o__Pseudomonadales;f__Pseudomonadaceae;g__Pseudomonas_E;s__Pseudomonas_E argentinensis_B","98.73","0.932","ani_screen","classification based on ANI only","GCF_023517795.1, s__Pseudomonas_E fulv...","97.64","-","-","TCS_genomes_19_DRAM","o__Pseudomonadales",185,813,308,0,811,2,0,0,0,100,0.15,"Very low"
"32","TCS_genomes_2","Bacteria","Pseudomonadota","Gammaproteobacteria","Pseudomonadales","Pseudomonadaceae","Pseudomonas_E","","-","-","-","-","-","-","-","-","-","taxonomic classification defined by topology and ANI","classification based on placement in class-level tree","GCF_014268655.2, s__Pseudomonas_E marv...","97.54","0.98895","Genome not assigned to closest species as it falls outside its pre-defined ANI radius","TCS_genomes_2_DRAM","o__Pseudomonadales",185,813,308,0,812,1,0,0,0,100,0.11,"Very low"
"320","TCS_genomes_19","Bacteria","Pseudomonadota","Gammaproteobacteria","Enterobacterales","Enterobacteriaceae","Enterobacter","Enterobacter hormaechei_A","GCF_001729745.1","95","d__Bacteria;p__Pseudomonadota;c__Gammaproteobacteria;o__Enterobacterales;f__Enterobacteriaceae;g__Enterobacter;s__Enterobacter hormaechei_A","99.07","0.93","GCF_001729745.1","d__Bacteria;p__Pseudomonadota;c__Gammaproteobacteria;o__Enterobacterales;f__Enterobacteriaceae;g__Enterobacter;s__Enterobacter hormaechei_A","99.07","0.93","ani_screen","classification based on ANI only","GCF_001875655.1, s__Enterobacter horma...","97.46","-","-","TCS_genomes_19_DRAM","f__Enterobacteriaceae",223,876,305,1,873,2,0,0,0,99.89,0.19,"Very low"
"321","TCS_genomes_19","Bacteria","Pseudomonadota","Gammaproteobacteria","Enterobacterales","Enterobacteriaceae","Mixta","","-","-","-","-","-","-","-","-","-","taxonomic classification defined by topology and ANI","classification based on placement in class-level tree","GCF_002895925.1, s__Mixta theicola, 95...","97.54","0.99492","Genome not assigned to closest species as it falls outside its pre-defined ANI radius","TCS_genomes_19_DRAM","f__Enterobacteriaceae",223,876,305,2,871,3,0,0,0,99.93,0.52,"Very low"
"322","TCS_genomes_19","Bacteria","Pseudomonadota","Gammaproteobacteria","Pseudomonadales","Moraxellaceae","Acinetobacter","Acinetobacter pittii_E","GCF_000399685.1","95","d__Bacteria;p__Pseudomonadota;c__Gammaproteobacteria;o__Pseudomonadales;f__Moraxellaceae;g__Acinetobacter;s__Acinetobacter pittii_E","97.78","0.947","GCF_000399685.1","d__Bacteria;p__Pseudomonadota;c__Gammaproteobacteria;o__Pseudomonadales;f__Moraxellaceae;g__Acinetobacter;s__Acinetobacter pittii_E","97.78","0.947","ani_screen","classification based on ANI only","GCF_002928115.1, s__Acinetobacter pitt...","98.79","-","-","TCS_genomes_19_DRAM","c__Gammaproteobacteria",1164,275,174,0,275,0,0,0,0,100,0,"No detectable contamination"
"323","TCS_genomes_19","Bacteria","Pseudomonadota","Gammaproteobacteria","Pseudomonadales","Pseudomonadaceae","Pseudomonas_E","Pseudomonas_E fluorescens_AO","GCF_000817895.1","95","d__Bacteria;p__Pseudomonadota;c__Gammaproteobacteria;o__Pseudomonadales;f__Pseudomonadaceae;g__Pseudomonas_E;s__Pseudomonas_E fluorescens_AO","97.83","0.95","-","-","-","-","ani_screen","classification based on ANI only","GCF_000817895.1, s__Pseudomonas_E fluo...","97.72","-","-","TCS_genomes_19_DRAM","o__Pseudomonadales",185,813,308,0,812,1,0,0,0,100,0.11,"Very low"
"324","TCS_genomes_19","Bacteria","Pseudomonadota","Gammaproteobacteria","Enterobacterales","Enterobacteriaceae","Pantoea","Pantoea brenneri","GCA_002095305.1","95","d__Bacteria;p__Pseudomonadota;c__Gammaproteobacteria;o__Enterobacterales;f__Enterobacteriaceae;g__Pantoea;s__Pantoea brenneri","99.38","0.903","GCA_002095305.1","d__Bacteria;p__Pseudomonadota;c__Gammaproteobacteria;o__Enterobacterales;f__Enterobacteriaceae;g__Pantoea;s__Pantoea brenneri","99.38","0.903","ani_screen","classification based on ANI only","GCA_009830035.1, s__Pantoea sp00983003...","98.55","-","-","TCS_genomes_19_DRAM","f__Enterobacteriaceae",223,876,305,0,876,0,0,0,0,100,0,"No detectable contamination"
"325","TCS_genomes_19","Bacteria","Pseudomonadota","Gammaproteobacteria","Pseudomonadales","Pseudomonadaceae","Pseudomonas_E","Pseudomonas_E fluorescens_AO","GCF_000817895.1","95","d__Bacteria;p__Pseudomonadota;c__Gammaproteobacteria;o__Pseudomonadales;f__Pseudomonadaceae;g__Pseudomonas_E;s__Pseudomonas_E fluorescens_AO","97.79","0.933","GCF_000817895.1","d__Bacteria;p__Pseudomonadota;c__Gammaproteobacteria;o__Pseudomonadales;f__Pseudomonadaceae;g__Pseudomonas_E;s__Pseudomonas_E fluorescens_AO","97.79","0.933","ani_screen","classification based on ANI only","GCF_004358055.1, s__Pseudomonas_E mora...","96.9","-","-","TCS_genomes_19_DRAM","o__Pseudomonadales",185,813,308,0,812,1,0,0,0,100,0.11,"Very low"
"326","TCS_genomes_19","Bacteria","Pseudomonadota","Gammaproteobacteria","Pseudomonadales","Pseudomonadaceae","Pseudomonas_E","Pseudomonas_E fluorescens_AO","GCF_000817895.1","95","d__Bacteria;p__Pseudomonadota;c__Gammaproteobacteria;o__Pseudomonadales;f__Pseudomonadaceae;g__Pseudomonas_E;s__Pseudomonas_E fluorescens_AO","97.78","0.934","GCF_000817895.1","d__Bacteria;p__Pseudomonadota;c__Gammaproteobacteria;o__Pseudomonadales;f__Pseudomonadaceae;g__Pseudomonas_E;s__Pseudomonas_E fluorescens_AO","97.78","0.934","ani_screen","classification based on ANI only","GCF_004358055.1, s__Pseudomonas_E mora...","96.9","-","-","TCS_genomes_19_DRAM","o__Pseudomonadales",185,813,308,0,812,1,0,0,0,100,0.11,"Very low"
"327","TCS_genomes_19","Bacteria","Pseudomonadota","Gammaproteobacteria","Pseudomonadales","Pseudomonadaceae","Pseudomonas_E","","-","-","-","-","-","-","-","-","-","taxonomic classification defined by topology and ANI","classification based on placement in class-level tree","GCF_014268655.2, s__Pseudomonas_E marv...","97.54","0.98874","Genome not assigned to closest species as it falls outside its pre-defined ANI radius","TCS_genomes_19_DRAM","o__Pseudomonadales",185,813,308,1,810,2,0,0,0,99.92,0.43,"Very low"
"329","TCS_genomes_19","Bacteria","Pseudomonadota","Gammaproteobacteria","Enterobacterales","Enterobacteriaceae","Mixta","","-","-","-","-","-","-","-","-","-","taxonomic classification defined by topology and ANI","classification based on placement in class-level tree","GCF_002895925.1, s__Mixta theicola, 95...","97.6","0.99492","Genome not assigned to closest species as it falls outside its pre-defined ANI radius","TCS_genomes_19_DRAM","f__Enterobacteriaceae",223,876,305,2,869,5,0,0,0,99.93,0.77,"Very low"
"33","TCS_genomes_2","Bacteria","Pseudomonadota","Gammaproteobacteria","Pseudomonadales","Pseudomonadaceae","Pseudomonas_E","","-","-","-","-","-","-","-","-","-","taxonomic classification defined by topology and ANI","classification based on placement in class-level tree","GCF_014268655.2, s__Pseudomonas_E marv...","96.72","0.98891","Genome not assigned to closest species as it falls outside its pre-defined ANI radius","TCS_genomes_2_DRAM","o__Pseudomonadales",185,813,308,0,812,1,0,0,0,100,0.11,"Very low"
"330","TCS_genomes_19","Bacteria","Pseudomonadota","Gammaproteobacteria","Pseudomonadales","Pseudomonadaceae","Pseudomonas_E","","-","-","-","-","-","-","-","-","-","taxonomic classification defined by topology and ANI","classification based on placement in class-level tree","GCF_019141525.1, s__Pseudomonas_E alva...","97.54","0.98874","Genome not assigned to closest species as it falls outside its pre-defined ANI radius","TCS_genomes_19_DRAM","o__Pseudomonadales",185,813,308,1,810,2,0,0,0,99.92,0.43,"Very low"
"331","TCS_genomes_19","Bacteria","Pseudomonadota","Gammaproteobacteria","Pseudomonadales","Pseudomonadaceae","Pseudomonas_E","","-","-","-","-","-","-","-","-","-","taxonomic classification defined by topology and ANI","classification based on placement in class-level tree","GCF_019200975.1, s__Pseudomonas_E sp01...","97.76","0.98519","Genome not assigned to closest species as it falls outside its pre-defined ANI radius","TCS_genomes_19_DRAM","o__Pseudomonadales",185,813,308,1,808,4,0,0,0,99.68,0.7,"Very low"
"332","TCS_genomes_19","Bacteria","Pseudomonadota","Gammaproteobacteria","Pseudomonadales","Pseudomonadaceae","Pseudomonas_E","","-","-","-","-","-","GCF_014851765.1","d__Bacteria;p__Pseudomonadota;c__Gammaproteobacteria;o__Pseudomonadales;f__Pseudomonadaceae;g__Pseudomonas_E;s__Pseudomonas_E sp014851765","92.6","0.852","taxonomic classification defined by topology and ANI","classification based on placement in class-level tree","GCF_024169315.1, s__Pseudomonas_E migu...","97.76","0.99913","Genome not assigned to closest species as it falls outside its pre-defined ANI radius","TCS_genomes_19_DRAM","o__Pseudomonadales",185,813,308,0,809,4,0,0,0,100,0.57,"Very low"
"333","TCS_genomes_19","Bacteria","Pseudomonadota","Gammaproteobacteria","Enterobacterales","Enterobacteriaceae","Enterobacter","Enterobacter hormaechei_A","GCF_001729745.1","95","d__Bacteria;p__Pseudomonadota;c__Gammaproteobacteria;o__Enterobacterales;f__Enterobacteriaceae;g__Enterobacter;s__Enterobacter hormaechei_A","95.89","0.912","GCF_011078175.1","d__Bacteria;p__Pseudomonadota;c__Gammaproteobacteria;o__Enterobacterales;f__Enterobacteriaceae;g__Enterobacter;s__Enterobacter cloacae_Q","95.2","0.894","ani_screen","classification based on ANI only","GCF_011078175.1, s__Enterobacter cloac...","96.62","-","-","TCS_genomes_19_DRAM","f__Enterobacteriaceae",223,876,305,3,872,1,0,0,0,99.73,0.08,"Very low"
"334","TCS_genomes_20","Bacteria","Pseudomonadota","Gammaproteobacteria","Pseudomonadales","Pseudomonadaceae","Pseudomonas_E","","-","-","-","-","-","GCF_001297125.1","d__Bacteria;p__Pseudomonadota;c__Gammaproteobacteria;o__Pseudomonadales;f__Pseudomonadaceae;g__Pseudomonas_E;s__Pseudomonas_E sp001297125","93.54","0.789","taxonomic classification defined by topology and ANI","classification based on placement in class-level tree","GCF_900187425.1, s__Pseudomonas_E sp90...","98.59","0.99601","Genome not assigned to closest species as it falls outside its pre-defined ANI radius","TCS_genomes_20_DRAM","o__Pseudomonadales",185,813,308,0,807,6,0,0,0,100,0.69,"Very low"
"335","TCS_genomes_20","Bacteria","Pseudomonadota","Gammaproteobacteria","Pseudomonadales","Pseudomonadaceae","Pseudomonas_E","","-","-","-","-","-","GCF_001297125.1","d__Bacteria;p__Pseudomonadota;c__Gammaproteobacteria;o__Pseudomonadales;f__Pseudomonadaceae;g__Pseudomonas_E;s__Pseudomonas_E sp001297125","93.57","0.796","taxonomic classification defined by topology and ANI","classification based on placement in class-level tree","GCF_008369325.1, s__Pseudomonas_E sp00...","98.67","0.99641","Genome not assigned to closest species as it falls outside its pre-defined ANI radius","TCS_genomes_20_DRAM","o__Pseudomonadales",185,813,308,0,802,11,0,0,0,100,1.29,"Low"
"336","TCS_genomes_20","Bacteria","Pseudomonadota","Gammaproteobacteria","Pseudomonadales","Pseudomonadaceae","Pseudomonas_E","Pseudomonas_E fluorescens_M","GCF_001648775.1","95","d__Bacteria;p__Pseudomonadota;c__Gammaproteobacteria;o__Pseudomonadales;f__Pseudomonadaceae;g__Pseudomonas_E;s__Pseudomonas_E fluorescens_M","98.2","0.929","GCF_001648775.1","d__Bacteria;p__Pseudomonadota;c__Gammaproteobacteria;o__Pseudomonadales;f__Pseudomonadaceae;g__Pseudomonas_E;s__Pseudomonas_E fluorescens_M","98.2","0.929","ani_screen","classification based on ANI only","GCF_005938625.1, s__Pseudomonas_E fluo...","96.92","-","-","TCS_genomes_20_DRAM","o__Pseudomonadales",185,813,308,0,809,4,0,0,0,100,0.32,"Very low"
"337","TCS_genomes_20","Bacteria","Pseudomonadota","Gammaproteobacteria","Pseudomonadales","Pseudomonadaceae","Pseudomonas_E","","-","-","-","-","-","-","-","-","-","taxonomic classification defined by topology and ANI","classification based on placement in class-level tree","GCF_019200975.1, s__Pseudomonas_E sp01...","97.76","0.98515","Genome not assigned to closest species as it falls outside its pre-defined ANI radius","TCS_genomes_20_DRAM","o__Pseudomonadales",185,813,308,1,809,3,0,0,0,99.98,0.54,"Very low"
"338","TCS_genomes_20","Bacteria","Pseudomonadota","Gammaproteobacteria","Pseudomonadales","Pseudomonadaceae","Pseudomonas_E","","-","-","-","-","-","-","-","-","-","taxonomic classification defined by topology and ANI","classification based on placement in class-level tree","GCF_018502625.1, s__Pseudomonas_E fluo...","98.61","0.99211","Genome not assigned to closest species as it falls outside its pre-defined ANI radius","TCS_genomes_20_DRAM","o__Pseudomonadales",185,813,308,0,803,10,0,0,0,100,0.93,"Very low"
"339","TCS_genomes_20","Bacteria","Pseudomonadota","Gammaproteobacteria","Enterobacterales","Enterobacteriaceae","Serratia_J","","-","-","-","-","-","-","-","-","-","taxonomic classification defined by topology and ANI","classification based on placement in class-level tree","GCF_000422085.1, s__Serratia_J liquefa...","97.04","0.99099","Genome not assigned to closest species as it falls outside its pre-defined ANI radius","TCS_genomes_20_DRAM","f__Enterobacteriaceae",55,546,224,1,544,1,0,0,0,99.98,0.45,"Very low"
"34","TCS_genomes_2","Bacteria","Pseudomonadota","Gammaproteobacteria","Pseudomonadales","Pseudomonadaceae","Pseudomonas_E","","-","-","-","-","-","-","-","-","-","taxonomic classification defined by topology and ANI","classification based on placement in class-level tree","GCF_014268655.2, s__Pseudomonas_E marv...","97.54","0.98895","Genome not assigned to closest species as it falls outside its pre-defined ANI radius","TCS_genomes_2_DRAM","o__Pseudomonadales",185,813,308,1,811,1,0,0,0,99.92,0.11,"Very low"
"340","TCS_genomes_20","Bacteria","Pseudomonadota","Gammaproteobacteria","Pseudomonadales","Pseudomonadaceae","Pseudomonas_E","","-","-","-","-","-","GCF_021605415.1","d__Bacteria;p__Pseudomonadota;c__Gammaproteobacteria;o__Pseudomonadales;f__Pseudomonadaceae;g__Pseudomonas_E;s__Pseudomonas_E syringae_S","87.02","0.771","taxonomic classification defined by topology and ANI","classification based on placement in class-level tree","GCF_018336155.1, s__Pseudomonas_E rust...","97.7","0.99336","Genome not assigned to closest species as it falls outside its pre-defined ANI radius","TCS_genomes_20_DRAM","o__Pseudomonadales",185,813,308,0,808,5,0,0,0,100,0.43,"Very low"
"341","TCS_genomes_20","Bacteria","Pseudomonadota","Gammaproteobacteria","Enterobacterales","Enterobacteriaceae","Rahnella","","-","-","-","-","-","-","-","-","-","taxonomic classification defined by topology and ANI","classification based on placement in class-level tree","GCF_004330295.1, s__Rahnella victorian...","98.15","0.9914","Genome not assigned to closest species as it falls outside its pre-defined ANI radius","TCS_genomes_20_DRAM","f__Enterobacteriaceae",55,546,224,0,542,4,0,0,0,100,0.52,"Very low"
"342","TCS_genomes_20","Bacteria","Pseudomonadota","Gammaproteobacteria","Pseudomonadales","Pseudomonadaceae","Pseudomonas_E","","-","-","-","-","-","GCF_021605415.1","d__Bacteria;p__Pseudomonadota;c__Gammaproteobacteria;o__Pseudomonadales;f__Pseudomonadaceae;g__Pseudomonas_E;s__Pseudomonas_E syringae_S","86.94","0.762","taxonomic classification defined by topology and ANI","classification based on placement in class-level tree","GCF_018336155.1, s__Pseudomonas_E rust...","97.66","0.99336","Genome not assigned to closest species as it falls outside its pre-defined ANI radius","TCS_genomes_20_DRAM","o__Pseudomonadales",185,813,308,0,811,2,0,0,0,100,0.43,"Very low"
"343","TCS_genomes_20","Bacteria","Pseudomonadota","Gammaproteobacteria","Pseudomonadales","Pseudomonadaceae","Pseudomonas_E","Pseudomonas_E sp002874965","GCF_002874965.1","95","d__Bacteria;p__Pseudomonadota;c__Gammaproteobacteria;o__Pseudomonadales;f__Pseudomonadaceae;g__Pseudomonas_E;s__Pseudomonas_E sp002874965","98.65","0.922","GCF_002874965.1","d__Bacteria;p__Pseudomonadota;c__Gammaproteobacteria;o__Pseudomonadales;f__Pseudomonadaceae;g__Pseudomonas_E;s__Pseudomonas_E sp002874965","98.65","0.922","ani_screen","classification based on ANI only","GCF_900105735.1, s__Pseudomonas_E yama...","96.76","-","-","TCS_genomes_20_DRAM","o__Pseudomonadales",185,813,308,0,804,9,0,0,0,100,0.69,"Very low"
"344","TCS_genomes_20","Bacteria","Pseudomonadota","Gammaproteobacteria","Pseudomonadales","Pseudomonadaceae","Pseudomonas_E","","-","-","-","-","-","GCF_021605415.1","d__Bacteria;p__Pseudomonadota;c__Gammaproteobacteria;o__Pseudomonadales;f__Pseudomonadaceae;g__Pseudomonas_E;s__Pseudomonas_E syringae_S","86.88","0.77","taxonomic classification defined by topology and ANI","classification based on placement in class-level tree","GCF_000282275.2, s__Pseudomonas_E sp00...","98.49","0.99331","Genome not assigned to closest species as it falls outside its pre-defined ANI radius","TCS_genomes_20_DRAM","o__Pseudomonadales",185,813,308,0,812,1,0,0,0,100,0.11,"Very low"
"345","TCS_genomes_20","Bacteria","Bacteroidota","Bacteroidia","Flavobacteriales","Weeksellaceae","Chryseobacterium","","-","-","-","-","-","GCF_018613715.1","d__Bacteria;p__Bacteroidota;c__Bacteroidia;o__Flavobacteriales;f__Weeksellaceae;g__Chryseobacterium;s__Chryseobacterium sp018613715","87.54","0.765","taxonomic classification defined by topology and ANI","classification based on placement in class-level tree","GCF_016595215.1, s__Chryseobacterium p...","98.11","0.99442","Genome not assigned to closest species as it falls outside its pre-defined ANI radius","TCS_genomes_20_DRAM","o__Flavobacteriales",123,324,204,0,323,1,0,0,0,100,0.49,"Very low"
"346","TCS_genomes_20","Bacteria","Bacteroidota","Bacteroidia","Flavobacteriales","Weeksellaceae","Chryseobacterium","","-","-","-","-","-","GCF_018613715.1","d__Bacteria;p__Bacteroidota;c__Bacteroidia;o__Flavobacteriales;f__Weeksellaceae;g__Chryseobacterium;s__Chryseobacterium sp018613715","87.6","0.753","taxonomic classification defined by topology and ANI","classification based on placement in class-level tree","GCF_016595215.1, s__Chryseobacterium p...","98.11","0.99442","Genome not assigned to closest species as it falls outside its pre-defined ANI radius","TCS_genomes_20_DRAM","o__Flavobacteriales",123,324,204,0,323,1,0,0,0,100,0.49,"Very low"
"347","TCS_genomes_20","Bacteria","Pseudomonadota","Gammaproteobacteria","Pseudomonadales","Pseudomonadaceae","Pseudomonas_E","","-","-","-","-","-","GCF_021605415.1","d__Bacteria;p__Pseudomonadota;c__Gammaproteobacteria;o__Pseudomonadales;f__Pseudomonadaceae;g__Pseudomonas_E;s__Pseudomonas_E syringae_S","87","0.784","taxonomic classification defined by topology and ANI","classification based on placement in class-level tree","GCF_000282275.2, s__Pseudomonas_E sp00...","97.7","0.99361","Genome not assigned to closest species as it falls outside its pre-defined ANI radius","TCS_genomes_20_DRAM","o__Pseudomonadales",185,813,308,1,811,1,0,0,0,99.84,0.11,"Very low"
"348","TCS_genomes_20","Bacteria","Pseudomonadota","Gammaproteobacteria","Pseudomonadales","Pseudomonadaceae","Pseudomonas_E","Pseudomonas_E alvandae","GCF_019141525.1","95","d__Bacteria;p__Pseudomonadota;c__Gammaproteobacteria;o__Pseudomonadales;f__Pseudomonadaceae;g__Pseudomonas_E;s__Pseudomonas_E alvandae","95.29","0.871","GCF_019141525.1","d__Bacteria;p__Pseudomonadota;c__Gammaproteobacteria;o__Pseudomonadales;f__Pseudomonadaceae;g__Pseudomonas_E;s__Pseudomonas_E alvandae","95.29","0.871","ani_screen","classification based on ANI only","GCF_013608025.1, s__Pseudomonas_E neoa...","97.52","-","-","TCS_genomes_20_DRAM","o__Pseudomonadales",185,813,308,0,812,1,0,0,0,100,0.11,"Very low"
"349","TCS_genomes_21","Bacteria","Pseudomonadota","Gammaproteobacteria","Pseudomonadales","Pseudomonadaceae","Pseudomonas_E","Pseudomonas_E alvandae","GCF_019141525.1","95","d__Bacteria;p__Pseudomonadota;c__Gammaproteobacteria;o__Pseudomonadales;f__Pseudomonadaceae;g__Pseudomonas_E;s__Pseudomonas_E alvandae","95.26","0.871","GCF_019141525.1","d__Bacteria;p__Pseudomonadota;c__Gammaproteobacteria;o__Pseudomonadales;f__Pseudomonadaceae;g__Pseudomonas_E;s__Pseudomonas_E alvandae","95.26","0.871","ani_screen","classification based on ANI only","GCF_013608025.1, s__Pseudomonas_E neoa...","97.52","-","-","TCS_genomes_21_DRAM","o__Pseudomonadales",185,813,308,0,812,1,0,0,0,100,0.11,"Very low"
"35","TCS_genomes_2","Bacteria","Pseudomonadota","Gammaproteobacteria","Pseudomonadales","Pseudomonadaceae","Pseudomonas_E","","-","-","-","-","-","-","-","-","-","taxonomic classification defined by topology and ANI","classification based on placement in class-level tree","GCF_019141525.1, s__Pseudomonas_E alva...","97.54","0.98876","Genome not assigned to closest species as it falls outside its pre-defined ANI radius","TCS_genomes_2_DRAM","o__Pseudomonadales",185,813,308,0,812,1,0,0,0,100,0.11,"Very low"
"350","TCS_genomes_21","Bacteria","Pseudomonadota","Gammaproteobacteria","Pseudomonadales","Pseudomonadaceae","Pseudomonas_E","Pseudomonas_E alvandae","GCF_019141525.1","95","d__Bacteria;p__Pseudomonadota;c__Gammaproteobacteria;o__Pseudomonadales;f__Pseudomonadaceae;g__Pseudomonas_E;s__Pseudomonas_E alvandae","95.24","0.874","GCF_019141525.1","d__Bacteria;p__Pseudomonadota;c__Gammaproteobacteria;o__Pseudomonadales;f__Pseudomonadaceae;g__Pseudomonas_E;s__Pseudomonas_E alvandae","95.24","0.874","ani_screen","classification based on ANI only","GCF_013608025.1, s__Pseudomonas_E neoa...","97.52","-","-","TCS_genomes_21_DRAM","o__Pseudomonadales",185,813,308,0,812,1,0,0,0,100,0.11,"Very low"
"351","TCS_genomes_21","Bacteria","Bacillota","Bacilli","Bacillales","DSM-18226","Neobacillus","","-","-","-","-","-","GCF_000307875.1","d__Bacteria;p__Bacillota;c__Bacilli;o__Bacillales;f__DSM-18226;g__Neobacillus;s__Neobacillus bataviensis","90.51","0.744","taxonomic classification defined by topology and ANI","classification based on placement in class-level tree","GCF_011250555.1, s__Neobacillus sp0112...","93.57","0.98812","Genome not assigned to closest species as it falls outside its pre-defined ANI radius","TCS_genomes_21_DRAM","f__Bacillaceae",128,555,180,3,543,8,0,1,0,98.83,3.26,"Low"
"352","TCS_genomes_21","Bacteria","Pseudomonadota","Gammaproteobacteria","Burkholderiales","Burkholderiaceae","Paraburkholderia","","-","-","-","-","-","GCF_000472525.1","d__Bacteria;p__Pseudomonadota;c__Gammaproteobacteria;o__Burkholderiales;f__Burkholderiaceae;g__Paraburkholderia;s__Paraburkholderia dilworthii","94.25","0.833","taxonomic classification defined by topology and ANI","classification based on placement in class-level tree","GCF_904848585.1, s__Paraburkholderia k...","98.35","0.99792","Genome not assigned to closest species as it falls outside its pre-defined ANI radius","TCS_genomes_21_DRAM","o__Burkholderiales",107,574,251,1,570,3,0,0,0,99.95,1.2,"Low"
"353","TCS_genomes_21","Bacteria","Pseudomonadota","Gammaproteobacteria","Burkholderiales","Burkholderiaceae","Paraburkholderia","Paraburkholderia graminis","GCF_000172415.1","95","d__Bacteria;p__Pseudomonadota;c__Gammaproteobacteria;o__Burkholderiales;f__Burkholderiaceae;g__Paraburkholderia;s__Paraburkholderia graminis","98.19","0.862","GCF_000172415.1","d__Bacteria;p__Pseudomonadota;c__Gammaproteobacteria;o__Burkholderiales;f__Burkholderiaceae;g__Paraburkholderia;s__Paraburkholderia graminis","98.19","0.862","ani_screen","classification based on ANI only","GCF_000472445.1, s__Paraburkholderia s...","98.21","-","-","TCS_genomes_21_DRAM","o__Burkholderiales",107,574,251,1,570,3,0,0,0,99.95,0.4,"Very low"
"354","TCS_genomes_21","Bacteria","Pseudomonadota","Gammaproteobacteria","Pseudomonadales","Pseudomonadaceae","Pseudomonas_E","","-","-","-","-","-","GCF_001023535.1","d__Bacteria;p__Pseudomonadota;c__Gammaproteobacteria;o__Pseudomonadales;f__Pseudomonadaceae;g__Pseudomonas_E;s__Pseudomonas_E chlororaphis_E","91.77","0.875","taxonomic classification defined by topology and ANI","classification based on placement in class-level tree","GCF_018614775.1, s__Pseudomonas_E fluo...","96.37","0.99428","Genome not assigned to closest species as it falls outside its pre-defined ANI radius","TCS_genomes_21_DRAM","o__Pseudomonadales",185,813,308,0,809,4,0,0,0,100,0.54,"Very low"
"355","TCS_genomes_21","Bacteria","Pseudomonadota","Gammaproteobacteria","Burkholderiales","Burkholderiaceae","Paraburkholderia","","-","-","-","-","-","GCF_000472525.1","d__Bacteria;p__Pseudomonadota;c__Gammaproteobacteria;o__Burkholderiales;f__Burkholderiaceae;g__Paraburkholderia;s__Paraburkholderia dilworthii","94.42","0.751","taxonomic classification defined by topology and ANI","classification based on placement in class-level tree","GCF_904848585.1, s__Paraburkholderia k...","96.66","0.99796","Genome not assigned to closest species as it falls outside its pre-defined ANI radius","TCS_genomes_21_DRAM","o__Burkholderiales",107,574,251,1,565,8,0,0,0,99.95,1.26,"Low"
"356","TCS_genomes_21","Bacteria","Bacillota","Bacilli","Bacillales","Bacillaceae_H","Priestia","Priestia megaterium","GCF_000832985.1","95.5311","d__Bacteria;p__Bacillota;c__Bacilli;o__Bacillales;f__Bacillaceae_H;g__Priestia;s__Priestia megaterium","95.95","0.84","GCF_000832985.1","d__Bacteria;p__Bacillota;c__Bacilli;o__Bacillales;f__Bacillaceae_H;g__Priestia;s__Priestia megaterium","95.95","0.84","ani_screen","classification based on ANI only","GCF_000956595.1, s__Priestia aryabhatt...","92.71","-","-","TCS_genomes_21_DRAM","o__Bacillales",139,508,174,1,503,3,1,0,0,99.43,1,"Very low"
"357","TCS_genomes_21","Bacteria","Pseudomonadota","Gammaproteobacteria","Pseudomonadales","Pseudomonadaceae","Pseudomonas_E","","-","-","-","-","-","-","-","-","-","taxonomic classification defined by topology and ANI","classification based on placement in class-level tree","GCF_019200975.1, s__Pseudomonas_E sp01...","97.82","0.99004","Genome not assigned to closest species as it falls outside its pre-defined ANI radius","TCS_genomes_21_DRAM","o__Pseudomonadales",185,813,308,0,810,3,0,0,0,100,0.51,"Very low"
"358","TCS_genomes_21","Bacteria","Pseudomonadota","Gammaproteobacteria","Pseudomonadales","Pseudomonadaceae","Pseudomonas_E","Pseudomonas_E sp002080045","GCF_002080045.1","95","d__Bacteria;p__Pseudomonadota;c__Gammaproteobacteria;o__Pseudomonadales;f__Pseudomonadaceae;g__Pseudomonas_E;s__Pseudomonas_E sp002080045","98.98","0.956","GCF_002080045.1","d__Bacteria;p__Pseudomonadota;c__Gammaproteobacteria;o__Pseudomonadales;f__Pseudomonadaceae;g__Pseudomonas_E;s__Pseudomonas_E sp002080045","98.98","0.956","ani_screen","classification based on ANI only","GCF_003605735.1, s__Pseudomonas_E sp00...","96.92","-","-","TCS_genomes_21_DRAM","o__Pseudomonadales",185,813,308,1,806,6,0,0,0,99.68,0.87,"Very low"
"359","TCS_genomes_21","Bacteria","Pseudomonadota","Gammaproteobacteria","Pseudomonadales","Pseudomonadaceae","Pseudomonas_E","Pseudomonas_E sp002080045","GCF_002080045.1","95","d__Bacteria;p__Pseudomonadota;c__Gammaproteobacteria;o__Pseudomonadales;f__Pseudomonadaceae;g__Pseudomonas_E;s__Pseudomonas_E sp002080045","96.06","0.906","GCF_002080045.1","d__Bacteria;p__Pseudomonadota;c__Gammaproteobacteria;o__Pseudomonadales;f__Pseudomonadaceae;g__Pseudomonas_E;s__Pseudomonas_E sp002080045","96.06","0.906","ani_screen","classification based on ANI only","GCF_003605735.1, s__Pseudomonas_E sp00...","97.74","-","-","TCS_genomes_21_DRAM","o__Pseudomonadales",185,813,308,1,805,7,0,0,0,99.68,0.74,"Very low"
"36","TCS_genomes_2","Bacteria","Pseudomonadota","Gammaproteobacteria","Pseudomonadales","Pseudomonadaceae","Pseudomonas_E","","-","-","-","-","-","GCF_021605415.1","d__Bacteria;p__Pseudomonadota;c__Gammaproteobacteria;o__Pseudomonadales;f__Pseudomonadaceae;g__Pseudomonas_E;s__Pseudomonas_E syringae_S","86.73","0.795","taxonomic classification defined by topology and ANI","classification based on placement in class-level tree","GCF_000292795.1, s__Pseudomonas_E fluo...","98.53","0.99302","Genome not assigned to closest species as it falls outside its pre-defined ANI radius","TCS_genomes_2_DRAM","o__Pseudomonadales",185,813,308,1,811,1,0,0,0,99.68,0.11,"Very low"
"360","TCS_genomes_21","Bacteria","Pseudomonadota","Gammaproteobacteria","Pseudomonadales","Pseudomonadaceae","Stutzerimonas","Stutzerimonas balearica","GCF_000818015.1","95","d__Bacteria;p__Pseudomonadota;c__Gammaproteobacteria;o__Pseudomonadales;f__Pseudomonadaceae;g__Stutzerimonas;s__Stutzerimonas balearica","98.46","0.945","GCF_000818015.1","d__Bacteria;p__Pseudomonadota;c__Gammaproteobacteria;o__Pseudomonadales;f__Pseudomonadaceae;g__Stutzerimonas;s__Stutzerimonas balearica","98.46","0.945","ani_screen","classification based on ANI only","GCF_021726475.1, s__Stutzerimonas olig...","96.09","-","-","TCS_genomes_21_DRAM","c__Gammaproteobacteria",228,583,244,1,580,2,0,0,0,99.94,0.27,"Very low"
"361","TCS_genomes_21","Bacteria","Actinomycetota","Actinomycetia","Actinomycetales","Microbacteriaceae","Curtobacterium","Curtobacterium sp003224335","GCF_003224335.1","95","d__Bacteria;p__Actinomycetota;c__Actinomycetia;o__Actinomycetales;f__Microbacteriaceae;g__Curtobacterium;s__Curtobacterium sp003224335","98.76","0.938","GCF_003224335.1","d__Bacteria;p__Actinomycetota;c__Actinomycetia;o__Actinomycetales;f__Microbacteriaceae;g__Curtobacterium;s__Curtobacterium sp003224335","98.76","0.938","ani_screen","classification based on ANI only","GCF_003234855.1, s__Curtobacterium sp0...","96.56","-","-","TCS_genomes_21_DRAM","o__Actinomycetales",69,400,198,2,397,1,0,0,0,98.99,0.51,"Very low"
"362","TCS_genomes_21","Bacteria","Pseudomonadota","Gammaproteobacteria","Pseudomonadales","Pseudomonadaceae","Stutzerimonas","","-","-","-","-","-","GCF_019355055.1","d__Bacteria;p__Pseudomonadota;c__Gammaproteobacteria;o__Pseudomonadales;f__Pseudomonadaceae;g__Stutzerimonas;s__Stutzerimonas sp004331835","93.6","0.871","taxonomic classification defined by topology and ANI","classification based on placement in class-level tree","GCF_024448955.1, s__Stutzerimonas stut...","98.73","0.99703","Genome not assigned to closest species as it falls outside its pre-defined ANI radius","TCS_genomes_21_DRAM","c__Gammaproteobacteria",228,583,244,0,582,1,0,0,0,100,0.14,"Very low"
"363","TCS_genomes_21","Bacteria","Pseudomonadota","Gammaproteobacteria","Pseudomonadales","Pseudomonadaceae","Stutzerimonas","","-","-","-","-","-","GCF_019355055.1","d__Bacteria;p__Pseudomonadota;c__Gammaproteobacteria;o__Pseudomonadales;f__Pseudomonadaceae;g__Stutzerimonas;s__Stutzerimonas sp004331835","93.67","0.878","taxonomic classification defined by topology and ANI","classification based on placement in class-level tree","GCF_024448955.1, s__Stutzerimonas stut...","98.73","0.9974","Genome not assigned to closest species as it falls outside its pre-defined ANI radius","TCS_genomes_21_DRAM","c__Gammaproteobacteria",228,583,244,0,580,3,0,0,0,100,0.55,"Very low"
"364","TCS_genomes_21","Bacteria","Pseudomonadota","Gammaproteobacteria","Pseudomonadales","Pseudomonadaceae","Stutzerimonas","","-","-","-","-","-","GCF_019355055.1","d__Bacteria;p__Pseudomonadota;c__Gammaproteobacteria;o__Pseudomonadales;f__Pseudomonadaceae;g__Stutzerimonas;s__Stutzerimonas sp004331835","93.66","0.87","taxonomic classification defined by topology and ANI","classification based on placement in class-level tree","GCF_024448955.1, s__Stutzerimonas stut...","98.73","0.99703","Genome not assigned to closest species as it falls outside its pre-defined ANI radius","TCS_genomes_21_DRAM","c__Gammaproteobacteria",228,583,244,0,582,1,0,0,0,100,0.14,"Very low"
"365","TCS_genomes_21","Bacteria","Actinomycetota","Actinomycetia","Streptomycetales","Streptomycetaceae","Streptomyces","","-","-","-","-","-","GCF_002154575.1","d__Bacteria;p__Actinomycetota;c__Actinomycetia;o__Streptomycetales;f__Streptomycetaceae;g__Streptomyces;s__Streptomyces bobili","93.95","0.813","taxonomic classification defined by topology and ANI","classification based on placement in class-level tree","GCF_001896135.2, s__Streptomyces phaeo...","94.14","0.99703","Genome not assigned to closest species as it falls outside its pre-defined ANI radius","TCS_genomes_21_DRAM","f__Streptomycetaceae",60,460,233,0,458,2,0,0,0,100,0.57,"Very low"
"366","TCS_genomes_21","Bacteria","Pseudomonadota","Gammaproteobacteria","Burkholderiales","Burkholderiaceae_B","Variovorax","","-","-","-","-","-","-","-","-","-","taxonomic classification defined by topology and ANI","classification based on placement in class-level tree","GCF_001591365.1, s__Variovorax paradox...","97.04","0.98491","Genome not assigned to closest species as it falls outside its pre-defined ANI radius","TCS_genomes_21_DRAM","o__Burkholderiales",193,427,214,1,425,1,0,0,0,99.84,0.03,"Very low"
"367","TCS_genomes_22","Bacteria","Pseudomonadota","Gammaproteobacteria","Enterobacterales","Enterobacteriaceae","Siccibacter","Siccibacter colletis","GCF_000696575.1","95","d__Bacteria;p__Pseudomonadota;c__Gammaproteobacteria;o__Enterobacterales;f__Enterobacteriaceae;g__Siccibacter;s__Siccibacter colletis","97.96","0.936","GCF_000696575.1","d__Bacteria;p__Pseudomonadota;c__Gammaproteobacteria;o__Enterobacterales;f__Enterobacteriaceae;g__Siccibacter;s__Siccibacter colletis","97.96","0.936","ani_screen","classification based on ANI only","GCF_000463155.2, s__Siccibacter turice...","96.52","-","-","TCS_genomes_22_DRAM","f__Enterobacteriaceae",223,876,305,1,874,1,0,0,0,99.89,0.08,"Very low"
"368","TCS_genomes_22","Bacteria","Pseudomonadota","Gammaproteobacteria","Pseudomonadales","Pseudomonadaceae","Pseudomonas_B","Pseudomonas_B luteola","GCF_002091675.1","95","d__Bacteria;p__Pseudomonadota;c__Gammaproteobacteria;o__Pseudomonadales;f__Pseudomonadaceae;g__Pseudomonas_B;s__Pseudomonas_B luteola","97.97","0.885","GCF_002091675.1","d__Bacteria;p__Pseudomonadota;c__Gammaproteobacteria;o__Pseudomonadales;f__Pseudomonadaceae;g__Pseudomonas_B;s__Pseudomonas_B luteola","97.97","0.885","ani_screen","classification based on ANI only","GCF_014646755.1, s__Pseudomonas_B asue...","98.61","-","-","TCS_genomes_22_DRAM","o__Pseudomonadales",185,813,308,5,804,4,0,0,0,99.62,1.08,"Low"
"369","TCS_genomes_22","Bacteria","Pseudomonadota","Gammaproteobacteria","Pseudomonadales","Pseudomonadaceae","Pseudomonas_E","","-","-","-","-","-","GCF_000802155.2","d__Bacteria;p__Pseudomonadota;c__Gammaproteobacteria;o__Pseudomonadales;f__Pseudomonadaceae;g__Pseudomonas_E;s__Pseudomonas_E frederiksbergensis_A","88.71","0.835","taxonomic classification defined by topology and ANI","classification based on placement in class-level tree","GCF_019141525.1, s__Pseudomonas_E alva...","97.54","0.99626","Genome not assigned to closest species as it falls outside its pre-defined ANI radius","TCS_genomes_22_DRAM","o__Pseudomonadales",185,813,308,0,811,2,0,0,0,100,0.13,"Very low"
"37","TCS_genomes_3","Bacteria","Pseudomonadota","Gammaproteobacteria","Pseudomonadales","Pseudomonadaceae","Pseudomonas_E","","-","-","-","-","-","-","-","-","-","taxonomic classification defined by topology and ANI","classification based on placement in class-level tree","GCF_020423045.1, s__Pseudomonas_E sp00...","97.8","0.99069","Genome not assigned to closest species as it falls outside its pre-defined ANI radius","TCS_genomes_3_DRAM","o__Pseudomonadales",185,813,308,0,810,3,0,0,0,100,0.46,"Very low"
"370","TCS_genomes_22","Bacteria","Pseudomonadota","Gammaproteobacteria","Enterobacterales","Enterobacteriaceae","Siccibacter","Siccibacter colletis","GCF_000696575.1","95","d__Bacteria;p__Pseudomonadota;c__Gammaproteobacteria;o__Enterobacterales;f__Enterobacteriaceae;g__Siccibacter;s__Siccibacter colletis","97.98","0.93","GCF_000696575.1","d__Bacteria;p__Pseudomonadota;c__Gammaproteobacteria;o__Enterobacterales;f__Enterobacteriaceae;g__Siccibacter;s__Siccibacter colletis","97.98","0.93","ani_screen","classification based on ANI only","GCF_000463155.2, s__Siccibacter turice...","96.52","-","-","TCS_genomes_22_DRAM","f__Enterobacteriaceae",223,876,305,1,874,1,0,0,0,99.89,0.08,"Very low"
"371","TCS_genomes_22","Bacteria","Pseudomonadota","Gammaproteobacteria","Burkholderiales","Burkholderiaceae","Cupriavidus","","-","-","-","-","-","-","-","-","-","taxonomic classification defined by topology and ANI","classification based on placement in class-level tree","GCF_008632125.1, s__Cupriavidus cauae,...","96.72","0.99183","Genome not assigned to closest species as it falls outside its pre-defined ANI radius","TCS_genomes_22_DRAM","f__Burkholderiaceae",91,596,218,3,586,6,1,0,0,99.86,1.89,"Low"
"372","TCS_genomes_22","Bacteria","Bacillota","Bacilli","Bacillales","Bacillaceae_H","Bacillus_I","Bacillus_I filamentosa","GCF_900177535.1","95","d__Bacteria;p__Bacillota;c__Bacilli;o__Bacillales;f__Bacillaceae_H;g__Bacillus_I;s__Bacillus_I filamentosa","95.57","0.885","GCF_900115845.1","d__Bacteria;p__Bacillota;c__Bacilli;o__Bacillales;f__Bacillaceae_H;g__Bacillus_I;s__Bacillus_I endophytica","95.15","0.884","ani_screen","classification based on ANI only","GCF_900115845.1, s__Bacillus_I endophy...","95.21","-","-","TCS_genomes_22_DRAM","o__Bacillales",139,508,174,2,501,5,0,0,0,99.33,1.04,"Low"
"373","TCS_genomes_22","Bacteria","Pseudomonadota","Gammaproteobacteria","Burkholderiales","Burkholderiaceae","Telluria","","-","-","-","-","-","-","-","-","-","taxonomic classification defined by topology and ANI","classification based on placement in class-level tree","GCA_003520365.1, s__Telluria sp0035203...","98.85","0.98952","Genome not assigned to closest species as it falls outside its pre-defined ANI radius","TCS_genomes_22_DRAM","o__Burkholderiales",107,574,251,3,566,5,0,0,0,99.55,0.69,"Very low"
"374","TCS_genomes_22","Bacteria","Pseudomonadota","Gammaproteobacteria","Pseudomonadales","Pseudomonadaceae","Stutzerimonas","Stutzerimonas stutzeri","GCF_000219605.1","95","d__Bacteria;p__Pseudomonadota;c__Gammaproteobacteria;o__Pseudomonadales;f__Pseudomonadaceae;g__Stutzerimonas;s__Stutzerimonas stutzeri","97.97","0.894","GCF_000219605.1","d__Bacteria;p__Pseudomonadota;c__Gammaproteobacteria;o__Pseudomonadales;f__Pseudomonadaceae;g__Stutzerimonas;s__Stutzerimonas stutzeri","97.97","0.894","ani_screen","classification based on ANI only","GCF_024448335.1, s__Stutzerimonas freq...","98.65","-","-","TCS_genomes_22_DRAM","c__Gammaproteobacteria",228,583,244,1,581,1,0,0,0,99.86,0.14,"Very low"
"375","TCS_genomes_22","Bacteria","Pseudomonadota","Gammaproteobacteria","Pseudomonadales","Pseudomonadaceae","Stutzerimonas","Stutzerimonas stutzeri","GCF_000219605.1","95","d__Bacteria;p__Pseudomonadota;c__Gammaproteobacteria;o__Pseudomonadales;f__Pseudomonadaceae;g__Stutzerimonas;s__Stutzerimonas stutzeri","98","0.89","GCF_000219605.1","d__Bacteria;p__Pseudomonadota;c__Gammaproteobacteria;o__Pseudomonadales;f__Pseudomonadaceae;g__Stutzerimonas;s__Stutzerimonas stutzeri","98","0.89","ani_screen","classification based on ANI only","GCF_024448335.1, s__Stutzerimonas freq...","98.65","-","-","TCS_genomes_22_DRAM","c__Gammaproteobacteria",228,583,244,1,581,1,0,0,0,99.86,0.14,"Very low"
"376","TCS_genomes_22","Bacteria","Pseudomonadota","Gammaproteobacteria","Enterobacterales","Enterobacteriaceae","Cronobacter","Cronobacter malonaticus","GCF_001277215.2","95","d__Bacteria;p__Pseudomonadota;c__Gammaproteobacteria;o__Enterobacterales;f__Enterobacteriaceae;g__Cronobacter;s__Cronobacter malonaticus","98.39","0.924","GCF_001277215.2","d__Bacteria;p__Pseudomonadota;c__Gammaproteobacteria;o__Enterobacterales;f__Enterobacteriaceae;g__Cronobacter;s__Cronobacter malonaticus","98.39","0.924","ani_screen","classification based on ANI only","GCF_000982825.1, s__Cronobacter sakaza...","96.62","-","-","TCS_genomes_22_DRAM","f__Enterobacteriaceae",223,876,305,1,873,2,0,0,0,99.99,0.12,"Very low"
"377","TCS_genomes_22","Bacteria","Pseudomonadota","Gammaproteobacteria","Pseudomonadales","Pseudomonadaceae","Pseudomonas_E","Pseudomonas_E argentinensis_B","GCF_001839655.2","95","d__Bacteria;p__Pseudomonadota;c__Gammaproteobacteria;o__Pseudomonadales;f__Pseudomonadaceae;g__Pseudomonas_E;s__Pseudomonas_E argentinensis_B","98.73","0.936","GCF_001839655.2","d__Bacteria;p__Pseudomonadota;c__Gammaproteobacteria;o__Pseudomonadales;f__Pseudomonadaceae;g__Pseudomonas_E;s__Pseudomonas_E argentinensis_B","98.73","0.936","ani_screen","classification based on ANI only","GCF_023517795.1, s__Pseudomonas_E fulv...","97.64","-","-","TCS_genomes_22_DRAM","o__Pseudomonadales",185,813,308,0,811,2,0,0,0,100,0.15,"Very low"
"378","TCS_genomes_22","Bacteria","Pseudomonadota","Gammaproteobacteria","Pseudomonadales","Pseudomonadaceae","Stutzerimonas","","-","-","-","-","-","GCF_019355055.1","d__Bacteria;p__Pseudomonadota;c__Gammaproteobacteria;o__Pseudomonadales;f__Pseudomonadaceae;g__Stutzerimonas;s__Stutzerimonas sp004331835","93.73","0.927","taxonomic classification defined by topology and ANI","classification based on placement in class-level tree","GCF_024448955.1, s__Stutzerimonas stut...","98.71","0.99695","Genome not assigned to closest species as it falls outside its pre-defined ANI radius","TCS_genomes_22_DRAM","c__Gammaproteobacteria",228,583,244,0,582,1,0,0,0,100,0.14,"Very low"
"379","TCS_genomes_22","Bacteria","Pseudomonadota","Gammaproteobacteria","Pseudomonadales","Pseudomonadaceae","Pseudomonas_E","Pseudomonas_E argentinensis_B","GCF_001839655.2","95","d__Bacteria;p__Pseudomonadota;c__Gammaproteobacteria;o__Pseudomonadales;f__Pseudomonadaceae;g__Pseudomonas_E;s__Pseudomonas_E argentinensis_B","98.74","0.935","GCF_001839655.2","d__Bacteria;p__Pseudomonadota;c__Gammaproteobacteria;o__Pseudomonadales;f__Pseudomonadaceae;g__Pseudomonas_E;s__Pseudomonas_E argentinensis_B","98.74","0.935","ani_screen","classification based on ANI only","GCF_023517795.1, s__Pseudomonas_E fulv...","97.64","-","-","TCS_genomes_22_DRAM","o__Pseudomonadales",185,813,308,0,811,2,0,0,0,100,0.15,"Very low"
"38","TCS_genomes_3","Bacteria","Pseudomonadota","Gammaproteobacteria","Pseudomonadales","Pseudomonadaceae","Pseudomonas_E","Pseudomonas_E migulae_B","GCF_024169315.1","95","d__Bacteria;p__Pseudomonadota;c__Gammaproteobacteria;o__Pseudomonadales;f__Pseudomonadaceae;g__Pseudomonas_E;s__Pseudomonas_E migulae_B","98.95","0.946","GCF_024169315.1","d__Bacteria;p__Pseudomonadota;c__Gammaproteobacteria;o__Pseudomonadales;f__Pseudomonadaceae;g__Pseudomonas_E;s__Pseudomonas_E migulae_B","98.95","0.946","ani_screen","classification based on ANI only","GCF_018502625.1, s__Pseudomonas_E fluo...","97.78","-","-","TCS_genomes_3_DRAM","o__Pseudomonadales",185,813,308,0,809,4,0,0,0,100,0.51,"Very low"
"380","TCS_genomes_22","Bacteria","Pseudomonadota","Gammaproteobacteria","Pseudomonadales","Pseudomonadaceae","Pseudomonas_E","","-","-","-","-","-","GCF_000802155.2","d__Bacteria;p__Pseudomonadota;c__Gammaproteobacteria;o__Pseudomonadales;f__Pseudomonadaceae;g__Pseudomonas_E;s__Pseudomonas_E frederiksbergensis_A","88.72","0.846","taxonomic classification defined by topology and ANI","classification based on placement in class-level tree","GCF_014268655.2, s__Pseudomonas_E marv...","97.58","0.99668","Genome not assigned to closest species as it falls outside its pre-defined ANI radius","TCS_genomes_22_DRAM","o__Pseudomonadales",185,813,308,1,810,2,0,0,0,99.96,0.19,"Very low"
"381","TCS_genomes_22","Bacteria","Pseudomonadota","Gammaproteobacteria","Xanthomonadales","Xanthomonadaceae","Stenotrophomonas","Stenotrophomonas hibiscicola","GCF_000382065.1","95","d__Bacteria;p__Pseudomonadota;c__Gammaproteobacteria;o__Xanthomonadales;f__Xanthomonadaceae;g__Stenotrophomonas;s__Stenotrophomonas hibiscicola","97.82","0.946","GCF_000382065.1","d__Bacteria;p__Pseudomonadota;c__Gammaproteobacteria;o__Xanthomonadales;f__Xanthomonadaceae;g__Stenotrophomonas;s__Stenotrophomonas hibiscicola","97.82","0.946","ani_screen","classification based on ANI only","GCF_001431625.1, s__Stenotrophomonas g...","98.45","-","-","TCS_genomes_22_DRAM","f__Xanthomonadaceae",55,659,290,0,658,1,0,0,0,100,0.34,"Very low"
"382","TCS_genomes_22","Bacteria","Pseudomonadota","Gammaproteobacteria","Pseudomonadales","Pseudomonadaceae","Pseudomonas_E","","-","-","-","-","-","-","-","-","-","taxonomic classification defined by topology and ANI","classification based on placement in class-level tree","GCF_014268655.2, s__Pseudomonas_E marv...","97.54","0.98874","Genome not assigned to closest species as it falls outside its pre-defined ANI radius","TCS_genomes_22_DRAM","o__Pseudomonadales",185,813,308,1,811,1,0,0,0,99.92,0.11,"Very low"
"383","TCS_genomes_22","Bacteria","Pseudomonadota","Gammaproteobacteria","Pseudomonadales","Pseudomonadaceae","Pseudomonas_E","","-","-","-","-","-","-","-","-","-","taxonomic classification defined by topology and ANI","classification based on placement in class-level tree","GCF_014268655.2, s__Pseudomonas_E marv...","97.54","0.98874","Genome not assigned to closest species as it falls outside its pre-defined ANI radius","TCS_genomes_22_DRAM","o__Pseudomonadales",185,813,308,0,812,1,0,0,0,100,0.11,"Very low"
"384","TCS_genomes_22","Bacteria","Bacillota","Bacilli","Bacillales","Bacillaceae_H","Priestia","","-","-","-","-","-","-","-","-","-","taxonomic classification defined by topology and ANI","classification based on placement in class-level tree","GCF_023715685.1, s__Priestia aryabhatt...","92.71","0.99059","Genome not assigned to closest species as it falls outside its pre-defined ANI radius","TCS_genomes_22_DRAM","o__Bacillales",139,508,174,2,498,6,2,0,0,99.35,1.82,"Low"
"385","TCS_genomes_23","Bacteria","Pseudomonadota","Gammaproteobacteria","Pseudomonadales","Pseudomonadaceae","Pseudomonas_E","Pseudomonas_E fluorescens_AO","GCF_000817895.1","95","d__Bacteria;p__Pseudomonadota;c__Gammaproteobacteria;o__Pseudomonadales;f__Pseudomonadaceae;g__Pseudomonas_E;s__Pseudomonas_E fluorescens_AO","97.84","0.922","GCF_000817895.1","d__Bacteria;p__Pseudomonadota;c__Gammaproteobacteria;o__Pseudomonadales;f__Pseudomonadaceae;g__Pseudomonas_E;s__Pseudomonas_E fluorescens_AO","97.84","0.922","ani_screen","classification based on ANI only","GCF_004358055.1, s__Pseudomonas_E mora...","96.9","-","-","TCS_genomes_23_DRAM","o__Pseudomonadales",185,813,308,0,812,1,0,0,0,100,0.11,"Very low"
"386","TCS_genomes_23","Bacteria","Pseudomonadota","Gammaproteobacteria","Pseudomonadales","Pseudomonadaceae","Pseudomonas_E","","-","-","-","-","-","-","-","-","-","taxonomic classification defined by topology and ANI","classification based on placement in class-level tree","GCF_019141525.1, s__Pseudomonas_E alva...","97.54","0.98874","Genome not assigned to closest species as it falls outside its pre-defined ANI radius","TCS_genomes_23_DRAM","o__Pseudomonadales",185,813,308,0,811,2,0,0,0,100,0.43,"Very low"
"387","TCS_genomes_23","Bacteria","Bacillota","Bacilli","Bacillales","Bacillaceae_H","Priestia","","-","-","-","-","-","-","-","-","-","taxonomic classification defined by topology and ANI","classification based on placement in class-level tree","GCF_023715685.1, s__Priestia aryabhatt...","91.88","0.99027","Genome not assigned to closest species as it falls outside its pre-defined ANI radius","TCS_genomes_23_DRAM","o__Bacillales",139,508,174,1,504,3,0,0,0,99.43,0.11,"Very low"
"388","TCS_genomes_23","Bacteria","Pseudomonadota","Gammaproteobacteria","Burkholderiales","Burkholderiaceae","Cupriavidus","Cupriavidus cauae","GCF_008632125.1","95","d__Bacteria;p__Pseudomonadota;c__Gammaproteobacteria;o__Burkholderiales;f__Burkholderiaceae;g__Cupriavidus;s__Cupriavidus cauae","95.4","0.902","GCF_008632125.1","d__Bacteria;p__Pseudomonadota;c__Gammaproteobacteria;o__Burkholderiales;f__Burkholderiaceae;g__Cupriavidus;s__Cupriavidus cauae","95.4","0.902","ani_screen","classification based on ANI only","GCF_008801915.1, s__Cupriavidus gilard...","97.97","-","-","TCS_genomes_23_DRAM","f__Burkholderiaceae",91,596,218,2,594,0,0,0,0,99.89,0,"No detectable contamination"
"389","TCS_genomes_23","Bacteria","Pseudomonadota","Gammaproteobacteria","Enterobacterales","Enterobacteriaceae","Enterobacter","Enterobacter hormaechei_A","GCF_001729745.1","95","d__Bacteria;p__Pseudomonadota;c__Gammaproteobacteria;o__Enterobacterales;f__Enterobacteriaceae;g__Enterobacter;s__Enterobacter hormaechei_A","95.9","0.912","GCF_011078175.1","d__Bacteria;p__Pseudomonadota;c__Gammaproteobacteria;o__Enterobacterales;f__Enterobacteriaceae;g__Enterobacter;s__Enterobacter cloacae_Q","95.22","0.895","ani_screen","classification based on ANI only","GCF_011078175.1, s__Enterobacter cloac...","96.62","-","-","TCS_genomes_23_DRAM","f__Enterobacteriaceae",223,876,305,3,872,1,0,0,0,99.73,0.08,"Very low"
"39","TCS_genomes_3","Bacteria","Pseudomonadota","Gammaproteobacteria","Pseudomonadales","Pseudomonadaceae","Pseudomonas_E","Pseudomonas_E neoaurantiaca","GCF_013608025.1","95","d__Bacteria;p__Pseudomonadota;c__Gammaproteobacteria;o__Pseudomonadales;f__Pseudomonadaceae;g__Pseudomonas_E;s__Pseudomonas_E neoaurantiaca","95.93","0.909","-","-","-","-","ani_screen","classification based on ANI only","GCF_013608025.1, s__Pseudomonas_E neoa...","97.42","-","-","TCS_genomes_3_DRAM","o__Pseudomonadales",185,813,308,0,811,2,0,0,0,100,0.43,"Very low"
"390","TCS_genomes_23","Bacteria","Pseudomonadota","Gammaproteobacteria","Pseudomonadales","Pseudomonadaceae","Pseudomonas_E","Pseudomonas_E sp022662375","GCF_022662375.1","95","d__Bacteria;p__Pseudomonadota;c__Gammaproteobacteria;o__Pseudomonadales;f__Pseudomonadaceae;g__Pseudomonas_E;s__Pseudomonas_E sp022662375","95.13","0.885","-","-","-","-","ani_screen","classification based on ANI only","GCF_022662375.1, s__Pseudomonas_E sp02...","97.74","-","-","TCS_genomes_23_DRAM","o__Pseudomonadales",185,813,308,0,812,1,0,0,0,100,0.11,"Very low"
"391","TCS_genomes_23","Bacteria","Pseudomonadota","Gammaproteobacteria","Pseudomonadales","Pseudomonadaceae","Pseudomonas_E","Pseudomonas_E fluorescens_M","GCF_001648775.1","95","d__Bacteria;p__Pseudomonadota;c__Gammaproteobacteria;o__Pseudomonadales;f__Pseudomonadaceae;g__Pseudomonas_E;s__Pseudomonas_E fluorescens_M","98.21","0.932","GCF_001648775.1","d__Bacteria;p__Pseudomonadota;c__Gammaproteobacteria;o__Pseudomonadales;f__Pseudomonadaceae;g__Pseudomonas_E;s__Pseudomonas_E fluorescens_M","98.21","0.932","ani_screen","classification based on ANI only","GCF_005938625.1, s__Pseudomonas_E fluo...","96.92","-","-","TCS_genomes_23_DRAM","o__Pseudomonadales",185,813,308,0,809,4,0,0,0,100,0.32,"Very low"
"392","TCS_genomes_23","Bacteria","Pseudomonadota","Gammaproteobacteria","Pseudomonadales","Pseudomonadaceae","Pseudomonas_E","","-","-","-","-","-","-","-","-","-","taxonomic classification defined by topology and ANI","classification based on placement in class-level tree","GCF_019200975.1, s__Pseudomonas_E sp01...","97.76","0.98515","Genome not assigned to closest species as it falls outside its pre-defined ANI radius","TCS_genomes_23_DRAM","o__Pseudomonadales",185,813,308,0,810,3,0,0,0,100,0.54,"Very low"
"393","TCS_genomes_23","Bacteria","Pseudomonadota","Gammaproteobacteria","Enterobacterales","Enterobacteriaceae","Serratia_J","","-","-","-","-","-","-","-","-","-","taxonomic classification defined by topology and ANI","classification based on placement in class-level tree","GCA_012719855.1, s__Serratia_J liquefa...","97.4","0.99099","Genome not assigned to closest species as it falls outside its pre-defined ANI radius","TCS_genomes_23_DRAM","f__Enterobacteriaceae",55,546,224,1,543,2,0,0,0,99.98,0.89,"Very low"
"394","TCS_genomes_23","Bacteria","Pseudomonadota","Gammaproteobacteria","Enterobacterales","Enterobacteriaceae","Serratia_J","","-","-","-","-","-","-","-","-","-","taxonomic classification defined by topology and ANI","classification based on placement in class-level tree","GCA_012719855.1, s__Serratia_J liquefa...","97.4","0.99099","Genome not assigned to closest species as it falls outside its pre-defined ANI radius","TCS_genomes_23_DRAM","f__Enterobacteriaceae",55,546,224,1,543,2,0,0,0,99.98,0.89,"Very low"
"395","TCS_genomes_23","Bacteria","Pseudomonadota","Gammaproteobacteria","Enterobacterales","Enterobacteriaceae","Serratia_J","","-","-","-","-","-","-","-","-","-","taxonomic classification defined by topology and ANI","classification based on placement in class-level tree","GCA_012719855.1, s__Serratia_J liquefa...","97.4","0.99099","Genome not assigned to closest species as it falls outside its pre-defined ANI radius","TCS_genomes_23_DRAM","f__Enterobacteriaceae",55,546,224,1,544,1,0,0,0,99.98,0.45,"Very low"
"396","TCS_genomes_23","Bacteria","Pseudomonadota","Gammaproteobacteria","Burkholderiales","Burkholderiaceae","Paraburkholderia","","-","-","-","-","-","-","-","-","-","taxonomic classification defined by topology and ANI","classification based on placement in class-level tree","GCF_000739735.1, s__Paraburkholderia g...","95.87","0.99407","Genome not assigned to closest species as it falls outside its pre-defined ANI radius","TCS_genomes_23_DRAM","o__Burkholderiales",107,574,251,2,568,4,0,0,0,99.55,0.65,"Very low"
"397","TCS_genomes_23","Bacteria","Pseudomonadota","Gammaproteobacteria","Pseudomonadales","Pseudomonadaceae","Pseudomonas_E","","-","-","-","-","-","GCF_021605415.1","d__Bacteria;p__Pseudomonadota;c__Gammaproteobacteria;o__Pseudomonadales;f__Pseudomonadaceae;g__Pseudomonas_E;s__Pseudomonas_E syringae_S","87.04","0.774","taxonomic classification defined by topology and ANI","classification based on placement in class-level tree","GCF_004683905.1, s__Pseudomonas_E puti...","98.47","0.99327","Genome not assigned to closest species as it falls outside its pre-defined ANI radius","TCS_genomes_23_DRAM","o__Pseudomonadales",185,813,308,0,812,1,0,0,0,100,0.11,"Very low"
"398","TCS_genomes_23","Bacteria","Pseudomonadota","Gammaproteobacteria","Enterobacterales","Enterobacteriaceae","Rahnella","","-","-","-","-","-","-","-","-","-","taxonomic classification defined by topology and ANI","classification based on placement in class-level tree","GCF_004330295.1, s__Rahnella victorian...","98.21","0.9914","Genome not assigned to closest species as it falls outside its pre-defined ANI radius","TCS_genomes_23_DRAM","f__Enterobacteriaceae",55,546,224,0,542,4,0,0,0,100,0.52,"Very low"
"399","TCS_genomes_23","Bacteria","Pseudomonadota","Gammaproteobacteria","Pseudomonadales","Pseudomonadaceae","Pseudomonas_E","","-","-","-","-","-","-","-","-","-","taxonomic classification defined by topology and ANI","classification based on placement in class-level tree","GCF_018502625.1, s__Pseudomonas_E fluo...","97.8","0.99709","Genome not assigned to closest species as it falls outside its pre-defined ANI radius","TCS_genomes_23_DRAM","o__Pseudomonadales",185,813,308,0,807,6,0,0,0,100,0.97,"Very low"
"4","TCS_genomes_1","Bacteria","Pseudomonadota","Gammaproteobacteria","Pseudomonadales","Pseudomonadaceae","Pseudomonas_E","","-","-","-","-","-","GCF_021605415.1","d__Bacteria;p__Pseudomonadota;c__Gammaproteobacteria;o__Pseudomonadales;f__Pseudomonadaceae;g__Pseudomonas_E;s__Pseudomonas_E syringae_S","89.18","0.847","taxonomic classification defined by topology and ANI","classification based on placement in class-level tree","GCF_021018765.1, s__Pseudomonas_E sp02...","97.7","0.9966","Genome not assigned to closest species as it falls outside its pre-defined ANI radius","TCS_genomes_1_DRAM","o__Pseudomonadales",185,813,308,0,811,2,0,0,0,100,0.27,"Very low"
"40","TCS_genomes_3","Bacteria","Pseudomonadota","Gammaproteobacteria","Pseudomonadales","Pseudomonadaceae","Pseudomonas_E","","-","-","-","-","-","GCF_021605415.1","d__Bacteria;p__Pseudomonadota;c__Gammaproteobacteria;o__Pseudomonadales;f__Pseudomonadaceae;g__Pseudomonas_E;s__Pseudomonas_E syringae_S","89.12","0.854","taxonomic classification defined by topology and ANI","classification based on placement in class-level tree","GCF_021018765.1, s__Pseudomonas_E sp02...","91.96","0.99635","Genome not assigned to closest species as it falls outside its pre-defined ANI radius","TCS_genomes_3_DRAM","o__Pseudomonadales",185,813,308,0,779,33,1,0,0,100,5.42,"Medium"
"400","TCS_genomes_23","Bacteria","Pseudomonadota","Gammaproteobacteria","Pseudomonadales","Pseudomonadaceae","Pseudomonas_E","","-","-","-","-","-","GCF_021605415.1","d__Bacteria;p__Pseudomonadota;c__Gammaproteobacteria;o__Pseudomonadales;f__Pseudomonadaceae;g__Pseudomonas_E;s__Pseudomonas_E syringae_S","86.8","0.777","taxonomic classification defined by topology and ANI","classification based on placement in class-level tree","GCF_000282275.2, s__Pseudomonas_E sp00...","98.49","0.99331","Genome not assigned to closest species as it falls outside its pre-defined ANI radius","TCS_genomes_23_DRAM","o__Pseudomonadales",185,813,308,0,812,1,0,0,0,100,0.11,"Very low"
"41","TCS_genomes_3","Bacteria","Pseudomonadota","Gammaproteobacteria","Pseudomonadales","Pseudomonadaceae","Pseudomonas_E","Pseudomonas_E kilonensis","GCF_001269885.1","95","d__Bacteria;p__Pseudomonadota;c__Gammaproteobacteria;o__Pseudomonadales;f__Pseudomonadaceae;g__Pseudomonas_E;s__Pseudomonas_E kilonensis","96.31","0.888","GCF_001269885.1","d__Bacteria;p__Pseudomonadota;c__Gammaproteobacteria;o__Pseudomonadales;f__Pseudomonadaceae;g__Pseudomonas_E;s__Pseudomonas_E kilonensis","96.31","0.888","ani_screen","classification based on ANI only","GCF_008801605.1, s__Pseudomonas_E bras...","97.44","-","-","TCS_genomes_3_DRAM","o__Pseudomonadales",185,813,308,0,812,1,0,0,0,100,0.11,"Very low"
"42","TCS_genomes_3","Bacteria","Pseudomonadota","Gammaproteobacteria","Pseudomonadales","Pseudomonadaceae","Pseudomonas_E","Pseudomonas_E viridiflava_D","GCF_900590885.1","95","d__Bacteria;p__Pseudomonadota;c__Gammaproteobacteria;o__Pseudomonadales;f__Pseudomonadaceae;g__Pseudomonas_E;s__Pseudomonas_E viridiflava_D","98.85","0.935","GCF_900590885.1","d__Bacteria;p__Pseudomonadota;c__Gammaproteobacteria;o__Pseudomonadales;f__Pseudomonadaceae;g__Pseudomonas_E;s__Pseudomonas_E viridiflava_D","98.85","0.935","ani_screen","classification based on ANI only","GCF_002843605.1, s__Pseudomonas_E sp00...","76.92","-","Genome has more than 21.7% of markers with multiple hits","TCS_genomes_3_DRAM","o__Pseudomonadales",185,813,308,0,662,148,3,0,0,100,16.98,"Very high"
"43","TCS_genomes_3","Bacteria","Pseudomonadota","Gammaproteobacteria","Pseudomonadales","Pseudomonadaceae","Pseudomonas_E","","-","-","-","-","-","-","-","-","-","taxonomic classification defined by topology and ANI","classification based on placement in class-level tree","GCF_022662375.1, s__Pseudomonas_E sp02...","98.57","0.99769","Genome not assigned to closest species as it falls outside its pre-defined ANI radius","TCS_genomes_3_DRAM","o__Pseudomonadales",185,813,308,0,811,2,0,0,0,100,0.19,"Very low"
"44","TCS_genomes_3","Bacteria","Pseudomonadota","Gammaproteobacteria","Pseudomonadales","Pseudomonadaceae","Pseudomonas_E","Pseudomonas_E sp009764645","GCF_009764645.1","95","d__Bacteria;p__Pseudomonadota;c__Gammaproteobacteria;o__Pseudomonadales;f__Pseudomonadaceae;g__Pseudomonas_E;s__Pseudomonas_E sp009764645","98.49","0.961","GCF_009764645.1","d__Bacteria;p__Pseudomonadota;c__Gammaproteobacteria;o__Pseudomonadales;f__Pseudomonadaceae;g__Pseudomonas_E;s__Pseudomonas_E sp009764645","98.49","0.961","ani_screen","classification based on ANI only","GCF_001297015.1, s__Pseudomonas_E sp00...","97.76","-","-","TCS_genomes_3_DRAM","o__Pseudomonadales",185,813,308,0,812,1,0,0,0,100,0.11,"Very low"
"45","TCS_genomes_3","Bacteria","Pseudomonadota","Gammaproteobacteria","Pseudomonadales","Pseudomonadaceae","Pseudomonas_E","","-","-","-","-","-","GCF_902497745.1","d__Bacteria;p__Pseudomonadota;c__Gammaproteobacteria;o__Pseudomonadales;f__Pseudomonadaceae;g__Pseudomonas_E;s__Pseudomonas_E fluorescens_BM","92.42","0.851","taxonomic classification defined by topology and ANI","classification based on placement in class-level tree","GCF_000783395.1, s__Pseudomonas_E helm...","97.76","0.9992","Genome not assigned to closest species as it falls outside its pre-defined ANI radius","TCS_genomes_3_DRAM","o__Pseudomonadales",185,813,308,0,810,3,0,0,0,100,0.27,"Very low"
"46","TCS_genomes_3","Bacteria","Pseudomonadota","Gammaproteobacteria","Pseudomonadales","Pseudomonadaceae","Pseudomonas_E","","-","-","-","-","-","GCF_902497745.1","d__Bacteria;p__Pseudomonadota;c__Gammaproteobacteria;o__Pseudomonadales;f__Pseudomonadaceae;g__Pseudomonas_E;s__Pseudomonas_E fluorescens_BM","92.45","0.843","taxonomic classification defined by topology and ANI","classification based on placement in class-level tree","GCF_000783395.1, s__Pseudomonas_E helm...","97.76","0.9992","Genome not assigned to closest species as it falls outside its pre-defined ANI radius","TCS_genomes_3_DRAM","o__Pseudomonadales",185,813,308,0,810,3,0,0,0,100,0.27,"Very low"
"47","TCS_genomes_3","Bacteria","Pseudomonadota","Gammaproteobacteria","Pseudomonadales","Pseudomonadaceae","Pseudomonas_E","","-","-","-","-","-","GCF_018138145.1","d__Bacteria;p__Pseudomonadota;c__Gammaproteobacteria;o__Pseudomonadales;f__Pseudomonadaceae;g__Pseudomonas_E;s__Pseudomonas_E koreensis_A","93.6","0.891","taxonomic classification defined by topology and ANI","classification based on placement in class-level tree","GCF_022662375.1, s__Pseudomonas_E sp02...","97.76","0.99923","Genome not assigned to closest species as it falls outside its pre-defined ANI radius","TCS_genomes_3_DRAM","o__Pseudomonadales",185,813,308,0,808,5,0,0,0,100,0.24,"Very low"
"48","TCS_genomes_3","Bacteria","Pseudomonadota","Gammaproteobacteria","Pseudomonadales","Pseudomonadaceae","Pseudomonas_E","Pseudomonas_E viridiflava_D","GCF_900590885.1","95","d__Bacteria;p__Pseudomonadota;c__Gammaproteobacteria;o__Pseudomonadales;f__Pseudomonadaceae;g__Pseudomonas_E;s__Pseudomonas_E viridiflava_D","98.88","0.924","GCF_900590885.1","d__Bacteria;p__Pseudomonadota;c__Gammaproteobacteria;o__Pseudomonadales;f__Pseudomonadaceae;g__Pseudomonas_E;s__Pseudomonas_E viridiflava_D","98.88","0.924","ani_screen","classification based on ANI only","GCF_002843605.1, s__Pseudomonas_E sp00...","96.13","-","-","TCS_genomes_3_DRAM","o__Pseudomonadales",185,813,308,0,808,5,0,0,0,100,0.93,"Very low"
"49","TCS_genomes_3","Bacteria","Pseudomonadota","Gammaproteobacteria","Pseudomonadales","Pseudomonadaceae","Pseudomonas_E","Pseudomonas_E paracarnis","GCF_904063055.1","95","d__Bacteria;p__Pseudomonadota;c__Gammaproteobacteria;o__Pseudomonadales;f__Pseudomonadaceae;g__Pseudomonas_E;s__Pseudomonas_E paracarnis","99.25","0.924","GCF_904063055.1","d__Bacteria;p__Pseudomonadota;c__Gammaproteobacteria;o__Pseudomonadales;f__Pseudomonadaceae;g__Pseudomonas_E;s__Pseudomonas_E paracarnis","99.25","0.924","ani_screen","classification based on ANI only","GCF_001439845.1, s__Pseudomonas_E lact...","95.99","-","-","TCS_genomes_3_DRAM","o__Pseudomonadales",185,813,308,0,808,5,0,0,0,100,0.28,"Very low"
"5","TCS_genomes_1","Bacteria","Pseudomonadota","Gammaproteobacteria","Pseudomonadales","Pseudomonadaceae","Pseudomonas_E","","-","-","-","-","-","-","-","-","-","taxonomic classification defined by topology and ANI","classification based on placement in class-level tree","GCF_019145495.1, s__Pseudomonas_E azer...","96.76","0.99052","Genome not assigned to closest species as it falls outside its pre-defined ANI radius","TCS_genomes_1_DRAM","o__Pseudomonadales",185,813,308,0,810,3,0,0,0,100,0.5,"Very low"
"50","TCS_genomes_3","Bacteria","Pseudomonadota","Gammaproteobacteria","Pseudomonadales","Pseudomonadaceae","Pseudomonas_E","Pseudomonas_E viridiflava_D","GCF_900590885.1","95","d__Bacteria;p__Pseudomonadota;c__Gammaproteobacteria;o__Pseudomonadales;f__Pseudomonadaceae;g__Pseudomonas_E;s__Pseudomonas_E viridiflava_D","98.83","0.936","GCF_900590885.1","d__Bacteria;p__Pseudomonadota;c__Gammaproteobacteria;o__Pseudomonadales;f__Pseudomonadaceae;g__Pseudomonas_E;s__Pseudomonas_E viridiflava_D","98.83","0.936","ani_screen","classification based on ANI only","GCF_002843605.1, s__Pseudomonas_E sp00...","59.44","-","Genome has more than 39.2% of markers with multiple hits","TCS_genomes_3_DRAM","k__Bacteria",5449,103,57,0,60,43,0,0,0,100,36.25,"Very high"
"51","TCS_genomes_3","Bacteria","Pseudomonadota","Gammaproteobacteria","Pseudomonadales","Pseudomonadaceae","Pseudomonas_E","Pseudomonas_E sp002878485","GCF_002878485.1","95","d__Bacteria;p__Pseudomonadota;c__Gammaproteobacteria;o__Pseudomonadales;f__Pseudomonadaceae;g__Pseudomonas_E;s__Pseudomonas_E sp002878485","99.15","0.927","GCF_002878485.1","d__Bacteria;p__Pseudomonadota;c__Gammaproteobacteria;o__Pseudomonadales;f__Pseudomonadaceae;g__Pseudomonas_E;s__Pseudomonas_E sp002878485","99.15","0.927","ani_screen","classification based on ANI only","GCF_000633255.1, s__Pseudomonas_E sp00...","97.72","-","-","TCS_genomes_3_DRAM","o__Pseudomonadales",185,813,308,2,810,1,0,0,0,99.84,0.11,"Very low"
"52","TCS_genomes_3","Bacteria","Pseudomonadota","Gammaproteobacteria","Pseudomonadales","Pseudomonadaceae","Pseudomonas_E","Pseudomonas_E sp002878485","GCF_002878485.1","95","d__Bacteria;p__Pseudomonadota;c__Gammaproteobacteria;o__Pseudomonadales;f__Pseudomonadaceae;g__Pseudomonas_E;s__Pseudomonas_E sp002878485","99.23","0.92","GCF_002878485.1","d__Bacteria;p__Pseudomonadota;c__Gammaproteobacteria;o__Pseudomonadales;f__Pseudomonadaceae;g__Pseudomonas_E;s__Pseudomonas_E sp002878485","99.23","0.92","ani_screen","classification based on ANI only","GCF_000633255.1, s__Pseudomonas_E sp00...","97.72","-","-","TCS_genomes_3_DRAM","o__Pseudomonadales",185,813,308,0,811,2,0,0,0,100,0.22,"Very low"
"53","TCS_genomes_3","Bacteria","Pseudomonadota","Gammaproteobacteria","Pseudomonadales","Pseudomonadaceae","Pseudomonas_E","Pseudomonas_E shirazensis","GCF_014268785.2","95","d__Bacteria;p__Pseudomonadota;c__Gammaproteobacteria;o__Pseudomonadales;f__Pseudomonadaceae;g__Pseudomonas_E;s__Pseudomonas_E shirazensis","99.04","0.915","GCF_014268785.2","d__Bacteria;p__Pseudomonadota;c__Gammaproteobacteria;o__Pseudomonadales;f__Pseudomonadaceae;g__Pseudomonas_E;s__Pseudomonas_E shirazensis","99.04","0.915","ani_screen","classification based on ANI only","GCF_900536025.1, s__Pseudomonas_E reid...","97.89","-","-","TCS_genomes_3_DRAM","o__Pseudomonadales",185,813,308,0,810,3,0,0,0,100,0.16,"Very low"
"54","TCS_genomes_3","Bacteria","Pseudomonadota","Gammaproteobacteria","Pseudomonadales","Pseudomonadaceae","Pseudomonas_E","Pseudomonas_E shirazensis","GCF_014268785.2","95","d__Bacteria;p__Pseudomonadota;c__Gammaproteobacteria;o__Pseudomonadales;f__Pseudomonadaceae;g__Pseudomonas_E;s__Pseudomonas_E shirazensis","99.06","0.922","-","-","-","-","ani_screen","classification based on ANI only","GCF_001439845.1, s__Pseudomonas_E lact...","-","-","Insufficient number of amino acids in MSA (3.1%)","TCS_genomes_3_DRAM","k__Bacteria",5449,104,58,2,4,94,4,0,0,98.12,100.2,"Very high"
"55","TCS_genomes_4","Bacteria","Pseudomonadota","Gammaproteobacteria","Pseudomonadales","Pseudomonadaceae","Pseudomonas_E","Pseudomonas_E fluorescens_G","GCA_902825215.1","95","d__Bacteria;p__Pseudomonadota;c__Gammaproteobacteria;o__Pseudomonadales;f__Pseudomonadaceae;g__Pseudomonas_E;s__Pseudomonas_E fluorescens_G","97.48","0.915","GCA_902825215.1","d__Bacteria;p__Pseudomonadota;c__Gammaproteobacteria;o__Pseudomonadales;f__Pseudomonadaceae;g__Pseudomonas_E;s__Pseudomonas_E fluorescens_G","97.48","0.915","ani_screen","classification based on ANI only","GCF_900105485.1, s__Pseudomonas_E gran...","97.72","-","-","TCS_genomes_4_DRAM","o__Pseudomonadales",185,813,308,0,811,2,0,0,0,100,0.43,"Very low"
"56","TCS_genomes_4","Bacteria","Pseudomonadota","Gammaproteobacteria","Pseudomonadales","Pseudomonadaceae","Pseudomonas_E","","-","-","-","-","-","GCF_003732265.1","d__Bacteria;p__Pseudomonadota;c__Gammaproteobacteria;o__Pseudomonadales;f__Pseudomonadaceae;g__Pseudomonas_E;s__Pseudomonas_E brassicacearum_D","93.76","0.851","taxonomic classification defined by topology and ANI","classification based on placement in class-level tree","GCF_006438915.1, s__Pseudomonas_E arse...","97.86","0.99665","Genome not assigned to closest species as it falls outside its pre-defined ANI radius","TCS_genomes_4_DRAM","o__Pseudomonadales",185,813,308,0,812,1,0,0,0,100,0.11,"Very low"
"57","TCS_genomes_4","Bacteria","Pseudomonadota","Gammaproteobacteria","Pseudomonadales","Pseudomonadaceae","Pseudomonas_E","Pseudomonas_E sp002843605","GCF_002843605.1","95","d__Bacteria;p__Pseudomonadota;c__Gammaproteobacteria;o__Pseudomonadales;f__Pseudomonadaceae;g__Pseudomonas_E;s__Pseudomonas_E sp002843605","96.11","0.914","GCF_002843605.1","d__Bacteria;p__Pseudomonadota;c__Gammaproteobacteria;o__Pseudomonadales;f__Pseudomonadaceae;g__Pseudomonas_E;s__Pseudomonas_E sp002843605","96.11","0.914","ani_screen","classification based on ANI only","GCF_900590885.1, s__Pseudomonas_E viri...","97.7","-","-","TCS_genomes_4_DRAM","o__Pseudomonadales",185,813,308,0,807,6,0,0,0,100,1.08,"Low"
"58","TCS_genomes_4","Unclassified Archaea",NA,NA,NA,NA,NA,NA,"-","-","-","-","-","-","-","-","-","-","-","-","-","-","Insufficient number of amino acids in MSA (0.8%)","TCS_genomes_4_DRAM","root",5656,56,24,1,0,55,0,0,0,98.96,98.96,"Very high"
"59","TCS_genomes_4","Bacteria","Pseudomonadota","Gammaproteobacteria","Enterobacterales","Enterobacteriaceae","Serratia_J","Serratia_J quinivorans","GCF_900457075.1","95","d__Bacteria;p__Pseudomonadota;c__Gammaproteobacteria;o__Enterobacterales;f__Enterobacteriaceae;g__Serratia_J;s__Serratia_J quinivorans","98.77","0.95","GCF_900457075.1","d__Bacteria;p__Pseudomonadota;c__Gammaproteobacteria;o__Enterobacterales;f__Enterobacteriaceae;g__Serratia_J;s__Serratia_J quinivorans","98.77","0.95","ani_screen","classification based on ANI only","GCF_013337185.1, s__Serratia_J proteam...","98.21","-","-","TCS_genomes_4_DRAM","f__Enterobacteriaceae",55,546,224,0,546,0,0,0,0,100,0,"No detectable contamination"
"6","TCS_genomes_1","Bacteria","Pseudomonadota","Gammaproteobacteria","Pseudomonadales","Pseudomonadaceae","Pseudomonas_E","","-","-","-","-","-","-","-","-","-","taxonomic classification defined by topology and ANI","classification based on placement in class-level tree","GCF_019145495.1, s__Pseudomonas_E azer...","96.76","0.99052","Genome not assigned to closest species as it falls outside its pre-defined ANI radius","TCS_genomes_1_DRAM","o__Pseudomonadales",185,813,308,0,810,3,0,0,0,100,0.5,"Very low"
"60","TCS_genomes_4","Bacteria","Pseudomonadota","Gammaproteobacteria","Pseudomonadales","Pseudomonadaceae","Pseudomonas_E","","-","-","-","-","-","GCF_021605415.1","d__Bacteria;p__Pseudomonadota;c__Gammaproteobacteria;o__Pseudomonadales;f__Pseudomonadaceae;g__Pseudomonas_E;s__Pseudomonas_E syringae_S","89.24","0.851","taxonomic classification defined by topology and ANI","classification based on placement in class-level tree","GCF_021018765.1, s__Pseudomonas_E sp02...","97.7","0.99644","Genome not assigned to closest species as it falls outside its pre-defined ANI radius","TCS_genomes_4_DRAM","o__Pseudomonadales",185,813,308,0,812,1,0,0,0,100,0.11,"Very low"
"61","TCS_genomes_4","Bacteria","Pseudomonadota","Gammaproteobacteria","Pseudomonadales","Pseudomonadaceae","Pseudomonas_E","Pseudomonas_E seleniipraecipitans","GCF_900102335.1","95","d__Bacteria;p__Pseudomonadota;c__Gammaproteobacteria;o__Pseudomonadales;f__Pseudomonadaceae;g__Pseudomonas_E;s__Pseudomonas_E seleniipraecipitans","98.23","0.946","GCF_900102335.1","d__Bacteria;p__Pseudomonadota;c__Gammaproteobacteria;o__Pseudomonadales;f__Pseudomonadaceae;g__Pseudomonas_E;s__Pseudomonas_E seleniipraecipitans","98.23","0.946","ani_screen","classification based on ANI only","GCF_020386635.1, s__Pseudomonas_E sp02...","99.34","-","-","TCS_genomes_4_DRAM","o__Pseudomonadales",185,813,308,1,809,3,0,0,0,99.92,0.24,"Very low"
"62","TCS_genomes_4","Bacteria","Pseudomonadota","Gammaproteobacteria","Enterobacterales","Enterobacteriaceae","Enterobacter","Enterobacter mori","GCF_000211415.1","95","d__Bacteria;p__Pseudomonadota;c__Gammaproteobacteria;o__Enterobacterales;f__Enterobacteriaceae;g__Enterobacter;s__Enterobacter mori","97.66","0.899","GCF_000211415.1","d__Bacteria;p__Pseudomonadota;c__Gammaproteobacteria;o__Enterobacterales;f__Enterobacteriaceae;g__Enterobacter;s__Enterobacter mori","97.66","0.899","ani_screen","classification based on ANI only","GCF_000493015.1, s__Enterobacter sp000...","97.42","-","-","TCS_genomes_4_DRAM","f__Enterobacteriaceae",157,1005,324,1,1003,1,0,0,0,99.96,0.08,"Very low"
"63","TCS_genomes_4","Bacteria","Pseudomonadota","Gammaproteobacteria","Pseudomonadales","Moraxellaceae","Acinetobacter","Acinetobacter calcoaceticus","GCF_000368965.1","95","d__Bacteria;p__Pseudomonadota;c__Gammaproteobacteria;o__Pseudomonadales;f__Moraxellaceae;g__Acinetobacter;s__Acinetobacter calcoaceticus","96.39","0.896","GCF_000368965.1","d__Bacteria;p__Pseudomonadota;c__Gammaproteobacteria;o__Pseudomonadales;f__Moraxellaceae;g__Acinetobacter;s__Acinetobacter calcoaceticus","96.39","0.896","ani_screen","classification based on ANI only","GCF_900520355.1, s__Acinetobacter calc...","98.73","-","-","TCS_genomes_4_DRAM","c__Gammaproteobacteria",1164,275,174,0,275,0,0,0,0,100,0,"No detectable contamination"
"64","TCS_genomes_4","Bacteria","Pseudomonadota","Gammaproteobacteria","Pseudomonadales","Pseudomonadaceae","Pseudomonas_E","Pseudomonas_E fluorescens_G","GCA_902825215.1","95","d__Bacteria;p__Pseudomonadota;c__Gammaproteobacteria;o__Pseudomonadales;f__Pseudomonadaceae;g__Pseudomonas_E;s__Pseudomonas_E fluorescens_G","96.46","0.873","GCA_902825215.1","d__Bacteria;p__Pseudomonadota;c__Gammaproteobacteria;o__Pseudomonadales;f__Pseudomonadaceae;g__Pseudomonas_E;s__Pseudomonas_E fluorescens_G","96.46","0.873","ani_screen","classification based on ANI only","GCF_900105485.1, s__Pseudomonas_E gran...","97.72","-","-","TCS_genomes_4_DRAM","o__Pseudomonadales",185,813,308,1,811,1,0,0,0,99.92,0.11,"Very low"
"65","TCS_genomes_4","Bacteria","Pseudomonadota","Gammaproteobacteria","Pseudomonadales","Pseudomonadaceae","Pseudomonas_E","Pseudomonas_E shirazensis","GCF_014268785.2","95","d__Bacteria;p__Pseudomonadota;c__Gammaproteobacteria;o__Pseudomonadales;f__Pseudomonadaceae;g__Pseudomonas_E;s__Pseudomonas_E shirazensis","97.49","0.925","GCF_014268785.2","d__Bacteria;p__Pseudomonadota;c__Gammaproteobacteria;o__Pseudomonadales;f__Pseudomonadaceae;g__Pseudomonas_E;s__Pseudomonas_E shirazensis","97.49","0.925","ani_screen","classification based on ANI only","GCF_900536025.1, s__Pseudomonas_E reid...","97.91","-","-","TCS_genomes_4_DRAM","o__Pseudomonadales",185,813,308,0,811,2,0,0,0,100,0.14,"Very low"
"66","TCS_genomes_4","Bacteria","Pseudomonadota","Gammaproteobacteria","Pseudomonadales","Pseudomonadaceae","Pseudomonas_E","Pseudomonas_E shirazensis","GCF_014268785.2","95","d__Bacteria;p__Pseudomonadota;c__Gammaproteobacteria;o__Pseudomonadales;f__Pseudomonadaceae;g__Pseudomonas_E;s__Pseudomonas_E shirazensis","99.07","0.923","GCF_014268785.2","d__Bacteria;p__Pseudomonadota;c__Gammaproteobacteria;o__Pseudomonadales;f__Pseudomonadaceae;g__Pseudomonas_E;s__Pseudomonas_E shirazensis","99.07","0.923","ani_screen","classification based on ANI only","GCF_900536025.1, s__Pseudomonas_E reid...","97.89","-","-","TCS_genomes_4_DRAM","o__Pseudomonadales",185,813,308,0,811,2,0,0,0,100,0.14,"Very low"
"67","TCS_genomes_4","Bacteria","Pseudomonadota","Gammaproteobacteria","Pseudomonadales","Pseudomonadaceae","Pseudomonas_E","","-","-","-","-","-","-","-","-","-","taxonomic classification defined by topology and ANI","classification based on placement in class-level tree","GCF_900105485.1, s__Pseudomonas_E gran...","97.66","0.99977","Genome not assigned to closest species as it falls outside its pre-defined ANI radius","TCS_genomes_4_DRAM","o__Pseudomonadales",185,813,308,0,812,1,0,0,0,100,0.11,"Very low"
"68","TCS_genomes_4","Bacteria","Pseudomonadota","Gammaproteobacteria","Pseudomonadales","Pseudomonadaceae","Pseudomonas_E","Pseudomonas_E sp001984065","GCF_001984065.1","95","d__Bacteria;p__Pseudomonadota;c__Gammaproteobacteria;o__Pseudomonadales;f__Pseudomonadaceae;g__Pseudomonas_E;s__Pseudomonas_E sp001984065","99.32","0.961","GCF_001984065.1","d__Bacteria;p__Pseudomonadota;c__Gammaproteobacteria;o__Pseudomonadales;f__Pseudomonadaceae;g__Pseudomonas_E;s__Pseudomonas_E sp001984065","99.32","0.961","ani_screen","classification based on ANI only","GCF_902498195.1, s__Pseudomonas_E fluo...","97.64","-","-","TCS_genomes_4_DRAM","o__Pseudomonadales",185,813,308,0,808,5,0,0,0,100,0.31,"Very low"
"69","TCS_genomes_4","Bacteria","Pseudomonadota","Gammaproteobacteria","Pseudomonadales","Pseudomonadaceae","Pseudomonas_E","Pseudomonas_E sp003851685","GCF_003851685.1","95","d__Bacteria;p__Pseudomonadota;c__Gammaproteobacteria;o__Pseudomonadales;f__Pseudomonadaceae;g__Pseudomonas_E;s__Pseudomonas_E sp003851685","97.94","0.926","GCF_003851685.1","d__Bacteria;p__Pseudomonadota;c__Gammaproteobacteria;o__Pseudomonadales;f__Pseudomonadaceae;g__Pseudomonas_E;s__Pseudomonas_E sp003851685","97.94","0.926","ani_screen","classification based on ANI only","GCF_003852235.1, s__Pseudomonas_E sp00...","95.83","-","-","TCS_genomes_4_DRAM","o__Pseudomonadales",185,813,308,0,811,2,0,0,0,100,0.43,"Very low"
"7","TCS_genomes_1","Bacteria","Pseudomonadota","Gammaproteobacteria","Pseudomonadales","Pseudomonadaceae","Pseudomonas_E","","-","-","-","-","-","-","-","-","-","taxonomic classification defined by topology and ANI","classification based on placement in class-level tree","GCF_014268655.2, s__Pseudomonas_E marv...","97.44","0.98874","Genome not assigned to closest species as it falls outside its pre-defined ANI radius","TCS_genomes_1_DRAM","o__Pseudomonadales",185,813,308,0,811,2,0,0,0,100,0.19,"Very low"
"70","TCS_genomes_4","Bacteria","Pseudomonadota","Gammaproteobacteria","Pseudomonadales","Pseudomonadaceae","Pseudomonas_E","","-","-","-","-","-","-","-","-","-","taxonomic classification defined by topology and ANI","classification based on placement in class-level tree","GCF_900105485.1, s__Pseudomonas_E gran...","97.68","0.99975","Genome not assigned to closest species as it falls outside its pre-defined ANI radius","TCS_genomes_4_DRAM","o__Pseudomonadales",185,813,308,0,811,2,0,0,0,100,0.22,"Very low"
"71","TCS_genomes_4","Bacteria","Pseudomonadota","Gammaproteobacteria","Pseudomonadales","Pseudomonadaceae","Pseudomonas_E","","-","-","-","-","-","-","-","-","-","taxonomic classification defined by topology and ANI","classification based on placement in class-level tree","GCF_900105485.1, s__Pseudomonas_E gran...","97.74","0.99977","Genome not assigned to closest species as it falls outside its pre-defined ANI radius","TCS_genomes_4_DRAM","o__Pseudomonadales",185,813,308,0,812,1,0,0,0,100,0.11,"Very low"
"72","TCS_genomes_4","Bacteria","Pseudomonadota","Gammaproteobacteria","Pseudomonadales","Pseudomonadaceae","Pseudomonas_E","","-","-","-","-","-","GCF_021605415.1","d__Bacteria;p__Pseudomonadota;c__Gammaproteobacteria;o__Pseudomonadales;f__Pseudomonadaceae;g__Pseudomonas_E;s__Pseudomonas_E syringae_S","89.25","0.846","taxonomic classification defined by topology and ANI","classification based on placement in class-level tree","GCF_021018765.1, s__Pseudomonas_E sp02...","97.66","0.99629","Genome not assigned to closest species as it falls outside its pre-defined ANI radius","TCS_genomes_4_DRAM","o__Pseudomonadales",185,813,308,0,810,3,0,0,0,100,0.76,"Very low"
"73","TCS_genomes_5","Bacteria","Pseudomonadota","Gammaproteobacteria","Pseudomonadales","Pseudomonadaceae","Pseudomonas_E","Pseudomonas_E shirazensis","GCF_014268785.2","95","d__Bacteria;p__Pseudomonadota;c__Gammaproteobacteria;o__Pseudomonadales;f__Pseudomonadaceae;g__Pseudomonas_E;s__Pseudomonas_E shirazensis","97.6","0.913","GCF_014268785.2","d__Bacteria;p__Pseudomonadota;c__Gammaproteobacteria;o__Pseudomonadales;f__Pseudomonadaceae;g__Pseudomonas_E;s__Pseudomonas_E shirazensis","97.6","0.913","ani_screen","classification based on ANI only","GCF_900536025.1, s__Pseudomonas_E reid...","97.87","-","-","TCS_genomes_5_DRAM","o__Pseudomonadales",185,813,308,0,811,2,0,0,0,100,0.14,"Very low"
"74","TCS_genomes_5","Bacteria","Pseudomonadota","Gammaproteobacteria","Pseudomonadales","Pseudomonadaceae","Pseudomonas_E","Pseudomonas_E sp009764265","GCF_009764265.1","95","d__Bacteria;p__Pseudomonadota;c__Gammaproteobacteria;o__Pseudomonadales;f__Pseudomonadaceae;g__Pseudomonas_E;s__Pseudomonas_E sp009764265","95.77","0.872","GCF_009764265.1","d__Bacteria;p__Pseudomonadota;c__Gammaproteobacteria;o__Pseudomonadales;f__Pseudomonadaceae;g__Pseudomonas_E;s__Pseudomonas_E sp009764265","95.77","0.872","ani_screen","classification based on ANI only","GCF_019956575.1, s__Pseudomonas_E sp01...","96.88","-","-","TCS_genomes_5_DRAM","o__Pseudomonadales",185,813,308,0,809,4,0,0,0,100,0.25,"Very low"
"75","TCS_genomes_5","Bacteria","Pseudomonadota","Gammaproteobacteria","Pseudomonadales","Pseudomonadaceae","Pseudomonas_E","Pseudomonas_E fluorescens_BG","GCF_900636825.1","95","d__Bacteria;p__Pseudomonadota;c__Gammaproteobacteria;o__Pseudomonadales;f__Pseudomonadaceae;g__Pseudomonas_E;s__Pseudomonas_E fluorescens_BG","96.82","0.942","GCF_900636825.1","d__Bacteria;p__Pseudomonadota;c__Gammaproteobacteria;o__Pseudomonadales;f__Pseudomonadaceae;g__Pseudomonas_E;s__Pseudomonas_E fluorescens_BG","96.82","0.942","ani_screen","classification based on ANI only","GCF_005233515.1, s__Pseudomonas_E sp00...","97.7","-","-","TCS_genomes_5_DRAM","o__Pseudomonadales",185,813,308,0,812,1,0,0,0,100,0.11,"Very low"
"76","TCS_genomes_5","Bacteria","Pseudomonadota","Gammaproteobacteria","Burkholderiales","Burkholderiaceae_B","Comamonas","","-","-","-","-","-","GCF_021044865.1","d__Bacteria;p__Pseudomonadota;c__Gammaproteobacteria;o__Burkholderiales;f__Burkholderiaceae_B;g__Comamonas;s__Comamonas sp021044865","91.36","0.855","taxonomic classification defined by topology and ANI","classification based on placement in class-level tree","GCF_013363755.1, s__Comamonas antarcti...","97.4","0.99513","Genome not assigned to closest species as it falls outside its pre-defined ANI radius","TCS_genomes_5_DRAM","f__Comamonadaceae",39,693,323,3,685,5,0,0,0,99.07,0.84,"Very low"
"77","TCS_genomes_5","Bacteria","Pseudomonadota","Gammaproteobacteria","Pseudomonadales","Pseudomonadaceae","Pseudomonas_E","","-","-","-","-","-","GCF_021605415.1","d__Bacteria;p__Pseudomonadota;c__Gammaproteobacteria;o__Pseudomonadales;f__Pseudomonadaceae;g__Pseudomonas_E;s__Pseudomonas_E syringae_S","89.11","0.854","taxonomic classification defined by topology and ANI","classification based on placement in class-level tree","GCF_021018765.1, s__Pseudomonas_E sp02...","97.7","0.99621","Genome not assigned to closest species as it falls outside its pre-defined ANI radius","TCS_genomes_5_DRAM","o__Pseudomonadales",185,813,308,0,812,1,0,0,0,100,0.11,"Very low"
"78","TCS_genomes_5","Bacteria","Pseudomonadota","Gammaproteobacteria","Pseudomonadales","Pseudomonadaceae","Pseudomonas_E","","-","-","-","-","-","GCF_021605415.1","d__Bacteria;p__Pseudomonadota;c__Gammaproteobacteria;o__Pseudomonadales;f__Pseudomonadaceae;g__Pseudomonas_E;s__Pseudomonas_E syringae_S","89.18","0.845","taxonomic classification defined by topology and ANI","classification based on placement in class-level tree","GCF_021018765.1, s__Pseudomonas_E sp02...","97.66","0.9966","Genome not assigned to closest species as it falls outside its pre-defined ANI radius","TCS_genomes_5_DRAM","o__Pseudomonadales",185,813,308,0,811,2,0,0,0,100,0.43,"Very low"
"79","TCS_genomes_5","Bacteria","Pseudomonadota","Gammaproteobacteria","Pseudomonadales","Pseudomonadaceae","Pseudomonas_E","","-","-","-","-","-","GCF_021605415.1","d__Bacteria;p__Pseudomonadota;c__Gammaproteobacteria;o__Pseudomonadales;f__Pseudomonadaceae;g__Pseudomonas_E;s__Pseudomonas_E syringae_S","89.2","0.862","taxonomic classification defined by topology and ANI","classification based on placement in class-level tree","GCF_021018765.1, s__Pseudomonas_E sp02...","95.17","0.99644","Genome not assigned to closest species as it falls outside its pre-defined ANI radius","TCS_genomes_5_DRAM","o__Pseudomonadales",185,813,308,0,804,9,0,0,0,100,1.33,"Low"
"8","TCS_genomes_1","Bacteria","Pseudomonadota","Gammaproteobacteria","Pseudomonadales","Pseudomonadaceae","Pseudomonas_E","Pseudomonas_E lurida","GCF_002563895.1","95","d__Bacteria;p__Pseudomonadota;c__Gammaproteobacteria;o__Pseudomonadales;f__Pseudomonadaceae;g__Pseudomonas_E;s__Pseudomonas_E lurida","99.23","0.939","GCF_002563895.1","d__Bacteria;p__Pseudomonadota;c__Gammaproteobacteria;o__Pseudomonadales;f__Pseudomonadaceae;g__Pseudomonas_E;s__Pseudomonas_E lurida","99.23","0.939","ani_screen","classification based on ANI only","GCF_000612585.1, s__Pseudomonas_E sp00...","96.8","-","-","TCS_genomes_1_DRAM","o__Pseudomonadales",185,813,308,0,811,2,0,0,0,100,0.22,"Very low"
"80","TCS_genomes_5","Bacteria","Pseudomonadota","Gammaproteobacteria","Pseudomonadales","Pseudomonadaceae","Pseudomonas_E","","-","-","-","-","-","GCF_021605415.1","d__Bacteria;p__Pseudomonadota;c__Gammaproteobacteria;o__Pseudomonadales;f__Pseudomonadaceae;g__Pseudomonas_E;s__Pseudomonas_E syringae_S","89.13","0.866","taxonomic classification defined by topology and ANI","classification based on placement in class-level tree","GCF_003352875.1, s__Pseudomonas_E fluo...","97.7","0.99639","Genome not assigned to closest species as it falls outside its pre-defined ANI radius","TCS_genomes_5_DRAM","o__Pseudomonadales",185,813,308,0,812,1,0,0,0,100,0.11,"Very low"
"81","TCS_genomes_5","Bacteria","Pseudomonadota","Gammaproteobacteria","Pseudomonadales","Pseudomonadaceae","Pseudomonas_E","Pseudomonas_E paracarnis","GCF_904063055.1","95","d__Bacteria;p__Pseudomonadota;c__Gammaproteobacteria;o__Pseudomonadales;f__Pseudomonadaceae;g__Pseudomonas_E;s__Pseudomonas_E paracarnis","99.16","0.904","GCF_904063055.1","d__Bacteria;p__Pseudomonadota;c__Gammaproteobacteria;o__Pseudomonadales;f__Pseudomonadaceae;g__Pseudomonas_E;s__Pseudomonas_E paracarnis","99.16","0.904","ani_screen","classification based on ANI only","GCF_001439845.1, s__Pseudomonas_E lact...","96.82","-","-","TCS_genomes_5_DRAM","o__Pseudomonadales",185,813,308,0,811,2,0,0,0,100,0.14,"Very low"
"82","TCS_genomes_5","Bacteria","Pseudomonadota","Gammaproteobacteria","Pseudomonadales","Pseudomonadaceae","Pseudomonas_E","","-","-","-","-","-","-","-","-","-","taxonomic classification defined by topology and ANI","classification based on placement in class-level tree","GCF_014268655.2, s__Pseudomonas_E marv...","97.54","0.98895","Genome not assigned to closest species as it falls outside its pre-defined ANI radius","TCS_genomes_5_DRAM","o__Pseudomonadales",185,813,308,0,812,1,0,0,0,100,0.11,"Very low"
"83","TCS_genomes_5","Bacteria","Pseudomonadota","Gammaproteobacteria","Pseudomonadales","Pseudomonadaceae","Pseudomonas_E","","-","-","-","-","-","-","-","-","-","taxonomic classification defined by topology and ANI","classification based on placement in class-level tree","GCF_014268655.2, s__Pseudomonas_E marv...","97.54","0.98895","Genome not assigned to closest species as it falls outside its pre-defined ANI radius","TCS_genomes_5_DRAM","o__Pseudomonadales",185,813,308,1,811,1,0,0,0,99.92,0.11,"Very low"
"84","TCS_genomes_5","Bacteria","Pseudomonadota","Gammaproteobacteria","Pseudomonadales","Pseudomonadaceae","Pseudomonas_E","","-","-","-","-","-","-","-","-","-","taxonomic classification defined by topology and ANI","classification based on placement in class-level tree","GCF_014268655.2, s__Pseudomonas_E marv...","97.54","0.98876","Genome not assigned to closest species as it falls outside its pre-defined ANI radius","TCS_genomes_5_DRAM","o__Pseudomonadales",185,813,308,0,812,1,0,0,0,100,0.11,"Very low"
"85","TCS_genomes_5","Bacteria","Pseudomonadota","Gammaproteobacteria","Pseudomonadales","Pseudomonadaceae","Pseudomonas_E","","-","-","-","-","-","-","-","-","-","taxonomic classification defined by topology and ANI","classification based on placement in class-level tree","GCF_014268655.2, s__Pseudomonas_E marv...","97.54","0.98876","Genome not assigned to closest species as it falls outside its pre-defined ANI radius","TCS_genomes_5_DRAM","o__Pseudomonadales",185,813,308,0,812,1,0,0,0,100,0.11,"Very low"
"86","TCS_genomes_5","Bacteria","Pseudomonadota","Gammaproteobacteria","Pseudomonadales","Pseudomonadaceae","Pseudomonas_E","","-","-","-","-","-","GCF_021605415.1","d__Bacteria;p__Pseudomonadota;c__Gammaproteobacteria;o__Pseudomonadales;f__Pseudomonadaceae;g__Pseudomonas_E;s__Pseudomonas_E syringae_S","86.79","0.79","taxonomic classification defined by topology and ANI","classification based on placement in class-level tree","GCF_004683905.1, s__Pseudomonas_E puti...","98.53","0.99302","Genome not assigned to closest species as it falls outside its pre-defined ANI radius","TCS_genomes_5_DRAM","o__Pseudomonadales",185,813,308,1,811,1,0,0,0,99.68,0.11,"Very low"
"87","TCS_genomes_5","Bacteria","Pseudomonadota","Gammaproteobacteria","Pseudomonadales","Pseudomonadaceae","Pseudomonas_E","","-","-","-","-","-","GCF_021605415.1","d__Bacteria;p__Pseudomonadota;c__Gammaproteobacteria;o__Pseudomonadales;f__Pseudomonadaceae;g__Pseudomonas_E;s__Pseudomonas_E syringae_S","86.77","0.79","taxonomic classification defined by topology and ANI","classification based on placement in class-level tree","GCF_000292795.1, s__Pseudomonas_E fluo...","98.53","0.99302","Genome not assigned to closest species as it falls outside its pre-defined ANI radius","TCS_genomes_5_DRAM","o__Pseudomonadales",185,813,308,1,811,1,0,0,0,99.68,0.11,"Very low"
"88","TCS_genomes_5","Bacteria","Pseudomonadota","Gammaproteobacteria","Pseudomonadales","Pseudomonadaceae","Pseudomonas_E","","-","-","-","-","-","-","-","-","-","taxonomic classification defined by topology and ANI","classification based on placement in class-level tree","GCF_020423045.1, s__Pseudomonas_E sp00...","97.8","0.99069","Genome not assigned to closest species as it falls outside its pre-defined ANI radius","TCS_genomes_5_DRAM","o__Pseudomonadales",185,813,308,1,809,3,0,0,0,99.84,0.46,"Very low"
"89","TCS_genomes_5","Bacteria","Pseudomonadota","Gammaproteobacteria","Pseudomonadales","Pseudomonadaceae","Pseudomonas_E","","-","-","-","-","-","GCF_021605415.1","d__Bacteria;p__Pseudomonadota;c__Gammaproteobacteria;o__Pseudomonadales;f__Pseudomonadaceae;g__Pseudomonas_E;s__Pseudomonas_E syringae_S","89.12","0.839","taxonomic classification defined by topology and ANI","classification based on placement in class-level tree","GCF_021601625.1, s__Pseudomonas_E para...","97.7","0.99608","Genome not assigned to closest species as it falls outside its pre-defined ANI radius","TCS_genomes_5_DRAM","o__Pseudomonadales",185,813,308,0,812,1,0,0,0,100,0.11,"Very low"
"9","TCS_genomes_1","Bacteria","Pseudomonadota","Gammaproteobacteria","Pseudomonadales","Pseudomonadaceae","Pseudomonas_E","Pseudomonas_E rhodesiae","GCF_007858255.1","95","d__Bacteria;p__Pseudomonadota;c__Gammaproteobacteria;o__Pseudomonadales;f__Pseudomonadaceae;g__Pseudomonas_E;s__Pseudomonas_E rhodesiae","97.84","0.932","GCF_007858255.1","d__Bacteria;p__Pseudomonadota;c__Gammaproteobacteria;o__Pseudomonadales;f__Pseudomonadaceae;g__Pseudomonas_E;s__Pseudomonas_E rhodesiae","97.84","0.932","ani_screen","classification based on ANI only","GCF_013522705.1, s__Pseudomonas_E sp00...","96.9","-","-","TCS_genomes_1_DRAM","o__Pseudomonadales",185,813,308,0,812,1,0,0,0,100,0.11,"Very low"
"90","TCS_genomes_5","Bacteria","Pseudomonadota","Gammaproteobacteria","Pseudomonadales","Pseudomonadaceae","Pseudomonas_E","Pseudomonas_E kilonensis","GCF_001269885.1","95","d__Bacteria;p__Pseudomonadota;c__Gammaproteobacteria;o__Pseudomonadales;f__Pseudomonadaceae;g__Pseudomonas_E;s__Pseudomonas_E kilonensis","96.34","0.883","GCF_001269885.1","d__Bacteria;p__Pseudomonadota;c__Gammaproteobacteria;o__Pseudomonadales;f__Pseudomonadaceae;g__Pseudomonas_E;s__Pseudomonas_E kilonensis","96.34","0.883","ani_screen","classification based on ANI only","GCF_008801605.1, s__Pseudomonas_E bras...","97.44","-","-","TCS_genomes_5_DRAM","o__Pseudomonadales",185,813,308,0,812,1,0,0,0,100,0.11,"Very low"
"91","TCS_genomes_6","Bacteria","Pseudomonadota","Gammaproteobacteria","Pseudomonadales","Pseudomonadaceae","Pseudomonas_E","","-","-","-","-","-","-","-","-","-","taxonomic classification defined by topology and ANI","classification based on placement in class-level tree","GCF_900105485.1, s__Pseudomonas_E gran...","97.68","0.99977","Genome not assigned to closest species as it falls outside its pre-defined ANI radius","TCS_genomes_6_DRAM","o__Pseudomonadales",185,813,308,0,811,2,0,0,0,100,0.19,"Very low"
"92","TCS_genomes_6","Bacteria","Pseudomonadota","Gammaproteobacteria","Enterobacterales","Enterobacteriaceae","UBA7405","UBA7405 sp002469605","GCA_002469605.1","95","d__Bacteria;p__Pseudomonadota;c__Gammaproteobacteria;o__Enterobacterales;f__Enterobacteriaceae;g__UBA7405;s__UBA7405 sp002469605","95.68","0.946","GCA_002469605.1","d__Bacteria;p__Pseudomonadota;c__Gammaproteobacteria;o__Enterobacterales;f__Enterobacteriaceae;g__UBA7405;s__UBA7405 sp002469605","95.68","0.946","ani_screen","classification based on ANI only","GCF_017348915.1, s__UBA7405 sp00075553...","96.62","-","-","TCS_genomes_6_DRAM","f__Enterobacteriaceae",223,876,305,1,873,2,0,0,0,99.89,0.12,"Very low"
"93","TCS_genomes_6","Bacteria","Pseudomonadota","Gammaproteobacteria","Enterobacterales","Enterobacteriaceae","Scandinavium","","-","-","-","-","-","-","-","-","-","taxonomic classification defined by topology and ANI","classification based on placement in class-level tree","GCF_003935895.2, s__Scandinavium goete...","98.45","0.99912","Genome not assigned to closest species as it falls outside its pre-defined ANI radius","TCS_genomes_6_DRAM","f__Enterobacteriaceae",157,1005,324,0,1000,5,0,0,0,100,0.45,"Very low"
"94","TCS_genomes_6","Bacteria","Pseudomonadota","Gammaproteobacteria","Pseudomonadales","Pseudomonadaceae","Pseudomonas_E","Pseudomonas_E edaphica","GCF_005863185.1","95","d__Bacteria;p__Pseudomonadota;c__Gammaproteobacteria;o__Pseudomonadales;f__Pseudomonadaceae;g__Pseudomonas_E;s__Pseudomonas_E edaphica","98.61","0.903","-","-","-","-","ani_screen","classification based on ANI only","-","-","-","Insufficient number of amino acids in MSA (4.0%)","TCS_genomes_6_DRAM","k__Bacteria",5449,103,57,0,3,98,2,0,0,100,99.65,"Very high"
"95","TCS_genomes_6","Bacteria","Pseudomonadota","Gammaproteobacteria","Pseudomonadales","Pseudomonadaceae","Pseudomonas_E","Pseudomonas_E sp009764645","GCF_009764645.1","95","d__Bacteria;p__Pseudomonadota;c__Gammaproteobacteria;o__Pseudomonadales;f__Pseudomonadaceae;g__Pseudomonas_E;s__Pseudomonas_E sp009764645","95.51","0.915","GCF_009764645.1","d__Bacteria;p__Pseudomonadota;c__Gammaproteobacteria;o__Pseudomonadales;f__Pseudomonadaceae;g__Pseudomonas_E;s__Pseudomonas_E sp009764645","95.51","0.915","ani_screen","classification based on ANI only","GCF_001297015.1, s__Pseudomonas_E sp00...","97.76","-","-","TCS_genomes_6_DRAM","o__Pseudomonadales",185,813,308,0,812,1,0,0,0,100,0.11,"Very low"
"96","TCS_genomes_6","Bacteria","Pseudomonadota","Gammaproteobacteria","Pseudomonadales","Pseudomonadaceae","Pseudomonas_E","Pseudomonas_E sp009764645","GCF_009764645.1","95","d__Bacteria;p__Pseudomonadota;c__Gammaproteobacteria;o__Pseudomonadales;f__Pseudomonadaceae;g__Pseudomonas_E;s__Pseudomonas_E sp009764645","98.59","0.943","GCF_009764645.1","d__Bacteria;p__Pseudomonadota;c__Gammaproteobacteria;o__Pseudomonadales;f__Pseudomonadaceae;g__Pseudomonas_E;s__Pseudomonas_E sp009764645","98.59","0.943","ani_screen","classification based on ANI only","GCF_001297015.1, s__Pseudomonas_E sp00...","97.76","-","-","TCS_genomes_6_DRAM","o__Pseudomonadales",185,813,308,0,812,1,0,0,0,100,0.11,"Very low"
"97","TCS_genomes_6","Bacteria","Pseudomonadota","Gammaproteobacteria","Pseudomonadales","Pseudomonadaceae","Pseudomonas_E","","-","-","-","-","-","GCF_000585995.1","d__Bacteria;p__Pseudomonadota;c__Gammaproteobacteria;o__Pseudomonadales;f__Pseudomonadaceae;g__Pseudomonas_E;s__Pseudomonas_E brassicacearum_A","93.71","0.841","taxonomic classification defined by topology and ANI","classification based on placement in class-level tree","GCF_004786035.1, s__Pseudomonas_E vici...","97.2","0.99457","Genome not assigned to closest species as it falls outside its pre-defined ANI radius","TCS_genomes_6_DRAM","o__Pseudomonadales",185,813,308,1,810,2,0,0,0,99.68,0.17,"Very low"
"98","TCS_genomes_6","Bacteria","Pseudomonadota","Gammaproteobacteria","Pseudomonadales","Pseudomonadaceae","Pseudomonas_E","","-","-","-","-","-","GCF_018138145.1","d__Bacteria;p__Pseudomonadota;c__Gammaproteobacteria;o__Pseudomonadales;f__Pseudomonadaceae;g__Pseudomonas_E;s__Pseudomonas_E koreensis_A","93.58","0.895","taxonomic classification defined by topology and ANI","classification based on placement in class-level tree","GCF_022662375.1, s__Pseudomonas_E sp02...","97.76","0.99923","Genome not assigned to closest species as it falls outside its pre-defined ANI radius","TCS_genomes_6_DRAM","o__Pseudomonadales",185,813,308,0,808,5,0,0,0,100,0.24,"Very low"
"99","TCS_genomes_6","Bacteria","Pseudomonadota","Gammaproteobacteria","Pseudomonadales","Pseudomonadaceae","Pseudomonas_E","Pseudomonas_E paracarnis","GCF_904063055.1","95","d__Bacteria;p__Pseudomonadota;c__Gammaproteobacteria;o__Pseudomonadales;f__Pseudomonadaceae;g__Pseudomonas_E;s__Pseudomonas_E paracarnis","99.23","0.925","GCF_904063055.1","d__Bacteria;p__Pseudomonadota;c__Gammaproteobacteria;o__Pseudomonadales;f__Pseudomonadaceae;g__Pseudomonas_E;s__Pseudomonas_E paracarnis","99.23","0.925","ani_screen","classification based on ANI only","GCF_001439845.1, s__Pseudomonas_E lact...","95.99","-","-","TCS_genomes_6_DRAM","o__Pseudomonadales",185,813,308,0,805,8,0,0,0,100,0.43,"Very low"
