"Site_initials","Climate profile","Temp_continuous","Proportion_continuous"
"AB","Hot variable",-5,0.00892633450635848
"AB","Hot variable",-4.9,0.0080671684219709
"AB","Hot variable",-4.8,0.00722337309949687
"AB","Hot variable",-4.7,0.00639485613682319
"AB","Hot variable",-4.6,0.00558152513183663
"AB","Hot variable",-4.5,0.00478328768242397
"AB","Hot variable",-4.4,0.004000051386472
"AB","Hot variable",-4.3,0.00323172384186747
"AB","Hot variable",-4.2,0.00247821264649719
"AB","Hot variable",-4.1,0.00173942539824793
"AB","Hot variable",-4,0.00101526969500647
"AB","Hot variable",-3.9,0.000305653134659579
"AB","Hot variable",-3.8,0
"AB","Hot variable",-3.7,0
"AB","Hot variable",-3.6,0
"AB","Hot variable",-3.5,0
"AB","Hot variable",-3.4,0
"AB","Hot variable",-3.3,0
"AB","Hot variable",-3.2,0
"AB","Hot variable",-3.1,0
"AB","Hot variable",-3,0
"AB","Hot variable",-2.9,0
"AB","Hot variable",-2.8,0
"AB","Hot variable",-2.7,0
"AB","Hot variable",-2.6,0
"AB","Hot variable",-2.5,0
"AB","Hot variable",-2.4,0
"AB","Hot variable",-2.3,0
"AB","Hot variable",-2.2,0
"AB","Hot variable",-2.1,0
"AB","Hot variable",-2,0
"AB","Hot variable",-1.9,0
"AB","Hot variable",-1.8,0
"AB","Hot variable",-1.7,0
"AB","Hot variable",-1.6,0
"AB","Hot variable",-1.5,0
"AB","Hot variable",-1.4,0
"AB","Hot variable",-1.3,0
"AB","Hot variable",-1.2,0
"AB","Hot variable",-1.1,0
"AB","Hot variable",-1,0
"AB","Hot variable",-0.899999999999999,0
"AB","Hot variable",-0.8,0
"AB","Hot variable",-0.7,0
"AB","Hot variable",-0.6,0
"AB","Hot variable",-0.5,0
"AB","Hot variable",-0.399999999999999,0
"AB","Hot variable",-0.3,0
"AB","Hot variable",-0.199999999999999,0
"AB","Hot variable",-0.0999999999999996,0
"AB","Hot variable",0,0
"AB","Hot variable",0.100000000000001,0
"AB","Hot variable",0.2,0
"AB","Hot variable",0.300000000000001,0
"AB","Hot variable",0.4,0
"AB","Hot variable",0.5,0
"AB","Hot variable",0.600000000000001,0
"AB","Hot variable",0.7,0
"AB","Hot variable",0.800000000000001,0
"AB","Hot variable",0.9,0
"AB","Hot variable",1,0
"AB","Hot variable",1.1,0
"AB","Hot variable",1.2,0
"AB","Hot variable",1.3,0
"AB","Hot variable",1.4,0
"AB","Hot variable",1.5,0
"AB","Hot variable",1.6,0
"AB","Hot variable",1.7,0
"AB","Hot variable",1.8,0
"AB","Hot variable",1.9,0
"AB","Hot variable",2,0
"AB","Hot variable",2.1,0
"AB","Hot variable",2.2,0
"AB","Hot variable",2.3,0
"AB","Hot variable",2.4,0
"AB","Hot variable",2.5,0
"AB","Hot variable",2.6,0
"AB","Hot variable",2.7,0
"AB","Hot variable",2.8,0
"AB","Hot variable",2.9,0
"AB","Hot variable",3,0
"AB","Hot variable",3.1,0
"AB","Hot variable",3.2,0
"AB","Hot variable",3.3,0
"AB","Hot variable",3.4,0
"AB","Hot variable",3.5,0
"AB","Hot variable",3.6,0
"AB","Hot variable",3.7,0
"AB","Hot variable",3.8,0
"AB","Hot variable",3.9,0
"AB","Hot variable",4,0
"AB","Hot variable",4.1,0
"AB","Hot variable",4.2,0
"AB","Hot variable",4.3,0
"AB","Hot variable",4.4,0
"AB","Hot variable",4.5,0
"AB","Hot variable",4.6,0
"AB","Hot variable",4.7,0
"AB","Hot variable",4.8,0
"AB","Hot variable",4.9,0
"AB","Hot variable",5,0
"AB","Hot variable",5.1,0
"AB","Hot variable",5.2,0
"AB","Hot variable",5.3,0
"AB","Hot variable",5.4,0
"AB","Hot variable",5.5,0
"AB","Hot variable",5.6,0
"AB","Hot variable",5.7,0
"AB","Hot variable",5.8,0
"AB","Hot variable",5.9,0
"AB","Hot variable",6,0
"AB","Hot variable",6.1,0
"AB","Hot variable",6.2,0.000524597563844122
"AB","Hot variable",6.3,0.00128642757600817
"AB","Hot variable",6.4,0.00207147920546833
"AB","Hot variable",6.5,0.002880260773269
"AB","Hot variable",6.6,0.00371328060045459
"AB","Hot variable",6.7,0.00457104700806949
"AB","Hot variable",6.8,0.00545406831715809
"AB","Hot variable",6.9,0.00636285284876482
"AB","Hot variable",7,0.00729790892393406
"AB","Hot variable",7.1,0.00825974486371023
"AB","Hot variable",7.2,0.00924886898913771
"AB","Hot variable",7.3,0.0102657896212609
"AB","Hot variable",7.4,0.0113110150811243
"AB","Hot variable",7.5,0.0123850536897721
"AB","Hot variable",7.6,0.0135112918526288
"AB","Hot variable",7.7,0.0147109620599662
"AB","Hot variable",7.8,0.0159813417601005
"AB","Hot variable",7.9,0.0173197084013477
"AB","Hot variable",8,0.0187233394320237
"AB","Hot variable",8.1,0.0201895123004446
"AB","Hot variable",8.2,0.0217155044549265
"AB","Hot variable",8.3,0.0232985933437853
"AB","Hot variable",8.4,0.024936056415337
"AB","Hot variable",8.5,0.0266251711178978
"AB","Hot variable",8.6,0.0283632148997836
"AB","Hot variable",8.7,0.0301474652093104
"AB","Hot variable",8.8,0.0319751994947943
"AB","Hot variable",8.9,0.0338436952045513
"AB","Hot variable",9,0.0357502297868974
"AB","Hot variable",9.1,0.0376920806901486
"AB","Hot variable",9.2,0.039666525362621
"AB","Hot variable",9.3,0.0416708412526306
"AB","Hot variable",9.4,0.0437023058084933
"AB","Hot variable",9.5,0.0457581964785253
"AB","Hot variable",9.6,0.0478357907110426
"AB","Hot variable",9.7,0.0499323659543611
"AB","Hot variable",9.8,0.0520451996567969
"AB","Hot variable",9.9,0.0541715692666661
"AB","Hot variable",10,0.0563087522322845
"AB","Hot variable",10.1,0.0584540260019684
"AB","Hot variable",10.2,0.0606046680240337
"AB","Hot variable",10.3,0.0627579557467963
"AB","Hot variable",10.4,0.0649111666185724
"AB","Hot variable",10.5,0.067061578087678
"AB","Hot variable",10.6,0.0692064676024291
"AB","Hot variable",10.7,0.0713431126111417
"AB","Hot variable",10.8,0.0734687905621317
"AB","Hot variable",10.9,0.0755807789037154
"AB","Hot variable",11,0.0776763550842086
"AB","Hot variable",11.1,0.0797527965519274
"AB","Hot variable",11.2,0.0818073807551879
"AB","Hot variable",11.3,0.083837385142306
"AB","Hot variable",11.4,0.0858400871615978
"AB","Hot variable",11.5,0.0878127642613793
"AB","Hot variable",11.6,0.0897526938899665
"AB","Hot variable",11.7,0.0916571534956754
"AB","Hot variable",11.8,0.0935234205268221
"AB","Hot variable",11.9,0.0953487724317226
"AB","Hot variable",12,0.0971304866586929
"AB","Hot variable",12.1,0.0988658406560491
"AB","Hot variable",12.2,0.100552111872107
"AB","Hot variable",12.3,0.102186577755183
"AB","Hot variable",12.4,0.103766515753593
"AB","Hot variable",12.5,0.105289203315652
"AB","Hot variable",12.6,0.106829607425993
"AB","Hot variable",12.7,0.108461499869548
"AB","Hot variable",12.8,0.110180365295086
"AB","Hot variable",12.9,0.111981688351375
"AB","Hot variable",13,0.113860953687183
"AB","Hot variable",13.1,0.11581364595128
"AB","Hot variable",13.2,0.117835249792433
"AB","Hot variable",13.3,0.119921249859411
"AB","Hot variable",13.4,0.122067130800983
"AB","Hot variable",13.5,0.124268377265916
"AB","Hot variable",13.6,0.126520473902981
"AB","Hot variable",13.7,0.128818905360944
"AB","Hot variable",13.8,0.131159156288575
"AB","Hot variable",13.9,0.133536711334642
"AB","Hot variable",14,0.135947055147913
"AB","Hot variable",14.1,0.138385672377157
"AB","Hot variable",14.2,0.140848047671143
"AB","Hot variable",14.3,0.143329665678639
"AB","Hot variable",14.4,0.145826011048413
"AB","Hot variable",14.5,0.148332568429234
"AB","Hot variable",14.6,0.15084482246987
"AB","Hot variable",14.7,0.153358257819091
"AB","Hot variable",14.8,0.155868359125664
"AB","Hot variable",14.9,0.158370611038357
"AB","Hot variable",15,0.16086049820594
"AB","Hot variable",15.1,0.163333505277181
"AB","Hot variable",15.2,0.165785116900849
"AB","Hot variable",15.3,0.168210817725711
"AB","Hot variable",15.4,0.170606092400537
"AB","Hot variable",15.5,0.172966425574094
"AB","Hot variable",15.6,0.175287301895152
"AB","Hot variable",15.7,0.177564206012478
"AB","Hot variable",15.8,0.179792622574842
"AB","Hot variable",15.9,0.181968036231012
"AB","Hot variable",16,0.184085931629756
"AB","Hot variable",16.1,0.186141793419842
"AB","Hot variable",16.2,0.18813110625004
"AB","Hot variable",16.3,0.190049354769118
"AB","Hot variable",16.4,0.191892023625844
"AB","Hot variable",16.5,0.193654597468986
"AB","Hot variable",16.6,0.195332560947314
"AB","Hot variable",16.7,0.196921398709596
"AB","Hot variable",16.8,0.1984165954046
"AB","Hot variable",16.9,0.199813635681094
"AB","Hot variable",17,0.201108004187848
"AB","Hot variable",17.1,0.202295185573629
"AB","Hot variable",17.2,0.203370664487206
"AB","Hot variable",17.3,0.204329925577348
"AB","Hot variable",17.4,0.205168453492824
"AB","Hot variable",17.5,0.2058817328824
"AB","Hot variable",17.6,0.206495418123438
"AB","Hot variable",17.7,0.207039405627566
"AB","Hot variable",17.8,0.20751554309496
"AB","Hot variable",17.9,0.207925678225795
"AB","Hot variable",18,0.208271658720247
"AB","Hot variable",18.1,0.20855533227849
"AB","Hot variable",18.2,0.2087785466007
"AB","Hot variable",18.3,0.208943149387052
"AB","Hot variable",18.4,0.20905098833772
"AB","Hot variable",18.5,0.209103911152882
"AB","Hot variable",18.6,0.20910376553271
"AB","Hot variable",18.7,0.209052399177382
"AB","Hot variable",18.8,0.208951659787071
"AB","Hot variable",18.9,0.208803395061953
"AB","Hot variable",19,0.208609452702204
"AB","Hot variable",19.1,0.208371680407998
"AB","Hot variable",19.2,0.208091925879511
"AB","Hot variable",19.3,0.207772036816918
"AB","Hot variable",19.4,0.207413860920394
"AB","Hot variable",19.5,0.207019245890114
"AB","Hot variable",19.6,0.206590039426254
"AB","Hot variable",19.7,0.206128089228988
"AB","Hot variable",19.8,0.205635242998492
"AB","Hot variable",19.9,0.205113348434941
"AB","Hot variable",20,0.204564253238511
"AB","Hot variable",20.1,0.203989805109376
"AB","Hot variable",20.2,0.203391851747712
"AB","Hot variable",20.3,0.202772240853693
"AB","Hot variable",20.4,0.202132820127496
"AB","Hot variable",20.5,0.201475437269294
"AB","Hot variable",20.6,0.200801939979265
"AB","Hot variable",20.7,0.200114175957582
"AB","Hot variable",20.8,0.19941399290442
"AB","Hot variable",20.9,0.198703238519956
"AB","Hot variable",21,0.197983760504364
"AB","Hot variable",21.1,0.19725740655782
"AB","Hot variable",21.2,0.196526024380498
"AB","Hot variable",21.3,0.195791461672574
"AB","Hot variable",21.4,0.195055566134223
"AB","Hot variable",21.5,0.19432018546562
"AB","Hot variable",21.6,0.19358716736694
"AB","Hot variable",21.7,0.192858359538359
"AB","Hot variable",21.8,0.192135609680052
"AB","Hot variable",21.9,0.191420765492194
"AB","Hot variable",22,0.190715674674961
"AB","Hot variable",22.1,0.190022184928526
"AB","Hot variable",22.2,0.189342143953067
"AB","Hot variable",22.3,0.188677399448757
"AB","Hot variable",22.4,0.188029799115772
"AB","Hot variable",22.5,0.187401190654287
"AB","Hot variable",22.6,0.186718014459065
"AB","Hot variable",22.7,0.185908915552477
"AB","Hot variable",22.8,0.184979048576111
"AB","Hot variable",22.9,0.183933568171555
"AB","Hot variable",23,0.182777628980398
"AB","Hot variable",23.1,0.181516385644226
"AB","Hot variable",23.2,0.180154992804628
"AB","Hot variable",23.3,0.178698605103193
"AB","Hot variable",23.4,0.177152377181508
"AB","Hot variable",23.5,0.17552146368116
"AB","Hot variable",23.6,0.173811019243739
"AB","Hot variable",23.7,0.172026198510832
"AB","Hot variable",23.8,0.170172156124027
"AB","Hot variable",23.9,0.168254046724912
"AB","Hot variable",24,0.166277024955075
"AB","Hot variable",24.1,0.164246245456104
"AB","Hot variable",24.2,0.162166862869587
"AB","Hot variable",24.3,0.160044031837113
"AB","Hot variable",24.4,0.157882907000268
"AB","Hot variable",24.5,0.155688643000642
"AB","Hot variable",24.6,0.153466394479822
"AB","Hot variable",24.7,0.151221316079395
"AB","Hot variable",24.8,0.148958562440951
"AB","Hot variable",24.9,0.146683288206077
"AB","Hot variable",25,0.144400648016362
"AB","Hot variable",25.1,0.142115796513392
"AB","Hot variable",25.2,0.139833888338756
"AB","Hot variable",25.3,0.137560078134043
"AB","Hot variable",25.4,0.135299520540839
"AB","Hot variable",25.5,0.133057370200734
"AB","Hot variable",25.6,0.130838781755315
"AB","Hot variable",25.7,0.12864890984617
"AB","Hot variable",25.8,0.126492909114887
"AB","Hot variable",25.9,0.124375934203054
"AB","Hot variable",26,0.12230313975226
"AB","Hot variable",26.1,0.120279680404091
"AB","Hot variable",26.2,0.118310710800137
"AB","Hot variable",26.3,0.116401385581984
"AB","Hot variable",26.4,0.114556859391222
"AB","Hot variable",26.5,0.112782286869438
"AB","Hot variable",26.6,0.111082822658221
"AB","Hot variable",26.7,0.109463621399157
"AB","Hot variable",26.8,0.107929837733836
"AB","Hot variable",26.9,0.106486626303844
"AB","Hot variable",27,0.105139141750771
"AB","Hot variable",27.1,0.103892538716204
"AB","Hot variable",27.2,0.102751971841731
"AB","Hot variable",27.3,0.101722595768941
"AB","Hot variable",27.4,0.10080956513942
"AB","Hot variable",27.5,0.100018034594758
"AB","Hot variable",27.6,0.0992920269321619
"AB","Hot variable",27.7,0.0985724598614432
"AB","Hot variable",27.8,0.0978598303930926
"AB","Hot variable",27.9,0.0971546355376009
"AB","Hot variable",28,0.096457372305459
"AB","Hot variable",28.1,0.0957685377071579
"AB","Hot variable",28.2,0.0950886287531886
"AB","Hot variable",28.3,0.094418142454042
"AB","Hot variable",28.4,0.093757575820209
"AB","Hot variable",28.5,0.0931074258621805
"AB","Hot variable",28.6,0.0924681895904476
"AB","Hot variable",28.7,0.0918403640155011
"AB","Hot variable",28.8,0.0912244461478319
"AB","Hot variable",28.9,0.0906209329979311
"AB","Hot variable",29,0.0900303215762896
"AB","Hot variable",29.1,0.0894531088933982
"AB","Hot variable",29.2,0.0888897919597479
"AB","Hot variable",29.3,0.0883408677858297
"AB","Hot variable",29.4,0.0878068333821346
"AB","Hot variable",29.5,0.0872881857591534
"AB","Hot variable",29.6,0.086785421927377
"AB","Hot variable",29.7,0.0862990388972964
"AB","Hot variable",29.8,0.0858295336794027
"AB","Hot variable",29.9,0.0853774032841866
"AB","Hot variable",30,0.0849431447221392
"AB","Hot variable",30.1,0.0845272550037513
"AB","Hot variable",30.2,0.0841302311395139
"AB","Hot variable",30.3,0.083752570139918
"AB","Hot variable",30.4,0.0833947690154544
"AB","Hot variable",30.5,0.0830573247766142
"AB","Hot variable",30.6,0.0827407344338883
"AB","Hot variable",30.7,0.0824454949977675
"AB","Hot variable",30.8,0.0821721034787429
"AB","Hot variable",30.9,0.0819210568873053
"AB","Hot variable",31,0.0816928522339458
"AB","Hot variable",31.1,0.0814879865291552
"AB","Hot variable",31.2,0.0813069567834246
"AB","Hot variable",31.3,0.0811502600072447
"AB","Hot variable",31.4,0.0810183932111066
"AB","Hot variable",31.5,0.0809118534055012
"AB","Hot variable",31.6,0.0808311376009194
"AB","Hot variable",31.7,0.0807767428078523
"AB","Hot variable",31.8,0.0807491660367906
"AB","Hot variable",31.9,0.0807489042982254
"AB","Hot variable",32,0.0807764546026476
"AB","Hot variable",32.1,0.0808323139605481
"AB","Hot variable",32.2,0.0809169793824179
"AB","Hot variable",32.3,0.081030947878748
"AB","Hot variable",32.4,0.0811747164600291
"AB","Hot variable",32.5,0.0813487821367523
"AB","Hot variable",32.6,0.0816082286077408
"AB","Hot variable",32.7,0.0820040042795865
"AB","Hot variable",32.8,0.0825304032244339
"AB","Hot variable",32.9,0.0831817195144273
"AB","Hot variable",33,0.0839522472217112
"AB","Hot variable",33.1,0.0848362804184299
"AB","Hot variable",33.2,0.0858281131767278
"AB","Hot variable",33.3,0.0869220395687493
"AB","Hot variable",33.4,0.0881123536666387
"AB","Hot variable",33.5,0.0893933495425405
"AB","Hot variable",33.6,0.090759321268599
"AB","Hot variable",33.7,0.0922045629169588
"AB","Hot variable",33.8,0.093723368559764
"AB","Hot variable",33.9,0.0953100322691591
"AB","Hot variable",34,0.0969588481172884
"AB","Hot variable",34.1,0.0986641101762964
"AB","Hot variable",34.2,0.100420112518328
"AB","Hot variable",34.3,0.102221149215526
"AB","Hot variable",34.4,0.104061514340037
"AB","Hot variable",34.5,0.105935501964003
"AB","Hot variable",34.6,0.10783740615957
"AB","Hot variable",34.7,0.109761520998882
"AB","Hot variable",34.8,0.111702140554084
"AB","Hot variable",34.9,0.113653558897319
"AB","Hot variable",35,0.115610070100732
"AB","Hot variable",35.1,0.117565968236468
"AB","Hot variable",35.2,0.119515547376671
"AB","Hot variable",35.3,0.121453101593485
"AB","Hot variable",35.4,0.123372924959055
"AB","Hot variable",35.5,0.125269311545525
"AB","Hot variable",35.6,0.127136555425039
"AB","Hot variable",35.7,0.128968950669742
"AB","Hot variable",35.8,0.130760791351778
"AB","Hot variable",35.9,0.132506371543292
"AB","Hot variable",36,0.134199985316428
"AB","Hot variable",36.1,0.13583592674333
"AB","Hot variable",36.2,0.137408489896143
"AB","Hot variable",36.3,0.138911968847012
"AB","Hot variable",36.4,0.140340657668079
"AB","Hot variable",36.5,0.141688850431491
"AB","Hot variable",36.6,0.142950841209391
"AB","Hot variable",36.7,0.144120924073923
"AB","Hot variable",36.8,0.145193393097233
"AB","Hot variable",36.9,0.146162542351464
"AB","Hot variable",37,0.147022665908761
"AB","Hot variable",37.1,0.147768057841268
"AB","Hot variable",37.2,0.148393012221129
"AB","Hot variable",37.3,0.14889182312049
"AB","Hot variable",37.4,0.149258784611494
"AB","Hot variable",37.5,0.149488190766286
"AB","Hot variable",37.6,0.149638854756391
"AB","Hot variable",37.7,0.149773320045484
"AB","Hot variable",37.8,0.149891476143935
"AB","Hot variable",37.9,0.149993212562114
"AB","Hot variable",38,0.15007841881039
"AB","Hot variable",38.1,0.150146984399133
"AB","Hot variable",38.2,0.150198798838713
"AB","Hot variable",38.3,0.150233751639499
"AB","Hot variable",38.4,0.150251732311861
"AB","Hot variable",38.5,0.150252630366169
"AB","Hot variable",38.6,0.150236335312792
"AB","Hot variable",38.7,0.1502027366621
"AB","Hot variable",38.8,0.150151723924462
"AB","Hot variable",38.9,0.150083186610248
"AB","Hot variable",39,0.149997014229829
"AB","Hot variable",39.1,0.149893096293573
"AB","Hot variable",39.2,0.14977132231185
"AB","Hot variable",39.3,0.14963158179503
"AB","Hot variable",39.4,0.149473764253482
"AB","Hot variable",39.5,0.149297759197577
"AB","Hot variable",39.6,0.149103456137683
"AB","Hot variable",39.7,0.148890744584171
"AB","Hot variable",39.8,0.14865951404741
"AB","Hot variable",39.9,0.148409654037769
"AB","Hot variable",40,0.148141054065619
"AB","Hot variable",40.1,0.147853603641329
"AB","Hot variable",40.2,0.147547192275269
"AB","Hot variable",40.3,0.147221709477808
"AB","Hot variable",40.4,0.146877044759315
"AB","Hot variable",40.5,0.146513087630162
"AB","Hot variable",40.6,0.146129727600717
"AB","Hot variable",40.7,0.14572685418135
"AB","Hot variable",40.8,0.14530435688243
"AB","Hot variable",40.9,0.144862125214328
"AB","Hot variable",41,0.144400048687413
"AB","Hot variable",41.1,0.143918016812054
"AB","Hot variable",41.2,0.143415919098621
"AB","Hot variable",41.3,0.142893645057484
"AB","Hot variable",41.4,0.142351084199013
"AB","Hot variable",41.5,0.141788126033577
"AB","Hot variable",41.6,0.141204660071546
"AB","Hot variable",41.7,0.140600575823289
"AB","Hot variable",41.8,0.139975762799176
"AB","Hot variable",41.9,0.139330110509577
"AB","Hot variable",42,0.138663508464862
"AB","Hot variable",42.1,0.137975846175399
"AB","Hot variable",42.2,0.13726701315156
"AB","Hot variable",42.3,0.136536898903712
"AB","Hot variable",42.4,0.135785392942227
"AB","Hot variable",42.5,0.135012384777474
"AB","Hot variable",42.6,0.134176821154248
"AB","Hot variable",42.7,0.133240329003225
"AB","Hot variable",42.8,0.132206818113592
"AB","Hot variable",42.9,0.131080198274537
"AB","Hot variable",43,0.129864379275246
"AB","Hot variable",43.1,0.128563270904906
"AB","Hot variable",43.2,0.127180782952705
"AB","Hot variable",43.3,0.12572082520783
"AB","Hot variable",43.4,0.124187307459469
"AB","Hot variable",43.5,0.122584139496808
"AB","Hot variable",43.6,0.120915231109035
"AB","Hot variable",43.7,0.119184492085336
"AB","Hot variable",43.8,0.1173958322149
"AB","Hot variable",43.9,0.115553161286914
"AB","Hot variable",44,0.113660389090564
"AB","Hot variable",44.1,0.111721425415037
"AB","Hot variable",44.2,0.109740180049522
"AB","Hot variable",44.3,0.107720562783205
"AB","Hot variable",44.4,0.105666483405274
"AB","Hot variable",44.5,0.103581851704916
"AB","Hot variable",44.6,0.101470577471317
"AB","Hot variable",44.7,0.0993365704936656
"AB","Hot variable",44.8,0.0971837405611485
"AB","Hot variable",44.9,0.0950159974629531
"AB","Hot variable",45,0.0928372509882667
"AB","Hot variable",45.1,0.0906514109262763
"AB","Hot variable",45.2,0.0884623870661691
"AB","Hot variable",45.3,0.0862740891971325
"AB","Hot variable",45.4,0.0840904271083536
"AB","Hot variable",45.5,0.0819153105890198
"AB","Hot variable",45.6,0.079752649428318
"AB","Hot variable",45.7,0.0776063534154357
"AB","Hot variable",45.8,0.07548033233956
"AB","Hot variable",45.9,0.0733784959898782
"AB","Hot variable",46,0.0713047541555776
"AB","Hot variable",46.1,0.0692630166258452
"AB","Hot variable",46.2,0.0672571931898683
"AB","Hot variable",46.3,0.0652911936368341
"AB","Hot variable",46.4,0.06336892775593
"AB","Hot variable",46.5,0.0614943053363431
"AB","Hot variable",46.6,0.0596712361672606
"AB","Hot variable",46.7,0.0579036300378697
"AB","Hot variable",46.8,0.0561953967373576
"AB","Hot variable",46.9,0.0545504460549117
"AB","Hot variable",47,0.0529726877797192
"AB","Hot variable",47.1,0.0514660317009671
"AB","Hot variable",47.2,0.0500343876078427
"AB","Hot variable",47.3,0.0486816652895333
"AB","Hot variable",47.4,0.0474117745352262
"AB","Hot variable",47.5,0.0462286251341085
"AB","Hot variable",47.6,0.0450901333329476
"AB","Hot variable",47.7,0.0439519287653737
"AB","Hot variable",47.8,0.042814491300868
"AB","Hot variable",47.9,0.0416783008089119
"AB","Hot variable",48,0.0405438371589868
"AB","Hot variable",48.1,0.0394115802205738
"AB","Hot variable",48.2,0.0382820098631545
"AB","Hot variable",48.3,0.03715560595621
"AB","Hot variable",48.4,0.0360328483692218
"AB","Hot variable",48.5,0.0349142169716711
"AB","Hot variable",48.6,0.0338001916330393
"AB","Hot variable",48.7,0.0326912522228076
"AB","Hot variable",48.8,0.0315878786104575
"AB","Hot variable",48.9,0.0304905506654702
"AB","Hot variable",49,0.0293997482573271
"AB","Hot variable",49.1,0.0283159512555094
"AB","Hot variable",49.2,0.0272396395294986
"AB","Hot variable",49.3,0.0261712929487759
"AB","Hot variable",49.4,0.0251113913828226
"AB","Hot variable",49.5,0.0240604147011202
"AB","Hot variable",49.6,0.0230188427731498
"AB","Hot variable",49.7,0.0219871554683929
"AB","Hot variable",49.8,0.0209658326563307
"AB","Hot variable",49.9,0.0199553542064446
"AB","Hot variable",50,0.018956199988216
"AB","Hot variable",50.1,0.017968849871126
"AB","Hot variable",50.2,0.016993783724656
"AB","Hot variable",50.3,0.0160314814182875
"AB","Hot variable",50.4,0.0150824228215016
"AB","Hot variable",50.5,0.0141470878037798
"AB","Hot variable",50.6,0.0132259562346033
"AB","Hot variable",50.7,0.0123195079834535
"AB","Hot variable",50.8,0.0114282229198117
"AB","Hot variable",50.9,0.0105525809131592
"AB","Hot variable",51,0.00969306183297738
"AB","Hot variable",51.1,0.00885014554874747
"AB","Hot variable",51.2,0.00802431192995087
"AB","Hot variable",51.3,0.00721604084606887
"AB","Hot variable",51.4,0.00642581216658282
"AB","Hot variable",51.5,0.00565410576097408
"AB","Hot variable",51.6,0.00490140149872387
"AB","Hot variable",51.7,0.00416817924931358
"AB","Hot variable",51.8,0.00345491888222452
"AB","Hot variable",51.9,0.00276210026693802
"AB","Hot variable",52,0.00209020327293545
"AB","Hot variable",52.1,0.00143970776969804
"AB","Hot variable",52.2,0.000811093626707158
"AB","Hot variable",52.3,0.000204840713444137
"AB","Hot variable",52.4,0
"AB","Hot variable",52.5,0
"AB","Hot variable",52.6,0
"AB","Hot variable",52.7,0
"AB","Hot variable",52.8,0
"AB","Hot variable",52.9,0
"AB","Hot variable",53,0
"AB","Hot variable",53.1,0
"AB","Hot variable",53.2,0
"AB","Hot variable",53.3,0
"AB","Hot variable",53.4,0
"AB","Hot variable",53.5,0
"AB","Hot variable",53.6,0
"AB","Hot variable",53.7,0
"AB","Hot variable",53.8,0
"AB","Hot variable",53.9,0
"AB","Hot variable",54,0
"AB","Hot variable",54.1,0
"AB","Hot variable",54.2,0
"AB","Hot variable",54.3,0
"AB","Hot variable",54.4,0
"AB","Hot variable",54.5,0
"AB","Hot variable",54.6,0
"AB","Hot variable",54.7,0
"AB","Hot variable",54.8,0
"AB","Hot variable",54.9,0
"AB","Hot variable",55,0
"AB","Hot variable",55.1,0
"AB","Hot variable",55.2,0
"AB","Hot variable",55.3,0
"AB","Hot variable",55.4,0
"AB","Hot variable",55.5,0
"AB","Hot variable",55.6,0
"AB","Hot variable",55.7,0
"AB","Hot variable",55.8,0
"AB","Hot variable",55.9,0
"AB","Hot variable",56,0
"AB","Hot variable",56.1,0
"AB","Hot variable",56.2,0
"AB","Hot variable",56.3,0
"AB","Hot variable",56.4,0
"AB","Hot variable",56.5,0
"AB","Hot variable",56.6,0
"AB","Hot variable",56.7,0
"AB","Hot variable",56.8,0
"AB","Hot variable",56.9,0
"AB","Hot variable",57,0
"AB","Hot variable",57.1,0
"AB","Hot variable",57.2,0
"AB","Hot variable",57.3,0
"AB","Hot variable",57.4,0
"AB","Hot variable",57.5,0
"AB","Hot variable",57.6,0
"AB","Hot variable",57.7,0
"AB","Hot variable",57.8,0
"AB","Hot variable",57.9,0
"AB","Hot variable",58,0
"AB","Hot variable",58.1,0
"AB","Hot variable",58.2,0
"AB","Hot variable",58.3,0
"AB","Hot variable",58.4,0
"AB","Hot variable",58.5,0
"AB","Hot variable",58.6,0
"AB","Hot variable",58.7,0
"AB","Hot variable",58.8,0
"AB","Hot variable",58.9,0
"AB","Hot variable",59,0
"AB","Hot variable",59.1,0
"AB","Hot variable",59.2,0
"AB","Hot variable",59.3,0
"AB","Hot variable",59.4,0
"AB","Hot variable",59.5,0
"AB","Hot variable",59.6,0
"AB","Hot variable",59.7,0
"AB","Hot variable",59.8,0
"AB","Hot variable",59.9,0
"AB","Hot variable",60,0
"AB","Hot variable",60.1,0
"AB","Hot variable",60.2,0
"AB","Hot variable",60.3,0
"AB","Hot variable",60.4,0
"AB","Hot variable",60.5,0
"AB","Hot variable",60.6,0
"AB","Hot variable",60.7,0
"AB","Hot variable",60.8,0
"AB","Hot variable",60.9,0
"AB","Hot variable",61,0
"AB","Hot variable",61.1,0
"AB","Hot variable",61.2,0
"AB","Hot variable",61.3,0
"AB","Hot variable",61.4,0
"AB","Hot variable",61.5,0
"AB","Hot variable",61.6,0.000224279606056656
"AB","Hot variable",61.7,0.000840139338039277
"AB","Hot variable",61.8,0.00146852454634193
"AB","Hot variable",61.9,0.00210942061147253
"AB","Hot variable",62,0.00276281291393869
"AB","Hot variable",62.1,0.00342868683424842
"AB","Hot variable",62.2,0.00410702775290932
"AB","Hot variable",62.3,0.00479782105042932
"AB","Hot variable",62.4,0.00550105210731633
"AB","Hot variable",62.5,0.00621670630407795
"B","Cold stable",-5,0.0202008386321914
"B","Cold stable",-4.9,0.0178088134406002
"B","Cold stable",-4.8,0.0154625678523647
"B","Cold stable",-4.7,0.0131622839816348
"B","Cold stable",-4.6,0.0109081439425605
"B","Cold stable",-4.5,0.00870032984929208
"B","Cold stable",-4.4,0.00653902381597943
"B","Cold stable",-4.3,0.00442440795677261
"B","Cold stable",-4.2,0.00235666438582171
"B","Cold stable",-4.1,0.000335975217276756
"B","Cold stable",-4,0
"B","Cold stable",-3.9,0
"B","Cold stable",-3.8,0
"B","Cold stable",-3.7,0
"B","Cold stable",-3.6,0
"B","Cold stable",-3.5,0
"B","Cold stable",-3.4,0
"B","Cold stable",-3.3,0
"B","Cold stable",-3.2,0
"B","Cold stable",-3.1,0
"B","Cold stable",-3,0
"B","Cold stable",-2.9,0
"B","Cold stable",-2.8,0
"B","Cold stable",-2.7,0
"B","Cold stable",-2.6,0
"B","Cold stable",-2.5,0
"B","Cold stable",-2.4,0
"B","Cold stable",-2.3,0
"B","Cold stable",-2.2,0
"B","Cold stable",-2.1,0
"B","Cold stable",-2,0
"B","Cold stable",-1.9,0
"B","Cold stable",-1.8,0
"B","Cold stable",-1.7,0
"B","Cold stable",-1.6,0
"B","Cold stable",-1.5,0
"B","Cold stable",-1.4,0
"B","Cold stable",-1.3,0
"B","Cold stable",-1.2,0
"B","Cold stable",-1.1,0
"B","Cold stable",-1,0
"B","Cold stable",-0.899999999999999,0
"B","Cold stable",-0.8,0
"B","Cold stable",-0.7,0
"B","Cold stable",-0.6,0
"B","Cold stable",-0.5,0
"B","Cold stable",-0.399999999999999,0
"B","Cold stable",-0.3,0
"B","Cold stable",-0.199999999999999,0
"B","Cold stable",-0.0999999999999996,0
"B","Cold stable",0,0
"B","Cold stable",0.100000000000001,0
"B","Cold stable",0.2,0
"B","Cold stable",0.300000000000001,0
"B","Cold stable",0.4,0
"B","Cold stable",0.5,0
"B","Cold stable",0.600000000000001,0
"B","Cold stable",0.7,0
"B","Cold stable",0.800000000000001,0
"B","Cold stable",0.9,0
"B","Cold stable",1,0
"B","Cold stable",1.1,0
"B","Cold stable",1.2,0
"B","Cold stable",1.3,0
"B","Cold stable",1.4,0
"B","Cold stable",1.5,0
"B","Cold stable",1.6,0
"B","Cold stable",1.7,0
"B","Cold stable",1.8,0
"B","Cold stable",1.9,0
"B","Cold stable",2,0
"B","Cold stable",2.1,0
"B","Cold stable",2.2,0
"B","Cold stable",2.3,0
"B","Cold stable",2.4,0
"B","Cold stable",2.5,0
"B","Cold stable",2.6,0
"B","Cold stable",2.7,0
"B","Cold stable",2.8,0
"B","Cold stable",2.9,0
"B","Cold stable",3,0
"B","Cold stable",3.1,0
"B","Cold stable",3.2,0
"B","Cold stable",3.3,0
"B","Cold stable",3.4,0
"B","Cold stable",3.5,0
"B","Cold stable",3.6,0
"B","Cold stable",3.7,0
"B","Cold stable",3.8,0
"B","Cold stable",3.9,0
"B","Cold stable",4,0
"B","Cold stable",4.1,0.00167984566768826
"B","Cold stable",4.2,0.00377175008161436
"B","Cold stable",4.3,0.00591373866511619
"B","Cold stable",4.4,0.00810521333916638
"B","Cold stable",4.5,0.0103455760247376
"B","Cold stable",4.6,0.0126342286428023
"B","Cold stable",4.7,0.0149705731143333
"B","Cold stable",4.8,0.0173540113603031
"B","Cold stable",4.9,0.0197839453016843
"B","Cold stable",5,0.0222597768594495
"B","Cold stable",5.1,0.0247809079545715
"B","Cold stable",5.2,0.0273467405080226
"B","Cold stable",5.3,0.0299566764407756
"B","Cold stable",5.4,0.0326101176738031
"B","Cold stable",5.5,0.0353064661280777
"B","Cold stable",5.6,0.038045123724572
"B","Cold stable",5.7,0.0408254923842586
"B","Cold stable",5.8,0.0436469740281102
"B","Cold stable",5.9,0.0465089705770992
"B","Cold stable",6,0.0494108839521984
"B","Cold stable",6.1,0.0523521160743804
"B","Cold stable",6.2,0.0553320688646178
"B","Cold stable",6.3,0.0583501442438831
"B","Cold stable",6.4,0.061405744133149
"B","Cold stable",6.5,0.0644982704533881
"B","Cold stable",6.6,0.0676271251255731
"B","Cold stable",6.7,0.0707917100706765
"B","Cold stable",6.8,0.0739914272096708
"B","Cold stable",6.9,0.0772256784635289
"B","Cold stable",7,0.0804938657532232
"B","Cold stable",7.1,0.0837953909997264
"B","Cold stable",7.2,0.0871296561240111
"B","Cold stable",7.3,0.0904960630470498
"B","Cold stable",7.4,0.0938940136898153
"B","Cold stable",7.5,0.09732290997328
"B","Cold stable",7.6,0.100960379535343
"B","Cold stable",7.7,0.104973299248684
"B","Cold stable",7.8,0.109344944886449
"B","Cold stable",7.9,0.114058592221784
"B","Cold stable",8,0.119097517027835
"B","Cold stable",8.1,0.124444995077749
"B","Cold stable",8.2,0.130084302144669
"B","Cold stable",8.3,0.135998714001744
"B","Cold stable",8.4,0.142171506422117
"B","Cold stable",8.5,0.148585955178936
"B","Cold stable",8.6,0.155225336045347
"B","Cold stable",8.7,0.162072924794494
"B","Cold stable",8.8,0.169111997199524
"B","Cold stable",8.9,0.176325829033582
"B","Cold stable",9,0.183697696069816
"B","Cold stable",9.1,0.191210874081369
"B","Cold stable",9.2,0.198848638841389
"B","Cold stable",9.3,0.206594266123021
"B","Cold stable",9.4,0.214431031699411
"B","Cold stable",9.5,0.222342211343705
"B","Cold stable",9.6,0.230311080829049
"B","Cold stable",9.7,0.238320915928588
"B","Cold stable",9.8,0.246354992415469
"B","Cold stable",9.9,0.254396586062837
"B","Cold stable",10,0.262428972643838
"B","Cold stable",10.1,0.270435427931618
"B","Cold stable",10.2,0.278399227699323
"B","Cold stable",10.3,0.286303647720099
"B","Cold stable",10.4,0.294131963767091
"B","Cold stable",10.5,0.301867451613446
"B","Cold stable",10.6,0.309493387032309
"B","Cold stable",10.7,0.316993045796826
"B","Cold stable",10.8,0.324349703680143
"B","Cold stable",10.9,0.331546636455406
"B","Cold stable",11,0.338567119895761
"B","Cold stable",11.1,0.345394429774353
"B","Cold stable",11.2,0.352011841864329
"B","Cold stable",11.3,0.358402631938834
"B","Cold stable",11.4,0.364550075771015
"B","Cold stable",11.5,0.370437449134016
"B","Cold stable",11.6,0.376048027800984
"B","Cold stable",11.7,0.381365087545065
"B","Cold stable",11.8,0.386371904139405
"B","Cold stable",11.9,0.391051753357149
"B","Cold stable",12,0.395387910971443
"B","Cold stable",12.1,0.399363652755434
"B","Cold stable",12.2,0.402962254482266
"B","Cold stable",12.3,0.406166991925087
"B","Cold stable",12.4,0.408961140857041
"B","Cold stable",12.5,0.411327977051275
"B","Cold stable",12.6,0.41345180139879
"B","Cold stable",12.7,0.41552723905194
"B","Cold stable",12.8,0.417553052175892
"B","Cold stable",12.9,0.419528002935817
"B","Cold stable",13,0.421450853496884
"B","Cold stable",13.1,0.423320366024264
"B","Cold stable",13.2,0.425135302683126
"B","Cold stable",13.3,0.426894425638639
"B","Cold stable",13.4,0.428596497055973
"B","Cold stable",13.5,0.430240279100298
"B","Cold stable",13.6,0.431824533936784
"B","Cold stable",13.7,0.4333480237306
"B","Cold stable",13.8,0.434809510646916
"B","Cold stable",13.9,0.436207756850902
"B","Cold stable",14,0.437541524507727
"B","Cold stable",14.1,0.438809575782561
"B","Cold stable",14.2,0.440010672840573
"B","Cold stable",14.3,0.441143577846934
"B","Cold stable",14.4,0.442207052966813
"B","Cold stable",14.5,0.44319986036538
"B","Cold stable",14.6,0.444120762207804
"B","Cold stable",14.7,0.444968520659256
"B","Cold stable",14.8,0.445741897884904
"B","Cold stable",14.9,0.446439656049918
"B","Cold stable",15,0.447060557319469
"B","Cold stable",15.1,0.447603363858726
"B","Cold stable",15.2,0.448066837832858
"B","Cold stable",15.3,0.448449741407036
"B","Cold stable",15.4,0.448750836746428
"B","Cold stable",15.5,0.448968886016205
"B","Cold stable",15.6,0.449102651381536
"B","Cold stable",15.7,0.449150895007591
"B","Cold stable",15.8,0.44911237905954
"B","Cold stable",15.9,0.448985865702552
"B","Cold stable",16,0.448770117101797
"B","Cold stable",16.1,0.448463895422445
"B","Cold stable",16.2,0.448065962829666
"B","Cold stable",16.3,0.447575081488628
"B","Cold stable",16.4,0.446990013564502
"B","Cold stable",16.5,0.446309521222458
"B","Cold stable",16.6,0.445532366627664
"B","Cold stable",16.7,0.444657311945292
"B","Cold stable",16.8,0.44368311934051
"B","Cold stable",16.9,0.442608550978488
"B","Cold stable",17,0.441432369024396
"B","Cold stable",17.1,0.440153335643404
"B","Cold stable",17.2,0.438770213000681
"B","Cold stable",17.3,0.437281763261397
"B","Cold stable",17.4,0.435686748590721
"B","Cold stable",17.5,0.433983931153824
"B","Cold stable",17.6,0.43201177518711
"B","Cold stable",17.7,0.429620240715379
"B","Cold stable",17.8,0.426825333586394
"B","Cold stable",17.9,0.423643059647918
"B","Cold stable",18,0.420089424747714
"B","Cold stable",18.1,0.416180434733543
"B","Cold stable",18.2,0.411932095453169
"B","Cold stable",18.3,0.407360412754355
"B","Cold stable",18.4,0.402481392484862
"B","Cold stable",18.5,0.397311040492453
"B","Cold stable",18.6,0.391865362624892
"B","Cold stable",18.7,0.386160364729941
"B","Cold stable",18.8,0.380212052655362
"B","Cold stable",18.9,0.374036432248918
"B","Cold stable",19,0.367649509358372
"B","Cold stable",19.1,0.361067289831486
"B","Cold stable",19.2,0.354305779516023
"B","Cold stable",19.3,0.347380984259746
"B","Cold stable",19.4,0.340308909910417
"B","Cold stable",19.5,0.3331055623158
"B","Cold stable",19.6,0.325786947323655
"B","Cold stable",19.7,0.318369070781747
"B","Cold stable",19.8,0.310867938537838
"B","Cold stable",19.9,0.30329955643969
"B","Cold stable",20,0.295679930335066
"B","Cold stable",20.1,0.288025066071729
"B","Cold stable",20.2,0.280350969497442
"B","Cold stable",20.3,0.272673646459967
"B","Cold stable",20.4,0.265009102807066
"B","Cold stable",20.5,0.257373344386503
"B","Cold stable",20.6,0.249782377046039
"B","Cold stable",20.7,0.242252206633438
"B","Cold stable",20.8,0.234798838996463
"B","Cold stable",20.9,0.227438279982875
"B","Cold stable",21,0.220186535440438
"B","Cold stable",21.1,0.213059611216914
"B","Cold stable",21.2,0.206073513160065
"B","Cold stable",21.3,0.199244247117656
"B","Cold stable",21.4,0.192587818937447
"B","Cold stable",21.5,0.186120234467202
"B","Cold stable",21.6,0.179857499554684
"B","Cold stable",21.7,0.173815620047654
"B","Cold stable",21.8,0.168010601793876
"B","Cold stable",21.9,0.162458450641113
"B","Cold stable",22,0.157175172437126
"B","Cold stable",22.1,0.152176773029679
"B","Cold stable",22.2,0.147479258266534
"B","Cold stable",22.3,0.143098633995454
"B","Cold stable",22.4,0.139050906064201
"B","Cold stable",22.5,0.135352080320539
"B","Cold stable",22.6,0.131794625076601
"B","Cold stable",22.7,0.128163410743982
"B","Cold stable",22.8,0.124463046319635
"B","Cold stable",22.9,0.120698140800512
"B","Cold stable",23,0.116873303183565
"B","Cold stable",23.1,0.112993142465746
"B","Cold stable",23.2,0.109062267644009
"B","Cold stable",23.3,0.105085287715305
"B","Cold stable",23.4,0.101066811676586
"B","Cold stable",23.5,0.0970114485248066
"B","Cold stable",23.6,0.0929238072569171
"B","Cold stable",23.7,0.0888084968698707
"B","Cold stable",23.8,0.0846701263606197
"B","Cold stable",23.9,0.0805133047261164
"B","Cold stable",24,0.0763426409633134
"B","Cold stable",24.1,0.0721627440691629
"B","Cold stable",24.2,0.0679782230406173
"B","Cold stable",24.3,0.0637936868746292
"B","Cold stable",24.4,0.0596137445681506
"B","Cold stable",24.5,0.0554430051181344
"B","Cold stable",24.6,0.0512860775215326
"B","Cold stable",24.7,0.0471475707752976
"B","Cold stable",24.8,0.0430320938763821
"B","Cold stable",24.9,0.0389442558217382
"B","Cold stable",25,0.0348886656083185
"B","Cold stable",25.1,0.0308699322330752
"B","Cold stable",25.2,0.0268926646929607
"B","Cold stable",25.3,0.0229614719849276
"B","Cold stable",25.4,0.0190809631059281
"B","Cold stable",25.5,0.0152557470529148
"B","Cold stable",25.6,0.0114904328228397
"B","Cold stable",25.7,0.00778962941265555
"B","Cold stable",25.8,0.00415794581931473
"B","Cold stable",25.9,0.000599991039769401
"B","Cold stable",26,0
"B","Cold stable",26.1,0
"B","Cold stable",26.2,0
"B","Cold stable",26.3,0
"B","Cold stable",26.4,0
"B","Cold stable",26.5,0
"B","Cold stable",26.6,0
"B","Cold stable",26.7,0
"B","Cold stable",26.8,0
"B","Cold stable",26.9,0
"B","Cold stable",27,0
"B","Cold stable",27.1,0
"B","Cold stable",27.2,0
"B","Cold stable",27.3,0
"B","Cold stable",27.4,0
"B","Cold stable",27.5,0
"B","Cold stable",27.6,0
"B","Cold stable",27.7,0
"B","Cold stable",27.8,0
"B","Cold stable",27.9,0
"B","Cold stable",28,0
"B","Cold stable",28.1,0
"B","Cold stable",28.2,0
"B","Cold stable",28.3,0
"B","Cold stable",28.4,0
"B","Cold stable",28.5,0
"B","Cold stable",28.6,0
"B","Cold stable",28.7,0
"B","Cold stable",28.8,0
"B","Cold stable",28.9,0
"B","Cold stable",29,0
"B","Cold stable",29.1,0
"B","Cold stable",29.2,0
"B","Cold stable",29.3,0
"B","Cold stable",29.4,0
"B","Cold stable",29.5,0
"B","Cold stable",29.6,0
"B","Cold stable",29.7,0
"B","Cold stable",29.8,0
"B","Cold stable",29.9,0
"B","Cold stable",30,0
"B","Cold stable",30.1,0
"B","Cold stable",30.2,0
"B","Cold stable",30.3,0
"B","Cold stable",30.4,0
"B","Cold stable",30.5,0
"B","Cold stable",30.6,0
"B","Cold stable",30.7,0
"B","Cold stable",30.8,0
"B","Cold stable",30.9,0
"B","Cold stable",31,0
"B","Cold stable",31.1,0
"B","Cold stable",31.2,0
"B","Cold stable",31.3,0
"B","Cold stable",31.4,0
"B","Cold stable",31.5,0
"B","Cold stable",31.6,0
"B","Cold stable",31.7,0
"B","Cold stable",31.8,0
"B","Cold stable",31.9,0
"B","Cold stable",32,0
"B","Cold stable",32.1,0
"B","Cold stable",32.2,0
"B","Cold stable",32.3,0
"B","Cold stable",32.4,0
"B","Cold stable",32.5,0
"B","Cold stable",32.6,0
"B","Cold stable",32.7,0
"B","Cold stable",32.8,0
"B","Cold stable",32.9,0
"B","Cold stable",33,0
"B","Cold stable",33.1,0
"B","Cold stable",33.2,0
"B","Cold stable",33.3,0
"B","Cold stable",33.4,0
"B","Cold stable",33.5,0
"B","Cold stable",33.6,0
"B","Cold stable",33.7,0
"B","Cold stable",33.8,0
"B","Cold stable",33.9,0
"B","Cold stable",34,0
"B","Cold stable",34.1,0
"B","Cold stable",34.2,0
"B","Cold stable",34.3,0
"B","Cold stable",34.4,0
"B","Cold stable",34.5,0
"B","Cold stable",34.6,0
"B","Cold stable",34.7,0
"B","Cold stable",34.8,0
"B","Cold stable",34.9,0
"B","Cold stable",35,0
"B","Cold stable",35.1,0
"B","Cold stable",35.2,0
"B","Cold stable",35.3,0
"B","Cold stable",35.4,0
"B","Cold stable",35.5,0
"B","Cold stable",35.6,0
"B","Cold stable",35.7,0
"B","Cold stable",35.8,0
"B","Cold stable",35.9,0
"B","Cold stable",36,0
"B","Cold stable",36.1,0
"B","Cold stable",36.2,0
"B","Cold stable",36.3,0
"B","Cold stable",36.4,0
"B","Cold stable",36.5,0
"B","Cold stable",36.6,0
"B","Cold stable",36.7,0
"B","Cold stable",36.8,0
"B","Cold stable",36.9,0
"B","Cold stable",37,0
"B","Cold stable",37.1,0
"B","Cold stable",37.2,0
"B","Cold stable",37.3,0
"B","Cold stable",37.4,0
"B","Cold stable",37.5,0
"B","Cold stable",37.6,0
"B","Cold stable",37.7,0
"B","Cold stable",37.8,0
"B","Cold stable",37.9,0
"B","Cold stable",38,0
"B","Cold stable",38.1,0
"B","Cold stable",38.2,0
"B","Cold stable",38.3,0
"B","Cold stable",38.4,0
"B","Cold stable",38.5,0
"B","Cold stable",38.6,0
"B","Cold stable",38.7,0
"B","Cold stable",38.8,0
"B","Cold stable",38.9,0
"B","Cold stable",39,0
"B","Cold stable",39.1,0
"B","Cold stable",39.2,0
"B","Cold stable",39.3,0
"B","Cold stable",39.4,0
"B","Cold stable",39.5,0
"B","Cold stable",39.6,0
"B","Cold stable",39.7,0
"B","Cold stable",39.8,0
"B","Cold stable",39.9,0
"B","Cold stable",40,0
"B","Cold stable",40.1,0
"B","Cold stable",40.2,0
"B","Cold stable",40.3,0
"B","Cold stable",40.4,0
"B","Cold stable",40.5,0
"B","Cold stable",40.6,0
"B","Cold stable",40.7,0
"B","Cold stable",40.8,0
"B","Cold stable",40.9,0
"B","Cold stable",41,0
"B","Cold stable",41.1,0
"B","Cold stable",41.2,0
"B","Cold stable",41.3,0
"B","Cold stable",41.4,0
"B","Cold stable",41.5,0
"B","Cold stable",41.6,0
"B","Cold stable",41.7,0
"B","Cold stable",41.8,0
"B","Cold stable",41.9,0
"B","Cold stable",42,0
"B","Cold stable",42.1,0
"B","Cold stable",42.2,0
"B","Cold stable",42.3,0
"B","Cold stable",42.4,0
"B","Cold stable",42.5,0
"B","Cold stable",42.6,0
"B","Cold stable",42.7,0
"B","Cold stable",42.8,0
"B","Cold stable",42.9,0
"B","Cold stable",43,0
"B","Cold stable",43.1,0
"B","Cold stable",43.2,0
"B","Cold stable",43.3,0
"B","Cold stable",43.4,0
"B","Cold stable",43.5,0
"B","Cold stable",43.6,0
"B","Cold stable",43.7,0
"B","Cold stable",43.8,0
"B","Cold stable",43.9,0
"B","Cold stable",44,0
"B","Cold stable",44.1,0
"B","Cold stable",44.2,0
"B","Cold stable",44.3,0
"B","Cold stable",44.4,0
"B","Cold stable",44.5,0
"B","Cold stable",44.6,0
"B","Cold stable",44.7,0
"B","Cold stable",44.8,0
"B","Cold stable",44.9,0
"B","Cold stable",45,0
"B","Cold stable",45.1,0
"B","Cold stable",45.2,0
"B","Cold stable",45.3,0
"B","Cold stable",45.4,0
"B","Cold stable",45.5,0
"B","Cold stable",45.6,0
"B","Cold stable",45.7,0
"B","Cold stable",45.8,0
"B","Cold stable",45.9,0
"B","Cold stable",46,0
"B","Cold stable",46.1,0
"B","Cold stable",46.2,0
"B","Cold stable",46.3,0
"B","Cold stable",46.4,0
"B","Cold stable",46.5,0
"B","Cold stable",46.6,0
"B","Cold stable",46.7,0
"B","Cold stable",46.8,0
"B","Cold stable",46.9,0
"B","Cold stable",47,0
"B","Cold stable",47.1,0
"B","Cold stable",47.2,0
"B","Cold stable",47.3,0
"B","Cold stable",47.4,0
"B","Cold stable",47.5,0
"B","Cold stable",47.6,0
"B","Cold stable",47.7,0
"B","Cold stable",47.8,0
"B","Cold stable",47.9,0
"B","Cold stable",48,0
"B","Cold stable",48.1,0
"B","Cold stable",48.2,0
"B","Cold stable",48.3,0
"B","Cold stable",48.4,0
"B","Cold stable",48.5,0
"B","Cold stable",48.6,0
"B","Cold stable",48.7,0
"B","Cold stable",48.8,0
"B","Cold stable",48.9,0
"B","Cold stable",49,0
"B","Cold stable",49.1,0
"B","Cold stable",49.2,0
"B","Cold stable",49.3,0
"B","Cold stable",49.4,0
"B","Cold stable",49.5,0
"B","Cold stable",49.6,0
"B","Cold stable",49.7,0
"B","Cold stable",49.8,0
"B","Cold stable",49.9,0
"B","Cold stable",50,0
"B","Cold stable",50.1,0
"B","Cold stable",50.2,0
"B","Cold stable",50.3,0
"B","Cold stable",50.4,0
"B","Cold stable",50.5,0
"B","Cold stable",50.6,0
"B","Cold stable",50.7,0
"B","Cold stable",50.8,0
"B","Cold stable",50.9,0
"B","Cold stable",51,0
"B","Cold stable",51.1,0
"B","Cold stable",51.2,0
"B","Cold stable",51.3,0
"B","Cold stable",51.4,0
"B","Cold stable",51.5,0
"B","Cold stable",51.6,0
"B","Cold stable",51.7,0
"B","Cold stable",51.8,0
"B","Cold stable",51.9,0
"B","Cold stable",52,0
"B","Cold stable",52.1,0
"B","Cold stable",52.2,0
"B","Cold stable",52.3,0
"B","Cold stable",52.4,0
"B","Cold stable",52.5,0
"B","Cold stable",52.6,0
"B","Cold stable",52.7,0
"B","Cold stable",52.8,0
"B","Cold stable",52.9,0
"B","Cold stable",53,0
"B","Cold stable",53.1,0
"B","Cold stable",53.2,0
"B","Cold stable",53.3,0
"B","Cold stable",53.4,0
"B","Cold stable",53.5,0
"B","Cold stable",53.6,0
"B","Cold stable",53.7,0
"B","Cold stable",53.8,0
"B","Cold stable",53.9,0
"B","Cold stable",54,0
"B","Cold stable",54.1,0
"B","Cold stable",54.2,0
"B","Cold stable",54.3,0
"B","Cold stable",54.4,0
"B","Cold stable",54.5,0
"B","Cold stable",54.6,0
"B","Cold stable",54.7,0
"B","Cold stable",54.8,0
"B","Cold stable",54.9,0
"B","Cold stable",55,0
"B","Cold stable",55.1,0
"B","Cold stable",55.2,0
"B","Cold stable",55.3,0
"B","Cold stable",55.4,0
"B","Cold stable",55.5,0
"B","Cold stable",55.6,0
"B","Cold stable",55.7,0
"B","Cold stable",55.8,0
"B","Cold stable",55.9,0
"B","Cold stable",56,0
"B","Cold stable",56.1,0
"B","Cold stable",56.2,0
"B","Cold stable",56.3,0
"B","Cold stable",56.4,0
"B","Cold stable",56.5,0
"B","Cold stable",56.6,0
"B","Cold stable",56.7,0
"B","Cold stable",56.8,0
"B","Cold stable",56.9,0
"B","Cold stable",57,0
"B","Cold stable",57.1,0
"B","Cold stable",57.2,0
"B","Cold stable",57.3,0
"B","Cold stable",57.4,0
"B","Cold stable",57.5,0
"B","Cold stable",57.6,0
"B","Cold stable",57.7,0
"B","Cold stable",57.8,0
"B","Cold stable",57.9,0
"B","Cold stable",58,0
"B","Cold stable",58.1,0
"B","Cold stable",58.2,0
"B","Cold stable",58.3,0
"B","Cold stable",58.4,0
"B","Cold stable",58.5,0
"B","Cold stable",58.6,0
"B","Cold stable",58.7,0
"B","Cold stable",58.8,0
"B","Cold stable",58.9,0
"B","Cold stable",59,0
"B","Cold stable",59.1,0
"B","Cold stable",59.2,0
"B","Cold stable",59.3,0
"B","Cold stable",59.4,0
"B","Cold stable",59.5,0
"B","Cold stable",59.6,0
"B","Cold stable",59.7,0
"B","Cold stable",59.8,0
"B","Cold stable",59.9,0
"B","Cold stable",60,0
"B","Cold stable",60.1,0
"B","Cold stable",60.2,0
"B","Cold stable",60.3,0
"B","Cold stable",60.4,0
"B","Cold stable",60.5,0
"B","Cold stable",60.6,0
"B","Cold stable",60.7,0
"B","Cold stable",60.8,0
"B","Cold stable",60.9,0
"B","Cold stable",61,0
"B","Cold stable",61.1,0
"B","Cold stable",61.2,0
"B","Cold stable",61.3,0
"B","Cold stable",61.4,0
"B","Cold stable",61.5,0
"B","Cold stable",61.6,0
"B","Cold stable",61.7,0
"B","Cold stable",61.8,0
"B","Cold stable",61.9,0
"B","Cold stable",62,0
"B","Cold stable",62.1,0
"B","Cold stable",62.2,0
"B","Cold stable",62.3,0
"B","Cold stable",62.4,0
"B","Cold stable",62.5,0
"DC","Hot variable",-5,0.00971675493639445
"DC","Hot variable",-4.9,0.00873216408420921
"DC","Hot variable",-4.8,0.00776551696448941
"DC","Hot variable",-4.7,0.00681675611645818
"DC","Hot variable",-4.6,0.00588582407933865
"DC","Hot variable",-4.5,0.00497266339235395
"DC","Hot variable",-4.4,0.00407721659472721
"DC","Hot variable",-4.3,0.00319942622568154
"DC","Hot variable",-4.2,0.00233923482444009
"DC","Hot variable",-4.1,0.00149658493022598
"DC","Hot variable",-4,0.00067141908226234
"DC","Hot variable",-3.9,0
"DC","Hot variable",-3.8,0
"DC","Hot variable",-3.7,0
"DC","Hot variable",-3.6,0
"DC","Hot variable",-3.5,0
"DC","Hot variable",-3.4,0
"DC","Hot variable",-3.3,0
"DC","Hot variable",-3.2,0
"DC","Hot variable",-3.1,0
"DC","Hot variable",-3,0
"DC","Hot variable",-2.9,0
"DC","Hot variable",-2.8,0
"DC","Hot variable",-2.7,0
"DC","Hot variable",-2.6,0
"DC","Hot variable",-2.5,0
"DC","Hot variable",-2.4,0
"DC","Hot variable",-2.3,0
"DC","Hot variable",-2.2,0
"DC","Hot variable",-2.1,0
"DC","Hot variable",-2,0
"DC","Hot variable",-1.9,0
"DC","Hot variable",-1.8,0
"DC","Hot variable",-1.7,0
"DC","Hot variable",-1.6,0
"DC","Hot variable",-1.5,0
"DC","Hot variable",-1.4,0
"DC","Hot variable",-1.3,0
"DC","Hot variable",-1.2,0
"DC","Hot variable",-1.1,0
"DC","Hot variable",-1,0
"DC","Hot variable",-0.899999999999999,0
"DC","Hot variable",-0.8,0
"DC","Hot variable",-0.7,0
"DC","Hot variable",-0.6,0
"DC","Hot variable",-0.5,0
"DC","Hot variable",-0.399999999999999,0
"DC","Hot variable",-0.3,0
"DC","Hot variable",-0.199999999999999,0
"DC","Hot variable",-0.0999999999999996,0
"DC","Hot variable",0,0
"DC","Hot variable",0.100000000000001,0
"DC","Hot variable",0.2,0
"DC","Hot variable",0.300000000000001,0
"DC","Hot variable",0.4,0
"DC","Hot variable",0.5,0
"DC","Hot variable",0.600000000000001,0
"DC","Hot variable",0.7,0
"DC","Hot variable",0.800000000000001,0
"DC","Hot variable",0.9,0
"DC","Hot variable",1,0
"DC","Hot variable",1.1,0
"DC","Hot variable",1.2,0
"DC","Hot variable",1.3,0
"DC","Hot variable",1.4,0
"DC","Hot variable",1.5,0
"DC","Hot variable",1.6,0
"DC","Hot variable",1.7,0
"DC","Hot variable",1.8,0
"DC","Hot variable",1.9,0
"DC","Hot variable",2,0
"DC","Hot variable",2.1,0
"DC","Hot variable",2.2,0
"DC","Hot variable",2.3,0
"DC","Hot variable",2.4,0
"DC","Hot variable",2.5,0
"DC","Hot variable",2.6,0
"DC","Hot variable",2.7,0
"DC","Hot variable",2.8,0
"DC","Hot variable",2.9,0
"DC","Hot variable",3,0
"DC","Hot variable",3.1,0
"DC","Hot variable",3.2,0
"DC","Hot variable",3.3,0
"DC","Hot variable",3.4,0
"DC","Hot variable",3.5,0
"DC","Hot variable",3.6,0
"DC","Hot variable",3.7,0
"DC","Hot variable",3.8,0
"DC","Hot variable",3.9,0
"DC","Hot variable",4,0
"DC","Hot variable",4.1,0
"DC","Hot variable",4.2,0
"DC","Hot variable",4.3,0
"DC","Hot variable",4.4,0
"DC","Hot variable",4.5,0
"DC","Hot variable",4.6,0
"DC","Hot variable",4.7,0
"DC","Hot variable",4.8,0
"DC","Hot variable",4.9,0
"DC","Hot variable",5,0
"DC","Hot variable",5.1,0
"DC","Hot variable",5.2,0
"DC","Hot variable",5.3,0
"DC","Hot variable",5.4,0
"DC","Hot variable",5.5,0.00036689909736978
"DC","Hot variable",5.6,0.00118356948766214
"DC","Hot variable",5.7,0.00202133707580933
"DC","Hot variable",5.8,0.00288056246970246
"DC","Hot variable",5.9,0.00376160627723263
"DC","Hot variable",6,0.00466482910629095
"DC","Hot variable",6.1,0.00559059156476852
"DC","Hot variable",6.2,0.0065392542605564
"DC","Hot variable",6.3,0.00751117780154571
"DC","Hot variable",6.4,0.00850672279562755
"DC","Hot variable",6.5,0.00952624985069302
"DC","Hot variable",6.6,0.0105701195746332
"DC","Hot variable",6.7,0.0116386925753392
"DC","Hot variable",6.8,0.0127323294607022
"DC","Hot variable",6.9,0.0138513908386131
"DC","Hot variable",7,0.0149962373169631
"DC","Hot variable",7.1,0.0161672295036434
"DC","Hot variable",7.2,0.017364728006545
"DC","Hot variable",7.3,0.0185890934335589
"DC","Hot variable",7.4,0.0198406863925764
"DC","Hot variable",7.5,0.0211198674914884
"DC","Hot variable",7.6,0.022471468459936
"DC","Hot variable",7.7,0.0239369631075157
"DC","Hot variable",7.8,0.0255116751620519
"DC","Hot variable",7.9,0.0271909283513694
"DC","Hot variable",8,0.0289700464032927
"DC","Hot variable",8.1,0.0308443530456464
"DC","Hot variable",8.2,0.032809172006255
"DC","Hot variable",8.3,0.0348598270129431
"DC","Hot variable",8.4,0.0369916417935354
"DC","Hot variable",8.5,0.0391999400758563
"DC","Hot variable",8.6,0.0414800455877305
"DC","Hot variable",8.7,0.0438272820569825
"DC","Hot variable",8.8,0.046236973211437
"DC","Hot variable",8.9,0.0487044427789184
"DC","Hot variable",9,0.0512250144872514
"DC","Hot variable",9.1,0.0537940120642605
"DC","Hot variable",9.2,0.0564067592377704
"DC","Hot variable",9.3,0.0590585797356055
"DC","Hot variable",9.4,0.0617447972855905
"DC","Hot variable",9.5,0.06446073561555
"DC","Hot variable",9.6,0.0672017184533085
"DC","Hot variable",9.7,0.0699630695266906
"DC","Hot variable",9.8,0.0727401125635208
"DC","Hot variable",9.9,0.0755281712916238
"DC","Hot variable",10,0.0783225694388242
"DC","Hot variable",10.1,0.0811186307329465
"DC","Hot variable",10.2,0.0839116789018152
"DC","Hot variable",10.3,0.086697037673255
"DC","Hot variable",10.4,0.0894700307750905
"DC","Hot variable",10.5,0.0922259819351461
"DC","Hot variable",10.6,0.0949602148812466
"DC","Hot variable",10.7,0.0976680533412164
"DC","Hot variable",10.8,0.10034482104288
"DC","Hot variable",10.9,0.102985841714062
"DC","Hot variable",11,0.105586439082588
"DC","Hot variable",11.1,0.108141936876281
"DC","Hot variable",11.2,0.110647658822966
"DC","Hot variable",11.3,0.113098928650468
"DC","Hot variable",11.4,0.115491070086612
"DC","Hot variable",11.5,0.117819406859222
"DC","Hot variable",11.6,0.120079262696122
"DC","Hot variable",11.7,0.122265961325137
"DC","Hot variable",11.8,0.124374826474092
"DC","Hot variable",11.9,0.126401181870811
"DC","Hot variable",12,0.128340351243119
"DC","Hot variable",12.1,0.130187658318841
"DC","Hot variable",12.2,0.1319384268258
"DC","Hot variable",12.3,0.133587980491823
"DC","Hot variable",12.4,0.135131643044732
"DC","Hot variable",12.5,0.136564738212353
"DC","Hot variable",12.6,0.13795935510883
"DC","Hot variable",12.7,0.139389172605745
"DC","Hot variable",12.8,0.14085189906708
"DC","Hot variable",12.9,0.142345242856814
"DC","Hot variable",13,0.14386691233893
"DC","Hot variable",13.1,0.145414615877407
"DC","Hot variable",13.2,0.146986061836228
"DC","Hot variable",13.3,0.148578958579372
"DC","Hot variable",13.4,0.150191014470822
"DC","Hot variable",13.5,0.151819937874557
"DC","Hot variable",13.6,0.15346343715456
"DC","Hot variable",13.7,0.15511922067481
"DC","Hot variable",13.8,0.15678499679929
"DC","Hot variable",13.9,0.158458473891979
"DC","Hot variable",14,0.160137360316859
"DC","Hot variable",14.1,0.161819364437911
"DC","Hot variable",14.2,0.163502194619116
"DC","Hot variable",14.3,0.165183559224455
"DC","Hot variable",14.4,0.166861166617909
"DC","Hot variable",14.5,0.168532725163458
"DC","Hot variable",14.6,0.170195943225085
"DC","Hot variable",14.7,0.171848529166769
"DC","Hot variable",14.8,0.173488191352492
"DC","Hot variable",14.9,0.175112638146235
"DC","Hot variable",15,0.176719577911978
"DC","Hot variable",15.1,0.178306719013704
"DC","Hot variable",15.2,0.179871769815392
"DC","Hot variable",15.3,0.181412438681023
"DC","Hot variable",15.4,0.18292643397458
"DC","Hot variable",15.5,0.184411464060042
"DC","Hot variable",15.6,0.185865237301391
"DC","Hot variable",15.7,0.187285462062608
"DC","Hot variable",15.8,0.188669846707673
"DC","Hot variable",15.9,0.190016099600568
"DC","Hot variable",16,0.191321929105274
"DC","Hot variable",16.1,0.192585043585771
"DC","Hot variable",16.2,0.193803151406041
"DC","Hot variable",16.3,0.194973960930065
"DC","Hot variable",16.4,0.196095180521823
"DC","Hot variable",16.5,0.197164518545296
"DC","Hot variable",16.6,0.198179683364467
"DC","Hot variable",16.7,0.199138383343314
"DC","Hot variable",16.8,0.200038326845821
"DC","Hot variable",16.9,0.200877222235967
"DC","Hot variable",17,0.201652777877733
"DC","Hot variable",17.1,0.202362702135101
"DC","Hot variable",17.2,0.203004703372051
"DC","Hot variable",17.3,0.203576489952565
"DC","Hot variable",17.4,0.204075770240624
"DC","Hot variable",17.5,0.204500252600207
"DC","Hot variable",17.6,0.204837495101083
"DC","Hot variable",17.7,0.205078736808781
"DC","Hot variable",17.8,0.205227207580926
"DC","Hot variable",17.9,0.205286137275145
"DC","Hot variable",18,0.205258755749063
"DC","Hot variable",18.1,0.205148292860307
"DC","Hot variable",18.2,0.204957978466501
"DC","Hot variable",18.3,0.204691042425273
"DC","Hot variable",18.4,0.204350714594248
"DC","Hot variable",18.5,0.203940224831051
"DC","Hot variable",18.6,0.203462802993309
"DC","Hot variable",18.7,0.202921678938648
"DC","Hot variable",18.8,0.202320082524692
"DC","Hot variable",18.9,0.201661243609069
"DC","Hot variable",19,0.200948392049404
"DC","Hot variable",19.1,0.200184757703323
"DC","Hot variable",19.2,0.199373570428452
"DC","Hot variable",19.3,0.198518060082417
"DC","Hot variable",19.4,0.197621456522843
"DC","Hot variable",19.5,0.196686989607356
"DC","Hot variable",19.6,0.195717889193583
"DC","Hot variable",19.7,0.194717385139148
"DC","Hot variable",19.8,0.193688707301679
"DC","Hot variable",19.9,0.192635085538801
"DC","Hot variable",20,0.191559749708139
"DC","Hot variable",20.1,0.19046592966732
"DC","Hot variable",20.2,0.189356855273969
"DC","Hot variable",20.3,0.188235756385713
"DC","Hot variable",20.4,0.187105862860177
"DC","Hot variable",20.5,0.185970404554987
"DC","Hot variable",20.6,0.184832611327769
"DC","Hot variable",20.7,0.183695713036148
"DC","Hot variable",20.8,0.182562939537751
"DC","Hot variable",20.9,0.181437520690204
"DC","Hot variable",21,0.180322686351132
"DC","Hot variable",21.1,0.179221666378162
"DC","Hot variable",21.2,0.178137690628918
"DC","Hot variable",21.3,0.177073988961027
"DC","Hot variable",21.4,0.176033791232116
"DC","Hot variable",21.5,0.175020327299808
"DC","Hot variable",21.6,0.174036827021732
"DC","Hot variable",21.7,0.173086520255512
"DC","Hot variable",21.8,0.172172636858774
"DC","Hot variable",21.9,0.171298406689144
"DC","Hot variable",22,0.170467059604249
"DC","Hot variable",22.1,0.169681825461713
"DC","Hot variable",22.2,0.168945934119163
"DC","Hot variable",22.3,0.168262615434224
"DC","Hot variable",22.4,0.167635099264523
"DC","Hot variable",22.5,0.167066615467686
"DC","Hot variable",22.6,0.166489922842739
"DC","Hot variable",22.7,0.165837822943452
"DC","Hot variable",22.8,0.165113609759562
"DC","Hot variable",22.9,0.164320577280805
"DC","Hot variable",23,0.163462019496918
"DC","Hot variable",23.1,0.162541230397637
"DC","Hot variable",23.2,0.1615615039727
"DC","Hot variable",23.3,0.160526134211842
"DC","Hot variable",23.4,0.159438415104802
"DC","Hot variable",23.5,0.158301640641315
"DC","Hot variable",23.6,0.157119104811118
"DC","Hot variable",23.7,0.155894101603949
"DC","Hot variable",23.8,0.154629925009543
"DC","Hot variable",23.9,0.153329869017638
"DC","Hot variable",24,0.15199722761797
"DC","Hot variable",24.1,0.150635294800276
"DC","Hot variable",24.2,0.149247364554293
"DC","Hot variable",24.3,0.147836730869757
"DC","Hot variable",24.4,0.146406687736405
"DC","Hot variable",24.5,0.144960529143974
"DC","Hot variable",24.6,0.143501549082201
"DC","Hot variable",24.7,0.142033041540822
"DC","Hot variable",24.8,0.140558300509575
"DC","Hot variable",24.9,0.139080619978195
"DC","Hot variable",25,0.13760329393642
"DC","Hot variable",25.1,0.136129616373987
"DC","Hot variable",25.2,0.134662881280631
"DC","Hot variable",25.3,0.13320638264609
"DC","Hot variable",25.4,0.131763414460101
"DC","Hot variable",25.5,0.1303372707124
"DC","Hot variable",25.6,0.128931245392724
"DC","Hot variable",25.7,0.12754863249081
"DC","Hot variable",25.8,0.126192725996394
"DC","Hot variable",25.9,0.124866819899214
"DC","Hot variable",26,0.123574208189005
"DC","Hot variable",26.1,0.122318184855506
"DC","Hot variable",26.2,0.121102043888451
"DC","Hot variable",26.3,0.119929079277579
"DC","Hot variable",26.4,0.118802585012626
"DC","Hot variable",26.5,0.117725855083328
"DC","Hot variable",26.6,0.116702183479423
"DC","Hot variable",26.7,0.115734864190647
"DC","Hot variable",26.8,0.114827191206737
"DC","Hot variable",26.9,0.11398245851743
"DC","Hot variable",27,0.113203960112461
"DC","Hot variable",27.1,0.112494989981569
"DC","Hot variable",27.2,0.11185884211449
"DC","Hot variable",27.3,0.11129881050096
"DC","Hot variable",27.4,0.110818189130717
"DC","Hot variable",27.5,0.110420271993496
"DC","Hot variable",27.6,0.110101715792445
"DC","Hot variable",27.7,0.109855191252964
"DC","Hot variable",27.8,0.109678013398171
"DC","Hot variable",27.9,0.109567497251185
"DC","Hot variable",28,0.109520957835124
"DC","Hot variable",28.1,0.109535710173106
"DC","Hot variable",28.2,0.10960906928825
"DC","Hot variable",28.3,0.109738350203674
"DC","Hot variable",28.4,0.109920867942496
"DC","Hot variable",28.5,0.110153937527836
"DC","Hot variable",28.6,0.11043487398281
"DC","Hot variable",28.7,0.110760992330538
"DC","Hot variable",28.8,0.111129607594138
"DC","Hot variable",28.9,0.111538034796728
"DC","Hot variable",29,0.111983588961427
"DC","Hot variable",29.1,0.112463585111353
"DC","Hot variable",29.2,0.112975338269624
"DC","Hot variable",29.3,0.113516163459359
"DC","Hot variable",29.4,0.114083375703675
"DC","Hot variable",29.5,0.114674290025692
"DC","Hot variable",29.6,0.115286221448528
"DC","Hot variable",29.7,0.115916484995301
"DC","Hot variable",29.8,0.11656239568913
"DC","Hot variable",29.9,0.117221268553132
"DC","Hot variable",30,0.117890418610426
"DC","Hot variable",30.1,0.118567160884131
"DC","Hot variable",30.2,0.119248810397365
"DC","Hot variable",30.3,0.119932682173246
"DC","Hot variable",30.4,0.120616091234893
"DC","Hot variable",30.5,0.121296352605423
"DC","Hot variable",30.6,0.121970781307956
"DC","Hot variable",30.7,0.122636692365609
"DC","Hot variable",30.8,0.123291400801502
"DC","Hot variable",30.9,0.123932221638752
"DC","Hot variable",31,0.124556469900478
"DC","Hot variable",31.1,0.125161460609797
"DC","Hot variable",31.2,0.125744508789829
"DC","Hot variable",31.3,0.126302929463692
"DC","Hot variable",31.4,0.126834037654505
"DC","Hot variable",31.5,0.127335148385384
"DC","Hot variable",31.6,0.12780357667945
"DC","Hot variable",31.7,0.12823663755982
"DC","Hot variable",31.8,0.128631646049612
"DC","Hot variable",31.9,0.128985917171945
"DC","Hot variable",32,0.129296765949938
"DC","Hot variable",32.1,0.129561507406708
"DC","Hot variable",32.2,0.129777456565374
"DC","Hot variable",32.3,0.129941928449055
"DC","Hot variable",32.4,0.130052238080868
"DC","Hot variable",32.5,0.130105700483933
"DC","Hot variable",32.6,0.130147582541125
"DC","Hot variable",32.7,0.130223730695216
"DC","Hot variable",32.8,0.130332329309168
"DC","Hot variable",32.9,0.130471562745941
"DC","Hot variable",33,0.130639615368496
"DC","Hot variable",33.1,0.130834671539794
"DC","Hot variable",33.2,0.131054915622796
"DC","Hot variable",33.3,0.131298531980462
"DC","Hot variable",33.4,0.131563704975754
"DC","Hot variable",33.5,0.131848618971632
"DC","Hot variable",33.6,0.132151458331057
"DC","Hot variable",33.7,0.132470407416989
"DC","Hot variable",33.8,0.132803650592391
"DC","Hot variable",33.9,0.133149372220222
"DC","Hot variable",34,0.133505756663444
"DC","Hot variable",34.1,0.133870988285017
"DC","Hot variable",34.2,0.134243251447902
"DC","Hot variable",34.3,0.134620730515061
"DC","Hot variable",34.4,0.135001609849453
"DC","Hot variable",34.5,0.13538407381404
"DC","Hot variable",34.6,0.135766306771782
"DC","Hot variable",34.7,0.136146493085641
"DC","Hot variable",34.8,0.136522817118577
"DC","Hot variable",34.9,0.136893463233552
"DC","Hot variable",35,0.137256615793525
"DC","Hot variable",35.1,0.137610459161458
"DC","Hot variable",35.2,0.137953177700312
"DC","Hot variable",35.3,0.138282955773047
"DC","Hot variable",35.4,0.138597977742625
"DC","Hot variable",35.5,0.138896427972005
"DC","Hot variable",35.6,0.13917649082415
"DC","Hot variable",35.7,0.13943635066202
"DC","Hot variable",35.8,0.139674191848576
"DC","Hot variable",35.9,0.139888198746778
"DC","Hot variable",36,0.140076555719587
"DC","Hot variable",36.1,0.140237447129965
"DC","Hot variable",36.2,0.140369057340872
"DC","Hot variable",36.3,0.14046957071527
"DC","Hot variable",36.4,0.140537171616117
"DC","Hot variable",36.5,0.140570044406377
"DC","Hot variable",36.6,0.140566373449009
"DC","Hot variable",36.7,0.140524343106975
"DC","Hot variable",36.8,0.140442137743235
"DC","Hot variable",36.9,0.14031794172075
"DC","Hot variable",37,0.14014993940248
"DC","Hot variable",37.1,0.139936315151388
"DC","Hot variable",37.2,0.139675253330433
"DC","Hot variable",37.3,0.139364938302577
"DC","Hot variable",37.4,0.13900355443078
"DC","Hot variable",37.5,0.138589286078003
"DC","Hot variable",37.6,0.138128938040305
"DC","Hot variable",37.7,0.137631280232875
"DC","Hot variable",37.8,0.137097444697369
"DC","Hot variable",37.9,0.136528563475444
"DC","Hot variable",38,0.135925768608756
"DC","Hot variable",38.1,0.135290192138963
"DC","Hot variable",38.2,0.134622966107721
"DC","Hot variable",38.3,0.133925222556686
"DC","Hot variable",38.4,0.133198093527515
"DC","Hot variable",38.5,0.132442711061865
"DC","Hot variable",38.6,0.131660207201392
"DC","Hot variable",38.7,0.130851713987754
"DC","Hot variable",38.8,0.130018363462606
"DC","Hot variable",38.9,0.129161287667605
"DC","Hot variable",39,0.128281618644409
"DC","Hot variable",39.1,0.127380488434673
"DC","Hot variable",39.2,0.126459029080054
"DC","Hot variable",39.3,0.125518372622209
"DC","Hot variable",39.4,0.124559651102794
"DC","Hot variable",39.5,0.123583996563467
"DC","Hot variable",39.6,0.122592541045883
"DC","Hot variable",39.7,0.1215864165917
"DC","Hot variable",39.8,0.120566755242574
"DC","Hot variable",39.9,0.119534689040161
"DC","Hot variable",40,0.118491350026119
"DC","Hot variable",40.1,0.117437870242103
"DC","Hot variable",40.2,0.116375381729771
"DC","Hot variable",40.3,0.11530501653078
"DC","Hot variable",40.4,0.114227906686785
"DC","Hot variable",40.5,0.113145184239444
"DC","Hot variable",40.6,0.112057981230412
"DC","Hot variable",40.7,0.110967429701348
"DC","Hot variable",40.8,0.109874661693907
"DC","Hot variable",40.9,0.108780809249745
"DC","Hot variable",41,0.107687004410521
"DC","Hot variable",41.1,0.10659437921789
"DC","Hot variable",41.2,0.105504065713508
"DC","Hot variable",41.3,0.104417195939033
"DC","Hot variable",41.4,0.103334901936122
"DC","Hot variable",41.5,0.10225831574643
"DC","Hot variable",41.6,0.101188569411614
"DC","Hot variable",41.7,0.100126794973332
"DC","Hot variable",41.8,0.0990741244732395
"DC","Hot variable",41.9,0.0980316899529932
"DC","Hot variable",42,0.09700062345425
"DC","Hot variable",42.1,0.0959820570186663
"DC","Hot variable",42.2,0.0949771226878989
"DC","Hot variable",42.3,0.0939869525036043
"DC","Hot variable",42.4,0.0930126785074393
"DC","Hot variable",42.5,0.0920554327410605
"DC","Hot variable",42.6,0.091074366116699
"DC","Hot variable",42.7,0.090029692389442
"DC","Hot variable",42.8,0.0889241378652297
"DC","Hot variable",42.9,0.0877604288500024
"DC","Hot variable",43,0.0865412916497004
"DC","Hot variable",43.1,0.0852694525702638
"DC","Hot variable",43.2,0.083947637917633
"DC","Hot variable",43.3,0.0825785739977482
"DC","Hot variable",43.4,0.0811649871165496
"DC","Hot variable",43.5,0.0797096035799777
"DC","Hot variable",43.6,0.0782151496939724
"DC","Hot variable",43.7,0.0766843517644742
"DC","Hot variable",43.8,0.0751199360974232
"DC","Hot variable",43.9,0.0735246289987599
"DC","Hot variable",44,0.0719011567744245
"DC","Hot variable",44.1,0.070252245730357
"DC","Hot variable",44.2,0.0685806221724979
"DC","Hot variable",44.3,0.0668890124067874
"DC","Hot variable",44.4,0.0651801427391658
"DC","Hot variable",44.5,0.0634567394755733
"DC","Hot variable",44.6,0.0617215289219502
"DC","Hot variable",44.7,0.0599772373842366
"DC","Hot variable",44.8,0.058226591168373
"DC","Hot variable",44.9,0.0564723165802996
"DC","Hot variable",45,0.0547171399259566
"DC","Hot variable",45.1,0.0529637875112842
"DC","Hot variable",45.2,0.0512149856422228
"DC","Hot variable",45.3,0.0494734606247125
"DC","Hot variable",45.4,0.0477419387646937
"DC","Hot variable",45.5,0.0460231463681067
"DC","Hot variable",45.6,0.0443198097408916
"DC","Hot variable",45.7,0.0426346551889887
"DC","Hot variable",45.8,0.0409704090183383
"DC","Hot variable",45.9,0.0393297975348806
"DC","Hot variable",46,0.0377155470445561
"DC","Hot variable",46.1,0.0361303838533047
"DC","Hot variable",46.2,0.0345770342670668
"DC","Hot variable",46.3,0.0330582245917827
"DC","Hot variable",46.4,0.0315766811333927
"DC","Hot variable",46.5,0.030135130197837
"DC","Hot variable",46.6,0.0287362980910559
"DC","Hot variable",46.7,0.0273829111189895
"DC","Hot variable",46.8,0.0260776955875782
"DC","Hot variable",46.9,0.0248233778027623
"DC","Hot variable",47,0.023622684070482
"DC","Hot variable",47.1,0.0224783406966776
"DC","Hot variable",47.2,0.0213930739872892
"DC","Hot variable",47.3,0.0203696102482572
"DC","Hot variable",47.4,0.0194106757855218
"DC","Hot variable",47.5,0.0185189969050234
"DC","Hot variable",47.6,0.0176726196937985
"DC","Hot variable",47.7,0.0168474638672582
"DC","Hot variable",47.8,0.0160430661739043
"DC","Hot variable",47.9,0.0152589633622389
"DC","Hot variable",48,0.0144946921807637
"DC","Hot variable",48.1,0.0137497893779806
"DC","Hot variable",48.2,0.0130237917023916
"DC","Hot variable",48.3,0.0123162359024985
"DC","Hot variable",48.4,0.0116266587268033
"DC","Hot variable",48.5,0.0109545969238078
"DC","Hot variable",48.6,0.0102995872420138
"DC","Hot variable",48.7,0.00966116642992341
"DC","Hot variable",48.8,0.00903887123603834
"DC","Hot variable",48.9,0.00843223840886056
"DC","Hot variable",49,0.00784080469689198
"DC","Hot variable",49.1,0.00726410684863441
"DC","Hot variable",49.2,0.00670168161258979
"DC","Hot variable",49.3,0.00615306573725999
"DC","Hot variable",49.4,0.00561779597114693
"DC","Hot variable",49.5,0.00509540906275252
"DC","Hot variable",49.6,0.00458544176057857
"DC","Hot variable",49.7,0.00408743081312701
"DC","Hot variable",49.8,0.00360091296889974
"DC","Hot variable",49.9,0.00312542497639865
"DC","Hot variable",50,0.00266050358412565
"DC","Hot variable",50.1,0.00220568554058257
"DC","Hot variable",50.2,0.00176050759427134
"DC","Hot variable",50.3,0.00132450649369384
"DC","Hot variable",50.4,0.000897218987351963
"DC","Hot variable",50.5,0.000478181823747634
"DC","Hot variable",50.6,6.69317513826741e-05
"DC","Hot variable",50.7,0
"DC","Hot variable",50.8,0
"DC","Hot variable",50.9,0
"DC","Hot variable",51,0
"DC","Hot variable",51.1,0
"DC","Hot variable",51.2,0
"DC","Hot variable",51.3,0
"DC","Hot variable",51.4,0
"DC","Hot variable",51.5,0
"DC","Hot variable",51.6,0
"DC","Hot variable",51.7,0
"DC","Hot variable",51.8,0
"DC","Hot variable",51.9,0
"DC","Hot variable",52,0
"DC","Hot variable",52.1,0
"DC","Hot variable",52.2,0
"DC","Hot variable",52.3,0
"DC","Hot variable",52.4,0
"DC","Hot variable",52.5,0
"DC","Hot variable",52.6,0
"DC","Hot variable",52.7,0
"DC","Hot variable",52.8,0
"DC","Hot variable",52.9,0
"DC","Hot variable",53,0
"DC","Hot variable",53.1,0
"DC","Hot variable",53.2,0
"DC","Hot variable",53.3,0
"DC","Hot variable",53.4,0
"DC","Hot variable",53.5,0
"DC","Hot variable",53.6,0
"DC","Hot variable",53.7,0
"DC","Hot variable",53.8,0
"DC","Hot variable",53.9,0
"DC","Hot variable",54,0
"DC","Hot variable",54.1,0
"DC","Hot variable",54.2,0
"DC","Hot variable",54.3,0
"DC","Hot variable",54.4,0
"DC","Hot variable",54.5,0
"DC","Hot variable",54.6,0
"DC","Hot variable",54.7,0
"DC","Hot variable",54.8,0
"DC","Hot variable",54.9,0
"DC","Hot variable",55,0
"DC","Hot variable",55.1,0
"DC","Hot variable",55.2,0
"DC","Hot variable",55.3,0
"DC","Hot variable",55.4,0
"DC","Hot variable",55.5,0
"DC","Hot variable",55.6,0
"DC","Hot variable",55.7,0
"DC","Hot variable",55.8,0
"DC","Hot variable",55.9,0
"DC","Hot variable",56,0
"DC","Hot variable",56.1,0
"DC","Hot variable",56.2,0
"DC","Hot variable",56.3,0
"DC","Hot variable",56.4,0
"DC","Hot variable",56.5,0
"DC","Hot variable",56.6,0
"DC","Hot variable",56.7,0
"DC","Hot variable",56.8,0
"DC","Hot variable",56.9,0
"DC","Hot variable",57,0
"DC","Hot variable",57.1,0
"DC","Hot variable",57.2,0
"DC","Hot variable",57.3,0
"DC","Hot variable",57.4,0
"DC","Hot variable",57.5,0
"DC","Hot variable",57.6,0
"DC","Hot variable",57.7,0
"DC","Hot variable",57.8,0
"DC","Hot variable",57.9,0
"DC","Hot variable",58,0
"DC","Hot variable",58.1,0
"DC","Hot variable",58.2,0
"DC","Hot variable",58.3,0
"DC","Hot variable",58.4,0
"DC","Hot variable",58.5,0
"DC","Hot variable",58.6,0
"DC","Hot variable",58.7,0
"DC","Hot variable",58.8,0
"DC","Hot variable",58.9,0
"DC","Hot variable",59,0
"DC","Hot variable",59.1,0
"DC","Hot variable",59.2,0
"DC","Hot variable",59.3,0
"DC","Hot variable",59.4,0
"DC","Hot variable",59.5,0
"DC","Hot variable",59.6,0
"DC","Hot variable",59.7,0
"DC","Hot variable",59.8,0
"DC","Hot variable",59.9,0
"DC","Hot variable",60,0
"DC","Hot variable",60.1,0
"DC","Hot variable",60.2,0
"DC","Hot variable",60.3,0
"DC","Hot variable",60.4,0
"DC","Hot variable",60.5,0
"DC","Hot variable",60.6,0
"DC","Hot variable",60.7,0
"DC","Hot variable",60.8,0
"DC","Hot variable",60.9,0
"DC","Hot variable",61,0
"DC","Hot variable",61.1,0
"DC","Hot variable",61.2,0
"DC","Hot variable",61.3,0
"DC","Hot variable",61.4,0.000293466610180248
"DC","Hot variable",61.5,0.000779783089157318
"DC","Hot variable",61.6,0.001274839932562
"DC","Hot variable",61.7,0.00177862089039015
"DC","Hot variable",61.8,0.00229110971263787
"DC","Hot variable",61.9,0.00281229014930123
"DC","Hot variable",62,0.00334214595037611
"DC","Hot variable",62.1,0.00388066086585865
"DC","Hot variable",62.2,0.00442781864574472
"DC","Hot variable",62.3,0.00498360304003042
"DC","Hot variable",62.4,0.00554799779871182
"DC","Hot variable",62.5,0.00612098667178479
"EC","Hot variable",-5,0.0139987340399882
"EC","Hot variable",-4.9,0.0126591316098319
"EC","Hot variable",-4.8,0.0113434431831718
"EC","Hot variable",-4.7,0.0100515170463645
"EC","Hot variable",-4.6,0.00878320148576677
"EC","Hot variable",-4.5,0.00753834478773522
"EC","Hot variable",-4.4,0.00631679523862656
"EC","Hot variable",-4.3,0.00511840112479745
"EC","Hot variable",-4.2,0.0039430107326046
"EC","Hot variable",-4.1,0.00279047234840466
"EC","Hot variable",-4,0.00166063425855433
"EC","Hot variable",-3.9,0.000553344749410287
"EC","Hot variable",-3.8,0
"EC","Hot variable",-3.7,0
"EC","Hot variable",-3.6,0
"EC","Hot variable",-3.5,0
"EC","Hot variable",-3.4,0
"EC","Hot variable",-3.3,0
"EC","Hot variable",-3.2,0
"EC","Hot variable",-3.1,0
"EC","Hot variable",-3,0
"EC","Hot variable",-2.9,0
"EC","Hot variable",-2.8,0
"EC","Hot variable",-2.7,0
"EC","Hot variable",-2.6,0
"EC","Hot variable",-2.5,0
"EC","Hot variable",-2.4,0
"EC","Hot variable",-2.3,0
"EC","Hot variable",-2.2,0
"EC","Hot variable",-2.1,0
"EC","Hot variable",-2,0
"EC","Hot variable",-1.9,0
"EC","Hot variable",-1.8,0
"EC","Hot variable",-1.7,0
"EC","Hot variable",-1.6,0
"EC","Hot variable",-1.5,0
"EC","Hot variable",-1.4,0
"EC","Hot variable",-1.3,0
"EC","Hot variable",-1.2,0
"EC","Hot variable",-1.1,0
"EC","Hot variable",-1,0
"EC","Hot variable",-0.899999999999999,0
"EC","Hot variable",-0.8,0
"EC","Hot variable",-0.7,0
"EC","Hot variable",-0.6,0
"EC","Hot variable",-0.5,0
"EC","Hot variable",-0.399999999999999,0
"EC","Hot variable",-0.3,0
"EC","Hot variable",-0.199999999999999,0
"EC","Hot variable",-0.0999999999999996,0
"EC","Hot variable",0,0
"EC","Hot variable",0.100000000000001,0
"EC","Hot variable",0.2,0
"EC","Hot variable",0.300000000000001,0
"EC","Hot variable",0.4,0
"EC","Hot variable",0.5,0
"EC","Hot variable",0.600000000000001,0
"EC","Hot variable",0.7,0
"EC","Hot variable",0.800000000000001,0
"EC","Hot variable",0.9,0
"EC","Hot variable",1,0
"EC","Hot variable",1.1,0
"EC","Hot variable",1.2,0
"EC","Hot variable",1.3,0
"EC","Hot variable",1.4,0
"EC","Hot variable",1.5,0
"EC","Hot variable",1.6,0
"EC","Hot variable",1.7,0
"EC","Hot variable",1.8,0
"EC","Hot variable",1.9,0
"EC","Hot variable",2,0
"EC","Hot variable",2.1,0
"EC","Hot variable",2.2,0
"EC","Hot variable",2.3,0
"EC","Hot variable",2.4,0
"EC","Hot variable",2.5,0
"EC","Hot variable",2.6,0
"EC","Hot variable",2.7,0
"EC","Hot variable",2.8,0
"EC","Hot variable",2.9,0
"EC","Hot variable",3,0
"EC","Hot variable",3.1,0
"EC","Hot variable",3.2,0
"EC","Hot variable",3.3,0
"EC","Hot variable",3.4,0
"EC","Hot variable",3.5,0
"EC","Hot variable",3.6,0
"EC","Hot variable",3.7,0
"EC","Hot variable",3.8,0
"EC","Hot variable",3.9,0
"EC","Hot variable",4,0
"EC","Hot variable",4.1,0
"EC","Hot variable",4.2,0
"EC","Hot variable",4.3,0
"EC","Hot variable",4.4,0
"EC","Hot variable",4.5,0
"EC","Hot variable",4.6,0
"EC","Hot variable",4.7,0
"EC","Hot variable",4.8,0
"EC","Hot variable",4.9,0
"EC","Hot variable",5,0
"EC","Hot variable",5.1,0
"EC","Hot variable",5.2,0
"EC","Hot variable",5.3,0
"EC","Hot variable",5.4,0
"EC","Hot variable",5.5,0
"EC","Hot variable",5.6,0
"EC","Hot variable",5.7,0
"EC","Hot variable",5.8,0
"EC","Hot variable",5.9,0
"EC","Hot variable",6,0
"EC","Hot variable",6.1,0
"EC","Hot variable",6.2,0
"EC","Hot variable",6.3,0.0010532870402326
"EC","Hot variable",6.4,0.00226220199864926
"EC","Hot variable",6.5,0.00350862321348987
"EC","Hot variable",6.6,0.00479337826746001
"EC","Hot variable",6.7,0.0061172947432652
"EC","Hot variable",6.8,0.00748120022361101
"EC","Hot variable",6.9,0.00888592229120298
"EC","Hot variable",7,0.0103322885287467
"EC","Hot variable",7.1,0.0118211265189477
"EC","Hot variable",7.2,0.0133532638445115
"EC","Hot variable",7.3,0.0149295280881436
"EC","Hot variable",7.4,0.0165507468325497
"EC","Hot variable",7.5,0.0182177476604353
"EC","Hot variable",7.6,0.0199853327171118
"EC","Hot variable",7.7,0.0219037104685264
"EC","Hot variable",7.8,0.0239668179783388
"EC","Hot variable",7.9,0.0261685923102086
"EC","Hot variable",8,0.0285029705277954
"EC","Hot variable",8.1,0.0309638896947589
"EC","Hot variable",8.2,0.0335452868747586
"EC","Hot variable",8.3,0.0362410991314541
"EC","Hot variable",8.4,0.0390452635285051
"EC","Hot variable",8.5,0.0419517171295712
"EC","Hot variable",8.6,0.0449543969983121
"EC","Hot variable",8.7,0.0480472401983872
"EC","Hot variable",8.8,0.0512241837934562
"EC","Hot variable",8.9,0.0544791648471787
"EC","Hot variable",9,0.0578061204232144
"EC","Hot variable",9.1,0.0611989875852229
"EC","Hot variable",9.2,0.0646517033968637
"EC","Hot variable",9.3,0.0681582049217965
"EC","Hot variable",9.4,0.0717124292236809
"EC","Hot variable",9.5,0.0753083133661765
"EC","Hot variable",9.6,0.0789397944129429
"EC","Hot variable",9.7,0.0826008094276398
"EC","Hot variable",9.8,0.0862852954739266
"EC","Hot variable",9.9,0.0899871896154631
"EC","Hot variable",10,0.0937004289159089
"EC","Hot variable",10.1,0.0974189504389236
"EC","Hot variable",10.2,0.101136691248167
"EC","Hot variable",10.3,0.104847588407298
"EC","Hot variable",10.4,0.108545578979977
"EC","Hot variable",10.5,0.112224600029863
"EC","Hot variable",10.6,0.115878588620616
"EC","Hot variable",10.7,0.119501481815896
"EC","Hot variable",10.8,0.123087216679362
"EC","Hot variable",10.9,0.126629730274674
"EC","Hot variable",11,0.130122959665491
"EC","Hot variable",11.1,0.133560841915473
"EC","Hot variable",11.2,0.13693731408828
"EC","Hot variable",11.3,0.140246313247571
"EC","Hot variable",11.4,0.143481776457005
"EC","Hot variable",11.5,0.146637640780243
"EC","Hot variable",11.6,0.149707843280945
"EC","Hot variable",11.7,0.152686321022769
"EC","Hot variable",11.8,0.155567011069375
"EC","Hot variable",11.9,0.158343850484423
"EC","Hot variable",12,0.161010776331572
"EC","Hot variable",12.1,0.163561725674483
"EC","Hot variable",12.2,0.165990635576815
"EC","Hot variable",12.3,0.168291443102226
"EC","Hot variable",12.4,0.170458085314378
"EC","Hot variable",12.5,0.172484499276929
"EC","Hot variable",12.6,0.174477063084337
"EC","Hot variable",12.7,0.176543402497008
"EC","Hot variable",12.8,0.178679326077526
"EC","Hot variable",12.9,0.180880642388472
"EC","Hot variable",13,0.183143159992432
"EC","Hot variable",13.1,0.185462687451987
"EC","Hot variable",13.2,0.187835033329721
"EC","Hot variable",13.3,0.190256006188218
"EC","Hot variable",13.4,0.19272141459006
"EC","Hot variable",13.5,0.195227067097831
"EC","Hot variable",13.6,0.197768772274114
"EC","Hot variable",13.7,0.200342338681493
"EC","Hot variable",13.8,0.202943574882549
"EC","Hot variable",13.9,0.205568289439867
"EC","Hot variable",14,0.208212290916031
"EC","Hot variable",14.1,0.210871387873622
"EC","Hot variable",14.2,0.213541388875224
"EC","Hot variable",14.3,0.216218102483421
"EC","Hot variable",14.4,0.218897337260796
"EC","Hot variable",14.5,0.221574901769932
"EC","Hot variable",14.6,0.224246604573412
"EC","Hot variable",14.7,0.226908254233819
"EC","Hot variable",14.8,0.229555659313737
"EC","Hot variable",14.9,0.232184628375749
"EC","Hot variable",15,0.234790969982438
"EC","Hot variable",15.1,0.237370492696387
"EC","Hot variable",15.2,0.23991900508018
"EC","Hot variable",15.3,0.242432315696399
"EC","Hot variable",15.4,0.244906233107629
"EC","Hot variable",15.5,0.247336565876451
"EC","Hot variable",15.6,0.24971912256545
"EC","Hot variable",15.7,0.252049711737209
"EC","Hot variable",15.8,0.25432414195431
"EC","Hot variable",15.9,0.256538221779338
"EC","Hot variable",16,0.258687759774874
"EC","Hot variable",16.1,0.260768564503503
"EC","Hot variable",16.2,0.262776444527808
"EC","Hot variable",16.3,0.264707208410372
"EC","Hot variable",16.4,0.266556664713778
"EC","Hot variable",16.5,0.268320622000609
"EC","Hot variable",16.6,0.269994888833449
"EC","Hot variable",16.7,0.271575273774881
"EC","Hot variable",16.8,0.273057585387487
"EC","Hot variable",16.9,0.274437632233852
"EC","Hot variable",17,0.275711222876559
"EC","Hot variable",17.1,0.27687416587819
"EC","Hot variable",17.2,0.277922269801329
"EC","Hot variable",17.3,0.278851343208559
"EC","Hot variable",17.4,0.279657194662464
"EC","Hot variable",17.5,0.280335632725626
"EC","Hot variable",17.6,0.280879685389026
"EC","Hot variable",17.7,0.28128819453305
"EC","Hot variable",17.8,0.281565689554392
"EC","Hot variable",17.9,0.281716699849743
"EC","Hot variable",18,0.281745754815796
"EC","Hot variable",18.1,0.281657383849244
"EC","Hot variable",18.2,0.281456116346778
"EC","Hot variable",18.3,0.281146481705092
"EC","Hot variable",18.4,0.280733009320878
"EC","Hot variable",18.5,0.280220228590829
"EC","Hot variable",18.6,0.279612668911636
"EC","Hot variable",18.7,0.278914859679992
"EC","Hot variable",18.8,0.278131330292591
"EC","Hot variable",18.9,0.277266610146123
"EC","Hot variable",19,0.276325228637283
"EC","Hot variable",19.1,0.275311715162762
"EC","Hot variable",19.2,0.274230599119252
"EC","Hot variable",19.3,0.273086409903447
"EC","Hot variable",19.4,0.271883676912039
"EC","Hot variable",19.5,0.27062692954172
"EC","Hot variable",19.6,0.269320697189182
"EC","Hot variable",19.7,0.267969509251119
"EC","Hot variable",19.8,0.266577895124222
"EC","Hot variable",19.9,0.265150384205185
"EC","Hot variable",20,0.263691505890699
"EC","Hot variable",20.1,0.262205789577457
"EC","Hot variable",20.2,0.260697764662152
"EC","Hot variable",20.3,0.259171960541476
"EC","Hot variable",20.4,0.257632906612122
"EC","Hot variable",20.5,0.256085132270781
"EC","Hot variable",20.6,0.254533166914147
"EC","Hot variable",20.7,0.252981539938912
"EC","Hot variable",20.8,0.251434780741769
"EC","Hot variable",20.9,0.24989741871941
"EC","Hot variable",21,0.248373983268527
"EC","Hot variable",21.1,0.246869003785812
"EC","Hot variable",21.2,0.24538700966796
"EC","Hot variable",21.3,0.243932530311661
"EC","Hot variable",21.4,0.242510095113609
"EC","Hot variable",21.5,0.241124233470495
"EC","Hot variable",21.6,0.239779474779013
"EC","Hot variable",21.7,0.238480348435855
"EC","Hot variable",21.8,0.237231383837713
"EC","Hot variable",21.9,0.236037110381279
"EC","Hot variable",22,0.234902057463247
"EC","Hot variable",22.1,0.233830754480309
"EC","Hot variable",22.2,0.232827730829157
"EC","Hot variable",22.3,0.231897515906484
"EC","Hot variable",22.4,0.231044639108981
"EC","Hot variable",22.5,0.230273629833343
"EC","Hot variable",22.6,0.229513961309138
"EC","Hot variable",22.7,0.228693548060987
"EC","Hot variable",22.8,0.227814581428156
"EC","Hot variable",22.9,0.226879252749913
"EC","Hot variable",23,0.225889753365525
"EC","Hot variable",23.1,0.22484827461426
"EC","Hot variable",23.2,0.223757007835384
"EC","Hot variable",23.3,0.222618144368164
"EC","Hot variable",23.4,0.221433875551868
"EC","Hot variable",23.5,0.220206392725764
"EC","Hot variable",23.6,0.218937887229117
"EC","Hot variable",23.7,0.217630550401196
"EC","Hot variable",23.8,0.216286573581267
"EC","Hot variable",23.9,0.214908148108599
"EC","Hot variable",24,0.213497465322457
"EC","Hot variable",24.1,0.21205671656211
"EC","Hot variable",24.2,0.210588093166824
"EC","Hot variable",24.3,0.209093786475866
"EC","Hot variable",24.4,0.207575987828505
"EC","Hot variable",24.5,0.206036888564006
"EC","Hot variable",24.6,0.204478680021637
"EC","Hot variable",24.7,0.202903553540666
"EC","Hot variable",24.8,0.20131370046036
"EC","Hot variable",24.9,0.199711312119985
"EC","Hot variable",25,0.19809857985881
"EC","Hot variable",25.1,0.1964776950161
"EC","Hot variable",25.2,0.194850848931124
"EC","Hot variable",25.3,0.193220232943149
"EC","Hot variable",25.4,0.191588038391441
"EC","Hot variable",25.5,0.189956456615268
"EC","Hot variable",25.6,0.188327678953898
"EC","Hot variable",25.7,0.186703896746596
"EC","Hot variable",25.8,0.185087301332632
"EC","Hot variable",25.9,0.183480084051271
"EC","Hot variable",26,0.181884436241781
"EC","Hot variable",26.1,0.180302549243429
"EC","Hot variable",26.2,0.178736614395483
"EC","Hot variable",26.3,0.177188823037209
"EC","Hot variable",26.4,0.175661366507875
"EC","Hot variable",26.5,0.174156436146748
"EC","Hot variable",26.6,0.172676223293095
"EC","Hot variable",26.7,0.171222919286183
"EC","Hot variable",26.8,0.16979871546528
"EC","Hot variable",26.9,0.168405803169653
"EC","Hot variable",27,0.167046373738569
"EC","Hot variable",27.1,0.165722618511295
"EC","Hot variable",27.2,0.164436728827098
"EC","Hot variable",27.3,0.163190896025245
"EC","Hot variable",27.4,0.161987311445005
"EC","Hot variable",27.5,0.160828166425643
"EC","Hot variable",27.6,0.159715111157814
"EC","Hot variable",27.7,0.158647085186967
"EC","Hot variable",27.8,0.157622213884562
"EC","Hot variable",27.9,0.15663862262206
"EC","Hot variable",28,0.155694436770921
"EC","Hot variable",28.1,0.154787781702606
"EC","Hot variable",28.2,0.153916782788574
"EC","Hot variable",28.3,0.153079565400287
"EC","Hot variable",28.4,0.152274254909205
"EC","Hot variable",28.5,0.151498976686789
"EC","Hot variable",28.6,0.150751856104498
"EC","Hot variable",28.7,0.150031018533793
"EC","Hot variable",28.8,0.149334589346135
"EC","Hot variable",28.9,0.148660693912984
"EC","Hot variable",29,0.148007457605801
"EC","Hot variable",29.1,0.147373005796045
"EC","Hot variable",29.2,0.146755463855179
"EC","Hot variable",29.3,0.14615295715466
"EC","Hot variable",29.4,0.145563611065952
"EC","Hot variable",29.5,0.144985550960512
"EC","Hot variable",29.6,0.144416902209803
"EC","Hot variable",29.7,0.143855790185285
"EC","Hot variable",29.8,0.143300340258418
"EC","Hot variable",29.9,0.142748677800662
"EC","Hot variable",30,0.142198928183478
"EC","Hot variable",30.1,0.141649216778326
"EC","Hot variable",30.2,0.141097668956667
"EC","Hot variable",30.3,0.140542410089962
"EC","Hot variable",30.4,0.13998156554967
"EC","Hot variable",30.5,0.139413260707252
"EC","Hot variable",30.6,0.138835620934169
"EC","Hot variable",30.7,0.13824677160188
"EC","Hot variable",30.8,0.137644838081847
"EC","Hot variable",30.9,0.13702794574553
"EC","Hot variable",31,0.13639421996439
"EC","Hot variable",31.1,0.135741786109886
"EC","Hot variable",31.2,0.135068769553479
"EC","Hot variable",31.3,0.134373295666629
"EC","Hot variable",31.4,0.133653489820798
"EC","Hot variable",31.5,0.132907477387445
"EC","Hot variable",31.6,0.132133383738031
"EC","Hot variable",31.7,0.131329334244017
"EC","Hot variable",31.8,0.130493454276862
"EC","Hot variable",31.9,0.129623869208028
"EC","Hot variable",32,0.128718704408974
"EC","Hot variable",32.1,0.127776085251161
"EC","Hot variable",32.2,0.12679413710605
"EC","Hot variable",32.3,0.1257709853451
"EC","Hot variable",32.4,0.124704755339774
"EC","Hot variable",32.5,0.12359357246153
"EC","Hot variable",32.6,0.122428376689884
"EC","Hot variable",32.7,0.121203035860655
"EC","Hot variable",32.8,0.119920067129763
"EC","Hot variable",32.9,0.118581987653124
"EC","Hot variable",33,0.117191314586655
"EC","Hot variable",33.1,0.115750565086274
"EC","Hot variable",33.2,0.114262256307899
"EC","Hot variable",33.3,0.112728905407448
"EC","Hot variable",33.4,0.111153029540838
"EC","Hot variable",33.5,0.109537145863986
"EC","Hot variable",33.6,0.10788377153281
"EC","Hot variable",33.7,0.106195423703228
"EC","Hot variable",33.8,0.104474619531157
"EC","Hot variable",33.9,0.102723876172515
"EC","Hot variable",34,0.10094571078322
"EC","Hot variable",34.1,0.0991426405191879
"EC","Hot variable",34.2,0.0973171825363378
"EC","Hot variable",34.3,0.0954718539905868
"EC","Hot variable",34.4,0.0936091720378525
"EC","Hot variable",34.5,0.0917316538340525
"EC","Hot variable",34.6,0.0898418165351043
"EC","Hot variable",34.7,0.0879421772969255
"EC","Hot variable",34.8,0.0860352532754337
"EC","Hot variable",34.9,0.0841235616265464
"EC","Hot variable",35,0.0822096195061814
"EC","Hot variable",35.1,0.080295944070256
"EC","Hot variable",35.2,0.0783850524746879
"EC","Hot variable",35.3,0.0764794618753946
"EC","Hot variable",35.4,0.0745816894282937
"EC","Hot variable",35.5,0.072694252289303
"EC","Hot variable",35.6,0.0708196676143397
"EC","Hot variable",35.7,0.0689604525593215
"EC","Hot variable",35.8,0.0671191242801661
"EC","Hot variable",35.9,0.0652981999327909
"EC","Hot variable",36,0.0635001966731138
"EC","Hot variable",36.1,0.0617276316570519
"EC","Hot variable",36.2,0.0599830220405231
"EC","Hot variable",36.3,0.0582688849794449
"EC","Hot variable",36.4,0.0565877376297348
"EC","Hot variable",36.5,0.0549420971473106
"EC","Hot variable",36.6,0.0533344806880896
"EC","Hot variable",36.7,0.0517674054079894
"EC","Hot variable",36.8,0.0502433884629277
"EC","Hot variable",36.9,0.0487649470088221
"EC","Hot variable",37,0.0473345982015901
"EC","Hot variable",37.1,0.0459548591971492
"EC","Hot variable",37.2,0.044628247151417
"EC","Hot variable",37.3,0.0433572792203112
"EC","Hot variable",37.4,0.0421444725597493
"EC","Hot variable",37.5,0.0409923443256489
"EC","Hot variable",37.6,0.0398618359392467
"EC","Hot variable",37.7,0.0387130532553066
"EC","Hot variable",37.8,0.0375472600800364
"EC","Hot variable",37.9,0.0363657202196441
"EC","Hot variable",38,0.0351696974803378
"EC","Hot variable",38.1,0.0339604556683252
"EC","Hot variable",38.2,0.0327392585898144
"EC","Hot variable",38.3,0.0315073700510133
"EC","Hot variable",38.4,0.03026605385813
"EC","Hot variable",38.5,0.0290165738173724
"EC","Hot variable",38.6,0.0277601937349483
"EC","Hot variable",38.7,0.0264981774170658
"EC","Hot variable",38.8,0.0252317886699327
"EC","Hot variable",38.9,0.0239622912997572
"EC","Hot variable",39,0.0226909491127472
"EC","Hot variable",39.1,0.0214190259151105
"EC","Hot variable",39.2,0.0201477855130552
"EC","Hot variable",39.3,0.0188784917127891
"EC","Hot variable",39.4,0.0176124083205203
"EC","Hot variable",39.5,0.0163507991424568
"EC","Hot variable",39.6,0.0150949279848064
"EC","Hot variable",39.7,0.0138460586537771
"EC","Hot variable",39.8,0.0126054549555769
"EC","Hot variable",39.9,0.0113743806964137
"EC","Hot variable",40,0.0101540996824956
"EC","Hot variable",40.1,0.00894587572003031
"EC","Hot variable",40.2,0.00775097261522596
"EC","Hot variable",40.3,0.00657065417429047
"EC","Hot variable",40.4,0.00540618420343179
"EC","Hot variable",40.5,0.00425882650885797
"EC","Hot variable",40.6,0.00312984489677678
"EC","Hot variable",40.7,0.00202050317339628
"EC","Hot variable",40.8,0.000932065144924414
"EC","Hot variable",40.9,0
"EC","Hot variable",41,0
"EC","Hot variable",41.1,0
"EC","Hot variable",41.2,0
"EC","Hot variable",41.3,0
"EC","Hot variable",41.4,0
"EC","Hot variable",41.5,0
"EC","Hot variable",41.6,0
"EC","Hot variable",41.7,0
"EC","Hot variable",41.8,0
"EC","Hot variable",41.9,0
"EC","Hot variable",42,0
"EC","Hot variable",42.1,0
"EC","Hot variable",42.2,0
"EC","Hot variable",42.3,0
"EC","Hot variable",42.4,0
"EC","Hot variable",42.5,0
"EC","Hot variable",42.6,0
"EC","Hot variable",42.7,0
"EC","Hot variable",42.8,0
"EC","Hot variable",42.9,0
"EC","Hot variable",43,0
"EC","Hot variable",43.1,0
"EC","Hot variable",43.2,0
"EC","Hot variable",43.3,0
"EC","Hot variable",43.4,0
"EC","Hot variable",43.5,0
"EC","Hot variable",43.6,0
"EC","Hot variable",43.7,0
"EC","Hot variable",43.8,0
"EC","Hot variable",43.9,0
"EC","Hot variable",44,0
"EC","Hot variable",44.1,0
"EC","Hot variable",44.2,0
"EC","Hot variable",44.3,0
"EC","Hot variable",44.4,0
"EC","Hot variable",44.5,0
"EC","Hot variable",44.6,0
"EC","Hot variable",44.7,0
"EC","Hot variable",44.8,0
"EC","Hot variable",44.9,0
"EC","Hot variable",45,0
"EC","Hot variable",45.1,0
"EC","Hot variable",45.2,0
"EC","Hot variable",45.3,0
"EC","Hot variable",45.4,0
"EC","Hot variable",45.5,0
"EC","Hot variable",45.6,0
"EC","Hot variable",45.7,0
"EC","Hot variable",45.8,0
"EC","Hot variable",45.9,0
"EC","Hot variable",46,0
"EC","Hot variable",46.1,0
"EC","Hot variable",46.2,0
"EC","Hot variable",46.3,0
"EC","Hot variable",46.4,0
"EC","Hot variable",46.5,0
"EC","Hot variable",46.6,0
"EC","Hot variable",46.7,0
"EC","Hot variable",46.8,0
"EC","Hot variable",46.9,0
"EC","Hot variable",47,0
"EC","Hot variable",47.1,0
"EC","Hot variable",47.2,0
"EC","Hot variable",47.3,0
"EC","Hot variable",47.4,0
"EC","Hot variable",47.5,0
"EC","Hot variable",47.6,0
"EC","Hot variable",47.7,0
"EC","Hot variable",47.8,0
"EC","Hot variable",47.9,0
"EC","Hot variable",48,0
"EC","Hot variable",48.1,0
"EC","Hot variable",48.2,0
"EC","Hot variable",48.3,0
"EC","Hot variable",48.4,0
"EC","Hot variable",48.5,0
"EC","Hot variable",48.6,0
"EC","Hot variable",48.7,0
"EC","Hot variable",48.8,0
"EC","Hot variable",48.9,0
"EC","Hot variable",49,0
"EC","Hot variable",49.1,0
"EC","Hot variable",49.2,0
"EC","Hot variable",49.3,0
"EC","Hot variable",49.4,0
"EC","Hot variable",49.5,0
"EC","Hot variable",49.6,0
"EC","Hot variable",49.7,0
"EC","Hot variable",49.8,0
"EC","Hot variable",49.9,0
"EC","Hot variable",50,0
"EC","Hot variable",50.1,0
"EC","Hot variable",50.2,0
"EC","Hot variable",50.3,0
"EC","Hot variable",50.4,0
"EC","Hot variable",50.5,0
"EC","Hot variable",50.6,0
"EC","Hot variable",50.7,0
"EC","Hot variable",50.8,0
"EC","Hot variable",50.9,0
"EC","Hot variable",51,0
"EC","Hot variable",51.1,0
"EC","Hot variable",51.2,0
"EC","Hot variable",51.3,0
"EC","Hot variable",51.4,0
"EC","Hot variable",51.5,0
"EC","Hot variable",51.6,0
"EC","Hot variable",51.7,0
"EC","Hot variable",51.8,0
"EC","Hot variable",51.9,0
"EC","Hot variable",52,0
"EC","Hot variable",52.1,0
"EC","Hot variable",52.2,0
"EC","Hot variable",52.3,0
"EC","Hot variable",52.4,0
"EC","Hot variable",52.5,0
"EC","Hot variable",52.6,0
"EC","Hot variable",52.7,0
"EC","Hot variable",52.8,0
"EC","Hot variable",52.9,0
"EC","Hot variable",53,0
"EC","Hot variable",53.1,0
"EC","Hot variable",53.2,0
"EC","Hot variable",53.3,0
"EC","Hot variable",53.4,0
"EC","Hot variable",53.5,0
"EC","Hot variable",53.6,0
"EC","Hot variable",53.7,0
"EC","Hot variable",53.8,0
"EC","Hot variable",53.9,0
"EC","Hot variable",54,0
"EC","Hot variable",54.1,0
"EC","Hot variable",54.2,0
"EC","Hot variable",54.3,0
"EC","Hot variable",54.4,0
"EC","Hot variable",54.5,0
"EC","Hot variable",54.6,0
"EC","Hot variable",54.7,0
"EC","Hot variable",54.8,0
"EC","Hot variable",54.9,0
"EC","Hot variable",55,0
"EC","Hot variable",55.1,0
"EC","Hot variable",55.2,0
"EC","Hot variable",55.3,0
"EC","Hot variable",55.4,0
"EC","Hot variable",55.5,0
"EC","Hot variable",55.6,0
"EC","Hot variable",55.7,0
"EC","Hot variable",55.8,0
"EC","Hot variable",55.9,0
"EC","Hot variable",56,0
"EC","Hot variable",56.1,0
"EC","Hot variable",56.2,0
"EC","Hot variable",56.3,0
"EC","Hot variable",56.4,0
"EC","Hot variable",56.5,0
"EC","Hot variable",56.6,0
"EC","Hot variable",56.7,0
"EC","Hot variable",56.8,0
"EC","Hot variable",56.9,0
"EC","Hot variable",57,0
"EC","Hot variable",57.1,0
"EC","Hot variable",57.2,0
"EC","Hot variable",57.3,0
"EC","Hot variable",57.4,0
"EC","Hot variable",57.5,0
"EC","Hot variable",57.6,0
"EC","Hot variable",57.7,0
"EC","Hot variable",57.8,0
"EC","Hot variable",57.9,0
"EC","Hot variable",58,0
"EC","Hot variable",58.1,0
"EC","Hot variable",58.2,0
"EC","Hot variable",58.3,0
"EC","Hot variable",58.4,0
"EC","Hot variable",58.5,0
"EC","Hot variable",58.6,0
"EC","Hot variable",58.7,0
"EC","Hot variable",58.8,0
"EC","Hot variable",58.9,0
"EC","Hot variable",59,0
"EC","Hot variable",59.1,0
"EC","Hot variable",59.2,0
"EC","Hot variable",59.3,0
"EC","Hot variable",59.4,0
"EC","Hot variable",59.5,0
"EC","Hot variable",59.6,0
"EC","Hot variable",59.7,0
"EC","Hot variable",59.8,0
"EC","Hot variable",59.9,0
"EC","Hot variable",60,0
"EC","Hot variable",60.1,0
"EC","Hot variable",60.2,0
"EC","Hot variable",60.3,0
"EC","Hot variable",60.4,0
"EC","Hot variable",60.5,0
"EC","Hot variable",60.6,0
"EC","Hot variable",60.7,0
"EC","Hot variable",60.8,0
"EC","Hot variable",60.9,0
"EC","Hot variable",61,0
"EC","Hot variable",61.1,0
"EC","Hot variable",61.2,0
"EC","Hot variable",61.3,0
"EC","Hot variable",61.4,0
"EC","Hot variable",61.5,0
"EC","Hot variable",61.6,0
"EC","Hot variable",61.7,0
"EC","Hot variable",61.8,0
"EC","Hot variable",61.9,0
"EC","Hot variable",62,0
"EC","Hot variable",62.1,0
"EC","Hot variable",62.2,0
"EC","Hot variable",62.3,0
"EC","Hot variable",62.4,0
"EC","Hot variable",62.5,0
"J","Hot stable",-5,0.000552957423397164
"J","Hot stable",-4.9,0
"J","Hot stable",-4.8,0
"J","Hot stable",-4.7,0
"J","Hot stable",-4.6,0
"J","Hot stable",-4.5,0
"J","Hot stable",-4.4,0
"J","Hot stable",-4.3,0
"J","Hot stable",-4.2,0
"J","Hot stable",-4.1,0
"J","Hot stable",-4,0
"J","Hot stable",-3.9,0
"J","Hot stable",-3.8,0
"J","Hot stable",-3.7,0
"J","Hot stable",-3.6,0
"J","Hot stable",-3.5,0
"J","Hot stable",-3.4,0
"J","Hot stable",-3.3,0
"J","Hot stable",-3.2,0
"J","Hot stable",-3.1,0
"J","Hot stable",-3,0
"J","Hot stable",-2.9,0
"J","Hot stable",-2.8,0
"J","Hot stable",-2.7,0
"J","Hot stable",-2.6,0
"J","Hot stable",-2.5,0
"J","Hot stable",-2.4,0
"J","Hot stable",-2.3,0
"J","Hot stable",-2.2,0
"J","Hot stable",-2.1,0
"J","Hot stable",-2,0
"J","Hot stable",-1.9,0
"J","Hot stable",-1.8,0
"J","Hot stable",-1.7,0
"J","Hot stable",-1.6,0
"J","Hot stable",-1.5,0
"J","Hot stable",-1.4,0
"J","Hot stable",-1.3,0
"J","Hot stable",-1.2,0
"J","Hot stable",-1.1,0
"J","Hot stable",-1,0
"J","Hot stable",-0.899999999999999,0
"J","Hot stable",-0.8,0
"J","Hot stable",-0.7,0
"J","Hot stable",-0.6,0
"J","Hot stable",-0.5,0
"J","Hot stable",-0.399999999999999,0
"J","Hot stable",-0.3,0
"J","Hot stable",-0.199999999999999,0
"J","Hot stable",-0.0999999999999996,0
"J","Hot stable",0,0
"J","Hot stable",0.100000000000001,0
"J","Hot stable",0.2,0
"J","Hot stable",0.300000000000001,0
"J","Hot stable",0.4,0.000275739561904159
"J","Hot stable",0.5,0.0011978694351916
"J","Hot stable",0.600000000000001,0.00214377893863295
"J","Hot stable",0.7,0.00311271821470722
"J","Hot stable",0.800000000000001,0.00410393740589342
"J","Hot stable",0.9,0.00511668665467054
"J","Hot stable",1,0.00615021610351762
"J","Hot stable",1.1,0.00720377589491365
"J","Hot stable",1.2,0.00827661617133764
"J","Hot stable",1.3,0.00936798707526861
"J","Hot stable",1.4,0.0104771387491855
"J","Hot stable",1.5,0.0116033213355675
"J","Hot stable",1.6,0.0127457849768934
"J","Hot stable",1.7,0.0139037798156423
"J","Hot stable",1.8,0.0150765559942933
"J","Hot stable",1.9,0.0162633636553253
"J","Hot stable",2,0.0174634529412172
"J","Hot stable",2.1,0.0186760739944483
"J","Hot stable",2.2,0.0199004769574974
"J","Hot stable",2.3,0.0211359119728435
"J","Hot stable",2.4,0.0223816291829657
"J","Hot stable",2.5,0.023636878730343
"J","Hot stable",2.6,0.0249367881238964
"J","Hot stable",2.7,0.026315349146519
"J","Hot stable",2.8,0.0277701083516476
"J","Hot stable",2.9,0.0292986122927193
"J","Hot stable",3,0.030898407523171
"J","Hot stable",3.1,0.0325670405964397
"J","Hot stable",3.2,0.0343020580659622
"J","Hot stable",3.3,0.0361010064851757
"J","Hot stable",3.4,0.0379614324075169
"J","Hot stable",3.5,0.0398808823864229
"J","Hot stable",3.6,0.0418569029753307
"J","Hot stable",3.7,0.0438870407276771
"J","Hot stable",3.8,0.0459688421968992
"J","Hot stable",3.9,0.0480998539364338
"J","Hot stable",4,0.0502776224997181
"J","Hot stable",4.1,0.0524996944401888
"J","Hot stable",4.2,0.054763616311283
"J","Hot stable",4.3,0.0570669346664376
"J","Hot stable",4.4,0.0594071960590895
"J","Hot stable",4.5,0.0617819470426758
"J","Hot stable",4.6,0.0641887341706334
"J","Hot stable",4.7,0.0666251039963992
"J","Hot stable",4.8,0.0690886030734101
"J","Hot stable",4.9,0.0715767779551033
"J","Hot stable",5,0.0740871751949155
"J","Hot stable",5.1,0.0766173413462838
"J","Hot stable",5.2,0.079164822962645
"J","Hot stable",5.3,0.0817271665974363
"J","Hot stable",5.4,0.0843019188040944
"J","Hot stable",5.5,0.0868866261360564
"J","Hot stable",5.6,0.0894788351467593
"J","Hot stable",5.7,0.0920760923896399
"J","Hot stable",5.8,0.0946759444181353
"J","Hot stable",5.9,0.0972759377856823
"J","Hot stable",6,0.099873619045718
"J","Hot stable",6.1,0.102466534751679
"J","Hot stable",6.2,0.105052231457003
"J","Hot stable",6.3,0.107628255715126
"J","Hot stable",6.4,0.110192154079486
"J","Hot stable",6.5,0.11274147310352
"J","Hot stable",6.6,0.115273759340663
"J","Hot stable",6.7,0.117786559344354
"J","Hot stable",6.8,0.120277419668029
"J","Hot stable",6.9,0.122743886865126
"J","Hot stable",7,0.12518350748908
"J","Hot stable",7.1,0.12759382809333
"J","Hot stable",7.2,0.129972395231312
"J","Hot stable",7.3,0.132316755456463
"J","Hot stable",7.4,0.13462445532222
"J","Hot stable",7.5,0.13689304138202
"J","Hot stable",7.6,0.139227258932869
"J","Hot stable",7.7,0.141728172562507
"J","Hot stable",7.8,0.144387807760467
"J","Hot stable",7.9,0.147198190016284
"J","Hot stable",8,0.150151344819491
"J","Hot stable",8.1,0.153239297659623
"J","Hot stable",8.2,0.156454074026215
"J","Hot stable",8.3,0.1597876994088
"J","Hot stable",8.4,0.163232199296913
"J","Hot stable",8.5,0.166779599180088
"J","Hot stable",8.6,0.17042192454786
"J","Hot stable",8.7,0.174151200889762
"J","Hot stable",8.8,0.177959453695329
"J","Hot stable",8.9,0.181838708454096
"J","Hot stable",9,0.185780990655595
"J","Hot stable",9.1,0.189778325789362
"J","Hot stable",9.2,0.193822739344932
"J","Hot stable",9.3,0.197906256811837
"J","Hot stable",9.4,0.202020903679613
"J","Hot stable",9.5,0.206158705437794
"J","Hot stable",9.6,0.210311687575913
"J","Hot stable",9.7,0.214471875583506
"J","Hot stable",9.8,0.218631294950106
"J","Hot stable",9.9,0.222781971165248
"J","Hot stable",10,0.226915929718466
"J","Hot stable",10.1,0.231025196099294
"J","Hot stable",10.2,0.235101795797267
"J","Hot stable",10.3,0.239137754301919
"J","Hot stable",10.4,0.243125097102783
"J","Hot stable",10.5,0.247055849689395
"J","Hot stable",10.6,0.250922037551289
"J","Hot stable",10.7,0.254715686177998
"J","Hot stable",10.8,0.258428821059058
"J","Hot stable",10.9,0.262053467684002
"J","Hot stable",11,0.265581651542364
"J","Hot stable",11.1,0.269005398123679
"J","Hot stable",11.2,0.272316732917482
"J","Hot stable",11.3,0.275507681413306
"J","Hot stable",11.4,0.278570269100685
"J","Hot stable",11.5,0.281496521469154
"J","Hot stable",11.6,0.284278464008248
"J","Hot stable",11.7,0.2869081222075
"J","Hot stable",11.8,0.289377521556445
"J","Hot stable",11.9,0.291678687544616
"J","Hot stable",12,0.293803645661549
"J","Hot stable",12.1,0.295744421396778
"J","Hot stable",12.2,0.297493040239835
"J","Hot stable",12.3,0.299041527680258
"J","Hot stable",12.4,0.300381909207578
"J","Hot stable",12.5,0.301506210311331
"J","Hot stable",12.6,0.302452610897605
"J","Hot stable",12.7,0.303267273903542
"J","Hot stable",12.8,0.303954199365255
"J","Hot stable",12.9,0.304517387318861
"J","Hot stable",13,0.304960837800471
"J","Hot stable",13.1,0.305288550846202
"J","Hot stable",13.2,0.305504526492166
"J","Hot stable",13.3,0.305612764774479
"J","Hot stable",13.4,0.305617265729254
"J","Hot stable",13.5,0.305522029392606
"J","Hot stable",13.6,0.305331055800648
"J","Hot stable",13.7,0.305048344989496
"J","Hot stable",13.8,0.304677896995263
"J","Hot stable",13.9,0.304223711854063
"J","Hot stable",14,0.303689789602011
"J","Hot stable",14.1,0.303080130275221
"J","Hot stable",14.2,0.302398733909807
"J","Hot stable",14.3,0.301649600541883
"J","Hot stable",14.4,0.300836730207564
"J","Hot stable",14.5,0.299964122942964
"J","Hot stable",14.6,0.299035778784196
"J","Hot stable",14.7,0.298055697767376
"J","Hot stable",14.8,0.297027879928617
"J","Hot stable",14.9,0.295956325304034
"J","Hot stable",15,0.294845033929741
"J","Hot stable",15.1,0.293698005841852
"J","Hot stable",15.2,0.292519241076481
"J","Hot stable",15.3,0.291312739669742
"J","Hot stable",15.4,0.29008250165775
"J","Hot stable",15.5,0.288832527076619
"J","Hot stable",15.6,0.287566815962463
"J","Hot stable",15.7,0.286289368351397
"J","Hot stable",15.8,0.285004184279534
"J","Hot stable",15.9,0.283715263782989
"J","Hot stable",16,0.282426606897876
"J","Hot stable",16.1,0.281142213660309
"J","Hot stable",16.2,0.279866084106402
"J","Hot stable",16.3,0.27860221827227
"J","Hot stable",16.4,0.277354616194027
"J","Hot stable",16.5,0.276127277907787
"J","Hot stable",16.6,0.274924203449664
"J","Hot stable",16.7,0.273749392855773
"J","Hot stable",16.8,0.272606846162227
"J","Hot stable",16.9,0.271500563405141
"J","Hot stable",17,0.27043454462063
"J","Hot stable",17.1,0.269412789844807
"J","Hot stable",17.2,0.268439299113786
"J","Hot stable",17.3,0.267518072463682
"J","Hot stable",17.4,0.266653109930609
"J","Hot stable",17.5,0.265848411550682
"J","Hot stable",17.6,0.265003016106209
"J","Hot stable",17.7,0.264016858058381
"J","Hot stable",17.8,0.262895280961629
"J","Hot stable",17.9,0.261643628370387
"J","Hot stable",18,0.260267243839086
"J","Hot stable",18.1,0.25877147092216
"J","Hot stable",18.2,0.257161653174041
"J","Hot stable",18.3,0.255443134149161
"J","Hot stable",18.4,0.253621257401953
"J","Hot stable",18.5,0.251701366486849
"J","Hot stable",18.6,0.249688804958283
"J","Hot stable",18.7,0.247588916370686
"J","Hot stable",18.8,0.245407044278492
"J","Hot stable",18.9,0.243148532236132
"J","Hot stable",19,0.240818723798039
"J","Hot stable",19.1,0.238422962518646
"J","Hot stable",19.2,0.235966591952386
"J","Hot stable",19.3,0.23345495565369
"J","Hot stable",19.4,0.230893397176992
"J","Hot stable",19.5,0.228287260076723
"J","Hot stable",19.6,0.225641887907317
"J","Hot stable",19.7,0.222962624223207
"J","Hot stable",19.8,0.220254812578823
"J","Hot stable",19.9,0.2175237965286
"J","Hot stable",20,0.21477491962697
"J","Hot stable",20.1,0.212013525428365
"J","Hot stable",20.2,0.209244957487217
"J","Hot stable",20.3,0.20647455935796
"J","Hot stable",20.4,0.203707674595026
"J","Hot stable",20.5,0.200949646752847
"J","Hot stable",20.6,0.198205819385857
"J","Hot stable",20.7,0.195481536048486
"J","Hot stable",20.8,0.192782140295169
"J","Hot stable",20.9,0.190112975680337
"J","Hot stable",21,0.187479385758423
"J","Hot stable",21.1,0.184886714083861
"J","Hot stable",21.2,0.182340304211081
"J","Hot stable",21.3,0.179845499694517
"J","Hot stable",21.4,0.177407644088601
"J","Hot stable",21.5,0.175032080947766
"J","Hot stable",21.6,0.172724153826445
"J","Hot stable",21.7,0.170489206279069
"J","Hot stable",21.8,0.168332581860072
"J","Hot stable",21.9,0.166259624123886
"J","Hot stable",22,0.164275676624944
"J","Hot stable",22.1,0.162386082917677
"J","Hot stable",22.2,0.16059618655652
"J","Hot stable",22.3,0.158911331095903
"J","Hot stable",22.4,0.157336860090261
"J","Hot stable",22.5,0.155878117094024
"J","Hot stable",22.6,0.154516625261598
"J","Hot stable",22.7,0.153228464613899
"J","Hot stable",22.8,0.152010814005128
"J","Hot stable",22.9,0.150860852289483
"J","Hot stable",23,0.149775758321167
"J","Hot stable",23.1,0.148752710954379
"J","Hot stable",23.2,0.147788889043319
"J","Hot stable",23.3,0.146881471442189
"J","Hot stable",23.4,0.146027637005188
"J","Hot stable",23.5,0.145224564586517
"J","Hot stable",23.6,0.144469433040376
"J","Hot stable",23.7,0.143759421220965
"J","Hot stable",23.8,0.143091707982485
"J","Hot stable",23.9,0.142463472179137
"J","Hot stable",24,0.14187189266512
"J","Hot stable",24.1,0.141314148294635
"J","Hot stable",24.2,0.140787417921883
"J","Hot stable",24.3,0.140288880401063
"J","Hot stable",24.4,0.139815714586377
"J","Hot stable",24.5,0.139365099332024
"J","Hot stable",24.6,0.138934213492204
"J","Hot stable",24.7,0.138520235921119
"J","Hot stable",24.8,0.138120345472969
"J","Hot stable",24.9,0.137731721001954
"J","Hot stable",25,0.137351541362274
"J","Hot stable",25.1,0.136976985408129
"J","Hot stable",25.2,0.136605231993721
"J","Hot stable",25.3,0.136233459973249
"J","Hot stable",25.4,0.135858848200914
"J","Hot stable",25.5,0.135478575530916
"J","Hot stable",25.6,0.135089820817456
"J","Hot stable",25.7,0.134689762914733
"J","Hot stable",25.8,0.134275580676949
"J","Hot stable",25.9,0.133844452958304
"J","Hot stable",26,0.133393558612998
"J","Hot stable",26.1,0.132920076495231
"J","Hot stable",26.2,0.132421185459204
"J","Hot stable",26.3,0.131894064359117
"J","Hot stable",26.4,0.13133589204917
"J","Hot stable",26.5,0.130743847383565
"J","Hot stable",26.6,0.130115109216501
"J","Hot stable",26.7,0.129446856402178
"J","Hot stable",26.8,0.128736267794797
"J","Hot stable",26.9,0.127980522248559
"J","Hot stable",27,0.127176798617664
"J","Hot stable",27.1,0.126322275756311
"J","Hot stable",27.2,0.125414132518703
"J","Hot stable",27.3,0.124449547759038
"J","Hot stable",27.4,0.123425700331517
"J","Hot stable",27.5,0.122339769090341
"J","Hot stable",27.6,0.121201833341385
"J","Hot stable",27.7,0.120024941566711
"J","Hot stable",27.8,0.118810726384801
"J","Hot stable",27.9,0.117560820414136
"J","Hot stable",28,0.116276856273195
"J","Hot stable",28.1,0.114960466580459
"J","Hot stable",28.2,0.113613283954411
"J","Hot stable",28.3,0.11223694101353
"J","Hot stable",28.4,0.110833070376297
"J","Hot stable",28.5,0.109403304661193
"J","Hot stable",28.6,0.107949276486699
"J","Hot stable",28.7,0.106472618471296
"J","Hot stable",28.8,0.104974963233464
"J","Hot stable",28.9,0.103457943391685
"J","Hot stable",29,0.101923191564439
"J","Hot stable",29.1,0.100372340370207
"J","Hot stable",29.2,0.0988070224274692
"J","Hot stable",29.3,0.0972288703547073
"J","Hot stable",29.4,0.095639516770402
"J","Hot stable",29.5,0.0940405942930337
"J","Hot stable",29.6,0.0924337355410835
"J","Hot stable",29.7,0.0908205731330322
"J","Hot stable",29.8,0.0892027396873605
"J","Hot stable",29.9,0.0875818678225495
"J","Hot stable",30,0.0859595901570797
"J","Hot stable",30.1,0.084337539309432
"J","Hot stable",30.2,0.0827173478980872
"J","Hot stable",30.3,0.0811006485415262
"J","Hot stable",30.4,0.0794890738582298
"J","Hot stable",30.5,0.0778842564666788
"J","Hot stable",30.6,0.0762878289853539
"J","Hot stable",30.7,0.0747014240327361
"J","Hot stable",30.8,0.0731266742273061
"J","Hot stable",30.9,0.0715652121875449
"J","Hot stable",31,0.070018670531933
"J","Hot stable",31.1,0.0684886818789514
"J","Hot stable",31.2,0.066976878847081
"J","Hot stable",31.3,0.0654848940548024
"J","Hot stable",31.4,0.0640143601205967
"J","Hot stable",31.5,0.0625669096629444
"J","Hot stable",31.6,0.0611441753003265
"J","Hot stable",31.7,0.0597477896512238
"J","Hot stable",31.8,0.0583793853341171
"J","Hot stable",31.9,0.0570405949674873
"J","Hot stable",32,0.0557330511698151
"J","Hot stable",32.1,0.0544583865595813
"J","Hot stable",32.2,0.0532182337552667
"J","Hot stable",32.3,0.0520142253753523
"J","Hot stable",32.4,0.0508479940383188
"J","Hot stable",32.5,0.0497211723626469
"J","Hot stable",32.6,0.0485934850335343
"J","Hot stable",32.7,0.047424994021362
"J","Hot stable",32.8,0.0462178378723863
"J","Hot stable",32.9,0.0449741551328636
"J","Hot stable",33,0.0436960843490499
"J","Hot stable",33.1,0.0423857640672015
"J","Hot stable",33.2,0.0410453328335747
"J","Hot stable",33.3,0.0396769291944257
"J","Hot stable",33.4,0.0382826916960109
"J","Hot stable",33.5,0.0368647588845865
"J","Hot stable",33.6,0.0354252693064086
"J","Hot stable",33.7,0.0339663615077335
"J","Hot stable",33.8,0.0324901740348175
"J","Hot stable",33.9,0.0309988454339169
"J","Hot stable",34,0.029494514251288
"J","Hot stable",34.1,0.0279793190331868
"J","Hot stable",34.2,0.0264553983258697
"J","Hot stable",34.3,0.0249248906755929
"J","Hot stable",34.4,0.0233899346286128
"J","Hot stable",34.5,0.0218526687311856
"J","Hot stable",34.6,0.0203152315295674
"J","Hot stable",34.7,0.0187797615700145
"J","Hot stable",34.8,0.0172483973987832
"J","Hot stable",34.9,0.0157232775621298
"J","Hot stable",35,0.0142065406063106
"J","Hot stable",35.1,0.0127003250775816
"J","Hot stable",35.2,0.0112067695221991
"J","Hot stable",35.3,0.00972801248641958
"J","Hot stable",35.4,0.0082661925164991
"J","Hot stable",35.5,0.00682344815869407
"J","Hot stable",35.6,0.00540191795926052
"J","Hot stable",35.7,0.00400374046445482
"J","Hot stable",35.8,0.00263105422053321
"J","Hot stable",35.9,0.00128599777375193
"J","Hot stable",36,0
"J","Hot stable",36.1,0
"J","Hot stable",36.2,0
"J","Hot stable",36.3,0
"J","Hot stable",36.4,0
"J","Hot stable",36.5,0
"J","Hot stable",36.6,0
"J","Hot stable",36.7,0
"J","Hot stable",36.8,0
"J","Hot stable",36.9,0
"J","Hot stable",37,0
"J","Hot stable",37.1,0
"J","Hot stable",37.2,0
"J","Hot stable",37.3,0
"J","Hot stable",37.4,0
"J","Hot stable",37.5,0
"J","Hot stable",37.6,0
"J","Hot stable",37.7,0
"J","Hot stable",37.8,0
"J","Hot stable",37.9,0
"J","Hot stable",38,0
"J","Hot stable",38.1,0
"J","Hot stable",38.2,0
"J","Hot stable",38.3,0
"J","Hot stable",38.4,0
"J","Hot stable",38.5,0
"J","Hot stable",38.6,0
"J","Hot stable",38.7,0
"J","Hot stable",38.8,0
"J","Hot stable",38.9,0
"J","Hot stable",39,0
"J","Hot stable",39.1,0
"J","Hot stable",39.2,0
"J","Hot stable",39.3,0
"J","Hot stable",39.4,0
"J","Hot stable",39.5,0
"J","Hot stable",39.6,0
"J","Hot stable",39.7,0
"J","Hot stable",39.8,0
"J","Hot stable",39.9,0
"J","Hot stable",40,0
"J","Hot stable",40.1,0
"J","Hot stable",40.2,0
"J","Hot stable",40.3,0
"J","Hot stable",40.4,0
"J","Hot stable",40.5,0
"J","Hot stable",40.6,0
"J","Hot stable",40.7,0
"J","Hot stable",40.8,0
"J","Hot stable",40.9,0
"J","Hot stable",41,0
"J","Hot stable",41.1,0
"J","Hot stable",41.2,0
"J","Hot stable",41.3,0
"J","Hot stable",41.4,0
"J","Hot stable",41.5,0
"J","Hot stable",41.6,0
"J","Hot stable",41.7,0
"J","Hot stable",41.8,0
"J","Hot stable",41.9,0
"J","Hot stable",42,0
"J","Hot stable",42.1,0
"J","Hot stable",42.2,0
"J","Hot stable",42.3,0
"J","Hot stable",42.4,0
"J","Hot stable",42.5,0
"J","Hot stable",42.6,0
"J","Hot stable",42.7,0
"J","Hot stable",42.8,0
"J","Hot stable",42.9,0
"J","Hot stable",43,0
"J","Hot stable",43.1,0
"J","Hot stable",43.2,0
"J","Hot stable",43.3,0
"J","Hot stable",43.4,0
"J","Hot stable",43.5,0
"J","Hot stable",43.6,0
"J","Hot stable",43.7,0
"J","Hot stable",43.8,0
"J","Hot stable",43.9,0
"J","Hot stable",44,0
"J","Hot stable",44.1,0
"J","Hot stable",44.2,0
"J","Hot stable",44.3,0
"J","Hot stable",44.4,0
"J","Hot stable",44.5,0
"J","Hot stable",44.6,0
"J","Hot stable",44.7,0
"J","Hot stable",44.8,0
"J","Hot stable",44.9,0
"J","Hot stable",45,0
"J","Hot stable",45.1,0
"J","Hot stable",45.2,0
"J","Hot stable",45.3,0
"J","Hot stable",45.4,0
"J","Hot stable",45.5,0
"J","Hot stable",45.6,0
"J","Hot stable",45.7,0
"J","Hot stable",45.8,0
"J","Hot stable",45.9,0
"J","Hot stable",46,0
"J","Hot stable",46.1,0
"J","Hot stable",46.2,0
"J","Hot stable",46.3,0
"J","Hot stable",46.4,0
"J","Hot stable",46.5,0
"J","Hot stable",46.6,0
"J","Hot stable",46.7,0
"J","Hot stable",46.8,0
"J","Hot stable",46.9,0
"J","Hot stable",47,0
"J","Hot stable",47.1,0
"J","Hot stable",47.2,0
"J","Hot stable",47.3,0
"J","Hot stable",47.4,0
"J","Hot stable",47.5,0
"J","Hot stable",47.6,0
"J","Hot stable",47.7,0
"J","Hot stable",47.8,0
"J","Hot stable",47.9,0
"J","Hot stable",48,0
"J","Hot stable",48.1,0
"J","Hot stable",48.2,0
"J","Hot stable",48.3,0
"J","Hot stable",48.4,0
"J","Hot stable",48.5,0
"J","Hot stable",48.6,0
"J","Hot stable",48.7,0
"J","Hot stable",48.8,0
"J","Hot stable",48.9,0
"J","Hot stable",49,0
"J","Hot stable",49.1,0
"J","Hot stable",49.2,0
"J","Hot stable",49.3,0
"J","Hot stable",49.4,0
"J","Hot stable",49.5,0
"J","Hot stable",49.6,0
"J","Hot stable",49.7,0
"J","Hot stable",49.8,0
"J","Hot stable",49.9,0
"J","Hot stable",50,0
"J","Hot stable",50.1,0
"J","Hot stable",50.2,0
"J","Hot stable",50.3,0
"J","Hot stable",50.4,0
"J","Hot stable",50.5,0
"J","Hot stable",50.6,0
"J","Hot stable",50.7,0
"J","Hot stable",50.8,0
"J","Hot stable",50.9,0
"J","Hot stable",51,0
"J","Hot stable",51.1,0
"J","Hot stable",51.2,0
"J","Hot stable",51.3,0
"J","Hot stable",51.4,0
"J","Hot stable",51.5,0
"J","Hot stable",51.6,0
"J","Hot stable",51.7,0
"J","Hot stable",51.8,0
"J","Hot stable",51.9,0
"J","Hot stable",52,0
"J","Hot stable",52.1,0
"J","Hot stable",52.2,0
"J","Hot stable",52.3,0
"J","Hot stable",52.4,0
"J","Hot stable",52.5,0
"J","Hot stable",52.6,0
"J","Hot stable",52.7,0
"J","Hot stable",52.8,0
"J","Hot stable",52.9,0
"J","Hot stable",53,0
"J","Hot stable",53.1,0
"J","Hot stable",53.2,0
"J","Hot stable",53.3,0
"J","Hot stable",53.4,0
"J","Hot stable",53.5,0
"J","Hot stable",53.6,0
"J","Hot stable",53.7,0
"J","Hot stable",53.8,0
"J","Hot stable",53.9,0
"J","Hot stable",54,0
"J","Hot stable",54.1,0
"J","Hot stable",54.2,0
"J","Hot stable",54.3,0
"J","Hot stable",54.4,0
"J","Hot stable",54.5,0
"J","Hot stable",54.6,0
"J","Hot stable",54.7,0
"J","Hot stable",54.8,0
"J","Hot stable",54.9,0
"J","Hot stable",55,0
"J","Hot stable",55.1,0
"J","Hot stable",55.2,0
"J","Hot stable",55.3,0
"J","Hot stable",55.4,0
"J","Hot stable",55.5,0
"J","Hot stable",55.6,0
"J","Hot stable",55.7,0
"J","Hot stable",55.8,0
"J","Hot stable",55.9,0
"J","Hot stable",56,0
"J","Hot stable",56.1,0
"J","Hot stable",56.2,0
"J","Hot stable",56.3,0
"J","Hot stable",56.4,0
"J","Hot stable",56.5,0
"J","Hot stable",56.6,0
"J","Hot stable",56.7,0
"J","Hot stable",56.8,0
"J","Hot stable",56.9,0
"J","Hot stable",57,0
"J","Hot stable",57.1,0
"J","Hot stable",57.2,0
"J","Hot stable",57.3,0
"J","Hot stable",57.4,0
"J","Hot stable",57.5,0
"J","Hot stable",57.6,0
"J","Hot stable",57.7,0
"J","Hot stable",57.8,0
"J","Hot stable",57.9,0
"J","Hot stable",58,0
"J","Hot stable",58.1,0
"J","Hot stable",58.2,0
"J","Hot stable",58.3,0
"J","Hot stable",58.4,0
"J","Hot stable",58.5,0
"J","Hot stable",58.6,0
"J","Hot stable",58.7,0
"J","Hot stable",58.8,0
"J","Hot stable",58.9,0
"J","Hot stable",59,0
"J","Hot stable",59.1,0
"J","Hot stable",59.2,0
"J","Hot stable",59.3,0
"J","Hot stable",59.4,0
"J","Hot stable",59.5,0
"J","Hot stable",59.6,0
"J","Hot stable",59.7,0
"J","Hot stable",59.8,0
"J","Hot stable",59.9,0
"J","Hot stable",60,0
"J","Hot stable",60.1,0
"J","Hot stable",60.2,0
"J","Hot stable",60.3,0
"J","Hot stable",60.4,0
"J","Hot stable",60.5,0
"J","Hot stable",60.6,0
"J","Hot stable",60.7,0
"J","Hot stable",60.8,0
"J","Hot stable",60.9,0
"J","Hot stable",61,0
"J","Hot stable",61.1,0
"J","Hot stable",61.2,0
"J","Hot stable",61.3,0
"J","Hot stable",61.4,0
"J","Hot stable",61.5,0
"J","Hot stable",61.6,0
"J","Hot stable",61.7,0
"J","Hot stable",61.8,0
"J","Hot stable",61.9,0
"J","Hot stable",62,0
"J","Hot stable",62.1,0
"J","Hot stable",62.2,0
"J","Hot stable",62.3,0
"J","Hot stable",62.4,0
"J","Hot stable",62.5,0
"M","Hot stable",-5,0
"M","Hot stable",-4.9,0
"M","Hot stable",-4.8,0
"M","Hot stable",-4.7,0
"M","Hot stable",-4.6,0
"M","Hot stable",-4.5,0
"M","Hot stable",-4.4,0
"M","Hot stable",-4.3,0
"M","Hot stable",-4.2,0
"M","Hot stable",-4.1,0
"M","Hot stable",-4,0
"M","Hot stable",-3.9,0
"M","Hot stable",-3.8,0
"M","Hot stable",-3.7,0
"M","Hot stable",-3.6,0
"M","Hot stable",-3.5,0
"M","Hot stable",-3.4,0
"M","Hot stable",-3.3,0
"M","Hot stable",-3.2,0
"M","Hot stable",-3.1,0.000451104646951831
"M","Hot stable",-3,0.0024777695348385
"M","Hot stable",-2.9,0.00451600587409987
"M","Hot stable",-2.8,0.00656663464299368
"M","Hot stable",-2.7,0.00863047681977769
"M","Hot stable",-2.6,0.0107083533827096
"M","Hot stable",-2.5,0.0128010853100472
"M","Hot stable",-2.4,0.0149152473557379
"M","Hot stable",-2.3,0.017056065859676
"M","Hot stable",-2.2,0.0192223391790399
"M","Hot stable",-2.1,0.0214128656710081
"M","Hot stable",-2,0.0236264436927588
"M","Hot stable",-1.9,0.0258618716014705
"M","Hot stable",-1.8,0.0281179477543214
"M","Hot stable",-1.7,0.03039347050849
"M","Hot stable",-1.6,0.0326872382211546
"M","Hot stable",-1.5,0.0349980492494936
"M","Hot stable",-1.4,0.0373247019506854
"M","Hot stable",-1.3,0.0396659946819083
"M","Hot stable",-1.2,0.0420207258003407
"M","Hot stable",-1.1,0.0443876936631609
"M","Hot stable",-1,0.0467656966275473
"M","Hot stable",-0.899999999999999,0.0491535330506783
"M","Hot stable",-0.8,0.0515500012897323
"M","Hot stable",-0.7,0.0539538997018875
"M","Hot stable",-0.6,0.0563640266443225
"M","Hot stable",-0.5,0.0587791804742155
"M","Hot stable",-0.399999999999999,0.0611981595487448
"M","Hot stable",-0.3,0.063619762225089
"M","Hot stable",-0.199999999999999,0.0660427868604263
"M","Hot stable",-0.0999999999999996,0.0684660318119351
"M","Hot stable",0,0.0708882954367937
"M","Hot stable",0.100000000000001,0.0733083760921806
"M","Hot stable",0.2,0.075725072135274
"M","Hot stable",0.300000000000001,0.0781371819232524
"M","Hot stable",0.4,0.0805435038132942
"M","Hot stable",0.5,0.0829428361625776
"M","Hot stable",0.600000000000001,0.0853339773282811
"M","Hot stable",0.7,0.087715725667583
"M","Hot stable",0.800000000000001,0.0900868795376617
"M","Hot stable",0.9,0.0924462372956955
"M","Hot stable",1,0.0947925972988628
"M","Hot stable",1.1,0.0971247579043421
"M","Hot stable",1.2,0.0994415174693115
"M","Hot stable",1.3,0.10174167435095
"M","Hot stable",1.4,0.104024026906435
"M","Hot stable",1.5,0.106287373492945
"M","Hot stable",1.6,0.108530512467659
"M","Hot stable",1.7,0.110752242187755
"M","Hot stable",1.8,0.112951361010412
"M","Hot stable",1.9,0.115126667292807
"M","Hot stable",2,0.11727695939212
"M","Hot stable",2.1,0.119401035665528
"M","Hot stable",2.2,0.12149769447021
"M","Hot stable",2.3,0.123565734163344
"M","Hot stable",2.4,0.125603953102109
"M","Hot stable",2.5,0.127611149643683
"M","Hot stable",2.6,0.12964170550844
"M","Hot stable",2.7,0.131748345823358
"M","Hot stable",2.8,0.13392738405552
"M","Hot stable",2.9,0.136175133672007
"M","Hot stable",3,0.138487908139902
"M","Hot stable",3.1,0.140862020926288
"M","Hot stable",3.2,0.143293785498246
"M","Hot stable",3.3,0.145779515322859
"M","Hot stable",3.4,0.148315523867209
"M","Hot stable",3.5,0.150898124598379
"M","Hot stable",3.6,0.153523630983451
"M","Hot stable",3.7,0.156188356489507
"M","Hot stable",3.8,0.15888861458363
"M","Hot stable",3.9,0.161620718732901
"M","Hot stable",4,0.164380982404404
"M","Hot stable",4.1,0.167165719065221
"M","Hot stable",4.2,0.169971242182434
"M","Hot stable",4.3,0.172793865223125
"M","Hot stable",4.4,0.175629901654376
"M","Hot stable",4.5,0.178475664943271
"M","Hot stable",4.6,0.181327468556891
"M","Hot stable",4.7,0.184181625962319
"M","Hot stable",4.8,0.187034450626637
"M","Hot stable",4.9,0.189882256016927
"M","Hot stable",5,0.192721355600271
"M","Hot stable",5.1,0.195548062843753
"M","Hot stable",5.2,0.198358691214454
"M","Hot stable",5.3,0.201149554179457
"M","Hot stable",5.4,0.203916965205844
"M","Hot stable",5.5,0.206657237760697
"M","Hot stable",5.6,0.209366685311099
"M","Hot stable",5.7,0.212041621324132
"M","Hot stable",5.8,0.214678359266879
"M","Hot stable",5.9,0.217273212606421
"M","Hot stable",6,0.219822494809841
"M","Hot stable",6.1,0.222322519344222
"M","Hot stable",6.2,0.224769599676645
"M","Hot stable",6.3,0.227160049274194
"M","Hot stable",6.4,0.22949018160395
"M","Hot stable",6.5,0.231756310132995
"M","Hot stable",6.6,0.233954748328413
"M","Hot stable",6.7,0.236081809657285
"M","Hot stable",6.8,0.238133807586694
"M","Hot stable",6.9,0.240107055583723
"M","Hot stable",7,0.241997867115452
"M","Hot stable",7.1,0.243802555648965
"M","Hot stable",7.2,0.245517434651345
"M","Hot stable",7.3,0.247138817589673
"M","Hot stable",7.4,0.248663017931031
"M","Hot stable",7.5,0.250086349142503
"M","Hot stable",7.6,0.251458674430131
"M","Hot stable",7.7,0.252831277396554
"M","Hot stable",7.8,0.254202602103748
"M","Hot stable",7.9,0.25557109261369
"M","Hot stable",8,0.256935192988356
"M","Hot stable",8.1,0.258293347289722
"M","Hot stable",8.2,0.259643999579765
"M","Hot stable",8.3,0.260985593920461
"M","Hot stable",8.4,0.262316574373787
"M","Hot stable",8.5,0.263635385001719
"M","Hot stable",8.6,0.264940469866233
"M","Hot stable",8.7,0.266230273029306
"M","Hot stable",8.8,0.267503238552914
"M","Hot stable",8.9,0.268757810499033
"M","Hot stable",9,0.26999243292964
"M","Hot stable",9.1,0.271205549906712
"M","Hot stable",9.2,0.272395605492224
"M","Hot stable",9.3,0.273561043748153
"M","Hot stable",9.4,0.274700308736475
"M","Hot stable",9.5,0.275811844519167
"M","Hot stable",9.6,0.276894095158206
"M","Hot stable",9.7,0.277945504715567
"M","Hot stable",9.8,0.278964517253226
"M","Hot stable",9.9,0.279949576833161
"M","Hot stable",10,0.280899127517348
"M","Hot stable",10.1,0.281811613367762
"M","Hot stable",10.2,0.282685478446381
"M","Hot stable",10.3,0.283519166815181
"M","Hot stable",10.4,0.284311122536138
"M","Hot stable",10.5,0.285059789671228
"M","Hot stable",10.6,0.285763612282428
"M","Hot stable",10.7,0.286421034431715
"M","Hot stable",10.8,0.287030500181064
"M","Hot stable",10.9,0.287590453592453
"M","Hot stable",11,0.288099338727857
"M","Hot stable",11.1,0.288555599649252
"M","Hot stable",11.2,0.288957680418616
"M","Hot stable",11.3,0.289304025097924
"M","Hot stable",11.4,0.289593077749154
"M","Hot stable",11.5,0.28982328243428
"M","Hot stable",11.6,0.28999308321528
"M","Hot stable",11.7,0.290100924154131
"M","Hot stable",11.8,0.290145249312808
"M","Hot stable",11.9,0.290124502753287
"M","Hot stable",12,0.290037128537546
"M","Hot stable",12.1,0.289881570727561
"M","Hot stable",12.2,0.289656273385307
"M","Hot stable",12.3,0.289359680572762
"M","Hot stable",12.4,0.288990236351902
"M","Hot stable",12.5,0.288546384784702
"M","Hot stable",12.6,0.287946348871955
"M","Hot stable",12.7,0.287115365846804
"M","Hot stable",12.8,0.286062401119757
"M","Hot stable",12.9,0.28479642010132
"M","Hot stable",13,0.283326388202
"M","Hot stable",13.1,0.281661270832305
"M","Hot stable",13.2,0.279810033402741
"M","Hot stable",13.3,0.277781641323816
"M","Hot stable",13.4,0.275585060006036
"M","Hot stable",13.5,0.273229254859908
"M","Hot stable",13.6,0.27072319129594
"M","Hot stable",13.7,0.268075834724638
"M","Hot stable",13.8,0.265296150556509
"M","Hot stable",13.9,0.262393104202061
"M","Hot stable",14,0.2593756610718
"M","Hot stable",14.1,0.256252786576233
"M","Hot stable",14.2,0.253033446125868
"M","Hot stable",14.3,0.249726605131211
"M","Hot stable",14.4,0.246341229002769
"M","Hot stable",14.5,0.242886283151049
"M","Hot stable",14.6,0.239370732986559
"M","Hot stable",14.7,0.235803543919804
"M","Hot stable",14.8,0.232193681361293
"M","Hot stable",14.9,0.228550110721532
"M","Hot stable",15,0.224881797411029
"M","Hot stable",15.1,0.221197706840289
"M","Hot stable",15.2,0.21750680441982
"M","Hot stable",15.3,0.21381805556013
"M","Hot stable",15.4,0.210140425671725
"M","Hot stable",15.5,0.206482880165112
"M","Hot stable",15.6,0.202854384450798
"M","Hot stable",15.7,0.19926390393929
"M","Hot stable",15.8,0.195720404041095
"M","Hot stable",15.9,0.19223285016672
"M","Hot stable",16,0.188810207726673
"M","Hot stable",16.1,0.185461442131459
"M","Hot stable",16.2,0.182195518791586
"M","Hot stable",16.3,0.179021403117562
"M","Hot stable",16.4,0.175948060519892
"M","Hot stable",16.5,0.172984456409084
"M","Hot stable",16.6,0.170139556195645
"M","Hot stable",16.7,0.167422325290082
"M","Hot stable",16.8,0.164841729102902
"M","Hot stable",16.9,0.162406733044612
"M","Hot stable",17,0.160126302525719
"M","Hot stable",17.1,0.15800940295673
"M","Hot stable",17.2,0.156064999748152
"M","Hot stable",17.3,0.154302058310491
"M","Hot stable",17.4,0.152729544054256
"M","Hot stable",17.5,0.151356422389952
"M","Hot stable",17.6,0.150107242919632
"M","Hot stable",17.7,0.148899715789587
"M","Hot stable",17.8,0.14773254722668
"M","Hot stable",17.9,0.146604443457777
"M","Hot stable",18,0.14551411070974
"M","Hot stable",18.1,0.144460255209435
"M","Hot stable",18.2,0.143441583183726
"M","Hot stable",18.3,0.142456800859477
"M","Hot stable",18.4,0.141504614463552
"M","Hot stable",18.5,0.140583730222816
"M","Hot stable",18.6,0.139692854364132
"M","Hot stable",18.7,0.138830693114365
"M","Hot stable",18.8,0.13799595270038
"M","Hot stable",18.9,0.13718733934904
"M","Hot stable",19,0.13640355928721
"M","Hot stable",19.1,0.135643318741754
"M","Hot stable",19.2,0.134905323939537
"M","Hot stable",19.3,0.134188281107422
"M","Hot stable",19.4,0.133490896472274
"M","Hot stable",19.5,0.132811876260957
"M","Hot stable",19.6,0.132149926700335
"M","Hot stable",19.7,0.131503754017273
"M","Hot stable",19.8,0.130872064438635
"M","Hot stable",19.9,0.130253564191285
"M","Hot stable",20,0.129646959502087
"M","Hot stable",20.1,0.129050956597906
"M","Hot stable",20.2,0.128464261705606
"M","Hot stable",20.3,0.127885581052051
"M","Hot stable",20.4,0.127313620864106
"M","Hot stable",20.5,0.126747087368634
"M","Hot stable",20.6,0.1261846867925
"M","Hot stable",20.7,0.125625125362569
"M","Hot stable",20.8,0.125067109305704
"M","Hot stable",20.9,0.124509344848769
"M","Hot stable",21,0.12395053821863
"M","Hot stable",21.1,0.12338939564215
"M","Hot stable",21.2,0.122824623346193
"M","Hot stable",21.3,0.122254927557624
"M","Hot stable",21.4,0.121679014503307
"M","Hot stable",21.5,0.121095590410107
"M","Hot stable",21.6,0.120503361504887
"M","Hot stable",21.7,0.119901034014512
"M","Hot stable",21.8,0.119287314165845
"M","Hot stable",21.9,0.118660908185753
"M","Hot stable",22,0.118020522301097
"M","Hot stable",22.1,0.117364862738744
"M","Hot stable",22.2,0.116692635725557
"M","Hot stable",22.3,0.1160025474884
"M","Hot stable",22.4,0.115293304254137
"M","Hot stable",22.5,0.114563612249634
"M","Hot stable",22.6,0.11386880425544
"M","Hot stable",22.7,0.113262611055356
"M","Hot stable",22.8,0.112741335881115
"M","Hot stable",22.9,0.112301281964452
"M","Hot stable",23,0.111938752537103
"M","Hot stable",23.1,0.111650050830803
"M","Hot stable",23.2,0.111431480077287
"M","Hot stable",23.3,0.111279343508289
"M","Hot stable",23.4,0.111189944355545
"M","Hot stable",23.5,0.11115958585079
"M","Hot stable",23.6,0.111184571225759
"M","Hot stable",23.7,0.111261203712186
"M","Hot stable",23.8,0.111385786541807
"M","Hot stable",23.9,0.111554622946358
"M","Hot stable",24,0.111764016157572
"M","Hot stable",24.1,0.112010269407185
"M","Hot stable",24.2,0.112289685926932
"M","Hot stable",24.3,0.112598568948548
"M","Hot stable",24.4,0.112933221703768
"M","Hot stable",24.5,0.113289947424327
"M","Hot stable",24.6,0.11366504934196
"M","Hot stable",24.7,0.114054830688402
"M","Hot stable",24.8,0.114455594695388
"M","Hot stable",24.9,0.114863644594653
"M","Hot stable",25,0.115275283617933
"M","Hot stable",25.1,0.115686814996961
"M","Hot stable",25.2,0.116094541963474
"M","Hot stable",25.3,0.116494767749206
"M","Hot stable",25.4,0.116883795585892
"M","Hot stable",25.5,0.117257928705268
"M","Hot stable",25.6,0.117613470339068
"M","Hot stable",25.7,0.117946723719027
"M","Hot stable",25.8,0.11825399207688
"M","Hot stable",25.9,0.118531578644363
"M","Hot stable",26,0.11877578665321
"M","Hot stable",26.1,0.118982919335156
"M","Hot stable",26.2,0.119149279921937
"M","Hot stable",26.3,0.119271171645288
"M","Hot stable",26.4,0.119344897736942
"M","Hot stable",26.5,0.119366761428637
"M","Hot stable",26.6,0.119333065952105
"M","Hot stable",26.7,0.119240114539084
"M","Hot stable",26.8,0.119084210421307
"M","Hot stable",26.9,0.118861656830509
"M","Hot stable",27,0.118568756998426
"M","Hot stable",27.1,0.118201814156793
"M","Hot stable",27.2,0.117757131537344
"M","Hot stable",27.3,0.117231012371815
"M","Hot stable",27.4,0.116619759891941
"M","Hot stable",27.5,0.115919677329456
"M","Hot stable",27.6,0.115128866861225
"M","Hot stable",27.7,0.114250198894723
"M","Hot stable",27.8,0.113287129007602
"M","Hot stable",27.9,0.112243112777515
"M","Hot stable",28,0.111121605782112
"M","Hot stable",28.1,0.109926063599047
"M","Hot stable",28.2,0.108659941805972
"M","Hot stable",28.3,0.107326695980538
"M","Hot stable",28.4,0.105929781700398
"M","Hot stable",28.5,0.104472654543205
"M","Hot stable",28.6,0.102958770086609
"M","Hot stable",28.7,0.101391583908264
"M","Hot stable",28.8,0.0997745515858207
"M","Hot stable",28.9,0.0981111286969324
"M","Hot stable",29,0.0964047708192506
"M","Hot stable",29.1,0.0946589335304277
"M","Hot stable",29.2,0.0928770724081156
"M","Hot stable",29.3,0.0910626430299667
"M","Hot stable",29.4,0.089219100973633
"M","Hot stable",29.5,0.0873499018167666
"M","Hot stable",29.6,0.0854585011370196
"M","Hot stable",29.7,0.0835483545120442
"M","Hot stable",29.8,0.0816229175194926
"M","Hot stable",29.9,0.0796856457370169
"M","Hot stable",30,0.0777399947422692
"M","Hot stable",30.1,0.0757894201129015
"M","Hot stable",30.2,0.0738373774265661
"M","Hot stable",30.3,0.0718873222609152
"M","Hot stable",30.4,0.0699427101936008
"M","Hot stable",30.5,0.0680069968022751
"M","Hot stable",30.6,0.0660836376645901
"M","Hot stable",30.7,0.0641760883581981
"M","Hot stable",30.8,0.0622878044607511
"M","Hot stable",30.9,0.0604222415499014
"M","Hot stable",31,0.058582855203301
"M","Hot stable",31.1,0.056773100998602
"M","Hot stable",31.2,0.0549964345134567
"M","Hot stable",31.3,0.053256311325517
"M","Hot stable",31.4,0.0515561870124354
"M","Hot stable",31.5,0.0498995171518636
"M","Hot stable",31.6,0.048289757321454
"M","Hot stable",31.7,0.0467303630988586
"M","Hot stable",31.8,0.0452247900617296
"M","Hot stable",31.9,0.0437764937877193
"M","Hot stable",32,0.0423889298544795
"M","Hot stable",32.1,0.0410655538396626
"M","Hot stable",32.2,0.0398098213209205
"M","Hot stable",32.3,0.0386251878759056
"M","Hot stable",32.4,0.0375151090822699
"M","Hot stable",32.5,0.0364830405176655
"M","Hot stable",32.6,0.0354824064011877
"M","Hot stable",32.7,0.0344650862303977
"M","Hot stable",32.8,0.033432218500646
"M","Hot stable",32.9,0.0323849417072835
"M","Hot stable",33,0.0313243943456606
"M","Hot stable",33.1,0.0302517149111282
"M","Hot stable",33.2,0.0291680418990367
"M","Hot stable",33.3,0.028074513804737
"M","Hot stable",33.4,0.0269722691235797
"M","Hot stable",33.5,0.0258624463509156
"M","Hot stable",33.6,0.0247461839820951
"M","Hot stable",33.7,0.023624620512469
"M","Hot stable",33.8,0.022498894437388
"M","Hot stable",33.9,0.0213701442522027
"M","Hot stable",34,0.020239508452264
"M","Hot stable",34.1,0.0191081255329222
"M","Hot stable",34.2,0.0179771339895282
"M","Hot stable",34.3,0.0168476723174326
"M","Hot stable",34.4,0.0157208790119861
"M","Hot stable",34.5,0.0145978925685394
"M","Hot stable",34.6,0.0134798514824431
"M","Hot stable",34.7,0.0123678942490479
"M","Hot stable",34.8,0.0112631593637045
"M","Hot stable",34.9,0.0101667853217635
"M","Hot stable",35,0.0090799106185757
"M","Hot stable",35.1,0.0080036737494916
"M","Hot stable",35.2,0.00693921320986193
"M","Hot stable",35.3,0.0058876674950374
"M","Hot stable",35.4,0.00485017510036863
"M","Hot stable",35.5,0.00382787452120641
"M","Hot stable",35.6,0.00282190425290123
"M","Hot stable",35.7,0.00183340279080385
"M","Hot stable",35.8,0.000863508630264931
"M","Hot stable",35.9,0
"M","Hot stable",36,0
"M","Hot stable",36.1,0
"M","Hot stable",36.2,0
"M","Hot stable",36.3,0
"M","Hot stable",36.4,0
"M","Hot stable",36.5,0
"M","Hot stable",36.6,0
"M","Hot stable",36.7,0
"M","Hot stable",36.8,0
"M","Hot stable",36.9,0
"M","Hot stable",37,0
"M","Hot stable",37.1,0
"M","Hot stable",37.2,0
"M","Hot stable",37.3,0
"M","Hot stable",37.4,0
"M","Hot stable",37.5,0
"M","Hot stable",37.6,0
"M","Hot stable",37.7,0
"M","Hot stable",37.8,0
"M","Hot stable",37.9,0
"M","Hot stable",38,0
"M","Hot stable",38.1,0
"M","Hot stable",38.2,0
"M","Hot stable",38.3,0
"M","Hot stable",38.4,0
"M","Hot stable",38.5,0
"M","Hot stable",38.6,0
"M","Hot stable",38.7,0
"M","Hot stable",38.8,0
"M","Hot stable",38.9,0
"M","Hot stable",39,0
"M","Hot stable",39.1,0
"M","Hot stable",39.2,0
"M","Hot stable",39.3,0
"M","Hot stable",39.4,0
"M","Hot stable",39.5,0
"M","Hot stable",39.6,0
"M","Hot stable",39.7,0
"M","Hot stable",39.8,0
"M","Hot stable",39.9,0
"M","Hot stable",40,0
"M","Hot stable",40.1,0
"M","Hot stable",40.2,0
"M","Hot stable",40.3,0
"M","Hot stable",40.4,0
"M","Hot stable",40.5,0
"M","Hot stable",40.6,0
"M","Hot stable",40.7,0
"M","Hot stable",40.8,0
"M","Hot stable",40.9,0
"M","Hot stable",41,0
"M","Hot stable",41.1,0
"M","Hot stable",41.2,0
"M","Hot stable",41.3,0
"M","Hot stable",41.4,0
"M","Hot stable",41.5,0
"M","Hot stable",41.6,0
"M","Hot stable",41.7,0
"M","Hot stable",41.8,0
"M","Hot stable",41.9,0
"M","Hot stable",42,0
"M","Hot stable",42.1,0
"M","Hot stable",42.2,0
"M","Hot stable",42.3,0
"M","Hot stable",42.4,0
"M","Hot stable",42.5,0
"M","Hot stable",42.6,0
"M","Hot stable",42.7,0
"M","Hot stable",42.8,0
"M","Hot stable",42.9,0
"M","Hot stable",43,0
"M","Hot stable",43.1,0
"M","Hot stable",43.2,0
"M","Hot stable",43.3,0
"M","Hot stable",43.4,0
"M","Hot stable",43.5,0
"M","Hot stable",43.6,0
"M","Hot stable",43.7,0
"M","Hot stable",43.8,0
"M","Hot stable",43.9,0
"M","Hot stable",44,0
"M","Hot stable",44.1,0
"M","Hot stable",44.2,0
"M","Hot stable",44.3,0
"M","Hot stable",44.4,0
"M","Hot stable",44.5,0
"M","Hot stable",44.6,0
"M","Hot stable",44.7,0
"M","Hot stable",44.8,0
"M","Hot stable",44.9,0
"M","Hot stable",45,0
"M","Hot stable",45.1,0
"M","Hot stable",45.2,0
"M","Hot stable",45.3,0
"M","Hot stable",45.4,0
"M","Hot stable",45.5,0
"M","Hot stable",45.6,0
"M","Hot stable",45.7,0
"M","Hot stable",45.8,0
"M","Hot stable",45.9,0
"M","Hot stable",46,0
"M","Hot stable",46.1,0
"M","Hot stable",46.2,0
"M","Hot stable",46.3,0
"M","Hot stable",46.4,0
"M","Hot stable",46.5,0
"M","Hot stable",46.6,0
"M","Hot stable",46.7,0
"M","Hot stable",46.8,0
"M","Hot stable",46.9,0
"M","Hot stable",47,0
"M","Hot stable",47.1,0
"M","Hot stable",47.2,0
"M","Hot stable",47.3,0
"M","Hot stable",47.4,0
"M","Hot stable",47.5,0
"M","Hot stable",47.6,0
"M","Hot stable",47.7,0
"M","Hot stable",47.8,0
"M","Hot stable",47.9,0
"M","Hot stable",48,0
"M","Hot stable",48.1,0
"M","Hot stable",48.2,0
"M","Hot stable",48.3,0
"M","Hot stable",48.4,0
"M","Hot stable",48.5,0
"M","Hot stable",48.6,0
"M","Hot stable",48.7,0
"M","Hot stable",48.8,0
"M","Hot stable",48.9,0
"M","Hot stable",49,0
"M","Hot stable",49.1,0
"M","Hot stable",49.2,0
"M","Hot stable",49.3,0
"M","Hot stable",49.4,0
"M","Hot stable",49.5,0
"M","Hot stable",49.6,0
"M","Hot stable",49.7,0
"M","Hot stable",49.8,0
"M","Hot stable",49.9,0
"M","Hot stable",50,0
"M","Hot stable",50.1,0
"M","Hot stable",50.2,0
"M","Hot stable",50.3,0
"M","Hot stable",50.4,0
"M","Hot stable",50.5,0
"M","Hot stable",50.6,0
"M","Hot stable",50.7,0
"M","Hot stable",50.8,0
"M","Hot stable",50.9,0
"M","Hot stable",51,0
"M","Hot stable",51.1,0
"M","Hot stable",51.2,0
"M","Hot stable",51.3,0
"M","Hot stable",51.4,0
"M","Hot stable",51.5,0
"M","Hot stable",51.6,0
"M","Hot stable",51.7,0
"M","Hot stable",51.8,0
"M","Hot stable",51.9,0
"M","Hot stable",52,0
"M","Hot stable",52.1,0
"M","Hot stable",52.2,0
"M","Hot stable",52.3,0
"M","Hot stable",52.4,0
"M","Hot stable",52.5,0
"M","Hot stable",52.6,0
"M","Hot stable",52.7,0
"M","Hot stable",52.8,0
"M","Hot stable",52.9,0
"M","Hot stable",53,0
"M","Hot stable",53.1,0
"M","Hot stable",53.2,0
"M","Hot stable",53.3,0
"M","Hot stable",53.4,0
"M","Hot stable",53.5,0
"M","Hot stable",53.6,0
"M","Hot stable",53.7,0
"M","Hot stable",53.8,0
"M","Hot stable",53.9,0
"M","Hot stable",54,0
"M","Hot stable",54.1,0
"M","Hot stable",54.2,0
"M","Hot stable",54.3,0
"M","Hot stable",54.4,0
"M","Hot stable",54.5,0
"M","Hot stable",54.6,0
"M","Hot stable",54.7,0
"M","Hot stable",54.8,0
"M","Hot stable",54.9,0
"M","Hot stable",55,0
"M","Hot stable",55.1,0
"M","Hot stable",55.2,0
"M","Hot stable",55.3,0
"M","Hot stable",55.4,0
"M","Hot stable",55.5,0
"M","Hot stable",55.6,0
"M","Hot stable",55.7,0
"M","Hot stable",55.8,0
"M","Hot stable",55.9,0
"M","Hot stable",56,0
"M","Hot stable",56.1,0
"M","Hot stable",56.2,0
"M","Hot stable",56.3,0
"M","Hot stable",56.4,0
"M","Hot stable",56.5,0
"M","Hot stable",56.6,0
"M","Hot stable",56.7,0
"M","Hot stable",56.8,0
"M","Hot stable",56.9,0
"M","Hot stable",57,0
"M","Hot stable",57.1,0
"M","Hot stable",57.2,0
"M","Hot stable",57.3,0
"M","Hot stable",57.4,0
"M","Hot stable",57.5,0
"M","Hot stable",57.6,0
"M","Hot stable",57.7,0
"M","Hot stable",57.8,0
"M","Hot stable",57.9,0
"M","Hot stable",58,0
"M","Hot stable",58.1,0
"M","Hot stable",58.2,0
"M","Hot stable",58.3,0
"M","Hot stable",58.4,0
"M","Hot stable",58.5,0
"M","Hot stable",58.6,0
"M","Hot stable",58.7,0
"M","Hot stable",58.8,0
"M","Hot stable",58.9,0
"M","Hot stable",59,0
"M","Hot stable",59.1,0
"M","Hot stable",59.2,0
"M","Hot stable",59.3,0
"M","Hot stable",59.4,0
"M","Hot stable",59.5,0
"M","Hot stable",59.6,0
"M","Hot stable",59.7,0
"M","Hot stable",59.8,0
"M","Hot stable",59.9,0
"M","Hot stable",60,0
"M","Hot stable",60.1,0
"M","Hot stable",60.2,0
"M","Hot stable",60.3,0
"M","Hot stable",60.4,0
"M","Hot stable",60.5,0
"M","Hot stable",60.6,0
"M","Hot stable",60.7,0
"M","Hot stable",60.8,0
"M","Hot stable",60.9,0
"M","Hot stable",61,0
"M","Hot stable",61.1,0
"M","Hot stable",61.2,0
"M","Hot stable",61.3,0
"M","Hot stable",61.4,0
"M","Hot stable",61.5,0
"M","Hot stable",61.6,0
"M","Hot stable",61.7,0
"M","Hot stable",61.8,0
"M","Hot stable",61.9,0
"M","Hot stable",62,0
"M","Hot stable",62.1,0
"M","Hot stable",62.2,0
"M","Hot stable",62.3,0
"M","Hot stable",62.4,0
"M","Hot stable",62.5,0
"ME","Hot stable",-5,0.00259309654686682
"ME","Hot stable",-4.9,0.00146761346408004
"ME","Hot stable",-4.8,0.000368106819887357
"ME","Hot stable",-4.7,0
"ME","Hot stable",-4.6,0
"ME","Hot stable",-4.5,0
"ME","Hot stable",-4.4,0
"ME","Hot stable",-4.3,0
"ME","Hot stable",-4.2,0
"ME","Hot stable",-4.1,0
"ME","Hot stable",-4,0
"ME","Hot stable",-3.9,0
"ME","Hot stable",-3.8,0
"ME","Hot stable",-3.7,0
"ME","Hot stable",-3.6,0
"ME","Hot stable",-3.5,0
"ME","Hot stable",-3.4,0
"ME","Hot stable",-3.3,0
"ME","Hot stable",-3.2,0
"ME","Hot stable",-3.1,0
"ME","Hot stable",-3,0
"ME","Hot stable",-2.9,0
"ME","Hot stable",-2.8,0
"ME","Hot stable",-2.7,0
"ME","Hot stable",-2.6,0
"ME","Hot stable",-2.5,0
"ME","Hot stable",-2.4,0
"ME","Hot stable",-2.3,0
"ME","Hot stable",-2.2,0
"ME","Hot stable",-2.1,0
"ME","Hot stable",-2,0
"ME","Hot stable",-1.9,0
"ME","Hot stable",-1.8,0
"ME","Hot stable",-1.7,0
"ME","Hot stable",-1.6,0
"ME","Hot stable",-1.5,0
"ME","Hot stable",-1.4,0
"ME","Hot stable",-1.3,0
"ME","Hot stable",-1.2,0
"ME","Hot stable",-1.1,0
"ME","Hot stable",-1,0
"ME","Hot stable",-0.899999999999999,0
"ME","Hot stable",-0.8,0
"ME","Hot stable",-0.7,0
"ME","Hot stable",-0.6,0
"ME","Hot stable",-0.5,0
"ME","Hot stable",-0.399999999999999,0
"ME","Hot stable",-0.3,0
"ME","Hot stable",-0.199999999999999,0
"ME","Hot stable",-0.0999999999999996,0
"ME","Hot stable",0,0
"ME","Hot stable",0.100000000000001,0
"ME","Hot stable",0.2,0
"ME","Hot stable",0.300000000000001,0
"ME","Hot stable",0.4,0
"ME","Hot stable",0.5,0
"ME","Hot stable",0.600000000000001,0
"ME","Hot stable",0.7,0
"ME","Hot stable",0.800000000000001,0
"ME","Hot stable",0.9,0
"ME","Hot stable",1,0.000825966547894172
"ME","Hot stable",1.1,0.00187755888181301
"ME","Hot stable",1.2,0.00294873303042021
"ME","Hot stable",1.3,0.00403851203741272
"ME","Hot stable",1.4,0.00514591894648746
"ME","Hot stable",1.5,0.00626997680134136
"ME","Hot stable",1.6,0.00740970864567135
"ME","Hot stable",1.7,0.00856413752317435
"ME","Hot stable",1.8,0.00973228647754732
"ME","Hot stable",1.9,0.0109131785524872
"ME","Hot stable",2,0.0121058367916908
"ME","Hot stable",2.1,0.0133092842388552
"ME","Hot stable",2.2,0.0145225439376772
"ME","Hot stable",2.3,0.0157446389318538
"ME","Hot stable",2.4,0.016974592265082
"ME","Hot stable",2.5,0.0182114269810586
"ME","Hot stable",2.6,0.0195016940993297
"ME","Hot stable",2.7,0.0208904138137707
"ME","Hot stable",2.8,0.0223743129295723
"ME","Hot stable",2.9,0.0239501182519251
"ME","Hot stable",3,0.0256145565860199
"ME","Hot stable",3.1,0.0273643547370473
"ME","Hot stable",3.2,0.0291962395101982
"ME","Hot stable",3.3,0.031106937710663
"ME","Hot stable",3.4,0.0330931761436327
"ME","Hot stable",3.5,0.0351516816142978
"ME","Hot stable",3.6,0.037279180927849
"ME","Hot stable",3.7,0.0394724008894772
"ME","Hot stable",3.8,0.0417280683043729
"ME","Hot stable",3.9,0.0440429099777269
"ME","Hot stable",4,0.0464136527147299
"ME","Hot stable",4.1,0.0488370233205725
"ME","Hot stable",4.2,0.0513097486004456
"ME","Hot stable",4.3,0.0538285553595397
"ME","Hot stable",4.4,0.0563901704030456
"ME","Hot stable",4.5,0.058991320536154
"ME","Hot stable",4.6,0.0616287325640557
"ME","Hot stable",4.7,0.0642991332919411
"ME","Hot stable",4.8,0.0669992495250012
"ME","Hot stable",4.9,0.0697258080684266
"ME","Hot stable",5,0.0724755357274079
"ME","Hot stable",5.1,0.075245159307136
"ME","Hot stable",5.2,0.0780314056128015
"ME","Hot stable",5.3,0.0808310014495951
"ME","Hot stable",5.4,0.0836406736227074
"ME","Hot stable",5.5,0.0864571489373293
"ME","Hot stable",5.6,0.0892771541986515
"ME","Hot stable",5.7,0.0920974162118645
"ME","Hot stable",5.8,0.094914661782159
"ME","Hot stable",5.9,0.097725617714726
"ME","Hot stable",6,0.100527010814756
"ME","Hot stable",6.1,0.10331556788744
"ME","Hot stable",6.2,0.106088015737968
"ME","Hot stable",6.3,0.108841081171531
"ME","Hot stable",6.4,0.11157149099332
"ME","Hot stable",6.5,0.114275972008525
"ME","Hot stable",6.6,0.116951251022338
"ME","Hot stable",6.7,0.119594054839949
"ME","Hot stable",6.8,0.122201110266548
"ME","Hot stable",6.9,0.124769144107327
"ME","Hot stable",7,0.127294883167476
"ME","Hot stable",7.1,0.129775054252185
"ME","Hot stable",7.2,0.132206384166646
"ME","Hot stable",7.3,0.134585599716049
"ME","Hot stable",7.4,0.136909427705585
"ME","Hot stable",7.5,0.139174594940444
"ME","Hot stable",7.6,0.141509557098916
"ME","Hot stable",7.7,0.144038590751152
"ME","Hot stable",7.8,0.146752154040138
"ME","Hot stable",7.9,0.149640705108861
"ME","Hot stable",8,0.152694702100307
"ME","Hot stable",8.1,0.155904603157462
"ME","Hot stable",8.2,0.159260866423313
"ME","Hot stable",8.3,0.162753950040846
"ME","Hot stable",8.4,0.166374312153047
"ME","Hot stable",8.5,0.170112410902902
"ME","Hot stable",8.6,0.173958704433399
"ME","Hot stable",8.7,0.177903650887522
"ME","Hot stable",8.8,0.181937708408259
"ME","Hot stable",8.9,0.186051335138595
"ME","Hot stable",9,0.190234989221517
"ME","Hot stable",9.1,0.194479128800012
"ME","Hot stable",9.2,0.198774212017065
"ME","Hot stable",9.3,0.203110697015662
"ME","Hot stable",9.4,0.207479041938791
"ME","Hot stable",9.5,0.211869704929437
"ME","Hot stable",9.6,0.216273144130587
"ME","Hot stable",9.7,0.220679817685227
"ME","Hot stable",9.8,0.225080183736343
"ME","Hot stable",9.9,0.229464700426921
"ME","Hot stable",10,0.233823825899949
"ME","Hot stable",10.1,0.238148018298411
"ME","Hot stable",10.2,0.242427735765295
"ME","Hot stable",10.3,0.246653436443586
"ME","Hot stable",10.4,0.250815578476271
"ME","Hot stable",10.5,0.254904620006337
"ME","Hot stable",10.6,0.258911019176769
"ME","Hot stable",10.7,0.262825234130553
"ME","Hot stable",10.8,0.266637723010677
"ME","Hot stable",10.9,0.270338943960126
"ME","Hot stable",11,0.273919355121887
"ME","Hot stable",11.1,0.277369414638946
"ME","Hot stable",11.2,0.280679580654289
"ME","Hot stable",11.3,0.283840311310903
"ME","Hot stable",11.4,0.286842064751773
"ME","Hot stable",11.5,0.289675299119886
"ME","Hot stable",11.6,0.292330472558229
"ME","Hot stable",11.7,0.294798043209788
"ME","Hot stable",11.8,0.297068469217548
"ME","Hot stable",11.9,0.299132208724497
"ME","Hot stable",12,0.30097971987362
"ME","Hot stable",12.1,0.302601460807904
"ME","Hot stable",12.2,0.303987889670335
"ME","Hot stable",12.3,0.305129464603899
"ME","Hot stable",12.4,0.306016643751583
"ME","Hot stable",12.5,0.306639885256373
"ME","Hot stable",12.6,0.30702740924003
"ME","Hot stable",12.7,0.307218119928116
"ME","Hot stable",12.8,0.307218501619318
"ME","Hot stable",12.9,0.307035038612324
"ME","Hot stable",13,0.30667421520582
"ME","Hot stable",13.1,0.306142515698494
"ME","Hot stable",13.2,0.305446424389033
"ME","Hot stable",13.3,0.304592425576125
"ME","Hot stable",13.4,0.303587003558456
"ME","Hot stable",13.5,0.302436642634714
"ME","Hot stable",13.6,0.301147827103586
"ME","Hot stable",13.7,0.29972704126376
"ME","Hot stable",13.8,0.298180769413922
"ME","Hot stable",13.9,0.29651549585276
"ME","Hot stable",14,0.294737704878961
"ME","Hot stable",14.1,0.292853880791212
"ME","Hot stable",14.2,0.290870507888201
"ME","Hot stable",14.3,0.288794070468615
"ME","Hot stable",14.4,0.286631052831141
"ME","Hot stable",14.5,0.284387939274466
"ME","Hot stable",14.6,0.282071214097278
"ME","Hot stable",14.7,0.279687361598263
"ME","Hot stable",14.8,0.27724286607611
"ME","Hot stable",14.9,0.274744211829505
"ME","Hot stable",15,0.272197883157135
"ME","Hot stable",15.1,0.269610364357688
"ME","Hot stable",15.2,0.266988139729851
"ME","Hot stable",15.3,0.264337693572312
"ME","Hot stable",15.4,0.261665510183757
"ME","Hot stable",15.5,0.258978073862873
"ME","Hot stable",15.6,0.256281868908349
"ME","Hot stable",15.7,0.253583379618871
"ME","Hot stable",15.8,0.250889090293126
"ME","Hot stable",15.9,0.248205485229802
"ME","Hot stable",16,0.245539048727587
"ME","Hot stable",16.1,0.242896265085166
"ME","Hot stable",16.2,0.240283618601228
"ME","Hot stable",16.3,0.237707593574459
"ME","Hot stable",16.4,0.235174674303548
"ME","Hot stable",16.5,0.23269134508718
"ME","Hot stable",16.6,0.230264090224045
"ME","Hot stable",16.7,0.227899394012827
"ME","Hot stable",16.8,0.225603740752216
"ME","Hot stable",16.9,0.223383614740898
"ME","Hot stable",17,0.22124550027756
"ME","Hot stable",17.1,0.21919588166089
"ME","Hot stable",17.2,0.217241243189575
"ME","Hot stable",17.3,0.215388069162302
"ME","Hot stable",17.4,0.213642843877759
"ME","Hot stable",17.5,0.212012051634632
"ME","Hot stable",17.6,0.210308583931526
"ME","Hot stable",17.7,0.208348379073547
"ME","Hot stable",17.8,0.206142491569137
"ME","Hot stable",17.9,0.203701975926738
"ME","Hot stable",18,0.20103788665479
"ME","Hot stable",18.1,0.198161278261735
"ME","Hot stable",18.2,0.195083205256014
"ME","Hot stable",18.3,0.19181472214607
"ME","Hot stable",18.4,0.188366883440342
"ME","Hot stable",18.5,0.184750743647273
"ME","Hot stable",18.6,0.180977357275304
"ME","Hot stable",18.7,0.177057778832876
"ME","Hot stable",18.8,0.173003062828431
"ME","Hot stable",18.9,0.168824263770409
"ME","Hot stable",19,0.164532436167254
"ME","Hot stable",19.1,0.160138634527405
"ME","Hot stable",19.2,0.155653913359304
"ME","Hot stable",19.3,0.151089327171393
"ME","Hot stable",19.4,0.146455930472112
"ME","Hot stable",19.5,0.141764777769905
"ME","Hot stable",19.6,0.13702692357321
"ME","Hot stable",19.7,0.132253422390471
"ME","Hot stable",19.8,0.127455328730129
"ME","Hot stable",19.9,0.122643697100624
"ME","Hot stable",20,0.117829582010398
"ME","Hot stable",20.1,0.113024037967893
"ME","Hot stable",20.2,0.10823811948155
"ME","Hot stable",20.3,0.103482881059811
"ME","Hot stable",20.4,0.0987693772111156
"ME","Hot stable",20.5,0.094108662443907
"ME","Hot stable",20.6,0.0895117912666256
"ME","Hot stable",20.7,0.0849898181877132
"ME","Hot stable",20.8,0.0805537977156113
"ME","Hot stable",20.9,0.0762147843587608
"ME","Hot stable",21,0.0719838326256035
"ME","Hot stable",21.1,0.0678719970245804
"ME","Hot stable",21.2,0.0638903320641332
"ME","Hot stable",21.3,0.0600498922527032
"ME","Hot stable",21.4,0.0563617320987316
"ME","Hot stable",21.5,0.0528369061106601
"ME","Hot stable",21.6,0.0494864687969298
"ME","Hot stable",21.7,0.0463214746659822
"ME","Hot stable",21.8,0.0433529782262588
"ME","Hot stable",21.9,0.0405920339862007
"ME","Hot stable",22,0.0380496964542495
"ME","Hot stable",22.1,0.0357370201388465
"ME","Hot stable",22.2,0.033665059548433
"ME","Hot stable",22.3,0.0318448691914506
"ME","Hot stable",22.4,0.0302875035763404
"ME","Hot stable",22.5,0.0290040172115441
"ME","Hot stable",22.6,0.0279647176034192
"ME","Hot stable",22.7,0.0271278262208569
"ME","Hot stable",22.8,0.0264862685160987
"ME","Hot stable",22.9,0.0260329699413859
"ME","Hot stable",23,0.02576085594896
"ME","Hot stable",23.1,0.0256628519910624
"ME","Hot stable",23.2,0.0257318835199345
"ME","Hot stable",23.3,0.0259608759878178
"ME","Hot stable",23.4,0.0263427548469535
"ME","Hot stable",23.5,0.0268704455495833
"ME","Hot stable",23.6,0.0275368735479484
"ME","Hot stable",23.7,0.0283349642942903
"ME","Hot stable",23.8,0.0292576432408503
"ME","Hot stable",23.9,0.03029783583987
"ME","Hot stable",24,0.0314484675435908
"ME","Hot stable",24.1,0.032702463804254
"ME","Hot stable",24.2,0.0340527500741011
"ME","Hot stable",24.3,0.0354922518053734
"ME","Hot stable",24.4,0.0370138944503125
"ME","Hot stable",24.5,0.0386106034611596
"ME","Hot stable",24.6,0.0402753042901564
"ME","Hot stable",24.7,0.042000922389544
"ME","Hot stable",24.8,0.043780383211564
"ME","Hot stable",24.9,0.0456066122084579
"ME","Hot stable",25,0.0474725348324668
"ME","Hot stable",25.1,0.0493710765358325
"ME","Hot stable",25.2,0.0512951627707962
"ME","Hot stable",25.3,0.0532377189895992
"ME","Hot stable",25.4,0.0551916706444833
"ME","Hot stable",25.5,0.0571499431876895
"ME","Hot stable",25.6,0.0591054620714595
"ME","Hot stable",25.7,0.0610511527480345
"ME","Hot stable",25.8,0.0629799406696561
"ME","Hot stable",25.9,0.0648847512885657
"ME","Hot stable",26,0.0667585100570045
"ME","Hot stable",26.1,0.0685941424272142
"ME","Hot stable",26.2,0.0703845738514361
"ME","Hot stable",26.3,0.0721227297819116
"ME","Hot stable",26.4,0.0738015356708821
"ME","Hot stable",26.5,0.0754139169705891
"ME","Hot stable",26.6,0.0769527991332739
"ME","Hot stable",26.7,0.078411107611178
"ME","Hot stable",26.8,0.0797817678565427
"ME","Hot stable",26.9,0.0810577053216096
"ME","Hot stable",27,0.08223184545862
"ME","Hot stable",27.1,0.0832971137198154
"ME","Hot stable",27.2,0.0842464355574372
"ME","Hot stable",27.3,0.0850727364237267
"ME","Hot stable",27.4,0.0857689417709253
"ME","Hot stable",27.5,0.0863279770512746
"ME","Hot stable",27.6,0.0868654221826222
"ME","Hot stable",27.7,0.0874986418810878
"ME","Hot stable",27.8,0.0882232387963214
"ME","Hot stable",27.9,0.0890348155779727
"ME","Hot stable",28,0.0899289748756916
"ME","Hot stable",28.1,0.0909013193391278
"ME","Hot stable",28.2,0.0919474516179311
"ME","Hot stable",28.3,0.0930629743617513
"ME","Hot stable",28.4,0.0942434902202381
"ME","Hot stable",28.5,0.0954846018430415
"ME","Hot stable",28.6,0.0967819118798112
"ME","Hot stable",28.7,0.098131022980197
"ME","Hot stable",28.8,0.0995275377938487
"ME","Hot stable",28.9,0.100967058970416
"ME","Hot stable",29,0.102445189159549
"ME","Hot stable",29.1,0.103957531010897
"ME","Hot stable",29.2,0.10549968717411
"ME","Hot stable",29.3,0.107067260298838
"ME","Hot stable",29.4,0.108655853034731
"ME","Hot stable",29.5,0.110261068031438
"ME","Hot stable",29.6,0.11187850793861
"ME","Hot stable",29.7,0.113503775405895
"ME","Hot stable",29.8,0.115132473082944
"ME","Hot stable",29.9,0.116760203619407
"ME","Hot stable",30,0.118382569664934
"ME","Hot stable",30.1,0.119995173869173
"ME","Hot stable",30.2,0.121593618881776
"ME","Hot stable",30.3,0.123173507352391
"ME","Hot stable",30.4,0.124730441930669
"ME","Hot stable",30.5,0.12626002526626
"ME","Hot stable",30.6,0.127757860008813
"ME","Hot stable",30.7,0.129219548807978
"ME","Hot stable",30.8,0.130640694313404
"ME","Hot stable",30.9,0.132016899174742
"ME","Hot stable",31,0.133343766041642
"ME","Hot stable",31.1,0.134616897563752
"ME","Hot stable",31.2,0.135831896390724
"ME","Hot stable",31.3,0.136984365172207
"ME","Hot stable",31.4,0.13806990655785
"ME","Hot stable",31.5,0.139084123197303
"ME","Hot stable",31.6,0.140022617740217
"ME","Hot stable",31.7,0.14088099283624
"ME","Hot stable",31.8,0.141654851135023
"ME","Hot stable",31.9,0.142339795286216
"ME","Hot stable",32,0.142931427939469
"ME","Hot stable",32.1,0.14342535174443
"ME","Hot stable",32.2,0.14381716935075
"ME","Hot stable",32.3,0.144102483408079
"ME","Hot stable",32.4,0.144276896566067
"ME","Hot stable",32.5,0.144336011474363
"ME","Hot stable",32.6,0.144295810182629
"ME","Hot stable",32.7,0.144176909595613
"ME","Hot stable",32.8,0.14398186464559
"ME","Hot stable",32.9,0.143713230264838
"ME","Hot stable",33,0.143373561385633
"ME","Hot stable",33.1,0.142965412940252
"ME","Hot stable",33.2,0.142491339860972
"ME","Hot stable",33.3,0.141953897080068
"ME","Hot stable",33.4,0.141355639529819
"ME","Hot stable",33.5,0.140699122142499
"ME","Hot stable",33.6,0.139986899850387
"ME","Hot stable",33.7,0.139221527585758
"ME","Hot stable",33.8,0.138405560280889
"ME","Hot stable",33.9,0.137541552868058
"ME","Hot stable",34,0.13663206027954
"ME","Hot stable",34.1,0.135679637447612
"ME","Hot stable",34.2,0.134686839304551
"ME","Hot stable",34.3,0.133656220782634
"ME","Hot stable",34.4,0.132590336814136
"ME","Hot stable",34.5,0.131491742331336
"ME","Hot stable",34.6,0.130362992266509
"ME","Hot stable",34.7,0.129206641551931
"ME","Hot stable",34.8,0.128025245119881
"ME","Hot stable",34.9,0.126821357902634
"ME","Hot stable",35,0.125597534832467
"ME","Hot stable",35.1,0.124356330841656
"ME","Hot stable",35.2,0.123100300862479
"ME","Hot stable",35.3,0.121831999827212
"ME","Hot stable",35.4,0.120553982668131
"ME","Hot stable",35.5,0.119268804317513
"ME","Hot stable",35.6,0.117979019707636
"ME","Hot stable",35.7,0.116687183770774
"ME","Hot stable",35.8,0.115395851439206
"ME","Hot stable",35.9,0.114107577645207
"ME","Hot stable",36,0.112824917321055
"ME","Hot stable",36.1,0.111550425399026
"ME","Hot stable",36.2,0.110286656811397
"ME","Hot stable",36.3,0.109036166490444
"ME","Hot stable",36.4,0.107801509368444
"ME","Hot stable",36.5,0.106585240377673
"ME","Hot stable",36.6,0.105389914450409
"ME","Hot stable",36.7,0.104218086518927
"ME","Hot stable",36.8,0.103072311515505
"ME","Hot stable",36.9,0.10195514437242
"ME","Hot stable",37,0.100869140021947
"ME","Hot stable",37.1,0.099816853396363
"ME","Hot stable",37.2,0.0988008394279455
"ME","Hot stable",37.3,0.0978236530489707
"ME","Hot stable",37.4,0.0968878491917153
"ME","Hot stable",37.5,0.0959959827884559
"ME","Hot stable",37.6,0.0950990657941481
"ME","Hot stable",37.7,0.0941479134140569
"ME","Hot stable",37.8,0.0931447854559234
"ME","Hot stable",37.9,0.0920919417274885
"ME","Hot stable",38,0.0909916420364933
"ME","Hot stable",38.1,0.0898461461906786
"ME","Hot stable",38.2,0.0886577139977854
"ME","Hot stable",38.3,0.0874286052655548
"ME","Hot stable",38.4,0.0861610798017276
"ME","Hot stable",38.5,0.084857397414045
"ME","Hot stable",38.6,0.0835198179102477
"ME","Hot stable",38.7,0.0821506010980768
"ME","Hot stable",38.8,0.0807520067852733
"ME","Hot stable",38.9,0.0793262947795781
"ME","Hot stable",39,0.0778757248887323
"ME","Hot stable",39.1,0.0764025569204768
"ME","Hot stable",39.2,0.0749090506825525
"ME","Hot stable",39.3,0.0733974659827004
"ME","Hot stable",39.4,0.0718700626286615
"ME","Hot stable",39.5,0.0703291004281769
"ME","Hot stable",39.6,0.0687768391889873
"ME","Hot stable",39.7,0.0672155387188338
"ME","Hot stable",39.8,0.0656474588254575
"ME","Hot stable",39.9,0.0640748593165992
"ME","Hot stable",40,0.0625
"ME","Hot stable",40.1,0.0609251406834007
"ME","Hot stable",40.2,0.0593525411745424
"ME","Hot stable",40.3,0.057784461281166
"ME","Hot stable",40.4,0.0562231608110126
"ME","Hot stable",40.5,0.0546708995718231
"ME","Hot stable",40.6,0.0531299373713384
"ME","Hot stable",40.7,0.0516025340172995
"ME","Hot stable",40.8,0.0500909493174474
"ME","Hot stable",40.9,0.0485974430795231
"ME","Hot stable",41,0.0471242751112677
"ME","Hot stable",41.1,0.0456737052204218
"ME","Hot stable",41.2,0.0442479932147266
"ME","Hot stable",41.3,0.0428493989019231
"ME","Hot stable",41.4,0.0414801820897522
"ME","Hot stable",41.5,0.040142602585955
"ME","Hot stable",41.6,0.0388389201982723
"ME","Hot stable",41.7,0.0375713947344452
"ME","Hot stable",41.8,0.0363422860022145
"ME","Hot stable",41.9,0.0351538538093213
"ME","Hot stable",42,0.0340083579635067
"ME","Hot stable",42.1,0.0329080582725114
"ME","Hot stable",42.2,0.0318552145440765
"ME","Hot stable",42.3,0.030852086585943
"ME","Hot stable",42.4,0.0299009342058518
"ME","Hot stable",42.5,0.029004017211544
"ME","Hot stable",42.6,0.0281310644248469
"ME","Hot stable",42.7,0.0272507731385627
"ME","Hot stable",42.8,0.0263638558668945
"ME","Hot stable",42.9,0.0254710251240453
"ME","Hot stable",43,0.0245729934242183
"ME","Hot stable",43.1,0.0236704732816165
"ME","Hot stable",43.2,0.022764177210443
"ME","Hot stable",43.3,0.0218548177249008
"ME","Hot stable",43.4,0.0209431073391931
"ME","Hot stable",43.5,0.020029758567523
"ME","Hot stable",43.6,0.0191154839240934
"ME","Hot stable",43.7,0.0182009959231075
"ME","Hot stable",43.8,0.0172870070787684
"ME","Hot stable",43.9,0.0163742299052791
"ME","Hot stable",44,0.0154633769168428
"ME","Hot stable",44.1,0.0145551606276624
"ME","Hot stable",44.2,0.013650293551941
"ME","Hot stable",44.3,0.0127494882038819
"ME","Hot stable",44.4,0.0118534570976879
"ME","Hot stable",44.5,0.0109629127475623
"ME","Hot stable",44.6,0.010078567667708
"ME","Hot stable",44.7,0.00920113437232822
"ME","Hot stable",44.8,0.00833132537562594
"ME","Hot stable",44.9,0.00746985319180427
"ME","Hot stable",45,0.00661743033506635
"ME","Hot stable",45.1,0.00577476931961514
"ME","Hot stable",45.2,0.00494258265965378
"ME","Hot stable",45.3,0.00412158286938534
"ME","Hot stable",45.4,0.00331248246301289
"ME","Hot stable",45.5,0.00251599395473959
"ME","Hot stable",45.6,0.00173282985876839
"ME","Hot stable",45.7,0.000963702689302417
"ME","Hot stable",45.8,0.000209324960544761
"ME","Hot stable",45.9,0
"ME","Hot stable",46,0
"ME","Hot stable",46.1,0
"ME","Hot stable",46.2,0
"ME","Hot stable",46.3,0
"ME","Hot stable",46.4,0
"ME","Hot stable",46.5,0
"ME","Hot stable",46.6,0
"ME","Hot stable",46.7,0
"ME","Hot stable",46.8,0
"ME","Hot stable",46.9,0
"ME","Hot stable",47,0
"ME","Hot stable",47.1,0
"ME","Hot stable",47.2,0
"ME","Hot stable",47.3,0
"ME","Hot stable",47.4,0
"ME","Hot stable",47.5,0
"ME","Hot stable",47.6,0
"ME","Hot stable",47.7,0
"ME","Hot stable",47.8,0
"ME","Hot stable",47.9,0
"ME","Hot stable",48,0
"ME","Hot stable",48.1,0
"ME","Hot stable",48.2,0
"ME","Hot stable",48.3,0
"ME","Hot stable",48.4,0
"ME","Hot stable",48.5,0
"ME","Hot stable",48.6,0
"ME","Hot stable",48.7,0
"ME","Hot stable",48.8,0
"ME","Hot stable",48.9,0
"ME","Hot stable",49,0
"ME","Hot stable",49.1,0
"ME","Hot stable",49.2,0
"ME","Hot stable",49.3,0
"ME","Hot stable",49.4,0
"ME","Hot stable",49.5,0
"ME","Hot stable",49.6,0
"ME","Hot stable",49.7,0
"ME","Hot stable",49.8,0
"ME","Hot stable",49.9,0
"ME","Hot stable",50,0
"ME","Hot stable",50.1,0
"ME","Hot stable",50.2,0
"ME","Hot stable",50.3,0
"ME","Hot stable",50.4,0
"ME","Hot stable",50.5,0
"ME","Hot stable",50.6,0
"ME","Hot stable",50.7,0
"ME","Hot stable",50.8,0
"ME","Hot stable",50.9,0
"ME","Hot stable",51,0
"ME","Hot stable",51.1,0
"ME","Hot stable",51.2,0
"ME","Hot stable",51.3,0
"ME","Hot stable",51.4,0
"ME","Hot stable",51.5,0
"ME","Hot stable",51.6,0
"ME","Hot stable",51.7,0
"ME","Hot stable",51.8,0
"ME","Hot stable",51.9,0
"ME","Hot stable",52,0
"ME","Hot stable",52.1,0
"ME","Hot stable",52.2,0
"ME","Hot stable",52.3,0
"ME","Hot stable",52.4,0
"ME","Hot stable",52.5,0
"ME","Hot stable",52.6,0
"ME","Hot stable",52.7,0
"ME","Hot stable",52.8,0
"ME","Hot stable",52.9,0
"ME","Hot stable",53,0
"ME","Hot stable",53.1,0
"ME","Hot stable",53.2,0
"ME","Hot stable",53.3,0
"ME","Hot stable",53.4,0
"ME","Hot stable",53.5,0
"ME","Hot stable",53.6,0
"ME","Hot stable",53.7,0
"ME","Hot stable",53.8,0
"ME","Hot stable",53.9,0
"ME","Hot stable",54,0
"ME","Hot stable",54.1,0
"ME","Hot stable",54.2,0
"ME","Hot stable",54.3,0
"ME","Hot stable",54.4,0
"ME","Hot stable",54.5,0
"ME","Hot stable",54.6,0
"ME","Hot stable",54.7,0
"ME","Hot stable",54.8,0
"ME","Hot stable",54.9,0
"ME","Hot stable",55,0
"ME","Hot stable",55.1,0
"ME","Hot stable",55.2,0
"ME","Hot stable",55.3,0
"ME","Hot stable",55.4,0
"ME","Hot stable",55.5,0
"ME","Hot stable",55.6,0
"ME","Hot stable",55.7,0
"ME","Hot stable",55.8,0
"ME","Hot stable",55.9,0
"ME","Hot stable",56,0
"ME","Hot stable",56.1,0
"ME","Hot stable",56.2,0
"ME","Hot stable",56.3,0
"ME","Hot stable",56.4,0
"ME","Hot stable",56.5,0
"ME","Hot stable",56.6,0
"ME","Hot stable",56.7,0
"ME","Hot stable",56.8,0
"ME","Hot stable",56.9,0
"ME","Hot stable",57,0
"ME","Hot stable",57.1,0
"ME","Hot stable",57.2,0
"ME","Hot stable",57.3,0
"ME","Hot stable",57.4,0
"ME","Hot stable",57.5,0
"ME","Hot stable",57.6,0
"ME","Hot stable",57.7,0
"ME","Hot stable",57.8,0
"ME","Hot stable",57.9,0
"ME","Hot stable",58,0
"ME","Hot stable",58.1,0
"ME","Hot stable",58.2,0
"ME","Hot stable",58.3,0
"ME","Hot stable",58.4,0
"ME","Hot stable",58.5,0
"ME","Hot stable",58.6,0
"ME","Hot stable",58.7,0
"ME","Hot stable",58.8,0
"ME","Hot stable",58.9,0
"ME","Hot stable",59,0
"ME","Hot stable",59.1,0
"ME","Hot stable",59.2,0
"ME","Hot stable",59.3,0
"ME","Hot stable",59.4,0
"ME","Hot stable",59.5,0
"ME","Hot stable",59.6,0
"ME","Hot stable",59.7,0
"ME","Hot stable",59.8,0
"ME","Hot stable",59.9,0
"ME","Hot stable",60,0
"ME","Hot stable",60.1,0
"ME","Hot stable",60.2,0
"ME","Hot stable",60.3,0
"ME","Hot stable",60.4,0
"ME","Hot stable",60.5,0
"ME","Hot stable",60.6,0
"ME","Hot stable",60.7,0
"ME","Hot stable",60.8,0
"ME","Hot stable",60.9,0
"ME","Hot stable",61,0.000239529904127479
"ME","Hot stable",61.1,0.000488784233605114
"ME","Hot stable",61.2,0.000741192719746363
"ME","Hot stable",61.3,0.000996742377858613
"ME","Hot stable",61.4,0.00125542022324925
"ME","Hot stable",61.5,0.00151721327122557
"ME","Hot stable",61.6,0.00178210853709499
"ME","Hot stable",61.7,0.00205009303616478
"ME","Hot stable",61.8,0.00232115378374234
"ME","Hot stable",61.9,0.00259527779513507
"ME","Hot stable",62,0.00287245208565024
"ME","Hot stable",62.1,0.00315266367059527
"ME","Hot stable",62.2,0.00343589956527746
"ME","Hot stable",62.3,0.00372214678500418
"ME","Hot stable",62.4,0.00401139234508283
"ME","Hot stable",62.5,0.00430362326082069
"P","Cold stable",-5,0
"P","Cold stable",-4.9,0
"P","Cold stable",-4.8,0
"P","Cold stable",-4.7,0
"P","Cold stable",-4.6,0
"P","Cold stable",-4.5,0
"P","Cold stable",-4.4,0
"P","Cold stable",-4.3,0
"P","Cold stable",-4.2,0
"P","Cold stable",-4.1,0
"P","Cold stable",-4,0
"P","Cold stable",-3.9,0
"P","Cold stable",-3.8,0
"P","Cold stable",-3.7,0
"P","Cold stable",-3.6,0
"P","Cold stable",-3.5,0
"P","Cold stable",-3.4,0
"P","Cold stable",-3.3,0
"P","Cold stable",-3.2,0
"P","Cold stable",-3.1,0.00173175989019913
"P","Cold stable",-3,0.00494949181839208
"P","Cold stable",-2.9,0.00818176130762509
"P","Cold stable",-2.8,0.0114298597839347
"P","Cold stable",-2.7,0.0146950786733573
"P","Cold stable",-2.6,0.0179787094019294
"P","Cold stable",-2.5,0.0212820433956876
"P","Cold stable",-2.4,0.024615449221912
"P","Cold stable",-2.3,0.0279871739714783
"P","Cold stable",-2.2,0.0313953268558159
"P","Cold stable",-2.1,0.0348380170863542
"P","Cold stable",-2,0.0383133538745228
"P","Cold stable",-1.9,0.0418194464317512
"P","Cold stable",-1.8,0.0453544039694688
"P","Cold stable",-1.7,0.0489163356991051
"P","Cold stable",-1.6,0.0525033508320896
"P","Cold stable",-1.5,0.0561135585798518
"P","Cold stable",-1.4,0.0597450681538211
"P","Cold stable",-1.3,0.0633959887654271
"P","Cold stable",-1.2,0.0670644296260993
"P","Cold stable",-1.1,0.0707484999472671
"P","Cold stable",-1,0.0744463089403599
"P","Cold stable",-0.899999999999999,0.0781559658168074
"P","Cold stable",-0.8,0.0818755797880389
"P","Cold stable",-0.7,0.085603260065484
"P","Cold stable",-0.6,0.0893371158605722
"P","Cold stable",-0.5,0.0930752563847329
"P","Cold stable",-0.399999999999999,0.0968157908493956
"P","Cold stable",-0.3,0.10055682846599
"P","Cold stable",-0.199999999999999,0.104296478445945
"P","Cold stable",-0.0999999999999996,0.108032850000691
"P","Cold stable",0,0.111764052341656
"P","Cold stable",0.100000000000001,0.115488194680271
"P","Cold stable",0.2,0.119203386227965
"P","Cold stable",0.300000000000001,0.122907736196167
"P","Cold stable",0.4,0.126599353796308
"P","Cold stable",0.5,0.130276348239815
"P","Cold stable",0.600000000000001,0.13393682873812
"P","Cold stable",0.7,0.13757890450265
"P","Cold stable",0.800000000000001,0.141200684744837
"P","Cold stable",0.9,0.144800278676109
"P","Cold stable",1,0.148375795507895
"P","Cold stable",1.1,0.151925344451626
"P","Cold stable",1.2,0.155447034718731
"P","Cold stable",1.3,0.158938975520639
"P","Cold stable",1.4,0.16239927606878
"P","Cold stable",1.5,0.165826045574583
"P","Cold stable",1.6,0.169217393249477
"P","Cold stable",1.7,0.172571428304893
"P","Cold stable",1.8,0.175886259952259
"P","Cold stable",1.9,0.179159997403006
"P","Cold stable",2,0.182390749868562
"P","Cold stable",2.1,0.185576626560358
"P","Cold stable",2.2,0.188715736689822
"P","Cold stable",2.3,0.191806189468384
"P","Cold stable",2.4,0.194846094107473
"P","Cold stable",2.5,0.19783355981852
"P","Cold stable",2.6,0.200854440985118
"P","Cold stable",2.7,0.203991967850112
"P","Cold stable",2.8,0.207240313413803
"P","Cold stable",2.9,0.210593650676496
"P","Cold stable",3,0.214046152638491
"P","Cold stable",3.1,0.217591992300094
"P","Cold stable",3.2,0.221225342661605
"P","Cold stable",3.3,0.224940376723328
"P","Cold stable",3.4,0.228731267485566
"P","Cold stable",3.5,0.232592187948621
"P","Cold stable",3.6,0.236517311112796
"P","Cold stable",3.7,0.240500809978394
"P","Cold stable",3.8,0.244536857545718
"P","Cold stable",3.9,0.248619626815071
"P","Cold stable",4,0.252743290786755
"P","Cold stable",4.1,0.256902022461072
"P","Cold stable",4.2,0.261089994838327
"P","Cold stable",4.3,0.265301380918821
"P","Cold stable",4.4,0.269530353702858
"P","Cold stable",4.5,0.273771086190739
"P","Cold stable",4.6,0.278017751382769
"P","Cold stable",4.7,0.282264522279249
"P","Cold stable",4.8,0.286505571880483
"P","Cold stable",4.9,0.290735073186773
"P","Cold stable",5,0.294947199198422
"P","Cold stable",5.1,0.299136122915733
"P","Cold stable",5.2,0.303296017339008
"P","Cold stable",5.3,0.307421055468551
"P","Cold stable",5.4,0.311505410304664
"P","Cold stable",5.5,0.315543254847649
"P","Cold stable",5.6,0.319528762097811
"P","Cold stable",5.7,0.32345610505545
"P","Cold stable",5.8,0.327319456720871
"P","Cold stable",5.9,0.331112990094376
"P","Cold stable",6,0.334830878176267
"P","Cold stable",6.1,0.338467293966849
"P","Cold stable",6.2,0.342016410466422
"P","Cold stable",6.3,0.34547240067529
"P","Cold stable",6.4,0.348829437593757
"P","Cold stable",6.5,0.352081694222124
"P","Cold stable",6.6,0.355223343560694
"P","Cold stable",6.7,0.35824855860977
"P","Cold stable",6.8,0.361151512369656
"P","Cold stable",6.9,0.363926377840653
"P","Cold stable",7,0.366567328023064
"P","Cold stable",7.1,0.369068535917193
"P","Cold stable",7.2,0.371424174523342
"P","Cold stable",7.3,0.373628416841813
"P","Cold stable",7.4,0.375675435872911
"P","Cold stable",7.5,0.377559404616936
"P","Cold stable",7.6,0.379373309235928
"P","Cold stable",7.7,0.381211459353713
"P","Cold stable",7.8,0.383070013163276
"P","Cold stable",7.9,0.384945128857602
"P","Cold stable",8,0.386832964629678
"P","Cold stable",8.1,0.388729678672489
"P","Cold stable",8.2,0.390631429179019
"P","Cold stable",8.3,0.392534374342255
"P","Cold stable",8.4,0.394434672355182
"P","Cold stable",8.5,0.396328481410786
"P","Cold stable",8.6,0.398211959702051
"P","Cold stable",8.7,0.400081265421964
"P","Cold stable",8.8,0.401932556763509
"P","Cold stable",8.9,0.403761991919673
"P","Cold stable",9,0.40556572908344
"P","Cold stable",9.1,0.407339926447796
"P","Cold stable",9.2,0.409080742205727
"P","Cold stable",9.3,0.410784334550218
"P","Cold stable",9.4,0.412446861674255
"P","Cold stable",9.5,0.414064481770822
"P","Cold stable",9.6,0.415633353032906
"P","Cold stable",9.7,0.417149633653491
"P","Cold stable",9.8,0.418609481825564
"P","Cold stable",9.9,0.42000905574211
"P","Cold stable",10,0.421344513596113
"P","Cold stable",10.1,0.422612013580561
"P","Cold stable",10.2,0.423807713888437
"P","Cold stable",10.3,0.424927772712728
"P","Cold stable",10.4,0.425968348246419
"P","Cold stable",10.5,0.426925598682495
"P","Cold stable",10.6,0.427795682213942
"P","Cold stable",10.7,0.428574757033745
"P","Cold stable",10.8,0.429258981334891
"P","Cold stable",10.9,0.429844513310363
"P","Cold stable",11,0.430327511153148
"P","Cold stable",11.1,0.430704133056231
"P","Cold stable",11.2,0.430970537212598
"P","Cold stable",11.3,0.431122881815234
"P","Cold stable",11.4,0.431157325057124
"P","Cold stable",11.5,0.431070025131254
"P","Cold stable",11.6,0.430857140230609
"P","Cold stable",11.7,0.430514828548176
"P","Cold stable",11.8,0.430039248276938
"P","Cold stable",11.9,0.429426557609882
"P","Cold stable",12,0.428672914739994
"P","Cold stable",12.1,0.427774477860258
"P","Cold stable",12.2,0.42672740516366
"P","Cold stable",12.3,0.425527854843186
"P","Cold stable",12.4,0.42417198509182
"P","Cold stable",12.5,0.422655954102549
"P","Cold stable",12.6,0.420857180647673
"P","Cold stable",12.7,0.418665589494024
"P","Cold stable",12.8,0.416096097826381
"P","Cold stable",12.9,0.413163622829524
"P","Cold stable",13,0.409883081688234
"P","Cold stable",13.1,0.40626939158729
"P","Cold stable",13.2,0.402337469711474
"P","Cold stable",13.3,0.398102233245564
"P","Cold stable",13.4,0.393578599374341
"P","Cold stable",13.5,0.388781485282585
"P","Cold stable",13.6,0.383725808155077
"P","Cold stable",13.7,0.378426485176596
"P","Cold stable",13.8,0.372898433531923
"P","Cold stable",13.9,0.367156570405837
"P","Cold stable",14,0.36121581298312
"P","Cold stable",14.1,0.35509107844855
"P","Cold stable",14.2,0.348797283986908
"P","Cold stable",14.3,0.342349346782975
"P","Cold stable",14.4,0.335762184021529
"P","Cold stable",14.5,0.329050712887353
"P","Cold stable",14.6,0.322229850565224
"P","Cold stable",14.7,0.315314514239925
"P","Cold stable",14.8,0.308319621096234
"P","Cold stable",14.9,0.301260088318932
"P","Cold stable",15,0.2941508330928
"P","Cold stable",15.1,0.287006772602616
"P","Cold stable",15.2,0.279842824033162
"P","Cold stable",15.3,0.272673904569217
"P","Cold stable",15.4,0.265514931395562
"P","Cold stable",15.5,0.258380821696977
"P","Cold stable",15.6,0.251286492658241
"P","Cold stable",15.7,0.244246861464135
"P","Cold stable",15.8,0.23727684529944
"P","Cold stable",15.9,0.230391361348934
"P","Cold stable",16,0.2236053267974
"P","Cold stable",16.1,0.216933658829615
"P","Cold stable",16.2,0.210391274630361
"P","Cold stable",16.3,0.203993091384418
"P","Cold stable",16.4,0.197754026276565
"P","Cold stable",16.5,0.191688996491584
"P","Cold stable",16.6,0.185812919214254
"P","Cold stable",16.7,0.180140711629355
"P","Cold stable",16.8,0.174687290921667
"P","Cold stable",16.9,0.169467574275971
"P","Cold stable",17,0.164496478877046
"P","Cold stable",17.1,0.159788921909673
"P","Cold stable",17.2,0.155359820558632
"P","Cold stable",17.3,0.151224092008703
"P","Cold stable",17.4,0.147396653444666
"P","Cold stable",17.5,0.143892422051301
"P","Cold stable",17.6,0.140520777109713
"P","Cold stable",17.7,0.137083874897297
"P","Cold stable",17.8,0.13358579809327
"P","Cold stable",17.9,0.130030629376848
"P","Cold stable",18,0.126422451427248
"P","Cold stable",18.1,0.122765346923686
"P","Cold stable",18.2,0.119063398545378
"P","Cold stable",18.3,0.115320688971542
"P","Cold stable",18.4,0.111541300881393
"P","Cold stable",18.5,0.107729316954148
"P","Cold stable",18.6,0.103888819869023
"P","Cold stable",18.7,0.100023892305236
"P","Cold stable",18.8,0.0961386169420021
"P","Cold stable",18.9,0.0922370764585381
"P","Cold stable",19,0.0883233535340605
"P","Cold stable",19.1,0.0844015308477858
"P","Cold stable",19.2,0.0804756910789304
"P","Cold stable",19.3,0.076549916906711
"P","Cold stable",19.4,0.0726282910103438
"P","Cold stable",19.5,0.0687148960690456
"P","Cold stable",19.6,0.0648138147620324
"P","Cold stable",19.7,0.060929129768521
"P","Cold stable",19.8,0.057064923767728
"P","Cold stable",19.9,0.0532252794388696
"P","Cold stable",20,0.0494142794611624
"P","Cold stable",20.1,0.0456360065138228
"P","Cold stable",20.2,0.0418945432760674
"P","Cold stable",20.3,0.0381939724271126
"P","Cold stable",20.4,0.0345383766461749
"P","Cold stable",20.5,0.0309318386124708
"P","Cold stable",20.6,0.0273784410052166
"P","Cold stable",20.7,0.023882266503629
"P","Cold stable",20.8,0.0204473977869245
"P","Cold stable",20.9,0.0170779175343194
"P","Cold stable",21,0.0137779084250303
"P","Cold stable",21.1,0.0105514531382735
"P","Cold stable",21.2,0.00740263435326562
"P","Cold stable",21.3,0.00433553474922324
"P","Cold stable",21.4,0.0013542370053626
"P","Cold stable",21.5,0
"P","Cold stable",21.6,0
"P","Cold stable",21.7,0
"P","Cold stable",21.8,0
"P","Cold stable",21.9,0
"P","Cold stable",22,0
"P","Cold stable",22.1,0
"P","Cold stable",22.2,0
"P","Cold stable",22.3,0
"P","Cold stable",22.4,0
"P","Cold stable",22.5,0
"P","Cold stable",22.6,0
"P","Cold stable",22.7,0
"P","Cold stable",22.8,0
"P","Cold stable",22.9,0
"P","Cold stable",23,0
"P","Cold stable",23.1,0
"P","Cold stable",23.2,0
"P","Cold stable",23.3,0
"P","Cold stable",23.4,0
"P","Cold stable",23.5,0
"P","Cold stable",23.6,0
"P","Cold stable",23.7,0
"P","Cold stable",23.8,0
"P","Cold stable",23.9,0
"P","Cold stable",24,0
"P","Cold stable",24.1,0
"P","Cold stable",24.2,0
"P","Cold stable",24.3,0
"P","Cold stable",24.4,0
"P","Cold stable",24.5,0
"P","Cold stable",24.6,0
"P","Cold stable",24.7,0
"P","Cold stable",24.8,0
"P","Cold stable",24.9,0
"P","Cold stable",25,0
"P","Cold stable",25.1,0
"P","Cold stable",25.2,0
"P","Cold stable",25.3,0
"P","Cold stable",25.4,0
"P","Cold stable",25.5,0
"P","Cold stable",25.6,0
"P","Cold stable",25.7,0
"P","Cold stable",25.8,0
"P","Cold stable",25.9,0
"P","Cold stable",26,0
"P","Cold stable",26.1,0
"P","Cold stable",26.2,0
"P","Cold stable",26.3,0
"P","Cold stable",26.4,0
"P","Cold stable",26.5,0
"P","Cold stable",26.6,0
"P","Cold stable",26.7,0
"P","Cold stable",26.8,0
"P","Cold stable",26.9,0
"P","Cold stable",27,0
"P","Cold stable",27.1,0
"P","Cold stable",27.2,0
"P","Cold stable",27.3,0
"P","Cold stable",27.4,0
"P","Cold stable",27.5,0
"P","Cold stable",27.6,0
"P","Cold stable",27.7,0
"P","Cold stable",27.8,0
"P","Cold stable",27.9,0
"P","Cold stable",28,0
"P","Cold stable",28.1,0
"P","Cold stable",28.2,0
"P","Cold stable",28.3,0
"P","Cold stable",28.4,0
"P","Cold stable",28.5,0
"P","Cold stable",28.6,0
"P","Cold stable",28.7,0
"P","Cold stable",28.8,0
"P","Cold stable",28.9,0
"P","Cold stable",29,0
"P","Cold stable",29.1,0
"P","Cold stable",29.2,0
"P","Cold stable",29.3,0
"P","Cold stable",29.4,0
"P","Cold stable",29.5,0
"P","Cold stable",29.6,0
"P","Cold stable",29.7,0
"P","Cold stable",29.8,0
"P","Cold stable",29.9,0
"P","Cold stable",30,0
"P","Cold stable",30.1,0
"P","Cold stable",30.2,0
"P","Cold stable",30.3,0
"P","Cold stable",30.4,0
"P","Cold stable",30.5,0
"P","Cold stable",30.6,0
"P","Cold stable",30.7,0
"P","Cold stable",30.8,0
"P","Cold stable",30.9,0
"P","Cold stable",31,0
"P","Cold stable",31.1,0
"P","Cold stable",31.2,0
"P","Cold stable",31.3,0
"P","Cold stable",31.4,0
"P","Cold stable",31.5,0
"P","Cold stable",31.6,0
"P","Cold stable",31.7,0
"P","Cold stable",31.8,0
"P","Cold stable",31.9,0
"P","Cold stable",32,0
"P","Cold stable",32.1,0
"P","Cold stable",32.2,0
"P","Cold stable",32.3,0
"P","Cold stable",32.4,0
"P","Cold stable",32.5,0
"P","Cold stable",32.6,0
"P","Cold stable",32.7,0
"P","Cold stable",32.8,0
"P","Cold stable",32.9,0
"P","Cold stable",33,0
"P","Cold stable",33.1,0
"P","Cold stable",33.2,0
"P","Cold stable",33.3,0
"P","Cold stable",33.4,0
"P","Cold stable",33.5,0
"P","Cold stable",33.6,0
"P","Cold stable",33.7,0
"P","Cold stable",33.8,0
"P","Cold stable",33.9,0
"P","Cold stable",34,0
"P","Cold stable",34.1,0
"P","Cold stable",34.2,0
"P","Cold stable",34.3,0
"P","Cold stable",34.4,0
"P","Cold stable",34.5,0
"P","Cold stable",34.6,0
"P","Cold stable",34.7,0
"P","Cold stable",34.8,0
"P","Cold stable",34.9,0
"P","Cold stable",35,0
"P","Cold stable",35.1,0
"P","Cold stable",35.2,0
"P","Cold stable",35.3,0
"P","Cold stable",35.4,0
"P","Cold stable",35.5,0
"P","Cold stable",35.6,0
"P","Cold stable",35.7,0
"P","Cold stable",35.8,0
"P","Cold stable",35.9,0
"P","Cold stable",36,0
"P","Cold stable",36.1,0
"P","Cold stable",36.2,0
"P","Cold stable",36.3,0
"P","Cold stable",36.4,0
"P","Cold stable",36.5,0
"P","Cold stable",36.6,0
"P","Cold stable",36.7,0
"P","Cold stable",36.8,0
"P","Cold stable",36.9,0
"P","Cold stable",37,0
"P","Cold stable",37.1,0
"P","Cold stable",37.2,0
"P","Cold stable",37.3,0
"P","Cold stable",37.4,0
"P","Cold stable",37.5,0
"P","Cold stable",37.6,0
"P","Cold stable",37.7,0
"P","Cold stable",37.8,0
"P","Cold stable",37.9,0
"P","Cold stable",38,0
"P","Cold stable",38.1,0
"P","Cold stable",38.2,0
"P","Cold stable",38.3,0
"P","Cold stable",38.4,0
"P","Cold stable",38.5,0
"P","Cold stable",38.6,0
"P","Cold stable",38.7,0
"P","Cold stable",38.8,0
"P","Cold stable",38.9,0
"P","Cold stable",39,0
"P","Cold stable",39.1,0
"P","Cold stable",39.2,0
"P","Cold stable",39.3,0
"P","Cold stable",39.4,0
"P","Cold stable",39.5,0
"P","Cold stable",39.6,0
"P","Cold stable",39.7,0
"P","Cold stable",39.8,0
"P","Cold stable",39.9,0
"P","Cold stable",40,0
"P","Cold stable",40.1,0
"P","Cold stable",40.2,0
"P","Cold stable",40.3,0
"P","Cold stable",40.4,0
"P","Cold stable",40.5,0
"P","Cold stable",40.6,0
"P","Cold stable",40.7,0
"P","Cold stable",40.8,0
"P","Cold stable",40.9,0
"P","Cold stable",41,0
"P","Cold stable",41.1,0
"P","Cold stable",41.2,0
"P","Cold stable",41.3,0
"P","Cold stable",41.4,0
"P","Cold stable",41.5,0
"P","Cold stable",41.6,0
"P","Cold stable",41.7,0
"P","Cold stable",41.8,0
"P","Cold stable",41.9,0
"P","Cold stable",42,0
"P","Cold stable",42.1,0
"P","Cold stable",42.2,0
"P","Cold stable",42.3,0
"P","Cold stable",42.4,0
"P","Cold stable",42.5,0
"P","Cold stable",42.6,0
"P","Cold stable",42.7,0
"P","Cold stable",42.8,0
"P","Cold stable",42.9,0
"P","Cold stable",43,0
"P","Cold stable",43.1,0
"P","Cold stable",43.2,0
"P","Cold stable",43.3,0
"P","Cold stable",43.4,0
"P","Cold stable",43.5,0
"P","Cold stable",43.6,0
"P","Cold stable",43.7,0
"P","Cold stable",43.8,0
"P","Cold stable",43.9,0
"P","Cold stable",44,0
"P","Cold stable",44.1,0
"P","Cold stable",44.2,0
"P","Cold stable",44.3,0
"P","Cold stable",44.4,0
"P","Cold stable",44.5,0
"P","Cold stable",44.6,0
"P","Cold stable",44.7,0
"P","Cold stable",44.8,0
"P","Cold stable",44.9,0
"P","Cold stable",45,0
"P","Cold stable",45.1,0
"P","Cold stable",45.2,0
"P","Cold stable",45.3,0
"P","Cold stable",45.4,0
"P","Cold stable",45.5,0
"P","Cold stable",45.6,0
"P","Cold stable",45.7,0
"P","Cold stable",45.8,0
"P","Cold stable",45.9,0
"P","Cold stable",46,0
"P","Cold stable",46.1,0
"P","Cold stable",46.2,0
"P","Cold stable",46.3,0
"P","Cold stable",46.4,0
"P","Cold stable",46.5,0
"P","Cold stable",46.6,0
"P","Cold stable",46.7,0
"P","Cold stable",46.8,0
"P","Cold stable",46.9,0
"P","Cold stable",47,0
"P","Cold stable",47.1,0
"P","Cold stable",47.2,0
"P","Cold stable",47.3,0
"P","Cold stable",47.4,0
"P","Cold stable",47.5,0
"P","Cold stable",47.6,0
"P","Cold stable",47.7,0
"P","Cold stable",47.8,0
"P","Cold stable",47.9,0
"P","Cold stable",48,0
"P","Cold stable",48.1,0
"P","Cold stable",48.2,0
"P","Cold stable",48.3,0
"P","Cold stable",48.4,0
"P","Cold stable",48.5,0
"P","Cold stable",48.6,0
"P","Cold stable",48.7,0
"P","Cold stable",48.8,0
"P","Cold stable",48.9,0
"P","Cold stable",49,0
"P","Cold stable",49.1,0
"P","Cold stable",49.2,0
"P","Cold stable",49.3,0
"P","Cold stable",49.4,0
"P","Cold stable",49.5,0
"P","Cold stable",49.6,0
"P","Cold stable",49.7,0
"P","Cold stable",49.8,0
"P","Cold stable",49.9,0
"P","Cold stable",50,0
"P","Cold stable",50.1,0
"P","Cold stable",50.2,0
"P","Cold stable",50.3,0
"P","Cold stable",50.4,0
"P","Cold stable",50.5,0
"P","Cold stable",50.6,0
"P","Cold stable",50.7,0
"P","Cold stable",50.8,0
"P","Cold stable",50.9,0
"P","Cold stable",51,0
"P","Cold stable",51.1,0
"P","Cold stable",51.2,0
"P","Cold stable",51.3,0
"P","Cold stable",51.4,0
"P","Cold stable",51.5,0
"P","Cold stable",51.6,0
"P","Cold stable",51.7,0
"P","Cold stable",51.8,0
"P","Cold stable",51.9,0
"P","Cold stable",52,0
"P","Cold stable",52.1,0
"P","Cold stable",52.2,0
"P","Cold stable",52.3,0
"P","Cold stable",52.4,0
"P","Cold stable",52.5,0
"P","Cold stable",52.6,0
"P","Cold stable",52.7,0
"P","Cold stable",52.8,0
"P","Cold stable",52.9,0
"P","Cold stable",53,0
"P","Cold stable",53.1,0
"P","Cold stable",53.2,0
"P","Cold stable",53.3,0
"P","Cold stable",53.4,0
"P","Cold stable",53.5,0
"P","Cold stable",53.6,0
"P","Cold stable",53.7,0
"P","Cold stable",53.8,0
"P","Cold stable",53.9,0
"P","Cold stable",54,0
"P","Cold stable",54.1,0
"P","Cold stable",54.2,0
"P","Cold stable",54.3,0
"P","Cold stable",54.4,0
"P","Cold stable",54.5,0
"P","Cold stable",54.6,0
"P","Cold stable",54.7,0
"P","Cold stable",54.8,0
"P","Cold stable",54.9,0
"P","Cold stable",55,0
"P","Cold stable",55.1,0
"P","Cold stable",55.2,0
"P","Cold stable",55.3,0
"P","Cold stable",55.4,0
"P","Cold stable",55.5,0
"P","Cold stable",55.6,0
"P","Cold stable",55.7,0
"P","Cold stable",55.8,0
"P","Cold stable",55.9,0
"P","Cold stable",56,0
"P","Cold stable",56.1,0
"P","Cold stable",56.2,0
"P","Cold stable",56.3,0
"P","Cold stable",56.4,0
"P","Cold stable",56.5,0
"P","Cold stable",56.6,0
"P","Cold stable",56.7,0
"P","Cold stable",56.8,0
"P","Cold stable",56.9,0
"P","Cold stable",57,0
"P","Cold stable",57.1,0
"P","Cold stable",57.2,0
"P","Cold stable",57.3,0
"P","Cold stable",57.4,0
"P","Cold stable",57.5,0
"P","Cold stable",57.6,0
"P","Cold stable",57.7,0
"P","Cold stable",57.8,0
"P","Cold stable",57.9,0
"P","Cold stable",58,0
"P","Cold stable",58.1,0
"P","Cold stable",58.2,0
"P","Cold stable",58.3,0
"P","Cold stable",58.4,0
"P","Cold stable",58.5,0
"P","Cold stable",58.6,0
"P","Cold stable",58.7,0
"P","Cold stable",58.8,0
"P","Cold stable",58.9,0
"P","Cold stable",59,0
"P","Cold stable",59.1,0
"P","Cold stable",59.2,0
"P","Cold stable",59.3,0
"P","Cold stable",59.4,0
"P","Cold stable",59.5,0
"P","Cold stable",59.6,0
"P","Cold stable",59.7,0
"P","Cold stable",59.8,0
"P","Cold stable",59.9,0
"P","Cold stable",60,0
"P","Cold stable",60.1,0
"P","Cold stable",60.2,0
"P","Cold stable",60.3,0
"P","Cold stable",60.4,0
"P","Cold stable",60.5,0
"P","Cold stable",60.6,0
"P","Cold stable",60.7,0
"P","Cold stable",60.8,0
"P","Cold stable",60.9,0
"P","Cold stable",61,0
"P","Cold stable",61.1,0
"P","Cold stable",61.2,0
"P","Cold stable",61.3,0
"P","Cold stable",61.4,0
"P","Cold stable",61.5,0
"P","Cold stable",61.6,0
"P","Cold stable",61.7,0
"P","Cold stable",61.8,0
"P","Cold stable",61.9,0
"P","Cold stable",62,0
"P","Cold stable",62.1,0
"P","Cold stable",62.2,0
"P","Cold stable",62.3,0
"P","Cold stable",62.4,0
"P","Cold stable",62.5,0
"PF","Hot variable",-5,0
"PF","Hot variable",-4.9,0
"PF","Hot variable",-4.8,0
"PF","Hot variable",-4.7,0
"PF","Hot variable",-4.6,0
"PF","Hot variable",-4.5,0
"PF","Hot variable",-4.4,0
"PF","Hot variable",-4.3,0
"PF","Hot variable",-4.2,0
"PF","Hot variable",-4.1,0
"PF","Hot variable",-4,0
"PF","Hot variable",-3.9,0
"PF","Hot variable",-3.8,0
"PF","Hot variable",-3.7,0
"PF","Hot variable",-3.6,0
"PF","Hot variable",-3.5,0
"PF","Hot variable",-3.4,0
"PF","Hot variable",-3.3,0
"PF","Hot variable",-3.2,0
"PF","Hot variable",-3.1,0
"PF","Hot variable",-3,0
"PF","Hot variable",-2.9,0
"PF","Hot variable",-2.8,0
"PF","Hot variable",-2.7,0
"PF","Hot variable",-2.6,0
"PF","Hot variable",-2.5,0
"PF","Hot variable",-2.4,0
"PF","Hot variable",-2.3,0.000408646840544649
"PF","Hot variable",-2.2,0.00106171419067203
"PF","Hot variable",-2.1,0.00173786492629206
"PF","Hot variable",-2,0.00243655010183366
"PF","Hot variable",-1.9,0.00315722077172578
"PF","Hot variable",-1.8,0.00389932799039735
"PF","Hot variable",-1.7,0.0046623228122773
"PF","Hot variable",-1.6,0.00544565629179456
"PF","Hot variable",-1.5,0.00624877948337808
"PF","Hot variable",-1.4,0.00707114344145678
"PF","Hot variable",-1.3,0.00791219922045961
"PF","Hot variable",-1.2,0.00877139787481549
"PF","Hot variable",-1.1,0.00964819045895337
"PF","Hot variable",-1,0.0105420280273022
"PF","Hot variable",-0.899999999999999,0.0114523616342908
"PF","Hot variable",-0.8,0.0123786423343483
"PF","Hot variable",-0.7,0.0133203211819035
"PF","Hot variable",-0.6,0.0142768492313853
"PF","Hot variable",-0.5,0.0152476775372228
"PF","Hot variable",-0.399999999999999,0.0162322571538447
"PF","Hot variable",-0.3,0.0172300391356802
"PF","Hot variable",-0.199999999999999,0.0182404745371581
"PF","Hot variable",-0.0999999999999996,0.0192630144127073
"PF","Hot variable",0,0.0202971098167567
"PF","Hot variable",0.100000000000001,0.0213422118037354
"PF","Hot variable",0.2,0.0223977714280722
"PF","Hot variable",0.300000000000001,0.0234632397441961
"PF","Hot variable",0.4,0.024538067806536
"PF","Hot variable",0.5,0.0256217066695209
"PF","Hot variable",0.600000000000001,0.0267136073875797
"PF","Hot variable",0.7,0.0278132210151412
"PF","Hot variable",0.800000000000001,0.0289199986066345
"PF","Hot variable",0.9,0.0300333912164885
"PF","Hot variable",1,0.0311528498991322
"PF","Hot variable",1.1,0.0322778257089943
"PF","Hot variable",1.2,0.033407769700504
"PF","Hot variable",1.3,0.0345421329280901
"PF","Hot variable",1.4,0.0356803664461816
"PF","Hot variable",1.5,0.0368219213092073
"PF","Hot variable",1.6,0.0379662485715963
"PF","Hot variable",1.7,0.0391127992877775
"PF","Hot variable",1.8,0.0402610245121797
"PF","Hot variable",1.9,0.041410375299232
"PF","Hot variable",2,0.0425603027033632
"PF","Hot variable",2.1,0.0437102577790024
"PF","Hot variable",2.2,0.0448596915805784
"PF","Hot variable",2.3,0.0460080551625202
"PF","Hot variable",2.4,0.0471547995792567
"PF","Hot variable",2.5,0.0482993758852168
"PF","Hot variable",2.6,0.0494665457833914
"PF","Hot variable",2.7,0.0506803120518248
"PF","Hot variable",2.8,0.0519389873575255
"PF","Hot variable",2.9,0.0532408843675024
"PF","Hot variable",3,0.0545843157487644
"PF","Hot variable",3.1,0.0559675941683202
"PF","Hot variable",3.2,0.0573890322931785
"PF","Hot variable",3.3,0.0588469427903482
"PF","Hot variable",3.4,0.060339638326838
"PF","Hot variable",3.5,0.0618654315696568
"PF","Hot variable",3.6,0.0634226351858133
"PF","Hot variable",3.7,0.0650095618423163
"PF","Hot variable",3.8,0.0666245242061746
"PF","Hot variable",3.9,0.0682658349443969
"PF","Hot variable",4,0.0699318067239921
"PF","Hot variable",4.1,0.071620752211969
"PF","Hot variable",4.2,0.0733309840753363
"PF","Hot variable",4.3,0.0750608149811028
"PF","Hot variable",4.4,0.0768085575962773
"PF","Hot variable",4.5,0.0785725245878687
"PF","Hot variable",4.6,0.0803510286228856
"PF","Hot variable",4.7,0.0821423823683368
"PF","Hot variable",4.8,0.0839448984912312
"PF","Hot variable",4.9,0.0857568896585775
"PF","Hot variable",5,0.0875766685373845
"PF","Hot variable",5.1,0.0894025477946611
"PF","Hot variable",5.2,0.091232840097416
"PF","Hot variable",5.3,0.0930658581126579
"PF","Hot variable",5.4,0.0948999145073956
"PF","Hot variable",5.5,0.0967333219486381
"PF","Hot variable",5.6,0.0985643931033939
"PF","Hot variable",5.7,0.100391440638672
"PF","Hot variable",5.8,0.102212777221481
"PF","Hot variable",5.9,0.10402671551883
"PF","Hot variable",6,0.105831568197727
"PF","Hot variable",6.1,0.107625647925182
"PF","Hot variable",6.2,0.109407267368203
"PF","Hot variable",6.3,0.111174739193799
"PF","Hot variable",6.4,0.112926376068979
"PF","Hot variable",6.5,0.114660490660751
"PF","Hot variable",6.6,0.116375395636124
"PF","Hot variable",6.7,0.118069403662107
"PF","Hot variable",6.8,0.11974082740571
"PF","Hot variable",6.9,0.12138797953394
"PF","Hot variable",7,0.123009172713806
"PF","Hot variable",7.1,0.124602719612318
"PF","Hot variable",7.2,0.126166932896483
"PF","Hot variable",7.3,0.127700125233312
"PF","Hot variable",7.4,0.129200609289812
"PF","Hot variable",7.5,0.130666697732992
"PF","Hot variable",7.6,0.132158119727089
"PF","Hot variable",7.7,0.133732864824159
"PF","Hot variable",7.8,0.135386636272943
"PF","Hot variable",7.9,0.137115137322183
"PF","Hot variable",8,0.138914071220619
"PF","Hot variable",8.1,0.140779141216991
"PF","Hot variable",8.2,0.142706050560042
"PF","Hot variable",8.3,0.144690502498511
"PF","Hot variable",8.4,0.14672820028114
"PF","Hot variable",8.5,0.148814847156668
"PF","Hot variable",8.6,0.150946146373838
"PF","Hot variable",8.7,0.153117801181391
"PF","Hot variable",8.8,0.155325514828066
"PF","Hot variable",8.9,0.157564990562604
"PF","Hot variable",9,0.159831931633747
"PF","Hot variable",9.1,0.162122041290236
"PF","Hot variable",9.2,0.164431022780811
"PF","Hot variable",9.3,0.166754579354213
"PF","Hot variable",9.4,0.169088414259183
"PF","Hot variable",9.5,0.171428230744462
"PF","Hot variable",9.6,0.17376973205879
"PF","Hot variable",9.7,0.176108621450909
"PF","Hot variable",9.8,0.17844060216956
"PF","Hot variable",9.9,0.180761377463483
"PF","Hot variable",10,0.183066650581418
"PF","Hot variable",10.1,0.185352124772108
"PF","Hot variable",10.2,0.187613503284292
"PF","Hot variable",10.3,0.189846489366712
"PF","Hot variable",10.4,0.192046786268109
"PF","Hot variable",10.5,0.194210097237222
"PF","Hot variable",10.6,0.196332125522794
"PF","Hot variable",10.7,0.198408574373565
"PF","Hot variable",10.8,0.200435147038276
"PF","Hot variable",10.9,0.202407546765668
"PF","Hot variable",11,0.204321476804481
"PF","Hot variable",11.1,0.206172640403456
"PF","Hot variable",11.2,0.207956740811335
"PF","Hot variable",11.3,0.209669481276858
"PF","Hot variable",11.4,0.211306565048766
"PF","Hot variable",11.5,0.212863695375799
"PF","Hot variable",11.6,0.2143365755067
"PF","Hot variable",11.7,0.215720908690208
"PF","Hot variable",11.8,0.217012398175064
"PF","Hot variable",11.9,0.218206747210009
"PF","Hot variable",12,0.219299659043785
"PF","Hot variable",12.1,0.220286836925131
"PF","Hot variable",12.2,0.221163984102789
"PF","Hot variable",12.3,0.2219268038255
"PF","Hot variable",12.4,0.222570999342005
"PF","Hot variable",12.5,0.223092273901043
"PF","Hot variable",12.6,0.22350267968455
"PF","Hot variable",12.7,0.223819056599145
"PF","Hot variable",12.8,0.224044289480598
"PF","Hot variable",12.9,0.224181263164677
"PF","Hot variable",13,0.224232862487154
"PF","Hot variable",13.1,0.224201972283796
"PF","Hot variable",13.2,0.224091477390373
"PF","Hot variable",13.3,0.223904262642656
"PF","Hot variable",13.4,0.223643212876413
"PF","Hot variable",13.5,0.223311212927413
"PF","Hot variable",13.6,0.222911147631427
"PF","Hot variable",13.7,0.222445901824224
"PF","Hot variable",13.8,0.221918360341573
"PF","Hot variable",13.9,0.221331408019244
"PF","Hot variable",14,0.220687929693005
"PF","Hot variable",14.1,0.219990810198628
"PF","Hot variable",14.2,0.21924293437188
"PF","Hot variable",14.3,0.218447187048532
"PF","Hot variable",14.4,0.217606453064353
"PF","Hot variable",14.5,0.216723617255112
"PF","Hot variable",14.6,0.21580156445658
"PF","Hot variable",14.7,0.214843179504524
"PF","Hot variable",14.8,0.213851347234716
"PF","Hot variable",14.9,0.212828952482924
"PF","Hot variable",15,0.211778880084917
"PF","Hot variable",15.1,0.210704014876466
"PF","Hot variable",15.2,0.20960724169334
"PF","Hot variable",15.3,0.208491445371307
"PF","Hot variable",15.4,0.207359510746139
"PF","Hot variable",15.5,0.206214322653603
"PF","Hot variable",15.6,0.20505876592947
"PF","Hot variable",15.7,0.203895725409509
"PF","Hot variable",15.8,0.20272808592949
"PF","Hot variable",15.9,0.201558732325181
"PF","Hot variable",16,0.200390549432353
"PF","Hot variable",16.1,0.199226422086774
"PF","Hot variable",16.2,0.198069235124215
"PF","Hot variable",16.3,0.196921873380445
"PF","Hot variable",16.4,0.195787221691233
"PF","Hot variable",16.5,0.194668164892349
"PF","Hot variable",16.6,0.193567587819562
"PF","Hot variable",16.7,0.192488375308641
"PF","Hot variable",16.8,0.191433412195357
"PF","Hot variable",16.9,0.190405583315478
"PF","Hot variable",17,0.189407773504774
"PF","Hot variable",17.1,0.188442867599015
"PF","Hot variable",17.2,0.18751375043397
"PF","Hot variable",17.3,0.186623306845408
"PF","Hot variable",17.4,0.185774421669099
"PF","Hot variable",17.5,0.184969979740812
"PF","Hot variable",17.6,0.184126476298582
"PF","Hot variable",17.7,0.183161931643954
"PF","Hot variable",17.8,0.182081518207969
"PF","Hot variable",17.9,0.180890408421665
"PF","Hot variable",18,0.179593774716081
"PF","Hot variable",18.1,0.178196789522258
"PF","Hot variable",18.2,0.176704625271233
"PF","Hot variable",18.3,0.175122454394047
"PF","Hot variable",18.4,0.173455449321738
"PF","Hot variable",18.5,0.171708782485346
"PF","Hot variable",18.6,0.16988762631591
"PF","Hot variable",18.7,0.167997153244469
"PF","Hot variable",18.8,0.166042535702062
"PF","Hot variable",18.9,0.164028946119729
"PF","Hot variable",19,0.161961556928509
"PF","Hot variable",19.1,0.159845540559441
"PF","Hot variable",19.2,0.157686069443564
"PF","Hot variable",19.3,0.155488316011918
"PF","Hot variable",19.4,0.153257452695541
"PF","Hot variable",19.5,0.150998651925473
"PF","Hot variable",19.6,0.148717086132754
"PF","Hot variable",19.7,0.146417927748421
"PF","Hot variable",19.8,0.144106349203516
"PF","Hot variable",19.9,0.141787522929076
"PF","Hot variable",20,0.139466621356141
"PF","Hot variable",20.1,0.13714881691575
"PF","Hot variable",20.2,0.134839282038943
"PF","Hot variable",20.3,0.132543189156758
"PF","Hot variable",20.4,0.130265710700236
"PF","Hot variable",20.5,0.128012019100414
"PF","Hot variable",20.6,0.125787286788333
"PF","Hot variable",20.7,0.123596686195031
"PF","Hot variable",20.8,0.121445389751549
"PF","Hot variable",20.9,0.119338569888924
"PF","Hot variable",21,0.117281399038196
"PF","Hot variable",21.1,0.115279049630405
"PF","Hot variable",21.2,0.11333669409659
"PF","Hot variable",21.3,0.111459504867789
"PF","Hot variable",21.4,0.109652654375042
"PF","Hot variable",21.5,0.107921315049389
"PF","Hot variable",21.6,0.106270659321869
"PF","Hot variable",21.7,0.10470585962352
"PF","Hot variable",21.8,0.103232088385382
"PF","Hot variable",21.9,0.101854518038494
"PF","Hot variable",22,0.100578321013896
"PF","Hot variable",22.1,0.0994086697426263
"PF","Hot variable",22.2,0.0983507366557245
"PF","Hot variable",22.3,0.0974096941842298
"PF","Hot variable",22.4,0.0965907147591814
"PF","Hot variable",22.5,0.0958989708116186
"PF","Hot variable",22.6,0.0953048908956014
"PF","Hot variable",22.7,0.0947740818858919
"PF","Hot variable",22.8,0.094304483694582
"PF","Hot variable",22.9,0.0938940362337634
"PF","Hot variable",23,0.093540679415528
"PF","Hot variable",23.1,0.0932423531519677
"PF","Hot variable",23.2,0.0929969973551745
"PF","Hot variable",23.3,0.0928025519372401
"PF","Hot variable",23.4,0.0926569568102564
"PF","Hot variable",23.5,0.0925581518863153
"PF","Hot variable",23.6,0.0925040770775086
"PF","Hot variable",23.7,0.0924926722959282
"PF","Hot variable",23.8,0.092521877453666
"PF","Hot variable",23.9,0.0925896324628139
"PF","Hot variable",24,0.0926938772354636
"PF","Hot variable",24.1,0.0928325516837071
"PF","Hot variable",24.2,0.0930035957196364
"PF","Hot variable",24.3,0.093204949255343
"PF","Hot variable",24.4,0.0934345522029191
"PF","Hot variable",24.5,0.0936903444744564
"PF","Hot variable",24.6,0.0939702659820468
"PF","Hot variable",24.7,0.0942722566377822
"PF","Hot variable",24.8,0.0945942563537544
"PF","Hot variable",24.9,0.0949342050420554
"PF","Hot variable",25,0.0952900426147768
"PF","Hot variable",25.1,0.0956597089840108
"PF","Hot variable",25.2,0.0960411440618491
"PF","Hot variable",25.3,0.0964322877603835
"PF","Hot variable",25.4,0.0968310799917059
"PF","Hot variable",25.5,0.0972354606679083
"PF","Hot variable",25.6,0.0976433697010824
"PF","Hot variable",25.7,0.0980527470033202
"PF","Hot variable",25.8,0.0984615324867135
"PF","Hot variable",25.9,0.0988676660633541
"PF","Hot variable",26,0.0992690876453339
"PF","Hot variable",26.1,0.0996637371447449
"PF","Hot variable",26.2,0.100049554473679
"PF","Hot variable",26.3,0.100424479544228
"PF","Hot variable",26.4,0.100786452268483
"PF","Hot variable",26.5,0.101133412558537
"PF","Hot variable",26.6,0.101463300326482
"PF","Hot variable",26.7,0.101774055484408
"PF","Hot variable",26.8,0.102063617944409
"PF","Hot variable",26.9,0.102329927618576
"PF","Hot variable",27,0.102570924419001
"PF","Hot variable",27.1,0.102784548257776
"PF","Hot variable",27.2,0.102968739046992
"PF","Hot variable",27.3,0.103121436698742
"PF","Hot variable",27.4,0.103240581125117
"PF","Hot variable",27.5,0.103324112238209
"PF","Hot variable",27.6,0.103432628773248
"PF","Hot variable",27.7,0.103625601283138
"PF","Hot variable",27.8,0.103899277406487
"PF","Hot variable",27.9,0.1042499047819
"PF","Hot variable",28,0.104673731047985
"PF","Hot variable",28.1,0.105167003843347
"PF","Hot variable",28.2,0.105725970806595
"PF","Hot variable",28.3,0.106346879576333
"PF","Hot variable",28.4,0.107025977791168
"PF","Hot variable",28.5,0.107759513089708
"PF","Hot variable",28.6,0.108543733110558
"PF","Hot variable",28.7,0.109374885492326
"PF","Hot variable",28.8,0.110249217873617
"PF","Hot variable",28.9,0.111162977893038
"PF","Hot variable",29,0.112112413189197
"PF","Hot variable",29.1,0.113093771400698
"PF","Hot variable",29.2,0.11410330016615
"PF","Hot variable",29.3,0.115137247124158
"PF","Hot variable",29.4,0.116191859913329
"PF","Hot variable",29.5,0.11726338617227
"PF","Hot variable",29.6,0.118348073539586
"PF","Hot variable",29.7,0.119442169653885
"PF","Hot variable",29.8,0.120541922153774
"PF","Hot variable",29.9,0.121643578677858
"PF","Hot variable",30,0.122743386864745
"PF","Hot variable",30.1,0.12383759435304
"PF","Hot variable",30.2,0.12492244878135
"PF","Hot variable",30.3,0.125994197788283
"PF","Hot variable",30.4,0.127049089012444
"PF","Hot variable",30.5,0.12808337009244
"PF","Hot variable",30.6,0.129093288666877
"PF","Hot variable",30.7,0.130075092374363
"PF","Hot variable",30.8,0.131025028853503
"PF","Hot variable",30.9,0.131939345742905
"PF","Hot variable",31,0.132814290681174
"PF","Hot variable",31.1,0.133646111306917
"PF","Hot variable",31.2,0.134431055258741
"PF","Hot variable",31.3,0.135165370175253
"PF","Hot variable",31.4,0.135845303695058
"PF","Hot variable",31.5,0.136467103456764
"PF","Hot variable",31.6,0.137027017098977
"PF","Hot variable",31.7,0.137521292260304
"PF","Hot variable",31.8,0.13794617657935
"PF","Hot variable",31.9,0.138297917694724
"PF","Hot variable",32,0.13857276324503
"PF","Hot variable",32.1,0.138766960868876
"PF","Hot variable",32.2,0.138876758204868
"PF","Hot variable",32.3,0.138898402891614
"PF","Hot variable",32.4,0.138828142567718
"PF","Hot variable",32.5,0.138662224871789
"PF","Hot variable",32.6,0.138426576004118
"PF","Hot variable",32.7,0.138150366435976
"PF","Hot variable",32.8,0.137834710212435
"PF","Hot variable",32.9,0.137480721378568
"PF","Hot variable",33,0.137089513979447
"PF","Hot variable",33.1,0.136662202060145
"PF","Hot variable",33.2,0.136199899665735
"PF","Hot variable",33.3,0.135703720841288
"PF","Hot variable",33.4,0.135174779631878
"PF","Hot variable",33.5,0.134614190082577
"PF","Hot variable",33.6,0.134023066238458
"PF","Hot variable",33.7,0.133402522144593
"PF","Hot variable",33.8,0.132753671846054
"PF","Hot variable",33.9,0.132077629387915
"PF","Hot variable",34,0.131375508815247
"PF","Hot variable",34.1,0.130648424173124
"PF","Hot variable",34.2,0.129897489506618
"PF","Hot variable",34.3,0.1291238188608
"PF","Hot variable",34.4,0.128328526280745
"PF","Hot variable",34.5,0.127512725811525
"PF","Hot variable",34.6,0.126677531498211
"PF","Hot variable",34.7,0.125824057385877
"PF","Hot variable",34.8,0.124953417519595
"PF","Hot variable",34.9,0.124066725944438
"PF","Hot variable",35,0.123165096705478
"PF","Hot variable",35.1,0.122249643847787
"PF","Hot variable",35.2,0.121321481416439
"PF","Hot variable",35.3,0.120381723456506
"PF","Hot variable",35.4,0.11943148401306
"PF","Hot variable",35.5,0.118471877131174
"PF","Hot variable",35.6,0.11750401685592
"PF","Hot variable",35.7,0.116529017232371
"PF","Hot variable",35.8,0.1155479923056
"PF","Hot variable",35.9,0.114562056120679
"PF","Hot variable",36,0.11357232272268
"PF","Hot variable",36.1,0.112579906156677
"PF","Hot variable",36.2,0.111585920467741
"PF","Hot variable",36.3,0.110591479700946
"PF","Hot variable",36.4,0.109597697901363
"PF","Hot variable",36.5,0.108605689114066
"PF","Hot variable",36.6,0.107616567384126
"PF","Hot variable",36.7,0.106631446756617
"PF","Hot variable",36.8,0.105651441276611
"PF","Hot variable",36.9,0.10467766498918
"PF","Hot variable",37,0.103711231939397
"PF","Hot variable",37.1,0.102753256172335
"PF","Hot variable",37.2,0.101804851733066
"PF","Hot variable",37.3,0.100867132666663
"PF","Hot variable",37.4,0.0999412130181974
"PF","Hot variable",37.5,0.099028206832743
"PF","Hot variable",37.6,0.0980784309239972
"PF","Hot variable",37.7,0.0970438186960491
"PF","Hot variable",37.8,0.0959279090795581
"PF","Hot variable",37.9,0.0947342410051833
"PF","Hot variable",38,0.0934663534035843
"PF","Hot variable",38.1,0.09212778520542
"PF","Hot variable",38.2,0.0907220753413499
"PF","Hot variable",38.3,0.0892527627420332
"PF","Hot variable",38.4,0.0877233863381292
"PF","Hot variable",38.5,0.0861374850602974
"PF","Hot variable",38.6,0.0844985978391966
"PF","Hot variable",38.7,0.0828102636054864
"PF","Hot variable",38.8,0.081076021289826
"PF","Hot variable",38.9,0.0792994098228748
"PF","Hot variable",39,0.077483968135292
"PF","Hot variable",39.1,0.0756332351577367
"PF","Hot variable",39.2,0.0737507498208684
"PF","Hot variable",39.3,0.0718400510553463
"PF","Hot variable",39.4,0.0699046777918297
"PF","Hot variable",39.5,0.067948168960978
"PF","Hot variable",39.6,0.0659740634934502
"PF","Hot variable",39.7,0.0639859003199057
"PF","Hot variable",39.8,0.0619872183710039
"PF","Hot variable",39.9,0.0599815565774039
"PF","Hot variable",40,0.0579724538697652
"PF","Hot variable",40.1,0.0559634491787468
"PF","Hot variable",40.2,0.0539580814350082
"PF","Hot variable",40.3,0.0519598895692085
"PF","Hot variable",40.4,0.0499724125120071
"PF","Hot variable",40.5,0.0479991891940634
"PF","Hot variable",40.6,0.0460437585460364
"PF","Hot variable",40.7,0.0441096594985855
"PF","Hot variable",40.8,0.04220043098237
"PF","Hot variable",40.9,0.0403196119280492
"PF","Hot variable",41,0.0384707412662824
"PF","Hot variable",41.1,0.0366573579277287
"PF","Hot variable",41.2,0.0348830008430476
"PF","Hot variable",41.3,0.0331512089428982
"PF","Hot variable",41.4,0.0314655211579399
"PF","Hot variable",41.5,0.029829476418832
"PF","Hot variable",41.6,0.0282466136562337
"PF","Hot variable",41.7,0.0267204718008042
"PF","Hot variable",41.8,0.0252545897832029
"PF","Hot variable",41.9,0.0238525065340891
"PF","Hot variable",42,0.0225177609841221
"PF","Hot variable",42.1,0.021253892063961
"PF","Hot variable",42.2,0.0200644387042652
"PF","Hot variable",42.3,0.018952939835694
"PF","Hot variable",42.4,0.0179229343889066
"PF","Hot variable",42.5,0.0169779612945624
"PF","Hot variable",42.6,0.0160891661799235
"PF","Hot variable",42.7,0.0152249871318248
"PF","Hot variable",42.8,0.014384901770284
"PF","Hot variable",42.9,0.0135683877153191
"PF","Hot variable",43,0.012774922586948
"PF","Hot variable",43.1,0.0120039840051884
"PF","Hot variable",43.2,0.0112550495900583
"PF","Hot variable",43.3,0.0105275969615756
"PF","Hot variable",43.4,0.00982110373975814
"PF","Hot variable",43.5,0.00913504754462384
"PF","Hot variable",43.6,0.00846890599619049
"PF","Hot variable",43.7,0.00782215671447602
"PF","Hot variable",43.8,0.00719427731949829
"PF","Hot variable",43.9,0.00658474543127521
"PF","Hot variable",44,0.00599303866982466
"PF","Hot variable",44.1,0.00541863465516445
"PF","Hot variable",44.2,0.00486101100731251
"PF","Hot variable",44.3,0.0043196453462867
"PF","Hot variable",44.4,0.00379401529210492
"PF","Hot variable",44.5,0.00328359846478506
"PF","Hot variable",44.6,0.00278787248434493
"PF","Hot variable",44.7,0.00230631497080245
"PF","Hot variable",44.8,0.00183840354417549
"PF","Hot variable",44.9,0.00138361582448193
"PF","Hot variable",45,0.000941429431739685
"PF","Hot variable",45.1,0.000511321985966563
"PF","Hot variable",45.2,9.27711071804695e-05
"PF","Hot variable",45.3,0
"PF","Hot variable",45.4,0
"PF","Hot variable",45.5,0
"PF","Hot variable",45.6,0
"PF","Hot variable",45.7,0
"PF","Hot variable",45.8,0
"PF","Hot variable",45.9,0
"PF","Hot variable",46,0
"PF","Hot variable",46.1,0
"PF","Hot variable",46.2,0
"PF","Hot variable",46.3,0
"PF","Hot variable",46.4,0
"PF","Hot variable",46.5,0
"PF","Hot variable",46.6,0
"PF","Hot variable",46.7,0
"PF","Hot variable",46.8,0
"PF","Hot variable",46.9,0
"PF","Hot variable",47,0
"PF","Hot variable",47.1,0
"PF","Hot variable",47.2,0
"PF","Hot variable",47.3,0
"PF","Hot variable",47.4,0
"PF","Hot variable",47.5,0
"PF","Hot variable",47.6,0
"PF","Hot variable",47.7,0
"PF","Hot variable",47.8,0
"PF","Hot variable",47.9,0
"PF","Hot variable",48,0
"PF","Hot variable",48.1,0
"PF","Hot variable",48.2,0
"PF","Hot variable",48.3,0
"PF","Hot variable",48.4,0
"PF","Hot variable",48.5,0
"PF","Hot variable",48.6,0
"PF","Hot variable",48.7,0
"PF","Hot variable",48.8,0
"PF","Hot variable",48.9,0
"PF","Hot variable",49,0
"PF","Hot variable",49.1,0
"PF","Hot variable",49.2,0
"PF","Hot variable",49.3,0
"PF","Hot variable",49.4,0
"PF","Hot variable",49.5,0
"PF","Hot variable",49.6,0
"PF","Hot variable",49.7,0
"PF","Hot variable",49.8,0
"PF","Hot variable",49.9,0
"PF","Hot variable",50,0
"PF","Hot variable",50.1,0
"PF","Hot variable",50.2,0
"PF","Hot variable",50.3,0
"PF","Hot variable",50.4,0
"PF","Hot variable",50.5,0
"PF","Hot variable",50.6,0
"PF","Hot variable",50.7,0
"PF","Hot variable",50.8,0
"PF","Hot variable",50.9,0
"PF","Hot variable",51,0
"PF","Hot variable",51.1,0
"PF","Hot variable",51.2,0
"PF","Hot variable",51.3,0
"PF","Hot variable",51.4,0
"PF","Hot variable",51.5,0
"PF","Hot variable",51.6,0
"PF","Hot variable",51.7,0
"PF","Hot variable",51.8,0
"PF","Hot variable",51.9,0
"PF","Hot variable",52,0
"PF","Hot variable",52.1,0
"PF","Hot variable",52.2,0
"PF","Hot variable",52.3,0
"PF","Hot variable",52.4,0
"PF","Hot variable",52.5,0
"PF","Hot variable",52.6,0
"PF","Hot variable",52.7,0
"PF","Hot variable",52.8,0
"PF","Hot variable",52.9,0
"PF","Hot variable",53,0
"PF","Hot variable",53.1,0
"PF","Hot variable",53.2,0
"PF","Hot variable",53.3,0
"PF","Hot variable",53.4,0
"PF","Hot variable",53.5,0
"PF","Hot variable",53.6,0
"PF","Hot variable",53.7,0
"PF","Hot variable",53.8,0
"PF","Hot variable",53.9,0
"PF","Hot variable",54,0
"PF","Hot variable",54.1,0
"PF","Hot variable",54.2,0
"PF","Hot variable",54.3,0
"PF","Hot variable",54.4,0
"PF","Hot variable",54.5,0
"PF","Hot variable",54.6,0
"PF","Hot variable",54.7,0
"PF","Hot variable",54.8,0
"PF","Hot variable",54.9,0
"PF","Hot variable",55,0
"PF","Hot variable",55.1,0
"PF","Hot variable",55.2,0
"PF","Hot variable",55.3,0
"PF","Hot variable",55.4,0
"PF","Hot variable",55.5,0
"PF","Hot variable",55.6,0
"PF","Hot variable",55.7,0
"PF","Hot variable",55.8,0
"PF","Hot variable",55.9,0
"PF","Hot variable",56,0
"PF","Hot variable",56.1,0
"PF","Hot variable",56.2,0
"PF","Hot variable",56.3,0
"PF","Hot variable",56.4,0
"PF","Hot variable",56.5,0
"PF","Hot variable",56.6,0
"PF","Hot variable",56.7,0
"PF","Hot variable",56.8,0
"PF","Hot variable",56.9,0
"PF","Hot variable",57,0
"PF","Hot variable",57.1,0
"PF","Hot variable",57.2,0
"PF","Hot variable",57.3,0
"PF","Hot variable",57.4,0
"PF","Hot variable",57.5,0
"PF","Hot variable",57.6,0
"PF","Hot variable",57.7,0
"PF","Hot variable",57.8,0
"PF","Hot variable",57.9,0
"PF","Hot variable",58,0
"PF","Hot variable",58.1,0
"PF","Hot variable",58.2,0
"PF","Hot variable",58.3,0
"PF","Hot variable",58.4,0
"PF","Hot variable",58.5,0
"PF","Hot variable",58.6,0
"PF","Hot variable",58.7,0
"PF","Hot variable",58.8,0
"PF","Hot variable",58.9,0
"PF","Hot variable",59,0
"PF","Hot variable",59.1,0
"PF","Hot variable",59.2,0
"PF","Hot variable",59.3,0
"PF","Hot variable",59.4,0
"PF","Hot variable",59.5,0
"PF","Hot variable",59.6,0
"PF","Hot variable",59.7,0
"PF","Hot variable",59.8,0
"PF","Hot variable",59.9,0
"PF","Hot variable",60,0
"PF","Hot variable",60.1,0
"PF","Hot variable",60.2,0
"PF","Hot variable",60.3,0
"PF","Hot variable",60.4,0
"PF","Hot variable",60.5,0
"PF","Hot variable",60.6,0
"PF","Hot variable",60.7,0
"PF","Hot variable",60.8,0
"PF","Hot variable",60.9,0
"PF","Hot variable",61,0.000186950169075103
"PF","Hot variable",61.1,0.000381490133545453
"PF","Hot variable",61.2,0.000578491878826429
"PF","Hot variable",61.3,0.000777945270523794
"PF","Hot variable",61.4,0.00097984017424332
"PF","Hot variable",61.5,0.00118416645559069
"PF","Hot variable",61.6,0.0013909139801717
"PF","Hot variable",61.7,0.00160007261359202
"PF","Hot variable",61.8,0.00181163222145744
"PF","Hot variable",61.9,0.00202558266937371
"PF","Hot variable",62,0.00224191382294653
"PF","Hot variable",62.1,0.00246061554778168
"PF","Hot variable",62.2,0.00268167770948484
"PF","Hot variable",62.3,0.0029050901736618
"PF","Hot variable",62.4,0.00313084280591831
"PF","Hot variable",62.5,0.00335892547186005
"QR","Hot variable",-5,0
"QR","Hot variable",-4.9,0
"QR","Hot variable",-4.8,0
"QR","Hot variable",-4.7,0
"QR","Hot variable",-4.6,0
"QR","Hot variable",-4.5,0
"QR","Hot variable",-4.4,0
"QR","Hot variable",-4.3,0
"QR","Hot variable",-4.2,0
"QR","Hot variable",-4.1,0
"QR","Hot variable",-4,0
"QR","Hot variable",-3.9,0
"QR","Hot variable",-3.8,0
"QR","Hot variable",-3.7,0
"QR","Hot variable",-3.6,0
"QR","Hot variable",-3.5,0
"QR","Hot variable",-3.4,0
"QR","Hot variable",-3.3,0
"QR","Hot variable",-3.2,0
"QR","Hot variable",-3.1,0
"QR","Hot variable",-3,0
"QR","Hot variable",-2.9,0
"QR","Hot variable",-2.8,0
"QR","Hot variable",-2.7,0
"QR","Hot variable",-2.6,0
"QR","Hot variable",-2.5,0
"QR","Hot variable",-2.4,0
"QR","Hot variable",-2.3,0
"QR","Hot variable",-2.2,0
"QR","Hot variable",-2.1,0
"QR","Hot variable",-2,0
"QR","Hot variable",-1.9,0
"QR","Hot variable",-1.8,0
"QR","Hot variable",-1.7,0
"QR","Hot variable",-1.6,0
"QR","Hot variable",-1.5,0.000889554251205248
"QR","Hot variable",-1.4,0.00197459947265153
"QR","Hot variable",-1.3,0.00309963742186613
"QR","Hot variable",-1.2,0.00426352710124533
"QR","Hot variable",-1.1,0.00546512751318547
"QR","Hot variable",-1,0.00670329766008285
"QR","Hot variable",-0.899999999999999,0.00797689654433381
"QR","Hot variable",-0.8,0.00928478316833462
"QR","Hot variable",-0.7,0.0106258165344816
"QR","Hot variable",-0.6,0.0119988556451711
"QR","Hot variable",-0.5,0.0134027595027995
"QR","Hot variable",-0.399999999999999,0.0148363871097629
"QR","Hot variable",-0.3,0.0162985974684578
"QR","Hot variable",-0.199999999999999,0.0177882495812805
"QR","Hot variable",-0.0999999999999996,0.0193042024506272
"QR","Hot variable",0,0.0208453150788944
"QR","Hot variable",0.100000000000001,0.0224104464684782
"QR","Hot variable",0.2,0.023998455621775
"QR","Hot variable",0.300000000000001,0.0256082015411812
"QR","Hot variable",0.4,0.027238543229093
"QR","Hot variable",0.5,0.0288883396879068
"QR","Hot variable",0.600000000000001,0.0305564499200189
"QR","Hot variable",0.7,0.0322417329278255
"QR","Hot variable",0.800000000000001,0.033943047713723
"QR","Hot variable",0.9,0.0356592532801078
"QR","Hot variable",1,0.0373892086293761
"QR","Hot variable",1.1,0.0391317727639242
"QR","Hot variable",1.2,0.0408858046861485
"QR","Hot variable",1.3,0.0426501633984452
"QR","Hot variable",1.4,0.0444237079032108
"QR","Hot variable",1.5,0.0462052972028414
"QR","Hot variable",1.6,0.0479937902997335
"QR","Hot variable",1.7,0.0497880461962832
"QR","Hot variable",1.8,0.0515869238948871
"QR","Hot variable",1.9,0.0533892823979413
"QR","Hot variable",2,0.0551939807078421
"QR","Hot variable",2.1,0.056999877826986
"QR","Hot variable",2.2,0.0588058327577691
"QR","Hot variable",2.3,0.0606107045025879
"QR","Hot variable",2.4,0.0624133520638385
"QR","Hot variable",2.5,0.0642126344439174
"QR","Hot variable",2.6,0.0660615427933714
"QR","Hot variable",2.7,0.0680113838236192
"QR","Hot variable",2.8,0.0700584898783649
"QR","Hot variable",2.9,0.072199193301313
"QR","Hot variable",3,0.0744298264361677
"QR","Hot variable",3.1,0.0767467216266332
"QR","Hot variable",3.2,0.0791462112164139
"QR","Hot variable",3.3,0.0816246275492139
"QR","Hot variable",3.4,0.0841783029687376
"QR","Hot variable",3.5,0.0868035698186892
"QR","Hot variable",3.6,0.089496760442773
"QR","Hot variable",3.7,0.0922542071846932
"QR","Hot variable",3.8,0.0950722423881542
"QR","Hot variable",3.9,0.0979471983968601
"QR","Hot variable",4,0.100875407554515
"QR","Hot variable",4.1,0.103853202204824
"QR","Hot variable",4.2,0.106876914691491
"QR","Hot variable",4.3,0.109942877358219
"QR","Hot variable",4.4,0.113047422548714
"QR","Hot variable",4.5,0.11618688260668
"QR","Hot variable",4.6,0.11935758987582
"QR","Hot variable",4.7,0.122555876699839
"QR","Hot variable",4.8,0.125778075422442
"QR","Hot variable",4.9,0.129020518387333
"QR","Hot variable",5,0.132279537938215
"QR","Hot variable",5.1,0.135551466418794
"QR","Hot variable",5.2,0.138832636172773
"QR","Hot variable",5.3,0.142119379543857
"QR","Hot variable",5.4,0.145408028875749
"QR","Hot variable",5.5,0.148694916512156
"QR","Hot variable",5.6,0.151976374796779
"QR","Hot variable",5.7,0.155248736073325
"QR","Hot variable",5.8,0.158508332685496
"QR","Hot variable",5.9,0.161751496976998
"QR","Hot variable",6,0.164974561291534
"QR","Hot variable",6.1,0.16817385797281
"QR","Hot variable",6.2,0.171345719364528
"QR","Hot variable",6.3,0.174486477810394
"QR","Hot variable",6.4,0.177592465654111
"QR","Hot variable",6.5,0.180660015239385
"QR","Hot variable",6.6,0.183685458909918
"QR","Hot variable",6.7,0.186665129009416
"QR","Hot variable",6.8,0.189595357881583
"QR","Hot variable",6.9,0.192472477870123
"QR","Hot variable",7,0.19529282131874
"QR","Hot variable",7.1,0.198052720571138
"QR","Hot variable",7.2,0.200748507971023
"QR","Hot variable",7.3,0.203376515862097
"QR","Hot variable",7.4,0.205933076588066
"QR","Hot variable",7.5,0.208414522492634
"QR","Hot variable",7.6,0.210937850811072
"QR","Hot variable",7.7,0.213617115578488
"QR","Hot variable",7.8,0.216444234338341
"QR","Hot variable",7.9,0.219411124634089
"QR","Hot variable",8,0.22250970400919
"QR","Hot variable",8.1,0.225731890007102
"QR","Hot variable",8.2,0.229069600171284
"QR","Hot variable",8.3,0.232514752045193
"QR","Hot variable",8.4,0.236059263172289
"QR","Hot variable",8.5,0.239695051096028
"QR","Hot variable",8.6,0.24341403335987
"QR","Hot variable",8.7,0.247208127507272
"QR","Hot variable",8.8,0.251069251081693
"QR","Hot variable",8.9,0.254989321626591
"QR","Hot variable",9,0.258960256685424
"QR","Hot variable",9.1,0.262973973801651
"QR","Hot variable",9.2,0.267022390518729
"QR","Hot variable",9.3,0.271097424380117
"QR","Hot variable",9.4,0.275190992929273
"QR","Hot variable",9.5,0.279295013709655
"QR","Hot variable",9.6,0.283401404264721
"QR","Hot variable",9.7,0.28750208213793
"QR","Hot variable",9.8,0.29158896487274
"QR","Hot variable",9.9,0.295653970012609
"QR","Hot variable",10,0.299689015100995
"QR","Hot variable",10.1,0.303686017681357
"QR","Hot variable",10.2,0.307636895297152
"QR","Hot variable",10.3,0.311533565491839
"QR","Hot variable",10.4,0.315367945808877
"QR","Hot variable",10.5,0.319131953791722
"QR","Hot variable",10.6,0.322817506983834
"QR","Hot variable",10.7,0.326416522928671
"QR","Hot variable",10.8,0.32992091916969
"QR","Hot variable",10.9,0.333322613250351
"QR","Hot variable",11,0.336613522714111
"QR","Hot variable",11.1,0.339785565104428
"QR","Hot variable",11.2,0.342830657964762
"QR","Hot variable",11.3,0.345740718838569
"QR","Hot variable",11.4,0.348507665269308
"QR","Hot variable",11.5,0.351123414800438
"QR","Hot variable",11.6,0.353579884975417
"QR","Hot variable",11.7,0.355868993337702
"QR","Hot variable",11.8,0.357982657430752
"QR","Hot variable",11.9,0.359912794798025
"QR","Hot variable",12,0.36165132298298
"QR","Hot variable",12.1,0.363190159529074
"QR","Hot variable",12.2,0.364521221979766
"QR","Hot variable",12.3,0.365636427878515
"QR","Hot variable",12.4,0.366527694768777
"QR","Hot variable",12.5,0.367186940194012
"QR","Hot variable",12.6,0.367641710918417
"QR","Hot variable",12.7,0.367928252262489
"QR","Hot variable",12.8,0.368051529604129
"QR","Hot variable",12.9,0.368016508321243
"QR","Hot variable",13,0.367828153791734
"QR","Hot variable",13.1,0.367491431393505
"QR","Hot variable",13.2,0.367011306504461
"QR","Hot variable",13.3,0.366392744502505
"QR","Hot variable",13.4,0.365640710765542
"QR","Hot variable",13.5,0.364760170671474
"QR","Hot variable",13.6,0.363756089598205
"QR","Hot variable",13.7,0.362633432923641
"QR","Hot variable",13.8,0.361397166025683
"QR","Hot variable",13.9,0.360052254282236
"QR","Hot variable",14,0.358603663071204
"QR","Hot variable",14.1,0.35705635777049
"QR","Hot variable",14.2,0.355415303757998
"QR","Hot variable",14.3,0.353685466411632
"QR","Hot variable",14.4,0.351871811109296
"QR","Hot variable",14.5,0.349979303228894
"QR","Hot variable",14.6,0.348012908148329
"QR","Hot variable",14.7,0.345977591245505
"QR","Hot variable",14.8,0.343878317898325
"QR","Hot variable",14.9,0.341720053484695
"QR","Hot variable",15,0.339507763382516
"QR","Hot variable",15.1,0.337246412969694
"QR","Hot variable",15.2,0.334940967624131
"QR","Hot variable",15.3,0.332596392723733
"QR","Hot variable",15.4,0.330217653646401
"QR","Hot variable",15.5,0.327809715770041
"QR","Hot variable",15.6,0.325377544472556
"QR","Hot variable",15.7,0.322926105131849
"QR","Hot variable",15.8,0.320460363125826
"QR","Hot variable",15.9,0.317985283832388
"QR","Hot variable",16,0.31550583262944
"QR","Hot variable",16.1,0.313026974894886
"QR","Hot variable",16.2,0.31055367600663
"QR","Hot variable",16.3,0.308090901342575
"QR","Hot variable",16.4,0.305643616280625
"QR","Hot variable",16.5,0.303216786198684
"QR","Hot variable",16.6,0.300815376474655
"QR","Hot variable",16.7,0.298444352486443
"QR","Hot variable",16.8,0.296108679611952
"QR","Hot variable",16.9,0.293813323229084
"QR","Hot variable",17,0.291563248715744
"QR","Hot variable",17.1,0.289363421449835
"QR","Hot variable",17.2,0.287218806809261
"QR","Hot variable",17.3,0.285134370171927
"QR","Hot variable",17.4,0.283115076915735
"QR","Hot variable",17.5,0.28116589241859
"QR","Hot variable",17.6,0.279136021216978
"QR","Hot variable",17.7,0.276877593413724
"QR","Hot variable",17.8,0.274399962736247
"QR","Hot variable",17.9,0.271712482911961
"QR","Hot variable",18,0.268824507668282
"QR","Hot variable",18.1,0.265745390732627
"QR","Hot variable",18.2,0.262484485832412
"QR","Hot variable",18.3,0.259051146695052
"QR","Hot variable",18.4,0.255454727047964
"QR","Hot variable",18.5,0.251704580618564
"QR","Hot variable",18.6,0.247810061134266
"QR","Hot variable",18.7,0.243780522322489
"QR","Hot variable",18.8,0.239625317910647
"QR","Hot variable",18.9,0.235353801626156
"QR","Hot variable",19,0.230975327196433
"QR","Hot variable",19.1,0.226499248348893
"QR","Hot variable",19.2,0.221934918810953
"QR","Hot variable",19.3,0.217291692310028
"QR","Hot variable",19.4,0.212578922573535
"QR","Hot variable",19.5,0.20780596332889
"QR","Hot variable",19.6,0.202982168303507
"QR","Hot variable",19.7,0.198116891224804
"QR","Hot variable",19.8,0.193219485820197
"QR","Hot variable",19.9,0.188299305817101
"QR","Hot variable",20,0.183365704942932
"QR","Hot variable",20.1,0.178428036925107
"QR","Hot variable",20.2,0.173495655491041
"QR","Hot variable",20.3,0.168577914368151
"QR","Hot variable",20.4,0.163684167283852
"QR","Hot variable",20.5,0.158823767965561
"QR","Hot variable",20.6,0.154006070140692
"QR","Hot variable",20.7,0.149240427536663
"QR","Hot variable",20.8,0.14453619388089
"QR","Hot variable",20.9,0.139902722900788
"QR","Hot variable",21,0.135349368323773
"QR","Hot variable",21.1,0.130885483877262
"QR","Hot variable",21.2,0.126520423288669
"QR","Hot variable",21.3,0.122263540285413
"QR","Hot variable",21.4,0.118124188594907
"QR","Hot variable",21.5,0.114111721944569
"QR","Hot variable",21.6,0.110235494061814
"QR","Hot variable",21.7,0.106504858674059
"QR","Hot variable",21.8,0.102929169508718
"QR","Hot variable",21.9,0.0995177802932094
"QR","Hot variable",22,0.0962800447549477
"QR","Hot variable",22.1,0.0932253166213492
"QR","Hot variable",22.2,0.09036294961983
"QR","Hot variable",22.3,0.0877022974778061
"QR","Hot variable",22.4,0.0852527139226933
"QR","Hot variable",22.5,0.0830235526819079
"QR","Hot variable",22.6,0.0809600389544711
"QR","Hot variable",22.7,0.0789989949904426
"QR","Hot variable",22.8,0.0771371700937956
"QR","Hot variable",22.9,0.0753713135685031
"QR","Hot variable",23,0.0736981747185383
"QR","Hot variable",23.1,0.0721145028478745
"QR","Hot variable",23.2,0.0706170472604847
"QR","Hot variable",23.3,0.0692025572603421
"QR","Hot variable",23.4,0.0678677821514198
"QR","Hot variable",23.5,0.066609471237691
"QR","Hot variable",23.6,0.0654243738231288
"QR","Hot variable",23.7,0.0643092392117065
"QR","Hot variable",23.8,0.0632608167073971
"QR","Hot variable",23.9,0.0622758556141738
"QR","Hot variable",24,0.0613511052360097
"QR","Hot variable",24.1,0.060483314876878
"QR","Hot variable",24.2,0.0596692338407519
"QR","Hot variable",24.3,0.0589056114316045
"QR","Hot variable",24.4,0.0581891969534089
"QR","Hot variable",24.5,0.0575167397101384
"QR","Hot variable",24.6,0.056884989005766
"QR","Hot variable",24.7,0.0562906941442649
"QR","Hot variable",24.8,0.0557306044296082
"QR","Hot variable",24.9,0.0552014691657692
"QR","Hot variable",25,0.0547000376567209
"QR","Hot variable",25.1,0.0542230592064365
"QR","Hot variable",25.2,0.0537672831188892
"QR","Hot variable",25.3,0.0533294586980521
"QR","Hot variable",25.4,0.0529063352478984
"QR","Hot variable",25.5,0.0524946620724012
"QR","Hot variable",25.6,0.0520911884755336
"QR","Hot variable",25.7,0.0516926637612688
"QR","Hot variable",25.8,0.0512958372335801
"QR","Hot variable",25.9,0.0508974581964404
"QR","Hot variable",26,0.050494275953823
"QR","Hot variable",26.1,0.050083039809701
"QR","Hot variable",26.2,0.0496604990680476
"QR","Hot variable",26.3,0.049223403032836
"QR","Hot variable",26.4,0.0487685010080392
"QR","Hot variable",26.5,0.0482925422976304
"QR","Hot variable",26.6,0.0477922762055828
"QR","Hot variable",26.7,0.0472644520358695
"QR","Hot variable",26.8,0.0467058190924637
"QR","Hot variable",26.9,0.0461131266793385
"QR","Hot variable",27,0.0454831241004671
"QR","Hot variable",27.1,0.0448125606598227
"QR","Hot variable",27.2,0.0440981856613783
"QR","Hot variable",27.3,0.0433367484091071
"QR","Hot variable",27.4,0.0425249982069824
"QR","Hot variable",27.5,0.0416596843589772
"QR","Hot variable",27.6,0.0407782260369291
"QR","Hot variable",27.7,0.0399198236410311
"QR","Hot variable",27.8,0.0390838983177896
"QR","Hot variable",27.9,0.038269871213711
"QR","Hot variable",28,0.0374771634753013
"QR","Hot variable",28.1,0.0367051962490669
"QR","Hot variable",28.2,0.0359533906815142
"QR","Hot variable",28.3,0.0352211679191495
"QR","Hot variable",28.4,0.034507949108479
"QR","Hot variable",28.5,0.033813155396009
"QR","Hot variable",28.6,0.0331362079282458
"QR","Hot variable",28.7,0.0324765278516958
"QR","Hot variable",28.8,0.0318335363128652
"QR","Hot variable",28.9,0.0312066544582603
"QR","Hot variable",29,0.0305953034343874
"QR","Hot variable",29.1,0.0299989043877528
"QR","Hot variable",29.2,0.0294168784648629
"QR","Hot variable",29.3,0.0288486468122238
"QR","Hot variable",29.4,0.028293630576342
"QR","Hot variable",29.5,0.0277512509037236
"QR","Hot variable",29.6,0.027220928940875
"QR","Hot variable",29.7,0.0267020858343025
"QR","Hot variable",29.8,0.0261941427305123
"QR","Hot variable",29.9,0.0256965207760109
"QR","Hot variable",30,0.0252086411173045
"QR","Hot variable",30.1,0.0247299249008993
"QR","Hot variable",30.2,0.0242597932733016
"QR","Hot variable",30.3,0.0237976673810179
"QR","Hot variable",30.4,0.0233429683705543
"QR","Hot variable",30.5,0.0228951173884172
"QR","Hot variable",30.6,0.0224535355811128
"QR","Hot variable",30.7,0.0220176440951475
"QR","Hot variable",30.8,0.0215868640770275
"QR","Hot variable",30.9,0.0211606166732591
"QR","Hot variable",31,0.0207383230303487
"QR","Hot variable",31.1,0.0203194042948026
"QR","Hot variable",31.2,0.0199032816131269
"QR","Hot variable",31.3,0.0194893761318281
"QR","Hot variable",31.4,0.0190771089974124
"QR","Hot variable",31.5,0.0186659013563862
"QR","Hot variable",31.6,0.0182551743552556
"QR","Hot variable",31.7,0.0178443491405271
"QR","Hot variable",31.8,0.0174328468587069
"QR","Hot variable",31.9,0.0170200886563013
"QR","Hot variable",32,0.0166054956798166
"QR","Hot variable",32.1,0.016188489075759
"QR","Hot variable",32.2,0.015768489990635
"QR","Hot variable",32.3,0.0153449195709508
"QR","Hot variable",32.4,0.0149171989632127
"QR","Hot variable",32.5,0.0144847493139269
"QR","Hot variable",32.6,0.0140609264360797
"QR","Hot variable",32.7,0.0136590010617098
"QR","Hot variable",32.8,0.0132782667159029
"QR","Hot variable",32.9,0.0129180169237444
"QR","Hot variable",33,0.0125775452103196
"QR","Hot variable",33.1,0.0122561451007142
"QR","Hot variable",33.2,0.0119531101200135
"QR","Hot variable",33.3,0.011667733793303
"QR","Hot variable",33.4,0.0113993096456682
"QR","Hot variable",33.5,0.0111471312021946
"QR","Hot variable",33.6,0.0109104919879676
"QR","Hot variable",33.7,0.0106886855280727
"QR","Hot variable",33.8,0.0104810053475953
"QR","Hot variable",33.9,0.010286744971621
"QR","Hot variable",34,0.0101051979252352
"QR","Hot variable",34.1,0.00993565773352327
"QR","Hot variable",34.2,0.0097774179215708
"QR","Hot variable",34.3,0.00962977201446321
"QR","Hot variable",34.4,0.00949201353728597
"QR","Hot variable",34.5,0.00936343601512456
"QR","Hot variable",34.6,0.00924333297306442
"QR","Hot variable",34.7,0.00913099793619103
"QR","Hot variable",34.8,0.00902572442958986
"QR","Hot variable",34.9,0.00892680597834638
"QR","Hot variable",35,0.00883353610754605
"QR","Hot variable",35.1,0.00874520834227433
"QR","Hot variable",35.2,0.00866111620761669
"QR","Hot variable",35.3,0.0085805532286586
"QR","Hot variable",35.4,0.00850281293048553
"QR","Hot variable",35.5,0.00842718883818294
"QR","Hot variable",35.6,0.00835297447683629
"QR","Hot variable",35.7,0.00827946337153106
"QR","Hot variable",35.8,0.0082059490473527
"QR","Hot variable",35.9,0.00813172502938669
"QR","Hot variable",36,0.0080560848427185
"QR","Hot variable",36.1,0.00797832201243358
"QR","Hot variable",36.2,0.00789773006361741
"QR","Hot variable",36.3,0.00781360252135545
"QR","Hot variable",36.4,0.00772523291073316
"QR","Hot variable",36.5,0.00763191475683602
"QR","Hot variable",36.6,0.00753294158474949
"QR","Hot variable",36.7,0.00742760691955903
"QR","Hot variable",36.8,0.00731520428635012
"QR","Hot variable",36.9,0.00719502721020821
"QR","Hot variable",37,0.00706636921621878
"QR","Hot variable",37.1,0.00692852382946729
"QR","Hot variable",37.2,0.0067807845750392
"QR","Hot variable",37.3,0.00662244497801999
"QR","Hot variable",37.4,0.00645279856349512
"QR","Hot variable",37.5,0.00627113885655006
"QR","Hot variable",37.6,0.00608239230807501
"QR","Hot variable",37.7,0.00589205905698653
"QR","Hot variable",37.8,0.00570029316040962
"QR","Hot variable",37.9,0.00550724867546925
"QR","Hot variable",38,0.00531307965929045
"QR","Hot variable",38.1,0.00511794016899817
"QR","Hot variable",38.2,0.0049219842617174
"QR","Hot variable",38.3,0.00472536599457315
"QR","Hot variable",38.4,0.0045282394246904
"QR","Hot variable",38.5,0.00433075860919416
"QR","Hot variable",38.6,0.00413307760520939
"QR","Hot variable",38.7,0.00393535046986109
"QR","Hot variable",38.8,0.00373773126027424
"QR","Hot variable",38.9,0.00354037403357386
"QR","Hot variable",39,0.00334343284688492
"QR","Hot variable",39.1,0.0031470617573324
"QR","Hot variable",39.2,0.00295141482204131
"QR","Hot variable",39.3,0.00275664609813662
"QR","Hot variable",39.4,0.00256290964274333
"QR","Hot variable",39.5,0.00237035951298645
"QR","Hot variable",39.6,0.00217914976599093
"QR","Hot variable",39.7,0.00198943445888178
"QR","Hot variable",39.8,0.00180136764878399
"QR","Hot variable",39.9,0.00161510339282254
"QR","Hot variable",40,0.00143079574812245
"QR","Hot variable",40.1,0.00124859877180868
"QR","Hot variable",40.2,0.00106866652100622
"QR","Hot variable",40.3,0.000891153052840073
"QR","Hot variable",40.4,0.00071621242443522
"QR","Hot variable",40.5,0.000543998692916669
"QR","Hot variable",40.6,0.00037466591540938
"QR","Hot variable",40.7,0.00020836814903836
"QR","Hot variable",40.8,4.52594509285966e-05
"QR","Hot variable",40.9,0
"QR","Hot variable",41,0
"QR","Hot variable",41.1,0
"QR","Hot variable",41.2,0
"QR","Hot variable",41.3,0
"QR","Hot variable",41.4,0
"QR","Hot variable",41.5,0
"QR","Hot variable",41.6,0
"QR","Hot variable",41.7,0
"QR","Hot variable",41.8,0
"QR","Hot variable",41.9,0
"QR","Hot variable",42,0
"QR","Hot variable",42.1,0
"QR","Hot variable",42.2,0
"QR","Hot variable",42.3,0
"QR","Hot variable",42.4,0
"QR","Hot variable",42.5,0
"QR","Hot variable",42.6,0
"QR","Hot variable",42.7,0
"QR","Hot variable",42.8,0
"QR","Hot variable",42.9,0
"QR","Hot variable",43,0
"QR","Hot variable",43.1,0
"QR","Hot variable",43.2,0
"QR","Hot variable",43.3,0
"QR","Hot variable",43.4,0
"QR","Hot variable",43.5,0
"QR","Hot variable",43.6,0
"QR","Hot variable",43.7,0
"QR","Hot variable",43.8,0
"QR","Hot variable",43.9,0
"QR","Hot variable",44,0
"QR","Hot variable",44.1,0
"QR","Hot variable",44.2,0
"QR","Hot variable",44.3,0
"QR","Hot variable",44.4,0
"QR","Hot variable",44.5,0
"QR","Hot variable",44.6,0
"QR","Hot variable",44.7,0
"QR","Hot variable",44.8,0
"QR","Hot variable",44.9,0
"QR","Hot variable",45,0
"QR","Hot variable",45.1,0
"QR","Hot variable",45.2,0
"QR","Hot variable",45.3,0
"QR","Hot variable",45.4,0
"QR","Hot variable",45.5,0
"QR","Hot variable",45.6,0
"QR","Hot variable",45.7,0
"QR","Hot variable",45.8,0
"QR","Hot variable",45.9,0
"QR","Hot variable",46,0
"QR","Hot variable",46.1,0
"QR","Hot variable",46.2,0
"QR","Hot variable",46.3,0
"QR","Hot variable",46.4,0
"QR","Hot variable",46.5,0
"QR","Hot variable",46.6,0
"QR","Hot variable",46.7,0
"QR","Hot variable",46.8,0
"QR","Hot variable",46.9,0
"QR","Hot variable",47,0
"QR","Hot variable",47.1,0
"QR","Hot variable",47.2,0
"QR","Hot variable",47.3,0
"QR","Hot variable",47.4,0
"QR","Hot variable",47.5,0
"QR","Hot variable",47.6,0
"QR","Hot variable",47.7,0
"QR","Hot variable",47.8,0
"QR","Hot variable",47.9,0
"QR","Hot variable",48,0
"QR","Hot variable",48.1,0
"QR","Hot variable",48.2,0
"QR","Hot variable",48.3,0
"QR","Hot variable",48.4,0
"QR","Hot variable",48.5,0
"QR","Hot variable",48.6,0
"QR","Hot variable",48.7,0
"QR","Hot variable",48.8,0
"QR","Hot variable",48.9,0
"QR","Hot variable",49,0
"QR","Hot variable",49.1,0
"QR","Hot variable",49.2,0
"QR","Hot variable",49.3,0
"QR","Hot variable",49.4,0
"QR","Hot variable",49.5,0
"QR","Hot variable",49.6,0
"QR","Hot variable",49.7,0
"QR","Hot variable",49.8,0
"QR","Hot variable",49.9,0
"QR","Hot variable",50,0
"QR","Hot variable",50.1,0
"QR","Hot variable",50.2,0
"QR","Hot variable",50.3,0
"QR","Hot variable",50.4,0
"QR","Hot variable",50.5,0
"QR","Hot variable",50.6,0
"QR","Hot variable",50.7,0
"QR","Hot variable",50.8,0
"QR","Hot variable",50.9,0
"QR","Hot variable",51,0
"QR","Hot variable",51.1,0
"QR","Hot variable",51.2,0
"QR","Hot variable",51.3,0
"QR","Hot variable",51.4,0
"QR","Hot variable",51.5,0
"QR","Hot variable",51.6,0
"QR","Hot variable",51.7,0
"QR","Hot variable",51.8,0
"QR","Hot variable",51.9,0
"QR","Hot variable",52,0
"QR","Hot variable",52.1,0
"QR","Hot variable",52.2,0
"QR","Hot variable",52.3,0
"QR","Hot variable",52.4,0
"QR","Hot variable",52.5,0
"QR","Hot variable",52.6,0
"QR","Hot variable",52.7,0
"QR","Hot variable",52.8,0
"QR","Hot variable",52.9,0
"QR","Hot variable",53,0
"QR","Hot variable",53.1,0
"QR","Hot variable",53.2,0
"QR","Hot variable",53.3,0
"QR","Hot variable",53.4,0
"QR","Hot variable",53.5,0
"QR","Hot variable",53.6,0
"QR","Hot variable",53.7,0
"QR","Hot variable",53.8,0
"QR","Hot variable",53.9,0
"QR","Hot variable",54,0
"QR","Hot variable",54.1,0
"QR","Hot variable",54.2,0
"QR","Hot variable",54.3,0
"QR","Hot variable",54.4,0
"QR","Hot variable",54.5,0
"QR","Hot variable",54.6,0
"QR","Hot variable",54.7,0
"QR","Hot variable",54.8,0
"QR","Hot variable",54.9,0
"QR","Hot variable",55,0
"QR","Hot variable",55.1,0
"QR","Hot variable",55.2,0
"QR","Hot variable",55.3,0
"QR","Hot variable",55.4,0
"QR","Hot variable",55.5,0
"QR","Hot variable",55.6,0
"QR","Hot variable",55.7,0
"QR","Hot variable",55.8,0
"QR","Hot variable",55.9,0
"QR","Hot variable",56,0
"QR","Hot variable",56.1,0
"QR","Hot variable",56.2,0
"QR","Hot variable",56.3,0
"QR","Hot variable",56.4,0
"QR","Hot variable",56.5,0
"QR","Hot variable",56.6,0
"QR","Hot variable",56.7,0
"QR","Hot variable",56.8,0
"QR","Hot variable",56.9,0
"QR","Hot variable",57,0
"QR","Hot variable",57.1,0
"QR","Hot variable",57.2,0
"QR","Hot variable",57.3,0
"QR","Hot variable",57.4,0
"QR","Hot variable",57.5,0
"QR","Hot variable",57.6,0
"QR","Hot variable",57.7,0
"QR","Hot variable",57.8,0
"QR","Hot variable",57.9,0
"QR","Hot variable",58,0
"QR","Hot variable",58.1,0
"QR","Hot variable",58.2,0
"QR","Hot variable",58.3,0
"QR","Hot variable",58.4,0
"QR","Hot variable",58.5,0
"QR","Hot variable",58.6,0
"QR","Hot variable",58.7,0
"QR","Hot variable",58.8,0
"QR","Hot variable",58.9,0
"QR","Hot variable",59,0
"QR","Hot variable",59.1,0
"QR","Hot variable",59.2,0
"QR","Hot variable",59.3,0
"QR","Hot variable",59.4,0
"QR","Hot variable",59.5,0
"QR","Hot variable",59.6,0
"QR","Hot variable",59.7,0
"QR","Hot variable",59.8,0
"QR","Hot variable",59.9,0
"QR","Hot variable",60,0
"QR","Hot variable",60.1,0
"QR","Hot variable",60.2,0
"QR","Hot variable",60.3,0
"QR","Hot variable",60.4,0
"QR","Hot variable",60.5,0
"QR","Hot variable",60.6,0
"QR","Hot variable",60.7,0
"QR","Hot variable",60.8,0
"QR","Hot variable",60.9,0
"QR","Hot variable",61,0
"QR","Hot variable",61.1,0
"QR","Hot variable",61.2,0
"QR","Hot variable",61.3,0
"QR","Hot variable",61.4,0
"QR","Hot variable",61.5,0
"QR","Hot variable",61.6,0
"QR","Hot variable",61.7,0
"QR","Hot variable",61.8,0
"QR","Hot variable",61.9,0
"QR","Hot variable",62,0
"QR","Hot variable",62.1,0
"QR","Hot variable",62.2,0
"QR","Hot variable",62.3,0
"QR","Hot variable",62.4,0
"QR","Hot variable",62.5,0
"S","Cold variable",-5,0
"S","Cold variable",-4.9,0
"S","Cold variable",-4.8,0
"S","Cold variable",-4.7,0
"S","Cold variable",-4.6,0
"S","Cold variable",-4.5,0
"S","Cold variable",-4.4,0
"S","Cold variable",-4.3,0
"S","Cold variable",-4.2,0
"S","Cold variable",-4.1,0.000278625629333808
"S","Cold variable",-4,0.00210235256408344
"S","Cold variable",-3.9,0.00391729909677229
"S","Cold variable",-3.8,0.00572351047427449
"S","Cold variable",-3.7,0.00752103194346414
"S","Cold variable",-3.6,0.00930990875121543
"S","Cold variable",-3.5,0.0110901861444024
"S","Cold variable",-3.4,0.0128619093698993
"S","Cold variable",-3.3,0.0146251236745801
"S","Cold variable",-3.2,0.0163798743053191
"S","Cold variable",-3.1,0.0181262065089903
"S","Cold variable",-3,0.0198641655324679
"S","Cold variable",-2.9,0.021593796622626
"S","Cold variable",-2.8,0.0233151450263387
"S","Cold variable",-2.7,0.0250282559904801
"S","Cold variable",-2.6,0.0267331747619245
"S","Cold variable",-2.5,0.0284299465875459
"S","Cold variable",-2.4,0.030119368143376
"S","Cold variable",-2.3,0.0318021351883616
"S","Cold variable",-2.2,0.0334781415937495
"S","Cold variable",-2.1,0.0351472812307863
"S","Cold variable",-2,0.0368094479707189
"S","Cold variable",-1.9,0.038464535684794
"S","Cold variable",-1.8,0.0401124382442582
"S","Cold variable",-1.7,0.0417530495203583
"S","Cold variable",-1.6,0.043386263384341
"S","Cold variable",-1.5,0.0450119737074531
"S","Cold variable",-1.4,0.0466300743609413
"S","Cold variable",-1.3,0.0482404592160523
"S","Cold variable",-1.2,0.0498430221440329
"S","Cold variable",-1.1,0.0514376570161298
"S","Cold variable",-1,0.0530242577035897
"S","Cold variable",-0.899999999999999,0.0546027180776593
"S","Cold variable",-0.8,0.0561729320095854
"S","Cold variable",-0.7,0.0577347933706147
"S","Cold variable",-0.6,0.0592881960319939
"S","Cold variable",-0.5,0.0608330338649699
"S","Cold variable",-0.399999999999999,0.0623692007407892
"S","Cold variable",-0.3,0.0638965905306986
"S","Cold variable",-0.199999999999999,0.0654150971059449
"S","Cold variable",-0.0999999999999996,0.0669246143377748
"S","Cold variable",0,0.0684250360974349
"S","Cold variable",0.100000000000001,0.0699162562561722
"S","Cold variable",0.2,0.0713981686852332
"S","Cold variable",0.300000000000001,0.0728706672558647
"S","Cold variable",0.4,0.0743336458393135
"S","Cold variable",0.5,0.0757869983068262
"S","Cold variable",0.600000000000001,0.0772306185296496
"S","Cold variable",0.7,0.0786644003790305
"S","Cold variable",0.800000000000001,0.0800882377262155
"S","Cold variable",0.9,0.0815020244424514
"S","Cold variable",1,0.0829056543989849
"S","Cold variable",1.1,0.0842990214670628
"S","Cold variable",1.2,0.0856820195179317
"S","Cold variable",1.3,0.0870545424228385
"S","Cold variable",1.4,0.0884164840530298
"S","Cold variable",1.5,0.0897677382797523
"S","Cold variable",1.6,0.0911081989742529
"S","Cold variable",1.7,0.0924377600077781
"S","Cold variable",1.8,0.0937563152515749
"S","Cold variable",1.9,0.0950637585768898
"S","Cold variable",2,0.0963599838549697
"S","Cold variable",2.1,0.0976448849570612
"S","Cold variable",2.2,0.098918355754411
"S","Cold variable",2.3,0.100180290118266
"S","Cold variable",2.4,0.101430581919873
"S","Cold variable",2.5,0.102669125030478
"S","Cold variable",2.6,0.103904947285369
"S","Cold variable",2.7,0.10514668231062
"S","Cold variable",2.8,0.106393632663656
"S","Cold variable",2.9,0.107645100901905
"S","Cold variable",3,0.108900389582792
"S","Cold variable",3.1,0.110158801263745
"S","Cold variable",3.2,0.11141963850219
"S","Cold variable",3.3,0.112682203855554
"S","Cold variable",3.4,0.113945799881263
"S","Cold variable",3.5,0.115209729136744
"S","Cold variable",3.6,0.116473294179423
"S","Cold variable",3.7,0.117735797566727
"S","Cold variable",3.8,0.118996541856082
"S","Cold variable",3.9,0.120254829604916
"S","Cold variable",4,0.121509963370653
"S","Cold variable",4.1,0.122761245710722
"S","Cold variable",4.2,0.124007979182549
"S","Cold variable",4.3,0.125249466343559
"S","Cold variable",4.4,0.12648500975118
"S","Cold variable",4.5,0.127713911962839
"S","Cold variable",4.6,0.128935475535962
"S","Cold variable",4.7,0.130149003027974
"S","Cold variable",4.8,0.131353796996304
"S","Cold variable",4.9,0.132549159998377
"S","Cold variable",5,0.133734394591621
"S","Cold variable",5.1,0.134908803333461
"S","Cold variable",5.2,0.136071688781324
"S","Cold variable",5.3,0.137222353492637
"S","Cold variable",5.4,0.138360100024826
"S","Cold variable",5.5,0.139484230935318
"S","Cold variable",5.6,0.140594048781539
"S","Cold variable",5.7,0.141688856120916
"S","Cold variable",5.8,0.142767955510876
"S","Cold variable",5.9,0.143830649508845
"S","Cold variable",6,0.144876240672249
"S","Cold variable",6.1,0.145904031558516
"S","Cold variable",6.2,0.146913324725071
"S","Cold variable",6.3,0.147903422729341
"S","Cold variable",6.4,0.148873628128753
"S","Cold variable",6.5,0.149823243480734
"S","Cold variable",6.6,0.15075157134271
"S","Cold variable",6.7,0.151657914272107
"S","Cold variable",6.8,0.152541574826352
"S","Cold variable",6.9,0.153401855562871
"S","Cold variable",7,0.154238059039092
"S","Cold variable",7.1,0.155049487812441
"S","Cold variable",7.2,0.155835444440343
"S","Cold variable",7.3,0.156595231480227
"S","Cold variable",7.4,0.157328151489518
"S","Cold variable",7.5,0.158033507025643
"S","Cold variable",7.6,0.15868411799852
"S","Cold variable",7.7,0.159255420208766
"S","Cold variable",7.8,0.15975064004985
"S","Cold variable",7.9,0.160173003915242
"S","Cold variable",8,0.160525738198413
"S","Cold variable",8.1,0.160812069292833
"S","Cold variable",8.2,0.161035223591973
"S","Cold variable",8.3,0.161198427489303
"S","Cold variable",8.4,0.161304907378294
"S","Cold variable",8.5,0.161357889652415
"S","Cold variable",8.6,0.161360600705137
"S","Cold variable",8.7,0.16131626692993
"S","Cold variable",8.8,0.161228114720265
"S","Cold variable",8.9,0.161099370469612
"S","Cold variable",9,0.160933260571441
"S","Cold variable",9.1,0.160733011419224
"S","Cold variable",9.2,0.160501849406429
"S","Cold variable",9.3,0.160243000926528
"S","Cold variable",9.4,0.159959692372991
"S","Cold variable",9.5,0.159655150139288
"S","Cold variable",9.6,0.159332600618889
"S","Cold variable",9.7,0.158995270205266
"S","Cold variable",9.8,0.158646385291887
"S","Cold variable",9.9,0.158289172272224
"S","Cold variable",10,0.157926857539748
"S","Cold variable",10.1,0.157562667487927
"S","Cold variable",10.2,0.157199828510233
"S","Cold variable",10.3,0.156841567000136
"S","Cold variable",10.4,0.156491109351107
"S","Cold variable",10.5,0.156151681956615
"S","Cold variable",10.6,0.155826511210131
"S","Cold variable",10.7,0.155518823505126
"S","Cold variable",10.8,0.15523184523507
"S","Cold variable",10.9,0.154968802793432
"S","Cold variable",11,0.154732922573684
"S","Cold variable",11.1,0.154527430969296
"S","Cold variable",11.2,0.154355554373739
"S","Cold variable",11.3,0.154220519180481
"S","Cold variable",11.4,0.154125551782995
"S","Cold variable",11.5,0.15407387857475
"S","Cold variable",11.6,0.154068725949216
"S","Cold variable",11.7,0.154113320299865
"S","Cold variable",11.8,0.154210888020165
"S","Cold variable",11.9,0.154364655503589
"S","Cold variable",12,0.154577849143605
"S","Cold variable",12.1,0.154853695333685
"S","Cold variable",12.2,0.155195420467298
"S","Cold variable",12.3,0.155606250937916
"S","Cold variable",12.4,0.156089413139008
"S","Cold variable",12.5,0.156648133464045
"S","Cold variable",12.6,0.157282201150958
"S","Cold variable",12.7,0.15798714262081
"S","Cold variable",12.8,0.158759790041766
"S","Cold variable",12.9,0.159596975581989
"S","Cold variable",13,0.160495531409645
"S","Cold variable",13.1,0.161452289692899
"S","Cold variable",13.2,0.162464082599915
"S","Cold variable",13.3,0.163527742298858
"S","Cold variable",13.4,0.164640100957893
"S","Cold variable",13.5,0.165797990745184
"S","Cold variable",13.6,0.166998243828897
"S","Cold variable",13.7,0.168237692377195
"S","Cold variable",13.8,0.169513168558245
"S","Cold variable",13.9,0.17082150454021
"S","Cold variable",14,0.172159532491256
"S","Cold variable",14.1,0.173524084579547
"S","Cold variable",14.2,0.174911992973247
"S","Cold variable",14.3,0.176320089840523
"S","Cold variable",14.4,0.177745207349537
"S","Cold variable",14.5,0.179184177668456
"S","Cold variable",14.6,0.180633832965444
"S","Cold variable",14.7,0.182091005408666
"S","Cold variable",14.8,0.183552527166285
"S","Cold variable",14.9,0.185015230406469
"S","Cold variable",15,0.18647594729738
"S","Cold variable",15.1,0.187931510007184
"S","Cold variable",15.2,0.189378750704045
"S","Cold variable",15.3,0.190814501556129
"S","Cold variable",15.4,0.1922355947316
"S","Cold variable",15.5,0.193638862398622
"S","Cold variable",15.6,0.195021136725361
"S","Cold variable",15.7,0.196379249879981
"S","Cold variable",15.8,0.197710034030648
"S","Cold variable",15.9,0.199010321345525
"S","Cold variable",16,0.200276943992778
"S","Cold variable",16.1,0.201506734140571
"S","Cold variable",16.2,0.202696523957069
"S","Cold variable",16.3,0.203843145610437
"S","Cold variable",16.4,0.20494343126884
"S","Cold variable",16.5,0.205994213100442
"S","Cold variable",16.6,0.206992323273408
"S","Cold variable",16.7,0.207934593955904
"S","Cold variable",16.8,0.208817857316093
"S","Cold variable",16.9,0.20963894552214
"S","Cold variable",17,0.21039469074221
"S","Cold variable",17.1,0.211081925144469
"S","Cold variable",17.2,0.21169748089708
"S","Cold variable",17.3,0.212238190168209
"S","Cold variable",17.4,0.212700885126019
"S","Cold variable",17.5,0.213082397938677
"S","Cold variable",17.6,0.213438535709207
"S","Cold variable",17.7,0.213825748366356
"S","Cold variable",17.8,0.214241832316874
"S","Cold variable",17.9,0.214684583967511
"S","Cold variable",18,0.215151799725015
"S","Cold variable",18.1,0.215641275996136
"S","Cold variable",18.2,0.216150809187623
"S","Cold variable",18.3,0.216678195706226
"S","Cold variable",18.4,0.217221231958695
"S","Cold variable",18.5,0.217777714351778
"S","Cold variable",18.6,0.218345439292224
"S","Cold variable",18.7,0.218922203186784
"S","Cold variable",18.8,0.219505802442207
"S","Cold variable",18.9,0.220094033465242
"S","Cold variable",19,0.220684692662637
"S","Cold variable",19.1,0.221275576441144
"S","Cold variable",19.2,0.221864481207511
"S","Cold variable",19.3,0.222449203368487
"S","Cold variable",19.4,0.223027539330822
"S","Cold variable",19.5,0.223597285501265
"S","Cold variable",19.6,0.224156238286566
"S","Cold variable",19.7,0.224702194093473
"S","Cold variable",19.8,0.225232949328737
"S","Cold variable",19.9,0.225746300399106
"S","Cold variable",20,0.226240043711331
"S","Cold variable",20.1,0.22671197567216
"S","Cold variable",20.2,0.227159892688342
"S","Cold variable",20.3,0.227581591166628
"S","Cold variable",20.4,0.227974867513766
"S","Cold variable",20.5,0.228337518136506
"S","Cold variable",20.6,0.228667339441598
"S","Cold variable",20.7,0.22896212783579
"S","Cold variable",20.8,0.229219679725831
"S","Cold variable",20.9,0.229437791518473
"S","Cold variable",21,0.229614259620462
"S","Cold variable",21.1,0.22974688043855
"S","Cold variable",21.2,0.229833450379486
"S","Cold variable",21.3,0.229871765850018
"S","Cold variable",21.4,0.229859623256896
"S","Cold variable",21.5,0.22979481900687
"S","Cold variable",21.6,0.229675149506689
"S","Cold variable",21.7,0.229498411163101
"S","Cold variable",21.8,0.229262400382858
"S","Cold variable",21.9,0.228964913572708
"S","Cold variable",22,0.2286037471394
"S","Cold variable",22.1,0.228176697489683
"S","Cold variable",22.2,0.227681561030308
"S","Cold variable",22.3,0.227116134168023
"S","Cold variable",22.4,0.226478213309578
"S","Cold variable",22.5,0.225765594861723
"S","Cold variable",22.6,0.224974082941554
"S","Cold variable",22.7,0.224102674187068
"S","Cold variable",22.8,0.223153953786363
"S","Cold variable",22.9,0.222130506927535
"S","Cold variable",23,0.22103491879868
"S","Cold variable",23.1,0.219869774587897
"S","Cold variable",23.2,0.218637659483281
"S","Cold variable",23.3,0.21734115867293
"S","Cold variable",23.4,0.21598285734494
"S","Cold variable",23.5,0.214565340687409
"S","Cold variable",23.6,0.213091193888432
"S","Cold variable",23.7,0.211563002136108
"S","Cold variable",23.8,0.209983350618534
"S","Cold variable",23.9,0.208354824523805
"S","Cold variable",24,0.206680009040018
"S","Cold variable",24.1,0.204961489355272
"S","Cold variable",24.2,0.203201850657662
"S","Cold variable",24.3,0.201403678135286
"S","Cold variable",24.4,0.19956955697624
"S","Cold variable",24.5,0.197702072368621
"S","Cold variable",24.6,0.195803809500527
"S","Cold variable",24.7,0.193877353560053
"S","Cold variable",24.8,0.191925289735298
"S","Cold variable",24.9,0.189950203214358
"S","Cold variable",25,0.187954679185329
"S","Cold variable",25.1,0.185941302836309
"S","Cold variable",25.2,0.183912659355394
"S","Cold variable",25.3,0.181871333930682
"S","Cold variable",25.4,0.179819911750269
"S","Cold variable",25.5,0.177760978002252
"S","Cold variable",25.6,0.175697117874729
"S","Cold variable",25.7,0.173630916555795
"S","Cold variable",25.8,0.171564959233549
"S","Cold variable",25.9,0.169501831096086
"S","Cold variable",26,0.167444117331504
"S","Cold variable",26.1,0.165394403127899
"S","Cold variable",26.2,0.163355273673369
"S","Cold variable",26.3,0.16132931415601
"S","Cold variable",26.4,0.159319109763919
"S","Cold variable",26.5,0.157327245685194
"S","Cold variable",26.6,0.15535630710793
"S","Cold variable",26.7,0.153408879220226
"S","Cold variable",26.8,0.151487547210177
"S","Cold variable",26.9,0.149594896265881
"S","Cold variable",27,0.147733511575434
"S","Cold variable",27.1,0.145905978326934
"S","Cold variable",27.2,0.144114881708477
"S","Cold variable",27.3,0.142362806908161
"S","Cold variable",27.4,0.140652339114082
"S","Cold variable",27.5,0.138986063514337
"S","Cold variable",27.6,0.13727668717269
"S","Cold variable",27.7,0.135438928957713
"S","Cold variable",27.8,0.133478391764717
"S","Cold variable",27.9,0.131400678489013
"S","Cold variable",28,0.129211392025908
"S","Cold variable",28.1,0.126916135270714
"S","Cold variable",28.2,0.12452051111874
"S","Cold variable",28.3,0.122030122465297
"S","Cold variable",28.4,0.119450572205694
"S","Cold variable",28.5,0.116787463235241
"S","Cold variable",28.6,0.114046398449248
"S","Cold variable",28.7,0.111232980743026
"S","Cold variable",28.8,0.108352813011883
"S","Cold variable",28.9,0.10541149815113
"S","Cold variable",29,0.102414639056077
"S","Cold variable",29.1,0.0993678386220337
"S","Cold variable",29.2,0.0962766997443101
"S","Cold variable",29.3,0.0931468253182159
"S","Cold variable",29.4,0.0899838182390616
"S","Cold variable",29.5,0.0867932814021565
"S","Cold variable",29.6,0.0835808177028107
"S","Cold variable",29.7,0.0803520300363343
"S","Cold variable",29.8,0.077112521298037
"S","Cold variable",29.9,0.0738678943832292
"S","Cold variable",30,0.0706237521872202
"S","Cold variable",30.1,0.0673856976053202
"S","Cold variable",30.2,0.0641593335328391
"S","Cold variable",30.3,0.0609502628650869
"S","Cold variable",30.4,0.0577640884973737
"S","Cold variable",30.5,0.054606413325009
"S","Cold variable",30.6,0.0514828402433029
"S","Cold variable",30.7,0.0483989721475654
"S","Cold variable",30.8,0.0453604119331064
"S","Cold variable",30.9,0.042372762495236
"S","Cold variable",31,0.0394416267292637
"S","Cold variable",31.1,0.0365726075304997
"S","Cold variable",31.2,0.0337713077942539
"S","Cold variable",31.3,0.0310433304158363
"S","Cold variable",31.4,0.0283942782905568
"S","Cold variable",31.5,0.0258297543137252
"S","Cold variable",31.6,0.0233553613806514
"S","Cold variable",31.7,0.0209767023866455
"S","Cold variable",31.8,0.0186993802270173
"S","Cold variable",31.9,0.016528997797077
"S","Cold variable",32,0.0144711579921341
"S","Cold variable",32.1,0.0125314637074988
"S","Cold variable",32.2,0.0107155178384809
"S","Cold variable",32.3,0.00902892328039044
"S","Cold variable",32.4,0.00747728292853737
"S","Cold variable",32.5,0.00606619967823144
"S","Cold variable",32.6,0.00476998039595437
"S","Cold variable",32.7,0.0035574498582119
"S","Cold variable",32.8,0.00242598782535008
"S","Cold variable",32.9,0.00137297405771508
"S","Cold variable",33,0.000395788315652792
"S","Cold variable",33.1,0
"S","Cold variable",33.2,0
"S","Cold variable",33.3,0
"S","Cold variable",33.4,0
"S","Cold variable",33.5,0
"S","Cold variable",33.6,0
"S","Cold variable",33.7,0
"S","Cold variable",33.8,0
"S","Cold variable",33.9,0
"S","Cold variable",34,0
"S","Cold variable",34.1,0
"S","Cold variable",34.2,0
"S","Cold variable",34.3,0
"S","Cold variable",34.4,0
"S","Cold variable",34.5,0
"S","Cold variable",34.6,0
"S","Cold variable",34.7,0
"S","Cold variable",34.8,0
"S","Cold variable",34.9,0
"S","Cold variable",35,0
"S","Cold variable",35.1,0
"S","Cold variable",35.2,0
"S","Cold variable",35.3,0
"S","Cold variable",35.4,0
"S","Cold variable",35.5,0
"S","Cold variable",35.6,0
"S","Cold variable",35.7,0
"S","Cold variable",35.8,0
"S","Cold variable",35.9,0
"S","Cold variable",36,0
"S","Cold variable",36.1,0
"S","Cold variable",36.2,0
"S","Cold variable",36.3,0
"S","Cold variable",36.4,0
"S","Cold variable",36.5,0
"S","Cold variable",36.6,0
"S","Cold variable",36.7,0
"S","Cold variable",36.8,0
"S","Cold variable",36.9,0
"S","Cold variable",37,0
"S","Cold variable",37.1,0
"S","Cold variable",37.2,0
"S","Cold variable",37.3,0
"S","Cold variable",37.4,0
"S","Cold variable",37.5,0
"S","Cold variable",37.6,0
"S","Cold variable",37.7,0
"S","Cold variable",37.8,0
"S","Cold variable",37.9,0
"S","Cold variable",38,0
"S","Cold variable",38.1,0
"S","Cold variable",38.2,0
"S","Cold variable",38.3,0
"S","Cold variable",38.4,0
"S","Cold variable",38.5,0
"S","Cold variable",38.6,0
"S","Cold variable",38.7,0
"S","Cold variable",38.8,0
"S","Cold variable",38.9,0
"S","Cold variable",39,0
"S","Cold variable",39.1,0
"S","Cold variable",39.2,0
"S","Cold variable",39.3,0
"S","Cold variable",39.4,0
"S","Cold variable",39.5,0
"S","Cold variable",39.6,0
"S","Cold variable",39.7,0
"S","Cold variable",39.8,0
"S","Cold variable",39.9,0
"S","Cold variable",40,0
"S","Cold variable",40.1,0
"S","Cold variable",40.2,0
"S","Cold variable",40.3,0
"S","Cold variable",40.4,0
"S","Cold variable",40.5,0
"S","Cold variable",40.6,0
"S","Cold variable",40.7,0
"S","Cold variable",40.8,0
"S","Cold variable",40.9,0
"S","Cold variable",41,0
"S","Cold variable",41.1,0
"S","Cold variable",41.2,0
"S","Cold variable",41.3,0
"S","Cold variable",41.4,0
"S","Cold variable",41.5,0
"S","Cold variable",41.6,0
"S","Cold variable",41.7,0
"S","Cold variable",41.8,0
"S","Cold variable",41.9,0
"S","Cold variable",42,0
"S","Cold variable",42.1,0
"S","Cold variable",42.2,0
"S","Cold variable",42.3,0
"S","Cold variable",42.4,0
"S","Cold variable",42.5,0
"S","Cold variable",42.6,0
"S","Cold variable",42.7,0
"S","Cold variable",42.8,0
"S","Cold variable",42.9,0
"S","Cold variable",43,0
"S","Cold variable",43.1,0
"S","Cold variable",43.2,0
"S","Cold variable",43.3,0
"S","Cold variable",43.4,0
"S","Cold variable",43.5,0
"S","Cold variable",43.6,0
"S","Cold variable",43.7,0
"S","Cold variable",43.8,0
"S","Cold variable",43.9,0
"S","Cold variable",44,0
"S","Cold variable",44.1,0
"S","Cold variable",44.2,0
"S","Cold variable",44.3,0
"S","Cold variable",44.4,0
"S","Cold variable",44.5,0
"S","Cold variable",44.6,0
"S","Cold variable",44.7,0
"S","Cold variable",44.8,0
"S","Cold variable",44.9,0
"S","Cold variable",45,0
"S","Cold variable",45.1,0
"S","Cold variable",45.2,0
"S","Cold variable",45.3,0
"S","Cold variable",45.4,0
"S","Cold variable",45.5,0
"S","Cold variable",45.6,0
"S","Cold variable",45.7,0
"S","Cold variable",45.8,0
"S","Cold variable",45.9,0
"S","Cold variable",46,0
"S","Cold variable",46.1,0
"S","Cold variable",46.2,0
"S","Cold variable",46.3,0
"S","Cold variable",46.4,0
"S","Cold variable",46.5,0
"S","Cold variable",46.6,0
"S","Cold variable",46.7,0
"S","Cold variable",46.8,0
"S","Cold variable",46.9,0
"S","Cold variable",47,0
"S","Cold variable",47.1,0
"S","Cold variable",47.2,0
"S","Cold variable",47.3,0
"S","Cold variable",47.4,0
"S","Cold variable",47.5,0
"S","Cold variable",47.6,0
"S","Cold variable",47.7,0
"S","Cold variable",47.8,0
"S","Cold variable",47.9,0
"S","Cold variable",48,0
"S","Cold variable",48.1,0
"S","Cold variable",48.2,0
"S","Cold variable",48.3,0
"S","Cold variable",48.4,0
"S","Cold variable",48.5,0
"S","Cold variable",48.6,0
"S","Cold variable",48.7,0
"S","Cold variable",48.8,0
"S","Cold variable",48.9,0
"S","Cold variable",49,0
"S","Cold variable",49.1,0
"S","Cold variable",49.2,0
"S","Cold variable",49.3,0
"S","Cold variable",49.4,0
"S","Cold variable",49.5,0
"S","Cold variable",49.6,0
"S","Cold variable",49.7,0
"S","Cold variable",49.8,0
"S","Cold variable",49.9,0
"S","Cold variable",50,0
"S","Cold variable",50.1,0
"S","Cold variable",50.2,0
"S","Cold variable",50.3,0
"S","Cold variable",50.4,0
"S","Cold variable",50.5,0
"S","Cold variable",50.6,0
"S","Cold variable",50.7,0
"S","Cold variable",50.8,0
"S","Cold variable",50.9,0
"S","Cold variable",51,0
"S","Cold variable",51.1,0
"S","Cold variable",51.2,0
"S","Cold variable",51.3,0
"S","Cold variable",51.4,0
"S","Cold variable",51.5,0
"S","Cold variable",51.6,0
"S","Cold variable",51.7,0
"S","Cold variable",51.8,0
"S","Cold variable",51.9,0
"S","Cold variable",52,0
"S","Cold variable",52.1,0
"S","Cold variable",52.2,0
"S","Cold variable",52.3,0
"S","Cold variable",52.4,0
"S","Cold variable",52.5,0
"S","Cold variable",52.6,0
"S","Cold variable",52.7,0
"S","Cold variable",52.8,0
"S","Cold variable",52.9,0
"S","Cold variable",53,0
"S","Cold variable",53.1,0
"S","Cold variable",53.2,0
"S","Cold variable",53.3,0
"S","Cold variable",53.4,0
"S","Cold variable",53.5,0
"S","Cold variable",53.6,0
"S","Cold variable",53.7,0
"S","Cold variable",53.8,0
"S","Cold variable",53.9,0
"S","Cold variable",54,0
"S","Cold variable",54.1,0
"S","Cold variable",54.2,0
"S","Cold variable",54.3,0
"S","Cold variable",54.4,0
"S","Cold variable",54.5,0
"S","Cold variable",54.6,0
"S","Cold variable",54.7,0
"S","Cold variable",54.8,0
"S","Cold variable",54.9,0
"S","Cold variable",55,0
"S","Cold variable",55.1,0
"S","Cold variable",55.2,0
"S","Cold variable",55.3,0
"S","Cold variable",55.4,0
"S","Cold variable",55.5,0
"S","Cold variable",55.6,0
"S","Cold variable",55.7,0
"S","Cold variable",55.8,0
"S","Cold variable",55.9,0
"S","Cold variable",56,0
"S","Cold variable",56.1,0
"S","Cold variable",56.2,0
"S","Cold variable",56.3,0
"S","Cold variable",56.4,0
"S","Cold variable",56.5,0
"S","Cold variable",56.6,0
"S","Cold variable",56.7,0
"S","Cold variable",56.8,0
"S","Cold variable",56.9,0
"S","Cold variable",57,0
"S","Cold variable",57.1,0
"S","Cold variable",57.2,0
"S","Cold variable",57.3,0
"S","Cold variable",57.4,0
"S","Cold variable",57.5,0
"S","Cold variable",57.6,0
"S","Cold variable",57.7,0
"S","Cold variable",57.8,0
"S","Cold variable",57.9,0
"S","Cold variable",58,0
"S","Cold variable",58.1,0
"S","Cold variable",58.2,0
"S","Cold variable",58.3,0
"S","Cold variable",58.4,0
"S","Cold variable",58.5,0
"S","Cold variable",58.6,0
"S","Cold variable",58.7,0
"S","Cold variable",58.8,0
"S","Cold variable",58.9,0
"S","Cold variable",59,0
"S","Cold variable",59.1,0
"S","Cold variable",59.2,0
"S","Cold variable",59.3,0
"S","Cold variable",59.4,0
"S","Cold variable",59.5,0
"S","Cold variable",59.6,0
"S","Cold variable",59.7,0
"S","Cold variable",59.8,0
"S","Cold variable",59.9,0
"S","Cold variable",60,0
"S","Cold variable",60.1,0
"S","Cold variable",60.2,0
"S","Cold variable",60.3,0
"S","Cold variable",60.4,0
"S","Cold variable",60.5,0
"S","Cold variable",60.6,0
"S","Cold variable",60.7,0
"S","Cold variable",60.8,0
"S","Cold variable",60.9,0
"S","Cold variable",61,0
"S","Cold variable",61.1,0
"S","Cold variable",61.2,0
"S","Cold variable",61.3,0
"S","Cold variable",61.4,0
"S","Cold variable",61.5,0
"S","Cold variable",61.6,0
"S","Cold variable",61.7,0
"S","Cold variable",61.8,0
"S","Cold variable",61.9,0
"S","Cold variable",62,0
"S","Cold variable",62.1,0
"S","Cold variable",62.2,0
"S","Cold variable",62.3,0
"S","Cold variable",62.4,0
"S","Cold variable",62.5,0
"SJ","Cold variable",-5,0.000381628557264382
"SJ","Cold variable",-4.9,0.00526624042521721
"SJ","Cold variable",-4.8,0.0101055063704749
"SJ","Cold variable",-4.7,0.0148984994080016
"SJ","Cold variable",-4.6,0.0196442925527619
"SJ","Cold variable",-4.5,0.02434195881972
"SJ","Cold variable",-4.4,0.0289905712238402
"SJ","Cold variable",-4.3,0.0335892027800871
"SJ","Cold variable",-4.2,0.0381369265034247
"SJ","Cold variable",-4.1,0.0426328154088176
"SJ","Cold variable",-4,0.04707594251123
"SJ","Cold variable",-3.9,0.0514653808256264
"SJ","Cold variable",-3.8,0.0558002033669709
"SJ","Cold variable",-3.7,0.0600794831502281
"SJ","Cold variable",-3.6,0.0643022931903623
"SJ","Cold variable",-3.5,0.0684677065023377
"SJ","Cold variable",-3.4,0.0725747961011187
"SJ","Cold variable",-3.3,0.0766226350016698
"SJ","Cold variable",-3.2,0.0806102962189551
"SJ","Cold variable",-3.1,0.0845368527679392
"SJ","Cold variable",-3,0.0884013776635863
"SJ","Cold variable",-2.9,0.0922029439208607
"SJ","Cold variable",-2.8,0.0959406245547269
"SJ","Cold variable",-2.7,0.0996134925801491
"SJ","Cold variable",-2.6,0.103220621012092
"SJ","Cold variable",-2.5,0.106761082865519
"SJ","Cold variable",-2.4,0.110228682233366
"SJ","Cold variable",-2.3,0.113618669867525
"SJ","Cold variable",-2.2,0.116932288771393
"SJ","Cold variable",-2.1,0.120170781948368
"SJ","Cold variable",-2,0.123335392401849
"SJ","Cold variable",-1.9,0.126427363135234
"SJ","Cold variable",-1.8,0.12944793715192
"SJ","Cold variable",-1.7,0.132398357455307
"SJ","Cold variable",-1.6,0.135279867048793
"SJ","Cold variable",-1.5,0.138093708935775
"SJ","Cold variable",-1.4,0.140841126119651
"SJ","Cold variable",-1.3,0.143523361603821
"SJ","Cold variable",-1.2,0.146141658391681
"SJ","Cold variable",-1.1,0.148697259486631
"SJ","Cold variable",-1,0.151191407892068
"SJ","Cold variable",-0.899999999999999,0.153625346611391
"SJ","Cold variable",-0.8,0.156000318647997
"SJ","Cold variable",-0.7,0.158317567005286
"SJ","Cold variable",-0.6,0.160578334686655
"SJ","Cold variable",-0.5,0.162783864695502
"SJ","Cold variable",-0.399999999999999,0.164935400035225
"SJ","Cold variable",-0.3,0.167034183709223
"SJ","Cold variable",-0.199999999999999,0.169081458720894
"SJ","Cold variable",-0.0999999999999996,0.171078468073636
"SJ","Cold variable",0,0.173026454770847
"SJ","Cold variable",0.100000000000001,0.174926661815926
"SJ","Cold variable",0.2,0.17678033221227
"SJ","Cold variable",0.300000000000001,0.178588708963277
"SJ","Cold variable",0.4,0.180353035072347
"SJ","Cold variable",0.5,0.182074553542877
"SJ","Cold variable",0.600000000000001,0.183754507378265
"SJ","Cold variable",0.7,0.185394139581909
"SJ","Cold variable",0.800000000000001,0.186994693157208
"SJ","Cold variable",0.9,0.18855741110756
"SJ","Cold variable",1,0.190083536436363
"SJ","Cold variable",1.1,0.191574312147015
"SJ","Cold variable",1.2,0.193030981242914
"SJ","Cold variable",1.3,0.194454786727459
"SJ","Cold variable",1.4,0.195846971604047
"SJ","Cold variable",1.5,0.197208778876077
"SJ","Cold variable",1.6,0.198541451546948
"SJ","Cold variable",1.7,0.199846232620056
"SJ","Cold variable",1.8,0.201124365098801
"SJ","Cold variable",1.9,0.20237709198658
"SJ","Cold variable",2,0.203605656286792
"SJ","Cold variable",2.1,0.204811301002835
"SJ","Cold variable",2.2,0.205995269138108
"SJ","Cold variable",2.3,0.207158803696007
"SJ","Cold variable",2.4,0.208303147679932
"SJ","Cold variable",2.5,0.20942954409328
"SJ","Cold variable",2.6,0.210493667106354
"SJ","Cold variable",2.7,0.211452205052972
"SJ","Cold variable",2.8,0.212307922181812
"SJ","Cold variable",2.9,0.21306358274155
"SJ","Cold variable",3,0.213721950980861
"SJ","Cold variable",3.1,0.214285791148422
"SJ","Cold variable",3.2,0.214757867492909
"SJ","Cold variable",3.3,0.215140944262998
"SJ","Cold variable",3.4,0.215437785707365
"SJ","Cold variable",3.5,0.215651156074687
"SJ","Cold variable",3.6,0.215783819613638
"SJ","Cold variable",3.7,0.215838540572897
"SJ","Cold variable",3.8,0.215818083201138
"SJ","Cold variable",3.9,0.215725211747038
"SJ","Cold variable",4,0.215562690459273
"SJ","Cold variable",4.1,0.215333283586519
"SJ","Cold variable",4.2,0.215039755377453
"SJ","Cold variable",4.3,0.21468487008075
"SJ","Cold variable",4.4,0.214271391945086
"SJ","Cold variable",4.5,0.213802085219138
"SJ","Cold variable",4.6,0.213279714151582
"SJ","Cold variable",4.7,0.212707042991094
"SJ","Cold variable",4.8,0.21208683598635
"SJ","Cold variable",4.9,0.211421857386027
"SJ","Cold variable",5,0.210714871438799
"SJ","Cold variable",5.1,0.209968642393344
"SJ","Cold variable",5.2,0.209185934498338
"SJ","Cold variable",5.3,0.208369512002457
"SJ","Cold variable",5.4,0.207522139154376
"SJ","Cold variable",5.5,0.206646580202773
"SJ","Cold variable",5.6,0.205745599396323
"SJ","Cold variable",5.7,0.204821960983702
"SJ","Cold variable",5.8,0.203878429213586
"SJ","Cold variable",5.9,0.202917768334652
"SJ","Cold variable",6,0.201942742595576
"SJ","Cold variable",6.1,0.200956116245034
"SJ","Cold variable",6.2,0.199960653531702
"SJ","Cold variable",6.3,0.198959118704256
"SJ","Cold variable",6.4,0.197954276011372
"SJ","Cold variable",6.5,0.196948889701727
"SJ","Cold variable",6.6,0.195945724023996
"SJ","Cold variable",6.7,0.194947543226856
"SJ","Cold variable",6.8,0.193957111558983
"SJ","Cold variable",6.9,0.192977193269052
"SJ","Cold variable",7,0.192010552605741
"SJ","Cold variable",7.1,0.191059953817725
"SJ","Cold variable",7.2,0.190128161153681
"SJ","Cold variable",7.3,0.189217938862284
"SJ","Cold variable",7.4,0.188332051192211
"SJ","Cold variable",7.5,0.187473262392137
"SJ","Cold variable",7.6,0.186535506113468
"SJ","Cold variable",7.7,0.18541602430177
"SJ","Cold variable",7.8,0.184122543646961
"SJ","Cold variable",7.9,0.182662790838958
"SJ","Cold variable",8,0.181044492567678
"SJ","Cold variable",8.1,0.179275375523041
"SJ","Cold variable",8.2,0.177363166394963
"SJ","Cold variable",8.3,0.175315591873363
"SJ","Cold variable",8.4,0.173140378648158
"SJ","Cold variable",8.5,0.170845253409265
"SJ","Cold variable",8.6,0.168437942846603
"SJ","Cold variable",8.7,0.165926173650089
"SJ","Cold variable",8.8,0.163317672509642
"SJ","Cold variable",8.9,0.160620166115178
"SJ","Cold variable",9,0.157841381156617
"SJ","Cold variable",9.1,0.154989044323874
"SJ","Cold variable",9.2,0.152070882306869
"SJ","Cold variable",9.3,0.149094621795518
"SJ","Cold variable",9.4,0.14606798947974
"SJ","Cold variable",9.5,0.142998712049453
"SJ","Cold variable",9.6,0.139894516194574
"SJ","Cold variable",9.7,0.136763128605021
"SJ","Cold variable",9.8,0.133612275970711
"SJ","Cold variable",9.9,0.130449684981563
"SJ","Cold variable",10,0.127283082327495
"SJ","Cold variable",10.1,0.124120194698423
"SJ","Cold variable",10.2,0.120968748784266
"SJ","Cold variable",10.3,0.117836471274941
"SJ","Cold variable",10.4,0.114731088860367
"SJ","Cold variable",10.5,0.111660328230461
"SJ","Cold variable",10.6,0.108631916075141
"SJ","Cold variable",10.7,0.105653579084324
"SJ","Cold variable",10.8,0.102733043947928
"SJ","Cold variable",10.9,0.0998780373558718
"SJ","Cold variable",11,0.0970962859980722
"SJ","Cold variable",11.1,0.0943955165644471
"SJ","Cold variable",11.2,0.0917834557449145
"SJ","Cold variable",11.3,0.0892678302293919
"SJ","Cold variable",11.4,0.0868563667077972
"SJ","Cold variable",11.5,0.0845567918700482
"SJ","Cold variable",11.6,0.0823768324060625
"SJ","Cold variable",11.7,0.080324215005758
"SJ","Cold variable",11.8,0.0784066663590523
"SJ","Cold variable",11.9,0.0766319131558633
"SJ","Cold variable",12,0.0750076820861089
"SJ","Cold variable",12.1,0.0735416998397065
"SJ","Cold variable",12.2,0.0722416931065741
"SJ","Cold variable",12.3,0.0711153885766294
"SJ","Cold variable",12.4,0.0701705129397902
"SJ","Cold variable",12.5,0.0694147928859742
"SJ","Cold variable",12.6,0.0688344743815617
"SJ","Cold variable",12.7,0.0684069462003971
"SJ","Cold variable",12.8,0.0681266492435945
"SJ","Cold variable",12.9,0.067988024412268
"SJ","Cold variable",13,0.0679855126075318
"SJ","Cold variable",13.1,0.0681135547304998
"SJ","Cold variable",13.2,0.0683665916822861
"SJ","Cold variable",13.3,0.0687390643640049
"SJ","Cold variable",13.4,0.0692254136767702
"SJ","Cold variable",13.5,0.069820080521696
"SJ","Cold variable",13.6,0.0705175057998966
"SJ","Cold variable",13.7,0.0713121304124859
"SJ","Cold variable",13.8,0.0721983952605781
"SJ","Cold variable",13.9,0.0731707412452872
"SJ","Cold variable",14,0.0742236092677272
"SJ","Cold variable",14.1,0.0753514402290125
"SJ","Cold variable",14.2,0.0765486750302568
"SJ","Cold variable",14.3,0.0778097545725744
"SJ","Cold variable",14.4,0.0791291197570794
"SJ","Cold variable",14.5,0.0805012114848857
"SJ","Cold variable",14.6,0.0819204706571076
"SJ","Cold variable",14.7,0.0833813381748591
"SJ","Cold variable",14.8,0.0848782549392542
"SJ","Cold variable",14.9,0.0864056618514071
"SJ","Cold variable",15,0.0879579998124318
"SJ","Cold variable",15.1,0.0895297097234424
"SJ","Cold variable",15.2,0.0911152324855531
"SJ","Cold variable",15.3,0.0927090089998777
"SJ","Cold variable",15.4,0.0943054801675306
"SJ","Cold variable",15.5,0.0958990868896257
"SJ","Cold variable",15.6,0.0974842700672771
"SJ","Cold variable",15.7,0.099055470601599
"SJ","Cold variable",15.8,0.100607129393705
"SJ","Cold variable",15.9,0.10213368734471
"SJ","Cold variable",16,0.103629585355728
"SJ","Cold variable",16.1,0.105089264327872
"SJ","Cold variable",16.2,0.106507165162257
"SJ","Cold variable",16.3,0.107877728759997
"SJ","Cold variable",16.4,0.109195396022206
"SJ","Cold variable",16.5,0.110454607849998
"SJ","Cold variable",16.6,0.111649805144487
"SJ","Cold variable",16.7,0.112775428806788
"SJ","Cold variable",16.8,0.113825919738014
"SJ","Cold variable",16.9,0.114795718839279
"SJ","Cold variable",17,0.115679267011697
"SJ","Cold variable",17.1,0.116471005156384
"SJ","Cold variable",17.2,0.117165374174451
"SJ","Cold variable",17.3,0.117756814967015
"SJ","Cold variable",17.4,0.118239768435188
"SJ","Cold variable",17.5,0.118608675480086
"SJ","Cold variable",17.6,0.118933809720436
"SJ","Cold variable",17.7,0.119288031581659
"SJ","Cold variable",17.8,0.119669662174902
"SJ","Cold variable",17.9,0.120077022611314
"SJ","Cold variable",18,0.120508434002042
"SJ","Cold variable",18.1,0.120962217458234
"SJ","Cold variable",18.2,0.12143669409104
"SJ","Cold variable",18.3,0.121930185011605
"SJ","Cold variable",18.4,0.12244101133108
"SJ","Cold variable",18.5,0.122967494160612
"SJ","Cold variable",18.6,0.123507954611348
"SJ","Cold variable",18.7,0.124060713794438
"SJ","Cold variable",18.8,0.124624092821028
"SJ","Cold variable",18.9,0.125196412802268
"SJ","Cold variable",19,0.125775994849305
"SJ","Cold variable",19.1,0.126361160073287
"SJ","Cold variable",19.2,0.126950229585363
"SJ","Cold variable",19.3,0.127541524496681
"SJ","Cold variable",19.4,0.128133365918388
"SJ","Cold variable",19.5,0.128724074961632
"SJ","Cold variable",19.6,0.129311972737563
"SJ","Cold variable",19.7,0.129895380357327
"SJ","Cold variable",19.8,0.130472618932073
"SJ","Cold variable",19.9,0.131042009572949
"SJ","Cold variable",20,0.131601873391103
"SJ","Cold variable",20.1,0.132150531497684
"SJ","Cold variable",20.2,0.132686305003838
"SJ","Cold variable",20.3,0.133207515020715
"SJ","Cold variable",20.4,0.133712482659463
"SJ","Cold variable",20.5,0.134199529031228
"SJ","Cold variable",20.6,0.134666975247161
"SJ","Cold variable",20.7,0.135113142418408
"SJ","Cold variable",20.8,0.135536351656118
"SJ","Cold variable",20.9,0.135934924071438
"SJ","Cold variable",21,0.136307180775518
"SJ","Cold variable",21.1,0.136651442879504
"SJ","Cold variable",21.2,0.136966031494546
"SJ","Cold variable",21.3,0.13724926773179
"SJ","Cold variable",21.4,0.137499472702386
"SJ","Cold variable",21.5,0.137714967517481
"SJ","Cold variable",21.6,0.137894073288224
"SJ","Cold variable",21.7,0.138035111125762
"SJ","Cold variable",21.8,0.138136402141243
"SJ","Cold variable",21.9,0.138196267445816
"SJ","Cold variable",22,0.138213028150629
"SJ","Cold variable",22.1,0.138185005366829
"SJ","Cold variable",22.2,0.138110520205566
"SJ","Cold variable",22.3,0.137987893777986
"SJ","Cold variable",22.4,0.137815447195238
"SJ","Cold variable",22.5,0.137591501568471
"SJ","Cold variable",22.6,0.137323761286791
"SJ","Cold variable",22.7,0.137021673138263
"SJ","Cold variable",22.8,0.136686171832466
"SJ","Cold variable",22.9,0.136318192078984
"SJ","Cold variable",23,0.135918668587397
"SJ","Cold variable",23.1,0.135488536067287
"SJ","Cold variable",23.2,0.135028729228235
"SJ","Cold variable",23.3,0.134540182779823
"SJ","Cold variable",23.4,0.134023831431632
"SJ","Cold variable",23.5,0.133480609893243
"SJ","Cold variable",23.6,0.132911452874238
"SJ","Cold variable",23.7,0.132317295084199
"SJ","Cold variable",23.8,0.131699071232706
"SJ","Cold variable",23.9,0.131057716029342
"SJ","Cold variable",24,0.130394164183688
"SJ","Cold variable",24.1,0.129709350405324
"SJ","Cold variable",24.2,0.129004209403833
"SJ","Cold variable",24.3,0.128279675888796
"SJ","Cold variable",24.4,0.127536684569795
"SJ","Cold variable",24.5,0.12677617015641
"SJ","Cold variable",24.6,0.125999067358224
"SJ","Cold variable",24.7,0.125206310884817
"SJ","Cold variable",24.8,0.124398835445772
"SJ","Cold variable",24.9,0.123577575750669
"SJ","Cold variable",25,0.12274346650909
"SJ","Cold variable",25.1,0.121897442430616
"SJ","Cold variable",25.2,0.121040438224829
"SJ","Cold variable",25.3,0.120173388601311
"SJ","Cold variable",25.4,0.119297228269643
"SJ","Cold variable",25.5,0.118412891939405
"SJ","Cold variable",25.6,0.11752131432018
"SJ","Cold variable",25.7,0.11662343012155
"SJ","Cold variable",25.8,0.115720174053094
"SJ","Cold variable",25.9,0.114812480824396
"SJ","Cold variable",26,0.113901285145036
"SJ","Cold variable",26.1,0.112987521724595
"SJ","Cold variable",26.2,0.112072125272656
"SJ","Cold variable",26.3,0.1111560304988
"SJ","Cold variable",26.4,0.110240172112607
"SJ","Cold variable",26.5,0.109325484823661
"SJ","Cold variable",26.6,0.108412903341541
"SJ","Cold variable",26.7,0.107503362375829
"SJ","Cold variable",26.8,0.106597796636107
"SJ","Cold variable",26.9,0.105697140831957
"SJ","Cold variable",27,0.104802329672959
"SJ","Cold variable",27.1,0.103914297868695
"SJ","Cold variable",27.2,0.103033980128747
"SJ","Cold variable",27.3,0.102162311162695
"SJ","Cold variable",27.4,0.101300225680122
"SJ","Cold variable",27.5,0.100448658390609
"SJ","Cold variable",27.6,0.0995747488906501
"SJ","Cold variable",27.7,0.0986464950585304
"SJ","Cold variable",27.8,0.0976661190265184
"SJ","Cold variable",27.9,0.0966358429268826
"SJ","Cold variable",28,0.0955578888918912
"SJ","Cold variable",28.1,0.0944344790538125
"SJ","Cold variable",28.2,0.0932678355449149
"SJ","Cold variable",28.3,0.0920601804974668
"SJ","Cold variable",28.4,0.0908137360437364
"SJ","Cold variable",28.5,0.0895307243159921
"SJ","Cold variable",28.6,0.0882133674465022
"SJ","Cold variable",28.7,0.086863887567535
"SJ","Cold variable",28.8,0.0854845068113589
"SJ","Cold variable",28.9,0.0840774473102424
"SJ","Cold variable",29,0.0826449311964535
"SJ","Cold variable",29.1,0.0811891806022607
"SJ","Cold variable",29.2,0.0797124176599323
"SJ","Cold variable",29.3,0.0782168645017366
"SJ","Cold variable",29.4,0.0767047432599422
"SJ","Cold variable",29.5,0.075178276066817
"SJ","Cold variable",29.6,0.0736396850546296
"SJ","Cold variable",29.7,0.0720911923556482
"SJ","Cold variable",29.8,0.0705350201021413
"SJ","Cold variable",29.9,0.0689733904263773
"SJ","Cold variable",30,0.0674085254606242
"SJ","Cold variable",30.1,0.0658426473371505
"SJ","Cold variable",30.2,0.0642779781882246
"SJ","Cold variable",30.3,0.0627167401461147
"SJ","Cold variable",30.4,0.0611611553430894
"SJ","Cold variable",30.5,0.0596134459114167
"SJ","Cold variable",30.6,0.058075833983365
"SJ","Cold variable",30.7,0.0565505416912028
"SJ","Cold variable",30.8,0.0550397911671983
"SJ","Cold variable",30.9,0.05354580454362
"SJ","Cold variable",31,0.052070803952736
"SJ","Cold variable",31.1,0.0506170115268147
"SJ","Cold variable",31.2,0.0491866493981245
"SJ","Cold variable",31.3,0.0477819396989337
"SJ","Cold variable",31.4,0.0464051045615108
"SJ","Cold variable",31.5,0.0450583661181238
"SJ","Cold variable",31.6,0.0437439465010412
"SJ","Cold variable",31.7,0.0424640678425313
"SJ","Cold variable",31.8,0.0412209522748626
"SJ","Cold variable",31.9,0.0400168219303033
"SJ","Cold variable",32,0.0388538989411216
"SJ","Cold variable",32.1,0.037734405439586
"SJ","Cold variable",32.2,0.0366605635579648
"SJ","Cold variable",32.3,0.0356345954285264
"SJ","Cold variable",32.4,0.0346587231835391
"SJ","Cold variable",32.5,0.0337351689552711
"SJ","Cold variable",32.6,0.0328296758758465
"SJ","Cold variable",32.7,0.0319072402669856
"SJ","Cold variable",32.8,0.0309689640453512
"SJ","Cold variable",32.9,0.030015949127606
"SJ","Cold variable",33,0.0290492974304126
"SJ","Cold variable",33.1,0.0280701108704339
"SJ","Cold variable",33.2,0.0270794913643326
"SJ","Cold variable",33.3,0.0260785408287713
"SJ","Cold variable",33.4,0.0250683611804129
"SJ","Cold variable",33.5,0.0240500543359202
"SJ","Cold variable",33.6,0.0230247222119557
"SJ","Cold variable",33.7,0.0219934667251823
"SJ","Cold variable",33.8,0.0209573897922626
"SJ","Cold variable",33.9,0.0199175933298595
"SJ","Cold variable",34,0.0188751792546357
"SJ","Cold variable",34.1,0.0178312494832538
"SJ","Cold variable",34.2,0.0167869059323766
"SJ","Cold variable",34.3,0.0157432505186669
"SJ","Cold variable",34.4,0.0147013851587874
"SJ","Cold variable",34.5,0.0136624117694009
"SJ","Cold variable",34.6,0.01262743226717
"SJ","Cold variable",34.7,0.0115975485687575
"SJ","Cold variable",34.8,0.0105738625908261
"SJ","Cold variable",34.9,0.00955747625003861
"SJ","Cold variable",35,0.00854949146305778
"SJ","Cold variable",35.1,0.00755101014654623
"SJ","Cold variable",35.2,0.00656313421716674
"SJ","Cold variable",35.3,0.00558696559158208
"SJ","Cold variable",35.4,0.00462360618645495
"SJ","Cold variable",35.5,0.00367415791844818
"SJ","Cold variable",35.6,0.00273972270422435
"SJ","Cold variable",35.7,0.00182140246044627
"SJ","Cold variable",35.8,0.000920299103776686
"SJ","Cold variable",35.9,3.75145508783106e-05
"SJ","Cold variable",36,0
"SJ","Cold variable",36.1,0
"SJ","Cold variable",36.2,0
"SJ","Cold variable",36.3,0
"SJ","Cold variable",36.4,0
"SJ","Cold variable",36.5,0
"SJ","Cold variable",36.6,0
"SJ","Cold variable",36.7,0
"SJ","Cold variable",36.8,0
"SJ","Cold variable",36.9,0
"SJ","Cold variable",37,0
"SJ","Cold variable",37.1,0
"SJ","Cold variable",37.2,0
"SJ","Cold variable",37.3,0
"SJ","Cold variable",37.4,0
"SJ","Cold variable",37.5,0
"SJ","Cold variable",37.6,0
"SJ","Cold variable",37.7,0
"SJ","Cold variable",37.8,0
"SJ","Cold variable",37.9,0
"SJ","Cold variable",38,0
"SJ","Cold variable",38.1,0
"SJ","Cold variable",38.2,0
"SJ","Cold variable",38.3,0
"SJ","Cold variable",38.4,0
"SJ","Cold variable",38.5,0
"SJ","Cold variable",38.6,0
"SJ","Cold variable",38.7,0
"SJ","Cold variable",38.8,0
"SJ","Cold variable",38.9,0
"SJ","Cold variable",39,0
"SJ","Cold variable",39.1,0
"SJ","Cold variable",39.2,0
"SJ","Cold variable",39.3,0
"SJ","Cold variable",39.4,0
"SJ","Cold variable",39.5,0
"SJ","Cold variable",39.6,0
"SJ","Cold variable",39.7,0
"SJ","Cold variable",39.8,0
"SJ","Cold variable",39.9,0
"SJ","Cold variable",40,0
"SJ","Cold variable",40.1,0
"SJ","Cold variable",40.2,0
"SJ","Cold variable",40.3,0
"SJ","Cold variable",40.4,0
"SJ","Cold variable",40.5,0
"SJ","Cold variable",40.6,0
"SJ","Cold variable",40.7,0
"SJ","Cold variable",40.8,0
"SJ","Cold variable",40.9,0
"SJ","Cold variable",41,0
"SJ","Cold variable",41.1,0
"SJ","Cold variable",41.2,0
"SJ","Cold variable",41.3,0
"SJ","Cold variable",41.4,0
"SJ","Cold variable",41.5,0
"SJ","Cold variable",41.6,0
"SJ","Cold variable",41.7,0
"SJ","Cold variable",41.8,0
"SJ","Cold variable",41.9,0
"SJ","Cold variable",42,0
"SJ","Cold variable",42.1,0
"SJ","Cold variable",42.2,0
"SJ","Cold variable",42.3,0
"SJ","Cold variable",42.4,0
"SJ","Cold variable",42.5,0
"SJ","Cold variable",42.6,0
"SJ","Cold variable",42.7,0
"SJ","Cold variable",42.8,0
"SJ","Cold variable",42.9,0
"SJ","Cold variable",43,0
"SJ","Cold variable",43.1,0
"SJ","Cold variable",43.2,0
"SJ","Cold variable",43.3,0
"SJ","Cold variable",43.4,0
"SJ","Cold variable",43.5,0
"SJ","Cold variable",43.6,0
"SJ","Cold variable",43.7,0
"SJ","Cold variable",43.8,0
"SJ","Cold variable",43.9,0
"SJ","Cold variable",44,0
"SJ","Cold variable",44.1,0
"SJ","Cold variable",44.2,0
"SJ","Cold variable",44.3,0
"SJ","Cold variable",44.4,0
"SJ","Cold variable",44.5,0
"SJ","Cold variable",44.6,0
"SJ","Cold variable",44.7,0
"SJ","Cold variable",44.8,0
"SJ","Cold variable",44.9,0
"SJ","Cold variable",45,0
"SJ","Cold variable",45.1,0
"SJ","Cold variable",45.2,0
"SJ","Cold variable",45.3,0
"SJ","Cold variable",45.4,0
"SJ","Cold variable",45.5,0
"SJ","Cold variable",45.6,0
"SJ","Cold variable",45.7,0
"SJ","Cold variable",45.8,0
"SJ","Cold variable",45.9,0
"SJ","Cold variable",46,0
"SJ","Cold variable",46.1,0
"SJ","Cold variable",46.2,0
"SJ","Cold variable",46.3,0
"SJ","Cold variable",46.4,0
"SJ","Cold variable",46.5,0
"SJ","Cold variable",46.6,0
"SJ","Cold variable",46.7,0
"SJ","Cold variable",46.8,0
"SJ","Cold variable",46.9,0
"SJ","Cold variable",47,0
"SJ","Cold variable",47.1,0
"SJ","Cold variable",47.2,0
"SJ","Cold variable",47.3,0
"SJ","Cold variable",47.4,0
"SJ","Cold variable",47.5,0
"SJ","Cold variable",47.6,0
"SJ","Cold variable",47.7,0
"SJ","Cold variable",47.8,0
"SJ","Cold variable",47.9,0
"SJ","Cold variable",48,0
"SJ","Cold variable",48.1,0
"SJ","Cold variable",48.2,0
"SJ","Cold variable",48.3,0
"SJ","Cold variable",48.4,0
"SJ","Cold variable",48.5,0
"SJ","Cold variable",48.6,0
"SJ","Cold variable",48.7,0
"SJ","Cold variable",48.8,0
"SJ","Cold variable",48.9,0
"SJ","Cold variable",49,0
"SJ","Cold variable",49.1,0
"SJ","Cold variable",49.2,0
"SJ","Cold variable",49.3,0
"SJ","Cold variable",49.4,0
"SJ","Cold variable",49.5,0
"SJ","Cold variable",49.6,0
"SJ","Cold variable",49.7,0
"SJ","Cold variable",49.8,0
"SJ","Cold variable",49.9,0
"SJ","Cold variable",50,0
"SJ","Cold variable",50.1,0
"SJ","Cold variable",50.2,0
"SJ","Cold variable",50.3,0
"SJ","Cold variable",50.4,0
"SJ","Cold variable",50.5,0
"SJ","Cold variable",50.6,0
"SJ","Cold variable",50.7,0
"SJ","Cold variable",50.8,0
"SJ","Cold variable",50.9,0
"SJ","Cold variable",51,0
"SJ","Cold variable",51.1,0
"SJ","Cold variable",51.2,0
"SJ","Cold variable",51.3,0
"SJ","Cold variable",51.4,0
"SJ","Cold variable",51.5,0
"SJ","Cold variable",51.6,0
"SJ","Cold variable",51.7,0
"SJ","Cold variable",51.8,0
"SJ","Cold variable",51.9,0
"SJ","Cold variable",52,0
"SJ","Cold variable",52.1,0
"SJ","Cold variable",52.2,0
"SJ","Cold variable",52.3,0
"SJ","Cold variable",52.4,0
"SJ","Cold variable",52.5,0
"SJ","Cold variable",52.6,0
"SJ","Cold variable",52.7,0
"SJ","Cold variable",52.8,0
"SJ","Cold variable",52.9,0
"SJ","Cold variable",53,0
"SJ","Cold variable",53.1,0
"SJ","Cold variable",53.2,0
"SJ","Cold variable",53.3,0
"SJ","Cold variable",53.4,0
"SJ","Cold variable",53.5,0
"SJ","Cold variable",53.6,0
"SJ","Cold variable",53.7,0
"SJ","Cold variable",53.8,0
"SJ","Cold variable",53.9,0
"SJ","Cold variable",54,0
"SJ","Cold variable",54.1,0
"SJ","Cold variable",54.2,0
"SJ","Cold variable",54.3,0
"SJ","Cold variable",54.4,0
"SJ","Cold variable",54.5,0
"SJ","Cold variable",54.6,0
"SJ","Cold variable",54.7,0
"SJ","Cold variable",54.8,0
"SJ","Cold variable",54.9,0
"SJ","Cold variable",55,0
"SJ","Cold variable",55.1,0
"SJ","Cold variable",55.2,0
"SJ","Cold variable",55.3,0
"SJ","Cold variable",55.4,0
"SJ","Cold variable",55.5,0
"SJ","Cold variable",55.6,0
"SJ","Cold variable",55.7,0
"SJ","Cold variable",55.8,0
"SJ","Cold variable",55.9,0
"SJ","Cold variable",56,0
"SJ","Cold variable",56.1,0
"SJ","Cold variable",56.2,0
"SJ","Cold variable",56.3,0
"SJ","Cold variable",56.4,0
"SJ","Cold variable",56.5,0
"SJ","Cold variable",56.6,0
"SJ","Cold variable",56.7,0
"SJ","Cold variable",56.8,0
"SJ","Cold variable",56.9,0
"SJ","Cold variable",57,0
"SJ","Cold variable",57.1,0
"SJ","Cold variable",57.2,0
"SJ","Cold variable",57.3,0
"SJ","Cold variable",57.4,0
"SJ","Cold variable",57.5,0
"SJ","Cold variable",57.6,0
"SJ","Cold variable",57.7,0
"SJ","Cold variable",57.8,0
"SJ","Cold variable",57.9,0
"SJ","Cold variable",58,0
"SJ","Cold variable",58.1,0
"SJ","Cold variable",58.2,0
"SJ","Cold variable",58.3,0
"SJ","Cold variable",58.4,0
"SJ","Cold variable",58.5,0
"SJ","Cold variable",58.6,0
"SJ","Cold variable",58.7,0
"SJ","Cold variable",58.8,0
"SJ","Cold variable",58.9,0
"SJ","Cold variable",59,0
"SJ","Cold variable",59.1,0
"SJ","Cold variable",59.2,0
"SJ","Cold variable",59.3,0
"SJ","Cold variable",59.4,0
"SJ","Cold variable",59.5,0
"SJ","Cold variable",59.6,0
"SJ","Cold variable",59.7,0
"SJ","Cold variable",59.8,0
"SJ","Cold variable",59.9,0
"SJ","Cold variable",60,0
"SJ","Cold variable",60.1,0
"SJ","Cold variable",60.2,0
"SJ","Cold variable",60.3,0
"SJ","Cold variable",60.4,0
"SJ","Cold variable",60.5,0
"SJ","Cold variable",60.6,0
"SJ","Cold variable",60.7,0
"SJ","Cold variable",60.8,0
"SJ","Cold variable",60.9,0
"SJ","Cold variable",61,0
"SJ","Cold variable",61.1,0
"SJ","Cold variable",61.2,0
"SJ","Cold variable",61.3,0
"SJ","Cold variable",61.4,0
"SJ","Cold variable",61.5,0
"SJ","Cold variable",61.6,0
"SJ","Cold variable",61.7,0
"SJ","Cold variable",61.8,0
"SJ","Cold variable",61.9,0
"SJ","Cold variable",62,0
"SJ","Cold variable",62.1,0
"SJ","Cold variable",62.2,0
"SJ","Cold variable",62.3,0
"SJ","Cold variable",62.4,0
"SJ","Cold variable",62.5,0
"V","Cold stable",-5,0.0255514666845928
"V","Cold stable",-4.9,0.0229623574066243
"V","Cold stable",-4.8,0.0204204334992129
"V","Cold stable",-4.7,0.0179255438617975
"V","Cold stable",-4.6,0.0154775373938165
"V","Cold stable",-4.5,0.0130762629947086
"V","Cold stable",-4.4,0.0107215695639123
"V","Cold stable",-4.3,0.00841330600086632
"V","Cold stable",-4.2,0.00615132120500919
"V","Cold stable",-4.1,0.00393546407577949
"V","Cold stable",-4,0.00176558351261586
"V","Cold stable",-3.9,0
"V","Cold stable",-3.8,0
"V","Cold stable",-3.7,0
"V","Cold stable",-3.6,0
"V","Cold stable",-3.5,0
"V","Cold stable",-3.4,0
"V","Cold stable",-3.3,0
"V","Cold stable",-3.2,0
"V","Cold stable",-3.1,0
"V","Cold stable",-3,0
"V","Cold stable",-2.9,0
"V","Cold stable",-2.8,0
"V","Cold stable",-2.7,0
"V","Cold stable",-2.6,0
"V","Cold stable",-2.5,0
"V","Cold stable",-2.4,0
"V","Cold stable",-2.3,0
"V","Cold stable",-2.2,0
"V","Cold stable",-2.1,0
"V","Cold stable",-2,0
"V","Cold stable",-1.9,0
"V","Cold stable",-1.8,0
"V","Cold stable",-1.7,0
"V","Cold stable",-1.6,0
"V","Cold stable",-1.5,0
"V","Cold stable",-1.4,0
"V","Cold stable",-1.3,0
"V","Cold stable",-1.2,0
"V","Cold stable",-1.1,0
"V","Cold stable",-1,0
"V","Cold stable",-0.899999999999999,0
"V","Cold stable",-0.8,0
"V","Cold stable",-0.7,0
"V","Cold stable",-0.6,0
"V","Cold stable",-0.5,0
"V","Cold stable",-0.399999999999999,0
"V","Cold stable",-0.3,0
"V","Cold stable",-0.199999999999999,0
"V","Cold stable",-0.0999999999999996,0
"V","Cold stable",0,0
"V","Cold stable",0.100000000000001,0
"V","Cold stable",0.2,0
"V","Cold stable",0.300000000000001,0
"V","Cold stable",0.4,0
"V","Cold stable",0.5,0
"V","Cold stable",0.600000000000001,0
"V","Cold stable",0.7,0
"V","Cold stable",0.800000000000001,0
"V","Cold stable",0.9,0
"V","Cold stable",1,0
"V","Cold stable",1.1,0
"V","Cold stable",1.2,0
"V","Cold stable",1.3,0
"V","Cold stable",1.4,0
"V","Cold stable",1.5,0
"V","Cold stable",1.6,0
"V","Cold stable",1.7,0
"V","Cold stable",1.8,0
"V","Cold stable",1.9,0
"V","Cold stable",2,0
"V","Cold stable",2.1,0
"V","Cold stable",2.2,0
"V","Cold stable",2.3,0
"V","Cold stable",2.4,0
"V","Cold stable",2.5,0
"V","Cold stable",2.6,0
"V","Cold stable",2.7,0
"V","Cold stable",2.8,0
"V","Cold stable",2.9,0
"V","Cold stable",3,0
"V","Cold stable",3.1,0
"V","Cold stable",3.2,0
"V","Cold stable",3.3,0
"V","Cold stable",3.4,0
"V","Cold stable",3.5,0
"V","Cold stable",3.6,0
"V","Cold stable",3.7,0
"V","Cold stable",3.8,0
"V","Cold stable",3.9,0
"V","Cold stable",4,0
"V","Cold stable",4.1,0
"V","Cold stable",4.2,0
"V","Cold stable",4.3,0
"V","Cold stable",4.4,0
"V","Cold stable",4.5,0
"V","Cold stable",4.6,0
"V","Cold stable",4.7,0
"V","Cold stable",4.8,0
"V","Cold stable",4.9,0
"V","Cold stable",5,0
"V","Cold stable",5.1,0
"V","Cold stable",5.2,0
"V","Cold stable",5.3,0
"V","Cold stable",5.4,0
"V","Cold stable",5.5,0.000964808737527932
"V","Cold stable",5.6,0.0031123493934819
"V","Cold stable",5.7,0.00531536786601711
"V","Cold stable",5.8,0.00757481242032867
"V","Cold stable",5.9,0.00989163132161172
"V","Cold stable",6,0.0122667728350614
"V","Cold stable",6.1,0.0147011852258727
"V","Cold stable",6.2,0.0171958167592409
"V","Cold stable",6.3,0.0197516157003609
"V","Cold stable",6.4,0.022369530314428
"V","Cold stable",6.5,0.0250505088666372
"V","Cold stable",6.6,0.0277954996221836
"V","Cold stable",6.7,0.0306054508462624
"V","Cold stable",6.8,0.0334813108040686
"V","Cold stable",6.9,0.0364240277607974
"V","Cold stable",7,0.0394345499816438
"V","Cold stable",7.1,0.042513825731803
"V","Cold stable",7.2,0.0456628032764701
"V","Cold stable",7.3,0.0488824308808401
"V","Cold stable",7.4,0.0521736568101083
"V","Cold stable",7.5,0.0555374293294696
"V","Cold stable",7.6,0.0591420755943683
"V","Cold stable",7.7,0.0631438172642972
"V","Cold stable",7.8,0.0675254443605249
"V","Cold stable",7.9,0.0722697469043197
"V","Cold stable",8,0.0773595149169503
"V","Cold stable",8.1,0.082777538419685
"V","Cold stable",8.2,0.0885066074337923
"V","Cold stable",8.3,0.0945295119805405
"V","Cold stable",8.4,0.100829042081198
"V","Cold stable",8.5,0.107387987757034
"V","Cold stable",8.6,0.114189139029316
"V","Cold stable",8.7,0.121215285919313
"V","Cold stable",8.8,0.128449218448294
"V","Cold stable",8.9,0.135873726637526
"V","Cold stable",9,0.143471600508278
"V","Cold stable",9.1,0.15122563008182
"V","Cold stable",9.2,0.159118605379418
"V","Cold stable",9.3,0.167133316422342
"V","Cold stable",9.4,0.17525255323186
"V","Cold stable",9.5,0.183459105829241
"V","Cold stable",9.6,0.191735764235752
"V","Cold stable",9.7,0.200065318472663
"V","Cold stable",9.8,0.208430558561242
"V","Cold stable",9.9,0.216814274522758
"V","Cold stable",10,0.225199256378478
"V","Cold stable",10.1,0.233568294149672
"V","Cold stable",10.2,0.241904177857607
"V","Cold stable",10.3,0.250189697523552
"V","Cold stable",10.4,0.258407643168777
"V","Cold stable",10.5,0.266540804814548
"V","Cold stable",10.6,0.274571972482135
"V","Cold stable",10.7,0.282483936192806
"V","Cold stable",10.8,0.290259485967829
"V","Cold stable",10.9,0.297881411828474
"V","Cold stable",11,0.305332503796008
"V","Cold stable",11.1,0.3125955518917
"V","Cold stable",11.2,0.319653346136818
"V","Cold stable",11.3,0.326488676552631
"V","Cold stable",11.4,0.333084333160407
"V","Cold stable",11.5,0.339423105981415
"V","Cold stable",11.6,0.345487785036923
"V","Cold stable",11.7,0.3512611603482
"V","Cold stable",11.8,0.356726021936514
"V","Cold stable",11.9,0.361865159823133
"V","Cold stable",12,0.366661364029327
"V","Cold stable",12.1,0.371097424576363
"V","Cold stable",12.2,0.37515613148551
"V","Cold stable",12.3,0.378820274778036
"V","Cold stable",12.4,0.38207264447521
"V","Cold stable",12.5,0.384896030598301
"V","Cold stable",12.6,0.387511029674871
"V","Cold stable",12.7,0.390146960807573
"V","Cold stable",12.8,0.392799697880305
"V","Cold stable",12.9,0.395465114776965
"V","Cold stable",13,0.398139085381454
"V","Cold stable",13.1,0.400817483577669
"V","Cold stable",13.2,0.403496183249511
"V","Cold stable",13.3,0.406171058280877
"V","Cold stable",13.4,0.408837982555666
"V","Cold stable",13.5,0.411492829957779
"V","Cold stable",13.6,0.414131474371113
"V","Cold stable",13.7,0.416749789679567
"V","Cold stable",13.8,0.419343649767041
"V","Cold stable",13.9,0.421908928517434
"V","Cold stable",14,0.424441499814644
"V","Cold stable",14.1,0.42693723754257
"V","Cold stable",14.2,0.429392015585112
"V","Cold stable",14.3,0.431801707826167
"V","Cold stable",14.4,0.434162188149636
"V","Cold stable",14.5,0.436469330439418
"V","Cold stable",14.6,0.43871900857941
"V","Cold stable",14.7,0.440907096453512
"V","Cold stable",14.8,0.443029467945624
"V","Cold stable",14.9,0.445081996939643
"V","Cold stable",15,0.447060557319469
"V","Cold stable",15.1,0.448961022969001
"V","Cold stable",15.2,0.450779267772138
"V","Cold stable",15.3,0.452511165612779
"V","Cold stable",15.4,0.454152590374822
"V","Cold stable",15.5,0.455699415942167
"V","Cold stable",15.6,0.457147516198713
"V","Cold stable",15.7,0.458492765028358
"V","Cold stable",15.8,0.459731036315001
"V","Cold stable",15.9,0.460858203942543
"V","Cold stable",16,0.46187014179488
"V","Cold stable",16.1,0.462762723755913
"V","Cold stable",16.2,0.46353182370954
"V","Cold stable",16.3,0.464173315539661
"V","Cold stable",16.4,0.464683073130173
"V","Cold stable",16.5,0.465056970364977
"V","Cold stable",16.6,0.465290881127971
"V","Cold stable",16.7,0.465380679303054
"V","Cold stable",16.8,0.465322238774125
"V","Cold stable",16.9,0.465111433425083
"V","Cold stable",17,0.464744137139827
"V","Cold stable",17.1,0.464216223802255
"V","Cold stable",17.2,0.463523567296268
"V","Cold stable",17.3,0.462662041505763
"V","Cold stable",17.4,0.46162752031464
"V","Cold stable",17.5,0.460415877606798
"V","Cold stable",17.6,0.458905317793447
"V","Cold stable",17.7,0.456986839619824
"V","Cold stable",17.8,0.454675508470871
"V","Cold stable",17.9,0.451986389731525
"V","Cold stable",18,0.448934548786729
"V","Cold stable",18.1,0.44553505102142
"V","Cold stable",18.2,0.441802961820539
"V","Cold stable",18.3,0.437753346569026
"V","Cold stable",18.4,0.433401270651821
"V","Cold stable",18.5,0.428761799453863
"V","Cold stable",18.6,0.423849998360092
"V","Cold stable",18.7,0.418680932755448
"V","Cold stable",18.8,0.413269668024871
"V","Cold stable",18.9,0.4076312695533
"V","Cold stable",19,0.401780802725676
"V","Cold stable",19.1,0.395733332926938
"V","Cold stable",19.2,0.389503925542026
"V","Cold stable",19.3,0.38310764595588
"V","Cold stable",19.4,0.376559559553439
"V","Cold stable",19.5,0.369874731719645
"V","Cold stable",19.6,0.363068227839435
"V","Cold stable",19.7,0.35615511329775
"V","Cold stable",19.8,0.34915045347953
"V","Cold stable",19.9,0.342069313769715
"V","Cold stable",20,0.334926759553245
"V","Cold stable",20.1,0.327737856215059
"V","Cold stable",20.2,0.320517669140096
"V","Cold stable",20.3,0.313281263713298
"V","Cold stable",20.4,0.306043705319604
"V","Cold stable",20.5,0.298820059343953
"V","Cold stable",20.6,0.291625391171285
"V","Cold stable",20.7,0.284474766186541
"V","Cold stable",20.8,0.277383249774659
"V","Cold stable",20.9,0.270365907320581
"V","Cold stable",21,0.263437804209245
"V","Cold stable",21.1,0.256614005825591
"V","Cold stable",21.2,0.249909577554559
"V","Cold stable",21.3,0.24333958478109
"V","Cold stable",21.4,0.236919092890122
"V","Cold stable",21.5,0.230663167266597
"V","Cold stable",21.6,0.224586873295452
"V","Cold stable",21.7,0.218705276361629
"V","Cold stable",21.8,0.213033441850067
"V","Cold stable",21.9,0.207586435145705
"V","Cold stable",22,0.202379321633485
"V","Cold stable",22.1,0.197427166698345
"V","Cold stable",22.2,0.192745035725225
"V","Cold stable",22.3,0.188347994099065
"V","Cold stable",22.4,0.184251107204805
"V","Cold stable",22.5,0.180469440427385
"V","Cold stable",22.6,0.176758815623432
"V","Cold stable",22.7,0.172870819853356
"V","Cold stable",22.8,0.168814166307768
"V","Cold stable",22.9,0.164597568177283
"V","Cold stable",23,0.160229738652511
"V","Cold stable",23.1,0.155719390924066
"V","Cold stable",23.2,0.151075238182561
"V","Cold stable",23.3,0.146305993618608
"V","Cold stable",23.4,0.141420370422819
"V","Cold stable",23.5,0.136427081785807
"V","Cold stable",23.6,0.131334840898185
"V","Cold stable",23.7,0.126152360950565
"V","Cold stable",23.8,0.12088835513356
"V","Cold stable",23.9,0.115551536637783
"V","Cold stable",24,0.110150618653846
"V","Cold stable",24.1,0.104694314372361
"V","Cold stable",24.2,0.0991913369839412
"V","Cold stable",24.3,0.0936503996791995
"V","Cold stable",24.4,0.088080215648748
"V","Cold stable",24.5,0.0824894980831997
"V","Cold stable",24.6,0.0768869601731668
"V","Cold stable",24.7,0.0712813151092619
"V","Cold stable",24.8,0.065681276082098
"V","Cold stable",24.9,0.0600955562822872
"V","Cold stable",25,0.0545328689004424
"V","Cold stable",25.1,0.0490019271271758
"V","Cold stable",25.2,0.0435114441531003
"V","Cold stable",25.3,0.0380701331688287
"V","Cold stable",25.4,0.032686707364973
"V","Cold stable",25.5,0.0273698799321463
"V","Cold stable",25.6,0.0221283640609608
"V","Cold stable",25.7,0.0169708729420293
"V","Cold stable",25.8,0.0119061197659644
"V","Cold stable",25.9,0.0069428177233785
"V","Cold stable",26,0.00208968000488448
"V","Cold stable",26.1,0
"V","Cold stable",26.2,0
"V","Cold stable",26.3,0
"V","Cold stable",26.4,0
"V","Cold stable",26.5,0
"V","Cold stable",26.6,0
"V","Cold stable",26.7,0
"V","Cold stable",26.8,0
"V","Cold stable",26.9,0
"V","Cold stable",27,0
"V","Cold stable",27.1,0
"V","Cold stable",27.2,0
"V","Cold stable",27.3,0
"V","Cold stable",27.4,0
"V","Cold stable",27.5,0
"V","Cold stable",27.6,0
"V","Cold stable",27.7,0
"V","Cold stable",27.8,0
"V","Cold stable",27.9,0
"V","Cold stable",28,0
"V","Cold stable",28.1,0
"V","Cold stable",28.2,0
"V","Cold stable",28.3,0
"V","Cold stable",28.4,0
"V","Cold stable",28.5,0
"V","Cold stable",28.6,0
"V","Cold stable",28.7,0
"V","Cold stable",28.8,0
"V","Cold stable",28.9,0
"V","Cold stable",29,0
"V","Cold stable",29.1,0
"V","Cold stable",29.2,0
"V","Cold stable",29.3,0
"V","Cold stable",29.4,0
"V","Cold stable",29.5,0
"V","Cold stable",29.6,0
"V","Cold stable",29.7,0
"V","Cold stable",29.8,0
"V","Cold stable",29.9,0
"V","Cold stable",30,0
"V","Cold stable",30.1,0
"V","Cold stable",30.2,0
"V","Cold stable",30.3,0
"V","Cold stable",30.4,0
"V","Cold stable",30.5,0
"V","Cold stable",30.6,0
"V","Cold stable",30.7,0
"V","Cold stable",30.8,0
"V","Cold stable",30.9,0
"V","Cold stable",31,0
"V","Cold stable",31.1,0
"V","Cold stable",31.2,0
"V","Cold stable",31.3,0
"V","Cold stable",31.4,0
"V","Cold stable",31.5,0
"V","Cold stable",31.6,0
"V","Cold stable",31.7,0
"V","Cold stable",31.8,0
"V","Cold stable",31.9,0
"V","Cold stable",32,0
"V","Cold stable",32.1,0
"V","Cold stable",32.2,0
"V","Cold stable",32.3,0
"V","Cold stable",32.4,0
"V","Cold stable",32.5,0
"V","Cold stable",32.6,0
"V","Cold stable",32.7,0
"V","Cold stable",32.8,0
"V","Cold stable",32.9,0
"V","Cold stable",33,0
"V","Cold stable",33.1,0
"V","Cold stable",33.2,0
"V","Cold stable",33.3,0
"V","Cold stable",33.4,0
"V","Cold stable",33.5,0
"V","Cold stable",33.6,0
"V","Cold stable",33.7,0
"V","Cold stable",33.8,0
"V","Cold stable",33.9,0
"V","Cold stable",34,0
"V","Cold stable",34.1,0
"V","Cold stable",34.2,0
"V","Cold stable",34.3,0
"V","Cold stable",34.4,0
"V","Cold stable",34.5,0
"V","Cold stable",34.6,0
"V","Cold stable",34.7,0
"V","Cold stable",34.8,0
"V","Cold stable",34.9,0
"V","Cold stable",35,0
"V","Cold stable",35.1,0
"V","Cold stable",35.2,0
"V","Cold stable",35.3,0
"V","Cold stable",35.4,0
"V","Cold stable",35.5,0
"V","Cold stable",35.6,0
"V","Cold stable",35.7,0
"V","Cold stable",35.8,0
"V","Cold stable",35.9,0
"V","Cold stable",36,0
"V","Cold stable",36.1,0
"V","Cold stable",36.2,0
"V","Cold stable",36.3,0
"V","Cold stable",36.4,0
"V","Cold stable",36.5,0
"V","Cold stable",36.6,0
"V","Cold stable",36.7,0
"V","Cold stable",36.8,0
"V","Cold stable",36.9,0
"V","Cold stable",37,0
"V","Cold stable",37.1,0
"V","Cold stable",37.2,0
"V","Cold stable",37.3,0
"V","Cold stable",37.4,0
"V","Cold stable",37.5,0
"V","Cold stable",37.6,0
"V","Cold stable",37.7,0
"V","Cold stable",37.8,0
"V","Cold stable",37.9,0
"V","Cold stable",38,0
"V","Cold stable",38.1,0
"V","Cold stable",38.2,0
"V","Cold stable",38.3,0
"V","Cold stable",38.4,0
"V","Cold stable",38.5,0
"V","Cold stable",38.6,0
"V","Cold stable",38.7,0
"V","Cold stable",38.8,0
"V","Cold stable",38.9,0
"V","Cold stable",39,0
"V","Cold stable",39.1,0
"V","Cold stable",39.2,0
"V","Cold stable",39.3,0
"V","Cold stable",39.4,0
"V","Cold stable",39.5,0
"V","Cold stable",39.6,0
"V","Cold stable",39.7,0
"V","Cold stable",39.8,0
"V","Cold stable",39.9,0
"V","Cold stable",40,0
"V","Cold stable",40.1,0
"V","Cold stable",40.2,0
"V","Cold stable",40.3,0
"V","Cold stable",40.4,0
"V","Cold stable",40.5,0
"V","Cold stable",40.6,0
"V","Cold stable",40.7,0
"V","Cold stable",40.8,0
"V","Cold stable",40.9,0
"V","Cold stable",41,0
"V","Cold stable",41.1,0
"V","Cold stable",41.2,0
"V","Cold stable",41.3,0
"V","Cold stable",41.4,0
"V","Cold stable",41.5,0
"V","Cold stable",41.6,0
"V","Cold stable",41.7,0
"V","Cold stable",41.8,0
"V","Cold stable",41.9,0
"V","Cold stable",42,0
"V","Cold stable",42.1,0
"V","Cold stable",42.2,0
"V","Cold stable",42.3,0
"V","Cold stable",42.4,0
"V","Cold stable",42.5,0
"V","Cold stable",42.6,0
"V","Cold stable",42.7,0
"V","Cold stable",42.8,0
"V","Cold stable",42.9,0
"V","Cold stable",43,0
"V","Cold stable",43.1,0
"V","Cold stable",43.2,0
"V","Cold stable",43.3,0
"V","Cold stable",43.4,0
"V","Cold stable",43.5,0
"V","Cold stable",43.6,0
"V","Cold stable",43.7,0
"V","Cold stable",43.8,0
"V","Cold stable",43.9,0
"V","Cold stable",44,0
"V","Cold stable",44.1,0
"V","Cold stable",44.2,0
"V","Cold stable",44.3,0
"V","Cold stable",44.4,0
"V","Cold stable",44.5,0
"V","Cold stable",44.6,0
"V","Cold stable",44.7,0
"V","Cold stable",44.8,0
"V","Cold stable",44.9,0
"V","Cold stable",45,0
"V","Cold stable",45.1,0
"V","Cold stable",45.2,0
"V","Cold stable",45.3,0
"V","Cold stable",45.4,0
"V","Cold stable",45.5,0
"V","Cold stable",45.6,0
"V","Cold stable",45.7,0
"V","Cold stable",45.8,0
"V","Cold stable",45.9,0
"V","Cold stable",46,0
"V","Cold stable",46.1,0
"V","Cold stable",46.2,0
"V","Cold stable",46.3,0
"V","Cold stable",46.4,0
"V","Cold stable",46.5,0
"V","Cold stable",46.6,0
"V","Cold stable",46.7,0
"V","Cold stable",46.8,0
"V","Cold stable",46.9,0
"V","Cold stable",47,0
"V","Cold stable",47.1,0
"V","Cold stable",47.2,0
"V","Cold stable",47.3,0
"V","Cold stable",47.4,0
"V","Cold stable",47.5,0
"V","Cold stable",47.6,0
"V","Cold stable",47.7,0
"V","Cold stable",47.8,0
"V","Cold stable",47.9,0
"V","Cold stable",48,0
"V","Cold stable",48.1,0
"V","Cold stable",48.2,0
"V","Cold stable",48.3,0
"V","Cold stable",48.4,0
"V","Cold stable",48.5,0
"V","Cold stable",48.6,0
"V","Cold stable",48.7,0
"V","Cold stable",48.8,0
"V","Cold stable",48.9,0
"V","Cold stable",49,0
"V","Cold stable",49.1,0
"V","Cold stable",49.2,0
"V","Cold stable",49.3,0
"V","Cold stable",49.4,0
"V","Cold stable",49.5,0
"V","Cold stable",49.6,0
"V","Cold stable",49.7,0
"V","Cold stable",49.8,0
"V","Cold stable",49.9,0
"V","Cold stable",50,0
"V","Cold stable",50.1,0
"V","Cold stable",50.2,0
"V","Cold stable",50.3,0
"V","Cold stable",50.4,0
"V","Cold stable",50.5,0
"V","Cold stable",50.6,0
"V","Cold stable",50.7,0
"V","Cold stable",50.8,0
"V","Cold stable",50.9,0
"V","Cold stable",51,0
"V","Cold stable",51.1,0
"V","Cold stable",51.2,0
"V","Cold stable",51.3,0
"V","Cold stable",51.4,0
"V","Cold stable",51.5,0
"V","Cold stable",51.6,0
"V","Cold stable",51.7,0
"V","Cold stable",51.8,0
"V","Cold stable",51.9,0
"V","Cold stable",52,0
"V","Cold stable",52.1,0
"V","Cold stable",52.2,0
"V","Cold stable",52.3,0
"V","Cold stable",52.4,0
"V","Cold stable",52.5,0
"V","Cold stable",52.6,0
"V","Cold stable",52.7,0
"V","Cold stable",52.8,0
"V","Cold stable",52.9,0
"V","Cold stable",53,0
"V","Cold stable",53.1,0
"V","Cold stable",53.2,0
"V","Cold stable",53.3,0
"V","Cold stable",53.4,0
"V","Cold stable",53.5,0
"V","Cold stable",53.6,0
"V","Cold stable",53.7,0
"V","Cold stable",53.8,0
"V","Cold stable",53.9,0
"V","Cold stable",54,0
"V","Cold stable",54.1,0
"V","Cold stable",54.2,0
"V","Cold stable",54.3,0
"V","Cold stable",54.4,0
"V","Cold stable",54.5,0
"V","Cold stable",54.6,0
"V","Cold stable",54.7,0
"V","Cold stable",54.8,0
"V","Cold stable",54.9,0
"V","Cold stable",55,0
"V","Cold stable",55.1,0
"V","Cold stable",55.2,0
"V","Cold stable",55.3,0
"V","Cold stable",55.4,0
"V","Cold stable",55.5,0
"V","Cold stable",55.6,0
"V","Cold stable",55.7,0
"V","Cold stable",55.8,0
"V","Cold stable",55.9,0
"V","Cold stable",56,0
"V","Cold stable",56.1,0
"V","Cold stable",56.2,0
"V","Cold stable",56.3,0
"V","Cold stable",56.4,0
"V","Cold stable",56.5,0
"V","Cold stable",56.6,0
"V","Cold stable",56.7,0
"V","Cold stable",56.8,0
"V","Cold stable",56.9,0
"V","Cold stable",57,0
"V","Cold stable",57.1,0
"V","Cold stable",57.2,0
"V","Cold stable",57.3,0
"V","Cold stable",57.4,0
"V","Cold stable",57.5,0
"V","Cold stable",57.6,0
"V","Cold stable",57.7,0
"V","Cold stable",57.8,0
"V","Cold stable",57.9,0
"V","Cold stable",58,0
"V","Cold stable",58.1,0
"V","Cold stable",58.2,0
"V","Cold stable",58.3,0
"V","Cold stable",58.4,0
"V","Cold stable",58.5,0
"V","Cold stable",58.6,0
"V","Cold stable",58.7,0
"V","Cold stable",58.8,0
"V","Cold stable",58.9,0
"V","Cold stable",59,0
"V","Cold stable",59.1,0
"V","Cold stable",59.2,0
"V","Cold stable",59.3,0
"V","Cold stable",59.4,0
"V","Cold stable",59.5,0
"V","Cold stable",59.6,0
"V","Cold stable",59.7,0
"V","Cold stable",59.8,0
"V","Cold stable",59.9,0
"V","Cold stable",60,0
"V","Cold stable",60.1,0
"V","Cold stable",60.2,0
"V","Cold stable",60.3,0
"V","Cold stable",60.4,0
"V","Cold stable",60.5,0
"V","Cold stable",60.6,0
"V","Cold stable",60.7,0
"V","Cold stable",60.8,0
"V","Cold stable",60.9,0
"V","Cold stable",61,0
"V","Cold stable",61.1,0
"V","Cold stable",61.2,0
"V","Cold stable",61.3,0
"V","Cold stable",61.4,0
"V","Cold stable",61.5,0
"V","Cold stable",61.6,0
"V","Cold stable",61.7,0
"V","Cold stable",61.8,0
"V","Cold stable",61.9,0
"V","Cold stable",62,0
"V","Cold stable",62.1,0
"V","Cold stable",62.2,0
"V","Cold stable",62.3,0
"V","Cold stable",62.4,0
"V","Cold stable",62.5,0
"W","Cold variable",-5,0.0584648385126706
"W","Cold variable",-4.9,0.0628752897711661
"W","Cold variable",-4.8,0.0672425949139387
"W","Cold variable",-4.7,0.0715668052363921
"W","Cold variable",-4.6,0.0758479720339298
"W","Cold variable",-4.5,0.0800861466019555
"W","Cold variable",-4.4,0.0842813802358728
"W","Cold variable",-4.3,0.0884337242310853
"W","Cold variable",-4.2,0.0925432298829967
"W","Cold variable",-4.1,0.0966099484870105
"W","Cold variable",-4,0.10063393133853
"W","Cold variable",-3.9,0.10461522973296
"W","Cold variable",-3.8,0.108553894965703
"W","Cold variable",-3.7,0.112449978332162
"W","Cold variable",-3.6,0.116303531127742
"W","Cold variable",-3.5,0.120114604647847
"W","Cold variable",-3.4,0.123883250187879
"W","Cold variable",-3.3,0.127609519043242
"W","Cold variable",-3.2,0.131293462509341
"W","Cold variable",-3.1,0.134935131881578
"W","Cold variable",-3,0.138534578455357
"W","Cold variable",-2.9,0.142091853526082
"W","Cold variable",-2.8,0.145607008389156
"W","Cold variable",-2.7,0.149080094339984
"W","Cold variable",-2.6,0.152511162673968
"W","Cold variable",-2.5,0.155900264686513
"W","Cold variable",-2.4,0.159246581550259
"W","Cold variable",-2.3,0.162549323582033
"W","Cold variable",-2.2,0.165808585793514
"W","Cold variable",-2.1,0.169024463196381
"W","Cold variable",-2,0.172197050802312
"W","Cold variable",-1.9,0.175326443622988
"W","Cold variable",-1.8,0.178412736670087
"W","Cold variable",-1.7,0.181456024955288
"W","Cold variable",-1.6,0.184456403490271
"W","Cold variable",-1.5,0.187413967286715
"W","Cold variable",-1.4,0.190328811356298
"W","Cold variable",-1.3,0.1932010307107
"W","Cold variable",-1.2,0.1960307203616
"W","Cold variable",-1.1,0.198817975320677
"W","Cold variable",-1,0.201562890599611
"W","Cold variable",-0.899999999999999,0.20426556121008
"W","Cold variable",-0.8,0.206926082163763
"W","Cold variable",-0.7,0.209544548472341
"W","Cold variable",-0.6,0.212121055147491
"W","Cold variable",-0.5,0.214655697200893
"W","Cold variable",-0.399999999999999,0.217148569644226
"W","Cold variable",-0.3,0.219599767489169
"W","Cold variable",-0.199999999999999,0.222009385747402
"W","Cold variable",-0.0999999999999996,0.224377519430603
"W","Cold variable",0,0.226704263550452
"W","Cold variable",0.100000000000001,0.228989713118628
"W","Cold variable",0.2,0.231233963146809
"W","Cold variable",0.300000000000001,0.233437108646676
"W","Cold variable",0.4,0.235599244629907
"W","Cold variable",0.5,0.237720466108181
"W","Cold variable",0.600000000000001,0.239800868093177
"W","Cold variable",0.7,0.241840545596575
"W","Cold variable",0.800000000000001,0.243839593630054
"W","Cold variable",0.9,0.245798107205292
"W","Cold variable",1,0.24771618133397
"W","Cold variable",1.1,0.249593911027765
"W","Cold variable",1.2,0.251431391298358
"W","Cold variable",1.3,0.253228717157427
"W","Cold variable",1.4,0.254985983616652
"W","Cold variable",1.5,0.256703285687711
"W","Cold variable",1.6,0.258380718382284
"W","Cold variable",1.7,0.26001837671205
"W","Cold variable",1.8,0.261616355688688
"W","Cold variable",1.9,0.263174750323877
"W","Cold variable",2,0.264693655629296
"W","Cold variable",2.1,0.266173166616625
"W","Cold variable",2.2,0.267613378297542
"W","Cold variable",2.3,0.269014385683727
"W","Cold variable",2.4,0.270376283786859
"W","Cold variable",2.5,0.271699167618617
"W","Cold variable",2.6,0.272967676368376
"W","Cold variable",2.7,0.274167204878921
"W","Cold variable",2.8,0.275298981642049
"W","Cold variable",2.9,0.276364235149555
"W","Cold variable",3,0.277364193893236
"W","Cold variable",3.1,0.278300086364885
"W","Cold variable",3.2,0.2791731410563
"W","Cold variable",3.3,0.279984586459276
"W","Cold variable",3.4,0.280735651065608
"W","Cold variable",3.5,0.281427563367093
"W","Cold variable",3.6,0.282061551855525
"W","Cold variable",3.7,0.282638845022701
"W","Cold variable",3.8,0.283160671360417
"W","Cold variable",3.9,0.283628259360467
"W","Cold variable",4,0.284042837514648
"W","Cold variable",4.1,0.284405634314755
"W","Cold variable",4.2,0.284717878252583
"W","Cold variable",4.3,0.28498079781993
"W","Cold variable",4.4,0.285195621508589
"W","Cold variable",4.5,0.285363577810358
"W","Cold variable",4.6,0.285485895217031
"W","Cold variable",4.7,0.285563802220405
"W","Cold variable",4.8,0.285598527312274
"W","Cold variable",4.9,0.285591298984435
"W","Cold variable",5,0.285543345728683
"W","Cold variable",5.1,0.285455896036814
"W","Cold variable",5.2,0.285330178400624
"W","Cold variable",5.3,0.285167421311907
"W","Cold variable",5.4,0.284968853262461
"W","Cold variable",5.5,0.284735702744081
"W","Cold variable",5.6,0.284469198248561
"W","Cold variable",5.7,0.284170568267699
"W","Cold variable",5.8,0.283841041293289
"W","Cold variable",5.9,0.283481845817128
"W","Cold variable",6,0.28309421033101
"W","Cold variable",6.1,0.282679363326732
"W","Cold variable",6.2,0.28223853329609
"W","Cold variable",6.3,0.281772948730878
"W","Cold variable",6.4,0.281283838122893
"W","Cold variable",6.5,0.28077242996393
"W","Cold variable",6.6,0.280239952745785
"W","Cold variable",6.7,0.279687634960254
"W","Cold variable",6.8,0.279116705099132
"W","Cold variable",6.9,0.278528391654215
"W","Cold variable",7,0.277923923117299
"W","Cold variable",7.1,0.277304527980179
"W","Cold variable",7.2,0.276671434734651
"W","Cold variable",7.3,0.276025871872511
"W","Cold variable",7.4,0.275369067885553
"W","Cold variable",7.5,0.274702251265575
"W","Cold variable",7.6,0.273993563424751
"W","Cold variable",7.7,0.273211765030203
"W","Cold variable",7.8,0.272359013456148
"W","Cold variable",7.9,0.271437466076805
"W","Cold variable",8,0.27044928026639
"W","Cold variable",8.1,0.269396613399122
"W","Cold variable",8.2,0.268281622849218
"W","Cold variable",8.3,0.267106465990896
"W","Cold variable",8.4,0.265873300198373
"W","Cold variable",8.5,0.264584282845866
"W","Cold variable",8.6,0.263241571307594
"W","Cold variable",8.7,0.261847322957773
"W","Cold variable",8.8,0.260403695170622
"W","Cold variable",8.9,0.258912845320358
"W","Cold variable",9,0.257376930781198
"W","Cold variable",9.1,0.25579810892736
"W","Cold variable",9.2,0.254178537133062
"W","Cold variable",9.3,0.252520372772521
"W","Cold variable",9.4,0.250825773219955
"W","Cold variable",9.5,0.249096895849582
"W","Cold variable",9.6,0.247335898035618
"W","Cold variable",9.7,0.245544937152281
"W","Cold variable",9.8,0.24372617057379
"W","Cold variable",9.9,0.241881755674361
"W","Cold variable",10,0.240013849828212
"W","Cold variable",10.1,0.238124610409561
"W","Cold variable",10.2,0.236216194792626
"W","Cold variable",10.3,0.234290760351623
"W","Cold variable",10.4,0.23235046446077
"W","Cold variable",10.5,0.230397464494286
"W","Cold variable",10.6,0.228433917826387
"W","Cold variable",10.7,0.226461981831291
"W","Cold variable",10.8,0.224483813883215
"W","Cold variable",10.9,0.222501571356378
"W","Cold variable",11,0.220517411624997
"W","Cold variable",11.1,0.218533492063289
"W","Cold variable",11.2,0.216551970045472
"W","Cold variable",11.3,0.214575002945763
"W","Cold variable",11.4,0.21260474813838
"W","Cold variable",11.5,0.210643362997541
"W","Cold variable",11.6,0.208693004897463
"W","Cold variable",11.7,0.206755831212364
"W","Cold variable",11.8,0.204833999316461
"W","Cold variable",11.9,0.202929666583972
"W","Cold variable",12,0.201044990389114
"W","Cold variable",12.1,0.199182128106106
"W","Cold variable",12.2,0.197343237109164
"W","Cold variable",12.3,0.195530474772505
"W","Cold variable",12.4,0.193745998470349
"W","Cold variable",12.5,0.191991965576912
"W","Cold variable",12.6,0.190198131588296
"W","Cold variable",12.7,0.188295826828114
"W","Cold variable",12.8,0.186289570911847
"W","Cold variable",12.9,0.184183883454977
"W","Cold variable",13,0.181983284072987
"W","Cold variable",13.1,0.179692292381357
"W","Cold variable",13.2,0.177315427995571
"W","Cold variable",13.3,0.17485721053111
"W","Cold variable",13.4,0.172322159603455
"W","Cold variable",13.5,0.16971479482809
"W","Cold variable",13.6,0.167039635820495
"W","Cold variable",13.7,0.164301202196154
"W","Cold variable",13.8,0.161504013570547
"W","Cold variable",13.9,0.158652589559156
"W","Cold variable",14,0.155751449777465
"W","Cold variable",14.1,0.152805113840954
"W","Cold variable",14.2,0.149818101365105
"W","Cold variable",14.3,0.146794931965401
"W","Cold variable",14.4,0.143740125257323
"W","Cold variable",14.5,0.140658200856354
"W","Cold variable",14.6,0.137553678377975
"W","Cold variable",14.7,0.134431077437668
"W","Cold variable",14.8,0.131294917650915
"W","Cold variable",14.9,0.128149718633198
"W","Cold variable",15,0.125
"W","Cold variable",15.1,0.121850281366801
"W","Cold variable",15.2,0.118705082349085
"W","Cold variable",15.3,0.115568922562332
"W","Cold variable",15.4,0.112446321622025
"W","Cold variable",15.5,0.109341799143646
"W","Cold variable",15.6,0.106259874742677
"W","Cold variable",15.7,0.103205068034599
"W","Cold variable",15.8,0.100181898634895
"W","Cold variable",15.9,0.0971948861590464
"W","Cold variable",16,0.0942485502225354
"W","Cold variable",16.1,0.0913474104408436
"W","Cold variable",16.2,0.0884959864294533
"W","Cold variable",16.3,0.0856987978038464
"W","Cold variable",16.4,0.0829603641795046
"W","Cold variable",16.5,0.0802852051719101
"W","Cold variable",16.6,0.0776778403965447
"W","Cold variable",16.7,0.0751427894688904
"W","Cold variable",16.8,0.0726845720044291
"W","Cold variable",16.9,0.0703077076186428
"W","Cold variable",17,0.0680167159270134
"W","Cold variable",17.1,0.0658161165450229
"W","Cold variable",17.2,0.0637104290881531
"W","Cold variable",17.3,0.0617041731718861
"W","Cold variable",17.4,0.0598018684117038
"W","Cold variable",17.5,0.0580080344230881
"W","Cold variable",17.6,0.0562621288496939
"W","Cold variable",17.7,0.0545015462771255
"W","Cold variable",17.8,0.0527277117337891
"W","Cold variable",17.9,0.0509420502480907
"W","Cold variable",18,0.0491459868484367
"W","Cold variable",18.1,0.0473409465632331
"W","Cold variable",18.2,0.045528354420886
"W","Cold variable",18.3,0.0437096354498018
"W","Cold variable",18.4,0.0418862146783864
"W","Cold variable",18.5,0.0400595171350461
"W","Cold variable",18.6,0.0382309678481869
"W","Cold variable",18.7,0.0364019918462151
"W","Cold variable",18.8,0.0345740141575369
"W","Cold variable",18.9,0.0327484598105583
"W","Cold variable",19,0.0309267538336856
"W","Cold variable",19.1,0.0291103212553248
"W","Cold variable",19.2,0.0273005871038821
"W","Cold variable",19.3,0.0254989764077638
"W","Cold variable",19.4,0.0237069141953759
"W","Cold variable",19.5,0.0219258254951247
"W","Cold variable",19.6,0.0201571353354161
"W","Cold variable",19.7,0.0184022687446565
"W","Cold variable",19.8,0.016662650751252
"W","Cold variable",19.9,0.0149397063836086
"W","Cold variable",20,0.0132348606701327
"W","Cold variable",20.1,0.0115495386392303
"W","Cold variable",20.2,0.00988516531930757
"W","Cold variable",20.3,0.00824316573877075
"W","Cold variable",20.4,0.00662496492602588
"W","Cold variable",20.5,0.00503198790947921
"W","Cold variable",20.6,0.00346565971753679
"W","Cold variable",20.7,0.00192740537860485
"W","Cold variable",20.8,0.000418649921089585
"W","Cold variable",20.9,0
"W","Cold variable",21,0
"W","Cold variable",21.1,0
"W","Cold variable",21.2,0
"W","Cold variable",21.3,0
"W","Cold variable",21.4,0
"W","Cold variable",21.5,0
"W","Cold variable",21.6,0
"W","Cold variable",21.7,0
"W","Cold variable",21.8,0
"W","Cold variable",21.9,0
"W","Cold variable",22,0
"W","Cold variable",22.1,0
"W","Cold variable",22.2,0
"W","Cold variable",22.3,0
"W","Cold variable",22.4,0
"W","Cold variable",22.5,0
"W","Cold variable",22.6,0
"W","Cold variable",22.7,0
"W","Cold variable",22.8,0
"W","Cold variable",22.9,0
"W","Cold variable",23,0
"W","Cold variable",23.1,0
"W","Cold variable",23.2,0
"W","Cold variable",23.3,0
"W","Cold variable",23.4,0
"W","Cold variable",23.5,0
"W","Cold variable",23.6,0
"W","Cold variable",23.7,0
"W","Cold variable",23.8,0
"W","Cold variable",23.9,0
"W","Cold variable",24,0
"W","Cold variable",24.1,0
"W","Cold variable",24.2,0
"W","Cold variable",24.3,0
"W","Cold variable",24.4,0
"W","Cold variable",24.5,0
"W","Cold variable",24.6,0
"W","Cold variable",24.7,0
"W","Cold variable",24.8,0
"W","Cold variable",24.9,0
"W","Cold variable",25,0
"W","Cold variable",25.1,0
"W","Cold variable",25.2,0
"W","Cold variable",25.3,0
"W","Cold variable",25.4,0
"W","Cold variable",25.5,0
"W","Cold variable",25.6,0
"W","Cold variable",25.7,0
"W","Cold variable",25.8,0
"W","Cold variable",25.9,0
"W","Cold variable",26,0
"W","Cold variable",26.1,0
"W","Cold variable",26.2,0
"W","Cold variable",26.3,0
"W","Cold variable",26.4,0
"W","Cold variable",26.5,0
"W","Cold variable",26.6,0
"W","Cold variable",26.7,0
"W","Cold variable",26.8,0
"W","Cold variable",26.9,0
"W","Cold variable",27,0
"W","Cold variable",27.1,0
"W","Cold variable",27.2,0
"W","Cold variable",27.3,0
"W","Cold variable",27.4,0
"W","Cold variable",27.5,0
"W","Cold variable",27.6,0
"W","Cold variable",27.7,0
"W","Cold variable",27.8,0
"W","Cold variable",27.9,0
"W","Cold variable",28,0
"W","Cold variable",28.1,0
"W","Cold variable",28.2,0
"W","Cold variable",28.3,0
"W","Cold variable",28.4,0
"W","Cold variable",28.5,0
"W","Cold variable",28.6,0
"W","Cold variable",28.7,0
"W","Cold variable",28.8,0
"W","Cold variable",28.9,0
"W","Cold variable",29,0
"W","Cold variable",29.1,0
"W","Cold variable",29.2,0
"W","Cold variable",29.3,0
"W","Cold variable",29.4,0
"W","Cold variable",29.5,0
"W","Cold variable",29.6,0
"W","Cold variable",29.7,0
"W","Cold variable",29.8,0
"W","Cold variable",29.9,0
"W","Cold variable",30,0
"W","Cold variable",30.1,0
"W","Cold variable",30.2,0
"W","Cold variable",30.3,0
"W","Cold variable",30.4,0
"W","Cold variable",30.5,0
"W","Cold variable",30.6,0
"W","Cold variable",30.7,0
"W","Cold variable",30.8,0
"W","Cold variable",30.9,0
"W","Cold variable",31,0
"W","Cold variable",31.1,0
"W","Cold variable",31.2,0
"W","Cold variable",31.3,0
"W","Cold variable",31.4,0
"W","Cold variable",31.5,0
"W","Cold variable",31.6,0
"W","Cold variable",31.7,0
"W","Cold variable",31.8,0
"W","Cold variable",31.9,0
"W","Cold variable",32,0
"W","Cold variable",32.1,0
"W","Cold variable",32.2,0
"W","Cold variable",32.3,0
"W","Cold variable",32.4,0
"W","Cold variable",32.5,0
"W","Cold variable",32.6,0
"W","Cold variable",32.7,0
"W","Cold variable",32.8,0
"W","Cold variable",32.9,0
"W","Cold variable",33,0
"W","Cold variable",33.1,0
"W","Cold variable",33.2,0
"W","Cold variable",33.3,0
"W","Cold variable",33.4,0
"W","Cold variable",33.5,0
"W","Cold variable",33.6,0
"W","Cold variable",33.7,0
"W","Cold variable",33.8,0
"W","Cold variable",33.9,0
"W","Cold variable",34,0
"W","Cold variable",34.1,0
"W","Cold variable",34.2,0
"W","Cold variable",34.3,0
"W","Cold variable",34.4,0
"W","Cold variable",34.5,0
"W","Cold variable",34.6,0
"W","Cold variable",34.7,0
"W","Cold variable",34.8,0
"W","Cold variable",34.9,0
"W","Cold variable",35,0
"W","Cold variable",35.1,0
"W","Cold variable",35.2,0
"W","Cold variable",35.3,0
"W","Cold variable",35.4,0
"W","Cold variable",35.5,0
"W","Cold variable",35.6,0
"W","Cold variable",35.7,0
"W","Cold variable",35.8,0
"W","Cold variable",35.9,0
"W","Cold variable",36,0
"W","Cold variable",36.1,0
"W","Cold variable",36.2,0
"W","Cold variable",36.3,0
"W","Cold variable",36.4,0
"W","Cold variable",36.5,0
"W","Cold variable",36.6,0
"W","Cold variable",36.7,0
"W","Cold variable",36.8,0
"W","Cold variable",36.9,0
"W","Cold variable",37,0
"W","Cold variable",37.1,0
"W","Cold variable",37.2,0
"W","Cold variable",37.3,0
"W","Cold variable",37.4,0
"W","Cold variable",37.5,0
"W","Cold variable",37.6,0
"W","Cold variable",37.7,0
"W","Cold variable",37.8,0
"W","Cold variable",37.9,0
"W","Cold variable",38,0
"W","Cold variable",38.1,0
"W","Cold variable",38.2,0
"W","Cold variable",38.3,0
"W","Cold variable",38.4,0
"W","Cold variable",38.5,0
"W","Cold variable",38.6,0
"W","Cold variable",38.7,0
"W","Cold variable",38.8,0
"W","Cold variable",38.9,0
"W","Cold variable",39,0
"W","Cold variable",39.1,0
"W","Cold variable",39.2,0
"W","Cold variable",39.3,0
"W","Cold variable",39.4,0
"W","Cold variable",39.5,0
"W","Cold variable",39.6,0
"W","Cold variable",39.7,0
"W","Cold variable",39.8,0
"W","Cold variable",39.9,0
"W","Cold variable",40,0
"W","Cold variable",40.1,0
"W","Cold variable",40.2,0
"W","Cold variable",40.3,0
"W","Cold variable",40.4,0
"W","Cold variable",40.5,0
"W","Cold variable",40.6,0
"W","Cold variable",40.7,0
"W","Cold variable",40.8,0
"W","Cold variable",40.9,0
"W","Cold variable",41,0
"W","Cold variable",41.1,0
"W","Cold variable",41.2,0
"W","Cold variable",41.3,0
"W","Cold variable",41.4,0
"W","Cold variable",41.5,0
"W","Cold variable",41.6,0
"W","Cold variable",41.7,0
"W","Cold variable",41.8,0
"W","Cold variable",41.9,0
"W","Cold variable",42,0
"W","Cold variable",42.1,0
"W","Cold variable",42.2,0
"W","Cold variable",42.3,0
"W","Cold variable",42.4,0
"W","Cold variable",42.5,0
"W","Cold variable",42.6,0
"W","Cold variable",42.7,0
"W","Cold variable",42.8,0
"W","Cold variable",42.9,0
"W","Cold variable",43,0
"W","Cold variable",43.1,0
"W","Cold variable",43.2,0
"W","Cold variable",43.3,0
"W","Cold variable",43.4,0
"W","Cold variable",43.5,0
"W","Cold variable",43.6,0
"W","Cold variable",43.7,0
"W","Cold variable",43.8,0
"W","Cold variable",43.9,0
"W","Cold variable",44,0
"W","Cold variable",44.1,0
"W","Cold variable",44.2,0
"W","Cold variable",44.3,0
"W","Cold variable",44.4,0
"W","Cold variable",44.5,0
"W","Cold variable",44.6,0
"W","Cold variable",44.7,0
"W","Cold variable",44.8,0
"W","Cold variable",44.9,0
"W","Cold variable",45,0
"W","Cold variable",45.1,0
"W","Cold variable",45.2,0
"W","Cold variable",45.3,0
"W","Cold variable",45.4,0
"W","Cold variable",45.5,0
"W","Cold variable",45.6,0
"W","Cold variable",45.7,0
"W","Cold variable",45.8,0
"W","Cold variable",45.9,0
"W","Cold variable",46,0
"W","Cold variable",46.1,0
"W","Cold variable",46.2,0
"W","Cold variable",46.3,0
"W","Cold variable",46.4,0
"W","Cold variable",46.5,0
"W","Cold variable",46.6,0
"W","Cold variable",46.7,0
"W","Cold variable",46.8,0
"W","Cold variable",46.9,0
"W","Cold variable",47,0
"W","Cold variable",47.1,0
"W","Cold variable",47.2,0
"W","Cold variable",47.3,0
"W","Cold variable",47.4,0
"W","Cold variable",47.5,0
"W","Cold variable",47.6,0
"W","Cold variable",47.7,0
"W","Cold variable",47.8,0
"W","Cold variable",47.9,0
"W","Cold variable",48,0
"W","Cold variable",48.1,0
"W","Cold variable",48.2,0
"W","Cold variable",48.3,0
"W","Cold variable",48.4,0
"W","Cold variable",48.5,0
"W","Cold variable",48.6,0
"W","Cold variable",48.7,0
"W","Cold variable",48.8,0
"W","Cold variable",48.9,0
"W","Cold variable",49,0
"W","Cold variable",49.1,0
"W","Cold variable",49.2,0
"W","Cold variable",49.3,0
"W","Cold variable",49.4,0
"W","Cold variable",49.5,0
"W","Cold variable",49.6,0
"W","Cold variable",49.7,0
"W","Cold variable",49.8,0
"W","Cold variable",49.9,0
"W","Cold variable",50,0
"W","Cold variable",50.1,0
"W","Cold variable",50.2,0
"W","Cold variable",50.3,0
"W","Cold variable",50.4,0
"W","Cold variable",50.5,0
"W","Cold variable",50.6,0
"W","Cold variable",50.7,0
"W","Cold variable",50.8,0
"W","Cold variable",50.9,0
"W","Cold variable",51,0
"W","Cold variable",51.1,0
"W","Cold variable",51.2,0
"W","Cold variable",51.3,0
"W","Cold variable",51.4,0
"W","Cold variable",51.5,0
"W","Cold variable",51.6,0
"W","Cold variable",51.7,0
"W","Cold variable",51.8,0
"W","Cold variable",51.9,0
"W","Cold variable",52,0
"W","Cold variable",52.1,0
"W","Cold variable",52.2,0
"W","Cold variable",52.3,0
"W","Cold variable",52.4,0
"W","Cold variable",52.5,0
"W","Cold variable",52.6,0
"W","Cold variable",52.7,0
"W","Cold variable",52.8,0
"W","Cold variable",52.9,0
"W","Cold variable",53,0
"W","Cold variable",53.1,0
"W","Cold variable",53.2,0
"W","Cold variable",53.3,0
"W","Cold variable",53.4,0
"W","Cold variable",53.5,0
"W","Cold variable",53.6,0
"W","Cold variable",53.7,0
"W","Cold variable",53.8,0
"W","Cold variable",53.9,0
"W","Cold variable",54,0
"W","Cold variable",54.1,0
"W","Cold variable",54.2,0
"W","Cold variable",54.3,0
"W","Cold variable",54.4,0
"W","Cold variable",54.5,0
"W","Cold variable",54.6,0
"W","Cold variable",54.7,0
"W","Cold variable",54.8,0
"W","Cold variable",54.9,0
"W","Cold variable",55,0
"W","Cold variable",55.1,0
"W","Cold variable",55.2,0
"W","Cold variable",55.3,0
"W","Cold variable",55.4,0
"W","Cold variable",55.5,0
"W","Cold variable",55.6,0
"W","Cold variable",55.7,0
"W","Cold variable",55.8,0
"W","Cold variable",55.9,0
"W","Cold variable",56,0
"W","Cold variable",56.1,0
"W","Cold variable",56.2,0
"W","Cold variable",56.3,0
"W","Cold variable",56.4,0
"W","Cold variable",56.5,0
"W","Cold variable",56.6,0
"W","Cold variable",56.7,0
"W","Cold variable",56.8,0
"W","Cold variable",56.9,0
"W","Cold variable",57,0
"W","Cold variable",57.1,0
"W","Cold variable",57.2,0
"W","Cold variable",57.3,0
"W","Cold variable",57.4,0
"W","Cold variable",57.5,0
"W","Cold variable",57.6,0
"W","Cold variable",57.7,0
"W","Cold variable",57.8,0
"W","Cold variable",57.9,0
"W","Cold variable",58,0
"W","Cold variable",58.1,0
"W","Cold variable",58.2,0
"W","Cold variable",58.3,0
"W","Cold variable",58.4,0
"W","Cold variable",58.5,0
"W","Cold variable",58.6,0
"W","Cold variable",58.7,0
"W","Cold variable",58.8,0
"W","Cold variable",58.9,0
"W","Cold variable",59,0
"W","Cold variable",59.1,0
"W","Cold variable",59.2,0
"W","Cold variable",59.3,0
"W","Cold variable",59.4,0
"W","Cold variable",59.5,0
"W","Cold variable",59.6,0
"W","Cold variable",59.7,0
"W","Cold variable",59.8,0
"W","Cold variable",59.9,0
"W","Cold variable",60,0
"W","Cold variable",60.1,0
"W","Cold variable",60.2,0
"W","Cold variable",60.3,0
"W","Cold variable",60.4,0
"W","Cold variable",60.5,0
"W","Cold variable",60.6,0
"W","Cold variable",60.7,0
"W","Cold variable",60.8,0
"W","Cold variable",60.9,0
"W","Cold variable",61,0
"W","Cold variable",61.1,0
"W","Cold variable",61.2,0
"W","Cold variable",61.3,0
"W","Cold variable",61.4,0
"W","Cold variable",61.5,0
"W","Cold variable",61.6,0
"W","Cold variable",61.7,0
"W","Cold variable",61.8,0
"W","Cold variable",61.9,0
"W","Cold variable",62,0
"W","Cold variable",62.1,0
"W","Cold variable",62.2,0
"W","Cold variable",62.3,0
"W","Cold variable",62.4,0
"W","Cold variable",62.5,0
"Y","Cold stable",-5,0.0153308800107557
"Y","Cold stable",-4.9,0.0137774144439746
"Y","Cold stable",-4.8,0.0122522600995278
"Y","Cold stable",-4.7,0.0107553263170785
"Y","Cold stable",-4.6,0.00928652243628992
"Y","Cold stable",-4.5,0.00784575779682517
"Y","Cold stable",-4.4,0.00643294173834741
"Y","Cold stable",-4.3,0.0050479836005198
"Y","Cold stable",-4.2,0.00369079272300551
"Y","Cold stable",-4.1,0.00236127844546769
"Y","Cold stable",-4,0.0010593501075695
"Y","Cold stable",-3.9,0
"Y","Cold stable",-3.8,0
"Y","Cold stable",-3.7,0
"Y","Cold stable",-3.6,0
"Y","Cold stable",-3.5,0
"Y","Cold stable",-3.4,0
"Y","Cold stable",-3.3,0
"Y","Cold stable",-3.2,0
"Y","Cold stable",-3.1,0
"Y","Cold stable",-3,0
"Y","Cold stable",-2.9,0
"Y","Cold stable",-2.8,0
"Y","Cold stable",-2.7,0
"Y","Cold stable",-2.6,0
"Y","Cold stable",-2.5,0
"Y","Cold stable",-2.4,0
"Y","Cold stable",-2.3,0
"Y","Cold stable",-2.2,0
"Y","Cold stable",-2.1,0
"Y","Cold stable",-2,0
"Y","Cold stable",-1.9,0
"Y","Cold stable",-1.8,0
"Y","Cold stable",-1.7,0
"Y","Cold stable",-1.6,0
"Y","Cold stable",-1.5,0
"Y","Cold stable",-1.4,0
"Y","Cold stable",-1.3,0
"Y","Cold stable",-1.2,0
"Y","Cold stable",-1.1,0
"Y","Cold stable",-1,0
"Y","Cold stable",-0.899999999999999,0
"Y","Cold stable",-0.8,0
"Y","Cold stable",-0.7,0
"Y","Cold stable",-0.6,0
"Y","Cold stable",-0.5,0
"Y","Cold stable",-0.399999999999999,0
"Y","Cold stable",-0.3,0
"Y","Cold stable",-0.199999999999999,0
"Y","Cold stable",-0.0999999999999996,0
"Y","Cold stable",0,0
"Y","Cold stable",0.100000000000001,0
"Y","Cold stable",0.2,0
"Y","Cold stable",0.300000000000001,0
"Y","Cold stable",0.4,0
"Y","Cold stable",0.5,0
"Y","Cold stable",0.600000000000001,0
"Y","Cold stable",0.7,0
"Y","Cold stable",0.800000000000001,0
"Y","Cold stable",0.9,0
"Y","Cold stable",1,0
"Y","Cold stable",1.1,0
"Y","Cold stable",1.2,0
"Y","Cold stable",1.3,0
"Y","Cold stable",1.4,0
"Y","Cold stable",1.5,0
"Y","Cold stable",1.6,0
"Y","Cold stable",1.7,0
"Y","Cold stable",1.8,0
"Y","Cold stable",1.9,0
"Y","Cold stable",2,0
"Y","Cold stable",2.1,0
"Y","Cold stable",2.2,0
"Y","Cold stable",2.3,0
"Y","Cold stable",2.4,0
"Y","Cold stable",2.5,0
"Y","Cold stable",2.6,0
"Y","Cold stable",2.7,0
"Y","Cold stable",2.8,0
"Y","Cold stable",2.9,0
"Y","Cold stable",3,0
"Y","Cold stable",3.1,0
"Y","Cold stable",3.2,0
"Y","Cold stable",3.3,0
"Y","Cold stable",3.4,0
"Y","Cold stable",3.5,0
"Y","Cold stable",3.6,0
"Y","Cold stable",3.7,0
"Y","Cold stable",3.8,0
"Y","Cold stable",3.9,0
"Y","Cold stable",4,0
"Y","Cold stable",4.1,0
"Y","Cold stable",4.2,0
"Y","Cold stable",4.3,0
"Y","Cold stable",4.4,0
"Y","Cold stable",4.5,0
"Y","Cold stable",4.6,0
"Y","Cold stable",4.7,0
"Y","Cold stable",4.8,0
"Y","Cold stable",4.9,0
"Y","Cold stable",5,0
"Y","Cold stable",5.1,0
"Y","Cold stable",5.2,0
"Y","Cold stable",5.3,0
"Y","Cold stable",5.4,0
"Y","Cold stable",5.5,0.000578885242516773
"Y","Cold stable",5.6,0.00186740963608915
"Y","Cold stable",5.7,0.00318922071961028
"Y","Cold stable",5.8,0.00454488745219721
"Y","Cold stable",5.9,0.00593497879296705
"Y","Cold stable",6,0.00736006370103683
"Y","Cold stable",6.1,0.00882071113552366
"Y","Cold stable",6.2,0.0103174900555445
"Y","Cold stable",6.3,0.0118509694202166
"Y","Cold stable",6.4,0.0134217181886568
"Y","Cold stable",6.5,0.0150303053199823
"Y","Cold stable",6.6,0.0166772997733102
"Y","Cold stable",6.7,0.0183632705077575
"Y","Cold stable",6.8,0.0200887864824412
"Y","Cold stable",6.9,0.0218544166564784
"Y","Cold stable",7,0.0236607299889863
"Y","Cold stable",7.1,0.0255082954390818
"Y","Cold stable",7.2,0.027397681965882
"Y","Cold stable",7.3,0.0293294585285041
"Y","Cold stable",7.4,0.031304194086065
"Y","Cold stable",7.5,0.0333224575976818
"Y","Cold stable",7.6,0.0354247217836216
"Y","Cold stable",7.7,0.0376481265584711
"Y","Cold stable",7.8,0.0399882416728267
"Y","Cold stable",7.9,0.042440636877285
"Y","Cold stable",8,0.0450008819224424
"Y","Cold stable",8.1,0.0476645465588954
"Y","Cold stable",8.2,0.0504272005372404
"Y","Cold stable",8.3,0.053284413608074
"Y","Cold stable",8.4,0.0562317555219927
"Y","Cold stable",8.5,0.0592647960295928
"Y","Cold stable",8.6,0.0623791048814709
"Y","Cold stable",8.7,0.0655702518282235
"Y","Cold stable",8.8,0.068833806620447
"Y","Cold stable",8.9,0.072165339008738
"Y","Cold stable",9,0.0755604187436928
"Y","Cold stable",9.1,0.0790146155759081
"Y","Cold stable",9.2,0.0825234992559801
"Y","Cold stable",9.3,0.0860826395345055
"Y","Cold stable",9.4,0.0896876061620807
"Y","Cold stable",9.5,0.0933339688893021
"Y","Cold stable",9.6,0.0970172974667664
"Y","Cold stable",9.7,0.10073316164507
"Y","Cold stable",9.8,0.104477131174809
"Y","Cold stable",9.9,0.108244775806581
"Y","Cold stable",10,0.112031665290981
"Y","Cold stable",10.1,0.115833369378606
"Y","Cold stable",10.2,0.119645457820053
"Y","Cold stable",10.3,0.123463500365918
"Y","Cold stable",10.4,0.127283066766797
"Y","Cold stable",10.5,0.131099726773288
"Y","Cold stable",10.6,0.134909050135986
"Y","Cold stable",10.7,0.138706606605488
"Y","Cold stable",10.8,0.142487965932391
"Y","Cold stable",10.9,0.146248697867291
"Y","Cold stable",11,0.149984372160784
"Y","Cold stable",11.1,0.153690558563467
"Y","Cold stable",11.2,0.157362826825936
"Y","Cold stable",11.3,0.160996746698789
"Y","Cold stable",11.4,0.16458788793262
"Y","Cold stable",11.5,0.168131820278028
"Y","Cold stable",11.6,0.171624113485608
"Y","Cold stable",11.7,0.175060337305956
"Y","Cold stable",11.8,0.17843606148967
"Y","Cold stable",11.9,0.181746855787346
"Y","Cold stable",12,0.18498828994958
"Y","Cold stable",12.1,0.188155933726969
"Y","Cold stable",12.2,0.191245356870108
"Y","Cold stable",12.3,0.194252129129596
"Y","Cold stable",12.4,0.197171820256028
"Y","Cold stable",12.5,0.2
"Y","Cold stable",12.6,0.202892315222607
"Y","Cold stable",12.7,0.206000265315916
"Y","Cold stable",12.8,0.20931319882698
"Y","Cold stable",12.9,0.212820464302853
"Y","Cold stable",13,0.216511410290589
"Y","Cold stable",13.1,0.220375385337243
"Y","Cold stable",13.2,0.224401737989869
"Y","Cold stable",13.3,0.228579816795521
"Y","Cold stable",13.4,0.232898970301253
"Y","Cold stable",13.5,0.237348547054119
"Y","Cold stable",13.6,0.241917895601173
"Y","Cold stable",13.7,0.24659636448947
"Y","Cold stable",13.8,0.251373302266062
"Y","Cold stable",13.9,0.256238057478006
"Y","Cold stable",14,0.261179978672354
"Y","Cold stable",14.1,0.266188414396161
"Y","Cold stable",14.2,0.271252713196481
"Y","Cold stable",14.3,0.276362223620368
"Y","Cold stable",14.4,0.281506294214876
"Y","Cold stable",14.5,0.28667427352706
"Y","Cold stable",14.6,0.291855510103972
"Y","Cold stable",14.7,0.297039352492669
"Y","Cold stable",14.8,0.302215149240203
"Y","Cold stable",14.9,0.307372248893629
"Y","Cold stable",15,0.3125
"Y","Cold stable",15.1,0.317587751106372
"Y","Cold stable",15.2,0.322624850759798
"Y","Cold stable",15.3,0.327600647507332
"Y","Cold stable",15.4,0.332504489896028
"Y","Cold stable",15.5,0.337325726472941
"Y","Cold stable",15.6,0.342053705785124
"Y","Cold stable",15.7,0.346677776379632
"Y","Cold stable",15.8,0.351187286803519
"Y","Cold stable",15.9,0.355571585603839
"Y","Cold stable",16,0.359820021327646
"Y","Cold stable",16.1,0.363921942521994
"Y","Cold stable",16.2,0.367866697733938
"Y","Cold stable",16.3,0.371643635510531
"Y","Cold stable",16.4,0.375242104398827
"Y","Cold stable",16.5,0.378651452945881
"Y","Cold stable",16.6,0.381861029698747
"Y","Cold stable",16.7,0.384860183204479
"Y","Cold stable",16.8,0.387638262010131
"Y","Cold stable",16.9,0.390184614662757
"Y","Cold stable",17,0.392488589709411
"Y","Cold stable",17.1,0.394539535697148
"Y","Cold stable",17.2,0.396326801173021
"Y","Cold stable",17.3,0.397839734684084
"Y","Cold stable",17.4,0.399067684777393
"Y","Cold stable",17.5,0.4
"Y","Cold stable",17.6,0.400701006290109
"Y","Cold stable",17.7,0.401244855815648
"Y","Cold stable",17.8,0.401635636468259
"Y","Cold stable",17.9,0.401877436139586
"Y","Cold stable",18,0.40197434272127
"Y","Cold stable",18.1,0.401930444104954
"Y","Cold stable",18.2,0.401749828182282
"Y","Cold stable",18.3,0.401436582844896
"Y","Cold stable",18.4,0.400994795984437
"Y","Cold stable",18.5,0.40042855549255
"Y","Cold stable",18.6,0.399741949260876
"Y","Cold stable",18.7,0.398939065181058
"Y","Cold stable",18.8,0.39802399114474
"Y","Cold stable",18.9,0.397000815043562
"Y","Cold stable",19,0.395873624769169
"Y","Cold stable",19.1,0.394646508213202
"Y","Cold stable",19.2,0.393323553267304
"Y","Cold stable",19.3,0.391908847823119
"Y","Cold stable",19.4,0.390406479772288
"Y","Cold stable",19.5,0.388820537006454
"Y","Cold stable",19.6,0.38715510741726
"Y","Cold stable",19.7,0.385414278896348
"Y","Cold stable",19.8,0.383602139335362
"Y","Cold stable",19.9,0.381722776625943
"Y","Cold stable",20,0.379780278659735
"Y","Cold stable",20.1,0.377778733328379
"Y","Cold stable",20.2,0.375722228523519
"Y","Cold stable",20.3,0.373614852136797
"Y","Cold stable",20.4,0.371460692059856
"Y","Cold stable",20.5,0.369263836184338
"Y","Cold stable",20.6,0.367028372401887
"Y","Cold stable",20.7,0.364758388604144
"Y","Cold stable",20.8,0.362457972682752
"Y","Cold stable",20.9,0.360131212529355
"Y","Cold stable",21,0.357782196035593
"Y","Cold stable",21.1,0.355415011093111
"Y","Cold stable",21.2,0.353033745593551
"Y","Cold stable",21.3,0.350642487428556
"Y","Cold stable",21.4,0.348245324489767
"Y","Cold stable",21.5,0.345846344668828
"Y","Cold stable",21.6,0.343449635857382
"Y","Cold stable",21.7,0.34105928594707
"Y","Cold stable",21.8,0.338679382829536
"Y","Cold stable",21.9,0.336314014396422
"Y","Cold stable",22,0.333967268539371
"Y","Cold stable",22.1,0.331643233150025
"Y","Cold stable",22.2,0.329345996120027
"Y","Cold stable",22.3,0.32707964534102
"Y","Cold stable",22.4,0.324848268704647
"Y","Cold stable",22.5,0.322655954102549
"Y","Cold stable",22.6,0.320352893755823
"Y","Cold stable",22.7,0.317793340793595
"Y","Cold stable",22.8,0.314987474469554
"Y","Cold stable",22.9,0.311945474037388
"Y","Cold stable",23,0.308677518750787
"Y","Cold stable",23.1,0.305193787863438
"Y","Cold stable",23.2,0.301504460629032
"Y","Cold stable",23.3,0.297619716301257
"Y","Cold stable",23.4,0.293549734133801
"Y","Cold stable",23.5,0.289304693380355
"Y","Cold stable",23.6,0.284894773294605
"Y","Cold stable",23.7,0.280330153130241
"Y","Cold stable",23.8,0.275621012140952
"Y","Cold stable",23.9,0.270777529580427
"Y","Cold stable",24,0.265809884702354
"Y","Cold stable",24.1,0.260728256760422
"Y","Cold stable",24.2,0.255542825008321
"Y","Cold stable",24.3,0.250263768699739
"Y","Cold stable",24.4,0.244901267088364
"Y","Cold stable",24.5,0.239465499427887
"Y","Cold stable",24.6,0.233966644971994
"Y","Cold stable",24.7,0.228414882974375
"Y","Cold stable",24.8,0.22282039268872
"Y","Cold stable",24.9,0.217193353368716
"Y","Cold stable",25,0.211543944268053
"Y","Cold stable",25.1,0.205882344640419
"Y","Cold stable",25.2,0.200218733739504
"Y","Cold stable",25.3,0.194563290818996
"Y","Cold stable",25.4,0.188926195132583
"Y","Cold stable",25.5,0.183317625933955
"Y","Cold stable",25.6,0.177747762476801
"Y","Cold stable",25.7,0.172226784014808
"Y","Cold stable",25.8,0.166764869801667
"Y","Cold stable",25.9,0.161372199091066
"Y","Cold stable",26,0.156058951136694
"Y","Cold stable",26.1,0.150835305192239
"Y","Cold stable",26.2,0.14571144051139
"Y","Cold stable",26.3,0.140697536347836
"Y","Cold stable",26.4,0.135803771955267
"Y","Cold stable",26.5,0.13104032658737
"Y","Cold stable",26.6,0.126417379497835
"Y","Cold stable",26.7,0.12194510994035
"Y","Cold stable",26.8,0.117633697168604
"Y","Cold stable",26.9,0.113493320436286
"Y","Cold stable",27,0.109534158997085
"Y","Cold stable",27.1,0.10576639210469
"Y","Cold stable",27.2,0.102200199012789
"Y","Cold stable",27.3,0.0988457589750713
"Y","Cold stable",27.4,0.0957132512452258
"Y","Cold stable",27.5,0.092812855076941
"Y","Cold stable",27.6,0.0900194061595102
"Y","Cold stable",27.7,0.0872024740434007
"Y","Cold stable",27.8,0.0843643387740624
"Y","Cold stable",27.9,0.0815072803969452
"Y","Cold stable",28,0.0786335789574987
"Y","Cold stable",28.1,0.0757455145011729
"Y","Cold stable",28.2,0.0728453670734176
"Y","Cold stable",28.3,0.0699354167196827
"Y","Cold stable",28.4,0.0670179434854182
"Y","Cold stable",28.5,0.0640952274160737
"Y","Cold stable",28.6,0.061169548557099
"Y","Cold stable",28.7,0.0582431869539441
"Y","Cold stable",28.8,0.0553184226520589
"Y","Cold stable",28.9,0.0523975356968933
"Y","Cold stable",29,0.0494828061338969
"Y","Cold stable",29.1,0.0465765140085196
"Y","Cold stable",29.2,0.0436809393662114
"Y","Cold stable",29.3,0.040798362252422
"Y","Cold stable",29.4,0.0379310627126015
"Y","Cold stable",29.5,0.0350813207921994
"Y","Cold stable",29.6,0.0322514165366657
"Y","Cold stable",29.7,0.0294436299914503
"Y","Cold stable",29.8,0.026660241202003
"Y","Cold stable",29.9,0.0239035302137739
"Y","Cold stable",30,0.0211757770722123
"Y","Cold stable",30.1,0.0184792618227685
"Y","Cold stable",30.2,0.0158162645108921
"Y","Cold stable",30.3,0.0131890651820331
"Y","Cold stable",30.4,0.0105999438816415
"Y","Cold stable",30.5,0.00805118065516671
"Y","Cold stable",30.6,0.00554505554805884
"Y","Cold stable",30.7,0.00308384860576774
"Y","Cold stable",30.8,0.000669839873743238
"Y","Cold stable",30.9,0
"Y","Cold stable",31,0
"Y","Cold stable",31.1,0
"Y","Cold stable",31.2,0
"Y","Cold stable",31.3,0
"Y","Cold stable",31.4,0
"Y","Cold stable",31.5,0
"Y","Cold stable",31.6,0
"Y","Cold stable",31.7,0
"Y","Cold stable",31.8,0
"Y","Cold stable",31.9,0
"Y","Cold stable",32,0
"Y","Cold stable",32.1,0
"Y","Cold stable",32.2,0
"Y","Cold stable",32.3,0
"Y","Cold stable",32.4,0
"Y","Cold stable",32.5,0
"Y","Cold stable",32.6,0
"Y","Cold stable",32.7,0
"Y","Cold stable",32.8,0
"Y","Cold stable",32.9,0
"Y","Cold stable",33,0
"Y","Cold stable",33.1,0
"Y","Cold stable",33.2,0
"Y","Cold stable",33.3,0
"Y","Cold stable",33.4,0
"Y","Cold stable",33.5,0
"Y","Cold stable",33.6,0
"Y","Cold stable",33.7,0
"Y","Cold stable",33.8,0
"Y","Cold stable",33.9,0
"Y","Cold stable",34,0
"Y","Cold stable",34.1,0
"Y","Cold stable",34.2,0
"Y","Cold stable",34.3,0
"Y","Cold stable",34.4,0
"Y","Cold stable",34.5,0
"Y","Cold stable",34.6,0
"Y","Cold stable",34.7,0
"Y","Cold stable",34.8,0
"Y","Cold stable",34.9,0
"Y","Cold stable",35,0
"Y","Cold stable",35.1,0
"Y","Cold stable",35.2,0
"Y","Cold stable",35.3,0
"Y","Cold stable",35.4,0
"Y","Cold stable",35.5,0
"Y","Cold stable",35.6,0
"Y","Cold stable",35.7,0
"Y","Cold stable",35.8,0
"Y","Cold stable",35.9,0
"Y","Cold stable",36,0
"Y","Cold stable",36.1,0
"Y","Cold stable",36.2,0
"Y","Cold stable",36.3,0
"Y","Cold stable",36.4,0
"Y","Cold stable",36.5,0
"Y","Cold stable",36.6,0
"Y","Cold stable",36.7,0
"Y","Cold stable",36.8,0
"Y","Cold stable",36.9,0
"Y","Cold stable",37,0
"Y","Cold stable",37.1,0
"Y","Cold stable",37.2,0
"Y","Cold stable",37.3,0
"Y","Cold stable",37.4,0
"Y","Cold stable",37.5,0
"Y","Cold stable",37.6,0
"Y","Cold stable",37.7,0
"Y","Cold stable",37.8,0
"Y","Cold stable",37.9,0
"Y","Cold stable",38,0
"Y","Cold stable",38.1,0
"Y","Cold stable",38.2,0
"Y","Cold stable",38.3,0
"Y","Cold stable",38.4,0
"Y","Cold stable",38.5,0
"Y","Cold stable",38.6,0
"Y","Cold stable",38.7,0
"Y","Cold stable",38.8,0
"Y","Cold stable",38.9,0
"Y","Cold stable",39,0
"Y","Cold stable",39.1,0
"Y","Cold stable",39.2,0
"Y","Cold stable",39.3,0
"Y","Cold stable",39.4,0
"Y","Cold stable",39.5,0
"Y","Cold stable",39.6,0
"Y","Cold stable",39.7,0
"Y","Cold stable",39.8,0
"Y","Cold stable",39.9,0
"Y","Cold stable",40,0
"Y","Cold stable",40.1,0
"Y","Cold stable",40.2,0
"Y","Cold stable",40.3,0
"Y","Cold stable",40.4,0
"Y","Cold stable",40.5,0
"Y","Cold stable",40.6,0
"Y","Cold stable",40.7,0
"Y","Cold stable",40.8,0
"Y","Cold stable",40.9,0
"Y","Cold stable",41,0
"Y","Cold stable",41.1,0
"Y","Cold stable",41.2,0
"Y","Cold stable",41.3,0
"Y","Cold stable",41.4,0
"Y","Cold stable",41.5,0
"Y","Cold stable",41.6,0
"Y","Cold stable",41.7,0
"Y","Cold stable",41.8,0
"Y","Cold stable",41.9,0
"Y","Cold stable",42,0
"Y","Cold stable",42.1,0
"Y","Cold stable",42.2,0
"Y","Cold stable",42.3,0
"Y","Cold stable",42.4,0
"Y","Cold stable",42.5,0
"Y","Cold stable",42.6,0
"Y","Cold stable",42.7,0
"Y","Cold stable",42.8,0
"Y","Cold stable",42.9,0
"Y","Cold stable",43,0
"Y","Cold stable",43.1,0
"Y","Cold stable",43.2,0
"Y","Cold stable",43.3,0
"Y","Cold stable",43.4,0
"Y","Cold stable",43.5,0
"Y","Cold stable",43.6,0
"Y","Cold stable",43.7,0
"Y","Cold stable",43.8,0
"Y","Cold stable",43.9,0
"Y","Cold stable",44,0
"Y","Cold stable",44.1,0
"Y","Cold stable",44.2,0
"Y","Cold stable",44.3,0
"Y","Cold stable",44.4,0
"Y","Cold stable",44.5,0
"Y","Cold stable",44.6,0
"Y","Cold stable",44.7,0
"Y","Cold stable",44.8,0
"Y","Cold stable",44.9,0
"Y","Cold stable",45,0
"Y","Cold stable",45.1,0
"Y","Cold stable",45.2,0
"Y","Cold stable",45.3,0
"Y","Cold stable",45.4,0
"Y","Cold stable",45.5,0
"Y","Cold stable",45.6,0
"Y","Cold stable",45.7,0
"Y","Cold stable",45.8,0
"Y","Cold stable",45.9,0
"Y","Cold stable",46,0
"Y","Cold stable",46.1,0
"Y","Cold stable",46.2,0
"Y","Cold stable",46.3,0
"Y","Cold stable",46.4,0
"Y","Cold stable",46.5,0
"Y","Cold stable",46.6,0
"Y","Cold stable",46.7,0
"Y","Cold stable",46.8,0
"Y","Cold stable",46.9,0
"Y","Cold stable",47,0
"Y","Cold stable",47.1,0
"Y","Cold stable",47.2,0
"Y","Cold stable",47.3,0
"Y","Cold stable",47.4,0
"Y","Cold stable",47.5,0
"Y","Cold stable",47.6,0
"Y","Cold stable",47.7,0
"Y","Cold stable",47.8,0
"Y","Cold stable",47.9,0
"Y","Cold stable",48,0
"Y","Cold stable",48.1,0
"Y","Cold stable",48.2,0
"Y","Cold stable",48.3,0
"Y","Cold stable",48.4,0
"Y","Cold stable",48.5,0
"Y","Cold stable",48.6,0
"Y","Cold stable",48.7,0
"Y","Cold stable",48.8,0
"Y","Cold stable",48.9,0
"Y","Cold stable",49,0
"Y","Cold stable",49.1,0
"Y","Cold stable",49.2,0
"Y","Cold stable",49.3,0
"Y","Cold stable",49.4,0
"Y","Cold stable",49.5,0
"Y","Cold stable",49.6,0
"Y","Cold stable",49.7,0
"Y","Cold stable",49.8,0
"Y","Cold stable",49.9,0
"Y","Cold stable",50,0
"Y","Cold stable",50.1,0
"Y","Cold stable",50.2,0
"Y","Cold stable",50.3,0
"Y","Cold stable",50.4,0
"Y","Cold stable",50.5,0
"Y","Cold stable",50.6,0
"Y","Cold stable",50.7,0
"Y","Cold stable",50.8,0
"Y","Cold stable",50.9,0
"Y","Cold stable",51,0
"Y","Cold stable",51.1,0
"Y","Cold stable",51.2,0
"Y","Cold stable",51.3,0
"Y","Cold stable",51.4,0
"Y","Cold stable",51.5,0
"Y","Cold stable",51.6,0
"Y","Cold stable",51.7,0
"Y","Cold stable",51.8,0
"Y","Cold stable",51.9,0
"Y","Cold stable",52,0
"Y","Cold stable",52.1,0
"Y","Cold stable",52.2,0
"Y","Cold stable",52.3,0
"Y","Cold stable",52.4,0
"Y","Cold stable",52.5,0
"Y","Cold stable",52.6,0
"Y","Cold stable",52.7,0
"Y","Cold stable",52.8,0
"Y","Cold stable",52.9,0
"Y","Cold stable",53,0
"Y","Cold stable",53.1,0
"Y","Cold stable",53.2,0
"Y","Cold stable",53.3,0
"Y","Cold stable",53.4,0
"Y","Cold stable",53.5,0
"Y","Cold stable",53.6,0
"Y","Cold stable",53.7,0
"Y","Cold stable",53.8,0
"Y","Cold stable",53.9,0
"Y","Cold stable",54,0
"Y","Cold stable",54.1,0
"Y","Cold stable",54.2,0
"Y","Cold stable",54.3,0
"Y","Cold stable",54.4,0
"Y","Cold stable",54.5,0
"Y","Cold stable",54.6,0
"Y","Cold stable",54.7,0
"Y","Cold stable",54.8,0
"Y","Cold stable",54.9,0
"Y","Cold stable",55,0
"Y","Cold stable",55.1,0
"Y","Cold stable",55.2,0
"Y","Cold stable",55.3,0
"Y","Cold stable",55.4,0
"Y","Cold stable",55.5,0
"Y","Cold stable",55.6,0
"Y","Cold stable",55.7,0
"Y","Cold stable",55.8,0
"Y","Cold stable",55.9,0
"Y","Cold stable",56,0
"Y","Cold stable",56.1,0
"Y","Cold stable",56.2,0
"Y","Cold stable",56.3,0
"Y","Cold stable",56.4,0
"Y","Cold stable",56.5,0
"Y","Cold stable",56.6,0
"Y","Cold stable",56.7,0
"Y","Cold stable",56.8,0
"Y","Cold stable",56.9,0
"Y","Cold stable",57,0
"Y","Cold stable",57.1,0
"Y","Cold stable",57.2,0
"Y","Cold stable",57.3,0
"Y","Cold stable",57.4,0
"Y","Cold stable",57.5,0
"Y","Cold stable",57.6,0
"Y","Cold stable",57.7,0
"Y","Cold stable",57.8,0
"Y","Cold stable",57.9,0
"Y","Cold stable",58,0
"Y","Cold stable",58.1,0
"Y","Cold stable",58.2,0
"Y","Cold stable",58.3,0
"Y","Cold stable",58.4,0
"Y","Cold stable",58.5,0
"Y","Cold stable",58.6,0
"Y","Cold stable",58.7,0
"Y","Cold stable",58.8,0
"Y","Cold stable",58.9,0
"Y","Cold stable",59,0
"Y","Cold stable",59.1,0
"Y","Cold stable",59.2,0
"Y","Cold stable",59.3,0
"Y","Cold stable",59.4,0
"Y","Cold stable",59.5,0
"Y","Cold stable",59.6,0
"Y","Cold stable",59.7,0
"Y","Cold stable",59.8,0
"Y","Cold stable",59.9,0
"Y","Cold stable",60,0
"Y","Cold stable",60.1,0
"Y","Cold stable",60.2,0
"Y","Cold stable",60.3,0
"Y","Cold stable",60.4,0
"Y","Cold stable",60.5,0
"Y","Cold stable",60.6,0
"Y","Cold stable",60.7,0
"Y","Cold stable",60.8,0
"Y","Cold stable",60.9,0
"Y","Cold stable",61,0
"Y","Cold stable",61.1,0
"Y","Cold stable",61.2,0
"Y","Cold stable",61.3,0
"Y","Cold stable",61.4,0
"Y","Cold stable",61.5,0
"Y","Cold stable",61.6,0
"Y","Cold stable",61.7,0
"Y","Cold stable",61.8,0
"Y","Cold stable",61.9,0
"Y","Cold stable",62,0
"Y","Cold stable",62.1,0
"Y","Cold stable",62.2,0
"Y","Cold stable",62.3,0
"Y","Cold stable",62.4,0
"Y","Cold stable",62.5,0
